query_id	layer0	pre	mid	post	increment_attention	increment_mlp	branch_attention	branch_mlp	scale_attention	scale_mlp	remainder_attention	remainder_mlp
J01	0	0.0	-0.024249106645584106	0.027553945779800415	-0.024249106645584106	0.05180305242538452	-0.02049490565187373	0.02717621270974152	-0.003752407669259661	0.02462667156945142	-1.7933244507162271e-06	1.681461916369642e-07
J01	1	0.027553945779800415	-0.049121856689453125	-0.16933339834213257	-0.07667580246925354	-0.12021154165267944	-0.08506773884759822	-0.12824819087702802	0.00838955601162314	0.008036791216105984	2.380366721538296e-06	-1.4199175740921277e-07
J01	2	-0.16933339834213257	0.04902791976928711	-0.002579212188720703	0.21836131811141968	-0.05160713195800781	0.20975577937684386	-0.04863246816695033	0.008605829450227994	-0.002974068834477747	-2.907156521816251e-07	-5.949565797386258e-07
J01	3	-0.002579212188720703	-0.05174589157104492	-0.0868525505065918	-0.04916667938232422	-0.035106658935546875	-0.048634969051294163	-0.04259597678295468	-0.0005330487067280038	0.0074889299442784385	1.3383756979484795e-06	3.8790312936742843e-07
J01	4	-0.0868525505065918	0.2048964500427246	0.12298727035522461	0.2917490005493164	-0.0819091796875	0.2939483523768518	-0.04606872760392078	-0.0021997885633082137	-0.03583786760710306	4.367357728241039e-07	-2.5844764761639993e-06
J01	5	0.12298727035522461	0.2024683952331543	0.04480266571044922	0.07948112487792969	-0.15766572952270508	0.08611347343754883	-0.11890288208101807	-0.006634692731365965	-0.03876229427664607	2.34417174682644e-06	-5.531650409396072e-07
J01	6	0.04480266571044922	-0.0033082962036132812	0.13330793380737305	-0.0481109619140625	0.13661623001098633	-0.039701407834610514	0.13395933042061178	-0.00840767130093057	0.0026558043483952964	-1.8827785214156623e-06	1.0952419792487067e-06
J01	7	0.13330793380737305	0.0716099739074707	0.016814708709716797	-0.061697959899902344	-0.054795265197753906	-0.05540722174167656	-0.05548920074068553	-0.006291216842745431	0.000693093344703106	4.786845196474987e-07	8.421982285169646e-07
J01	8	0.016814708709716797	-0.00040340423583984375	0.022104263305664062	-0.01721811294555664	0.022507667541503906	-0.02177163371712014	0.026971937614541197	0.004554797697571731	-0.004464042823615538	-1.2769260082314178e-06	-2.2724942175256224e-07
J01	9	0.022104263305664062	-0.0010974407196044922	0.03068709373474121	-0.023201704025268555	0.0317845344543457	-0.03928620649399539	0.0534063726583513	0.01608482848425942	-0.021622547301118566	-3.2601553258404525e-07	7.09097112971957e-07
J01	10	0.03068709373474121	0.2133922576904297	0.1762683391571045	0.18270516395568848	-0.037123918533325195	0.18823062765096843	-0.05193029737956012	-0.005524927815279547	0.014806422121795199	-5.358800004061706e-07	-4.327556027416968e-08
J01	11	0.1762683391571045	0.17360031604766846	-0.05572754144668579	-0.002668023109436035	-0.22932785749435425	-0.010184073513137076	-0.21499198420616805	0.007515347075105629	-0.014337024845078927	7.033285954123375e-07	1.1515568927311648e-06
J01	12	-0.05572754144668579	0.08675360679626465	0.10924673080444336	0.14248114824295044	0.02249312400817871	0.14764832875397338	0.008035143858594385	-0.0051681137645891075	0.014461871292867145	9.332535661678992e-07	-3.89114328281856e-06
J01	13	0.10924673080444336	0.06388825178146362	-0.195839524269104	-0.045358479022979736	-0.2597277760505676	-0.04113297519697923	-0.2576445223589525	-0.00422706289463215	-0.00208181291440213	1.559068631640237e-06	-1.4407772129757402e-06
J01	14	-0.195839524269104	0.06828421354293823	-0.14417707920074463	0.26412373781204224	-0.21246129274368286	0.2460534224135762	-0.21247811756755564	0.01806927138445169	1.7068691423993004e-05	1.0440140143508359e-06	-2.438675512188293e-07
J01	15	-0.14417707920074463	-0.10263311862945557	-0.06872570514678955	0.04154396057128906	0.033907413482666016	0.04157899078053301	0.03158523829098797	-3.5479806861093106e-05	0.002322615802750309	4.495976171461505e-07	-4.4061107226482654e-07
J01	16	-0.06872570514678955	0.19260656833648682	-0.1571311354637146	0.26133227348327637	-0.3497377038002014	0.25724649545095	-0.3461284925339583	0.004084732484378426	-0.0036093845761922404	1.0455479478943888e-06	1.733099491006869e-07
J01	17	-0.1571311354637146	0.07182735204696655	0.436153769493103	0.22895848751068115	0.3643264174461365	0.23123004147319026	0.3428781233490239	-0.0022711057155595654	0.02144853284851432	-4.4824694954426203e-07	-2.3875140174600684e-07
J01	18	0.436153769493103	0.34281039237976074	0.31986021995544434	-0.09334337711334229	-0.022950172424316406	-0.04975000594590373	-0.024137432468892772	-0.04359243698367008	0.00118461270057868	-9.341837684737064e-07	2.647343997685958e-06
J01	19	0.31986021995544434	0.3584611415863037	0.42881035804748535	0.038600921630859375	0.07034921646118164	0.06380486346350311	0.05866030369860428	-0.025202349505134447	0.011690891383788954	-1.5923275092921685e-06	-1.9786212115957547e-06
J01	20	0.42881035804748535	0.41677701473236084	0.058207035064697266	-0.012033343315124512	-0.3585699796676636	0.009343427304303403	-0.32148073220691986	-0.021379659481202795	-0.03708639140515618	2.8888617748523693e-06	-2.856055587530104e-06
J01	21	0.058207035064697266	0.7542829513549805	0.24379074573516846	0.6960759162902832	-0.510492205619812	0.6832591977389872	-0.42932391684672766	0.012814989011559641	-0.0811681041649705	1.729539736317065e-06	-1.8460811385123677e-07
J01	22	0.24379074573516846	0.45763611793518066	0.6827801465988159	0.2138453722000122	0.22514402866363525	0.23150452497681417	0.28335898574778784	-0.01765955827905874	-0.05821454770895855	4.0550225677282725e-07	-4.0937519403538847e-07
J01	23	0.6827801465988159	1.0307494401931763	4.191444844007492	0.34796929359436035	3.160695403814316	0.446494715450793	3.335742404316588	-0.09852648665650976	-0.17504805172184235	1.064800077110739e-06	1.0512195701695148e-06
J01	24	4.191444844007492	4.700963795185089	5.828452110290527	0.509518951177597	1.1274883151054382	0.8309404402960479	1.660167000883405	-0.3214214585138776	-0.5326795184735237	-3.060457320902543e-08	8.326955568405126e-07
J01	25	5.828452110290527	5.579391241073608	5.350789189338684	-0.24906086921691895	-0.22860205173492432	0.0010940859372222667	0.21591301869454171	-0.25015207894454283	-0.4445150366813346	-2.876209598379198e-06	-3.3748131456068364e-08
J01	26	5.350789189338684	9.430415630340576	9.599684000015259	4.079626441001892	0.16926836967468262	4.430759676299388	1.3797874351391128	-0.35113256582467695	-1.210516906653559	-6.694728195699717e-07	-2.1588108710668408e-06
J01	27	9.599684000015259	9.410497188568115	8.398849487304688	-0.18918681144714355	-1.0116477012634277	-0.0837855781221648	-0.1006231744778259	-0.10540339207654081	-0.9110270582804075	2.158751562064687e-06	2.5314948056687214e-06
J01	28	8.398849487304688	8.737565994262695	14.17900276184082	0.3387165069580078	5.441436767578125	0.6412449697937284	6.512078851727627	-0.30252848836269336	-1.070638622723036	2.552697281332783e-08	-3.4614264659837968e-06
J01	29	14.17900276184082	20.39707851409912	15.909478187561035	6.218075752258301	-4.487600326538086	7.385132116730038	-2.570501218917588	-1.1670606087016426	-1.9171008841703272	4.2442299061917765e-06	1.7765498293575988e-06
J01	30	15.909478187561035	16.652807235717773	16.089049339294434	0.7433290481567383	-0.5637578964233398	1.5957462310272477	1.5496922360325178	-0.8524132146143482	-2.1134548963476085	-3.968256161196448e-06	4.763891751080607e-06
J01	31	16.089049339294434	15.472671508789062	16.124608993530273	-0.6163778305053711	0.6519374847412109	-0.011271416797159262	2.202588780249627	-0.6051030812878726	-1.550650920028508	-3.33242033912981e-06	-3.754799081379101e-07
J01	32	16.124608993530273	24.196483612060547	27.245941162109375	8.071874618530273	3.049457550048828	9.046621898662298	5.112593977907685	-0.9747449496408758	-2.0631415636438875	-2.330491148956615e-06	5.135785030585538e-06
J01	33	27.245941162109375	25.914587020874023	21.30003070831299	-1.3313541412353516	-4.614556312561035	0.420137346329732	-1.4508594495640341	-1.751490432124379	-3.1636948393527953	-1.05544070466701e-06	-2.0236442059284876e-06
J01	34	21.30003070831299	18.256376266479492	15.2319917678833	-3.043654441833496	-3.0243844985961914	-0.29101935896919384	0.4325530340373813	-2.7526341434467994	-3.456937713761306	-9.394175028987206e-07	1.811277333674255e-07
J01	35	15.2319917678833	14.463029861450195	28.825773239135742	-0.7689619064331055	14.362743377685547	0.41195516544194466	-2.274877678065204	-1.1809200931545853	16.63762930200334	3.0212795353867783e-06	-8.246252588328673e-06
J02	0	0.0	-0.03393635153770447	0.014951467514038086	-0.03393635153770447	0.048887819051742554	-0.03002492816761837	0.02020787828925963	-0.003909901346151212	0.0286775016594345	-1.5220239348856524e-06	2.439103048423874e-06
J02	1	0.014951467514038086	-0.0686568021774292	-0.1884932518005371	-0.08360826969146729	-0.11983644962310791	-0.09444641128462261	-0.13089147291844005	0.010839500256492912	0.011054473013252061	-1.3586633375861634e-06	5.502820800838866e-07
J02	2	-0.1884932518005371	0.011894464492797852	-0.031040430068969727	0.20038771629333496	-0.04293489456176758	0.19088879247180435	-0.04418729256048548	0.00949959117754005	0.0012505070888915587	-6.673560094365427e-07	1.8909098263436563e-06
J02	3	-0.031040430068969727	-0.07333612442016602	-0.1140298843383789	-0.04229569435119629	-0.04069375991821289	-0.04398277367334402	-0.050621361446258284	0.0016880584944979071	0.009927339480398117	-9.791723501739735e-07	2.6204764727588703e-07
J02	4	-0.1140298843383789	0.17828035354614258	0.1315908432006836	0.2923102378845215	-0.046689510345458984	0.29297230112951156	-0.017717076362825324	-0.0006612721264213084	-0.028973384368993438	-7.911185687659028e-07	9.503863598325779e-07
J02	5	0.1315908432006836	0.22081375122070312	0.06963109970092773	0.08922290802001953	-0.1511826515197754	0.09632448771811775	-0.10914072705747269	-0.007101956888547284	-0.042040779071981504	3.7719044906903143e-07	-1.1453903211999794e-06
J02	6	0.06963109970092773	0.008931159973144531	0.10404729843139648	-0.0606999397277832	0.09511613845825195	-0.050894179923052674	0.09421515003404356	-0.009807808306796471	0.0009012461539303074	2.048502065941926e-06	-2.5772972192528165e-07
J02	7	0.10404729843139648	0.04790973663330078	-0.004065513610839844	-0.0561375617980957	-0.051975250244140625	-0.05122346556146806	-0.052271445930730964	-0.004913953007010391	0.0002976986508854921	-1.432296172498848e-07	-1.502964295152856e-06
J02	8	-0.004065513610839844	0.002151966094970703	-0.01334691047668457	0.006217479705810547	-0.015498876571655273	0.002783214828897443	-0.011402877235399789	0.003433302963249583	-0.004095590351172268	9.619136635208238e-07	-4.0898508321673965e-07
J02	9	-0.01334691047668457	-0.003690481185913086	0.0035474300384521484	0.009656429290771484	0.007237911224365234	-0.006010911493751214	0.0259198734570234	0.01566915048972354	-0.01868408167440455	-1.8097052008406167e-06	2.119441746384343e-06
J02	10	0.0035474300384521484	0.2070162296295166	0.08621692657470703	0.20346879959106445	-0.12079930305480957	0.21058157859260285	-0.13312422968950077	-0.007112101078790228	0.01232480624881245	-6.77922748166214e-07	1.203858787518497e-07
J02	11	0.08621692657470703	0.0700300931930542	-0.07422345876693726	-0.016186833381652832	-0.14425355195999146	-0.020143309135403742	-0.14147162795982537	0.003955552312331041	-0.0027802119476894593	9.234414198693031e-07	-1.7120524766212064e-06
J02	12	-0.07422345876693726	0.05262598395347595	0.09792435169219971	0.1268494427204132	0.045298367738723755	0.13362212279797658	0.026829431723832897	-0.006772622359703186	0.018466433449114014	-5.771786018918257e-08	2.502565776841756e-06
J02	13	0.09792435169219971	0.025705039501190186	-0.1659705638885498	-0.07221931219100952	-0.19167560338974	-0.0686507145236932	-0.1908087352942358	-0.0035667184512008787	-0.0008665968744583183	-1.8792161154412845e-06	-2.712210458624253e-07
J02	14	-0.1659705638885498	0.12409162521362305	-0.0830531120300293	0.29006218910217285	-0.20714473724365234	0.27566620088047733	-0.2079541665335054	0.014395231841749068	0.0008092983870437824	7.563799464538334e-07	1.3090280927621767e-07
J02	15	-0.0830531120300293	-0.03806626796722412	-0.11885392665863037	0.044986844062805176	-0.08078765869140625	0.04505325996635884	-0.08091209735324234	-6.644999026792793e-05	0.00012344978892841509	3.4086714265271344e-08	9.888729076753394e-07
J02	16	-0.11885392665863037	0.2053065299987793	-0.20401877164840698	0.32416045665740967	-0.4093253016471863	0.3170588494662606	-0.4053381113567899	0.007102376450744009	-0.003985887948362641	-7.692595949577996e-07	-1.302342033762758e-06
J02	17	-0.20401877164840698	-0.03715837001800537	0.33971428871154785	0.1668604016304016	0.3768726587295532	0.15939232536547987	0.35922343140614	0.007465630112882052	0.017650277079701432	2.446152039689564e-06	-1.0497562882016975e-06
J02	18	0.33971428871154785	0.2779916822910309	0.3321192264556885	-0.06172260642051697	0.05412754416465759	-0.028275036465454928	0.04422953402056029	-0.03344811402155803	0.009898628468597181	5.440664959874275e-07	-6.18324499879197e-07
J02	19	0.3321192264556885	0.09812641143798828	-0.10220897197723389	-0.2339928150177002	-0.20033538341522217	-0.20751266355956433	-0.20966649473847285	-0.026480433724889063	0.009332293874139419	2.822667531932055e-07	-1.1825508887397529e-06
J02	20	-0.10220897197723389	-0.32402366399765015	-0.44671928882598877	-0.22181469202041626	-0.12269562482833862	-0.21852186897932374	-0.12537151732443835	-0.0032927455461962407	0.0026747201374383855	-7.749489627784101e-08	1.1723586613443526e-06
J02	21	-0.44671928882598877	-0.8123469352722168	-0.5837135314941406	-0.365627646446228	0.22863340377807617	-0.426192926537401	0.20647171320633462	0.060566104089146255	0.022161726119670627	-8.239979732982405e-07	-3.554792904481019e-08
J02	22	-0.5837135314941406	-0.6369647979736328	-0.7256584763526917	-0.05325126647949219	-0.08869367837905884	-0.0693062706164671	-0.09404019129560526	0.016055154383435355	0.00534668304833226	-1.502464604397069e-07	-1.7013178583991095e-07
J02	23	-0.7256584763526917	-0.5607337951660156	-0.5624198913574219	0.16492468118667603	-0.00168609619140625	0.05408161611731166	-0.03214310872312831	0.1108421957642407	0.030456777719233552	8.693051236630112e-07	2.3481248850876213e-07
J02	24	-0.5624198913574219	-0.5919890403747559	-0.6342973709106445	-0.029569149017333984	-0.04230833053588867	-0.10978527488768552	-0.09906212135966092	0.0802179180735777	0.05675312549659886	-1.792203226158584e-06	6.653271733825239e-07
J02	25	-0.6342973709106445	-0.6314237117767334	-0.787642240524292	0.002873659133911133	-0.1562185287475586	-0.009812171328090424	-0.2065466459168377	0.012688781598927508	0.05032509461644638	-2.9511369259507814e-06	3.022552832715464e-06
J02	26	-0.787642240524292	-0.8322463035583496	-0.6738533973693848	-0.04460406303405762	0.15839290618896484	-0.09273031325134751	0.06968382728567035	0.048125783375386505	0.0887077512656993	4.6684190338486253e-07	1.3276375951903722e-06
J02	27	-0.6738533973693848	-0.6182441711425781	-0.6872305870056152	0.05560922622680664	-0.06898641586303711	0.036702963659779875	-0.12832680169954047	0.018909567346080455	0.059337813408887975	-3.304779053688728e-06	2.572427615385106e-06
J02	28	-0.6872305870056152	-0.3330421447753906	-0.4664335250854492	0.3541884422302246	-0.1333913803100586	0.32435762717462824	-0.17163314716037004	0.029832735263041064	0.03823726830833618	-1.9202074446923734e-06	4.498541975261894e-06
J02	29	-0.4664335250854492	-0.16524314880371094	-0.021109580993652344	0.3011903762817383	0.1441335678100586	0.2597040976793741	0.11424283728466977	0.04149175873631028	0.029887971352305698	-5.4801339460786025e-06	2.759173083122235e-06
J02	30	-0.021109580993652344	-0.32146263122558594	-0.5714550018310547	-0.3003530502319336	-0.24999237060546875	-0.2833131554336208	-0.2934778274101637	-0.017040246950989046	0.04348533073537708	3.5215267624177926e-07	1.260693178739558e-07
J02	31	-0.5714550018310547	-0.34868717193603516	-0.02323436737060547	0.22276782989501953	0.3254528045654297	0.17907271799020047	0.30536876152721926	0.0436941070747916	0.020085752048954464	1.0048300274623223e-06	-1.7090107440331792e-06
J02	32	-0.02323436737060547	-0.8973855972290039	-0.5165433883666992	-0.8741512298583984	0.3808422088623047	-0.8904367227958367	0.3193914053757292	0.016286272879371344	0.061454524063775606	-7.799419330378754e-07	-3.720577200105879e-06
J02	33	-0.5165433883666992	-0.45439624786376953	-0.18012332916259766	0.06214714050292969	0.2742729187011719	-0.004165663705540029	0.18960099935465202	0.06630951087939407	0.08467036097309943	3.2933290756709255e-06	1.5583734200852462e-06
J02	34	-0.18012332916259766	-0.21157360076904297	-0.008226394653320312	-0.03145027160644531	0.20334720611572266	-0.04328259363787168	0.20917716970810263	0.011836590543632397	-0.005834646387328224	-4.2685122059182845e-06	4.682794948251967e-06
J02	35	-0.008226394653320312	-0.07486724853515625	-0.2722358703613281	-0.06664085388183594	-0.19736862182617188	-0.07734096657741663	-0.32517954237429203	0.010701192391869285	0.1278094383274091	-1.079696288597276e-06	1.4822207123899034e-06
J03	0	0.0	-0.030548810958862305	0.018176019191741943	-0.030548810958862305	0.04872483015060425	-0.026453193294109667	0.020594170888290464	-0.004095369842378016	0.02813002871586856	-2.4782237462162016e-07	6.305464452793785e-07
J03	1	0.018176019191741943	-0.06286120414733887	-0.18685704469680786	-0.08103722333908081	-0.123995840549469	-0.09114015987608237	-0.13438414707420637	0.010102809505594529	0.010389787989948579	1.2703140703229643e-07	-1.4814652112005167e-06
J03	2	-0.18685704469680786	0.013187885284423828	-0.029820680618286133	0.2000449299812317	-0.04300856590270996	0.19082262407497963	-0.04484818569160065	0.00922130362098972	0.0018395837702468582	1.0022852623397388e-06	3.601864383140363e-08
J03	3	-0.029820680618286133	-0.07135295867919922	-0.12244510650634766	-0.041532278060913086	-0.05109214782714844	-0.043148147633871536	-0.06121647041941358	0.0016155782699957474	0.010124873052898983	2.913029627030217e-07	-5.504606338385676e-07
J03	4	-0.12244510650634766	0.1419820785522461	0.09911251068115234	0.26442718505859375	-0.04286956787109375	0.2635439058150848	-0.020578888215067148	0.000882621476612111	-0.022290512997916956	6.577668968388295e-07	-1.666581095349784e-07
J03	5	0.09911251068115234	0.18905067443847656	0.0421147346496582	0.08993816375732422	-0.14693593978881836	0.09633001840819055	-0.11087668149904306	-0.006390732913096997	-0.03606131608690144	-1.1217377693384378e-06	2.0577971261426242e-06
J03	6	0.0421147346496582	-0.008774757385253906	0.08699989318847656	-0.05088949203491211	0.09577465057373047	-0.041590010635751185	0.09179389698392025	-0.009295758989007672	0.003978939276192722	-3.722410153252781e-06	1.8143136174819663e-06
J03	7	0.08699989318847656	0.03314399719238281	-0.02518463134765625	-0.05385589599609375	-0.05832862854003906	-0.04989818565289672	-0.05834950897229296	-0.003957907771156677	2.0142254043767262e-05	1.9742795964727833e-07	7.38178210132976e-07
J03	8	-0.02518463134765625	-0.024682044982910156	-0.050986289978027344	0.0005025863647460938	-0.026304244995117188	-0.0028513743539468756	-0.023584274776881742	0.003353963712936105	-0.0027184402405131536	-2.9942431355525767e-09	-1.5299777222921307e-06
J03	9	-0.050986289978027344	-0.026735305786132812	0.005789756774902344	0.02425098419189453	0.032525062561035156	0.010840755460490348	0.0467235067768898	0.013407925107416167	-0.014197683616568035	2.3036239880161458e-06	-7.605992866088762e-07
J03	10	0.005789756774902344	0.21909761428833008	0.15175533294677734	0.21330785751342773	-0.06734228134155273	0.21865659735636656	-0.08001572461339923	-0.005347075173639908	0.012672280836910153	-1.664669298913346e-06	1.162434936342882e-06
J03	11	0.15175533294677734	0.13640952110290527	-0.060957372188568115	-0.01534581184387207	-0.1973668932914734	-0.01846069773154191	-0.18952041818894394	0.0031151475654667008	-0.007848095662157217	-2.616777968625708e-07	1.6205596277685252e-06
J03	12	-0.060957372188568115	0.09180590510368347	0.16896796226501465	0.1527632772922516	0.07716205716133118	0.1579641184988827	0.05979569472777557	-0.005200389671616006	0.017365719303846318	-4.5153501510714067e-07	6.431297092875142e-07
J03	13	0.16896796226501465	0.08502858877182007	-0.187150239944458	-0.08393937349319458	-0.2721788287162781	-0.0782768308353361	-0.26950373287737905	-0.00566088516722088	-0.002674518495186199	-1.6574906376021215e-06	-5.773437128228295e-07
J03	14	-0.187150239944458	0.12015414237976074	-0.08555638790130615	0.30730438232421875	-0.2057105302810669	0.29116850398433325	-0.20751172408084928	0.016134618097484066	0.0018036417169559511	1.2602424014351854e-06	-2.4479171735654337e-06
J03	15	-0.08555638790130615	-0.030949711799621582	-0.11768019199371338	0.05460667610168457	-0.0867304801940918	0.054530410118723116	-0.0863527167897673	7.500168619582105e-05	-0.000379063974157174	1.2642967656331994e-06	1.3005698326802595e-06
J03	16	-0.11768019199371338	0.24053257703781128	-0.11204823851585388	0.35821276903152466	-0.35258081555366516	0.35125567709081285	-0.349409428014962	0.006959187509990807	-0.0031733410508902526	-2.0955692789665498e-06	1.9535121870894664e-06
J03	17	-0.11204823851585388	0.021700680255889893	0.3610592484474182	0.13374891877174377	0.3393585681915283	0.13631544426336384	0.32098741616773996	-0.0025654765072069957	0.018371811326159865	-1.0489844130684434e-06	-6.593023715029123e-07
J03	18	0.3610592484474182	0.28820979595184326	0.25600481033325195	-0.07284945249557495	-0.03220498561859131	-0.03742715624366433	-0.039003567929580374	-0.03542361373370519	0.006800090369989464	1.3174817945701967e-06	-1.5080590003990757e-06
J03	19	0.25600481033325195	0.02113938331604004	-0.2031458020210266	-0.23486542701721191	-0.22428518533706665	-0.21308614973071238	-0.23174775393608799	-0.021777663798657865	0.0074592758441972	-1.6134878416673715e-06	3.292754824135713e-06
J03	20	-0.2031458020210266	-0.5013426542282104	-0.4981391429901123	-0.29819685220718384	0.0032035112380981445	-0.3076633485136211	-0.011457962516838616	0.009465495864761475	0.014664835421138472	1.0004416757802836e-06	-3.361666201712188e-06
J03	21	-0.4981391429901123	-0.8293650150299072	-0.20123553276062012	-0.3312258720397949	0.6281294822692871	-0.38755322575166784	0.6103598583724532	0.05632459103417753	0.01777277971645838	2.762677695389293e-06	-3.1558196245118353e-06
J03	22	-0.20123553276062012	-0.17344552278518677	-0.2924973964691162	0.02779000997543335	-0.11905187368392944	0.020029944570061353	-0.09700214282171182	0.007760709074989158	-0.022049135436184364	-6.436696171618905e-07	-5.954260332563521e-07
J03	23	-0.2924973964691162	-0.18114686012268066	-1.1881837248802185	0.11135053634643555	-1.0070368647575378	0.010760190061973596	-1.011321085185563	0.1005885528597461	0.004283872947486472	1.7934247158457595e-06	3.4748053864830375e-07
J03	24	-1.1881837248802185	-1.5369086265563965	-1.3599367141723633	-0.348724901676178	0.1769719123840332	-0.4904115461150765	0.035880129829744145	0.14168685138207837	0.14109108140423804	-2.0694317992564493e-07	7.011500510190061e-07
J03	25	-1.3599367141723633	-1.2344834804534912	-1.835134506225586	0.12545323371887207	-0.6006510257720947	0.07565881956791576	-0.6715875693216982	0.04979721069555945	0.0709345619940088	-2.7965446031362473e-06	1.9815555946378627e-06
J03	26	-1.835134506225586	-6.562277555465698	-6.138110160827637	-4.727143049240112	0.4241673946380615	-4.817834262127244	-0.35850778268065014	0.09069110628489663	0.7826755879127064	1.0660223448422101e-07	-4.105939947034176e-07
J03	27	-6.138110160827637	-6.264435291290283	-5.923693656921387	-0.12632513046264648	0.3407416343688965	-0.31143909138186077	-0.26994463974922833	0.18511209414230265	0.6106873000410893	1.8667769116371274e-06	-1.025922964498216e-06
J03	28	-5.923693656921387	-5.469730377197266	-9.677932739257812	0.4539632797241211	-4.208202362060547	0.20029711526921146	-4.8662219125822235	0.2536629901161015	0.6580268627642674	3.1743388081498236e-06	-7.312242590623574e-06
J03	29	-9.677932739257812	-12.856023788452148	-10.760281562805176	-3.178091049194336	2.0957422256469727	-3.9039555509307977	0.6957537756935093	0.7258631240889807	1.3999828646237171	1.377647481301536e-06	5.585329746343737e-06
J03	30	-10.760281562805176	-13.380102157592773	-12.253666877746582	-2.6198205947875977	1.1264352798461914	-3.225258362792539	-0.631171174399541	0.6054415890545944	1.7576054609852356	-3.821049653268682e-06	9.932604968510006e-07
J03	31	-12.253666877746582	-11.667201042175293	-10.997547149658203	0.5864658355712891	0.6696538925170898	0.07892022083825273	-0.4701705542179837	0.507549589833151	1.1398222555966475	-3.975100114628205e-06	2.1911384259221123e-06
J03	32	-10.997547149658203	-14.849430084228516	-17.87386131286621	-3.8518829345703125	-3.0244312286376953	-4.505373300762462	-4.179968922330943	0.6534911433517017	1.155539658830676	-7.771595524619368e-07	-1.965137428505681e-06
J03	33	-17.87386131286621	-17.022841453552246	-15.024568557739258	0.8510198593139648	1.9982728958129883	-0.35645461170614684	0.03664742293409029	1.2074662392037174	1.9616364262571537	8.231816394227431e-06	-1.0953378255795787e-05
J03	34	-15.024568557739258	-13.629420280456543	-9.649388313293457	1.3951482772827148	3.980031967163086	-0.24555122399419899	1.017269262126665	1.640693477451747	2.9627588232271966	6.0238251666788756e-06	3.881809224504096e-06
J03	35	-9.649388313293457	-9.319204330444336	-18.048561096191406	0.3301839828491211	-8.72935676574707	-0.400324849882087	2.8329214464264107	0.7305087349168984	-11.562273208601246	9.78143097039863e-08	-5.003572233958087e-06
J04	0	0.0	-0.060613155364990234	0.0286942720413208	-0.060613155364990234	0.08930742740631104	-0.057360201125469246	0.04745224961125749	-0.003253436317231184	0.04185563301005546	4.820777101954832e-07	-4.552150019154766e-07
J04	1	0.0286942720413208	0.08621370792388916	0.022087395191192627	0.05751943588256836	-0.06412631273269653	0.057731150353581784	-0.05002435145303097	-0.0002116162475190586	-0.01410347651248307	-9.822349436583444e-08	1.5152328175062693e-06
J04	2	0.022087395191192627	0.2437305450439453	0.13072443008422852	0.22164314985275269	-0.1130061149597168	0.22280294078841523	-0.08467391276752001	-0.0011586038757333689	-0.02833195743029089	-1.1870599291724515e-06	-2.447619058959516e-07
J04	3	0.13072443008422852	0.0930476188659668	0.18179893493652344	-0.03767681121826172	0.08875131607055664	-0.027775811062834554	0.0959816787010952	-0.009902054795798488	-0.007229013439575355	1.0546403713240088e-06	-1.3491909632012966e-06
J04	4	0.18179893493652344	0.43066883087158203	0.2143383026123047	0.2488698959350586	-0.21633052825927734	0.2752489878189426	-0.11761743742079206	-0.02637932830602166	-0.09871473691189381	2.3642213767272047e-07	1.6460734085788076e-06
J04	5	0.2143383026123047	0.19273805618286133	0.12346744537353516	-0.02160024642944336	-0.06927061080932617	-0.009397464596594629	-0.0339567613853482	-0.012201386543898074	-0.03531318913732484	-1.395288950656326e-06	-6.602866531313367e-07
J04	6	0.12346744537353516	0.11374711990356445	0.19518566131591797	-0.009720325469970703	0.08143854141235352	-0.0034207919452449165	0.0941119649985277	-0.006301184493974196	-0.012671577431356135	1.6509692484095728e-06	-1.8461548180470633e-06
J04	7	0.19518566131591797	0.13753843307495117	0.19240760803222656	-0.0576472282409668	0.05486917495727539	-0.04762162346304222	0.05376486783036305	-0.010025862387148504	0.0011048316403636498	2.576092239248151e-07	-5.245134513092581e-07
J04	8	0.19240760803222656	0.19863033294677734	0.22530317306518555	0.006222724914550781	0.026672840118408203	0.00017003351904461977	0.047798673370363254	0.006051589875981749	-0.02112440510476324	1.1015195244120854e-06	-1.428147191812057e-06
J04	9	0.22530317306518555	0.2095639705657959	0.1704409122467041	-0.01573920249938965	-0.0391230583190918	-0.02761489700969011	-0.005702109443114667	0.011873556911592045	-0.033421432342942536	2.1375987084154557e-06	4.834669654063539e-07
J04	10	0.1704409122467041	0.39493799209594727	0.1680600643157959	0.22449707984924316	-0.22687792778015137	0.23289254339033705	-0.23672622670668053	-0.008393337921042243	0.009847081443640396	-2.1256200516414983e-06	1.2174828887684397e-06
J04	11	0.1680600643157959	0.20271754264831543	0.069663405418396	0.03465747833251953	-0.13305413722991943	0.035508681157843947	-0.11859658979022614	-0.0008508236205971278	-0.01445836187245636	-3.792047272874275e-07	8.144327630632553e-07
J04	12	0.069663405418396	0.08666157722473145	0.19933459162712097	0.01699817180633545	0.11267301440238953	0.016829183983765428	0.10545022502874701	0.00016892554880546667	0.007224596331920125	6.227376455475442e-08	-1.806958277611806e-06
J04	13	0.19933459162712097	0.2630450129508972	0.03479337692260742	0.06371042132377625	-0.2282516360282898	0.07009416985676176	-0.21973373104544347	-0.00638476410266596	-0.008518755741083265	1.0155696804486913e-06	8.507582369404049e-07
J04	14	0.03479337692260742	0.23400962352752686	-0.05168938636779785	0.19921624660491943	-0.2856990098953247	0.19165708999403286	-0.28366488872980056	0.007561270474746362	-0.002035400180845706	-2.1138638597872905e-06	1.279015321556387e-06
J04	15	-0.05168938636779785	0.0033234357833862305	0.05608069896697998	0.05501282215118408	0.05275726318359375	0.05468879546879091	0.05210261542025174	0.0003237539378372965	0.0006554739428959178	2.727445558782689e-07	-8.261795539088457e-07
J04	16	0.05608069896697998	0.2841532230377197	0.16976773738861084	0.22807252407073975	-0.11438548564910889	0.23212378307296094	-0.11226262877706017	-0.004051299780965312	-0.0021241744700090954	4.077874411496235e-08	1.3175979603780724e-06
J04	17	0.16976773738861084	0.3138691782951355	0.6311353445053101	0.14410144090652466	0.31726616621017456	0.16974840626996524	0.3076680199491928	-0.025646522968283528	0.009598691555629021	-4.423951570492468e-07	-5.452946472556119e-07
J04	18	0.6311353445053101	0.4539638161659241	0.41472911834716797	-0.177171528339386	-0.039234697818756104	-0.11515628680664314	-0.010454741858416217	-0.06201560447221381	-0.0287804877116129	3.629394709631084e-07	5.317512730140805e-07
J04	19	0.41472911834716797	0.36481285095214844	0.49335432052612305	-0.04991626739501953	0.1285414695739746	-0.016098310883695177	0.12353264676816746	-0.033819268532572	0.005011776095794895	1.3120212476458448e-06	-2.953289987728258e-06
J04	20	0.49335432052612305	0.29636698961257935	-0.14722585678100586	-0.1969873309135437	-0.4435928463935852	-0.1723047115796233	-0.41259028090513744	-0.024684211345400664	-0.031002557449419044	1.592011480255895e-06	-8.039028720485675e-09
J04	21	-0.14722585678100586	-0.03700125217437744	-0.34514808654785156	0.11022460460662842	-0.3081468343734741	0.08013720049731299	-0.31769710343796476	0.03008912030354627	0.009549954574184394	-1.7161942308385747e-06	3.144903062413107e-07
J04	22	-0.34514808654785156	-0.13690972328186035	-0.06790447235107422	0.2082383632659912	0.06900525093078613	0.17975283065814163	0.08568586862489136	0.028485440523336736	-0.016679514384973865	9.208451284825614e-08	-1.103309131361696e-06
J04	23	-0.06790447235107422	0.15556716918945312	0.6400420665740967	0.22347164154052734	0.48447489738464355	0.1923600700498458	0.4960224820007837	0.03111045144415414	-0.011549355105547304	1.1200465274141536e-06	1.7704894071657318e-06
J04	24	0.6400420665740967	0.5468299388885498	0.46236300468444824	-0.09321212768554688	-0.08446693420410156	-0.021751521652553674	-0.02976765433606869	-0.07145768802286656	-0.05470043211315889	-2.9180101266401692e-06	1.1522451260070898e-06
J04	25	0.46236300468444824	0.4544651508331299	0.10112476348876953	-0.00789785385131836	-0.35334038734436035	0.007689948631686705	-0.32234526998728863	-0.015587571289877943	-0.0309955801669453	-2.3119312712177598e-07	4.628098735776076e-07
J04	26	0.10112476348876953	0.5720653533935547	-0.0743398666381836	0.47094058990478516	-0.6464052200317383	0.4689007006302073	-0.5811820622791344	0.002039324958414218	-0.06522118891216329	5.64316163659262e-07	-1.968840440642189e-06
J04	27	-0.0743398666381836	-0.2973613739013672	-0.544304370880127	-0.2230215072631836	-0.24694299697875977	-0.22592482568296535	-0.2730228389058953	0.002901961958874575	0.0260812962994139	1.3564609071779754e-06	-1.4543722783727508e-06
J04	28	-0.544304370880127	-0.5325775146484375	-0.6477727890014648	0.011726856231689453	-0.11519527435302734	-0.011694480663472007	-0.16850332384005728	0.02342019133147261	0.053305492895537876	1.1455636888500764e-06	2.5565914920644417e-06
J04	29	-0.6477727890014648	-0.006977081298828125	0.6213607788085938	0.6407957077026367	0.6283378601074219	0.5708108954081794	0.5486824937957087	0.06998734122675165	0.07965264394389138	-2.528932294354469e-06	2.7223678218391e-06
J04	30	0.6213607788085938	0.8198881149291992	0.6440258026123047	0.19852733612060547	-0.17586231231689453	0.23828772125423847	-0.11090440824001924	-0.039759464931307775	-0.06495431933357398	-9.202023252274927e-07	-3.5847433013103114e-06
J04	31	0.6440258026123047	0.854619026184082	1.2230720520019531	0.21059322357177734	0.3684530258178711	0.23653283825323523	0.45553787950156527	-0.025937353136427477	-0.08709178792542427	-2.2615450304130924e-06	6.93424173003887e-06
J04	32	1.2230720520019531	1.1015615463256836	1.7659101486206055	-0.12151050567626953	0.6643486022949219	-0.048571147641212065	0.6938853757000587	-0.07293669720126617	-0.02953957037070265	-2.6608337913014424e-06	2.796965565821097e-06
J04	33	1.7659101486206055	1.633254051208496	2.0078487396240234	-0.13265609741210938	0.37459468841552734	-0.05868079697511792	0.5395303958903344	-0.07397130120432638	-0.1649356936499653	-3.9992326652527055e-06	-1.3824841715859293e-08
J04	34	2.0078487396240234	1.723586082458496	1.3833026885986328	-0.28426265716552734	-0.3402833938598633	0.009137976243878687	0.02920645262080579	-0.2934036678668215	-0.3694848853301136	3.0344574155627413e-06	-4.961150555704563e-06
J04	35	1.3833026885986328	1.2346735000610352	2.4188385009765625	-0.14862918853759766	1.1841650009155273	-0.0337557385962457	0.04984208013517133	-0.11487759305231271	1.134322173188874	4.143110960752594e-06	7.475914820531671e-07
G01	0	0.0	-0.06527411937713623	-0.03834348917007446	-0.06527411937713623	0.026930630207061768	-0.06872584346795474	0.017234676283388844	0.0034513663095725455	0.00969464466149339	3.577812459631957e-07	1.3092621795607329e-06
G01	1	-0.03834348917007446	-0.06303191184997559	-0.0055252909660339355	-0.024688422679901123	0.05750662088394165	-0.025668469022262386	0.04680254408066703	0.000983046346315325	0.010702030521760691	-3.0000039540623025e-06	2.046281513928827e-06
G01	2	-0.0055252909660339355	0.045212507247924805	0.05423998832702637	0.05073779821395874	0.009027481079101562	0.05025414613164103	0.016864303177816842	0.00048370683106921733	-0.007836877995487795	-5.474875150804359e-08	5.5896772516161874e-08
G01	3	0.05423998832702637	0.08411359786987305	0.09000253677368164	0.02987360954284668	0.005888938903808594	0.03439410856012959	0.015860231694279747	-0.004519702885035379	-0.009972834412994444	-7.961322475297239e-07	1.5416225232905978e-06
G01	4	0.09000253677368164	0.08940696716308594	-0.012784004211425781	-0.0005955696105957031	-0.10219097137451172	0.011281994440344945	-0.08512140189508133	-0.01187522176458461	-0.017070661420741984	-2.3422863560385032e-06	1.0919413115928478e-06
G01	5	-0.012784004211425781	0.018457889556884766	-0.021214962005615234	0.031241893768310547	-0.0396728515625	0.02700363398726424	-0.036408154350482946	0.004238319915520483	-0.003264064781359932	-6.013447417796414e-08	-6.324306571214855e-07
G01	6	-0.021214962005615234	-0.09534931182861328	0.0856928825378418	-0.07413434982299805	0.18104219436645508	-0.0739705191884914	0.16612034175876655	-0.00016523825733325004	0.014923586893269364	1.4076228266046709e-06	-1.7342855808399893e-06
G01	7	0.0856928825378418	0.016922950744628906	-0.011252403259277344	-0.06876993179321289	-0.02817535400390625	-0.06408321946239881	-0.028258726707604875	-0.004686904855779356	8.249361304792286e-05	1.9252496527566443e-07	8.7909065070251e-07
G01	8	-0.011252403259277344	0.057793617248535156	0.07351207733154297	0.0690460205078125	0.015718460083007812	0.06849242393116275	0.02050099288791607	0.0005549994769064861	-0.0047825041239991095	-1.4029002567339174e-06	-2.8680909147649203e-08
G01	9	0.07351207733154297	0.18717646598815918	0.16410207748413086	0.11366438865661621	-0.02307438850402832	0.1125040698281814	0.004151664240547692	0.001159026772094146	-0.027225643554181056	1.2920563406682017e-06	-4.0919039495657117e-07
G01	10	0.16410207748413086	0.012054920196533203	0.22296452522277832	-0.15204715728759766	0.21090960502624512	-0.15508817234869876	0.20813974145722747	0.0030411103772418624	0.0027720774858030206	-9.531614075797279e-08	-2.213916785370751e-06
G01	11	0.22296452522277832	0.11323165893554688	-0.014650166034698486	-0.10973286628723145	-0.12788182497024536	-0.10305590081077631	-0.11928275610056271	-0.006678571087322874	-0.008597800445939052	1.6056108677418163e-06	-1.2684237435944823e-06
G01	12	-0.014650166034698486	0.02775198221206665	-0.037528932094573975	0.04240214824676514	-0.06528091430664062	0.04277496974818684	-0.06916566657172529	-0.0003735243679142096	0.0038839925327847514	7.028664925044781e-07	7.597322999163686e-07
G01	13	-0.037528932094573975	-0.023745447397232056	-0.34480464458465576	0.013783484697341919	-0.3210591971874237	0.012993953992873397	-0.3223798601884771	0.0007893165457121161	0.0013224321221485223	2.1415875640570792e-07	-1.769121095143017e-06
G01	14	-0.34480464458465576	-0.22321760654449463	-0.07089459896087646	0.12158703804016113	0.15232300758361816	0.07829351017385577	0.15757851773748577	0.043291927258101104	-0.005254554635419802	1.6006082042552272e-06	-9.555184478024503e-07
G01	15	-0.07089459896087646	0.03925132751464844	-0.04719209671020508	0.1101459264755249	-0.08644342422485352	0.10998348934121008	-0.08463897553312819	0.0001607147363108077	-0.0018023194875935776	1.7223980040168506e-06	-2.12920413175232e-06
G01	16	-0.04719209671020508	-0.18498361110687256	-0.4025719165802002	-0.13779151439666748	-0.21758830547332764	-0.13942836699977934	-0.2235153275206574	0.0016346869942115878	0.00592757778954559	2.16560890027237e-06	-5.557422158351897e-07
G01	17	-0.4025719165802002	-0.33483952283859253	-0.38744646310806274	0.06773239374160767	-0.052606940269470215	0.027577624003913392	-0.06790251350673548	0.040154743549318556	0.015295429247509679	2.6188375717994816e-08	1.439897555910452e-07
G01	18	-0.38744646310806274	-0.2800289988517761	-0.17139887809753418	0.10741746425628662	0.10863012075424194	0.07194674362060116	0.10296483416029645	0.03547084353159394	0.005664353746171913	-1.228959084775827e-07	9.328477735826013e-07
G01	19	-0.17139887809753418	-0.13738584518432617	-0.03577899932861328	0.03401303291320801	0.10160684585571289	0.02456002497252019	0.1285242808718435	0.009454532634020796	-0.026916335413384146	-1.5246933329771117e-06	-1.0996027464682534e-06
G01	20	-0.03577899932861328	0.027284979820251465	-0.08872365951538086	0.06306397914886475	-0.11600863933563232	0.05631944052337984	-0.11769879776920411	0.006744693926735268	0.0016891678908552976	-1.5530125030416286e-07	9.90542716489129e-07
G01	21	-0.08872365951538086	-0.2198634147644043	-0.053832054138183594	-0.13113975524902344	0.1660313606262207	-0.14734647654079813	0.13222010880759794	0.016204202163415893	0.03381327810069512	2.5191283588021918e-06	-2.02628207235378e-06
G01	22	-0.053832054138183594	-0.19517666101455688	-0.313342809677124	-0.1413446068763733	-0.11816614866256714	-0.15730690030696293	-0.12229083098138527	0.01596261947505473	0.004124105534759032	-3.260444650932115e-07	5.76784059097557e-07
G01	23	-0.313342809677124	-0.5003483593463898	-0.5711067318916321	-0.18700554966926575	-0.07075837254524231	-0.24941963423017843	-0.12859875521928732	0.06241406287633067	0.057842623835688056	2.1684582018899334e-08	-2.241161643046219e-06
G01	24	-0.5711067318916321	-0.7908355593681335	-1.022251695394516	-0.21972882747650146	-0.23141613602638245	-0.26827305406330054	-0.287068859831455	0.04854305138121906	0.05565075719197188	1.1752055799618688e-06	1.966613100701231e-06
G01	25	-1.022251695394516	-0.9401477575302124	-0.7552398443222046	0.08210393786430359	0.1849079132080078	0.054384657986094265	0.11219057979759617	0.0277206034295657	0.07271550492242129	-1.3235513563747414e-06	1.8284879903518458e-06
G01	26	-0.7552398443222046	-1.4128597974777222	-1.4195830821990967	-0.6576199531555176	-0.006723284721374512	-0.7032922782835449	-0.20169181140014614	0.04567350926507696	0.194967942945512	-1.1841370496368242e-06	5.837332595071132e-07
G01	27	-1.4195830821990967	-1.5932621955871582	-1.5766520500183105	-0.17367911338806152	0.016610145568847656	-0.1915050479676581	-0.15199934827456046	0.017830388291487365	0.16860608905728847	-4.453711890783918e-06	3.4047861195984908e-06
G01	28	-1.5766520500183105	-1.6393470764160156	-2.0833559036254883	-0.06269502639770508	-0.44400882720947266	-0.12695668779362657	-0.6629366562899544	0.06426408867670363	0.2189247746088412	-2.4272807821468234e-06	3.0544716405067618e-06
G01	29	-2.0833559036254883	-2.774655342102051	-2.1633853912353516	-0.6912994384765625	0.6112699508666992	-0.8751053572971088	0.3854303130023418	0.18380755843945829	0.22584281675664042	-1.6396189119749494e-06	-3.1788922831843536e-06
G01	30	-2.1633853912353516	-2.2350845336914062	-2.1814937591552734	-0.07169914245605469	0.05359077453613281	-0.18746557869286917	-0.1310269927186518	0.11576149015822645	0.18461685716678922	4.946078588030645e-06	9.100879956314145e-07
G01	31	-2.1814937591552734	-2.0162038803100586	-2.0566673278808594	0.16528987884521484	-0.04046344757080078	0.07740017765348667	-0.22370055575857606	0.08789057769530961	0.1832372829227542	-8.765035814373157e-07	-1.7473497893050194e-07
G01	32	-2.0566673278808594	-3.1891136169433594	-2.850613594055176	-1.1324462890625	0.3385000228881836	-1.2855606293733857	0.05239632540507877	0.15311821014593252	0.28610536492772154	-3.869835046854675e-06	-1.6674446167153079e-06
G01	33	-2.850613594055176	-2.7850208282470703	-2.282473564147949	0.06559276580810547	0.5025472640991211	-0.14550394145300083	0.1965189153747684	0.2110940786835367	0.30602696967516074	2.628577569718793e-06	1.379049192173909e-06
G01	34	-2.282473564147949	-1.6746501922607422	-1.6084661483764648	0.607823371887207	0.06618404388427734	0.19904430434833187	-0.1545532083810608	0.4087761500068039	0.2207407894653186	2.917532071045059e-06	-3.5371999804745258e-06
G01	35	-1.6084661483764648	-1.4932069778442383	-2.869701385498047	0.11525917053222656	-1.3764944076538086	-0.021820055589286402	-0.24298056047598215	0.1370820983562726	-1.1335112868923538	-2.872234759587755e-06	-2.5602854716311185e-06
G02	0	0.0	0.1284101903438568	0.04428544640541077	0.1284101903438568	-0.08412474393844604	0.12600671880775227	-0.04639621630713764	0.0024019270696333805	-0.03772710599988649	1.5444664711594669e-06	-1.421631421916203e-06
G02	1	0.04428544640541077	0.15676188468933105	0.23957836627960205	0.11247643828392029	0.082816481590271	0.12473943587415137	0.10664703673151302	-0.012263066619640245	-0.02383014396810617	6.90294091609811e-08	-4.1117313585165016e-07
G02	2	0.23957836627960205	0.3205139636993408	0.3157920837402344	0.08093559741973877	-0.004721879959106445	0.09349009415639109	0.033738414811087414	-0.012553103991744526	-0.03846197191013258	-1.3927449077945353e-06	1.6771399387188746e-06
G02	3	0.3157920837402344	0.22313976287841797	0.2994256019592285	-0.0926523208618164	0.07628583908081055	-0.06671919804435911	0.10053985206951066	-0.025931473843195905	-0.02425665789346089	-1.6489742613950108e-06	2.6449047607762788e-06
G02	4	0.2994256019592285	0.19948863983154297	0.2750377655029297	-0.09993696212768555	0.07554912567138672	-0.07731615918121804	0.1311086057395806	-0.022618980665027433	-0.05556157827213826	-1.8222814400781218e-06	2.0982039443673273e-06
G02	5	0.2750377655029297	0.2497882843017578	0.20184087753295898	-0.025249481201171875	-0.04794740676879883	-0.005984039254747386	-0.005187122812632561	-0.019264560131681055	-0.04275926250626538	-8.818147434336288e-07	-1.0214499008842637e-06
G02	6	0.20184087753295898	0.27706432342529297	0.1709914207458496	0.07522344589233398	-0.10607290267944336	0.0738276145100496	-0.066934774706523	0.0013946009842050189	-0.03913818627015486	1.2303980793659797e-06	5.829723451200586e-08
G02	7	0.1709914207458496	0.20616769790649414	0.17552423477172852	0.03517627716064453	-0.030643463134765625	0.0447455014376994	-0.03219567111238786	-0.00956856903114825	0.0015502471942179649	-6.552459066166971e-07	1.9607834042680667e-06
G02	8	0.17552423477172852	0.2753419876098633	0.25318479537963867	0.09981775283813477	-0.02215719223022461	0.10043362476704842	0.002536977815281727	-0.0006146635194754922	-0.024693237179341715	-1.208409438159137e-06	-9.328661646212932e-07
G02	9	0.25318479537963867	0.28370189666748047	0.29883885383605957	0.030517101287841797	0.015136957168579102	0.039477069800765374	0.020609908273944044	-0.008960558832049777	-0.005473520449841285	5.903191261993901e-07	5.693444763421596e-07
G02	10	0.29883885383605957	0.29077982902526855	0.24996709823608398	-0.008059024810791016	-0.04081273078918457	-0.01682055554628703	-0.024768776428143013	0.008762134223448534	-0.01604339954199529	-6.034879525187303e-07	-5.548190462681402e-07
G02	11	0.24996709823608398	0.25150883197784424	0.4743537902832031	0.001541733741760254	0.2228449583053589	0.006853467179504802	0.22031345340749453	-0.005311793009531852	0.002529184518624328	5.957178730452324e-08	2.3203792400283696e-06
G02	12	0.4743537902832031	0.3146570026874542	0.09776133298873901	-0.1596967875957489	-0.2168956696987152	-0.1768123514058112	-0.20356959314851197	0.01711777370409101	-0.013326765800205847	-2.2098940287169216e-06	6.892500026105253e-07
G02	13	0.09776133298873901	0.04053497314453125	0.2216585874557495	-0.057226359844207764	0.18112361431121826	-0.05553862757494543	0.17866855572201779	-0.0016858095510961062	0.0024539215676829635	-1.9227181662258286e-06	1.137021517512611e-06
G02	14	0.2216585874557495	0.30915069580078125	0.16211700439453125	0.08749210834503174	-0.14703369140625	0.09412078124395196	-0.1453421476976473	-0.006629393280698226	-0.0016915660644249986	7.20381778007706e-07	2.2355822304476192e-08
G02	15	0.16211700439453125	0.14555931091308594	0.2647320032119751	-0.016557693481445312	0.11917269229888916	-0.0168336710072714	0.12119620821201016	0.00027606827403862347	-0.0020243009026696436	-9.074821253576932e-08	7.849895486446157e-07
G02	16	0.2647320032119751	0.12081778049468994	0.4679660201072693	-0.14391422271728516	0.34714823961257935	-0.1278233779975504	0.34794205331943906	-0.016088903096490487	-0.0007959553731405576	-1.94162324427833e-06	2.1416662808436404e-06
G02	17	0.4679660201072693	0.3881845474243164	0.2022312581539154	-0.07978147268295288	-0.185953289270401	-0.03432462563356031	-0.1557707239761733	-0.045455625071279426	-0.030184070124975912	-1.2219781131417307e-06	1.50483074821961e-06
G02	18	0.2022312581539154	0.21212971210479736	0.04955732822418213	0.009898453950881958	-0.16257238388061523	0.030482431336551485	-0.13603484376389163	-0.02058440365625469	-0.026534876510185323	4.2627058516320204e-07	-2.6636065382779073e-06
G02	19	0.04955732822418213	0.2846260070800781	0.2526376247406006	0.235068678855896	-0.03198838233947754	0.23195738467960325	-0.05597909191528799	0.0031103800134605897	0.023990200304421894	9.141628321551742e-07	5.092713885601619e-07
G02	20	0.2526376247406006	0.21561682224273682	0.4772442579269409	-0.03702080249786377	0.2616274356842041	-0.010184364965036441	0.25364523677363426	-0.0268373430122672	0.007984430773488232	9.05479439872181e-07	-2.2318629183948335e-06
G02	21	0.4772442579269409	0.40236079692840576	0.33819544315338135	-0.07488346099853516	-0.06416535377502441	-0.029761896439552737	-0.06646907201794372	-0.045121153498448474	0.00230312698806176	-4.110605339446849e-07	5.912548575459642e-07
G02	22	0.33819544315338135	0.31634294986724854	0.042872101068496704	-0.021852493286132812	-0.27347084879875183	0.006207919963841624	-0.26472533987532443	-0.02806132193086258	-0.008742619401007484	9.086808881453301e-07	-2.8895224199187997e-06
G02	23	0.042872101068496704	0.08581268787384033	0.05959749221801758	0.04294058680534363	-0.026215195655822754	0.04367315079334144	-0.01487854659439558	-0.000734763547241668	-0.011336853852730366	2.1995592438539546e-06	2.0479130319328576e-07
G02	24	0.05959749221801758	-0.0475006103515625	0.029471397399902344	-0.10709810256958008	0.07697200775146484	-0.103654495714115	0.07001548834067917	-0.003442840707453987	0.00695674423681128	-7.661480110887631e-07	-2.2482602560214282e-07
G02	25	0.029471397399902344	0.07104229927062988	0.05251598358154297	0.04157090187072754	-0.018526315689086914	0.03872056062932583	-0.011971321210474173	0.0028511121443419857	-0.006556953333226034	-7.709029402752643e-07	1.9588546132931484e-06
G02	26	0.05251598358154297	-0.09535551071166992	-0.19194555282592773	-0.1478714942932129	-0.09659004211425781	-0.14626213003934163	-0.10824615582263908	-0.0016107491934995444	0.011657299117559264	1.384939628285009e-06	-1.1854091779978093e-06
G02	27	-0.19194555282592773	0.09235811233520508	0.059336185455322266	0.2843036651611328	-0.03302192687988281	0.28016508347704816	-0.024258240476355608	0.004137478467685859	-0.008764288952174046	1.103216398793544e-06	6.025486468420882e-07
G02	28	0.059336185455322266	0.21037960052490234	0.17400836944580078	0.15104341506958008	-0.03637123107910156	0.1537610131415419	-0.0014637090008839948	-0.002717417366178025	-0.034905970891957294	-1.807057837879822e-07	-1.5511862602735071e-06
G02	29	0.17400836944580078	0.15475845336914062	0.27277278900146484	-0.019249916076660156	0.11801433563232422	-0.014981662597894463	0.09533412047845014	-0.00426678857842977	0.022683489364812015	-1.4649003359235024e-06	-3.2742109379313433e-06
G02	30	0.27277278900146484	0.14614582061767578	0.0803375244140625	-0.12662696838378906	-0.06580829620361328	-0.09655831026100814	-0.07219297491839316	-0.030073188788615313	0.006382067595777752	4.530665834390213e-06	2.6111190021271824e-06
G02	31	0.0803375244140625	0.077545166015625	0.2713899612426758	-0.0027923583984375	0.19384479522705078	-0.0023771827734939688	0.20249422511610116	-0.00041035374510844935	-0.008651642112094349	-4.821879835081866e-06	2.2122230439736157e-06
G02	32	0.2713899612426758	0.30026817321777344	0.5764894485473633	0.028878211975097656	0.27622127532958984	0.042340741021652306	0.2864743656887698	-0.01345933293021706	-0.010254106928275775	-3.1961163375893165e-06	1.0165690957908424e-06
G02	33	0.5764894485473633	0.5476303100585938	0.5168943405151367	-0.02885913848876953	-0.03073596954345703	0.028490647801296343	0.048850462807508155	-0.05735374881598099	-0.07958276793235597	3.962525915168769e-06	-3.6644186092171793e-06
G02	34	0.5168943405151367	0.4280405044555664	0.17239856719970703	-0.08885383605957031	-0.2556419372558594	0.015826477472453804	-0.13620565387297434	-0.10468149685511574	-0.11943293506024055	1.1833230915136994e-06	-3.3483226440367275e-06
G02	35	0.17239856719970703	0.2131357192993164	0.5841865539550781	0.040737152099609375	0.3710508346557617	0.0311830603399188	0.44354793434031947	0.00955258548053195	-0.07249349563061713	1.5062791586251123e-06	-3.6040539406201333e-06
G03	0	0.0	-0.02192509174346924	-0.014196574687957764	-0.02192509174346924	0.007728517055511475	-0.022474077596050357	-0.012752921781013726	0.0005487995968787018	0.020480493583604487	1.8625570241681544e-07	9.452529206033233e-07
G03	1	-0.014196574687957764	-0.05283784866333008	0.005737483501434326	-0.038641273975372314	0.058575332164764404	-0.022967372537293418	0.04998440364820472	-0.015672191260431012	0.008590959325804875	-1.7101776478845032e-06	-3.080924519324735e-08
G03	2	0.005737483501434326	0.1347806453704834	0.18639016151428223	0.12904316186904907	0.05160951614379883	0.1287640898249206	0.06752075611378638	0.0002799040351272354	-0.015913579878925554	-8.319909987654361e-07	2.339908937998292e-06
G03	3	0.18639016151428223	0.2312617301940918	0.40982913970947266	0.04487156867980957	0.17856740951538086	0.05838218998401212	0.198071677281086	-0.013509837801434704	-0.01950521766124806	-7.835027678489148e-07	9.49895542931567e-07
G03	4	0.40982913970947266	0.3710336685180664	0.22236347198486328	-0.03879547119140625	-0.14867019653320312	0.007569701446862753	-0.07061293634754767	-0.046362868161216486	-0.07805854228717402	-2.3044770525171288e-06	1.2821015186181839e-06
G03	5	0.22236347198486328	0.3852572441101074	0.32654380798339844	0.16289377212524414	-0.058713436126708984	0.17825184635498306	0.009215173959617684	-0.015359307529597924	-0.06792573736610108	1.2332998590020017e-06	-2.8727202255884876e-06
G03	6	0.32654380798339844	0.2868356704711914	0.4319286346435547	-0.03970813751220703	0.14509296417236328	-0.03457170405208698	0.18447044846086208	-0.005137975668331421	-0.039376601649927845	1.5422082113719648e-06	-8.826385709537199e-07
G03	7	0.4319286346435547	0.4150519371032715	0.4345111846923828	-0.016876697540283203	0.019459247589111328	0.004709092625210576	0.015708744245951145	-0.02158822167316244	0.0037516752533010185	2.431507668661237e-06	-1.171910140835208e-06
G03	8	0.4345111846923828	0.5025510787963867	0.45239853858947754	0.0680398941040039	-0.05015254020690918	0.0670660401866522	-0.004000006642011833	0.0009730782723602325	-0.04615109383313523	7.756449914692563e-07	-1.439731762115093e-06
G03	9	0.45239853858947754	0.5840175151824951	0.6967742443084717	0.13161897659301758	0.11275672912597656	0.11914034153771014	0.1682594171398682	0.012479289862952277	-0.05550345863511241	-6.548076448356643e-07	7.706212207803098e-07
G03	10	0.6967742443084717	0.5795385837554932	0.4795212745666504	-0.11723566055297852	-0.10001730918884277	-0.11819297054347766	-0.10007095121800291	0.0009553958267159816	5.603843464282998e-05	1.914163783162809e-06	-2.396405482690822e-06
G03	11	0.4795212745666504	0.47537827491760254	0.22341161966323853	-0.0041429996490478516	-0.251966655254364	-0.006647796769499004	-0.225753918354064	0.002502472725056331	-0.026211202379316956	2.324395394821214e-06	-1.5345209830597284e-06
G03	12	0.22341161966323853	0.21008485555648804	0.1538672149181366	-0.013326764106750488	-0.05621764063835144	-0.01653515195291133	-0.050897872203870875	0.003205814595454803	-0.005316019165385941	2.5732507060397675e-06	-3.7492690946241275e-06
G03	13	0.1538672149181366	0.07345922291278839	-0.21959400177001953	-0.0804079920053482	-0.2930532246828079	-0.07867364550741496	-0.28880855142945894	-0.0017374191875354564	-0.004240928534497097	3.072689602208467e-06	-3.7447188518877073e-06
G03	14	-0.21959400177001953	-0.04889124631881714	-0.1623169183731079	0.1707027554512024	-0.11342567205429077	0.1491644298470809	-0.10069351703574281	0.021535529150307875	-0.01273340128507451	2.7964538136249217e-06	1.2462665265455114e-06
G03	15	-0.1623169183731079	-0.21134066581726074	-0.15536832809448242	-0.04902374744415283	0.05597233772277832	-0.04864992222472769	0.05120511824880014	-0.00037218437852214913	0.004766859661347897	-1.640840902989891e-06	3.598126302829037e-07
G03	16	-0.15536832809448242	-0.17746353149414062	-0.07808980345726013	-0.022095203399658203	0.0993737280368805	-0.03176912085088396	0.09501142057044665	0.009676488035935817	0.0043623213413711845	-2.5705847100619683e-06	-1.387493733903851e-08
G03	17	-0.07808980345726013	0.0502585768699646	0.015560805797576904	0.12834838032722473	-0.034697771072387695	0.1277316562966775	-0.03584206194788653	0.0006167811435971171	0.0011428469803093227	-5.7113049872770105e-08	1.443895189509603e-06
G03	18	0.015560805797576904	0.014127194881439209	-0.06949281692504883	-0.0014336109161376953	-0.08362001180648804	-0.0004598586046489217	-0.08530711729514318	-0.0009729235226742655	0.0016893611721578439	-8.287888145080968e-07	-2.255683502705441e-06
G03	19	-0.06949281692504883	-0.14072155952453613	-0.32734715938568115	-0.0712287425994873	-0.18662559986114502	-0.0757757982307512	-0.18543426051898537	0.004546430741205532	-0.00119276778339239	6.248900583649686e-07	1.42844123274255e-06
G03	20	-0.32734715938568115	-0.2610466778278351	-0.1524578332901001	0.06630048155784607	0.10858884453773499	0.037395924634959	0.11148320637993966	0.028902334751279846	-0.002893164489213451	2.222171607224599e-06	-1.197352991227918e-06
G03	21	-0.1524578332901001	-0.18904650211334229	-0.22179508209228516	-0.03658866882324219	-0.03274857997894287	-0.056585181664158546	-0.026675666518404695	0.01999849188723757	-0.006073923917453594	-1.979046321265443e-06	1.010456915417901e-06
G03	22	-0.22179508209228516	-0.2605997323989868	-0.3378121852874756	-0.03880465030670166	-0.07721245288848877	-0.05457299659579906	-0.07486276484317644	0.015768001191328096	-0.002350936616083918	3.4509776930535807e-07	1.248570771592017e-06
G03	23	-0.3378121852874756	-0.16696381568908691	0.01898491382598877	0.17084836959838867	0.18594872951507568	0.12593936880462575	0.17829228641800887	0.04491109473911997	0.007655186552257887	-2.093945357051208e-06	1.2565448089252307e-06
G03	24	0.01898491382598877	-0.11840939521789551	-0.06499147415161133	-0.13739430904388428	0.05341792106628418	-0.14863145402971523	0.04347780928626688	0.011236605453798065	0.009942392835962433	5.39532032883816e-07	-2.2810559451302836e-06
G03	25	-0.06499147415161133	-0.017576217651367188	-0.08051204681396484	0.04741525650024414	-0.06293582916259766	0.04485496143226575	-0.06305529920285968	0.002559006507952096	0.0001187781539256777	1.288560026294766e-06	6.91886336348646e-07
G03	26	-0.08051204681396484	-0.18591976165771484	0.03459930419921875	-0.10540771484375	0.2205190658569336	-0.10674997492867444	0.2008015945609407	0.0013426008246856247	0.01971652341502951	-3.407397611843166e-07	9.47880963372838e-07
G03	27	0.03459930419921875	0.010170459747314453	-0.08420896530151367	-0.024428844451904297	-0.09437942504882812	-0.022649750722934847	-0.09335521026715388	-0.0017786066604113943	-0.001022500952797524	-4.870685580554701e-07	-1.7138288767246102e-06
G03	28	-0.08420896530151367	-0.13332653045654297	0.043976783752441406	-0.0491175651550293	0.17730331420898438	-0.05300781147830458	0.16650331739948765	0.0038923277715039693	0.010798197401004683	-2.0814482286878044e-06	1.7994084920425202e-06
G03	29	0.043976783752441406	-0.04503059387207031	-0.08948326110839844	-0.08900737762451172	-0.044452667236328125	-0.08919112199546753	-0.04017983731188002	0.0001818654994403257	-0.004272789261777765	1.878871515481606e-06	-4.066267034197324e-08
G03	30	-0.08948326110839844	-0.21718978881835938	-0.25565624237060547	-0.12770652770996094	-0.038466453552246094	-0.13635038144020095	-0.06511305349409291	0.008644906345286474	0.026647573323893226	-1.052615046459593e-06	-9.73382046409732e-07
G03	31	-0.25565624237060547	-0.22762680053710938	-0.26963233947753906	0.028029441833496094	-0.04200553894042969	0.020032434268729693	-0.06981075543532123	0.007995330290059	0.027806182793660872	1.6772747074011995e-06	-9.6629876933374e-07
G03	32	-0.26963233947753906	-0.5335235595703125	-0.3832674026489258	-0.26389122009277344	0.15025615692138672	-0.28372483505335744	0.08610735145814041	0.01982785511006202	0.06415395726155926	5.759850521980248e-06	-5.151798313063338e-06
G03	33	-0.3832674026489258	-0.39151668548583984	-0.2952919006347656	-0.008249282836914062	0.09622478485107422	-0.05964006471090706	0.018598851921512893	0.05139767506060178	0.07762058337774169	-6.8931866088473015e-06	5.349551819300302e-06
G03	34	-0.2952919006347656	-0.2054605484008789	-0.15721797943115234	0.08983135223388672	0.04824256896972656	0.09584364964203831	0.03106079350291635	-0.006015843138209354	0.017186361747516976	3.5457300575636452e-06	-4.586280706764256e-06
G03	35	-0.15721797943115234	-0.17687606811523438	-0.1877880096435547	-0.01965808868408203	-0.010911941528320312	-0.033607170579146306	0.12097818675915684	0.013949637140776683	-0.13189577898386773	-5.55245712408059e-07	5.650696389025711e-06
G04	0	0.0	0.015479683876037598	-0.03955453634262085	0.015479683876037598	-0.05503422021865845	0.013513166374363283	-0.057060158725867116	0.0019661093352829617	0.0020267307782886324	4.0816639135243804e-07	-7.922710800745136e-07
G04	1	-0.03955453634262085	0.04180777072906494	0.05865359306335449	0.08136230707168579	0.01684582233428955	0.076276769701902	0.024005333146971564	0.005085755130279701	-0.007162520650779505	-2.1776049591304414e-07	3.0098380974924455e-06
G04	2	0.05865359306335449	-0.03148365020751953	-0.05412554740905762	-0.09013724327087402	-0.022641897201538086	-0.0857619186974905	-0.027434066054044748	-0.004374407794319822	0.004793265360833916	-9.167790636990802e-07	-1.0965083272543308e-06
G04	3	-0.05412554740905762	0.02462148666381836	-0.025034427642822266	0.07874703407287598	-0.049655914306640625	0.07338450133547314	-0.03998026152799716	0.005362933536029187	-0.009676534034506662	-4.0079862635017394e-07	8.812558631998701e-07
G04	4	-0.025034427642822266	-0.04415130615234375	-0.018359661102294922	-0.019116878509521484	0.025791645050048828	-0.024307556820814646	0.0038233217678438902	0.005191958787946815	0.021968986018683467	-1.280476653653384e-06	-6.627364785849466e-07
G04	5	-0.018359661102294922	0.11193323135375977	-0.013159751892089844	0.1302928924560547	-0.1250929832458496	0.12112389799767725	-0.10401386535531787	0.009169735253865746	-0.021081137962307983	-7.40795488313184e-07	2.020071776243082e-06
G04	6	-0.013159751892089844	0.007610321044921875	-0.10800743103027344	0.02077007293701172	-0.11561775207519531	0.024362944799481645	-0.11346937930246248	-0.00359204569690158	-0.002148632261786604	-8.261655683461377e-07	2.5948905377215503e-07
G04	7	-0.10800743103027344	-0.06518077850341797	-0.06647872924804688	0.04282665252685547	-0.0012979507446289062	0.03576029298697647	-0.00034884119117073453	0.007065967639645315	-0.0009472316746929107	3.919002336816302e-07	-1.8778787652610346e-06
G04	8	-0.06647872924804688	-0.047374725341796875	0.019731521606445312	0.01910400390625	0.06710624694824219	0.020504236344704614	0.06381236599802786	-0.0013997170461664409	0.0032913768880188377	-5.153922881732768e-07	2.504062195485268e-06
G04	9	0.019731521606445312	0.044132232666015625	0.04282736778259277	0.024400711059570312	-0.0013048648834228516	0.03298854025092002	0.023543839292955088	-0.008588913949089741	-0.02484793203589064	1.0847577400358022e-06	-7.721404872707005e-07
G04	10	0.04282736778259277	0.0423891544342041	-0.060097455978393555	-0.0004382133483886719	-0.10248661041259766	0.009464701569040113	-0.09665454560840958	-0.00990307940161329	-0.005831382889820214	1.6448418450540347e-07	-6.819143678615802e-07
G04	11	-0.060097455978393555	-0.13243532180786133	-0.08387172222137451	-0.07233786582946777	0.048563599586486816	-0.08400354921460784	0.044536731072607916	0.01166682695514157	0.0040266216442318425	-1.1435700015008593e-06	2.468696470581122e-07
G04	12	-0.08387172222137451	-0.030810534954071045	-0.3588539958000183	0.05306118726730347	-0.32804346084594727	0.045215935671201524	-0.34649629187208264	0.007844703314559179	0.018452330002797983	5.482815427643173e-07	5.010233373918885e-07
G04	13	-0.3588539958000183	-0.3201913833618164	0.24132704734802246	0.038662612438201904	0.5615184307098389	0.025649750913560476	0.5508934559742955	0.013014014207514156	0.010622149544944367	-1.152682872727906e-06	2.8251905989911535e-06
G04	14	0.24132704734802246	0.19410181045532227	0.0367281436920166	-0.047225236892700195	-0.15737366676330566	-0.03043259976226209	-0.1582628845197025	-0.016790125638514952	0.0008909632827760854	-2.5114919231516986e-06	-1.745526379253598e-06
G04	15	0.0367281436920166	0.13354778289794922	0.09017479419708252	0.09681963920593262	-0.0433729887008667	0.09692337877958743	-0.0389158173862199	-0.00010583528924865018	-0.004457171658099335	2.0957155938405034e-06	3.434525376231311e-10
G04	16	0.09017479419708252	0.06491279602050781	0.31665706634521484	-0.025261998176574707	0.25174427032470703	-0.02009724065895513	0.25252831010609444	-0.005164202474548072	-0.0007842625532351998	-5.55043071505737e-07	2.2277184778644876e-07
G04	17	0.31665706634521484	0.2219017744064331	0.1255408525466919	-0.09475529193878174	-0.09636092185974121	-0.05944107407021115	-0.0892178998134101	-0.035316136136033	-0.0071428151487329394	1.918267462416856e-06	-2.068975981650567e-07
G04	18	0.1255408525466919	0.05084794759750366	-0.03880786895751953	-0.07469290494918823	-0.0896558165550232	-0.06127609104660525	-0.07785747080946681	-0.013414070314165603	-0.0118017443637069	-2.743588417376819e-06	3.398618150518562e-06
G04	19	-0.03880786895751953	-0.048781394958496094	-0.17500397562980652	-0.009973526000976562	-0.12622258067131042	-0.013088383490850952	-0.10093579554313958	0.0031152910646809473	-0.025285985884634488	-4.335748065575906e-07	-7.992435363535222e-07
G04	20	-0.17500397562980652	-0.25197675824165344	0.007991790771484375	-0.07697278261184692	0.2599685490131378	-0.08350492518863262	0.2437703094648836	0.006534694373002137	0.016196360533074577	-2.551796216443414e-06	1.8790151796455046e-06
G04	21	0.007991790771484375	-0.23855578899383545	-0.23842716217041016	-0.24654757976531982	0.00012862682342529297	-0.25805201039112446	-0.031874842253315994	0.011504911590640265	0.03200228839656269	-4.809648356252083e-07	1.1806801785974042e-06
G04	22	-0.23842716217041016	-0.24542641639709473	-0.48910844326019287	-0.00699925422668457	-0.24368202686309814	-0.02031956120172218	-0.25102608532705617	0.013319290892169156	0.007347319043681411	1.0160828684546708e-06	-3.2605797233853373e-06
G04	23	-0.48910844326019287	-0.5782278776168823	-0.40929532051086426	-0.08911943435668945	0.16893255710601807	-0.15086700835684708	0.1404820002409659	0.0617457677221912	0.028450368948945953	1.806277966420744e-06	1.8791610620350063e-07
G04	24	-0.40929532051086426	-0.40081214904785156	-0.27130937576293945	0.008483171463012695	0.1295027732849121	-0.034696923794452994	0.09673939383613009	0.043181742831478964	0.03276477449842405	-1.6475740132748662e-06	-1.3950496420556124e-06
G04	25	-0.27130937576293945	-0.2693636417388916	-0.38084840774536133	0.0019457340240478516	-0.11148476600646973	-0.007831681895348552	-0.1265053873405384	0.009774969462513876	0.015020504010816255	2.4464568825280364e-06	1.1732325241875508e-07
G04	26	-0.38084840774536133	-0.3546171188354492	-0.527897834777832	0.02623128890991211	-0.1732807159423828	0.007166566507073924	-0.21075592152387834	0.01906506566193633	0.03747358010553851	-3.432590981455874e-07	1.625475957021949e-06
G04	27	-0.527897834777832	-0.5551519393920898	-0.6093459129333496	-0.027254104614257812	-0.054193973541259766	-0.03910328104457528	-0.10699816658293893	0.01185096367882621	0.05280054881906074	-1.7872485087444545e-06	3.6442226184207893e-06
G04	28	-0.6093459129333496	-0.6598348617553711	-0.9437389373779297	-0.050488948822021484	-0.2839040756225586	-0.078919912524408	-0.36108118155800595	0.028434150852415213	0.0771762024300427	-3.1871500286995147e-06	9.035054046591107e-07
G04	29	-0.9437389373779297	-1.0737485885620117	-0.848393440246582	-0.13000965118408203	0.2253551483154297	-0.20561408804361836	0.12418658823236273	0.07560400916068793	0.10116481042845993	4.276988483931099e-07	3.749654607032582e-06
G04	30	-0.848393440246582	-0.6947050094604492	-0.7027387619018555	0.1536884307861328	-0.00803375244140625	0.09260600248155848	-0.09274713415603575	0.06108614357457809	0.08471445393407862	-3.715270003756821e-06	-1.0722194491163961e-06
G04	31	-0.7027387619018555	-0.6516618728637695	-0.49820804595947266	0.05107688903808594	0.15345382690429688	0.03513889628786304	0.09152117531529025	0.015940415288797083	0.06192845245675527	-2.422538574187172e-06	4.199132251359039e-06
G04	32	-0.49820804595947266	-0.9059877395629883	-1.069443702697754	-0.4077796936035156	-0.16345596313476562	-0.4428549894623419	-0.2591741426058569	0.03507666924493369	0.0957203946747116	-1.3733861073950138e-06	-2.2152036203149095e-06
G04	33	-1.069443702697754	-1.0464191436767578	-0.8954944610595703	0.023024559020996094	0.1509246826171875	-0.023260870731382347	0.02229238173174075	0.04628465092338119	0.12863069847176822	7.788289970722673e-07	1.6024136786363385e-06
G04	34	-0.8954944610595703	-0.9049310684204102	-0.7351818084716797	-0.009436607360839844	0.16974925994873047	-0.08667454839606148	-0.023161389059674464	0.07723758292783978	0.19291408383838915	3.5810738197028513e-07	-3.434829984438892e-06
G04	35	-0.7351818084716797	-0.7752895355224609	-1.4267616271972656	-0.04010772705078125	-0.6514720916748047	-0.061089812586278325	0.29045505151532236	0.02098389501619069	-0.9419319988331569	-1.8094806936153063e-06	4.8556430289892205e-06
B01	0	0.0	-0.10243752598762512	-0.0742935836315155	-0.10243752598762512	0.02814394235610962	-0.10828355113958033	-0.00791786077566381	0.005847263128535118	0.036060900234245796	-1.237976579915312e-06	9.028975276326179e-07
B01	1	-0.0742935836315155	0.08014035224914551	0.047144144773483276	0.154433935880661	-0.03299620747566223	0.14479620515896263	-0.02018310179125332	0.009637138487543329	-0.012813082665067654	5.922341550501642e-07	-2.3019341256497877e-08
B01	2	0.047144144773483276	-0.022009611129760742	0.027890682220458984	-0.06915375590324402	0.04990029335021973	-0.06643807126655754	0.04708990031233673	-0.002714948225708648	0.002810524896249271	-7.364109778293382e-07	-1.318583662743289e-07
B01	3	0.027890682220458984	0.12275314331054688	0.0642542839050293	0.09486246109008789	-0.05849885940551758	0.09862558498970642	-0.04358634513697335	-0.0037633690402174708	-0.01491558931965975	2.4514059894509277e-07	3.0750511155197557e-06
B01	4	0.0642542839050293	-0.07704305648803711	-0.07232046127319336	-0.1412973403930664	0.00472259521484375	-0.12807879125156385	-0.011335062602933599	-0.013215515412328183	0.01605530507216768	-3.0337291743731676e-06	2.3527456096683608e-06
B01	5	-0.07232046127319336	-0.07809209823608398	-0.14360570907592773	-0.005771636962890625	-0.06551361083984375	-0.007867021834936483	-0.0844385020409627	0.0020971178200574203	0.018924310114192877	-1.7329480115624296e-06	5.810869260769458e-07
B01	6	-0.14360570907592773	-0.2098073959350586	-0.17310285568237305	-0.06620168685913086	0.03670454025268555	-0.06742986359418457	0.006439072070270696	0.0012286732239632503	0.030264437938494593	-4.964889095404601e-07	1.0302439202580782e-06
B01	7	-0.17310285568237305	-0.1289682388305664	-0.18910694122314453	0.04413461685180664	-0.060138702392578125	0.034335558398110866	-0.05886891820257234	0.009798875738475363	-0.0012695925464205524	1.8271522041202193e-07	-1.9164358523249617e-07
B01	8	-0.18910694122314453	-0.18304109573364258	-0.09038949012756348	0.006065845489501953	0.0926516056060791	0.003765515430584689	0.07480741724473194	0.002301348716241611	0.017842118592880235	-1.0186573243470623e-06	2.069768466922417e-06
B01	9	-0.09038949012756348	-0.0585329532623291	-0.14707398414611816	0.031856536865234375	-0.08854103088378906	0.027266598052131386	-0.08648281836786831	0.004592038980660136	-0.002058918657953046	-2.1001675571466483e-06	7.061420322918011e-07
B01	10	-0.14707398414611816	-0.2735774517059326	-0.18135643005371094	-0.12650346755981445	0.09222102165222168	-0.12354269491320369	0.1073903045991964	-0.0029610780134756848	-0.015169201258918422	3.05366864919443e-07	-8.168805630537346e-08
B01	11	-0.18135643005371094	-0.2321164608001709	-0.14183270931243896	-0.05076003074645996	0.09028375148773193	-0.048689942726489466	0.06730993240032812	-0.0020701188880709077	0.02297410474991246	3.086810041255661e-08	-2.856625086478104e-07
B01	12	-0.14183270931243896	-0.11988122761249542	-0.265336275100708	0.021951481699943542	-0.14545504748821259	0.020778661176685587	-0.1607608203637123	0.0011717348110182914	0.01530670090078656	1.0857122396644436e-06	-9.280252868358596e-07
B01	13	-0.265336275100708	-0.2064037024974823	-0.08182311058044434	0.05893257260322571	0.12458059191703796	0.049198754727111105	0.11763817288668665	0.009732440500905857	0.006943233258728195	1.3773752087463398e-06	-8.142283768851344e-07
B01	14	-0.08182311058044434	-0.005073070526123047	-0.16352880001068115	0.07675004005432129	-0.1584557294845581	0.0533676483294907	-0.14576753918048668	0.02338264645477639	-0.012689515160494887	-2.5472994580333364e-07	1.3248564234638605e-06
B01	15	-0.16352880001068115	0.05589747428894043	-0.3043936491012573	0.21942627429962158	-0.36029112339019775	0.2202174531952788	-0.3574763600803705	-0.0007905085587096134	-0.0028163332601741074	-6.703369475912803e-07	1.5699503468484012e-06
B01	16	-0.3043936491012573	-0.30824482440948486	0.15472769737243652	-0.003851175308227539	0.4629725217819214	-0.020526470700752336	0.4538247050735327	0.016677593234958633	0.009146331468000746	-2.297842433835644e-06	1.485240387965464e-06
B01	17	0.15472769737243652	0.24921667575836182	0.272441565990448	0.09448897838592529	0.02322489023208618	0.11361762294637312	0.029211752066527374	-0.01912716454149732	-0.005987922405113755	-1.480018950505979e-06	1.0605706725619335e-06
B01	18	0.272441565990448	0.11021274328231812	0.27731549739837646	-0.16222882270812988	0.16710275411605835	-0.13427231892212044	0.182158243634714	-0.027954739158178643	-0.015057034348231024	-1.7646278308025565e-06	1.5448295753728303e-06
B01	19	0.27731549739837646	0.2793149948120117	0.12257969379425049	0.001999497413635254	-0.15673530101776123	0.030972471554716163	-0.12864235376382904	-0.02897321964854438	-0.028091604713945756	2.4550746346996277e-07	-1.3425399864319676e-06
B01	20	0.12257969379425049	-0.12362861633300781	-0.007427811622619629	-0.2462083101272583	0.11620080471038818	-0.2590040705653255	0.1167946758241862	0.012793130290233656	-0.0005913270095905809	2.6301478335266637e-06	-2.544104207413689e-06
B01	21	-0.007427811622619629	-0.31050145626068115	-0.8714298009872437	-0.3030736446380615	-0.5609283447265625	-0.3184971261823829	-0.6140668361825955	0.015423154589517374	0.05313897328884107	3.2695480400857235e-07	-4.818328080136158e-07
B01	22	-0.8714298009872437	-0.6135173439979553	-0.5573878288269043	0.25791245698928833	0.056129515171051025	0.22473225606167957	0.04348461564100026	0.03317983811509745	0.012645618804390565	3.628125113119829e-07	-7.192743397971268e-07
B01	23	-0.5573878288269043	-0.4186604619026184	-0.6651731133460999	0.1387273669242859	-0.24651265144348145	0.06334083972352644	-0.2656035771507028	0.07538728579632814	0.0190896140643588	-7.585955686950641e-07	1.3116428625725707e-06
B01	24	-0.6651731133460999	-0.46414756774902344	-0.6774299144744873	0.20102554559707642	-0.21328234672546387	0.055527984152265786	-0.24542854009063408	0.14549852638751926	0.032146937169162115	-9.649427086255713e-07	-7.438039918983286e-07
B01	25	-0.6774299144744873	-0.5470421314239502	-0.42296266555786133	0.1303877830505371	0.12407946586608887	0.14186669035967603	0.07374208022811868	-0.0114819558780484	0.05034109176956297	3.0485689094805757e-06	-3.706131592784434e-06
B01	26	-0.42296266555786133	-0.8652663230895996	-0.7246298789978027	-0.4423036575317383	0.14063644409179688	-0.4595946118448109	0.04566054994872182	0.01728799538755252	0.09497845622921058	2.9589255200745956e-06	-2.5620861355199476e-06
B01	27	-0.7246298789978027	-1.0349464416503906	-1.1275501251220703	-0.3103165626525879	-0.09260368347167969	-0.3287988356951752	-0.1847969419328443	0.018479943690018832	0.09219553007969358	2.329352568481921e-06	-2.2716185289761714e-06
B01	28	-1.1275501251220703	-1.516718864440918	-1.916264533996582	-0.38916873931884766	-0.39954566955566406	-0.435449009522205	-0.5641400080621599	0.046279191693579615	0.1645934811982963	1.078509777726385e-06	8.573081995422172e-07
B01	29	-1.916264533996582	-1.9767999649047852	-1.2970085144042969	-0.060535430908203125	0.6797914505004883	-0.22191913665176966	0.4345797231530797	0.16138714971402845	0.24520629237916136	-3.4439704619249056e-06	5.434968247230998e-06
B01	30	-1.2970085144042969	-1.2477302551269531	-1.1150035858154297	0.04927825927734375	0.13272666931152344	-0.042723655818623474	-0.08478499718625732	0.09200646000702278	0.2175125324237298	-4.544911055559542e-06	-8.659259490562121e-07
B01	31	-1.1150035858154297	-1.0545806884765625	-1.0172157287597656	0.06042289733886719	0.037364959716796875	0.014813706170625773	-0.0781078281731685	0.04560640800822924	0.1154737242272581	2.7831600121763778e-06	-9.363372927007063e-07
B01	32	-1.0172157287597656	-0.8918046951293945	-0.3935518264770508	0.1254110336303711	0.49825286865234375	0.052107165517092824	0.35103916639556076	0.07330168632199019	0.1472148704056626	2.1817912880806034e-06	-1.1681488796266848e-06
B01	33	-0.3935518264770508	-0.38422107696533203	-0.24147319793701172	0.00933074951171875	0.1427478790283203	-0.004560266783444669	0.07420483636019015	0.013893582300649632	0.06853597760949826	-2.566005486315248e-06	7.06505863190543e-06
B01	34	-0.24147319793701172	-0.2320709228515625	-0.10283946990966797	0.009402275085449219	0.12923145294189453	0.019389460011757176	0.12095128496005225	-0.009980500264475056	0.00828086085885138	-6.684661832734307e-06	-6.928770086567226e-07
B01	35	-0.10283946990966797	-0.09380626678466797	0.08938217163085938	0.009033203125	0.18318843841552734	0.014877632338557545	0.3003359768109988	-0.005847607265741406	-0.1171432592451449	3.1780521838609133e-06	-4.2791503265249276e-06
B02	0	0.0	-0.014326035976409912	-0.03401175141334534	-0.014326035976409912	-0.019685715436935425	-0.015677616264785588	-0.026584710920869628	0.0013517510098224328	0.006901121450449521	-1.7072144675722711e-07	-2.1259665152761897e-06
B02	1	-0.03401175141334534	0.16181695461273193	0.05114459991455078	0.19582870602607727	-0.11067235469818115	0.18033540298862194	-0.08444247035741648	0.015492073502309245	-0.026230691346520847	1.2295351460855919e-06	8.070057561718191e-07
B02	2	0.05114459991455078	-0.04036283493041992	0.012413501739501953	-0.0915074348449707	0.052776336669921875	-0.08846756566540714	0.04675560548082813	-0.0030394816781952536	0.006020347736834804	-3.875013683055095e-07	3.8345225893826607e-07
B02	3	0.012413501739501953	0.09971332550048828	-0.030033111572265625	0.08729982376098633	-0.1297464370727539	0.08841512086580194	-0.11290873807566637	-0.0011163289152462674	-0.016838608528900234	1.0318104306517029e-06	9.09531812698372e-07
B02	4	-0.030033111572265625	-0.2179098129272461	-0.18639850616455078	-0.18787670135498047	0.03151130676269531	-0.1876618698025624	-0.019275102534912603	-0.0002156098655841654	0.05078827782425033	7.783131660832332e-07	-1.868526642412327e-06
B02	5	-0.18639850616455078	-0.2497119903564453	-0.25667381286621094	-0.06331348419189453	-0.006961822509765625	-0.07332313938643059	-0.056737835163711114	0.010010117595876805	0.04977791026207998	-4.6240134074504446e-07	-1.8976081344879159e-06
B02	6	-0.25667381286621094	-0.26740169525146484	-0.3192915916442871	-0.010727882385253906	-0.051889896392822266	-0.015521705017496723	-0.09231432418443382	0.004790565699570926	0.04042575031422993	3.2569326718911995e-06	-1.3225226183632977e-06
B02	7	-0.3192915916442871	-0.30309486389160156	-0.33910465240478516	0.016196727752685547	-0.036009788513183594	0.0007130327127684577	-0.03391515805653578	0.015483207944309095	-0.002093922262921397	4.87095607994148e-07	-7.081937264195436e-07
B02	8	-0.33910465240478516	-0.3831019401550293	-0.15395259857177734	-0.04399728775024414	0.22914934158325195	-0.04791810316929705	0.19632105416484835	0.00392171164460816	0.032827656180040216	-8.962255552500548e-07	6.312383633855223e-07
B02	9	-0.15395259857177734	-0.14123868942260742	-0.3519325256347656	0.012713909149169922	-0.2106938362121582	0.007368419709328222	-0.20259559976412264	0.005345116531639382	-0.008097303593542993	3.729082023173902e-07	-9.32854492541324e-07
B02	10	-0.3519325256347656	-0.3081979751586914	-0.2545173168182373	0.04373455047607422	0.0536806583404541	0.04636178059911056	0.06642731242540001	-0.0026305079837478087	-0.012745820209336844	3.2778607114694255e-06	-8.338756090631172e-07
B02	11	-0.2545173168182373	-0.32101500034332275	-0.08282697200775146	-0.06649768352508545	0.2381880283355713	-0.0645704320335807	0.22559302948418303	-0.001926648615620833	0.012595437903121898	-6.028758839115612e-07	-4.3905173363611993e-07
B02	12	-0.08282697200775146	-0.004377961158752441	-0.11828756332397461	0.07844901084899902	-0.11390960216522217	0.0732381452421027	-0.13284156152878834	0.005208584017094328	0.018935481034770923	2.281589801991779e-06	-3.5216712047469838e-06
B02	13	-0.11828756332397461	-0.06737670302391052	-0.06642651557922363	0.05091086030006409	0.0009501874446868896	0.04730245517025056	-0.002475709756728506	0.003607655090772627	0.0034251645428644145	7.500390409032054e-07	7.326585509809247e-07
B02	14	-0.06642651557922363	-0.19032931327819824	-0.28677284717559814	-0.12390279769897461	-0.0964435338973999	-0.1419995001863006	-0.09042315677995827	0.018096588125095736	-0.006019624298646801	1.1436223024130499e-07	-7.528187948319803e-07
B02	15	-0.28677284717559814	-0.03734242916107178	-0.3788834810256958	0.24943041801452637	-0.341541051864624	0.25004704509483716	-0.34448844320160676	-0.0006178880550571857	0.002948716657815512	1.2609747463775784e-06	-1.3253208327847557e-06
B02	16	-0.3788834810256958	-0.4601536989212036	0.11472827196121216	-0.08127021789550781	0.5748819708824158	-0.10258102571128269	0.5618167424512931	0.021310741294705123	0.013063261242549843	6.652106975630831e-08	1.9671885728351525e-06
B02	17	0.11472827196121216	0.1488797664642334	0.3163483142852783	0.03415149450302124	0.16746854782104492	0.042878759663119936	0.18394012247238045	-0.008726482868301605	-0.016471021415122758	-7.822917970912169e-07	-5.532362127719237e-07
B02	18	0.3163483142852783	0.14656168222427368	0.3017786741256714	-0.16978663206100464	0.1552169919013977	-0.13717252980171546	0.19548206297205306	-0.03261468512840871	-0.04026477741410345	5.828691195322588e-07	-2.936565519084944e-07
B02	19	0.3017786741256714	0.4026782512664795	0.24428820610046387	0.1008995771408081	-0.15839004516601562	0.12896178007053116	-0.11977277772220657	-0.028062345131544264	-0.03861694906175017	1.422018212071663e-07	-3.1838205888368165e-07
B02	20	0.24428820610046387	0.08305668830871582	0.3821077346801758	-0.16123151779174805	0.29905104637145996	-0.15437838156226524	0.30191415271257827	-0.00685280834839902	-0.0028626192189056543	-3.2788108378367653e-07	-4.871222126501262e-07
B02	21	0.3821077346801758	0.0462040901184082	-0.45590949058532715	-0.3359036445617676	-0.5021135807037354	-0.3140552034786123	-0.5641300593078539	-0.021849385460699255	0.06201603135069084	9.443775439432756e-07	4.472534276822593e-07
B02	22	-0.45590949058532715	-0.46587109565734863	-0.38541942834854126	-0.009961605072021484	0.08045166730880737	-0.02352419181585874	0.06575218300586583	0.013562568971199895	0.014699639076810517	1.7772637361801458e-08	-1.5477386897111423e-07
B02	23	-0.38541942834854126	-0.05350369215011597	-0.04481220245361328	0.3319157361984253	0.008691489696502686	0.2517311791305583	0.011262011663982996	0.08018471547955008	-0.002570808119770618	-1.584116831043758e-07	2.8615229030748424e-07
B02	24	-0.04481220245361328	0.025260448455810547	-0.16353249549865723	0.07007265090942383	-0.18879294395446777	0.0340688470710383	-0.17779542133617712	0.03600684140469945	-0.010998940771068	-3.037566313923712e-06	1.418152777377113e-06
B02	25	-0.16353249549865723	-0.13444828987121582	0.2893972396850586	0.029084205627441406	0.4238455295562744	0.04724387618830317	0.415416305809134	-0.018161616149365144	0.008429457990347944	1.945588503381168e-06	-2.3424320755305317e-07
B02	26	0.2893972396850586	0.22585153579711914	0.25829219818115234	-0.06354570388793945	0.0324406623840332	-0.04858524522040053	0.05204688087916831	-0.014957466011161769	-0.01960780926856885	-2.9926563771542902e-06	1.5907734337433643e-06
B02	27	0.25829219818115234	-0.04477882385253906	-0.17277240753173828	-0.3030710220336914	-0.12799358367919922	-0.29516252510835084	-0.13134071126544344	-0.007907596104096776	0.0033489238704865892	-9.00821243793315e-07	-1.7962842423641101e-06
B02	28	-0.17277240753173828	-0.48236751556396484	-0.8207263946533203	-0.30959510803222656	-0.33835887908935547	-0.3172610890973755	-0.3873241114008579	0.0076653282647346915	0.04896286416657303	6.528004142386523e-07	2.3681449293766477e-06
B02	29	-0.8207263946533203	-0.7807645797729492	-0.4476795196533203	0.039961814880371094	0.3330850601196289	-0.03478856139969633	0.2235143696043329	0.07474897614914733	0.10957166150099962	1.4001309200928347e-06	-9.709857036188652e-07
B02	30	-0.4476795196533203	-0.2309284210205078	-0.23053932189941406	0.2167510986328125	0.00038909912109375	0.18209060201604022	-0.07408397333814354	0.034659993265878875	0.07447357145381661	5.033508934104702e-07	-4.989945793232309e-07
B02	31	-0.23053932189941406	-0.13612937927246094	-0.11199188232421875	0.09440994262695312	0.024137496948242188	0.09336734582920575	0.011809087357066594	0.0010422933757302522	0.012326536126177401	3.034220171227453e-07	1.8734649981366758e-06
B02	32	-0.11199188232421875	-0.057059288024902344	0.7235689163208008	0.054932594299316406	0.7806282043457031	0.05176745149185713	0.7155968029094539	0.0031660788311141386	0.06503653406927357	-9.360236548627832e-07	-5.132633024373945e-06
B02	33	0.7235689163208008	0.6803045272827148	0.9188070297241211	-0.04326438903808594	0.23850250244140625	0.06092159087760578	0.30501979300583804	-0.10418689733073938	-0.06652077913310284	9.174150477075926e-07	3.488568671050629e-06
B02	34	0.9188070297241211	0.6642055511474609	0.5631370544433594	-0.25460147857666016	-0.10106849670410156	-0.07325534434876041	0.08964056428546185	-0.18134702097049793	-0.19070738332808368	8.867425982383992e-07	-1.6776614799596246e-06
B02	35	0.5631370544433594	0.5009899139404297	1.1295089721679688	-0.06214714050292969	0.6285190582275391	0.005877474907064806	-0.18508792919508688	-0.06802808596066456	0.8136050077318817	3.4705506700705158e-06	1.979690743780793e-06
B03	0	0.0	-0.08759775757789612	-0.0760306715965271	-0.08759775757789612	0.011567085981369019	-0.09173519192542479	-0.019974171867562784	0.004138431599073122	0.031538986530739166	-9.972515444545138e-07	2.2713181926370396e-06
B03	1	-0.0760306715965271	-0.04287683963775635	-0.07635772228240967	0.03315383195877075	-0.03348088264465332	0.029962977824866677	-0.039929135599240106	0.00319285360691568	0.006449196069081016	-1.9994730116046355e-06	-9.431144942298464e-07
B03	2	-0.07635772228240967	0.09106111526489258	0.10720109939575195	0.16741883754730225	0.016139984130859375	0.16274316884502782	0.026484887099011423	0.004674956768774351	-0.010344597431456617	7.119335000763116e-07	-3.0553669543020856e-07
B03	3	0.10720109939575195	0.1993570327758789	0.24952983856201172	0.09215593338012695	0.05017280578613281	0.09982380457637974	0.06605355095934118	-0.007670214490144024	-0.015880601557475393	2.343293891239606e-06	-1.4361573297261288e-07
B03	4	0.24952983856201172	0.28919315338134766	0.1622176170349121	0.03966331481933594	-0.12697553634643555	0.06998092220505836	-0.06386267839721493	-0.030315567122139425	-0.06311364458059421	-2.0402635829974702e-06	7.866313735949149e-07
B03	5	0.1622176170349121	0.2211012840270996	0.17792272567749023	0.0588836669921875	-0.043178558349609375	0.07530484340748617	-0.005635434563079245	-0.016421544020812168	-0.037542851603524774	3.6760551350156767e-07	-2.7218300535647444e-07
B03	6	0.17792272567749023	0.19764137268066406	0.33723878860473633	0.019718647003173828	0.13959741592407227	0.02081669293135724	0.16328106981408555	-0.0010975821035106442	-0.023684543512292655	-4.638246727667328e-07	8.896222793708386e-07
B03	7	0.33723878860473633	0.34862804412841797	0.25603437423706055	0.01138925552368164	-0.09259366989135742	0.02808333314489453	-0.09580567030459974	-0.016693234207537988	0.0032116807191981023	-8.434136749002619e-07	3.196940442195921e-07
B03	8	0.25603437423706055	0.2955608367919922	0.2269153594970703	0.03952646255493164	-0.06864547729492188	0.037207270914906165	-0.03617158320450953	0.0023188425945433353	-0.032472735023721555	3.4904548214340775e-07	-1.1590666907923541e-06
B03	9	0.2269153594970703	0.23529982566833496	0.29883360862731934	0.008384466171264648	0.06353378295898438	0.0028170173044357316	0.08943470771376685	0.005565588475764459	-0.025901328917013078	1.8603910644579558e-06	4.041622305717141e-07
B03	10	0.29883360862731934	0.13594508171081543	0.13779032230377197	-0.1628885269165039	0.001845240592956543	-0.1761571665540571	-0.0078103250486387665	0.01327009436416796	0.009653871877683115	-1.4547266147559024e-06	1.6937639121944459e-06
B03	11	0.13779032230377197	0.17486345767974854	0.16207033395767212	0.03707313537597656	-0.012793123722076416	0.04103770555276448	0.007671111973385214	-0.003963230878578959	-0.020464543245068634	-1.3392982089595286e-06	3.075496070037431e-07
B03	12	0.16207033395767212	0.23647087812423706	0.37955084443092346	0.07440054416656494	0.1430799663066864	0.07617351894303381	0.13923732790475896	-0.0017733788244170684	0.0038428027346739746	4.0404794819648426e-07	-1.6433274652952884e-07
B03	13	0.37955084443092346	0.4280627965927124	-0.23219168186187744	0.04851195216178894	-0.6602544784545898	0.05913234599927586	-0.6475836084578548	-0.010618851516096189	-0.012670404842461246	-1.5423213907302114e-06	-4.651542738105807e-07
B03	14	-0.23219168186187744	-0.08480381965637207	-0.22597277164459229	0.14738786220550537	-0.14116895198822021	0.1307530712677647	-0.1379943175345284	0.016632378830890693	-0.0031744104201698285	2.4121068499805e-06	-2.2403352198732684e-07
B03	15	-0.22597277164459229	-0.059481024742126465	0.10370457172393799	0.16649174690246582	0.16318559646606445	0.1670882255782471	0.16255472428282405	-0.0005941497643671238	0.0006306302309339504	-2.3289114141518408e-06	2.4195230644919255e-07
B03	16	0.10370457172393799	0.0739513635635376	0.18519318103790283	-0.02975320816040039	0.11124181747436523	-0.023894727799333826	0.11315259397518651	-0.005858694079571653	-0.0019140241399372522	2.1371850508853513e-07	3.247639115975913e-06
B03	17	0.18519318103790283	0.41465550661087036	0.4199676513671875	0.22946232557296753	0.005312144756317139	0.24883247290321353	0.0262791798720301	-0.019370043345092985	-0.020966680102585164	-1.039851530160174e-07	-3.55013127797954e-07
B03	18	0.4199676513671875	0.32527199387550354	0.4385792016983032	-0.09469565749168396	0.11330720782279968	-0.05554860264661121	0.15889081282670237	-0.039148052631820265	-0.04558051818663711	9.977867475169377e-07	-3.0868172655740267e-06
B03	19	0.4385792016983032	0.6587250232696533	0.6259787082672119	0.2201458215713501	-0.032746315002441406	0.24248655482303105	-0.06054552024504327	-0.022344982036138772	0.027800736622426492	4.248784457816512e-06	-1.5313798246152643e-06
B03	20	0.6259787082672119	0.6492972373962402	0.716538667678833	0.02331852912902832	0.06724143028259277	0.05072160671611137	0.07391301486161628	-0.02740109300222665	-0.006669927311068219	-1.9845848563959656e-06	-1.657267955285091e-06
B03	21	0.716538667678833	0.9863787889480591	0.5997415781021118	0.2698401212692261	-0.38663721084594727	0.3094606235676758	-0.3228393566268562	-0.03962113472914608	-0.06379923194374137	6.324306963678694e-07	1.3777246503088314e-06
B03	22	0.5997415781021118	0.38216161727905273	0.4614119529724121	-0.21757996082305908	0.07925033569335938	-0.14474834271555514	0.114869549637856	-0.07282888585355402	-0.03562213165896401	-2.7322539499219367e-06	2.9177144673792066e-06
B03	23	0.4614119529724121	1.0208401083946228	0.6594347953796387	0.5594281554222107	-0.36140531301498413	0.5876854502454432	-0.3073670887145572	-0.028257429417570146	-0.05403889616883445	1.345943376751535e-07	6.718684075202042e-07
B03	24	0.6594347953796387	0.6181483268737793	0.21128273010253906	-0.041286468505859375	-0.40686559677124023	0.01329650040580288	-0.34815576075451643	-0.05458204066434458	-0.05870916193231346	-9.282473176774886e-07	-6.740844103458876e-07
B03	25	0.21128273010253906	0.2324237823486328	0.09063935279846191	0.02114105224609375	-0.1417844295501709	0.033382250906871525	-0.10760042098394118	-0.012239721151736875	-0.034184614957743914	-1.4775090408994385e-06	6.063915141962806e-07
B03	26	0.09063935279846191	-1.303915023803711	-0.9838309288024902	-1.3945543766021729	0.3200840950012207	-1.3918968170457122	0.15447387622626174	-0.002658924102431487	0.16561174563223624	1.3645459709110686e-06	-1.526857277278637e-06
B03	27	-0.9838309288024902	-1.24192476272583	-1.2464485168457031	-0.25809383392333984	-0.004523754119873047	-0.28639888547615866	-0.12089279288821053	0.028301489402827854	0.1163728255566199	3.5621499909627152e-06	-3.786788282417186e-06
B03	28	-1.2464485168457031	-1.103912353515625	-2.231668472290039	0.14253616333007812	-1.127756118774414	0.08806407583103182	-1.2469287092753092	0.05447217652598065	0.11917601832291591	-8.902693434797299e-08	-3.427822020785065e-06
B03	29	-2.231668472290039	-3.1613216400146484	-2.4649620056152344	-0.9296531677246094	0.6963596343994141	-1.1213023428648876	0.3264368332727605	0.19164270954901863	0.3699261302861767	6.4655912596078835e-06	-3.329159523168812e-06
B03	30	-2.4649620056152344	-3.076059341430664	-2.7743682861328125	-0.6110973358154297	0.30169105529785156	-0.7673234694007116	-0.11136002760513031	0.15622906848513995	0.413046896118444	-2.9348998580314145e-06	4.1867845378962265e-06
B03	31	-2.7743682861328125	-2.5087080001831055	-2.5112314224243164	0.26566028594970703	-0.0025234222412109375	0.14974697906692058	-0.25045554089523475	0.11591493996497912	0.24792635794008921	-1.633082192670221e-06	5.760713934654937e-06
B03	32	-2.5112314224243164	-2.7282485961914062	-3.2735061645507812	-0.21701717376708984	-0.545257568359375	-0.369950532926941	-0.7982133666555069	0.15294093917876897	0.2529556118836437	-7.5800189177910315e-06	1.864124882233753e-07
B03	33	-3.2735061645507812	-3.1631851196289062	-2.7495384216308594	0.110321044921875	0.4136466979980469	-0.06004927780482966	0.0017397393673379558	0.17037020010789872	0.4119054691299411	1.2261880599773178e-07	1.4895007678372707e-06
B03	34	-2.7495384216308594	-2.5591869354248047	-1.3827075958251953	0.1903514862060547	1.1764793395996094	-0.08651931731712259	0.6634300094207981	0.27686505413642803	0.5130539630639797	5.7493867492430795e-06	-4.632885168387446e-06
B03	35	-1.3827075958251953	-1.3971576690673828	-3.4251632690429688	-0.0144500732421875	-2.028005599975586	-0.10943375604389971	-0.500245581615455	0.0949835629058911	-1.5277512598947638	1.1989582110460972e-07	-8.758465368075008e-06
B04	0	0.0	-0.06534060835838318	-0.12424945831298828	-0.06534060835838318	-0.0589088499546051	-0.059867918198917014	-0.0936170356072018	-0.005471908037862239	0.03470572961088347	-7.821216039261003e-07	2.4560417131169743e-06
B04	1	-0.12424945831298828	0.039449095726013184	0.10571624338626862	0.16369855403900146	0.06626714766025543	0.1583995943463412	0.07299633864006438	0.005300955451714218	-0.006730181089851704	-1.9957590539632086e-06	9.901100427520126e-07
B04	2	0.10571624338626862	0.07131087779998779	0.04321622848510742	-0.03440536558628082	-0.02809464931488037	-0.029893183486509933	-0.017867526174919268	-0.004511257120167828	-0.010226956599536444	-9.249796030612323e-07	-1.66540424659245e-07
B04	3	0.04321622848510742	-0.017059803009033203	0.002902984619140625	-0.060276031494140625	0.019962787628173828	-0.05647007374663393	0.016452210724746452	-0.003807747155485576	0.003513709301425444	1.789407978881885e-06	-3.1323979980679706e-06
B04	4	0.002902984619140625	-0.014408588409423828	0.021798133850097656	-0.017311573028564453	0.036206722259521484	-0.022972756181537046	0.03856273460478832	0.005660029602432337	-0.0023541831219769938	1.1535505402560098e-06	-1.8292232898398098e-06
B04	5	0.021798133850097656	-0.10313701629638672	0.004773139953613281	-0.12493515014648438	0.10791015625	-0.11371670575468329	0.08691376869003964	-0.011220718035712535	0.020995751285463604	2.2736439114490192e-06	6.362744967569611e-07
B04	6	0.004773139953613281	-0.019069194793701172	-0.07594680786132812	-0.023842334747314453	-0.05687761306762695	-0.024201880363240225	-0.06273839076397145	0.00036082561145337616	0.005860501909478205	-1.2799955276046604e-06	2.7578686628837445e-07
B04	7	-0.07594680786132812	-0.023749351501464844	0.022894859313964844	0.05219745635986328	0.04664421081542969	0.04866802734318765	0.047111101836874836	0.0035287873348866516	-0.0004658596906157589	6.416817889820514e-07	-1.0313308293893528e-06
B04	8	0.022894859313964844	0.17445087432861328	0.05669045448303223	0.15155601501464844	-0.11776041984558105	0.149954225316277	-0.10588200159130468	0.0016022030100186187	-0.011880152171708042	-4.1331164719621977e-07	1.7339174316621797e-06
B04	9	0.05669045448303223	0.042984962463378906	-0.12799859046936035	-0.01370549201965332	-0.17098355293273926	-0.018100854148749068	-0.15099131500575752	0.004397214834314676	-0.01999388129327645	-1.8527052189284965e-06	1.6433662947124006e-06
B04	10	-0.12799859046936035	-0.09364891052246094	-0.28258275985717773	0.034349679946899414	-0.1889338493347168	0.014407106133586867	-0.17368268518184227	0.01994399543945007	-0.015252148178289474	-1.4216261375208858e-06	9.84025414943468e-07
B04	11	-0.28258275985717773	-0.3345503807067871	-0.017665565013885498	-0.051967620849609375	0.3168848156929016	-0.04918954202609488	0.2887082445058773	-0.0027776173783441425	0.028176320965049073	-4.614451703534826e-07	2.502219752509305e-07
B04	12	-0.017665565013885498	0.02866867184638977	0.08070364594459534	0.04633423686027527	0.052034974098205566	0.043558617669629096	0.04858007038268175	0.0027739368448108925	0.0034573046624606267	1.6823458352799303e-06	-2.4009469368109233e-06
B04	13	0.08070364594459534	0.034121185541152954	-0.1755969524383545	-0.04658246040344238	-0.20971813797950745	-0.045683010759602016	-0.20799595960248007	-0.0008999011701711079	-0.0017228942507233292	4.5152633074141413e-07	7.158736959568188e-07
B04	14	-0.1755969524383545	-0.17424237728118896	-0.1616605520248413	0.0013545751571655273	0.012581825256347656	-0.015772214100786774	0.00826244078805205	0.017127169360212746	0.004318554874808863	-3.8010226044438156e-07	8.295934867431909e-07
B04	15	-0.1616605520248413	-0.012645602226257324	-0.12127923965454102	0.14901494979858398	-0.10863363742828369	0.14950130544388684	-0.10905949851827987	-0.0004862330106194888	0.0004263025039983004	-1.2263468338565074e-07	-4.414140021236036e-07
B04	16	-0.12127923965454102	-0.2347182035446167	-0.15008938312530518	-0.11343896389007568	0.08462882041931152	-0.1173794529161798	0.07712242522111967	0.003939920872505411	0.007507624369834367	5.681535986991337e-07	-1.229171642516333e-06
B04	17	-0.15008938312530518	-0.15137845277786255	-0.3613457679748535	-0.001289069652557373	-0.20996731519699097	-0.016605573426729636	-0.19214749084627236	0.015316229291486905	-0.017820819099148177	2.74482685358457e-07	9.947484295724784e-07
B04	18	-0.3613457679748535	-0.4498940408229828	0.0617060661315918	-0.08854827284812927	0.5116001069545746	-0.12305282910440862	0.4814406329990244	0.03450417391538008	0.030160800674325583	3.823408992673083e-07	-1.3267187753962517e-06
B04	19	0.0617060661315918	0.037915945053100586	-0.09514391422271729	-0.02379012107849121	-0.13305985927581787	-0.021628775011745205	-0.13829271607026716	-0.0021603041264346423	0.005229906259921646	-1.0419403113637316e-06	2.9505345276459316e-06
B04	20	-0.09514391422271729	-0.03614497184753418	-0.06156468391418457	0.058998942375183105	-0.02541971206665039	0.04804474142660076	0.0005895616178959034	0.01095417815147387	-0.026009306038198787	2.2797108478744832e-08	3.2353652479333306e-08
B04	21	-0.06156468391418457	-0.17116761207580566	-0.26093220710754395	-0.1096029281616211	-0.08976459503173828	-0.10112431957655432	-0.1060309896001227	-0.008477702004118237	0.01626812627864932	-9.065809485342413e-07	-1.7317102649072602e-06
B04	22	-0.26093220710754395	-0.3493962287902832	-0.2941795587539673	-0.08846402168273926	0.05521667003631592	-0.08738979482479703	0.03689199655185249	-0.0010765488766799058	0.01832540585857015	2.322018737677123e-06	-7.32374106721112e-07
B04	23	-0.2941795587539673	-0.2787686586380005	-0.4461251497268677	0.015410900115966797	-0.1673564910888672	-0.03444197275880634	-0.1891998171490039	0.04985365791689467	0.021842219946966557	-7.850421215316317e-07	1.106113170168399e-06
B04	24	-0.4461251497268677	-0.24438953399658203	-0.32442665100097656	0.20173561573028564	-0.08003711700439453	0.12258081298644874	-0.10537790559243612	0.07915313149845227	0.025344651804336343	1.6712453846379205e-06	-3.863216294752725e-06
B04	25	-0.32442665100097656	-0.38236379623413086	-0.09191775321960449	-0.0579371452331543	0.29044604301452637	-0.06539712751250437	0.2557767869955616	0.007459065325573607	0.034667916777764624	9.169537764676383e-07	1.3392412001322906e-06
B04	26	-0.09191775321960449	-0.14711999893188477	0.2821779251098633	-0.05520224571228027	0.42929792404174805	-0.061004816455292765	0.41341984824017547	0.00580208380110267	0.015876623206171944	4.86941909821903e-07	1.452595400635681e-06
B04	27	0.2821779251098633	0.2049551010131836	0.14049625396728516	-0.07722282409667969	-0.06445884704589844	-0.06910801355005625	-0.04453640512348689	-0.008114354825225292	-0.019921680770140185	-4.557213981494501e-07	-7.61152271364085e-07
B04	28	0.14049625396728516	0.018897056579589844	0.06405353546142578	-0.12159919738769531	0.04515647888183594	-0.11641968904766342	0.044972327597855966	-0.005181956348685374	0.0001900413014392921	2.448008653482825e-06	-5.890017459320163e-06
B04	29	0.06405353546142578	-0.03636455535888672	-0.1101064682006836	-0.1004180908203125	-0.07374191284179688	-0.09378719470667285	-0.09381453444696808	-0.006631526042358837	0.020072404267485355	6.299287191868785e-07	2.173376858483067e-07
B04	30	-0.1101064682006836	-0.12164306640625	-0.22928619384765625	-0.011536598205566406	-0.10764312744140625	-0.029508690269933968	-0.13292446904919997	0.017973417561302885	0.02527543679458566	-1.3254969353226898e-06	5.904813208057469e-06
B04	31	-0.22928619384765625	-0.3122873306274414	-0.5933942794799805	-0.08300113677978516	-0.28110694885253906	-0.0852327601408513	-0.2933568122851229	0.002237303016029979	0.012247496805555147	-5.679654963841596e-06	2.366627028682622e-06
B04	32	-0.5933942794799805	-0.2024364471435547	0.031800270080566406	0.3909578323364258	0.2342367172241211	0.34875083228981474	0.1711424014287476	0.04221015062677069	0.06308975246078719	-3.150580159649863e-06	4.5633345864271035e-06
B04	33	0.031800270080566406	0.050492286682128906	0.09350109100341797	0.0186920166015625	0.04300880432128906	0.033240244472408115	0.0552846046992278	-0.01454758121433719	-0.012274393504357661	-6.466565085627707e-07	-1.4068735809669164e-06
B04	34	0.09350109100341797	0.0719766616821289	-0.08355998992919922	-0.021524429321289062	-0.15553665161132812	0.02526332689788513	-0.11468117585848936	-0.04678832969379321	-0.04085329034841889	5.734746191254914e-07	-2.185404420096404e-06
B04	35	-0.08355998992919922	0.008052825927734375	0.43024444580078125	0.0916128158569336	0.4221916198730469	0.06583807982976009	-0.08946254453487246	0.02577554049396713	0.5116616941816243	-8.044667936246697e-07	-7.529773704106901e-06
