{
  "best_global_step": 200,
  "best_metric": 0.7750102127565608,
  "best_model_checkpoint": "./two_step/step2/classfication/is_hate_model/4/checkpoint-200",
  "epoch": 2.2222222222222223,
  "eval_steps": 100,
  "global_step": 200,
  "is_hyper_param_search": false,
  "is_local_process_zero": true,
  "is_world_process_zero": true,
  "log_history": [
    {
      "epoch": 1.1111111111111112,
      "grad_norm": 4.442172050476074,
      "learning_rate": 1.926666666666667e-05,
      "loss": 0.5534,
      "step": 100
    },
    {
      "epoch": 1.1111111111111112,
      "eval_accuracy": 0.7763888888888889,
      "eval_f1": 0.7732870392465677,
      "eval_loss": 0.5065789222717285,
      "eval_runtime": 6.8306,
      "eval_samples_per_second": 105.408,
      "eval_steps_per_second": 6.588,
      "step": 100
    },
    {
      "epoch": 2.2222222222222223,
      "grad_norm": 5.269461154937744,
      "learning_rate": 1.8525925925925928e-05,
      "loss": 0.2845,
      "step": 200
    },
    {
      "epoch": 2.2222222222222223,
      "eval_accuracy": 0.7777777777777778,
      "eval_f1": 0.7750102127565608,
      "eval_loss": 0.6869696974754333,
      "eval_runtime": 6.6928,
      "eval_samples_per_second": 107.579,
      "eval_steps_per_second": 6.724,
      "step": 200
    }
  ],
  "logging_steps": 100,
  "max_steps": 2700,
  "num_input_tokens_seen": 0,
  "num_train_epochs": 30,
  "save_steps": 100,
  "stateful_callbacks": {
    "TrainerControl": {
      "args": {
        "should_epoch_stop": false,
        "should_evaluate": false,
        "should_log": false,
        "should_save": true,
        "should_training_stop": false
      },
      "attributes": {}
    }
  },
  "total_flos": 5020780219929600.0,
  "train_batch_size": 32,
  "trial_name": null,
  "trial_params": null
}
