job_id	comparison	layer0	probe_pre	probe_mid	probe_post	increment_attention	increment_mlp	branch_attention	branch_mlp	scale_attention	scale_mlp	rounding_attention	rounding_mlp
J05-D01-upstream	minus-native	0	0.0	0.0	0.0	0.0	0.0	0.0	0.0	0.0	0.0	0.0	0.0
J05-D01-upstream	minus-native	1	0.0	0.0	0.0	0.0	0.0	0.0	0.0	0.0	0.0	0.0	0.0
J05-D01-upstream	minus-native	2	0.0	0.0	0.0	0.0	0.0	0.0	0.0	0.0	0.0	0.0	0.0
J05-D01-upstream	minus-native	3	0.0	0.0	0.0	0.0	0.0	0.0	0.0	0.0	0.0	0.0	0.0
J05-D01-upstream	minus-native	4	0.0	0.0	0.0	0.0	0.0	0.0	0.0	0.0	0.0	0.0	0.0
J05-D01-upstream	minus-native	5	0.0	0.0	0.0	0.0	0.0	0.0	0.0	0.0	0.0	0.0	0.0
J05-D01-upstream	minus-native	6	0.0	0.0	0.0	0.0	0.0	0.0	0.0	0.0	0.0	0.0	0.0
J05-D01-upstream	minus-native	7	0.0	0.0	0.0	0.0	0.0	0.0	0.0	0.0	0.0	0.0	0.0
J05-D01-upstream	minus-native	8	0.0	0.0	0.0	0.0	0.0	0.0	0.0	0.0	0.0	0.0	0.0
J05-D01-upstream	minus-native	9	0.0	0.0	0.0	0.0	0.0	0.0	0.0	0.0	0.0	0.0	0.0
J05-D01-upstream	minus-native	10	0.0	0.0	0.0	0.0	0.0	0.0	0.0	0.0	0.0	0.0	0.0
J05-D01-upstream	minus-native	11	0.0	0.0	0.0	0.0	0.0	0.0	0.0	0.0	0.0	0.0	0.0
J05-D01-upstream	minus-native	12	0.0	0.0	0.0	0.0	0.0	0.0	0.0	0.0	0.0	0.0	0.0
J05-D01-upstream	minus-native	13	0.0	0.0	0.0	0.0	0.0	0.0	0.0	0.0	0.0	0.0	0.0
J05-D01-upstream	minus-native	14	0.0	0.0	0.0	0.0	0.0	0.0	0.0	0.0	0.0	0.0	0.0
J05-D01-upstream	minus-native	15	0.0	0.0	0.0	0.0	0.0	0.0	0.0	0.0	0.0	0.0	0.0
J05-D01-upstream	minus-native	16	0.0	0.0	0.0	0.0	0.0	0.0	0.0	0.0	0.0	0.0	0.0
J05-D01-upstream	minus-native	17	0.0	0.0	0.0	0.0	0.0	0.0	0.0	0.0	0.0	0.0	0.0
J05-D01-upstream	minus-native	18	0.0	0.001519232988357544	0.005615115165710449	0.001519232988357544	0.004095882177352905	0.0015299503653389834	0.004266855312402118	-1.1116088446762318e-05	-0.00017041488880631395	3.9871146532283186e-07	-5.582462428987967e-07
J05-D01-upstream	minus-native	19	0.005615115165710449	-0.0005860328674316406	0.024773478507995605	-0.00620114803314209	0.025359511375427246	-0.005898836124123452	0.024781073857904387	-0.0003013385464022411	0.0005781882011903217	-9.73362616396578e-07	2.4931633252345264e-07
J05-D01-upstream	minus-native	20	0.024773478507995605	0.0563126802444458	0.08545947074890137	0.031539201736450195	0.029146790504455566	0.035718138301713345	0.030085915607009156	-0.004178493472322464	-0.0009391852689702995	-4.4309294072730765e-07	6.016641670991696e-08
J05-D01-upstream	minus-native	21	0.08545947074890137	0.20340728759765625	0.06875908374786377	0.11794781684875488	-0.13464820384979248	0.1172912799655268	-0.12586237753015428	0.0006567680453575253	-0.008787027437658357	-2.3116212943818937e-07	1.201118020155434e-06
J05-D01-upstream	minus-native	22	0.06875908374786377	0.17321646213531494	0.31262850761413574	0.10445737838745117	0.1394120454788208	0.11303489866348038	0.15546034011186682	-0.008577893908708223	-0.016047823233171624	3.7363267901824315e-07	-4.713998743993697e-07
J05-D01-upstream	minus-native	23	0.31262850761413574	0.445431113243103	1.2107183337211609	0.13280260562896729	0.7652872204780579	0.1767724576830665	0.8211612734880998	-0.043969612415121206	-0.05587393441302077	-2.396389779946162e-07	-1.1859702112038129e-07
J05-D01-upstream	minus-native	24	1.2107183337211609	1.2047269344329834	1.4549767971038818	-0.00599139928817749	0.25024986267089844	0.12368757727240509	0.37984662733420604	-0.1296807471545922	-0.1295937839182738	1.77059400963131e-06	-2.9807450337981933e-06
J05-D01-upstream	minus-native	25	1.4549767971038818	1.3760577291250229	1.3184036612510681	-0.07891906797885895	-0.05765406787395477	-0.02766615909404946	0.04893730331003221	-0.05125331512218956	-0.10659578501790234	4.0623738006839716e-07	4.4138339153620976e-06
J05-D01-upstream	minus-native	26	1.3184036612510681	1.7414826154708862	1.740699291229248	0.4230789542198181	-0.0007833242416381836	0.5376824231766362	0.24001516212527418	-0.11460154273538614	-0.24079885616507068	-1.9262214319137883e-06	3.6979815831728047e-07
J05-D01-upstream	minus-native	27	1.740699291229248	1.7259316444396973	1.3076295852661133	-0.014767646789550781	-0.418302059173584	-0.00535612290699472	-0.25363774367977177	-0.009411868746008079	-0.16466098955513497	3.448634520175631e-07	-3.325938677134488e-06
J05-D01-upstream	minus-native	28	1.3076295852661133	1.4754180908203125	2.118000030517578	0.16778850555419922	0.6425819396972656	0.21597223135581478	0.810812120912044	-0.04818780092211272	-0.16822255978865996	4.0751204971600785e-06	-7.621426118431529e-06
J05-D01-upstream	minus-native	29	2.118000030517578	3.265336036682129	2.500612258911133	1.1473360061645508	-0.7647237777709961	1.3277615293244	-0.4857396390115286	-0.18043089529809264	-0.2789848359861802	5.372138243364688e-06	6.972267125870957e-07
J05-D01-upstream	minus-native	30	2.500612258911133	2.3017711639404297	2.1873435974121094	-0.19884109497070312	-0.11442756652832031	-0.09864580087941732	0.1611548630842996	-0.1001954800516639	-0.27557965881686575	1.8596037809626154e-07	-2.770795754392097e-06
J05-D01-upstream	minus-native	31	2.1873435974121094	2.0909957885742188	2.146134376525879	-0.09634780883789062	0.055138587951660156	-0.007133113046921491	0.23895482377620691	-0.08921868312354797	-0.18381536612999594	3.9873325788919445e-06	-8.696945508201992e-07
J05-D01-upstream	minus-native	32	2.146134376525879	3.85650634765625	3.498140335083008	1.710371971130371	-0.3583660125732422	1.842911180872966	-0.03946731692346628	-0.1325312405789678	-0.3189032338167669	-7.9691636269974e-06	4.538166990974979e-06
J05-D01-upstream	minus-native	33	3.498140335083008	3.364011764526367	2.8722305297851562	-0.13412857055664062	-0.49178123474121094	0.09741331073539972	-0.08560477859851973	-0.23154126086714133	-0.40617863930113307	-6.204248989005734e-07	2.183158441804167e-06
J05-D01-upstream	minus-native	34	2.8722305297851562	2.3264570236206055	2.386018753051758	-0.5457735061645508	0.059561729431152344	-0.10636500614835653	0.4216193736321743	-0.4394039423330336	-0.3620647965703423	-4.557683160433257e-06	7.1523693203623395e-06
J05-D01-upstream	minus-native	35	2.386018753051758	2.2452821731567383	5.024082183837891	-0.14073657989501953	2.7788000106811523	0.06388390805904856	0.33439513610514515	-0.2046178408440586	2.4443986737082177	-2.64711000957929e-06	6.200867789019071e-06
J05-D01-preceding	minus-native	0	0.0	0.0	0.0	0.0	0.0	0.0	0.0	0.0	0.0	0.0	0.0
J05-D01-preceding	minus-native	1	0.0	0.0	0.0	0.0	0.0	0.0	0.0	0.0	0.0	0.0	0.0
J05-D01-preceding	minus-native	2	0.0	0.0	0.0	0.0	0.0	0.0	0.0	0.0	0.0	0.0	0.0
J05-D01-preceding	minus-native	3	0.0	0.0	0.0	0.0	0.0	0.0	0.0	0.0	0.0	0.0	0.0
J05-D01-preceding	minus-native	4	0.0	0.0	0.0	0.0	0.0	0.0	0.0	0.0	0.0	0.0	0.0
J05-D01-preceding	minus-native	5	0.0	0.0	0.0	0.0	0.0	0.0	0.0	0.0	0.0	0.0	0.0
J05-D01-preceding	minus-native	6	0.0	0.0	0.0	0.0	0.0	0.0	0.0	0.0	0.0	0.0	0.0
J05-D01-preceding	minus-native	7	0.0	0.0	0.0	0.0	0.0	0.0	0.0	0.0	0.0	0.0	0.0
J05-D01-preceding	minus-native	8	0.0	0.0	0.0	0.0	0.0	0.0	0.0	0.0	0.0	0.0	0.0
J05-D01-preceding	minus-native	9	0.0	0.0	0.0	0.0	0.0	0.0	0.0	0.0	0.0	0.0	0.0
J05-D01-preceding	minus-native	10	0.0	0.0	0.0	0.0	0.0	0.0	0.0	0.0	0.0	0.0	0.0
J05-D01-preceding	minus-native	11	0.0	0.0	0.0	0.0	0.0	0.0	0.0	0.0	0.0	0.0	0.0
J05-D01-preceding	minus-native	12	0.0	0.0	0.0	0.0	0.0	0.0	0.0	0.0	0.0	0.0	0.0
J05-D01-preceding	minus-native	13	0.0	0.0	0.0	0.0	0.0	0.0	0.0	0.0	0.0	0.0	0.0
J05-D01-preceding	minus-native	14	0.0	0.0	0.0	0.0	0.0	0.0	0.0	0.0	0.0	0.0	0.0
J05-D01-preceding	minus-native	15	0.0	0.0	0.0	0.0	0.0	0.0	0.0	0.0	0.0	0.0	0.0
J05-D01-preceding	minus-native	16	0.0	0.0	0.0	0.0	0.0	0.0	0.0	0.0	0.0	0.0	0.0
J05-D01-preceding	minus-native	17	0.0	0.0	0.0	0.0	0.0	0.0	0.0	0.0	0.0	0.0	0.0
J05-D01-preceding	minus-native	18	0.0	-0.0015558898448944092	-0.0011206865310668945	-0.0015558898448944092	0.00043520331382751465	-0.0015580053393704496	0.00016421513464370818	1.1311491419745134e-06	0.0002702848079883524	9.843453340659114e-07	7.0337119545405e-07
J05-D01-preceding	minus-native	19	-0.0011206865310668945	0.0014867782592773438	-0.0036622285842895508	0.0026074647903442383	-0.0051490068435668945	0.002679385967800929	-0.004749145621510381	-6.924742454228472e-05	-0.00040105856933703166	-2.67375291440608e-06	1.1973472804904794e-06
J05-D01-preceding	minus-native	20	-0.0036622285842895508	-0.012021660804748535	-0.024926185607910156	-0.008359432220458984	-0.012904524803161621	-0.009257835448723687	-0.012358749112977518	0.0009016487429444053	-0.0005468516063136253	-3.245514679728334e-06	1.075916129522625e-06
J05-D01-preceding	minus-native	21	-0.024926185607910156	-0.026901960372924805	-0.0058557987213134766	-0.0019757747650146484	0.021046161651611328	-0.004487937028889055	0.019611526784798716	0.0025100507099459213	0.0014376774918473112	2.111553928485499e-06	-3.04262503469932e-06
J05-D01-preceding	minus-native	22	-0.0058557987213134766	0.012264013290405273	-0.005041599273681641	0.01811981201171875	-0.017305612564086914	0.016909163563345708	-0.015247605069682146	0.0012055416560776688	-0.0020557461356073975	5.1067922953729195e-06	-2.2613587973702165e-06
J05-D01-preceding	minus-native	23	-0.005041599273681641	-0.0030102133750915527	0.04501187801361084	0.002031385898590088	0.04802209138870239	0.003291366042543764	0.048851342593402514	-0.0012595896840713605	-0.0008314152087997295	-3.9045988231567463e-07	2.1640040996084853e-06
J05-D01-preceding	minus-native	24	0.04501187801361084	0.04063248634338379	0.09738540649414062	-0.004379391670227051	0.056752920150756836	-0.0005847031051635365	0.06159533430360642	-0.0037935806711311137	-0.004838011618027771	-1.107893932372761e-06	-4.402534821812409e-06
J05-D01-preceding	minus-native	25	0.09738540649414062	0.09859085083007812	0.14549309015274048	0.0012054443359375	0.046902239322662354	0.00419859045308324	0.05257110715475033	-0.002994372935017642	-0.005670240926299086	1.2268178719021527e-06	1.373094211110093e-06
J05-D01-preceding	minus-native	26	0.14549309015274048	0.19844472408294678	0.16464567184448242	0.0529516339302063	-0.033799052238464355	0.06408482233328527	-0.007730744958495572	-0.011136099457491944	-0.02606975731049288	2.9110544129684612e-06	1.4500305240972011e-06
J05-D01-preceding	minus-native	27	0.16464567184448242	0.1751856803894043	0.16257333755493164	0.010540008544921875	-0.012612342834472656	0.01437385225103438	0.0018239914127184675	-0.00383385495800298	-0.014429890915363619	1.1251890474905935e-08	-6.443331827421517e-06
J05-D01-preceding	minus-native	28	0.16257333755493164	0.1654052734375	0.18076515197753906	0.0028319358825683594	0.015359878540039062	0.009331864190892603	0.033260531118517456	-0.006502489645584253	-0.0178979504158151	2.561337260009733e-06	-2.7021626632928175e-06
J05-D01-preceding	minus-native	29	0.18076515197753906	0.29382896423339844	0.23500442504882812	0.11306381225585938	-0.05882453918457031	0.12521804170338857	-0.03512437719341799	-0.012157330661153876	-0.023705731944192898	3.1012136246788558e-06	5.5699530405739495e-06
J05-D01-preceding	minus-native	30	0.23500442504882812	0.2319164276123047	0.23431968688964844	-0.0030879974365234375	0.00240325927734375	0.00819450136944333	0.03365838405910426	-0.011274778160263565	-0.03126126635131965	-7.720645703201967e-06	6.141569559137139e-06
J05-D01-preceding	minus-native	31	0.23431968688964844	0.19959545135498047	0.17225074768066406	-0.03472423553466797	-0.027344703674316406	-0.02621584855522635	-0.006459356911588721	-0.008507056793331969	-0.020884640922099518	-1.3301861097048118e-06	-7.058406281679197e-07
J05-D01-preceding	minus-native	32	0.17225074768066406	0.3459510803222656	0.3435249328613281	0.17370033264160156	-0.0024261474609375	0.18201513953324522	0.028029119114146184	-0.008309693850080846	-0.03045789283340805	-5.113041562809784e-06	2.6262583243674698e-06
J05-D01-preceding	minus-native	33	0.3435249328613281	0.31778717041015625	0.24344253540039062	-0.025737762451171875	-0.07434463500976562	-0.0016152520560147599	-0.03514587637621586	-0.02412501754466767	-0.03919722886684429	2.5071495105555286e-06	-1.5297667055325093e-06
J05-D01-preceding	minus-native	34	0.24344253540039062	0.19918441772460938	0.1744680404663086	-0.04425811767578125	-0.02471637725830078	-0.00961195851224017	0.00951866414069169	-0.03464405636796353	-0.034237053663633166	-2.1027955774410856e-06	2.012264640693928e-06
J05-D01-preceding	minus-native	35	0.1744680404663086	0.16165924072265625	0.2625007629394531	-0.012808799743652344	0.10084152221679688	0.0029174315703765358	-0.09238984454758015	-0.0157255070669306	0.19322306285120305	-7.242470982937732e-07	8.303913173079991e-06
J05-D01-whole-query	minus-native	0	0.0	0.0	0.0	0.0	0.0	0.0	0.0	0.0	0.0	0.0	0.0
J05-D01-whole-query	minus-native	1	0.0	0.0	0.0	0.0	0.0	0.0	0.0	0.0	0.0	0.0	0.0
J05-D01-whole-query	minus-native	2	0.0	0.0	0.0	0.0	0.0	0.0	0.0	0.0	0.0	0.0	0.0
J05-D01-whole-query	minus-native	3	0.0	0.0	0.0	0.0	0.0	0.0	0.0	0.0	0.0	0.0	0.0
J05-D01-whole-query	minus-native	4	0.0	0.0	0.0	0.0	0.0	0.0	0.0	0.0	0.0	0.0	0.0
J05-D01-whole-query	minus-native	5	0.0	0.0	0.0	0.0	0.0	0.0	0.0	0.0	0.0	0.0	0.0
J05-D01-whole-query	minus-native	6	0.0	0.0	0.0	0.0	0.0	0.0	0.0	0.0	0.0	0.0	0.0
J05-D01-whole-query	minus-native	7	0.0	0.0	0.0	0.0	0.0	0.0	0.0	0.0	0.0	0.0	0.0
J05-D01-whole-query	minus-native	8	0.0	0.0	0.0	0.0	0.0	0.0	0.0	0.0	0.0	0.0	0.0
J05-D01-whole-query	minus-native	9	0.0	0.0	0.0	0.0	0.0	0.0	0.0	0.0	0.0	0.0	0.0
J05-D01-whole-query	minus-native	10	0.0	0.0	0.0	0.0	0.0	0.0	0.0	0.0	0.0	0.0	0.0
J05-D01-whole-query	minus-native	11	0.0	0.0	0.0	0.0	0.0	0.0	0.0	0.0	0.0	0.0	0.0
J05-D01-whole-query	minus-native	12	0.0	0.0	0.0	0.0	0.0	0.0	0.0	0.0	0.0	0.0	0.0
J05-D01-whole-query	minus-native	13	0.0	0.0	0.0	0.0	0.0	0.0	0.0	0.0	0.0	0.0	0.0
J05-D01-whole-query	minus-native	14	0.0	0.0	0.0	0.0	0.0	0.0	0.0	0.0	0.0	0.0	0.0
J05-D01-whole-query	minus-native	15	0.0	0.0	0.0	0.0	0.0	0.0	0.0	0.0	0.0	0.0	0.0
J05-D01-whole-query	minus-native	16	0.0	0.0	0.0	0.0	0.0	0.0	0.0	0.0	0.0	0.0	0.0
J05-D01-whole-query	minus-native	17	0.0	0.0	0.0	0.0	0.0	0.0	0.0	0.0	0.0	0.0	0.0
J05-D01-whole-query	minus-native	18	0.0	-0.008803486824035645	-0.013199925422668457	-0.008803486824035645	-0.0043964385986328125	-0.008855515369196265	-0.004449026088405805	5.218868168172311e-05	5.2007891712002596e-05	-1.6013652110249965e-07	5.795980609901719e-07
J05-D01-whole-query	minus-native	19	-0.013199925422668457	-0.020664691925048828	0.01194918155670166	-0.007464766502380371	0.03261387348175049	-0.007229187085093569	0.03156999698182215	-0.00023393917167346956	0.001043744612499592	-1.640245613332425e-06	1.3188742872816128e-07
J05-D01-whole-query	minus-native	20	0.01194918155670166	0.08315324783325195	0.1285862922668457	0.07120406627655029	0.04543304443359375	0.07701394760214278	0.05028676597842334	-0.005810146174294428	-0.004853189790133938	2.6484870191412213e-07	-5.317546956373764e-07
J05-D01-whole-query	minus-native	21	0.1285862922668457	0.27069878578186035	0.04297375679016113	0.14211249351501465	-0.22772502899169922	0.1454608751414379	-0.21675792592023457	-0.003349574176446657	-0.01096709202562951	1.1925500233989084e-06	-1.1045835135448101e-08
J05-D01-whole-query	minus-native	22	0.04297375679016113	0.14160335063934326	0.38226497173309326	0.09862959384918213	0.24066162109375	0.10467081040343196	0.2587569780275496	-0.00604190026588447	-0.018094343667384785	6.837116346414263e-07	-1.0132664148149173e-06
J05-D01-whole-query	minus-native	23	0.38226497173309326	0.49450623989105225	1.9242308735847473	0.11224126815795898	1.429724633693695	0.1879924285533605	1.5263135812255557	-0.07575182563353922	-0.0965893265208356	6.652381376870409e-07	3.789889749528097e-07
J05-D01-whole-query	minus-native	24	1.9242308735847473	1.91852468252182	2.25632531195879	-0.005706191062927246	0.33780062943696976	0.17614539559853587	0.5161689856942355	-0.1818502548138765	-0.17836612325628043	-1.3318475866608281e-06	-2.2330009853410715e-06
J05-D01-whole-query	minus-native	25	2.25632531195879	2.1614140570163727	1.935345008969307	-0.09491125494241714	-0.22606904804706573	0.0011426346028753365	-0.07340383360953506	-0.09605514014928118	-0.15266762461836714	1.2506039887005826e-06	2.410180836465159e-06
J05-D01-whole-query	minus-native	26	1.935345008969307	2.2507984042167664	2.7114686965942383	0.3154533952474594	0.4606702923774719	0.47551780078179107	0.7921506841241455	-0.16006417195019174	-0.3314828081677894	-2.3358413991925175e-07	2.4164211158694826e-06
J05-D01-whole-query	minus-native	27	2.7114686965942383	2.689741611480713	2.138749122619629	-0.02172708511352539	-0.550992488861084	0.004686986241461133	-0.2999890004643854	-0.026414415658739532	-0.25099720703599426	3.443037530082016e-07	-6.2813607042411235e-06
J05-D01-whole-query	minus-native	28	2.138749122619629	2.3774337768554688	3.490703582763672	0.23868465423583984	1.1132698059082031	0.32185160614777475	1.3918953059376362	-0.08316942815375777	-0.27862554690103325	2.4762418228685412e-06	4.6871600156705995e-08
J05-D01-whole-query	minus-native	29	3.490703582763672	5.421177864074707	4.127037048339844	1.9304742813110352	-1.2941408157348633	2.22848181742026	-0.8564066647034004	-0.2980099217450999	-0.43773757632821275	2.3856358751794815e-06	3.42529674979275e-06
J05-D01-whole-query	minus-native	30	4.127037048339844	3.8388805389404297	3.8253936767578125	-0.28815650939941406	-0.013486862182617188	-0.12354855046016144	0.40877897169617516	-0.1646035070271219	-0.42226300517567883	-4.451912130720714e-06	-2.8287031133000795e-06
J05-D01-whole-query	minus-native	31	3.8253936767578125	3.5951900482177734	3.806582450866699	-0.23020362854003906	0.21139240264892578	-0.0777849920030243	0.5254742366529985	-0.15242086294812052	-0.31408119113835675	2.226411105810122e-06	-6.428657159940343e-07
J05-D01-whole-query	minus-native	32	3.806582450866699	7.567600250244141	7.1889190673828125	3.7610177993774414	-0.3786811828613281	4.006795970303546	0.24362981494332114	-0.24577834462865877	-0.6223122661094697	1.7370255367410437e-07	1.268304820389865e-06
J05-D01-whole-query	minus-native	33	7.1889190673828125	6.943682670593262	5.693075180053711	-0.24523639678955078	-1.2506074905395508	0.26685887635167294	-0.44652224332932106	-0.5120879533684292	-0.8040887601860769	-7.319772794667223e-06	3.5129758471086348e-06
J05-D01-whole-query	minus-native	34	5.693075180053711	4.530777931213379	4.423916816711426	-1.162297248840332	-0.10686111450195312	-0.24635952336413747	0.6052412143562749	-0.9159382133940233	-0.7121033798908116	4.879178290284614e-07	1.05103258363215e-06
J05-D01-whole-query	minus-native	35	4.423916816711426	4.156500816345215	9.051071166992188	-0.26741600036621094	4.894570350646973	0.12420279577373369	0.8163387666704732	-0.39162092765753603	4.078228603432388	2.131517591374976e-06	2.980544111963468e-06
J05-D02-upstream	minus-native	0	0.0	0.0	0.0	0.0	0.0	0.0	0.0	0.0	0.0	0.0	0.0
J05-D02-upstream	minus-native	1	0.0	0.0	0.0	0.0	0.0	0.0	0.0	0.0	0.0	0.0	0.0
J05-D02-upstream	minus-native	2	0.0	0.0	0.0	0.0	0.0	0.0	0.0	0.0	0.0	0.0	0.0
J05-D02-upstream	minus-native	3	0.0	0.0	0.0	0.0	0.0	0.0	0.0	0.0	0.0	0.0	0.0
J05-D02-upstream	minus-native	4	0.0	0.0	0.0	0.0	0.0	0.0	0.0	0.0	0.0	0.0	0.0
J05-D02-upstream	minus-native	5	0.0	0.0	0.0	0.0	0.0	0.0	0.0	0.0	0.0	0.0	0.0
J05-D02-upstream	minus-native	6	0.0	0.0	0.0	0.0	0.0	0.0	0.0	0.0	0.0	0.0	0.0
J05-D02-upstream	minus-native	7	0.0	0.0	0.0	0.0	0.0	0.0	0.0	0.0	0.0	0.0	0.0
J05-D02-upstream	minus-native	8	0.0	0.0	0.0	0.0	0.0	0.0	0.0	0.0	0.0	0.0	0.0
J05-D02-upstream	minus-native	9	0.0	0.0	0.0	0.0	0.0	0.0	0.0	0.0	0.0	0.0	0.0
J05-D02-upstream	minus-native	10	0.0	0.0	0.0	0.0	0.0	0.0	0.0	0.0	0.0	0.0	0.0
J05-D02-upstream	minus-native	11	0.0	0.0	0.0	0.0	0.0	0.0	0.0	0.0	0.0	0.0	0.0
J05-D02-upstream	minus-native	12	0.0	0.0	0.0	0.0	0.0	0.0	0.0	0.0	0.0	0.0	0.0
J05-D02-upstream	minus-native	13	0.0	0.0	0.0	0.0	0.0	0.0	0.0	0.0	0.0	0.0	0.0
J05-D02-upstream	minus-native	14	0.0	0.0	0.0	0.0	0.0	0.0	0.0	0.0	0.0	0.0	0.0
J05-D02-upstream	minus-native	15	0.0	0.0	0.0	0.0	0.0	0.0	0.0	0.0	0.0	0.0	0.0
J05-D02-upstream	minus-native	16	0.0	0.0	0.0	0.0	0.0	0.0	0.0	0.0	0.0	0.0	0.0
J05-D02-upstream	minus-native	17	0.0	0.0	0.0	0.0	0.0	0.0	0.0	0.0	0.0	0.0	0.0
J05-D02-upstream	minus-native	18	0.0	-0.001820385456085205	-0.006327986717224121	-0.001820385456085205	-0.004507601261138916	-0.0018581904204659772	-0.004700483060760874	3.794144743150818e-05	0.00019314051482072214	-1.3648305073610256e-07	-2.5871519876430327e-07
J05-D02-upstream	minus-native	19	-0.006327986717224121	-0.013711929321289062	-0.03279078006744385	-0.007383942604064941	-0.019078850746154785	-0.007637063602292882	-0.01915778883263916	0.0002546345020992269	7.718514060739423e-05	-1.51350387128657e-06	1.7529458769816042e-06
J05-D02-upstream	minus-native	20	-0.03279078006744385	-0.07219254970550537	-0.08491730690002441	-0.03940176963806152	-0.012724757194519043	-0.04330865833729974	-0.014806036119980992	0.003905671262394883	0.0020830531296446853	1.217436843337083e-06	-1.7742041827362165e-06
J05-D02-upstream	minus-native	21	-0.08491730690002441	-0.15367794036865234	-0.02541172504425049	-0.06876063346862793	0.12826621532440186	-0.07433285011664159	0.11331693446433677	0.005573285005034179	0.014948025696451095	-1.0683570205172188e-06	1.2551636139890299e-06
J05-D02-upstream	minus-native	22	-0.02541172504425049	-0.10673034191131592	-0.1662461757659912	-0.08131861686706543	-0.05951583385467529	-0.08568375160178676	-0.07173819541921622	0.00436457191909817	0.012223298979629926	5.628156231618497e-07	-9.37415088997362e-07
J05-D02-upstream	minus-native	23	-0.1662461757659912	-0.27815959602594376	-0.47011733055114746	-0.11191342025995255	-0.1919577345252037	-0.13179454733444818	-0.2383867885901596	0.019881061960423496	0.04642880182460629	6.511407213416476e-08	2.5224034960746877e-07
J05-D02-upstream	minus-native	24	-0.47011733055114746	-0.5000421404838562	-0.4597957730293274	-0.02992480993270874	0.04024636745452881	-0.102618467829248	0.010687723031523988	0.072693957104768	0.029558245184745036	-2.9920822863793717e-07	3.992382598960731e-07
J05-D02-upstream	minus-native	25	-0.4597957730293274	-0.381084680557251	-0.14652299880981445	0.07871109247207642	0.23456168174743652	0.07350862204189079	0.20375712949634806	0.005201237542470094	0.030805228119679007	1.2328877155298734e-06	-6.758685905383643e-07
J05-D02-upstream	minus-native	26	-0.14652299880981445	-0.2645222395658493	-0.06211066246032715	-0.11799924075603485	0.20241157710552216	-0.1246883565109993	0.1724556777837183	0.006688546878518831	0.029957248896100408	5.688764456168727e-07	-1.3495742965385915e-06
J05-D02-upstream	minus-native	27	-0.06211066246032715	-0.14821624755859375	-0.20994329452514648	-0.0861055850982666	-0.061727046966552734	-0.08482640696915178	-0.08524139805676145	-0.0012828297767268904	0.023516958475127137	3.651647612068487e-06	-2.6073849181962316e-06
J05-D02-upstream	minus-native	28	-0.20994329452514648	-0.2367877960205078	-0.36190319061279297	-0.026844501495361328	-0.12511539459228516	-0.03591179050703186	-0.16596656243602315	0.00906766702166606	0.04084961361321571	-3.7800999552750625e-07	1.5542305222826513e-06
J05-D02-upstream	minus-native	29	-0.36190319061279297	-0.5222244262695312	-0.5217666625976562	-0.16032123565673828	0.000457763671875	-0.17613140453169596	-0.03454426583485537	0.015810186395039505	0.03500386526769428	-1.7520081829758283e-08	-1.8357609639085837e-06
J05-D02-upstream	minus-native	30	-0.5217666625976562	-0.5563278198242188	-0.6250724792480469	-0.0345611572265625	-0.06874465942382812	-0.09172721397323791	-0.10470390655606239	0.05715873184589526	0.03597081310106809	7.324900780147914e-06	-1.1565968833782136e-05
J05-D02-upstream	minus-native	31	-0.6250724792480469	-0.6303529739379883	-0.48177623748779297	-0.005280494689941406	0.1485767364501953	-0.014208335191109867	0.09668398786421406	0.008920550151699569	0.05189890720032131	7.2903494688913995e-06	-6.158614340057156e-06
J05-D02-upstream	minus-native	32	-0.48177623748779297	-0.8915958404541016	-0.8379764556884766	-0.4098196029663086	0.053619384765625	-0.45129482904403684	-0.004942932231328356	0.04147082590417961	0.05856531235843221	4.400173548635422e-06	-2.9953614788524874e-06
J05-D02-upstream	minus-native	33	-0.8379764556884766	-0.8632421493530273	-0.7828044891357422	-0.02526569366455078	0.08043766021728516	-0.039323867893146236	0.014911207812308813	0.014058040459428156	0.0655294045109982	1.3376916729868071e-07	-2.95210602141438e-06
J05-D02-upstream	minus-native	34	-0.7828044891357422	-0.6807136535644531	-0.5953488349914551	0.10209083557128906	0.08536481857299805	-0.016420827036137897	0.00364825694694515	0.11850801677997591	0.08171439788521839	3.6458274510486888e-06	2.163740834504324e-06
J05-D02-upstream	minus-native	35	-0.5953488349914551	-0.5887751579284668	-1.1423606872558594	0.006573677062988281	-0.5535855293273926	-0.04578182866015748	-0.3201610264643349	0.05235718909688636	-0.233424534706975	-1.6833737406241056e-06	3.184391772492745e-08
J05-D02-preceding	minus-native	0	0.0	0.0	0.0	0.0	0.0	0.0	0.0	0.0	0.0	0.0	0.0
J05-D02-preceding	minus-native	1	0.0	0.0	0.0	0.0	0.0	0.0	0.0	0.0	0.0	0.0	0.0
J05-D02-preceding	minus-native	2	0.0	0.0	0.0	0.0	0.0	0.0	0.0	0.0	0.0	0.0	0.0
J05-D02-preceding	minus-native	3	0.0	0.0	0.0	0.0	0.0	0.0	0.0	0.0	0.0	0.0	0.0
J05-D02-preceding	minus-native	4	0.0	0.0	0.0	0.0	0.0	0.0	0.0	0.0	0.0	0.0	0.0
J05-D02-preceding	minus-native	5	0.0	0.0	0.0	0.0	0.0	0.0	0.0	0.0	0.0	0.0	0.0
J05-D02-preceding	minus-native	6	0.0	0.0	0.0	0.0	0.0	0.0	0.0	0.0	0.0	0.0	0.0
J05-D02-preceding	minus-native	7	0.0	0.0	0.0	0.0	0.0	0.0	0.0	0.0	0.0	0.0	0.0
J05-D02-preceding	minus-native	8	0.0	0.0	0.0	0.0	0.0	0.0	0.0	0.0	0.0	0.0	0.0
J05-D02-preceding	minus-native	9	0.0	0.0	0.0	0.0	0.0	0.0	0.0	0.0	0.0	0.0	0.0
J05-D02-preceding	minus-native	10	0.0	0.0	0.0	0.0	0.0	0.0	0.0	0.0	0.0	0.0	0.0
J05-D02-preceding	minus-native	11	0.0	0.0	0.0	0.0	0.0	0.0	0.0	0.0	0.0	0.0	0.0
J05-D02-preceding	minus-native	12	0.0	0.0	0.0	0.0	0.0	0.0	0.0	0.0	0.0	0.0	0.0
J05-D02-preceding	minus-native	13	0.0	0.0	0.0	0.0	0.0	0.0	0.0	0.0	0.0	0.0	0.0
J05-D02-preceding	minus-native	14	0.0	0.0	0.0	0.0	0.0	0.0	0.0	0.0	0.0	0.0	0.0
J05-D02-preceding	minus-native	15	0.0	0.0	0.0	0.0	0.0	0.0	0.0	0.0	0.0	0.0	0.0
J05-D02-preceding	minus-native	16	0.0	0.0	0.0	0.0	0.0	0.0	0.0	0.0	0.0	0.0	0.0
J05-D02-preceding	minus-native	17	0.0	0.0	0.0	0.0	0.0	0.0	0.0	0.0	0.0	0.0	0.0
J05-D02-preceding	minus-native	18	0.0	0.0011540055274963379	0.0008285045623779297	0.0011540055274963379	-0.0003255009651184082	0.0011600401331373078	-9.355494447627066e-05	-5.805589131102629e-06	-0.00023234993980830732	-2.2901650986728583e-07	4.0391916616977497e-07
J05-D02-preceding	minus-native	19	0.0008285045623779297	0.0014524459838867188	0.0045015811920166016	0.0006239414215087891	0.003049135208129883	0.0005323889675339366	0.002976274086534527	9.159123002133729e-05	7.380515734559112e-05	-3.8776046484834126e-08	-9.440357502110697e-07
J05-D02-preceding	minus-native	20	0.0045015811920166016	0.007328987121582031	0.01827859878540039	0.0028274059295654297	0.01094961166381836	0.0027637347245625943	0.010737054586204609	5.9213282867898176e-05	0.000215160672374759	4.457922134937231e-06	-2.6035947610081323e-06
J05-D02-preceding	minus-native	21	0.01827859878540039	0.03512978553771973	0.006876468658447266	0.016851186752319336	-0.02825331687927246	0.018315786465262995	-0.026648436624387983	-0.001462032900741872	-0.0016073241798013616	-2.5668122017874495e-06	2.443924916883944e-06
J05-D02-preceding	minus-native	22	0.006876468658447266	-0.004445672035217285	-0.009018421173095703	-0.01132214069366455	-0.004572749137878418	-0.00961488406372013	-0.005350713254532735	-0.0017051141403611747	0.0007776035831353612	-2.142489583245588e-06	3.60533518956041e-07
J05-D02-preceding	minus-native	23	-0.009018421173095703	-0.026343412697315216	-0.06256544589996338	-0.017324991524219513	-0.03622203320264816	-0.021329309817622932	-0.04395816877896763	0.0040025166338872875	0.007738262594580991	1.8016595162428928e-06	-2.1270182615218403e-06
J05-D02-preceding	minus-native	24	-0.06256544589996338	-0.08545553684234619	-0.029247760772705078	-0.022890090942382812	0.05620777606964111	-0.03323127009256832	0.05544324424630054	0.010339608619864382	0.0007665875148152868	1.5705303211266397e-06	-2.055691474600607e-06
J05-D02-preceding	minus-native	25	-0.029247760772705078	-0.01658320426940918	-0.007920622825622559	0.012664556503295898	0.008662581443786621	0.01409600848195014	0.006992363196375306	-0.0014324594888900921	0.0016684437090749293	1.0075102358508836e-06	1.7745383363854117e-06
J05-D02-preceding	minus-native	26	-0.007920622825622559	-0.009835347533226013	-0.01590442657470703	-0.0019147247076034546	-0.006069079041481018	-0.0004261391216706656	-0.009309338665934863	-0.0014859388957576547	0.0032360315222519365	-2.646690175134303e-06	4.228102201908612e-06
J05-D02-preceding	minus-native	27	-0.01590442657470703	-0.03632783889770508	-0.06257772445678711	-0.020423412322998047	-0.02624988555908203	-0.018311052403185757	-0.029607400083295266	-0.0021118609204697214	0.003359836903662039	-4.989993425685846e-07	-2.3223794487492455e-06
J05-D02-preceding	minus-native	28	-0.06257772445678711	-0.0849008560180664	-0.044780731201171875	-0.022323131561279297	0.04012012481689453	-0.02415280753250615	0.028215485882853386	0.001830423785226576	0.011903073113515017	-7.478139997241229e-07	1.5658205261281921e-06
J05-D02-preceding	minus-native	29	-0.044780731201171875	-0.07091999053955078	-0.0398406982421875	-0.026139259338378906	0.03107929229736328	-0.023399786692450242	0.02873720449478112	-0.00274070985476782	0.0023443220192376213	1.237208839155457e-06	-2.2342166554611964e-06
J05-D02-preceding	minus-native	30	-0.0398406982421875	-0.05763435363769531	-0.0637969970703125	-0.017793655395507812	-0.0061626434326171875	-0.02308959953467138	-0.004601134402179408	0.0052912861416188894	-0.0015530796919747125	4.657997544676995e-06	-8.429338462789815e-06
J05-D02-preceding	minus-native	31	-0.0637969970703125	-0.06060504913330078	-0.047064781188964844	0.0031919479370117188	0.013540267944335938	0.0006564601855304497	0.0067179936691306175	0.0025287657826698062	0.006824071387189878	6.7219688114628084e-06	-1.7971119845583416e-06
J05-D02-preceding	minus-native	32	-0.047064781188964844	-0.09518718719482422	-0.11467456817626953	-0.048122406005859375	-0.019487380981445312	-0.04826495156062505	-0.028137201315267646	0.00014378952288862656	0.008650085280791586	-1.2439681229547972e-06	-2.649469692528328e-07
J05-D02-preceding	minus-native	33	-0.11467456817626953	-0.11088275909423828	-0.09734630584716797	0.00379180908203125	0.013536453247070312	-0.004525742119587228	0.008955279756459378	0.008312558500653155	0.0045879610410697325	4.992700965322783e-06	-6.7875504585757085e-06
J05-D02-preceding	minus-native	34	-0.09734630584716797	-0.08060646057128906	-0.061524391174316406	0.016739845275878906	0.019082069396972656	-0.005489382483411465	0.007540773040172866	0.02222829913239366	0.011540499234124812	9.28626896712359e-07	7.971226749781124e-07
J05-D02-preceding	minus-native	35	-0.061524391174316406	-0.06488704681396484	-0.030855178833007812	-0.0033626556396484375	0.03403186798095703	-0.009503777939565083	0.004575521624199663	0.006139269320370122	0.029451398503470116	1.852979546690392e-06	4.947853287973203e-06
J05-D02-whole-query	minus-native	0	0.0	0.0	0.0	0.0	0.0	0.0	0.0	0.0	0.0	0.0	0.0
J05-D02-whole-query	minus-native	1	0.0	0.0	0.0	0.0	0.0	0.0	0.0	0.0	0.0	0.0	0.0
J05-D02-whole-query	minus-native	2	0.0	0.0	0.0	0.0	0.0	0.0	0.0	0.0	0.0	0.0	0.0
J05-D02-whole-query	minus-native	3	0.0	0.0	0.0	0.0	0.0	0.0	0.0	0.0	0.0	0.0	0.0
J05-D02-whole-query	minus-native	4	0.0	0.0	0.0	0.0	0.0	0.0	0.0	0.0	0.0	0.0	0.0
J05-D02-whole-query	minus-native	5	0.0	0.0	0.0	0.0	0.0	0.0	0.0	0.0	0.0	0.0	0.0
J05-D02-whole-query	minus-native	6	0.0	0.0	0.0	0.0	0.0	0.0	0.0	0.0	0.0	0.0	0.0
J05-D02-whole-query	minus-native	7	0.0	0.0	0.0	0.0	0.0	0.0	0.0	0.0	0.0	0.0	0.0
J05-D02-whole-query	minus-native	8	0.0	0.0	0.0	0.0	0.0	0.0	0.0	0.0	0.0	0.0	0.0
J05-D02-whole-query	minus-native	9	0.0	0.0	0.0	0.0	0.0	0.0	0.0	0.0	0.0	0.0	0.0
J05-D02-whole-query	minus-native	10	0.0	0.0	0.0	0.0	0.0	0.0	0.0	0.0	0.0	0.0	0.0
J05-D02-whole-query	minus-native	11	0.0	0.0	0.0	0.0	0.0	0.0	0.0	0.0	0.0	0.0	0.0
J05-D02-whole-query	minus-native	12	0.0	0.0	0.0	0.0	0.0	0.0	0.0	0.0	0.0	0.0	0.0
J05-D02-whole-query	minus-native	13	0.0	0.0	0.0	0.0	0.0	0.0	0.0	0.0	0.0	0.0	0.0
J05-D02-whole-query	minus-native	14	0.0	0.0	0.0	0.0	0.0	0.0	0.0	0.0	0.0	0.0	0.0
J05-D02-whole-query	minus-native	15	0.0	0.0	0.0	0.0	0.0	0.0	0.0	0.0	0.0	0.0	0.0
J05-D02-whole-query	minus-native	16	0.0	0.0	0.0	0.0	0.0	0.0	0.0	0.0	0.0	0.0	0.0
J05-D02-whole-query	minus-native	17	0.0	0.0	0.0	0.0	0.0	0.0	0.0	0.0	0.0	0.0	0.0
J05-D02-whole-query	minus-native	18	0.0	0.008259713649749756	0.008800983428955078	0.008259713649749756	0.0005412697792053223	0.008399708393773242	0.0005939706836484149	-0.00014167749423368847	-5.130929410118723e-05	1.6827502102023661e-06	-1.3916103419053805e-06
J05-D02-whole-query	minus-native	19	0.008800983428955078	-0.0022401809692382812	-0.023085832595825195	-0.01104116439819336	-0.020845651626586914	-0.010789642670393729	-0.0207245693508033	-0.00025088842904374964	-0.0001205372487989298	-6.332987558810288e-07	-5.450269846829503e-07
J05-D02-whole-query	minus-native	20	-0.023085832595825195	-0.10198712348937988	-0.1276242733001709	-0.07890129089355469	-0.025637149810791016	-0.08430081917011542	-0.033156981220529735	0.005396296768419517	0.007520943758752285	3.231508141188222e-06	-1.1123490135656056e-06
J05-D02-whole-query	minus-native	21	-0.1276242733001709	-0.1618671417236328	-0.0034388303756713867	-0.034242868423461914	0.15842831134796143	-0.048129533102372335	0.14245800509856688	0.013889899822064677	0.015966557739224896	-3.235143154256548e-06	3.7485101696543843e-06
J05-D02-whole-query	minus-native	22	-0.0034388303756713867	-0.10274767875671387	-0.2716538906097412	-0.09930884838104248	-0.16890621185302734	-0.08978523271108674	-0.1812569600445384	-0.009521172556618218	0.012350872314717931	-2.4431133375246716e-06	-1.241232068793785e-07
J05-D02-whole-query	minus-native	23	-0.2716538906097412	-0.42427874356508255	-0.9593119621276855	-0.15262485295534134	-0.535033218562603	-0.2165680380610298	-0.6509265769221306	0.06394152775306938	0.11589624082363326	1.6573526191443477e-06	-2.882464105624649e-06
J05-D02-whole-query	minus-native	24	-0.9593119621276855	-0.9683971405029297	-0.57707279920578	-0.00908517837524414	0.39132434129714966	-0.1451101904176082	0.3980635680652723	0.13602513941862937	-0.00674248372252273	-1.273762653131172e-07	3.2569544001770367e-06
J05-D02-whole-query	minus-native	25	-0.57707279920578	-0.4965862035751343	0.02057945728302002	0.08048659563064575	0.5171656608581543	0.08544510128303018	0.4831144753857426	-0.004955952865726421	0.03405009930963099	-2.5527866580055125e-06	1.0861627807168261e-06
J05-D02-whole-query	minus-native	26	0.02057945728302002	0.046422913670539856	0.09364795684814453	0.025843456387519836	0.047225043177604675	0.04723532849758438	0.0735781565550293	-0.02139458122517246	-0.026348819377011834	2.7091151079128295e-06	-4.294000412796706e-06
J05-D02-whole-query	minus-native	27	0.09364795684814453	-0.030414819717407227	-0.20468711853027344	-0.12406277656555176	-0.1742722988128662	-0.11695462161701953	-0.19663170519273498	-0.00711227584047841	0.022360200802724384	4.120891946179928e-06	-7.944228554990218e-07
J05-D02-whole-query	minus-native	28	-0.20468711853027344	-0.19727706909179688	-0.4333982467651367	0.0074100494384765625	-0.23612117767333984	0.0017472265668017073	-0.31334459187928143	0.005666960559734702	0.0772209239032855	-4.137688059846489e-06	2.4903026560885166e-06
J05-D02-whole-query	minus-native	29	-0.4333982467651367	-0.8398933410644531	-0.757695198059082	-0.4064950942993164	0.0821981430053711	-0.41228925084504553	0.0009673932452529677	0.005791714267098458	0.08123104764673594	2.4422786306654842e-06	-2.9788661781715575e-07
J05-D02-whole-query	minus-native	30	-0.757695198059082	-0.930628776550293	-1.2539043426513672	-0.17293357849121094	-0.3232755661010742	-0.27000917504997535	-0.35501024265006964	0.09707283718322046	0.03174127231132218	2.759375543948117e-06	-6.595762326533361e-06
J05-D02-whole-query	minus-native	31	-1.2539043426513672	-1.217411994934082	-1.070054054260254	0.036492347717285156	0.14735794067382812	0.025757336679156362	0.032275865923761415	0.010732619395564247	0.11508023137144008	2.3916425645476025e-06	1.84337862663142e-06
J05-D02-whole-query	minus-native	32	-1.070054054260254	-2.6403188705444336	-2.8066654205322266	-1.5702648162841797	-0.16634654998779297	-1.6565378091075926	-0.3391914768549533	0.08627334867255643	0.17284628052821582	-3.5584914348518737e-07	-1.353661055469857e-06
J05-D02-whole-query	minus-native	33	-2.8066654205322266	-2.843804359436035	-2.28110408782959	-0.037138938903808594	0.5627002716064453	-0.19539892272682058	0.3738886662812836	0.15826001019639424	0.18881177364220036	-2.6373382144839752e-08	-1.6831703852915325e-07
J05-D02-whole-query	minus-native	34	-2.28110408782959	-1.8666515350341797	-1.5816445350646973	0.41445255279541016	0.2850069999694824	0.03860920628083253	0.02625544554088788	0.37584610951890607	0.25874803745385044	-2.7630043284432304e-06	3.5169747438779098e-06
J05-D02-whole-query	minus-native	35	-1.5816445350646973	-1.528306484222412	-2.6550731658935547	0.053338050842285156	-1.1267666816711426	-0.08222438945589683	-0.5295897637857809	0.13556380814990743	-0.5971782220987443	-1.3678517253312705e-06	1.3042133826246527e-06
J06-D01-upstream	minus-native	0	0.0	0.0	0.0	0.0	0.0	0.0	0.0	0.0	0.0	0.0	0.0
J06-D01-upstream	minus-native	1	0.0	0.0	0.0	0.0	0.0	0.0	0.0	0.0	0.0	0.0	0.0
J06-D01-upstream	minus-native	2	0.0	0.0	0.0	0.0	0.0	0.0	0.0	0.0	0.0	0.0	0.0
J06-D01-upstream	minus-native	3	0.0	0.0	0.0	0.0	0.0	0.0	0.0	0.0	0.0	0.0	0.0
J06-D01-upstream	minus-native	4	0.0	0.0	0.0	0.0	0.0	0.0	0.0	0.0	0.0	0.0	0.0
J06-D01-upstream	minus-native	5	0.0	0.0	0.0	0.0	0.0	0.0	0.0	0.0	0.0	0.0	0.0
J06-D01-upstream	minus-native	6	0.0	0.0	0.0	0.0	0.0	0.0	0.0	0.0	0.0	0.0	0.0
J06-D01-upstream	minus-native	7	0.0	0.0	0.0	0.0	0.0	0.0	0.0	0.0	0.0	0.0	0.0
J06-D01-upstream	minus-native	8	0.0	0.0	0.0	0.0	0.0	0.0	0.0	0.0	0.0	0.0	0.0
J06-D01-upstream	minus-native	9	0.0	0.0	0.0	0.0	0.0	0.0	0.0	0.0	0.0	0.0	0.0
J06-D01-upstream	minus-native	10	0.0	0.0	0.0	0.0	0.0	0.0	0.0	0.0	0.0	0.0	0.0
J06-D01-upstream	minus-native	11	0.0	0.0	0.0	0.0	0.0	0.0	0.0	0.0	0.0	0.0	0.0
J06-D01-upstream	minus-native	12	0.0	0.0	0.0	0.0	0.0	0.0	0.0	0.0	0.0	0.0	0.0
J06-D01-upstream	minus-native	13	0.0	0.0	0.0	0.0	0.0	0.0	0.0	0.0	0.0	0.0	0.0
J06-D01-upstream	minus-native	14	0.0	0.0	0.0	0.0	0.0	0.0	0.0	0.0	0.0	0.0	0.0
J06-D01-upstream	minus-native	15	0.0	0.0	0.0	0.0	0.0	0.0	0.0	0.0	0.0	0.0	0.0
J06-D01-upstream	minus-native	16	0.0	0.0	0.0	0.0	0.0	0.0	0.0	0.0	0.0	0.0	0.0
J06-D01-upstream	minus-native	17	0.0	0.0	0.0	0.0	0.0	0.0	0.0	0.0	0.0	0.0	0.0
J06-D01-upstream	minus-native	18	0.0	0.0007366538047790527	0.002231121063232422	0.0007366538047790527	0.0014944672584533691	0.0007475301363779607	0.0015958225814118876	-9.196982856583824e-06	-0.0001023951439035331	-1.6793487423241715e-06	1.0398209450146467e-06
J06-D01-upstream	minus-native	19	0.002231121063232422	-0.0057871341705322266	0.004668712615966797	-0.008018255233764648	0.010455846786499023	-0.008638362016074819	0.01025365135775208	0.0006207668540268441	0.00020156723247261032	-6.600717166738157e-07	6.281962743326375e-07
J06-D01-upstream	minus-native	20	0.004668712615966797	0.04300975799560547	0.0939028263092041	0.03834104537963867	0.05089306831359863	0.03709355516557292	0.05460787957326314	0.0012459052173937613	-0.003714744888703242	1.5849966720216102e-06	-6.637096125472475e-08
J06-D01-upstream	minus-native	21	0.0939028263092041	0.19008183479309082	0.12955081462860107	0.09617900848388672	-0.060531020164489746	0.10368827613248688	-0.0494680492261772	-0.007506757267640607	-0.011063689370032215	-2.510380959552805e-06	7.184317196706758e-07
J06-D01-upstream	minus-native	22	0.12955081462860107	0.3084256649017334	0.3425724506378174	0.17887485027313232	0.034146785736083984	0.18617618203017638	0.04642709214431906	-0.007301812620058357	-0.012278740630204885	4.808630142960624e-07	-1.5657780301908675e-06
J06-D01-upstream	minus-native	23	0.3425724506378174	0.5517180562019348	1.1985104084014893	0.20914560556411743	0.6467923521995544	0.25200594573856594	0.6952837761280088	-0.04286161562973689	-0.04849018803070687	1.275455288385352e-06	-1.2358977475313004e-06
J06-D01-upstream	minus-native	24	1.1985104084014893	1.2378263473510742	1.5880265831947327	0.03931593894958496	0.35020023584365845	0.17108702112159022	0.49635452390079604	-0.1317745630023972	-0.14615321971964224	3.4808303919220407e-06	-1.0683374953579516e-06
J06-D01-upstream	minus-native	25	1.5880265831947327	1.4810978174209595	1.5658767521381378	-0.1069287657737732	0.08477893471717834	-0.05825967998549775	0.21124061287775175	-0.04866721589575887	-0.12646433399100127	-1.8698925165760993e-06	2.6558304278556655e-06
J06-D01-upstream	minus-native	26	1.5658767521381378	2.11616587638855	1.9568274021148682	0.550289124250412	-0.15933847427368164	0.667163857240511	0.13341809201776011	-0.11687159400167546	-0.29275740850487897	-3.1389884235233367e-06	8.422134372132462e-07
J06-D01-upstream	minus-native	27	1.9568274021148682	1.8638691902160645	1.6361103057861328	-0.09295821189880371	-0.22775888442993164	-0.09164077141707927	-0.06909947856382859	-0.0013214072340769212	-0.15865571061526806	3.9667523524800075e-06	-3.6952508349896718e-06
J06-D01-upstream	minus-native	28	1.6361103057861328	1.855733871459961	2.3911266326904297	0.21962356567382812	0.5353927612304688	0.2804518545881578	0.7542751501098763	-0.06082772448501961	-0.21888344906797685	-5.644293100681708e-07	1.0601885692684831e-06
J06-D01-upstream	minus-native	29	2.3911266326904297	3.518174171447754	2.5582656860351562	1.1270475387573242	-0.9599084854125977	1.3143150421054073	-0.638101374431485	-0.18726331270186458	-0.3218110578496227	-4.190646218482641e-06	3.946868510018575e-06
J06-D01-upstream	minus-native	30	2.5582656860351562	2.5480308532714844	2.3340396881103516	-0.010234832763671875	-0.2139911651611328	0.10128967002750144	0.0882780423270828	-0.11152028486434229	-0.30227620946099765	-4.217926831029395e-06	7.001972781806032e-06
J06-D01-upstream	minus-native	31	2.3340396881103516	2.265252113342285	2.3457603454589844	-0.0687875747680664	0.08050823211669922	0.02759516397777706	0.2984866973402305	-0.0963774550520502	-0.21797993585449904	-5.283693793323163e-06	1.4706309677814389e-06
J06-D01-upstream	minus-native	32	2.3457603454589844	3.5951995849609375	3.4123477935791016	1.2494392395019531	-0.18285179138183594	1.3864510470072906	0.13084110923640058	-0.13701256061757983	-0.3136910729708321	7.53112242346532e-07	-1.8276474044176538e-06
J06-D01-upstream	minus-native	33	3.4123477935791016	3.2786407470703125	2.800625801086426	-0.13370704650878906	-0.4780149459838867	0.07814770062446574	-0.06010780908856983	-0.21185847312715855	-0.4179039895919494	3.72599390374706e-06	-3.1473033674789264e-06
J06-D01-upstream	minus-native	34	2.800625801086426	2.3958654403686523	2.358639717102051	-0.40476036071777344	-0.03722572326660156	-0.02275520490618088	0.3961154968847058	-0.38200591516300486	-0.43334309805208804	7.593514121939648e-07	1.8779007806557502e-06
J06-D01-upstream	minus-native	35	2.358639717102051	2.250155448913574	5.154773712158203	-0.10848426818847656	2.904618263244629	0.08520470301825266	0.09513149604544113	-0.19368959633065175	2.8094976049377713	6.251239225152361e-07	-1.0837738583013845e-05
J06-D01-preceding	minus-native	0	0.0	0.0	0.0	0.0	0.0	0.0	0.0	0.0	0.0	0.0	0.0
J06-D01-preceding	minus-native	1	0.0	0.0	0.0	0.0	0.0	0.0	0.0	0.0	0.0	0.0	0.0
J06-D01-preceding	minus-native	2	0.0	0.0	0.0	0.0	0.0	0.0	0.0	0.0	0.0	0.0	0.0
J06-D01-preceding	minus-native	3	0.0	0.0	0.0	0.0	0.0	0.0	0.0	0.0	0.0	0.0	0.0
J06-D01-preceding	minus-native	4	0.0	0.0	0.0	0.0	0.0	0.0	0.0	0.0	0.0	0.0	0.0
J06-D01-preceding	minus-native	5	0.0	0.0	0.0	0.0	0.0	0.0	0.0	0.0	0.0	0.0	0.0
J06-D01-preceding	minus-native	6	0.0	0.0	0.0	0.0	0.0	0.0	0.0	0.0	0.0	0.0	0.0
J06-D01-preceding	minus-native	7	0.0	0.0	0.0	0.0	0.0	0.0	0.0	0.0	0.0	0.0	0.0
J06-D01-preceding	minus-native	8	0.0	0.0	0.0	0.0	0.0	0.0	0.0	0.0	0.0	0.0	0.0
J06-D01-preceding	minus-native	9	0.0	0.0	0.0	0.0	0.0	0.0	0.0	0.0	0.0	0.0	0.0
J06-D01-preceding	minus-native	10	0.0	0.0	0.0	0.0	0.0	0.0	0.0	0.0	0.0	0.0	0.0
J06-D01-preceding	minus-native	11	0.0	0.0	0.0	0.0	0.0	0.0	0.0	0.0	0.0	0.0	0.0
J06-D01-preceding	minus-native	12	0.0	0.0	0.0	0.0	0.0	0.0	0.0	0.0	0.0	0.0	0.0
J06-D01-preceding	minus-native	13	0.0	0.0	0.0	0.0	0.0	0.0	0.0	0.0	0.0	0.0	0.0
J06-D01-preceding	minus-native	14	0.0	0.0	0.0	0.0	0.0	0.0	0.0	0.0	0.0	0.0	0.0
J06-D01-preceding	minus-native	15	0.0	0.0	0.0	0.0	0.0	0.0	0.0	0.0	0.0	0.0	0.0
J06-D01-preceding	minus-native	16	0.0	0.0	0.0	0.0	0.0	0.0	0.0	0.0	0.0	0.0	0.0
J06-D01-preceding	minus-native	17	0.0	0.0	0.0	0.0	0.0	0.0	0.0	0.0	0.0	0.0	0.0
J06-D01-preceding	minus-native	18	0.0	0.00037741661071777344	0.0002827644348144531	0.00037741661071777344	-9.465217590332031e-05	0.00037807687429669556	-7.395312822477962e-05	5.3855852825968054e-08	-2.1879928681245442e-05	-7.141194317480948e-07	1.1808810027047478e-06
J06-D01-preceding	minus-native	19	0.0002827644348144531	0.0010271072387695312	0.0009732246398925781	0.0007443428039550781	-5.3882598876953125e-05	0.0007122264168193393	1.9978553439964353e-05	3.1966759948265366e-05	-7.509413396766806e-05	1.496271874734667e-07	1.2329816507505864e-06
J06-D01-preceding	minus-native	20	0.0009732246398925781	0.0030111074447631836	0.0008952617645263672	0.0020378828048706055	-0.0021158456802368164	0.0019587507003357707	-0.0016330904270400945	8.144245780511428e-05	-0.00048485381116508686	-2.3103532702517526e-06	2.0985579683718836e-06
J06-D01-preceding	minus-native	21	0.0008952617645263672	0.005655884742736816	0.0027784109115600586	0.004760622978210449	-0.002877473831176758	0.004505332993330113	-0.002032862126668422	0.00025791075432524124	-0.0008457896186365721	-2.620769444905413e-06	1.1779141282364236e-06
J06-D01-preceding	minus-native	22	0.0027784109115600586	0.019893288612365723	-0.0306166410446167	0.017114877700805664	-0.05050992965698242	0.017764053490838982	-0.04940446135197263	-0.0006480268356738872	-0.0011067284842973951	-1.1489543594311868e-06	1.2601792876015816e-06
J06-D01-preceding	minus-native	23	-0.0306166410446167	-0.007066249847412109	0.04019540548324585	0.02355039119720459	0.04726165533065796	0.015671141358523766	0.047270368504177096	0.007880347439244817	-7.594839954966348e-06	-1.0976005639928843e-06	-1.1183335641706815e-06
J06-D01-preceding	minus-native	24	0.04019540548324585	0.025287508964538574	0.0200425386428833	-0.014907896518707275	-0.0052449703216552734	-0.010790425641935164	-0.00024080119126468347	-0.004117140022003585	-0.005005986276713337	-3.308547684710561e-07	1.8171463227467655e-06
J06-D01-preceding	minus-native	25	0.0200425386428833	0.02389371395111084	0.03613877296447754	0.003851175308227539	0.0122450590133667	0.0037159401411831494	0.01500946483575527	0.00013487622115632147	-0.0027659734915106426	3.5894588806817396e-07	1.5676691220711803e-06
J06-D01-preceding	minus-native	26	0.03613877296447754	0.0830240249633789	0.07795095443725586	0.04688525199890137	-0.005073070526123047	0.05070384946108808	0.00801789322222124	-0.003815323730069431	-0.013091919165435062	-3.273732117281547e-06	9.554170907755122e-07
J06-D01-preceding	minus-native	27	0.07795095443725586	0.07305431365966797	0.04747819900512695	-0.004896640777587891	-0.025576114654541016	-0.006363298430551945	-0.02155136189636231	0.0014642492957777087	-0.004022990309760055	2.4083571863453557e-06	-1.7624484186518075e-06
J06-D01-preceding	minus-native	28	0.04747819900512695	0.033225059509277344	0.08313560485839844	-0.01425313949584961	0.049910545349121094	-0.011783950046847291	0.053767306257094805	-0.002470731677886584	-0.0038538737531567113	1.542228884265917e-06	-2.8871548169995265e-06
J06-D01-preceding	minus-native	29	0.08313560485839844	0.08040428161621094	0.04934978485107422	-0.0027313232421875	-0.03105449676513672	0.0038235563365449643	-0.02661172137313217	-0.00655176377943073	-0.004448180504963539	-3.1157993017338903e-06	5.4051129591004e-06
J06-D01-preceding	minus-native	30	0.04934978485107422	0.01645660400390625	0.022584915161132812	-0.03289318084716797	0.0061283111572265625	-0.02950683485433725	0.008869108771721868	-0.003380772126638898	-0.002749806015119871	-5.5738661918214305e-06	9.008400624344048e-06
J06-D01-preceding	minus-native	31	0.022584915161132812	0.030870437622070312	0.05423259735107422	0.0082855224609375	0.023362159729003906	0.006262121550382249	0.026756261012188975	0.0020287878012529847	-0.0033938152306298708	-5.386890697733904e-06	-2.860525551984239e-07
J06-D01-preceding	minus-native	32	0.05423259735107422	0.09266090393066406	0.1296367645263672	0.038428306579589844	0.036975860595703125	0.040280263127519866	0.04586160134195705	-0.0018552669701177305	-0.008882869153600093	3.310422187707829e-06	-2.8715926538303016e-06
J06-D01-preceding	minus-native	33	0.1296367645263672	0.11941337585449219	0.08623886108398438	-0.010223388671875	-0.03317451477050781	-0.003683169092410843	-0.015010950325308747	-0.006538910748722149	-0.01816416621276673	-1.3088307420083822e-06	6.017675675540346e-07
J06-D01-preceding	minus-native	34	0.08623886108398438	0.08501052856445312	0.0769205093383789	-0.00122833251953125	-0.008090019226074219	0.004710882556400509	0.0066569100228970335	-0.005941563305449149	-0.01474586774646447	2.348229517279421e-06	-1.0615025067828299e-06
J06-D01-preceding	minus-native	35	0.0769205093383789	0.07020759582519531	0.15900039672851562	-0.006712913513183594	0.08879280090332031	0.0008272037316325309	-0.011213688434440816	-0.007543982392093307	0.10000855210369686	3.865147277182235e-06	-2.06276593583965e-06
J06-D01-whole-query	minus-native	0	0.0	0.0	0.0	0.0	0.0	0.0	0.0	0.0	0.0	0.0	0.0
J06-D01-whole-query	minus-native	1	0.0	0.0	0.0	0.0	0.0	0.0	0.0	0.0	0.0	0.0	0.0
J06-D01-whole-query	minus-native	2	0.0	0.0	0.0	0.0	0.0	0.0	0.0	0.0	0.0	0.0	0.0
J06-D01-whole-query	minus-native	3	0.0	0.0	0.0	0.0	0.0	0.0	0.0	0.0	0.0	0.0	0.0
J06-D01-whole-query	minus-native	4	0.0	0.0	0.0	0.0	0.0	0.0	0.0	0.0	0.0	0.0	0.0
J06-D01-whole-query	minus-native	5	0.0	0.0	0.0	0.0	0.0	0.0	0.0	0.0	0.0	0.0	0.0
J06-D01-whole-query	minus-native	6	0.0	0.0	0.0	0.0	0.0	0.0	0.0	0.0	0.0	0.0	0.0
J06-D01-whole-query	minus-native	7	0.0	0.0	0.0	0.0	0.0	0.0	0.0	0.0	0.0	0.0	0.0
J06-D01-whole-query	minus-native	8	0.0	0.0	0.0	0.0	0.0	0.0	0.0	0.0	0.0	0.0	0.0
J06-D01-whole-query	minus-native	9	0.0	0.0	0.0	0.0	0.0	0.0	0.0	0.0	0.0	0.0	0.0
J06-D01-whole-query	minus-native	10	0.0	0.0	0.0	0.0	0.0	0.0	0.0	0.0	0.0	0.0	0.0
J06-D01-whole-query	minus-native	11	0.0	0.0	0.0	0.0	0.0	0.0	0.0	0.0	0.0	0.0	0.0
J06-D01-whole-query	minus-native	12	0.0	0.0	0.0	0.0	0.0	0.0	0.0	0.0	0.0	0.0	0.0
J06-D01-whole-query	minus-native	13	0.0	0.0	0.0	0.0	0.0	0.0	0.0	0.0	0.0	0.0	0.0
J06-D01-whole-query	minus-native	14	0.0	0.0	0.0	0.0	0.0	0.0	0.0	0.0	0.0	0.0	0.0
J06-D01-whole-query	minus-native	15	0.0	0.0	0.0	0.0	0.0	0.0	0.0	0.0	0.0	0.0	0.0
J06-D01-whole-query	minus-native	16	0.0	0.0	0.0	0.0	0.0	0.0	0.0	0.0	0.0	0.0	0.0
J06-D01-whole-query	minus-native	17	0.0	0.0	0.0	0.0	0.0	0.0	0.0	0.0	0.0	0.0	0.0
J06-D01-whole-query	minus-native	18	0.0	-0.009860813617706299	-0.026889562606811523	-0.009860813617706299	-0.017028748989105225	-0.009927852350379851	-0.017726578577705432	6.7363866765556e-05	0.0006975344575983478	-3.2513409200379817e-07	2.9513100185951657e-07
J06-D01-whole-query	minus-native	19	-0.026889562606811523	-0.07230758666992188	-0.03380537033081055	-0.04541802406311035	0.03850221633911133	-0.04737960475399072	0.04043611435415456	0.001962581733633506	-0.0019364622743286708	-1.0010427531348398e-06	2.5642592854369095e-06
J06-D01-whole-query	minus-native	20	-0.03380537033081055	-0.008896470069885254	0.05458426475524902	0.024908900260925293	0.06348073482513428	0.016586982061081182	0.0669460189123342	0.008324914917757109	-0.0034677391331907337	-2.9967179129841703e-06	2.4550459908068145e-06
J06-D01-whole-query	minus-native	21	0.05458426475524902	0.09812355041503906	0.09285128116607666	0.04353928565979004	-0.005272269248962402	0.053143617119520425	0.010907277226103407	-0.009600742472146484	-0.016182609575689566	-3.588987583902359e-06	3.0631006237569203e-06
J06-D01-whole-query	minus-native	22	0.09285128116607666	0.2874748706817627	0.29042351245880127	0.19462358951568604	0.0029486417770385742	0.19383690656494879	0.01583464446662841	0.0007865204264294046	-0.012885248248619932	1.625243078451355e-07	-7.54440969905068e-07
J06-D01-whole-query	minus-native	23	0.29042351245880127	0.36635106801986694	1.1099159717559814	0.07592755556106567	0.7435649037361145	0.10008577925064643	0.7798742458559493	-0.024157408416445314	-0.036308680707276636	-8.152731354460485e-07	-6.614125581949626e-07
J06-D01-whole-query	minus-native	24	1.1099159717559814	1.0779361724853516	1.6980239748954773	-0.03197979927062988	0.6200878024101257	0.0993811507518009	0.7587109880684777	-0.13136135196547938	-0.13862530531098038	4.019430486223996e-07	2.1196526284184003e-06
J06-D01-whole-query	minus-native	25	1.6980239748954773	1.6357195377349854	1.7883899807929993	-0.06230443716049194	0.15267044305801392	-0.009541599809737678	0.2965655972742054	-0.05276175188613455	-0.14389746057496627	-1.0854646197155926e-06	2.3063587747951253e-06
J06-D01-whole-query	minus-native	26	1.7883899807929993	2.079100728034973	1.7055072784423828	0.2907107472419739	-0.37359344959259033	0.40997792935036337	-0.11641858735183241	-0.11926400459400888	-0.25717501512627927	-3.1775143806145323e-06	1.528855213539515e-07
J06-D01-whole-query	minus-native	27	1.7055072784423828	1.553877353668213	1.3462738990783691	-0.15162992477416992	-0.20760345458984375	-0.1561726727074293	-0.08479634845103715	0.004540636984643687	-0.12280599067614306	2.110948615685615e-06	-1.1154626635700993e-06
J06-D01-whole-query	minus-native	28	1.3462738990783691	1.5828771591186523	2.1061792373657227	0.2366032600402832	0.5233020782470703	0.2834206791196978	0.7043980544954247	-0.046817507059131847	-0.1810958122059978	8.797971723373266e-08	-1.6404235658740163e-07
J06-D01-whole-query	minus-native	29	2.1061792373657227	3.260730743408203	2.4551429748535156	1.1545515060424805	-0.8055877685546875	1.3158516087682313	-0.4971429288231039	-0.16129707078707833	-0.3084485298703119	-3.0319386724597663e-06	3.6901387283627685e-06
J06-D01-whole-query	minus-native	30	2.4551429748535156	2.270162582397461	2.1689348220825195	-0.1849803924560547	-0.1012277603149414	-0.07825870765371068	0.17385495021392783	-0.10671539471836772	-0.27509047758794747	-6.290083976290273e-06	7.76705907812314e-06
J06-D01-whole-query	minus-native	31	2.1689348220825195	2.083658218383789	2.257472038269043	-0.08527660369873047	0.1738138198852539	-0.0021639398360407958	0.3835781755177954	-0.08310515400306251	-0.20977120974443275	-7.509859627219395e-06	6.854111891274606e-06
J06-D01-whole-query	minus-native	32	2.257472038269043	3.5921192169189453	3.699615478515625	1.3346471786499023	0.10749626159667969	1.4646974713622258	0.418884115079444	-0.13005165481505288	-0.31138338767968	1.362102729385306e-06	-4.465803084330311e-06
J06-D01-whole-query	minus-native	33	3.699615478515625	3.5413341522216797	2.9907379150390625	-0.1582813262939453	-0.5505962371826172	0.07480096427061422	-0.08903404625339628	-0.23308696406469886	-0.4615603364283256	4.673500139329434e-06	-1.8545008955150877e-06
J06-D01-whole-query	minus-native	34	2.9907379150390625	2.6024351119995117	2.427947998046875	-0.3883028030395508	-0.17448711395263672	0.0019841110798696215	0.28940985613043635	-0.39028415697323826	-0.4638995872358853	-2.7571461822528676e-06	2.6171528122453935e-06
J06-D01-whole-query	minus-native	35	2.427947998046875	2.308150291442871	5.300022125244141	-0.1197977066040039	2.9918718338012695	0.07951800121541448	0.09098952715435915	-0.19931786160491405	2.9008824200865027	2.153785495673244e-06	-1.1343959194221043e-07
J06-D02-upstream	minus-native	0	0.0	0.0	0.0	0.0	0.0	0.0	0.0	0.0	0.0	0.0	0.0
J06-D02-upstream	minus-native	1	0.0	0.0	0.0	0.0	0.0	0.0	0.0	0.0	0.0	0.0	0.0
J06-D02-upstream	minus-native	2	0.0	0.0	0.0	0.0	0.0	0.0	0.0	0.0	0.0	0.0	0.0
J06-D02-upstream	minus-native	3	0.0	0.0	0.0	0.0	0.0	0.0	0.0	0.0	0.0	0.0	0.0
J06-D02-upstream	minus-native	4	0.0	0.0	0.0	0.0	0.0	0.0	0.0	0.0	0.0	0.0	0.0
J06-D02-upstream	minus-native	5	0.0	0.0	0.0	0.0	0.0	0.0	0.0	0.0	0.0	0.0	0.0
J06-D02-upstream	minus-native	6	0.0	0.0	0.0	0.0	0.0	0.0	0.0	0.0	0.0	0.0	0.0
J06-D02-upstream	minus-native	7	0.0	0.0	0.0	0.0	0.0	0.0	0.0	0.0	0.0	0.0	0.0
J06-D02-upstream	minus-native	8	0.0	0.0	0.0	0.0	0.0	0.0	0.0	0.0	0.0	0.0	0.0
J06-D02-upstream	minus-native	9	0.0	0.0	0.0	0.0	0.0	0.0	0.0	0.0	0.0	0.0	0.0
J06-D02-upstream	minus-native	10	0.0	0.0	0.0	0.0	0.0	0.0	0.0	0.0	0.0	0.0	0.0
J06-D02-upstream	minus-native	11	0.0	0.0	0.0	0.0	0.0	0.0	0.0	0.0	0.0	0.0	0.0
J06-D02-upstream	minus-native	12	0.0	0.0	0.0	0.0	0.0	0.0	0.0	0.0	0.0	0.0	0.0
J06-D02-upstream	minus-native	13	0.0	0.0	0.0	0.0	0.0	0.0	0.0	0.0	0.0	0.0	0.0
J06-D02-upstream	minus-native	14	0.0	0.0	0.0	0.0	0.0	0.0	0.0	0.0	0.0	0.0	0.0
J06-D02-upstream	minus-native	15	0.0	0.0	0.0	0.0	0.0	0.0	0.0	0.0	0.0	0.0	0.0
J06-D02-upstream	minus-native	16	0.0	0.0	0.0	0.0	0.0	0.0	0.0	0.0	0.0	0.0	0.0
J06-D02-upstream	minus-native	17	0.0	0.0	0.0	0.0	0.0	0.0	0.0	0.0	0.0	0.0	0.0
J06-D02-upstream	minus-native	18	0.0	-0.0009684562683105469	-0.00268399715423584	-0.0009684562683105469	-0.001715540885925293	-0.0009857883040313986	-0.0018394885588910448	1.754562456265929e-05	0.00012403360082496873	-2.1358884180755489e-07	-8.592785921690549e-08
J06-D02-upstream	minus-native	19	-0.00268399715423584	-0.0161287784576416	-0.017466425895690918	-0.013444781303405762	-0.0013376474380493164	-0.01305796584425023	-0.00025820776821629254	-0.00038674729240123495	-0.0010809115028943272	-6.816675429677233e-08	1.471833061289507e-06
J06-D02-upstream	minus-native	20	-0.017466425895690918	-0.05317115783691406	-0.11502861976623535	-0.035704731941223145	-0.06185746192932129	-0.03376236037975172	-0.06935259483479889	-0.0019424404419496333	0.007494463755645331	6.888047821007603e-08	6.691498322664025e-07
J06-D02-upstream	minus-native	21	-0.11502861976623535	-0.29775524139404297	-0.1665264368057251	-0.18272662162780762	0.13122880458831787	-0.19490673833064887	0.11569113757292993	0.012182586884216917	0.01553668129877811	-2.4701813756689006e-06	9.857166098359293e-07
J06-D02-upstream	minus-native	22	-0.1665264368057251	-0.2732502222061157	-0.34888458251953125	-0.10672378540039062	-0.07563436031341553	-0.11432968904609264	-0.09633056436633525	0.007605345142746467	0.020697990202830086	5.585029555499332e-07	-1.7861499103655198e-06
J06-D02-upstream	minus-native	23	-0.34888458251953125	-0.6210153922438622	-1.130502998828888	-0.2721308097243309	-0.5094876065850258	-0.3283476159284413	-0.6144972017408605	0.056214584224500985	0.10501151895974453	2.2219796094180566e-06	-1.9238039097868587e-06
J06-D02-upstream	minus-native	24	-1.130502998828888	-1.3214566707611084	-1.0856521129608154	-0.19095367193222046	0.23580455780029297	-0.3253656163697707	0.15860801429121096	0.13441127469862724	0.07719667414268927	6.69738922987051e-07	-1.3063360726484063e-07
J06-D02-upstream	minus-native	25	-1.0856521129608154	-0.9814449548721313	-0.4161578416824341	0.10420715808868408	0.5652871131896973	0.06418825684993168	0.48445813491693634	0.04002080000195063	0.08082744989659374	-1.8987631982270159e-06	1.5283761671813778e-06
J06-D02-upstream	minus-native	26	-0.4161578416824341	-0.7469411790370941	-0.6960229873657227	-0.33078333735466003	0.05091819167137146	-0.359774732405568	-0.08969630113996674	0.02898862419297088	0.14061506964725323	2.7708579370955277e-06	-5.768359150337687e-07
J06-D02-upstream	minus-native	27	-0.6960229873657227	-0.7253508567810059	-0.8618316650390625	-0.029327869415283203	-0.13648080825805664	-0.01647773291385035	-0.21068666171156947	-0.012846671217025318	0.0742048316848245	-3.4652844075333533e-06	1.0217686883251531e-06
J06-D02-upstream	minus-native	28	-0.8618316650390625	-0.8447666168212891	-1.2716436386108398	0.017065048217773438	-0.4268770217895508	-0.020208427981343036	-0.5491350596170443	0.03727036106174436	0.12226539412512039	3.115137372111665e-06	-7.356297626825992e-06
J06-D02-upstream	minus-native	29	-1.2716436386108398	-1.4444494247436523	-1.1271495819091797	-0.1728057861328125	0.31729984283447266	-0.2511020181092736	0.19093864477221079	0.07828813855873018	0.12636581739942487	8.093417730892227e-06	-4.619337163003223e-06
J06-D02-upstream	minus-native	30	-1.1271495819091797	-1.2468891143798828	-1.3743906021118164	-0.11973953247070312	-0.1275014877319336	-0.2378251700225782	-0.191374315262062	0.11808541200743594	0.06386987897570817	2.2554443912525812e-07	2.9485544201790503e-06
J06-D02-upstream	minus-native	31	-1.3743906021118164	-1.3959989547729492	-1.3638362884521484	-0.021608352661132812	0.03216266632080078	-0.03088130814321166	-0.08896553818523234	0.009270656713994851	0.12113278188073551	2.298768084108005e-06	-4.577374702385839e-06
J06-D02-upstream	minus-native	32	-1.3638362884521484	-2.1264209747314453	-2.3355846405029297	-0.7625846862792969	-0.20916366577148438	-0.8704442899408115	-0.3570075908951047	0.10785809265230495	0.14784406520170057	1.5110092095316219e-06	-1.4007808024629753e-07
J06-D02-upstream	minus-native	33	-2.3355846405029297	-2.320071220397949	-1.9322023391723633	0.015513420104980469	0.38786888122558594	-0.06855786738799352	0.17668815034626173	0.08407267977033905	0.21117398197034332	-1.3922773651753317e-06	6.748908980558355e-06
J06-D02-upstream	minus-native	34	-1.9322023391723633	-1.582707405090332	-1.4178624153137207	0.34949493408203125	0.16484498977661133	0.05435401165707998	-0.014590260099263563	0.2951496950649797	0.17943422439672885	-8.77264002818734e-06	1.025479146044006e-06
J06-D02-upstream	minus-native	35	-1.4178624153137207	-1.4147238731384277	-2.4241199493408203	0.0031385421752929688	-1.0093960762023926	-0.10562060392066444	-0.6313815227454558	0.10876005356796536	-0.3780179245663078	-9.074720079826903e-07	3.3711093720967256e-06
J06-D02-preceding	minus-native	0	0.0	0.0	0.0	0.0	0.0	0.0	0.0	0.0	0.0	0.0	0.0
J06-D02-preceding	minus-native	1	0.0	0.0	0.0	0.0	0.0	0.0	0.0	0.0	0.0	0.0	0.0
J06-D02-preceding	minus-native	2	0.0	0.0	0.0	0.0	0.0	0.0	0.0	0.0	0.0	0.0	0.0
J06-D02-preceding	minus-native	3	0.0	0.0	0.0	0.0	0.0	0.0	0.0	0.0	0.0	0.0	0.0
J06-D02-preceding	minus-native	4	0.0	0.0	0.0	0.0	0.0	0.0	0.0	0.0	0.0	0.0	0.0
J06-D02-preceding	minus-native	5	0.0	0.0	0.0	0.0	0.0	0.0	0.0	0.0	0.0	0.0	0.0
J06-D02-preceding	minus-native	6	0.0	0.0	0.0	0.0	0.0	0.0	0.0	0.0	0.0	0.0	0.0
J06-D02-preceding	minus-native	7	0.0	0.0	0.0	0.0	0.0	0.0	0.0	0.0	0.0	0.0	0.0
J06-D02-preceding	minus-native	8	0.0	0.0	0.0	0.0	0.0	0.0	0.0	0.0	0.0	0.0	0.0
J06-D02-preceding	minus-native	9	0.0	0.0	0.0	0.0	0.0	0.0	0.0	0.0	0.0	0.0	0.0
J06-D02-preceding	minus-native	10	0.0	0.0	0.0	0.0	0.0	0.0	0.0	0.0	0.0	0.0	0.0
J06-D02-preceding	minus-native	11	0.0	0.0	0.0	0.0	0.0	0.0	0.0	0.0	0.0	0.0	0.0
J06-D02-preceding	minus-native	12	0.0	0.0	0.0	0.0	0.0	0.0	0.0	0.0	0.0	0.0	0.0
J06-D02-preceding	minus-native	13	0.0	0.0	0.0	0.0	0.0	0.0	0.0	0.0	0.0	0.0	0.0
J06-D02-preceding	minus-native	14	0.0	0.0	0.0	0.0	0.0	0.0	0.0	0.0	0.0	0.0	0.0
J06-D02-preceding	minus-native	15	0.0	0.0	0.0	0.0	0.0	0.0	0.0	0.0	0.0	0.0	0.0
J06-D02-preceding	minus-native	16	0.0	0.0	0.0	0.0	0.0	0.0	0.0	0.0	0.0	0.0	0.0
J06-D02-preceding	minus-native	17	0.0	0.0	0.0	0.0	0.0	0.0	0.0	0.0	0.0	0.0	0.0
J06-D02-preceding	minus-native	18	0.0	-0.0004209280014038086	-0.0003153085708618164	-0.0004209280014038086	0.00010561943054199219	-0.00042086358872817087	8.329360702896693e-05	-1.4629854332148806e-07	2.3628798641928128e-05	8.188586768376194e-08	-1.3029751289028724e-06
J06-D02-preceding	minus-native	19	-0.0003153085708618164	-0.0008425712585449219	-0.0010344982147216797	-0.0005272626876831055	-0.0001919269561767578	-0.00044326617855006134	-0.0004017256655268614	-8.470744356064985e-05	0.00021011237194681898	7.10934427605725e-07	-3.1366259672926944e-07
J06-D02-preceding	minus-native	20	-0.0010344982147216797	-0.0028165578842163086	0.0002295970916748047	-0.001782059669494629	0.0030461549758911133	-0.0017117216852396769	0.0026169153630540842	-7.17463445997768e-05	0.00042816906611770067	1.4083603447900828e-06	1.0705467193283802e-06
J06-D02-preceding	minus-native	21	0.0002295970916748047	-0.005872011184692383	0.0059326887130737305	-0.0061016082763671875	0.011804699897766113	-0.005988860698886267	0.011465379939129328	-0.00010974558018284064	0.00033759088743934296	-3.001997298079928e-06	1.7290711974426998e-06
J06-D02-preceding	minus-native	22	0.0059326887130737305	-0.014287710189819336	0.012757539749145508	-0.020220398902893066	0.027045249938964844	-0.020359714430741915	0.026841209148755096	0.00014056705306086936	0.0002022197608684828	-1.2515252120204323e-06	1.8210293412646017e-06
J06-D02-preceding	minus-native	23	0.012757539749145508	-0.012176916003227234	-0.034955620765686035	-0.02493445575237274	-0.0227787047624588	-0.02154199480739305	-0.02824725999746036	-0.0033925467562010425	0.0054698363736226385	8.581122146189557e-08	-1.2811386210787035e-06
J06-D02-preceding	minus-native	24	-0.034955620765686035	-0.037458837032318115	-0.004522442817687988	-0.00250321626663208	0.03293639421463013	-0.004526256545653862	0.03133577502990681	0.002023354102689945	0.0016017558029368661	-3.138236681632378e-07	-1.1366182135486014e-06
J06-D02-preceding	minus-native	25	-0.004522442817687988	-0.005906343460083008	0.012197375297546387	-0.0013839006423950195	0.018103718757629395	-0.004400531169593158	0.017387245781983474	0.003016639811361077	0.0007135634238869537	-9.284162938438811e-09	2.9095517589672326e-06
J06-D02-preceding	minus-native	26	0.012197375297546387	0.01953965425491333	0.011371374130249023	0.007342278957366943	-0.008168280124664307	0.00881761537429071	-0.005298737819645183	-0.0014776260459298252	-0.0028654149810036778	2.2896290060581137e-06	-4.127324015446021e-06
J06-D02-preceding	minus-native	27	0.011371374130249023	0.008347034454345703	0.008064746856689453	-0.0030243396759033203	-0.00028228759765625	-0.0016774175935345692	-0.0010717946578560067	-0.0013513069988773663	0.0007919875888857675	4.3849165086151665e-06	-2.4805286860107856e-06
J06-D02-preceding	minus-native	28	0.008064746856689453	0.008009910583496094	-0.024175643920898438	-5.4836273193359375e-05	-0.03218555450439453	0.0010196300001599212	-0.03144552922855004	-0.0010710423197536345	-0.0007386013211934106	-3.42395359964609e-06	-1.4239546510808054e-06
J06-D02-preceding	minus-native	29	-0.024175643920898438	-0.021209716796875	-0.017706871032714844	0.0029659271240234375	0.0035028457641601562	0.001725395421402709	0.001113200113940227	0.0012321023324435298	0.002397165978985427	8.429370177198692e-06	-7.520328765497908e-06
J06-D02-preceding	minus-native	30	-0.017706871032714844	-0.0076007843017578125	-0.012965202331542969	0.010106086730957031	-0.005364418029785156	0.009988159118840656	-0.007227207372858251	0.00011489874154879676	0.0018622667711833962	3.028870567578501e-06	5.225718897605702e-07
J06-D02-preceding	minus-native	31	-0.012965202331542969	-0.022481918334960938	-0.02962017059326172	-0.009516716003417969	-0.007138252258300781	-0.009294459316223413	-0.008883213085911112	-0.00022303022873260137	0.001748695507098219	7.735415380460964e-07	-3.7346794878878598e-06
J06-D02-preceding	minus-native	32	-0.02962017059326172	-0.04815387725830078	-0.07646560668945312	-0.018533706665039062	-0.028311729431152344	-0.01967561376979665	-0.030173815807305715	0.0011387595643723714	0.001868611371575124	3.1475403852176953e-06	-6.524995421752777e-06
J06-D02-preceding	minus-native	33	-0.07646560668945312	-0.0753021240234375	-0.048010826110839844	0.001163482666015625	0.027291297912597656	-0.001932388010575381	0.018842592394299418	0.0030895950455260834	0.008448773780751928	6.275631065033593e-06	-6.826245391167163e-08
J06-D02-preceding	minus-native	34	-0.048010826110839844	-0.045416831970214844	-0.04148721694946289	0.002593994140625	0.003929615020751953	-0.0015740520422413695	-0.0005680911232777142	0.004174525577507193	0.004493119818604452	-6.479394640823699e-06	4.586325425215421e-06
J06-D02-preceding	minus-native	35	-0.04148721694946289	-0.04393625259399414	-0.08374214172363281	-0.00244903564453125	-0.03980588912963867	-0.007288064676325284	-0.0015387333083716204	0.004837600770175143	-0.03827428477986494	1.428261618974247e-06	7.128958598556778e-06
J06-D02-whole-query	minus-native	0	0.0	0.0	0.0	0.0	0.0	0.0	0.0	0.0	0.0	0.0	0.0
J06-D02-whole-query	minus-native	1	0.0	0.0	0.0	0.0	0.0	0.0	0.0	0.0	0.0	0.0	0.0
J06-D02-whole-query	minus-native	2	0.0	0.0	0.0	0.0	0.0	0.0	0.0	0.0	0.0	0.0	0.0
J06-D02-whole-query	minus-native	3	0.0	0.0	0.0	0.0	0.0	0.0	0.0	0.0	0.0	0.0	0.0
J06-D02-whole-query	minus-native	4	0.0	0.0	0.0	0.0	0.0	0.0	0.0	0.0	0.0	0.0	0.0
J06-D02-whole-query	minus-native	5	0.0	0.0	0.0	0.0	0.0	0.0	0.0	0.0	0.0	0.0	0.0
J06-D02-whole-query	minus-native	6	0.0	0.0	0.0	0.0	0.0	0.0	0.0	0.0	0.0	0.0	0.0
J06-D02-whole-query	minus-native	7	0.0	0.0	0.0	0.0	0.0	0.0	0.0	0.0	0.0	0.0	0.0
J06-D02-whole-query	minus-native	8	0.0	0.0	0.0	0.0	0.0	0.0	0.0	0.0	0.0	0.0	0.0
J06-D02-whole-query	minus-native	9	0.0	0.0	0.0	0.0	0.0	0.0	0.0	0.0	0.0	0.0	0.0
J06-D02-whole-query	minus-native	10	0.0	0.0	0.0	0.0	0.0	0.0	0.0	0.0	0.0	0.0	0.0
J06-D02-whole-query	minus-native	11	0.0	0.0	0.0	0.0	0.0	0.0	0.0	0.0	0.0	0.0	0.0
J06-D02-whole-query	minus-native	12	0.0	0.0	0.0	0.0	0.0	0.0	0.0	0.0	0.0	0.0	0.0
J06-D02-whole-query	minus-native	13	0.0	0.0	0.0	0.0	0.0	0.0	0.0	0.0	0.0	0.0	0.0
J06-D02-whole-query	minus-native	14	0.0	0.0	0.0	0.0	0.0	0.0	0.0	0.0	0.0	0.0	0.0
J06-D02-whole-query	minus-native	15	0.0	0.0	0.0	0.0	0.0	0.0	0.0	0.0	0.0	0.0	0.0
J06-D02-whole-query	minus-native	16	0.0	0.0	0.0	0.0	0.0	0.0	0.0	0.0	0.0	0.0	0.0
J06-D02-whole-query	minus-native	17	0.0	0.0	0.0	0.0	0.0	0.0	0.0	0.0	0.0	0.0	0.0
J06-D02-whole-query	minus-native	18	0.0	0.01282501220703125	0.031171083450317383	0.01282501220703125	0.018346071243286133	0.012932133484271358	0.019541122866532312	-0.00010451583554065003	-0.001196622687455462	-2.6054416994575336e-06	1.5710642092825466e-06
J06-D02-whole-query	minus-native	19	0.031171083450317383	0.05216169357299805	0.01642739772796631	0.020990610122680664	-0.03573429584503174	0.023418059161418814	-0.03704600120152528	-0.002428831404341747	0.0013147283154994194	1.3823656035971688e-06	-3.0229590058938882e-06
J06-D02-whole-query	minus-native	20	0.01642739772796631	-0.01377880573272705	-0.07237720489501953	-0.03020620346069336	-0.05859839916229248	-0.020991657204818194	-0.06602745660975384	-0.00921700299761924	0.007427855623964474	2.4567417440390926e-06	1.2018234968880215e-06
J06-D02-whole-query	minus-native	21	-0.07237720489501953	-0.19667983055114746	-0.08175063133239746	-0.12430262565612793	0.11492919921875	-0.1365364900562096	0.09507446123836005	0.012235139776110238	0.01985395623205316	-1.2753760285644233e-06	7.817483367866807e-07
J06-D02-whole-query	minus-native	22	-0.08175063133239746	-0.23931550979614258	-0.3117079734802246	-0.15756487846374512	-0.07239246368408203	-0.15511666648129452	-0.09548556724578283	-0.002447654565119195	0.02309354969479563	-5.574173314037978e-07	-4.46133094827994e-07
J06-D02-whole-query	minus-native	23	-0.3117079734802246	-0.4420362189412117	-0.9755252599716187	-0.1303282454609871	-0.533489041030407	-0.16628890147346942	-0.6287395571684478	0.03596013947981125	0.09525127042993004	5.165326710798723e-07	-7.542918892267103e-07
J06-D02-whole-query	minus-native	24	-0.9755252599716187	-1.121320217847824	-1.1234592199325562	-0.14579495787620544	-0.0021390020847320557	-0.2780226258393558	-0.06580606834532232	0.13222674927776223	0.06366572370320212	9.186853882070523e-07	1.3425573881509223e-06
J06-D02-whole-query	minus-native	25	-1.1234592199325562	-1.078751802444458	-0.5252304077148438	0.044707417488098145	0.5535213947296143	0.0029509850475475385	0.461836099602829	0.04176022074203495	0.09168254161282752	-3.7883014843420604e-06	2.7535139577317125e-06
J06-D02-whole-query	minus-native	26	-0.5252304077148438	-0.9573934972286224	-0.7674322128295898	-0.4321630895137787	0.1899612843990326	-0.4627287532271014	0.026881382279591026	0.030563470815192062	0.163081826045806	2.1928981306373885e-06	-1.923926364444384e-06
J06-D02-whole-query	minus-native	27	-0.7674322128295898	-0.6934165954589844	-0.8749985694885254	0.07401561737060547	-0.18158197402954102	0.08934530887638226	-0.25092288046146694	-0.015328792193180896	0.06933787122732826	-8.993125958922654e-07	3.0352045976567155e-06
J06-D02-whole-query	minus-native	28	-0.8749985694885254	-0.8463077545166016	-1.4142084121704102	0.028690814971923828	-0.5679006576538086	-0.012551746529600338	-0.6912570175211683	0.04124707617292517	0.1233602604575379	-4.514671401001369e-06	-3.900590178185226e-06
J06-D02-whole-query	minus-native	29	-1.4142084121704102	-1.6478824615478516	-1.350316047668457	-0.2336740493774414	0.29756641387939453	-0.32356784259567206	0.16043444493724324	0.08988535168751466	0.13713767063625681	8.441530715996848e-06	-5.7016941055199055e-06
J06-D02-whole-query	minus-native	30	-1.350316047668457	-1.2655067443847656	-1.5397701263427734	0.0848093032836914	-0.2742633819580078	-0.03533983857286849	-0.33024430478717837	0.12014734308341879	0.05597716159090238	1.7987731411039931e-06	3.7612382683960277e-06
J06-D02-whole-query	minus-native	31	-1.5397701263427734	-1.5586423873901367	-1.6456947326660156	-0.01887226104736328	-0.0870523452758789	-0.01484852870826836	-0.24796497972917875	-0.004020039647293472	0.16091398658922262	-3.6926918013380217e-06	-1.3521359227830487e-06
J06-D02-whole-query	minus-native	32	-1.6456947326660156	-2.478695869445801	-3.0331830978393555	-0.8330011367797852	-0.5544872283935547	-0.9568064489862455	-0.7404735762530894	0.12379740360078828	0.18599337919327197	7.908605672013458e-06	-7.031333737250733e-06
J06-D02-whole-query	minus-native	33	-3.0331830978393555	-3.042597770690918	-2.419178009033203	-0.0094146728515625	0.6234197616577148	-0.1355195870600837	0.30223119181358266	0.12610749014335276	0.3211785483454994	-2.5759348314391417e-06	1.0021498632717396e-05
J06-D02-whole-query	minus-native	34	-2.419178009033203	-2.058124542236328	-1.7531542778015137	0.361053466796875	0.30497026443481445	0.01958670719469402	0.056257836715150056	0.3414751915722323	0.24870998026571867	-8.431970051070437e-06	2.447453945730871e-06
J06-D02-whole-query	minus-native	35	-1.7531542778015137	-1.7358670234680176	-3.213226318359375	0.017287254333496094	-1.4773592948913574	-0.12167448330914808	-0.7522720816251658	0.13896065865000695	-0.7250851892641776	1.0789926372378744e-06	-2.024002013101267e-06
J07-D01-upstream	minus-native	0	0.0	0.0	0.0	0.0	0.0	0.0	0.0	0.0	0.0	0.0	0.0
J07-D01-upstream	minus-native	1	0.0	0.0	0.0	0.0	0.0	0.0	0.0	0.0	0.0	0.0	0.0
J07-D01-upstream	minus-native	2	0.0	0.0	0.0	0.0	0.0	0.0	0.0	0.0	0.0	0.0	0.0
J07-D01-upstream	minus-native	3	0.0	0.0	0.0	0.0	0.0	0.0	0.0	0.0	0.0	0.0	0.0
J07-D01-upstream	minus-native	4	0.0	0.0	0.0	0.0	0.0	0.0	0.0	0.0	0.0	0.0	0.0
J07-D01-upstream	minus-native	5	0.0	0.0	0.0	0.0	0.0	0.0	0.0	0.0	0.0	0.0	0.0
J07-D01-upstream	minus-native	6	0.0	0.0	0.0	0.0	0.0	0.0	0.0	0.0	0.0	0.0	0.0
J07-D01-upstream	minus-native	7	0.0	0.0	0.0	0.0	0.0	0.0	0.0	0.0	0.0	0.0	0.0
J07-D01-upstream	minus-native	8	0.0	0.0	0.0	0.0	0.0	0.0	0.0	0.0	0.0	0.0	0.0
J07-D01-upstream	minus-native	9	0.0	0.0	0.0	0.0	0.0	0.0	0.0	0.0	0.0	0.0	0.0
J07-D01-upstream	minus-native	10	0.0	0.0	0.0	0.0	0.0	0.0	0.0	0.0	0.0	0.0	0.0
J07-D01-upstream	minus-native	11	0.0	0.0	0.0	0.0	0.0	0.0	0.0	0.0	0.0	0.0	0.0
J07-D01-upstream	minus-native	12	0.0	0.0	0.0	0.0	0.0	0.0	0.0	0.0	0.0	0.0	0.0
J07-D01-upstream	minus-native	13	0.0	0.0	0.0	0.0	0.0	0.0	0.0	0.0	0.0	0.0	0.0
J07-D01-upstream	minus-native	14	0.0	0.0	0.0	0.0	0.0	0.0	0.0	0.0	0.0	0.0	0.0
J07-D01-upstream	minus-native	15	0.0	0.0	0.0	0.0	0.0	0.0	0.0	0.0	0.0	0.0	0.0
J07-D01-upstream	minus-native	16	0.0	0.0	0.0	0.0	0.0	0.0	0.0	0.0	0.0	0.0	0.0
J07-D01-upstream	minus-native	17	0.0	0.0	0.0	0.0	0.0	0.0	0.0	0.0	0.0	0.0	0.0
J07-D01-upstream	minus-native	18	0.0	-0.00017495453357696533	0.0017224550247192383	-0.00017495453357696533	0.0018974095582962036	-0.00017051779241405995	0.0019441248743210515	-4.977736270599803e-06	-4.7599799502529017e-05	5.409951076944253e-07	8.844834776811084e-07
J07-D01-upstream	minus-native	19	0.0017224550247192383	-0.012398719787597656	-0.007322907447814941	-0.014121174812316895	0.005075812339782715	-0.01380709756306997	0.005366287860318196	-0.0003125015940239062	-0.00029095694036126996	-1.5756552230183907e-06	4.814198257818703e-07
J07-D01-upstream	minus-native	20	-0.007322907447814941	-0.025911688804626465	-0.004378557205200195	-0.018588781356811523	0.02153313159942627	-0.018365739813235665	0.019479581023936376	-0.0002227453482456232	0.0020544227494957157	-2.9619533026270517e-07	-8.721740058226235e-07
J07-D01-upstream	minus-native	21	-0.004378557205200195	-0.08279144763946533	-0.06622838973999023	-0.07841289043426514	0.016563057899475098	-0.07971725884893566	0.012103499991218736	0.00130202995164308	0.004461262140930233	2.3384630274403406e-06	-1.7042326738714308e-06
J07-D01-upstream	minus-native	22	-0.06622838973999023	-0.10090917348861694	0.04516899585723877	-0.03468078374862671	0.1460781693458557	-0.03813854848124043	0.14352329338018333	0.0034578110627477288	0.0025536256366458787	-4.6330134007011026e-08	1.2503290265086786e-06
J07-D01-upstream	minus-native	23	0.04516899585723877	0.11210465431213379	0.04226422309875488	0.06693565845489502	-0.0698404312133789	0.06759573667775642	-0.06153428249778359	-0.0006610814883720728	-0.008303112600916165	1.0032655106684274e-06	-3.0361146791529903e-06
J07-D01-upstream	minus-native	24	0.04226422309875488	0.03421926498413086	-0.02175617218017578	-0.008044958114624023	-0.05597543716430664	-0.0038456460331171005	-0.05224829223892881	-0.004201487194885889	-0.003726079888218492	2.1751133789660315e-06	-1.0650371593534658e-06
J07-D01-upstream	minus-native	25	-0.02175617218017578	-0.0552980899810791	-0.054837942123413086	-0.03354191780090332	0.0004601478576660156	-0.03320610304751337	-0.004337003813690954	-0.0003364950760341538	0.0047982933401223005	6.803226442024524e-07	-1.1416687653309499e-06
J07-D01-upstream	minus-native	26	-0.054837942123413086	-0.03802156448364258	0.058415889739990234	0.016816377639770508	0.09643745422363281	0.014044048315599689	0.09224834375879432	0.0027709588796956813	0.00419069156030321	1.3704444751377887e-06	-1.5810954647130226e-06
J07-D01-upstream	minus-native	27	0.058415889739990234	0.07314300537109375	0.05317974090576172	0.014727115631103516	-0.01996326446533203	0.016913666506143454	-0.012968017706140172	-0.0021890315899672184	-0.006992375190745189	2.48071492727972e-06	-2.87156844666972e-06
J07-D01-upstream	minus-native	28	0.05317974090576172	0.042212486267089844	0.0686197280883789	-0.010967254638671875	0.026407241821289062	-0.00868831197422848	0.029478174203556584	-0.0022763750418023365	-0.003072512997405852	-2.5676226410586978e-06	1.580615138330188e-06
J07-D01-upstream	minus-native	29	0.0686197280883789	0.08805465698242188	0.1542034149169922	0.01943492889404297	0.06614875793457031	0.019885067935193845	0.07048065455117092	-0.00045119533383308763	-0.004333184351937858	1.0562926822110796e-06	1.2877353372520162e-06
J07-D01-upstream	minus-native	30	0.1542034149169922	0.21168899536132812	0.15530109405517578	0.05748558044433594	-0.056387901306152344	0.0689661141586011	-0.034478106950697196	-0.011482193853432299	-0.0219071659515071	1.6601391671366983e-06	-2.6284039480461985e-06
J07-D01-upstream	minus-native	31	0.15530109405517578	0.16573333740234375	0.20746231079101562	0.010432243347167969	0.041728973388671875	0.01335533682469947	0.056040347517430866	-0.002924278231227262	-0.014310125877372681	1.184753695759877e-06	-1.2482513862543954e-06
J07-D01-upstream	minus-native	32	0.20746231079101562	0.2980318069458008	0.37615013122558594	0.09056949615478516	0.07811832427978516	0.10307684683647267	0.10965147282202858	-0.012508620262529246	-0.031531798533223965	1.2695808417340082e-06	-1.3500090194629166e-06
J07-D01-upstream	minus-native	33	0.37615013122558594	0.3535432815551758	0.3524951934814453	-0.022606849670410156	-0.0010480880737304688	0.00040740486133505893	0.03418416716403683	-0.023016561631250987	-0.0352355716815711	2.3070995058827037e-06	3.316443804024516e-06
J07-D01-upstream	minus-native	34	0.3524951934814453	0.2805032730102539	0.23905181884765625	-0.0719919204711914	-0.041451454162597656	-0.02534314628808143	0.010583875556224864	-0.04664516623604986	-0.05203313470075477	-3.6079470602246033e-06	-2.1950180677521303e-06
J07-D01-upstream	minus-native	35	0.23905181884765625	0.21445846557617188	0.3445701599121094	-0.024593353271484375	0.1301116943359375	-0.008139085381994371	-0.07389897354134911	-0.016457754615138875	0.2040049523846097	3.486725648871314e-06	5.715492676472422e-06
J07-D01-preceding	minus-native	0	0.0	0.0	0.0	0.0	0.0	0.0	0.0	0.0	0.0	0.0	0.0
J07-D01-preceding	minus-native	1	0.0	0.0	0.0	0.0	0.0	0.0	0.0	0.0	0.0	0.0	0.0
J07-D01-preceding	minus-native	2	0.0	0.0	0.0	0.0	0.0	0.0	0.0	0.0	0.0	0.0	0.0
J07-D01-preceding	minus-native	3	0.0	0.0	0.0	0.0	0.0	0.0	0.0	0.0	0.0	0.0	0.0
J07-D01-preceding	minus-native	4	0.0	0.0	0.0	0.0	0.0	0.0	0.0	0.0	0.0	0.0	0.0
J07-D01-preceding	minus-native	5	0.0	0.0	0.0	0.0	0.0	0.0	0.0	0.0	0.0	0.0	0.0
J07-D01-preceding	minus-native	6	0.0	0.0	0.0	0.0	0.0	0.0	0.0	0.0	0.0	0.0	0.0
J07-D01-preceding	minus-native	7	0.0	0.0	0.0	0.0	0.0	0.0	0.0	0.0	0.0	0.0	0.0
J07-D01-preceding	minus-native	8	0.0	0.0	0.0	0.0	0.0	0.0	0.0	0.0	0.0	0.0	0.0
J07-D01-preceding	minus-native	9	0.0	0.0	0.0	0.0	0.0	0.0	0.0	0.0	0.0	0.0	0.0
J07-D01-preceding	minus-native	10	0.0	0.0	0.0	0.0	0.0	0.0	0.0	0.0	0.0	0.0	0.0
J07-D01-preceding	minus-native	11	0.0	0.0	0.0	0.0	0.0	0.0	0.0	0.0	0.0	0.0	0.0
J07-D01-preceding	minus-native	12	0.0	0.0	0.0	0.0	0.0	0.0	0.0	0.0	0.0	0.0	0.0
J07-D01-preceding	minus-native	13	0.0	0.0	0.0	0.0	0.0	0.0	0.0	0.0	0.0	0.0	0.0
J07-D01-preceding	minus-native	14	0.0	0.0	0.0	0.0	0.0	0.0	0.0	0.0	0.0	0.0	0.0
J07-D01-preceding	minus-native	15	0.0	0.0	0.0	0.0	0.0	0.0	0.0	0.0	0.0	0.0	0.0
J07-D01-preceding	minus-native	16	0.0	0.0	0.0	0.0	0.0	0.0	0.0	0.0	0.0	0.0	0.0
J07-D01-preceding	minus-native	17	0.0	0.0	0.0	0.0	0.0	0.0	0.0	0.0	0.0	0.0	0.0
J07-D01-preceding	minus-native	18	0.0	0.00020459294319152832	-0.00018596649169921875	0.00020459294319152832	-0.00039055943489074707	0.00020516878817344875	-0.00037765616582285944	-5.445708608428634e-07	-1.2632699820824822e-05	-3.1274121077562445e-08	-2.7056924706281293e-07
J07-D01-preceding	minus-native	19	-0.00018596649169921875	-0.0037207603454589844	-0.004209756851196289	-0.0035347938537597656	-0.0004889965057373047	-0.0034775529024340113	-0.0006605662195759976	-5.757881512041818e-05	0.00017025985984159275	3.3786379466382854e-07	1.3098539971001522e-06
J07-D01-preceding	minus-native	20	-0.004209756851196289	0.0017237663269042969	-0.0010917186737060547	0.005933523178100586	-0.0028154850006103516	0.0060352182071223	-0.0032194267275762745	-9.851639310842764e-05	0.0004038678672063367	-3.1786359132590647e-06	7.385975958618118e-08
J07-D01-preceding	minus-native	21	-0.0010917186737060547	-0.005497932434082031	0.012740135192871094	-0.0044062137603759766	0.018238067626953125	-0.005445409182016359	0.017776295157937272	0.0010377120564950548	0.00046147006955993275	1.4833651452716978e-06	3.0239945592036577e-07
J07-D01-preceding	minus-native	22	0.012740135192871094	0.01979118585586548	0.02712017297744751	0.007051050662994385	0.007328987121582031	0.008579008375082298	0.008000181213108748	-0.0015266371200648998	-0.0006719917055669627	-1.3205920230130452e-06	7.976140402460308e-07
J07-D01-preceding	minus-native	23	0.02712017297744751	-0.0003578662872314453	0.019524574279785156	-0.027478039264678955	0.0198824405670166	-0.024296489496738793	0.019912926764636296	-0.0031857716547847303	-2.5199185718582928e-05	4.221886844568701e-06	-5.287011901111693e-06
J07-D01-preceding	minus-native	24	0.019524574279785156	0.018865346908569336	0.05740690231323242	-0.0006592273712158203	0.038541555404663086	0.0030101882670818814	0.03978535501711186	-0.003670030838154592	-0.0012442380896577343	6.151998568904027e-07	4.384772089582878e-07
J07-D01-preceding	minus-native	25	0.05740690231323242	0.05008220672607422	0.014273405075073242	-0.007324695587158203	-0.03580880165100098	-0.006542642351759609	-0.032159572790458	-0.0007828205500613299	-0.0036474142293590472	7.673146627355798e-07	-1.8146311839273288e-06
J07-D01-preceding	minus-native	26	0.014273405075073242	0.011434078216552734	-0.008233070373535156	-0.002839326858520508	-0.01966714859008789	-0.002111861579766394	-0.018366576583378147	-0.0007283243563322578	-0.0013012263426949479	8.590775781441851e-07	6.543359852041741e-07
J07-D01-preceding	minus-native	27	-0.008233070373535156	-0.02366018295288086	-0.019948959350585938	-0.015427112579345703	0.003711223602294922	-0.01569416483076902	0.001400175079207533	0.00026475602862856273	0.0023124462412906117	2.2962227947537217e-06	-1.397718203222792e-06
J07-D01-preceding	minus-native	28	-0.019948959350585938	-0.019643783569335938	-0.02249622344970703	0.00030517578125	-0.0028524398803710938	-0.0004506385739677654	-0.0061589144041223065	0.0007600180670736326	0.0033058955627728315	-4.203711855867154e-06	5.789609783812821e-07
J07-D01-preceding	minus-native	29	-0.02249622344970703	-0.007213592529296875	-0.0044574737548828125	0.015282630920410156	0.0027561187744140625	0.01384292063169923	-0.001099635106033281	0.0014424635746501657	0.0038514851409963136	-2.7532859392387365e-06	4.2687394510299015e-06
J07-D01-preceding	minus-native	30	-0.0044574737548828125	0.018964767456054688	0.014449119567871094	0.0234222412109375	-0.004515647888183594	0.022461641584031966	-0.0018827396866045731	0.0009605505039481654	-0.0026359296299613977	4.912295736847483e-08	3.021428382377067e-06
J07-D01-preceding	minus-native	31	0.014449119567871094	0.016203880310058594	0.016605377197265625	0.0017547607421875	0.00040149688720703125	0.002213908255798591	0.0012955785094500571	-0.0004560289874799839	-0.0008949582270062484	-3.118526131107302e-06	8.766047632224883e-07
J07-D01-preceding	minus-native	32	0.016605377197265625	-0.002292633056640625	0.012296676635742188	-0.01889801025390625	0.014589309692382812	-0.018839468928032232	0.01276911637419853	-5.4746587777543265e-05	0.0018151620836470705	-3.794738096474237e-06	5.03123453721166e-06
J07-D01-preceding	minus-native	33	0.012296676635742188	0.01227569580078125	0.013865470886230469	-2.09808349609375e-05	0.0015897750854492188	0.00030020297744756674	0.004022211944892384	-0.0003206721655621969	-0.0024348828746896256	-5.116468462240675e-07	2.446015246571065e-06
J07-D01-preceding	minus-native	34	0.013865470886230469	0.0026979446411132812	-0.0019407272338867188	-0.011167526245117188	-0.004638671875	-0.007395547488613374	-0.005737320666901358	-0.003771751696951986	0.0011021903419519141	-2.2705955182722448e-07	-3.5415500505564523e-06
J07-D01-preceding	minus-native	35	-0.0019407272338867188	-0.0008192062377929688	0.0177001953125	0.00112152099609375	0.01851940155029297	0.0016305147057961156	0.05006715214262325	-0.0005087205630665004	-0.03155401575293837	-2.731466358651957e-07	6.265160608975862e-06
J07-D01-whole-query	minus-native	0	0.0	0.0	0.0	0.0	0.0	0.0	0.0	0.0	0.0	0.0	0.0
J07-D01-whole-query	minus-native	1	0.0	0.0	0.0	0.0	0.0	0.0	0.0	0.0	0.0	0.0	0.0
J07-D01-whole-query	minus-native	2	0.0	0.0	0.0	0.0	0.0	0.0	0.0	0.0	0.0	0.0	0.0
J07-D01-whole-query	minus-native	3	0.0	0.0	0.0	0.0	0.0	0.0	0.0	0.0	0.0	0.0	0.0
J07-D01-whole-query	minus-native	4	0.0	0.0	0.0	0.0	0.0	0.0	0.0	0.0	0.0	0.0	0.0
J07-D01-whole-query	minus-native	5	0.0	0.0	0.0	0.0	0.0	0.0	0.0	0.0	0.0	0.0	0.0
J07-D01-whole-query	minus-native	6	0.0	0.0	0.0	0.0	0.0	0.0	0.0	0.0	0.0	0.0	0.0
J07-D01-whole-query	minus-native	7	0.0	0.0	0.0	0.0	0.0	0.0	0.0	0.0	0.0	0.0	0.0
J07-D01-whole-query	minus-native	8	0.0	0.0	0.0	0.0	0.0	0.0	0.0	0.0	0.0	0.0	0.0
J07-D01-whole-query	minus-native	9	0.0	0.0	0.0	0.0	0.0	0.0	0.0	0.0	0.0	0.0	0.0
J07-D01-whole-query	minus-native	10	0.0	0.0	0.0	0.0	0.0	0.0	0.0	0.0	0.0	0.0	0.0
J07-D01-whole-query	minus-native	11	0.0	0.0	0.0	0.0	0.0	0.0	0.0	0.0	0.0	0.0	0.0
J07-D01-whole-query	minus-native	12	0.0	0.0	0.0	0.0	0.0	0.0	0.0	0.0	0.0	0.0	0.0
J07-D01-whole-query	minus-native	13	0.0	0.0	0.0	0.0	0.0	0.0	0.0	0.0	0.0	0.0	0.0
J07-D01-whole-query	minus-native	14	0.0	0.0	0.0	0.0	0.0	0.0	0.0	0.0	0.0	0.0	0.0
J07-D01-whole-query	minus-native	15	0.0	0.0	0.0	0.0	0.0	0.0	0.0	0.0	0.0	0.0	0.0
J07-D01-whole-query	minus-native	16	0.0	0.0	0.0	0.0	0.0	0.0	0.0	0.0	0.0	0.0	0.0
J07-D01-whole-query	minus-native	17	0.0	0.0	0.0	0.0	0.0	0.0	0.0	0.0	0.0	0.0	0.0
J07-D01-whole-query	minus-native	18	0.0	0.006077691912651062	-0.006126046180725098	0.006077691912651062	-0.01220373809337616	0.00607591743887248	-0.011976518217885257	6.897601854301272e-07	-0.00022705487934160384	1.084713593151737e-06	-1.649961492988794e-07
J07-D01-whole-query	minus-native	19	-0.006126046180725098	-0.05972790718078613	-0.047535061836242676	-0.053601861000061035	0.012192845344543457	-0.05357200692290642	0.013985728369837663	-2.9708499999558935e-05	-0.0017944033528110304	-1.455771550529228e-07	1.520327516796316e-06
J07-D01-whole-query	minus-native	20	-0.047535061836242676	-0.03369009494781494	-0.03493094444274902	0.013844966888427734	-0.001240849494934082	0.006148780832459788	0.0009121619247524637	0.007699505176863242	-0.0021534721631576714	-3.319120895295402e-06	4.607434711256797e-07
J07-D01-whole-query	minus-native	21	-0.03493094444274902	-0.14103341102600098	-0.07545733451843262	-0.10610246658325195	0.06557607650756836	-0.11310857920966128	0.06100613488857731	0.007006116104397497	0.004570370098043369	-3.477988230748963e-09	-4.284790523223503e-07
J07-D01-whole-query	minus-native	22	-0.07545733451843262	-0.15850013494491577	-0.06995141506195068	-0.08304280042648315	0.08854871988296509	-0.08866832412242553	0.08651436114386302	0.005627244206038662	0.002031333651909814	-1.7205100962813802e-06	3.0250871922571365e-06
J07-D01-whole-query	minus-native	23	-0.06995141506195068	-0.08085775375366211	-0.14373111724853516	-0.010906338691711426	-0.06287336349487305	-0.027152024309232026	-0.06557633945396146	0.01624415238571708	0.0027068405990642863	1.5332318035188308e-06	-3.8646399758701655e-06
J07-D01-whole-query	minus-native	24	-0.14373111724853516	-0.15369009971618652	-0.19851207733154297	-0.009958982467651367	-0.044821977615356445	-0.03245529561785643	-0.05720071835390232	0.022496578113494647	0.012375911908884513	-2.6496328958680593e-07	2.828829661377652e-06
J07-D01-whole-query	minus-native	25	-0.19851207733154297	-0.2559783458709717	-0.18252968788146973	-0.05746626853942871	0.07344865798950195	-0.06041725968242695	0.053591524344330344	0.0029512776056881095	0.019855471745239175	-2.864626898711753e-07	1.6618999324341521e-06
J07-D01-whole-query	minus-native	26	-0.18252968788146973	-0.2487955093383789	-0.22024917602539062	-0.06626582145690918	0.02854633331298828	-0.07481803675568832	0.0009736993542749373	0.00855633967396488	0.02757104616879029	-4.1243751857378275e-06	1.5877899230548609e-06
J07-D01-whole-query	minus-native	27	-0.22024917602539062	-0.26465892791748047	-0.31008052825927734	-0.044409751892089844	-0.045421600341796875	-0.05049196417053281	-0.0704909778868219	0.00608010441952112	0.02507111294700862	2.107858921846298e-06	-1.7354019835914836e-06
J07-D01-whole-query	minus-native	28	-0.31008052825927734	-0.21152877807617188	-0.22138404846191406	0.09855175018310547	-0.009855270385742188	0.08615162170456347	-0.03838147113256607	0.012402589710464897	0.028525383151496442	-2.4612319229032342e-06	8.175953274403014e-07
J07-D01-whole-query	minus-native	29	-0.22138404846191406	-0.24036216735839844	-0.16444873809814453	-0.018978118896484375	0.0759134292602539	-0.03778493218080836	0.043245276068965444	0.018807175928054032	0.03266872059438475	-3.626437300452423e-07	-5.674030962854459e-07
J07-D01-whole-query	minus-native	30	-0.16444873809814453	-0.20038127899169922	-0.1812124252319336	-0.03593254089355469	0.019168853759765625	-0.04074892926533891	-0.01779212918549944	0.004814202681526436	0.036959820285578315	2.185690257783257e-06	1.1626596867486683e-06
J07-D01-whole-query	minus-native	31	-0.1812124252319336	-0.1840810775756836	-0.15078353881835938	-0.00286865234375	0.03329753875732422	-0.01340215045890647	0.010345664954669875	0.010534806335665947	0.022952189532159717	-1.3082205094772092e-06	-3.157295054290188e-07
J07-D01-whole-query	minus-native	32	-0.15078353881835938	-0.11980342864990234	-0.060977935791015625	0.03098011016845703	0.05882549285888672	0.021807814198400166	0.04524219860140599	0.009177077430120362	0.013578251227322369	-4.7814600634965565e-06	5.043030158358164e-06
J07-D01-whole-query	minus-native	33	-0.060977935791015625	-0.07205677032470703	0.00330352783203125	-0.011078834533691406	0.07536029815673828	-0.012407491041725643	0.055442661667197135	0.001327503930989904	0.019911840924191182	1.1525770444720251e-06	5.795565350075194e-06
J07-D01-whole-query	minus-native	34	0.00330352783203125	-0.07966041564941406	0.026389122009277344	-0.08296394348144531	0.1060495376586914	-0.07627457176186392	0.08813422580602603	-0.006681637798643392	0.017912550006135675	-7.73392093789127e-06	2.761846529697465e-06
J07-D01-whole-query	minus-native	35	0.026389122009277344	-0.003926277160644531	-0.32952117919921875	-0.030315399169921875	-0.3255949020385742	-0.0251106094534842	-0.20121571544245986	-0.005203564828485718	-0.12438639895012216	-1.2248879519560774e-06	7.212354008245825e-06
J07-D02-upstream	minus-native	0	0.0	0.0	0.0	0.0	0.0	0.0	0.0	0.0	0.0	0.0	0.0
J07-D02-upstream	minus-native	1	0.0	0.0	0.0	0.0	0.0	0.0	0.0	0.0	0.0	0.0	0.0
J07-D02-upstream	minus-native	2	0.0	0.0	0.0	0.0	0.0	0.0	0.0	0.0	0.0	0.0	0.0
J07-D02-upstream	minus-native	3	0.0	0.0	0.0	0.0	0.0	0.0	0.0	0.0	0.0	0.0	0.0
J07-D02-upstream	minus-native	4	0.0	0.0	0.0	0.0	0.0	0.0	0.0	0.0	0.0	0.0	0.0
J07-D02-upstream	minus-native	5	0.0	0.0	0.0	0.0	0.0	0.0	0.0	0.0	0.0	0.0	0.0
J07-D02-upstream	minus-native	6	0.0	0.0	0.0	0.0	0.0	0.0	0.0	0.0	0.0	0.0	0.0
J07-D02-upstream	minus-native	7	0.0	0.0	0.0	0.0	0.0	0.0	0.0	0.0	0.0	0.0	0.0
J07-D02-upstream	minus-native	8	0.0	0.0	0.0	0.0	0.0	0.0	0.0	0.0	0.0	0.0	0.0
J07-D02-upstream	minus-native	9	0.0	0.0	0.0	0.0	0.0	0.0	0.0	0.0	0.0	0.0	0.0
J07-D02-upstream	minus-native	10	0.0	0.0	0.0	0.0	0.0	0.0	0.0	0.0	0.0	0.0	0.0
J07-D02-upstream	minus-native	11	0.0	0.0	0.0	0.0	0.0	0.0	0.0	0.0	0.0	0.0	0.0
J07-D02-upstream	minus-native	12	0.0	0.0	0.0	0.0	0.0	0.0	0.0	0.0	0.0	0.0	0.0
J07-D02-upstream	minus-native	13	0.0	0.0	0.0	0.0	0.0	0.0	0.0	0.0	0.0	0.0	0.0
J07-D02-upstream	minus-native	14	0.0	0.0	0.0	0.0	0.0	0.0	0.0	0.0	0.0	0.0	0.0
J07-D02-upstream	minus-native	15	0.0	0.0	0.0	0.0	0.0	0.0	0.0	0.0	0.0	0.0	0.0
J07-D02-upstream	minus-native	16	0.0	0.0	0.0	0.0	0.0	0.0	0.0	0.0	0.0	0.0	0.0
J07-D02-upstream	minus-native	17	0.0	0.0	0.0	0.0	0.0	0.0	0.0	0.0	0.0	0.0	0.0
J07-D02-upstream	minus-native	18	0.0	-3.2007694244384766e-05	-0.0019996166229248047	-3.2007694244384766e-05	-0.00196760892868042	-4.859696715087125e-05	-0.002059609920902261	1.710196401158437e-05	9.176101882918397e-05	-5.126911050978844e-07	2.399733926572445e-07
J07-D02-upstream	minus-native	19	-0.0019996166229248047	0.016249656677246094	0.00886988639831543	0.0182492733001709	-0.007379770278930664	0.01756807293541751	-0.0073119477029040935	0.0006807502859135783	-6.708035273608748e-05	4.5007883980874297e-07	-7.422232904674697e-07
J07-D02-upstream	minus-native	20	0.00886988639831543	0.04808551073074341	0.029398560523986816	0.03921562433242798	-0.018686950206756592	0.0385571871905554	-0.014700067808560702	0.0006573611182608685	-0.003985539183631842	1.07602361171244e-06	-1.3432145640479565e-06
J07-D02-upstream	minus-native	21	0.029398560523986816	0.09556043148040771	0.07644450664520264	0.0661618709564209	-0.019115924835205078	0.07158058465781297	-0.013017875091344222	-0.005419929912518939	-0.006098291099315506	1.2162111268088083e-06	2.4135545464987196e-07
J07-D02-upstream	minus-native	22	0.07644450664520264	0.09318608045578003	-0.10647636651992798	0.016741573810577393	-0.199662446975708	0.02047240834601638	-0.19920851337481138	-0.003729461138244461	-0.00045602636846263367	-1.3733971945262269e-06	2.0927675660059597e-06
J07-D02-upstream	minus-native	23	-0.10647636651992798	-0.1852550506591797	-0.12587404251098633	-0.07877868413925171	0.05938100814819336	-0.09053362087502781	0.044335243302034755	0.011755208559471098	0.015047070212340391	-2.718236949972308e-07	-1.3053661817863382e-06
J07-D02-upstream	minus-native	24	-0.12587404251098633	-0.1227116584777832	-0.07149744033813477	0.003162384033203125	0.05121421813964844	-0.009427179269547947	0.037239667921273714	0.012586782244812633	0.013979063422886767	2.78105793843908e-06	-4.5132045120577224e-06
J07-D02-upstream	minus-native	25	-0.07149744033813477	-0.011408090591430664	0.12895774841308594	0.0600893497467041	0.1403658390045166	0.05775283359423533	0.14031053821468098	0.0023340056380831108	5.768296714128707e-05	2.5105143856597734e-06	-2.3821773056653672e-06
J07-D02-upstream	minus-native	26	0.12895774841308594	0.02232217788696289	-0.10034751892089844	-0.10663557052612305	-0.12266969680786133	-0.09909595413709327	-0.12027154971163156	-0.007541712346737353	-0.002396693942385358	2.095957707573537e-06	-1.4531538444054778e-06
J07-D02-upstream	minus-native	27	-0.10034751892089844	-0.12229633331298828	-0.08232307434082031	-0.021948814392089844	0.03997325897216797	-0.025506384468896193	0.028370061094954158	0.0035565191432871436	0.011604112741339847	1.0509335192053493e-06	-9.14864126034913e-07
J07-D02-upstream	minus-native	28	-0.08232307434082031	-0.10506629943847656	-0.21499252319335938	-0.02274322509765625	-0.10992622375488281	-0.026424484574481877	-0.12224617249096514	0.0036761677451033654	0.012326100041210264	5.091731722261378e-06	-6.151305127932716e-06
J07-D02-upstream	minus-native	29	-0.21499252319335938	-0.27224159240722656	-0.4347410202026367	-0.05724906921386719	-0.16249942779541016	-0.0660999537694682	-0.17391671319987223	0.00884821177001427	0.011412100250540513	2.6727855867436645e-06	5.1851539215608256e-06
J07-D02-upstream	minus-native	30	-0.4347410202026367	-0.559941291809082	-0.46184539794921875	-0.1252002716064453	0.09809589385986328	-0.1507751699267581	0.02931546819782871	0.025581478024014226	0.06877889170481943	-6.579703701437012e-06	1.5339572151384928e-06
J07-D02-upstream	minus-native	31	-0.46184539794921875	-0.43924713134765625	-0.5003776550292969	0.0225982666015625	-0.061130523681640625	0.004609787284590605	-0.09746314890205605	0.01798776071280561	0.03633387017615963	7.18604166283221e-07	-1.2449557441618353e-06
J07-D02-upstream	minus-native	32	-0.5003776550292969	-0.5796794891357422	-0.6791200637817383	-0.07930183410644531	-0.0994405746459961	-0.10958515315185302	-0.14076524828753145	0.03028525368170476	0.04132069668537253	-1.934636297051817e-06	3.976956162832224e-06
J07-D02-upstream	minus-native	33	-0.6791200637817383	-0.6361122131347656	-0.6351099014282227	0.043007850646972656	0.0010023117065429688	-0.0056652563838435754	-0.05920735030513091	0.04867294493302521	0.06021465533400172	1.6209779107878575e-07	-4.993322327839778e-06
J07-D02-upstream	minus-native	34	-0.6351099014282227	-0.5133371353149414	-0.42366600036621094	0.12177276611328125	0.08967113494873047	0.04070768217136422	-0.01804813269670147	0.08106229128840203	0.10771780649228457	2.7926535148825593e-06	1.4611531473640582e-06
J07-D02-upstream	minus-native	35	-0.42366600036621094	-0.3905153274536133	-0.7272377014160156	0.033150672912597656	-0.33672237396240234	0.0032910917688554475	0.0321129538128746	0.02985997787461825	-0.3688219634486263	-3.967308760399746e-07	-1.336432664977849e-05
J07-D02-preceding	minus-native	0	0.0	0.0	0.0	0.0	0.0	0.0	0.0	0.0	0.0	0.0	0.0
J07-D02-preceding	minus-native	1	0.0	0.0	0.0	0.0	0.0	0.0	0.0	0.0	0.0	0.0	0.0
J07-D02-preceding	minus-native	2	0.0	0.0	0.0	0.0	0.0	0.0	0.0	0.0	0.0	0.0	0.0
J07-D02-preceding	minus-native	3	0.0	0.0	0.0	0.0	0.0	0.0	0.0	0.0	0.0	0.0	0.0
J07-D02-preceding	minus-native	4	0.0	0.0	0.0	0.0	0.0	0.0	0.0	0.0	0.0	0.0	0.0
J07-D02-preceding	minus-native	5	0.0	0.0	0.0	0.0	0.0	0.0	0.0	0.0	0.0	0.0	0.0
J07-D02-preceding	minus-native	6	0.0	0.0	0.0	0.0	0.0	0.0	0.0	0.0	0.0	0.0	0.0
J07-D02-preceding	minus-native	7	0.0	0.0	0.0	0.0	0.0	0.0	0.0	0.0	0.0	0.0	0.0
J07-D02-preceding	minus-native	8	0.0	0.0	0.0	0.0	0.0	0.0	0.0	0.0	0.0	0.0	0.0
J07-D02-preceding	minus-native	9	0.0	0.0	0.0	0.0	0.0	0.0	0.0	0.0	0.0	0.0	0.0
J07-D02-preceding	minus-native	10	0.0	0.0	0.0	0.0	0.0	0.0	0.0	0.0	0.0	0.0	0.0
J07-D02-preceding	minus-native	11	0.0	0.0	0.0	0.0	0.0	0.0	0.0	0.0	0.0	0.0	0.0
J07-D02-preceding	minus-native	12	0.0	0.0	0.0	0.0	0.0	0.0	0.0	0.0	0.0	0.0	0.0
J07-D02-preceding	minus-native	13	0.0	0.0	0.0	0.0	0.0	0.0	0.0	0.0	0.0	0.0	0.0
J07-D02-preceding	minus-native	14	0.0	0.0	0.0	0.0	0.0	0.0	0.0	0.0	0.0	0.0	0.0
J07-D02-preceding	minus-native	15	0.0	0.0	0.0	0.0	0.0	0.0	0.0	0.0	0.0	0.0	0.0
J07-D02-preceding	minus-native	16	0.0	0.0	0.0	0.0	0.0	0.0	0.0	0.0	0.0	0.0	0.0
J07-D02-preceding	minus-native	17	0.0	0.0	0.0	0.0	0.0	0.0	0.0	0.0	0.0	0.0	0.0
J07-D02-preceding	minus-native	18	0.0	-0.00020453333854675293	0.00022470951080322266	-0.00020453333854675293	0.0004292428493499756	-0.0002049282909264427	0.0004119545783396461	1.5630414536005333e-06	1.5699004978997344e-05	-1.1680890739107497e-06	1.5892660313321372e-06
J07-D02-preceding	minus-native	19	0.00022470951080322266	0.0010182857513427734	0.001378178596496582	0.0007935762405395508	0.0003598928451538086	0.0007653120599853125	0.0005360157188286536	2.9019141193964426e-05	-0.00017571247768766174	-7.549606397261321e-07	-4.103959871937235e-07
J07-D02-preceding	minus-native	20	0.001378178596496582	-0.00612640380859375	-0.0017075538635253906	-0.007504582405090332	0.004418849945068359	-0.00758615034653759	0.004150667842489686	8.114306429568563e-05	0.00026787199310021603	4.2487715157246697e-07	3.101094784574432e-07
J07-D02-preceding	minus-native	21	-0.0017075538635253906	0.01330554485321045	-0.002615690231323242	0.01501309871673584	-0.01592123508453369	0.01565794023830941	-0.01523458201749378	-0.0006441930147215169	-0.0006866068036495143	-6.485068521078219e-07	-4.626339039637273e-08
J07-D02-preceding	minus-native	22	-0.002615690231323242	-0.03380638360977173	-0.04858577251434326	-0.031190693378448486	-0.014779388904571533	-0.03201800315496084	-0.016042509176114716	0.0008278026263570104	0.0012610922078645642	-4.928498446576945e-07	2.0280636786190742e-06
J07-D02-preceding	minus-native	23	-0.04858577251434326	-0.02709949016571045	-0.05780601501464844	0.021486282348632812	-0.03070652484893799	0.016278617540048668	-0.0327881962018286	0.005207385840715895	0.002082583380019043	2.789678682502128e-07	-9.120271284301928e-07
J07-D02-preceding	minus-native	24	-0.05780601501464844	-0.04792022705078125	-0.07604551315307617	0.009885787963867188	-0.028125286102294922	0.00016810603817285497	-0.0321297515603958	0.009716617144989004	0.004005095432666805	1.0647807053287828e-06	-6.299745659299472e-07
J07-D02-preceding	minus-native	25	-0.07604551315307617	-0.07757902145385742	-0.045783281326293945	-0.00153350830078125	0.03179574012756348	-0.002663479340314523	0.025798583244518225	0.0011328906426351718	0.005996717420684916	-2.9196031018988156e-06	4.3946236033542974e-07
J07-D02-preceding	minus-native	26	-0.045783281326293945	-0.02921295166015625	-0.004611492156982422	0.016570329666137695	0.024601459503173828	0.014486210558461332	0.02150930919148386	0.002082434570319522	0.00309361063497199	1.6845373568413757e-06	-1.460323282022845e-06
J07-D02-preceding	minus-native	27	-0.004611492156982422	0.0057277679443359375	-0.015992164611816406	0.01033926010131836	-0.021719932556152344	0.010344231683749427	-0.021173624229982646	-8.231079754169451e-06	-0.0005438286848857311	3.2594973231013513e-06	-2.479641283966577e-06
J07-D02-preceding	minus-native	28	-0.015992164611816406	-0.009190559387207031	0.016135215759277344	0.006801605224609375	0.025325775146484375	0.006130030252943008	0.02563185027998305	0.0006663132110426989	-0.0002999684503576794	5.261760623667677e-06	-6.10668314099394e-06
J07-D02-preceding	minus-native	29	0.016135215759277344	-0.003070831298828125	0.011452674865722656	-0.01920604705810547	0.014523506164550781	-0.017866843203124816	0.011528386358543585	-0.0013403276269593478	0.0029930191743812173	1.123771978694954e-06	2.1006316259786217e-06
J07-D02-preceding	minus-native	30	0.011452674865722656	-0.017416954040527344	0.004811286926269531	-0.02886962890625	0.022228240966796875	-0.027250046791186255	0.019720245354647226	-0.0016184911590952922	0.002511694484396587	-1.090955968452434e-06	-3.6988722469377677e-06
J07-D02-preceding	minus-native	31	0.004811286926269531	-0.00035858154296875	0.004902839660644531	-0.005169868469238281	0.005261421203613281	-0.004819538647326038	0.005578276337737095	-0.00035348723656281056	-0.00031788220531281386	3.157414650567514e-06	1.0270711890969508e-06
J07-D02-preceding	minus-native	32	0.004902839660644531	-0.013059616088867188	-0.014500617980957031	-0.01796245574951172	-0.0014410018920898438	-0.016890989629485986	-0.0027489575099708397	-0.0010672296951158566	0.0013036711614873298	-4.236424909875858e-06	4.284456393666147e-06
J07-D02-preceding	minus-native	33	-0.014500617980957031	-0.017449378967285156	-0.012351036071777344	-0.002948760986328125	0.0050983428955078125	-0.0027398898434033148	0.0015775682990430973	-0.00021097844998951842	0.0035239614672326613	2.1073070647359415e-06	-3.186870767946104e-06
J07-D02-preceding	minus-native	34	-0.012351036071777344	-0.014765739440917969	-0.004150390625	-0.002414703369140625	0.010615348815917969	-0.003522504535522941	0.010888528694875443	0.0011058706273765484	-0.00027213330921327383	1.930539005767784e-06	-1.0465697442008093e-06
J07-D02-preceding	minus-native	35	-0.004150390625	-0.009648323059082031	-0.049732208251953125	-0.005497932434082031	-0.040083885192871094	-0.00558083926962516	-0.03310075015710634	8.534553686323498e-05	-0.006980415619169733	-2.4387013201065955e-06	-2.71941659413244e-06
J07-D02-whole-query	minus-native	0	0.0	0.0	0.0	0.0	0.0	0.0	0.0	0.0	0.0	0.0	0.0
J07-D02-whole-query	minus-native	1	0.0	0.0	0.0	0.0	0.0	0.0	0.0	0.0	0.0	0.0	0.0
J07-D02-whole-query	minus-native	2	0.0	0.0	0.0	0.0	0.0	0.0	0.0	0.0	0.0	0.0	0.0
J07-D02-whole-query	minus-native	3	0.0	0.0	0.0	0.0	0.0	0.0	0.0	0.0	0.0	0.0	0.0
J07-D02-whole-query	minus-native	4	0.0	0.0	0.0	0.0	0.0	0.0	0.0	0.0	0.0	0.0	0.0
J07-D02-whole-query	minus-native	5	0.0	0.0	0.0	0.0	0.0	0.0	0.0	0.0	0.0	0.0	0.0
J07-D02-whole-query	minus-native	6	0.0	0.0	0.0	0.0	0.0	0.0	0.0	0.0	0.0	0.0	0.0
J07-D02-whole-query	minus-native	7	0.0	0.0	0.0	0.0	0.0	0.0	0.0	0.0	0.0	0.0	0.0
J07-D02-whole-query	minus-native	8	0.0	0.0	0.0	0.0	0.0	0.0	0.0	0.0	0.0	0.0	0.0
J07-D02-whole-query	minus-native	9	0.0	0.0	0.0	0.0	0.0	0.0	0.0	0.0	0.0	0.0	0.0
J07-D02-whole-query	minus-native	10	0.0	0.0	0.0	0.0	0.0	0.0	0.0	0.0	0.0	0.0	0.0
J07-D02-whole-query	minus-native	11	0.0	0.0	0.0	0.0	0.0	0.0	0.0	0.0	0.0	0.0	0.0
J07-D02-whole-query	minus-native	12	0.0	0.0	0.0	0.0	0.0	0.0	0.0	0.0	0.0	0.0	0.0
J07-D02-whole-query	minus-native	13	0.0	0.0	0.0	0.0	0.0	0.0	0.0	0.0	0.0	0.0	0.0
J07-D02-whole-query	minus-native	14	0.0	0.0	0.0	0.0	0.0	0.0	0.0	0.0	0.0	0.0	0.0
J07-D02-whole-query	minus-native	15	0.0	0.0	0.0	0.0	0.0	0.0	0.0	0.0	0.0	0.0	0.0
J07-D02-whole-query	minus-native	16	0.0	0.0	0.0	0.0	0.0	0.0	0.0	0.0	0.0	0.0	0.0
J07-D02-whole-query	minus-native	17	0.0	0.0	0.0	0.0	0.0	0.0	0.0	0.0	0.0	0.0	0.0
J07-D02-whole-query	minus-native	18	0.0	-0.007573366165161133	0.006367206573486328	-0.007573366165161133	0.013940572738647461	-0.007591520221776449	0.013872334133973485	1.8362559043652582e-05	6.760792036686336e-05	-2.0850242833658772e-07	6.306843071124391e-07
J07-D02-whole-query	minus-native	19	0.006367206573486328	0.05808448791503906	0.036159396171569824	0.051717281341552734	-0.02192509174346924	0.05134185370933597	-0.023143269856476443	0.00037492093721469555	0.0012188110317305212	5.066950020671257e-07	-6.329187233200528e-07
J07-D02-whole-query	minus-native	20	0.036159396171569824	0.020626425743103027	-0.013802170753479004	-0.015532970428466797	-0.03442859649658203	-0.01121069862186469	-0.03397642802658324	-0.004321563779383364	-0.0004516591311487239	-7.080272187431902e-07	-5.093388500687634e-07
J07-D02-whole-query	minus-native	21	-0.013802170753479004	0.09966456890106201	0.015619516372680664	0.11346673965454102	-0.08404505252838135	0.11982756565602476	-0.0826420739841382	-0.00636219857121989	-0.0014027476638846237	1.3725697360911226e-06	-2.3088035852603106e-07
J07-D02-whole-query	minus-native	22	0.015619516372680664	0.03315478563308716	-0.09945249557495117	0.017535269260406494	-0.13260728120803833	0.025152607821666395	-0.1381375401952296	-0.007615479830084759	0.0055264643427695576	-1.8587311751416813e-06	3.7946444217257236e-06
J07-D02-whole-query	minus-native	23	-0.09945249557495117	-0.16782665252685547	-0.2829146385192871	-0.0683741569519043	-0.11508798599243164	-0.07341266766593146	-0.13145952811950545	0.005038975733852147	0.016373412176941424	-4.650198249800397e-07	-1.8700498676110788e-06
J07-D02-whole-query	minus-native	24	-0.2829146385192871	-0.2277524471282959	-0.3126187324523926	0.05516219139099121	-0.08486628532409668	0.01385666236725247	-0.1079277423138259	0.04130276927862464	0.023064453985318756	2.759745114100376e-06	-2.9969955895325917e-06
J07-D02-whole-query	minus-native	25	-0.3126187324523926	-0.20266413688659668	-0.05619645118713379	0.1099545955657959	0.1464676856994629	0.10574179402824624	0.1303589208998397	0.00421239398152605	0.016111996944598646	4.0755602360997845e-07	-3.23214497544716e-06
J07-D02-whole-query	minus-native	26	-0.05619645118713379	-0.10028648376464844	0.055233001708984375	-0.04409003257751465	0.1555194854736328	-0.04446966451247647	0.14471519427783297	0.00037827018332024787	0.010802046005882405	1.3617516415737052e-06	2.2451899174380616e-06
J07-D02-whole-query	minus-native	27	0.055233001708984375	0.0793304443359375	0.09245872497558594	0.024097442626953125	0.013128280639648438	0.02443788650673928	0.020684668293715125	-0.00033883583481323504	-0.007555689467149779	-1.6080449729213853e-06	-6.981869169085317e-07
J07-D02-whole-query	minus-native	28	0.09245872497558594	-0.1268939971923828	-0.17594051361083984	-0.21935272216796875	-0.04904651641845703	-0.21647879099220724	-0.06355782882373351	-0.002878249091092964	0.014514563700498417	4.317915331451469e-06	-3.2512952219398983e-06
J07-D02-whole-query	minus-native	29	-0.17594051361083984	-0.2805347442626953	-0.3835783004760742	-0.10459423065185547	-0.1030435562133789	-0.11586998585449582	-0.10663372917446456	0.011276255316072459	0.0035897266572866293	-5.001134321114264e-07	4.463037990287688e-07
J07-D02-whole-query	minus-native	30	-0.3835783004760742	-0.48160743713378906	-0.4133148193359375	-0.09802913665771484	0.06829261779785156	-0.1279201072661733	0.009186962208840743	0.02989315609118437	0.05910587127865563	-2.1854827259026877e-06	-2.1568964481133435e-07
J07-D02-whole-query	minus-native	31	-0.4133148193359375	-0.3541908264160156	-0.4715461730957031	0.059123992919921875	-0.1173553466796875	0.04375994137459874	-0.14292039658663125	0.01536183906871691	0.025565600614073536	2.2124766062558976e-06	-5.507071297872201e-07
J07-D02-whole-query	minus-native	32	-0.4715461730957031	-0.5686807632446289	-0.5565185546875	-0.09713459014892578	0.012162208557128906	-0.1264081733964595	-0.00711951337577732	0.02927557053871016	0.019279080941428717	-1.98729117645291e-06	2.6409914775094023e-06
J07-D02-whole-query	minus-native	33	-0.5565185546875	-0.5137472152709961	-0.5206441879272461	0.042771339416503906	-0.00689697265625	-0.002181903971463367	-0.040803103269483554	0.04494894271406735	0.033912326358907174	4.300673900003993e-06	-6.1957456736205785e-06
J07-D02-whole-query	minus-native	34	-0.5206441879272461	-0.37270164489746094	-0.3653841018676758	0.14794254302978516	0.007317543029785156	0.07868859179859844	-0.07151520694095037	0.06924967323212927	0.07883521974663976	4.277999057222814e-06	-2.4697759042346945e-06
J07-D02-whole-query	minus-native	35	-0.3653841018676758	-0.32401371002197266	-0.4007377624511719	0.041370391845703125	-0.07672405242919922	0.0069586007768239755	0.08115509124573661	0.034411043459455004	-0.15787354024240052	7.476094241454234e-07	-5.603432533973773e-06
J08-D01-upstream	minus-native	0	0.0	0.0	0.0	0.0	0.0	0.0	0.0	0.0	0.0	0.0	0.0
J08-D01-upstream	minus-native	1	0.0	0.0	0.0	0.0	0.0	0.0	0.0	0.0	0.0	0.0	0.0
J08-D01-upstream	minus-native	2	0.0	0.0	0.0	0.0	0.0	0.0	0.0	0.0	0.0	0.0	0.0
J08-D01-upstream	minus-native	3	0.0	0.0	0.0	0.0	0.0	0.0	0.0	0.0	0.0	0.0	0.0
J08-D01-upstream	minus-native	4	0.0	0.0	0.0	0.0	0.0	0.0	0.0	0.0	0.0	0.0	0.0
J08-D01-upstream	minus-native	5	0.0	0.0	0.0	0.0	0.0	0.0	0.0	0.0	0.0	0.0	0.0
J08-D01-upstream	minus-native	6	0.0	0.0	0.0	0.0	0.0	0.0	0.0	0.0	0.0	0.0	0.0
J08-D01-upstream	minus-native	7	0.0	0.0	0.0	0.0	0.0	0.0	0.0	0.0	0.0	0.0	0.0
J08-D01-upstream	minus-native	8	0.0	0.0	0.0	0.0	0.0	0.0	0.0	0.0	0.0	0.0	0.0
J08-D01-upstream	minus-native	9	0.0	0.0	0.0	0.0	0.0	0.0	0.0	0.0	0.0	0.0	0.0
J08-D01-upstream	minus-native	10	0.0	0.0	0.0	0.0	0.0	0.0	0.0	0.0	0.0	0.0	0.0
J08-D01-upstream	minus-native	11	0.0	0.0	0.0	0.0	0.0	0.0	0.0	0.0	0.0	0.0	0.0
J08-D01-upstream	minus-native	12	0.0	0.0	0.0	0.0	0.0	0.0	0.0	0.0	0.0	0.0	0.0
J08-D01-upstream	minus-native	13	0.0	0.0	0.0	0.0	0.0	0.0	0.0	0.0	0.0	0.0	0.0
J08-D01-upstream	minus-native	14	0.0	0.0	0.0	0.0	0.0	0.0	0.0	0.0	0.0	0.0	0.0
J08-D01-upstream	minus-native	15	0.0	0.0	0.0	0.0	0.0	0.0	0.0	0.0	0.0	0.0	0.0
J08-D01-upstream	minus-native	16	0.0	0.0	0.0	0.0	0.0	0.0	0.0	0.0	0.0	0.0	0.0
J08-D01-upstream	minus-native	17	0.0	0.0	0.0	0.0	0.0	0.0	0.0	0.0	0.0	0.0	0.0
J08-D01-upstream	minus-native	18	0.0	0.001164257526397705	0.0015991926193237305	0.001164257526397705	0.0004349350929260254	0.001169770226186806	0.0005666419627630148	-6.051517988277244e-06	-0.0001308688852996176	5.388181991763941e-07	-8.379845373718275e-07
J08-D01-upstream	minus-native	19	0.0015991926193237305	-0.011213541030883789	-0.011313199996948242	-0.01281273365020752	-9.965896606445312e-05	-0.012727497219118034	0.0003204646839624625	-8.425998028088744e-05	-0.0004199413520607209	-9.76450808598539e-07	-1.8229796619473326e-07
J08-D01-upstream	minus-native	20	-0.011313199996948242	-0.025449812412261963	-0.01682412624359131	-0.01413661241531372	0.008625686168670654	-0.0160597908355532	0.008460559118114108	0.0019219897706729272	0.0001648063963879398	1.1886495665525132e-06	3.206541686062714e-07
J08-D01-upstream	minus-native	21	-0.01682412624359131	-0.050750017166137695	-0.034543395042419434	-0.03392589092254639	0.01620662212371826	-0.03428278002013185	0.014154833319589832	0.0003545150404459241	0.0020553756884193752	2.374057139542529e-06	-3.586884290945891e-06
J08-D01-upstream	minus-native	22	-0.034543395042419434	-0.05393481254577637	-0.04751849174499512	-0.019391417503356934	0.00641632080078125	-0.022444822884513327	0.00424453105674738	0.0030534841113983857	0.0021691595295526556	-7.873024199245293e-08	2.6302144812140327e-06
J08-D01-upstream	minus-native	23	-0.04751849174499512	-0.06488668918609619	-0.08128297328948975	-0.017368197441101074	-0.016396284103393555	-0.02393129226088675	-0.01951273376330409	0.006564540941266239	0.0031146650211458654	-1.446121480563889e-06	1.7846387646708317e-06
J08-D01-upstream	minus-native	24	-0.08128297328948975	-0.09059000015258789	-0.10260438919067383	-0.009307026863098145	-0.012014389038085938	-0.021024887575998408	-0.020420366975819837	0.011719923450646486	0.008403694968260905	-2.062737746222343e-06	2.282969472994223e-06
J08-D01-upstream	minus-native	25	-0.10260438919067383	-0.1027991771697998	-0.1057591438293457	-0.00019478797912597656	-0.0029599666595458984	-0.0018341442984146639	-0.009369205736705855	0.0016423785250235107	0.006407759847893046	-3.022205734823369e-06	1.4792292669096874e-06
J08-D01-upstream	minus-native	26	-0.1057591438293457	-0.2192552089691162	-0.16785335540771484	-0.11349606513977051	0.05140185356140137	-0.11799223096548593	0.023155580997304637	0.0044967379992853496	0.028243987450966457	-5.721735699126818e-07	2.285113130273686e-06
J08-D01-upstream	minus-native	27	-0.16785335540771484	-0.15143203735351562	-0.11756038665771484	0.01642131805419922	0.03387165069580078	0.010867678549601578	0.019807109138593293	0.005556806419235394	0.014063612006727622	-3.1669146377533153e-06	9.295504798667586e-07
J08-D01-upstream	minus-native	28	-0.11756038665771484	-0.11915206909179688	-0.19986820220947266	-0.0015916824340820312	-0.08071613311767578	-0.006537928476991528	-0.09516060177080554	0.0049468966901760475	0.014442700607677023	-6.506472665507301e-07	1.7680454527380096e-06
J08-D01-upstream	minus-native	29	-0.19986820220947266	-0.3124876022338867	-0.27190685272216797	-0.11261940002441406	0.04058074951171875	-0.1290715161799878	0.007336217827277114	0.01645170523107442	0.0332421172701155	4.109244993166783e-07	2.4144143261350948e-06
J08-D01-upstream	minus-native	30	-0.27190685272216797	-0.36717987060546875	-0.31787109375	-0.09527301788330078	0.04930877685546875	-0.11038133219351787	-0.0001554873702851456	0.015112709697362559	0.04946222386031458	-4.395387145472718e-06	2.0403654393125192e-06
J08-D01-upstream	minus-native	31	-0.31787109375	-0.29839134216308594	-0.2885465621948242	0.019479751586914062	0.009844779968261719	0.005045131903675448	-0.02099818928889624	0.01443223556754357	0.03084864345344418	2.3841156950449305e-06	-5.6741962862205675e-06
J08-D01-upstream	minus-native	32	-0.2885465621948242	-0.4241218566894531	-0.4960651397705078	-0.1355752944946289	-0.07194328308105469	-0.15312031755920508	-0.10123292359819303	0.01754899674445229	0.029289167500040403	-3.973679876118075e-06	4.7301709793501345e-07
J08-D01-upstream	minus-native	33	-0.4960651397705078	-0.46852874755859375	-0.4248638153076172	0.027536392211914062	0.04366493225097656	-0.008224656615035741	-0.010445733408097624	0.03575825362556817	0.05410909401317254	2.795201381688983e-06	1.5716459016434925e-06
J08-D01-upstream	minus-native	34	-0.4248638153076172	-0.4017906188964844	-0.27613067626953125	0.023073196411132812	0.12565994262695312	-0.024924551063661315	0.03703718770528308	0.04799530746111558	0.08862270604523514	2.4400136785507343e-06	4.887643489936977e-08
J08-D01-upstream	minus-native	35	-0.27613067626953125	-0.26000022888183594	-0.4880828857421875	0.016130447387695312	-0.22808265686035156	-0.007669181860811003	0.04979544988172435	0.023802574146731703	-0.277880015232439	-2.944898225387682e-06	1.9084903630783856e-06
J08-D01-preceding	minus-native	0	0.0	0.0	0.0	0.0	0.0	0.0	0.0	0.0	0.0	0.0	0.0
J08-D01-preceding	minus-native	1	0.0	0.0	0.0	0.0	0.0	0.0	0.0	0.0	0.0	0.0	0.0
J08-D01-preceding	minus-native	2	0.0	0.0	0.0	0.0	0.0	0.0	0.0	0.0	0.0	0.0	0.0
J08-D01-preceding	minus-native	3	0.0	0.0	0.0	0.0	0.0	0.0	0.0	0.0	0.0	0.0	0.0
J08-D01-preceding	minus-native	4	0.0	0.0	0.0	0.0	0.0	0.0	0.0	0.0	0.0	0.0	0.0
J08-D01-preceding	minus-native	5	0.0	0.0	0.0	0.0	0.0	0.0	0.0	0.0	0.0	0.0	0.0
J08-D01-preceding	minus-native	6	0.0	0.0	0.0	0.0	0.0	0.0	0.0	0.0	0.0	0.0	0.0
J08-D01-preceding	minus-native	7	0.0	0.0	0.0	0.0	0.0	0.0	0.0	0.0	0.0	0.0	0.0
J08-D01-preceding	minus-native	8	0.0	0.0	0.0	0.0	0.0	0.0	0.0	0.0	0.0	0.0	0.0
J08-D01-preceding	minus-native	9	0.0	0.0	0.0	0.0	0.0	0.0	0.0	0.0	0.0	0.0	0.0
J08-D01-preceding	minus-native	10	0.0	0.0	0.0	0.0	0.0	0.0	0.0	0.0	0.0	0.0	0.0
J08-D01-preceding	minus-native	11	0.0	0.0	0.0	0.0	0.0	0.0	0.0	0.0	0.0	0.0	0.0
J08-D01-preceding	minus-native	12	0.0	0.0	0.0	0.0	0.0	0.0	0.0	0.0	0.0	0.0	0.0
J08-D01-preceding	minus-native	13	0.0	0.0	0.0	0.0	0.0	0.0	0.0	0.0	0.0	0.0	0.0
J08-D01-preceding	minus-native	14	0.0	0.0	0.0	0.0	0.0	0.0	0.0	0.0	0.0	0.0	0.0
J08-D01-preceding	minus-native	15	0.0	0.0	0.0	0.0	0.0	0.0	0.0	0.0	0.0	0.0	0.0
J08-D01-preceding	minus-native	16	0.0	0.0	0.0	0.0	0.0	0.0	0.0	0.0	0.0	0.0	0.0
J08-D01-preceding	minus-native	17	0.0	0.0	0.0	0.0	0.0	0.0	0.0	0.0	0.0	0.0	0.0
J08-D01-preceding	minus-native	18	0.0	0.0004166066646575928	-0.0002797842025756836	0.0004166066646575928	-0.0006963908672332764	0.0004124025964604705	-0.0006973193500781072	1.4158035289771331e-06	3.1941987492234425e-06	2.788264668145135e-06	-2.265715904392618e-06
J08-D01-preceding	minus-native	19	-0.0002797842025756836	-0.005467414855957031	-0.0023142099380493164	-0.005187630653381348	0.003153204917907715	-0.0053952284142757545	0.0032416159742073847	0.00020852281634992087	-8.793481302102335e-05	-9.250554555140234e-07	-4.762432786464821e-07
J08-D01-preceding	minus-native	20	-0.0023142099380493164	-0.002680063247680664	-0.009137988090515137	-0.00036585330963134766	-0.006457924842834473	0.00016332000807395275	-0.007422576551031623	-0.0005305154055205152	0.0009650749210200205	1.3420878152148319e-06	-4.2321282286983397e-07
J08-D01-preceding	minus-native	21	-0.009137988090515137	-0.005292415618896484	-0.0002925395965576172	0.0038455724716186523	0.004999876022338867	0.002036507331827142	0.005837416884423935	0.0018066433329099185	-0.0008361110285524664	2.4218068815917704e-06	-1.4298335326012879e-06
J08-D01-preceding	minus-native	22	-0.0002925395965576172	-0.010298371315002441	-0.01512002944946289	-0.010005831718444824	-0.004821658134460449	-0.011563875006013191	-0.004219656795990456	0.001559597988503969	-0.0006024334067722681	-1.5547009356020602e-06	4.32068302275157e-07
J08-D01-preceding	minus-native	23	-0.01512002944946289	-0.0054171085357666016	0.012445569038391113	0.009702920913696289	0.017862677574157715	0.007306790413973641	0.01778077895553043	0.0023963711071629534	8.175417540741414e-05	-2.4060744030496295e-07	1.444432198710599e-07
J08-D01-preceding	minus-native	24	0.012445569038391113	0.022314786911010742	0.05120062828063965	0.009869217872619629	0.028885841369628906	0.010830436540263	0.030792387869268967	-0.000960094136500167	-0.0019089364510490592	-1.1245311432039884e-06	2.3899514089986695e-06
J08-D01-preceding	minus-native	25	0.05120062828063965	0.05193138122558594	0.04903459548950195	0.0007307529449462891	-0.0028967857360839844	0.0017967113362333809	0.0005722013320230701	-0.001064208803766717	-0.0034691960817344325	-1.7495875203749067e-06	2.0901362737801854e-07
J08-D01-preceding	minus-native	26	0.04903459548950195	0.1179051399230957	0.12143564224243164	0.06887054443359375	0.0035305023193359375	0.07022988210927443	0.017992322510127168	-0.0013573038928945125	-0.014465135511767924	-2.0337827861538482e-06	3.3153209766934033e-06
J08-D01-preceding	minus-native	27	0.12143564224243164	0.13126182556152344	0.12119388580322266	0.009826183319091797	-0.010067939758300781	0.014214057755829956	0.0018398844258136204	-0.00438651269389026	-0.011906777035437521	-1.361742847899583e-06	-1.0471486768803828e-06
J08-D01-preceding	minus-native	28	0.12119388580322266	0.13251113891601562	0.21951770782470703	0.011317253112792969	0.0870065689086914	0.01617424549240587	0.1027777266737262	-0.00485740916074634	-0.01577070487943122	4.1678113343879275e-07	-4.528856035745932e-07
J08-D01-preceding	minus-native	29	0.21951770782470703	0.28086185455322266	0.2691488265991211	0.061344146728515625	-0.011713027954101562	0.07850681794341963	0.017986494263213526	-0.01716544382585855	-0.02970069951353116	2.7726109545489486e-06	1.1772962160705447e-06
J08-D01-preceding	minus-native	30	0.2691488265991211	0.3019542694091797	0.2629547119140625	0.032805442810058594	-0.03899955749511719	0.048292653751876635	0.0017631431173912304	-0.015483692774118929	-0.04076600152027583	-3.5181676991125066e-06	3.3009077674145404e-06
J08-D01-preceding	minus-native	31	0.2629547119140625	0.24271774291992188	0.24515247344970703	-0.020236968994140625	0.0024347305297851562	-0.00831967176610593	0.027481881802230934	-0.01191739590241446	-0.025042985476001922	9.867437976429638e-08	-4.165796443855729e-06
J08-D01-preceding	minus-native	32	0.24515247344970703	0.2458934783935547	0.31490516662597656	0.0007410049438476562	0.06901168823242188	0.01561203311404391	0.084873019072353	-0.014870538355151175	-0.015860332314855397	-4.898150450793892e-07	-9.985250757349462e-07
J08-D01-preceding	minus-native	33	0.31490516662597656	0.2918720245361328	0.27369117736816406	-0.02303314208984375	-0.01818084716796875	0.0004282551262274892	0.014530617823192316	-0.023463696428547176	-0.032709012478874366	2.2992124759646515e-06	-2.452512286699182e-06
J08-D01-preceding	minus-native	34	0.27369117736816406	0.2512855529785156	0.1810588836669922	-0.022405624389648438	-0.07022666931152344	0.007947608943164708	-0.013932913502685995	-0.030360092821711704	-0.056289556500343396	6.8594888985584745e-06	-4.19930849404615e-06
J08-D01-preceding	minus-native	35	0.1810588836669922	0.17195796966552734	0.2878570556640625	-0.009100914001464844	0.11589908599853516	0.004850075013280497	-0.0675623790244102	-0.013949894883066638	0.18346549585720684	-1.0941316787027588e-06	-4.0308342610373415e-06
J08-D01-whole-query	minus-native	0	0.0	0.0	0.0	0.0	0.0	0.0	0.0	0.0	0.0	0.0	0.0
J08-D01-whole-query	minus-native	1	0.0	0.0	0.0	0.0	0.0	0.0	0.0	0.0	0.0	0.0	0.0
J08-D01-whole-query	minus-native	2	0.0	0.0	0.0	0.0	0.0	0.0	0.0	0.0	0.0	0.0	0.0
J08-D01-whole-query	minus-native	3	0.0	0.0	0.0	0.0	0.0	0.0	0.0	0.0	0.0	0.0	0.0
J08-D01-whole-query	minus-native	4	0.0	0.0	0.0	0.0	0.0	0.0	0.0	0.0	0.0	0.0	0.0
J08-D01-whole-query	minus-native	5	0.0	0.0	0.0	0.0	0.0	0.0	0.0	0.0	0.0	0.0	0.0
J08-D01-whole-query	minus-native	6	0.0	0.0	0.0	0.0	0.0	0.0	0.0	0.0	0.0	0.0	0.0
J08-D01-whole-query	minus-native	7	0.0	0.0	0.0	0.0	0.0	0.0	0.0	0.0	0.0	0.0	0.0
J08-D01-whole-query	minus-native	8	0.0	0.0	0.0	0.0	0.0	0.0	0.0	0.0	0.0	0.0	0.0
J08-D01-whole-query	minus-native	9	0.0	0.0	0.0	0.0	0.0	0.0	0.0	0.0	0.0	0.0	0.0
J08-D01-whole-query	minus-native	10	0.0	0.0	0.0	0.0	0.0	0.0	0.0	0.0	0.0	0.0	0.0
J08-D01-whole-query	minus-native	11	0.0	0.0	0.0	0.0	0.0	0.0	0.0	0.0	0.0	0.0	0.0
J08-D01-whole-query	minus-native	12	0.0	0.0	0.0	0.0	0.0	0.0	0.0	0.0	0.0	0.0	0.0
J08-D01-whole-query	minus-native	13	0.0	0.0	0.0	0.0	0.0	0.0	0.0	0.0	0.0	0.0	0.0
J08-D01-whole-query	minus-native	14	0.0	0.0	0.0	0.0	0.0	0.0	0.0	0.0	0.0	0.0	0.0
J08-D01-whole-query	minus-native	15	0.0	0.0	0.0	0.0	0.0	0.0	0.0	0.0	0.0	0.0	0.0
J08-D01-whole-query	minus-native	16	0.0	0.0	0.0	0.0	0.0	0.0	0.0	0.0	0.0	0.0	0.0
J08-D01-whole-query	minus-native	17	0.0	0.0	0.0	0.0	0.0	0.0	0.0	0.0	0.0	0.0	0.0
J08-D01-whole-query	minus-native	18	0.0	0.011454463005065918	0.00025725364685058594	0.011454463005065918	-0.011197209358215332	0.01147558494376355	-0.010763275413630868	-2.1517250342086014e-05	-0.00043397397568495366	3.953116444535554e-07	4.003110049000114e-08
J08-D01-whole-query	minus-native	19	0.00025725364685058594	-0.033107757568359375	-0.04145824909210205	-0.03336501121520996	-0.008350491523742676	-0.03537586318137942	-0.0038890272570715756	0.0020111772655948545	-0.004460460060954047	-3.2529942539660794e-07	-1.004205717053397e-06
J08-D01-whole-query	minus-native	20	-0.04145824909210205	-0.0609247088432312	-0.040726423263549805	-0.01946645975112915	0.020198285579681396	-0.024292813289111648	0.017268251673835333	0.00482540232991957	0.0029295162498971516	9.512080629270336e-07	5.176559489117327e-07
J08-D01-whole-query	minus-native	21	-0.040726423263549805	-0.04245007038116455	0.007986068725585938	-0.001723647117614746	0.05043613910675049	-0.0084870208750365	0.048289017890425556	0.0067631123181403074	0.0021483303915353913	2.614392814459521e-07	-1.209175210459268e-06
J08-D01-whole-query	minus-native	22	0.007986068725585938	0.015024662017822266	0.049973487854003906	0.007038593292236328	0.03494882583618164	0.0020378041996200746	0.038553447979599476	0.00500151661709719	-0.0036052761270710804	-7.275244809368253e-07	6.539836532454268e-07
J08-D01-whole-query	minus-native	23	0.049973487854003906	0.018484055995941162	0.13948392868041992	-0.031489431858062744	0.12099987268447876	-0.026329916987431368	0.12617242876022283	-0.005160127823097049	-0.005170895923424276	6.129524656728336e-07	-1.6601523197962154e-06
J08-D01-whole-query	minus-native	24	0.13948392868041992	0.10657072067260742	0.18616676330566406	-0.0329132080078125	0.07959604263305664	-0.015941539550826278	0.08905385527171783	-0.016972618034641618	-0.009459653701106768	9.495776553403168e-07	1.8410624455789115e-06
J08-D01-whole-query	minus-native	25	0.18616676330566406	0.18388128280639648	0.16919183731079102	-0.002285480499267578	-0.014689445495605469	0.0011250889734215619	0.0009348539106279752	-0.003408997257031622	-0.015624861244048271	-1.572215657517917e-06	5.618378148275482e-07
J08-D01-whole-query	minus-native	26	0.16919183731079102	0.33604907989501953	0.2817530632019043	0.16685724258422852	-0.054296016693115234	0.17322700315547868	-0.01625842250628884	-0.006368803942725931	-0.038038540874006765	-9.56628524229064e-07	9.466871803698318e-07
J08-D01-whole-query	minus-native	27	0.2817530632019043	0.37463998794555664	0.3595261573791504	0.09288692474365234	-0.01511383056640625	0.10463434980648922	0.019265801876067967	-0.011746567425094306	-0.03438078502495806	-8.57637742573969e-07	1.1525824838432008e-06
J08-D01-whole-query	minus-native	28	0.3595261573791504	0.42829227447509766	0.7659635543823242	0.06876611709594727	0.33767127990722656	0.08202240853502607	0.3877177644100649	-0.013254267780775403	-0.050043301807336	-2.0236583034016764e-06	-3.182695502326749e-06
J08-D01-whole-query	minus-native	29	0.7659635543823242	0.9024934768676758	0.7502431869506836	0.13652992248535156	-0.1522502899169922	0.19832693782932642	-0.053613682065347	-0.061802368956141884	-0.09863447629606559	5.3536121670250125e-06	-2.131555579598654e-06
J08-D01-whole-query	minus-native	30	0.7502431869506836	0.7904644012451172	0.7825546264648438	0.040221214294433594	-0.007909774780273438	0.08469950349038502	0.09835775021200654	-0.044479931817956564	-0.1062674442663534	1.6426220051379836e-06	-8.072592658572852e-08
J08-D01-whole-query	minus-native	31	0.7825546264648438	0.7433528900146484	0.7355232238769531	-0.03920173645019531	-0.007829666137695312	-0.0034992677583541854	0.07037348971269114	-0.035707428274396755	-0.07819378644666564	4.959582555627562e-06	-9.36940372081585e-06
J08-D01-whole-query	minus-native	32	0.7355232238769531	0.6344070434570312	0.8026847839355469	-0.10111618041992188	0.16827774047851562	-0.0566009741924951	0.21158237223040421	-0.04452034349447598	-0.04329836269476939	5.137267049204475e-06	-6.269057119201449e-06
J08-D01-whole-query	minus-native	33	0.8026847839355469	0.7628841400146484	0.7287807464599609	-0.03980064392089844	-0.0341033935546875	0.01701641108290944	0.054375205654689784	-0.05682162757454712	-0.08847498953406574	4.5725707392696435e-06	-3.6096753115444358e-06
J08-D01-whole-query	minus-native	34	0.7287807464599609	0.6306190490722656	0.4670839309692383	-0.09816169738769531	-0.16353511810302734	-0.018583832834550895	-0.023532728299148875	-0.0795790906141487	-0.14000688236681946	1.2260610042780229e-06	4.492562940994205e-06
J08-D01-whole-query	minus-native	35	0.4670839309692383	0.4491157531738281	0.7632598876953125	-0.017968177795410156	0.3141441345214844	0.01754405558832084	-0.15173581611412512	-0.03550780602704329	0.46587701546665716	-4.427356687708439e-06	2.9351689532219893e-06
J08-D02-upstream	minus-native	0	0.0	0.0	0.0	0.0	0.0	0.0	0.0	0.0	0.0	0.0	0.0
J08-D02-upstream	minus-native	1	0.0	0.0	0.0	0.0	0.0	0.0	0.0	0.0	0.0	0.0	0.0
J08-D02-upstream	minus-native	2	0.0	0.0	0.0	0.0	0.0	0.0	0.0	0.0	0.0	0.0	0.0
J08-D02-upstream	minus-native	3	0.0	0.0	0.0	0.0	0.0	0.0	0.0	0.0	0.0	0.0	0.0
J08-D02-upstream	minus-native	4	0.0	0.0	0.0	0.0	0.0	0.0	0.0	0.0	0.0	0.0	0.0
J08-D02-upstream	minus-native	5	0.0	0.0	0.0	0.0	0.0	0.0	0.0	0.0	0.0	0.0	0.0
J08-D02-upstream	minus-native	6	0.0	0.0	0.0	0.0	0.0	0.0	0.0	0.0	0.0	0.0	0.0
J08-D02-upstream	minus-native	7	0.0	0.0	0.0	0.0	0.0	0.0	0.0	0.0	0.0	0.0	0.0
J08-D02-upstream	minus-native	8	0.0	0.0	0.0	0.0	0.0	0.0	0.0	0.0	0.0	0.0	0.0
J08-D02-upstream	minus-native	9	0.0	0.0	0.0	0.0	0.0	0.0	0.0	0.0	0.0	0.0	0.0
J08-D02-upstream	minus-native	10	0.0	0.0	0.0	0.0	0.0	0.0	0.0	0.0	0.0	0.0	0.0
J08-D02-upstream	minus-native	11	0.0	0.0	0.0	0.0	0.0	0.0	0.0	0.0	0.0	0.0	0.0
J08-D02-upstream	minus-native	12	0.0	0.0	0.0	0.0	0.0	0.0	0.0	0.0	0.0	0.0	0.0
J08-D02-upstream	minus-native	13	0.0	0.0	0.0	0.0	0.0	0.0	0.0	0.0	0.0	0.0	0.0
J08-D02-upstream	minus-native	14	0.0	0.0	0.0	0.0	0.0	0.0	0.0	0.0	0.0	0.0	0.0
J08-D02-upstream	minus-native	15	0.0	0.0	0.0	0.0	0.0	0.0	0.0	0.0	0.0	0.0	0.0
J08-D02-upstream	minus-native	16	0.0	0.0	0.0	0.0	0.0	0.0	0.0	0.0	0.0	0.0	0.0
J08-D02-upstream	minus-native	17	0.0	0.0	0.0	0.0	0.0	0.0	0.0	0.0	0.0	0.0	0.0
J08-D02-upstream	minus-native	18	0.0	-0.0012235045433044434	-0.002001523971557617	-0.0012235045433044434	-0.0007780194282531738	-0.0012328214135219895	-0.0008991986637187921	1.020523433634124e-05	0.00012076180812164994	-8.883641187951152e-07	4.1742734396832404e-07
J08-D02-upstream	minus-native	19	-0.002001523971557617	0.02301025390625	0.022663474082946777	0.025011777877807617	-0.00034677982330322266	0.02487346879491903	-0.0013586339279363369	0.0001373322721059944	0.0010107722258929641	9.768107825935957e-07	1.0818787401500884e-06
J08-D02-upstream	minus-native	20	0.022663474082946777	0.05179327726364136	0.046784400939941406	0.02912980318069458	-0.005008876323699951	0.03124969633405561	-0.0032915376998542134	-0.002118062528419895	-0.0017183353962161307	-1.8306249411348396e-06	9.967723703929732e-07
J08-D02-upstream	minus-native	21	0.046784400939941406	0.13850784301757812	0.11839914321899414	0.09172344207763672	-0.020108699798583984	0.0947120461006708	-0.01562353189756549	-0.0029882505676577242	-0.004485896396416694	-3.5345537641173763e-07	7.284953982000797e-07
J08-D02-upstream	minus-native	22	0.11839914321899414	0.13885515928268433	0.16309654712677002	0.020456016063690186	0.024241387844085693	0.030701985914908247	0.029333264012277205	-0.01024314568858048	-0.005093298616684908	-2.8241626375824502e-06	1.4224484933961223e-06
J08-D02-upstream	minus-native	23	0.16309654712677002	0.1965617537498474	0.23247575759887695	0.03346520662307739	0.03591400384902954	0.05921691671384943	0.04608194738121685	-0.025749725766171294	-0.01016870639761197	-1.9843246007456017e-06	7.628654246638611e-07
J08-D02-upstream	minus-native	24	0.23247575759887695	0.22528672218322754	0.27028512954711914	-0.007189035415649414	0.0449984073638916	0.026248462036021714	0.0647219479865574	-0.03343794190917232	-0.01972419336825451	4.444575011919305e-07	6.527455887195277e-07
J08-D02-upstream	minus-native	25	0.27028512954711914	0.27059102058410645	0.30271458625793457	0.0003058910369873047	0.032123565673828125	0.004770188594685032	0.05096152433916079	-0.004463560144164443	-0.018839366562193316	-7.374135332846588e-07	1.4078968606501263e-06
J08-D02-upstream	minus-native	26	0.30271458625793457	0.5260491371154785	0.4065251350402832	0.22333455085754395	-0.11952400207519531	0.23652479931351966	-0.05709817692458141	-0.013191590843745424	-0.062421866639962326	1.3423877697066322e-06	-3.958510651574931e-06
J08-D02-upstream	minus-native	27	0.4065251350402832	0.39226484298706055	0.3387317657470703	-0.014260292053222656	-0.053533077239990234	-0.0014414456489286742	-0.017660288626545784	-0.012820269332326259	-0.03587380503683357	1.4229280322769489e-06	1.01642338912189e-06
J08-D02-upstream	minus-native	28	0.3387317657470703	0.2953805923461914	0.4738321304321289	-0.043351173400878906	0.1784515380859375	-0.028760508586140876	0.21438547147380183	-0.01458857270193837	-0.03593532737145366	-2.0921127996606503e-06	1.3939835893372887e-06
J08-D02-upstream	minus-native	29	0.4738321304321289	0.6718826293945312	0.5911417007446289	0.19805049896240234	-0.08074092864990234	0.23620513973696378	-0.011342587487506606	-0.0381565639207217	-0.06939547031012105	1.9231461602653432e-06	-2.870852274683422e-06
J08-D02-upstream	minus-native	30	0.5911417007446289	0.7390499114990234	0.6443290710449219	0.14790821075439453	-0.09472084045410156	0.1816121585560544	0.0024873666443998577	-0.03370156757320436	-0.09721348672840785	-2.380228455500788e-06	5.279629906429495e-06
J08-D02-upstream	minus-native	31	0.6443290710449219	0.6240177154541016	0.6178035736083984	-0.020311355590820312	-0.006214141845703125	0.00923308116287469	0.05635453962702416	-0.029539691687388653	-0.06257608520220426	-4.745066306349743e-06	7.403729476995746e-06
J08-D02-upstream	minus-native	32	0.6178035736083984	0.8121757507324219	0.9620227813720703	0.19437217712402344	0.14984703063964844	0.23166387560231172	0.20575877015913369	-0.037283530987913205	-0.05591758183719753	-8.167490375077247e-06	5.842317712279055e-06
J08-D02-upstream	minus-native	33	0.9620227813720703	0.8996009826660156	0.8255825042724609	-0.06242179870605469	-0.07401847839355469	0.005730709647070509	0.030160780263114972	-0.0681531114159113	-0.10417801085177925	6.030627860420523e-07	-1.2478048904140948e-06
J08-D02-upstream	minus-native	34	0.8255825042724609	0.7739753723144531	0.5239524841308594	-0.05160713195800781	-0.25002288818359375	0.04101542341321274	-0.08756104360730643	-0.0926230089580351	-0.1624598138207658	4.535868145527644e-07	-2.030755521520433e-06
J08-D02-upstream	minus-native	35	0.5239524841308594	0.5045633316040039	1.01165771484375	-0.01938915252685547	0.5070943832397461	0.024676900367400667	-0.04216273430930206	-0.044064968679672356	0.5492403034639839	-1.084214583779719e-06	1.681408506470916e-05
J08-D02-preceding	minus-native	0	0.0	0.0	0.0	0.0	0.0	0.0	0.0	0.0	0.0	0.0	0.0
J08-D02-preceding	minus-native	1	0.0	0.0	0.0	0.0	0.0	0.0	0.0	0.0	0.0	0.0	0.0
J08-D02-preceding	minus-native	2	0.0	0.0	0.0	0.0	0.0	0.0	0.0	0.0	0.0	0.0	0.0
J08-D02-preceding	minus-native	3	0.0	0.0	0.0	0.0	0.0	0.0	0.0	0.0	0.0	0.0	0.0
J08-D02-preceding	minus-native	4	0.0	0.0	0.0	0.0	0.0	0.0	0.0	0.0	0.0	0.0	0.0
J08-D02-preceding	minus-native	5	0.0	0.0	0.0	0.0	0.0	0.0	0.0	0.0	0.0	0.0	0.0
J08-D02-preceding	minus-native	6	0.0	0.0	0.0	0.0	0.0	0.0	0.0	0.0	0.0	0.0	0.0
J08-D02-preceding	minus-native	7	0.0	0.0	0.0	0.0	0.0	0.0	0.0	0.0	0.0	0.0	0.0
J08-D02-preceding	minus-native	8	0.0	0.0	0.0	0.0	0.0	0.0	0.0	0.0	0.0	0.0	0.0
J08-D02-preceding	minus-native	9	0.0	0.0	0.0	0.0	0.0	0.0	0.0	0.0	0.0	0.0	0.0
J08-D02-preceding	minus-native	10	0.0	0.0	0.0	0.0	0.0	0.0	0.0	0.0	0.0	0.0	0.0
J08-D02-preceding	minus-native	11	0.0	0.0	0.0	0.0	0.0	0.0	0.0	0.0	0.0	0.0	0.0
J08-D02-preceding	minus-native	12	0.0	0.0	0.0	0.0	0.0	0.0	0.0	0.0	0.0	0.0	0.0
J08-D02-preceding	minus-native	13	0.0	0.0	0.0	0.0	0.0	0.0	0.0	0.0	0.0	0.0	0.0
J08-D02-preceding	minus-native	14	0.0	0.0	0.0	0.0	0.0	0.0	0.0	0.0	0.0	0.0	0.0
J08-D02-preceding	minus-native	15	0.0	0.0	0.0	0.0	0.0	0.0	0.0	0.0	0.0	0.0	0.0
J08-D02-preceding	minus-native	16	0.0	0.0	0.0	0.0	0.0	0.0	0.0	0.0	0.0	0.0	0.0
J08-D02-preceding	minus-native	17	0.0	0.0	0.0	0.0	0.0	0.0	0.0	0.0	0.0	0.0	0.0
J08-D02-preceding	minus-native	18	0.0	-0.0004470944404602051	0.00034308433532714844	-0.0004470944404602051	0.0007901787757873535	-0.00044551742303067243	0.0007938796625799327	-2.033450949567861e-06	-2.625690649404877e-06	4.564335200352154e-07	-1.0751961431743062e-06
J08-D02-preceding	minus-native	19	0.00034308433532714844	0.007321357727050781	0.005894899368286133	0.006978273391723633	-0.0014264583587646484	0.007035141590952199	-0.0014352541250209905	-5.641480636647822e-05	7.73029705358752e-06	-4.533928620875649e-07	1.065469202754521e-06
J08-D02-preceding	minus-native	20	0.005894899368286133	0.0018959641456604004	0.009631633758544922	-0.003998935222625732	0.0077356696128845215	-0.004426616315141074	0.008215058766189859	0.00042822338697862117	-0.00048005131010486757	-5.42294463279358e-07	6.621567995301891e-07
J08-D02-preceding	minus-native	21	0.009631633758544922	0.016876816749572754	-0.002565622329711914	0.007245182991027832	-0.019442439079284668	0.008615416234369178	-0.019995573152751467	-0.001371306568119457	0.000556099697662682	1.0733247781669064e-06	-2.9656241958830876e-06
J08-D02-preceding	minus-native	22	-0.002565622329711914	0.01406925916671753	0.02230381965637207	0.016634881496429443	0.008234560489654541	0.018288831926186244	0.008280327861057701	-0.0016542871511085466	-4.509957734664949e-05	3.3672135174578344e-07	-6.677940565108509e-07
J08-D02-preceding	minus-native	23	0.02230381965637207	0.018973588943481445	0.009443283081054688	-0.003330230712890625	-0.009530305862426758	0.0006616940330648191	-0.008779968614900158	-0.0039922125098672545	-0.0007517096884557123	2.877639118104014e-07	1.3724409291121509e-06
J08-D02-preceding	minus-native	24	0.009443283081054688	0.0008797645568847656	-0.02012467384338379	-0.008563518524169922	-0.021004438400268555	-0.005737557318537423	-0.021349892344794563	-0.002826836216711315	0.000346214211591811	8.750110788158239e-07	-7.602670658024557e-07
J08-D02-preceding	minus-native	25	-0.02012467384338379	-0.02284979820251465	-0.02677631378173828	-0.0027251243591308594	-0.003926515579223633	-0.003059123024308441	-0.0058577296221278274	0.00033568993231345573	0.0019308495392781344	-1.6912671358740305e-06	3.645036260602197e-07
J08-D02-preceding	minus-native	26	-0.02677631378173828	-0.031477928161621094	-0.03275632858276367	-0.0047016143798828125	-0.0012784004211425781	-0.005637350631161109	-0.0049073552062043335	0.0009312622485107974	0.003632287794426231	4.474002767498875e-06	-3.3330093644756698e-06
J08-D02-preceding	minus-native	27	-0.03275632858276367	-0.04402446746826172	-0.037247657775878906	-0.011268138885498047	0.0067768096923828125	-0.0130801082472074	0.0028820095207808816	0.001811008755438201	0.0038953120626898097	9.606062711525754e-07	-5.118910878787464e-07
J08-D02-preceding	minus-native	28	-0.037247657775878906	-0.05379772186279297	-0.04251289367675781	-0.016550064086914062	0.011284828186035156	-0.01806559424786469	0.004456746986691851	0.0015176853119898484	0.006830033568405114	-2.1551510392195383e-06	-1.952369061808401e-06
J08-D02-preceding	minus-native	29	-0.04251289367675781	-0.037589073181152344	-0.06275463104248047	0.004923820495605469	-0.025165557861328125	0.0017734684663830436	-0.028709468082397827	0.0031481229940723	0.0035398392361060127	2.2290351501252914e-06	4.070984963688851e-06
J08-D02-preceding	minus-native	30	-0.06275463104248047	-0.04236793518066406	-0.03323173522949219	0.020386695861816406	0.009136199951171875	0.016658538377871235	0.0032345943188549775	0.003730242826819219	0.005901939662624256	-2.085342874047491e-06	-3.340303073584572e-07
J08-D02-preceding	minus-native	31	-0.03323173522949219	-0.022237777709960938	-0.038445472717285156	0.01099395751953125	-0.01620769500732422	0.009161815277432817	-0.01817933732185198	0.0018335190834010973	0.0019685724088172596	-1.3768413026638004e-06	3.0699057105287864e-06
J08-D02-preceding	minus-native	32	-0.038445472717285156	-0.0062808990478515625	-0.017408370971679688	0.032164573669433594	-0.011127471923828125	0.02964292536417723	-0.00845168063872892	0.002524575461187506	-0.0026810541644401997	-2.9271559311427886e-06	5.262879340994786e-06
J08-D02-preceding	minus-native	33	-0.017408370971679688	-0.008031845092773438	-0.0069217681884765625	0.00937652587890625	0.001110076904296875	0.0058817864263673025	-0.000571869005748793	0.003498667412081602	0.0016809374937243327	-3.9279595427377245e-06	1.0084163213353037e-06
J08-D02-preceding	minus-native	34	-0.0069217681884765625	-0.012660980224609375	-0.021338462829589844	-0.0057392120361328125	-0.008677482604980469	-0.006287857633172855	-0.01316705304278476	0.0005510939920807534	0.004489901832293919	-2.4483950407105937e-06	-3.313944896277121e-07
J08-D02-preceding	minus-native	35	-0.021338462829589844	-0.017683982849121094	0.00911712646484375	0.00365447998046875	0.026801109313964844	0.0021110810884600317	0.0471016487920477	0.0015393796129172799	-0.020309928333752225	4.019279091438399e-06	9.388855669811846e-06
J08-D02-whole-query	minus-native	0	0.0	0.0	0.0	0.0	0.0	0.0	0.0	0.0	0.0	0.0	0.0
J08-D02-whole-query	minus-native	1	0.0	0.0	0.0	0.0	0.0	0.0	0.0	0.0	0.0	0.0	0.0
J08-D02-whole-query	minus-native	2	0.0	0.0	0.0	0.0	0.0	0.0	0.0	0.0	0.0	0.0	0.0
J08-D02-whole-query	minus-native	3	0.0	0.0	0.0	0.0	0.0	0.0	0.0	0.0	0.0	0.0	0.0
J08-D02-whole-query	minus-native	4	0.0	0.0	0.0	0.0	0.0	0.0	0.0	0.0	0.0	0.0	0.0
J08-D02-whole-query	minus-native	5	0.0	0.0	0.0	0.0	0.0	0.0	0.0	0.0	0.0	0.0	0.0
J08-D02-whole-query	minus-native	6	0.0	0.0	0.0	0.0	0.0	0.0	0.0	0.0	0.0	0.0	0.0
J08-D02-whole-query	minus-native	7	0.0	0.0	0.0	0.0	0.0	0.0	0.0	0.0	0.0	0.0	0.0
J08-D02-whole-query	minus-native	8	0.0	0.0	0.0	0.0	0.0	0.0	0.0	0.0	0.0	0.0	0.0
J08-D02-whole-query	minus-native	9	0.0	0.0	0.0	0.0	0.0	0.0	0.0	0.0	0.0	0.0	0.0
J08-D02-whole-query	minus-native	10	0.0	0.0	0.0	0.0	0.0	0.0	0.0	0.0	0.0	0.0	0.0
J08-D02-whole-query	minus-native	11	0.0	0.0	0.0	0.0	0.0	0.0	0.0	0.0	0.0	0.0	0.0
J08-D02-whole-query	minus-native	12	0.0	0.0	0.0	0.0	0.0	0.0	0.0	0.0	0.0	0.0	0.0
J08-D02-whole-query	minus-native	13	0.0	0.0	0.0	0.0	0.0	0.0	0.0	0.0	0.0	0.0	0.0
J08-D02-whole-query	minus-native	14	0.0	0.0	0.0	0.0	0.0	0.0	0.0	0.0	0.0	0.0	0.0
J08-D02-whole-query	minus-native	15	0.0	0.0	0.0	0.0	0.0	0.0	0.0	0.0	0.0	0.0	0.0
J08-D02-whole-query	minus-native	16	0.0	0.0	0.0	0.0	0.0	0.0	0.0	0.0	0.0	0.0	0.0
J08-D02-whole-query	minus-native	17	0.0	0.0	0.0	0.0	0.0	0.0	0.0	0.0	0.0	0.0	0.0
J08-D02-whole-query	minus-native	18	0.0	-0.014548569917678833	-0.0014766454696655273	-0.014548569917678833	0.013071924448013306	-0.014585274083725785	0.012614971206568626	3.609368261146828e-05	0.0004582779685546323	6.104834354841993e-07	-1.3247271099525726e-06
J08-D02-whole-query	minus-native	19	-0.0014766454696655273	0.05222201347351074	0.07317638397216797	0.05369865894317627	0.020954370498657227	0.05565699583129691	0.013976026117717671	-0.0019608711883492558	0.006979449481511607	2.534300228618225e-06	-1.1051005720519314e-06
J08-D02-whole-query	minus-native	20	0.07317638397216797	0.12063300609588623	0.1029515266418457	0.04745662212371826	-0.017681479454040527	0.05610917786031838	-0.012565571162005754	-0.008649393665098759	-0.005117916721336602	-3.1620715013613854e-06	2.0084293018141075e-06
J08-D02-whole-query	minus-native	21	0.1029515266418457	0.15377330780029297	0.06361305713653564	0.050821781158447266	-0.09016025066375732	0.061347507703922444	-0.0892734833082548	-0.010526848159033597	-0.0008858279022575244	1.1216135584746212e-06	-9.394532450024418e-07
J08-D02-whole-query	minus-native	22	0.06361305713653564	0.09406232833862305	0.1449822187423706	0.030449271202087402	0.05091989040374756	0.042249065791568285	0.05308321384882775	-0.011798099622234992	-0.002165641407003191	-1.6949672458910214e-06	2.317961923001266e-06
J08-D02-whole-query	minus-native	23	0.1449822187423706	0.26528722047805786	0.24872887134552002	0.12030500173568726	-0.016558349132537842	0.14161072163299449	-0.004260093475946469	-0.021303916402915957	-0.012298497319609483	-1.8034943912725865e-06	2.416630181106827e-07
J08-D02-whole-query	minus-native	24	0.24872887134552002	0.2880575656890869	0.2873353958129883	0.039328694343566895	-0.0007221698760986328	0.07609281891121655	0.02386661565437187	-0.036766345093978636	-0.024589363866323016	2.2205263289776234e-06	5.783358525135451e-07
J08-D02-whole-query	minus-native	25	0.2873353958129883	0.28798604011535645	0.38071274757385254	0.0006506443023681641	0.0927267074584961	0.004554457857453342	0.1102672251975183	-0.0039020096562003975	-0.017541104139505465	-1.8038988847807191e-06	5.864004832545344e-07
J08-D02-whole-query	minus-native	26	0.38071274757385254	0.6129913330078125	0.46176576614379883	0.23227858543395996	-0.15122556686401367	0.2510500848658581	-0.07602235426016779	-0.018772591062191854	-0.07519836616239203	1.091630293728607e-06	-4.8464414538484935e-06
J08-D02-whole-query	minus-native	27	0.46176576614379883	0.4006800651550293	0.36461353302001953	-0.06108570098876953	-0.036066532135009766	-0.04920026839400249	0.00013620725142016177	-0.011887749679581172	-0.03620330718670614	2.317084814129622e-06	5.678002762132817e-07
J08-D02-whole-query	minus-native	28	0.36461353302001953	0.24971675872802734	0.35530853271484375	-0.11489677429199219	0.1055917739868164	-0.09862741197407487	0.13683795047604752	-0.016265235387836807	-0.031248405146726832	-4.126930080505797e-06	2.2286574957175453e-06
J08-D02-whole-query	minus-native	29	0.35530853271484375	0.6224145889282227	0.6327104568481445	0.2671060562133789	0.010295867919921875	0.2919713888172284	0.07310999063034651	-0.024864804563960285	-0.06281798214745615	-5.280398892026916e-07	3.859437031517032e-06
J08-D02-whole-query	minus-native	30	0.6327104568481445	0.9833908081054688	0.7253551483154297	0.3506803512573242	-0.25803565979003906	0.38650661124273	-0.13115625929179053	-0.03582216000004318	-0.12688479322876423	-4.099985362604475e-06	5.392730515696442e-06
J08-D02-whole-query	minus-native	31	0.7253551483154297	0.7032241821289062	0.7132482528686523	-0.022130966186523438	0.010024070739746094	0.011179705267152173	0.07517257625665777	-0.03330671407592639	-0.06515228481771268	-3.9573777492196704e-06	3.7793008010322815e-06
J08-D02-whole-query	minus-native	32	0.7132482528686523	1.0728416442871094	1.2934131622314453	0.35959339141845703	0.22057151794433594	0.4022297245258102	0.2923174669196795	-0.04263398885345293	-0.07174661327179277	-2.344253900221638e-06	6.642964491820891e-07
J08-D02-whole-query	minus-native	33	1.2934131622314453	1.21240234375	1.109222412109375	-0.08101081848144531	-0.103179931640625	0.01238169860948185	0.028764574755847816	-0.09339155276357092	-0.13194559340010903	-9.643273563009203e-07	1.0870036362131685e-06
J08-D02-whole-query	minus-native	34	1.109222412109375	1.0411758422851562	0.6990385055541992	-0.06804656982421875	-0.34213733673095703	0.05479245667229171	-0.12989735873990216	-0.12283181678561139	-0.21224328017583494	-7.209710899069854e-06	3.3021847800629445e-06
J08-D02-whole-query	minus-native	35	0.6990385055541992	0.6624841690063477	1.4367408752441406	-0.03655433654785156	0.774256706237793	0.023193786091896818	-0.000986637068749019	-0.05975328031949512	0.7752418797262663	5.157679746736754e-06	1.4635802756401972e-06
J09-D01-upstream	minus-native	0	0.0	0.0	0.0	0.0	0.0	0.0	0.0	0.0	0.0	0.0	0.0
J09-D01-upstream	minus-native	1	0.0	0.0	0.0	0.0	0.0	0.0	0.0	0.0	0.0	0.0	0.0
J09-D01-upstream	minus-native	2	0.0	0.0	0.0	0.0	0.0	0.0	0.0	0.0	0.0	0.0	0.0
J09-D01-upstream	minus-native	3	0.0	0.0	0.0	0.0	0.0	0.0	0.0	0.0	0.0	0.0	0.0
J09-D01-upstream	minus-native	4	0.0	0.0	0.0	0.0	0.0	0.0	0.0	0.0	0.0	0.0	0.0
J09-D01-upstream	minus-native	5	0.0	0.0	0.0	0.0	0.0	0.0	0.0	0.0	0.0	0.0	0.0
J09-D01-upstream	minus-native	6	0.0	0.0	0.0	0.0	0.0	0.0	0.0	0.0	0.0	0.0	0.0
J09-D01-upstream	minus-native	7	0.0	0.0	0.0	0.0	0.0	0.0	0.0	0.0	0.0	0.0	0.0
J09-D01-upstream	minus-native	8	0.0	0.0	0.0	0.0	0.0	0.0	0.0	0.0	0.0	0.0	0.0
J09-D01-upstream	minus-native	9	0.0	0.0	0.0	0.0	0.0	0.0	0.0	0.0	0.0	0.0	0.0
J09-D01-upstream	minus-native	10	0.0	0.0	0.0	0.0	0.0	0.0	0.0	0.0	0.0	0.0	0.0
J09-D01-upstream	minus-native	11	0.0	0.0	0.0	0.0	0.0	0.0	0.0	0.0	0.0	0.0	0.0
J09-D01-upstream	minus-native	12	0.0	0.0	0.0	0.0	0.0	0.0	0.0	0.0	0.0	0.0	0.0
J09-D01-upstream	minus-native	13	0.0	0.0	0.0	0.0	0.0	0.0	0.0	0.0	0.0	0.0	0.0
J09-D01-upstream	minus-native	14	0.0	0.0	0.0	0.0	0.0	0.0	0.0	0.0	0.0	0.0	0.0
J09-D01-upstream	minus-native	15	0.0	0.0	0.0	0.0	0.0	0.0	0.0	0.0	0.0	0.0	0.0
J09-D01-upstream	minus-native	16	0.0	0.0	0.0	0.0	0.0	0.0	0.0	0.0	0.0	0.0	0.0
J09-D01-upstream	minus-native	17	0.0	0.0	0.0	0.0	0.0	0.0	0.0	0.0	0.0	0.0	0.0
J09-D01-upstream	minus-native	18	0.0	0.0006234347820281982	0.0030722618103027344	0.0006234347820281982	0.002448827028274536	0.0006277082857941707	0.002658588091810188	-5.022557129433225e-06	-0.0002071721043304664	7.49053363460761e-07	-2.588959205185315e-06
J09-D01-upstream	minus-native	19	0.0030722618103027344	-0.008107662200927734	-0.00796210765838623	-0.011179924011230469	0.0001455545425415039	-0.01075991831168932	0.0005343631251166214	-0.0004212851185080302	-0.0003896778803719747	1.2794189668818845e-06	8.692977968571824e-07
J09-D01-upstream	minus-native	20	-0.00796210765838623	-0.01675814390182495	-0.007063508033752441	-0.00879603624343872	0.00969463586807251	-0.009447216174677198	0.008890450111441683	0.0006510061518003041	0.0008054032936500033	1.737794381728719e-07	-1.2175370191769286e-06
J09-D01-upstream	minus-native	21	-0.007063508033752441	-0.08257317543029785	-0.0952596664428711	-0.07550966739654541	-0.012686491012573242	-0.07598677142300603	-0.017403998385003616	0.0004789480998197426	0.004714758179625578	-1.8440733591251757e-06	2.749192804796241e-06
J09-D01-upstream	minus-native	22	-0.0952596664428711	-0.13388359546661377	-0.0007256269454956055	-0.038623929023742676	0.13315796852111816	-0.04724017000397707	0.12704543962344061	0.008614167727530375	0.0061161181220012045	2.0732527040157045e-06	-3.58922432365516e-06
J09-D01-upstream	minus-native	23	-0.0007256269454956055	0.013611316680908203	-0.033353567123413086	0.014336943626403809	-0.04696488380432129	0.012014546218325428	-0.04512909591431247	0.002323456008630931	-0.0018385314404250619	-1.0586005525503595e-06	2.7435504162398594e-06
J09-D01-upstream	minus-native	24	-0.033353567123413086	-0.02697920799255371	-0.1254892349243164	0.006374359130859375	-0.0985100269317627	0.0004484998518806682	-0.10059438816451972	0.005926026869240819	0.0020833304502914096	-1.6759026211232708e-07	1.03078246563304e-06
J09-D01-upstream	minus-native	25	-0.1254892349243164	-0.14861726760864258	-0.12052226066589355	-0.023128032684326172	0.028095006942749023	-0.02494410195332103	0.01606154235145696	0.001816234580455274	0.01203550683743397	-1.65311460416373e-07	-2.042246141906179e-06
J09-D01-upstream	minus-native	26	-0.12052226066589355	-0.12625789642333984	-0.04395246505737305	-0.005735635757446289	0.0823054313659668	-0.011353226096559865	0.06836445810914049	0.005614798407871352	0.013940776690442656	2.7919312422242104e-06	1.9656638364923262e-07
J09-D01-upstream	minus-native	27	-0.04395246505737305	-0.014227867126464844	0.03598594665527344	0.029724597930908203	0.05021381378173828	0.029230871857379492	0.04872384986359679	0.0004955219798275651	0.0014896844827083783	-1.7959062988542884e-06	2.794354331120408e-07
J09-D01-upstream	minus-native	28	0.03598594665527344	0.06248664855957031	0.07274532318115234	0.026500701904296875	0.010258674621582031	0.028120188361522303	0.01753348185504411	-0.0016196402698100947	-0.007272662730054946	1.5381258466722059e-07	-2.1445034071310154e-06
J09-D01-upstream	minus-native	29	0.07274532318115234	0.10821723937988281	0.1205596923828125	0.03547191619873047	0.012342453002929688	0.03853653709893745	0.01807514072860994	-0.0030714529843467453	-0.005726018090542961	6.832084139762884e-06	-6.669635137068752e-06
J09-D01-upstream	minus-native	30	0.1205596923828125	0.12540245056152344	0.09883975982666016	0.0048427581787109375	-0.02656269073486328	0.015467677279581649	-0.01813133015747881	-0.01062833343187275	-0.008433410249830242	3.414331002038473e-06	2.0496724457697013e-06
J09-D01-upstream	minus-native	31	0.09883975982666016	0.10445404052734375	0.11369132995605469	0.005614280700683594	0.009237289428710938	0.004838500002535218	0.018238591613995436	0.0007821098743919785	-0.009003023179536052	-6.329176243602408e-06	1.7209942515528098e-06
J09-D01-upstream	minus-native	32	0.11369132995605469	0.16262531280517578	0.16991329193115234	0.048933982849121094	0.0072879791259765625	0.05625338830460436	0.027227260813860843	-0.007323269421335876	-0.019939184663458676	3.8639658526129494e-06	-9.702442560488578e-08
J09-D01-upstream	minus-native	33	0.16991329193115234	0.17413997650146484	0.18822383880615234	0.0042266845703125	0.0140838623046875	0.010823118097837356	0.03234532172374516	-0.006595010022669934	-0.018256615184741865	-1.4235048548805196e-06	-4.8442343159038614e-06
J09-D01-upstream	minus-native	34	0.18822383880615234	0.17214584350585938	0.13533878326416016	-0.01607799530029297	-0.03680706024169922	-0.002900748956338739	-0.006856035864946319	-0.01318229796020276	-0.029947634243679744	5.051616248641366e-06	-3.3901330729335655e-06
J09-D01-upstream	minus-native	35	0.13533878326416016	0.13249874114990234	0.29573822021484375	-0.0028400421142578125	0.1632394790649414	0.0017881720968982995	-0.009052846926471236	-0.0046274311271777835	0.17230264035628196	-7.830839783284915e-07	-1.0314364869756787e-05
J09-D01-preceding	minus-native	0	0.0	0.0	0.0	0.0	0.0	0.0	0.0	0.0	0.0	0.0	0.0
J09-D01-preceding	minus-native	1	0.0	0.0	0.0	0.0	0.0	0.0	0.0	0.0	0.0	0.0	0.0
J09-D01-preceding	minus-native	2	0.0	0.0	0.0	0.0	0.0	0.0	0.0	0.0	0.0	0.0	0.0
J09-D01-preceding	minus-native	3	0.0	0.0	0.0	0.0	0.0	0.0	0.0	0.0	0.0	0.0	0.0
J09-D01-preceding	minus-native	4	0.0	0.0	0.0	0.0	0.0	0.0	0.0	0.0	0.0	0.0	0.0
J09-D01-preceding	minus-native	5	0.0	0.0	0.0	0.0	0.0	0.0	0.0	0.0	0.0	0.0	0.0
J09-D01-preceding	minus-native	6	0.0	0.0	0.0	0.0	0.0	0.0	0.0	0.0	0.0	0.0	0.0
J09-D01-preceding	minus-native	7	0.0	0.0	0.0	0.0	0.0	0.0	0.0	0.0	0.0	0.0	0.0
J09-D01-preceding	minus-native	8	0.0	0.0	0.0	0.0	0.0	0.0	0.0	0.0	0.0	0.0	0.0
J09-D01-preceding	minus-native	9	0.0	0.0	0.0	0.0	0.0	0.0	0.0	0.0	0.0	0.0	0.0
J09-D01-preceding	minus-native	10	0.0	0.0	0.0	0.0	0.0	0.0	0.0	0.0	0.0	0.0	0.0
J09-D01-preceding	minus-native	11	0.0	0.0	0.0	0.0	0.0	0.0	0.0	0.0	0.0	0.0	0.0
J09-D01-preceding	minus-native	12	0.0	0.0	0.0	0.0	0.0	0.0	0.0	0.0	0.0	0.0	0.0
J09-D01-preceding	minus-native	13	0.0	0.0	0.0	0.0	0.0	0.0	0.0	0.0	0.0	0.0	0.0
J09-D01-preceding	minus-native	14	0.0	0.0	0.0	0.0	0.0	0.0	0.0	0.0	0.0	0.0	0.0
J09-D01-preceding	minus-native	15	0.0	0.0	0.0	0.0	0.0	0.0	0.0	0.0	0.0	0.0	0.0
J09-D01-preceding	minus-native	16	0.0	0.0	0.0	0.0	0.0	0.0	0.0	0.0	0.0	0.0	0.0
J09-D01-preceding	minus-native	17	0.0	0.0	0.0	0.0	0.0	0.0	0.0	0.0	0.0	0.0	0.0
J09-D01-preceding	minus-native	18	0.0	0.0002634599804878235	-0.00017392635345458984	0.0002634599804878235	-0.00043738633394241333	0.0002627897020412995	-0.0004092481770978651	4.0266330440449916e-07	-2.6675442081569578e-05	2.6761514211950943e-07	-1.4627147629786563e-06
J09-D01-preceding	minus-native	19	-0.00017392635345458984	-0.0007841587066650391	-0.0011273622512817383	-0.0006102323532104492	-0.0003432035446166992	-0.0006482064669770526	-0.00020632679966089973	3.781649211226368e-05	-0.00013832999812046776	1.5762165433974573e-07	1.4532531646682667e-06
J09-D01-preceding	minus-native	20	-0.0011273622512817383	0.005625545978546143	0.0034160614013671875	0.006752908229827881	-0.002209484577178955	0.006693993676986809	-0.0019220587757913243	5.894032426384532e-05	-0.0002873592226360633	-2.577142277360167e-08	-6.657875156745874e-08
J09-D01-preceding	minus-native	21	0.0034160614013671875	-0.002354145050048828	0.014940857887268066	-0.005770206451416016	0.017295002937316895	-0.0057577510359807516	0.0174691663260777	-1.0167372977210043e-05	-0.00017746076959127	-2.2880424580540293e-06	3.2973808304637142e-06
J09-D01-preceding	minus-native	22	0.014940857887268066	0.017574191093444824	0.015443384647369385	0.002633333206176758	-0.0021308064460754395	0.0037027191871303877	-0.0018199964550393855	-0.0010693558713131268	-0.0003092978208955044	-3.010964050309539e-08	-1.5121701405496069e-06
J09-D01-preceding	minus-native	23	0.015443384647369385	0.004217863082885742	0.0026624202728271484	-0.011225521564483643	-0.0015554428100585938	-0.008724292229363773	-0.0009767225251473555	-0.002499626470713334	-0.0005806014965619999	-1.6028644065357867e-06	1.881211650761605e-06
J09-D01-preceding	minus-native	24	0.0026624202728271484	-0.0037724971771240234	0.00751495361328125	-0.006434917449951172	0.011287450790405273	-0.006279322043200142	0.010761941838122463	-0.00015531759060122274	0.0005228733113853135	-2.77816149807375e-07	2.635640897502567e-06
J09-D01-preceding	minus-native	25	0.00751495361328125	0.011133432388305664	0.015490293502807617	0.003618478775024414	0.004356861114501953	0.003822645112261658	0.00513327453656931	-0.00020095066145767518	-0.0007780462237706731	-3.2156757795685775e-06	1.6328017033162556e-06
J09-D01-preceding	minus-native	26	0.015490293502807617	0.002338886260986328	-0.004197597503662109	-0.013151407241821289	-0.0065364837646484375	-0.012213842606854985	-0.006268384713770558	-0.0009366048780888592	-0.00026950792710358704	-9.597568774444287e-07	1.408876225707928e-06
J09-D01-preceding	minus-native	27	-0.004197597503662109	-0.011807918548583984	-0.02604198455810547	-0.007610321044921875	-0.014234066009521484	-0.007870724691412812	-0.015301220999043741	0.0002614939271446959	0.0010661201585617994	-1.090280653759379e-06	1.0348309604571448e-06
J09-D01-preceding	minus-native	28	-0.02604198455810547	-0.020511627197265625	-0.013948440551757812	0.005530357360839844	0.0065631866455078125	0.004370740944569906	0.0038318467794962174	0.0011595534973707971	0.0027345916262925263	6.291889914026433e-08	-3.251760280931215e-06
J09-D01-preceding	minus-native	29	-0.013948440551757812	-0.023064613342285156	-0.017705917358398438	-0.009116172790527344	0.005358695983886719	-0.010280570736090233	0.001886696910237351	0.0011599329977072248	0.0034762622293693646	4.464947855664647e-06	-4.263155719996803e-06
J09-D01-preceding	minus-native	30	-0.017705917358398438	-0.01984119415283203	-0.016388893127441406	-0.0021352767944335938	0.003452301025390625	-0.004190570059898091	0.0003359936179321288	0.002057367904258811	0.003114818447932044	-2.074638794313799e-06	1.488959526452227e-06
J09-D01-preceding	minus-native	31	-0.016388893127441406	-0.011770248413085938	-0.015725135803222656	0.004618644714355469	-0.003954887390136719	0.004974037060833603	-0.004477717501780387	-0.0003575708798664867	0.0005226804718008182	2.1785333883528324e-06	1.4963984285021326e-07
J09-D01-preceding	minus-native	32	-0.015725135803222656	-0.02025604248046875	-0.013468742370605469	-0.004530906677246094	0.006787300109863281	-0.005008528263971357	0.004093853927149005	0.0004812324087424269	0.0026851627633646125	-3.610822017163784e-06	8.2834193495529e-06
J09-D01-preceding	minus-native	33	-0.013468742370605469	-0.016844749450683594	-0.027990341186523438	-0.003376007080078125	-0.011145591735839844	-0.003740674950540271	-0.012487531027902232	0.00036700154399915697	0.0013460020231779168	-2.3336735370804718e-06	-4.062731115528351e-06
J09-D01-preceding	minus-native	34	-0.027990341186523438	-0.02808666229248047	-0.020849227905273438	-9.632110595703125e-05	0.007237434387207031	-0.0028696818138292945	0.0012056724637565797	0.002769171699601447	0.006036011237863459	4.18900827070523e-06	-4.24931441278531e-06
J09-D01-preceding	minus-native	35	-0.020849227905273438	-0.021877288818359375	-0.042240142822265625	-0.0010280609130859375	-0.02036285400390625	-0.0018968136978761985	0.013596675420806115	0.0008691428040235039	-0.03395754551353569	-3.900192332428887e-07	-1.9839111757846695e-06
J09-D01-whole-query	minus-native	0	0.0	0.0	0.0	0.0	0.0	0.0	0.0	0.0	0.0	0.0	0.0
J09-D01-whole-query	minus-native	1	0.0	0.0	0.0	0.0	0.0	0.0	0.0	0.0	0.0	0.0	0.0
J09-D01-whole-query	minus-native	2	0.0	0.0	0.0	0.0	0.0	0.0	0.0	0.0	0.0	0.0	0.0
J09-D01-whole-query	minus-native	3	0.0	0.0	0.0	0.0	0.0	0.0	0.0	0.0	0.0	0.0	0.0
J09-D01-whole-query	minus-native	4	0.0	0.0	0.0	0.0	0.0	0.0	0.0	0.0	0.0	0.0	0.0
J09-D01-whole-query	minus-native	5	0.0	0.0	0.0	0.0	0.0	0.0	0.0	0.0	0.0	0.0	0.0
J09-D01-whole-query	minus-native	6	0.0	0.0	0.0	0.0	0.0	0.0	0.0	0.0	0.0	0.0	0.0
J09-D01-whole-query	minus-native	7	0.0	0.0	0.0	0.0	0.0	0.0	0.0	0.0	0.0	0.0	0.0
J09-D01-whole-query	minus-native	8	0.0	0.0	0.0	0.0	0.0	0.0	0.0	0.0	0.0	0.0	0.0
J09-D01-whole-query	minus-native	9	0.0	0.0	0.0	0.0	0.0	0.0	0.0	0.0	0.0	0.0	0.0
J09-D01-whole-query	minus-native	10	0.0	0.0	0.0	0.0	0.0	0.0	0.0	0.0	0.0	0.0	0.0
J09-D01-whole-query	minus-native	11	0.0	0.0	0.0	0.0	0.0	0.0	0.0	0.0	0.0	0.0	0.0
J09-D01-whole-query	minus-native	12	0.0	0.0	0.0	0.0	0.0	0.0	0.0	0.0	0.0	0.0	0.0
J09-D01-whole-query	minus-native	13	0.0	0.0	0.0	0.0	0.0	0.0	0.0	0.0	0.0	0.0	0.0
J09-D01-whole-query	minus-native	14	0.0	0.0	0.0	0.0	0.0	0.0	0.0	0.0	0.0	0.0	0.0
J09-D01-whole-query	minus-native	15	0.0	0.0	0.0	0.0	0.0	0.0	0.0	0.0	0.0	0.0	0.0
J09-D01-whole-query	minus-native	16	0.0	0.0	0.0	0.0	0.0	0.0	0.0	0.0	0.0	0.0	0.0
J09-D01-whole-query	minus-native	17	0.0	0.0	0.0	0.0	0.0	0.0	0.0	0.0	0.0	0.0	0.0
J09-D01-whole-query	minus-native	18	0.0	0.0032541751861572266	-0.02576279640197754	0.0032541751861572266	-0.029016971588134766	0.003216197969972079	-0.02935181308450696	3.72539965332562e-05	0.0003363950409504546	7.232196518915102e-07	-1.5535445782588475e-06
J09-D01-whole-query	minus-native	19	-0.02576279640197754	-0.08104324340820312	-0.06012856960296631	-0.055280447006225586	0.020914673805236816	-0.057354586472947444	0.022339464515826774	0.0020757969959004363	-0.001426225428830058	-1.6575291785780877e-06	1.4347182401008851e-06
J09-D01-whole-query	minus-native	20	-0.06012856960296631	-0.014791727066040039	-0.006193280220031738	0.04533684253692627	0.0085984468460083	0.043304865480465804	0.011239068444986178	0.002030807461548434	-0.002640774484986036	1.169594912031613e-06	1.5288600815899223e-07
J09-D01-whole-query	minus-native	21	-0.006193280220031738	-0.13100731372833252	-0.009099245071411133	-0.12481403350830078	0.12190806865692139	-0.13096852433538642	0.11567758325578867	0.006158269516338466	0.006228765888369792	-3.778689252831313e-06	1.7195127629265894e-06
J09-D01-whole-query	minus-native	22	-0.009099245071411133	-0.12661325931549072	-0.13092410564422607	-0.11751401424407959	-0.0043108463287353516	-0.12569260421879203	-0.009867692085565372	0.008175493064243755	0.005559171530412507	3.096910468680658e-06	-2.3257735824872006e-06
J09-D01-whole-query	minus-native	23	-0.13092410564422607	-0.08899879455566406	0.03327369689941406	0.04192531108856201	0.12227249145507812	0.022006414753516612	0.11658006690907241	0.019919760604079184	0.00569280867808275	-8.642690337845593e-07	-3.841320770359147e-07
J09-D01-whole-query	minus-native	24	0.03327369689941406	-0.0008976459503173828	-0.12831449508666992	-0.034171342849731445	-0.12741684913635254	-0.02322292702391837	-0.12613932342738282	-0.010949395278770035	-0.0012814382603938135	9.794529569617794e-07	3.912551424095634e-06
J09-D01-whole-query	minus-native	25	-0.12831449508666992	-0.23241901397705078	-0.3183939456939697	-0.10410451889038086	-0.08597493171691895	-0.10539668242246275	-0.10541769497855813	0.0012962705382870941	0.019440614834602354	-4.10700620520274e-06	2.1484270368299363e-06
J09-D01-whole-query	minus-native	26	-0.3183939456939697	-0.3321876525878906	-0.46660423278808594	-0.013793706893920898	-0.1344165802001953	-0.029091989111087457	-0.1711338116871448	0.015299474663622234	0.03671511463556399	-1.192446455675067e-06	2.116851385507157e-06
J09-D01-whole-query	minus-native	27	-0.46660423278808594	-0.45473670959472656	-0.3750643730163574	0.011867523193359375	0.07967233657836914	0.0002011320859478527	0.03681493751832676	0.011668851012215948	0.04285491376484553	-2.459904804425622e-06	2.485295196847856e-06
J09-D01-whole-query	minus-native	28	-0.3750643730163574	-0.2559499740600586	-0.39705753326416016	0.11911439895629883	-0.14110755920410156	0.10269261406491603	-0.1719803337838428	0.01642387956133932	0.030873615247952735	-2.0946699565245128e-06	-8.406682114880937e-07
J09-D01-whole-query	minus-native	29	-0.39705753326416016	-0.27782726287841797	-0.11400794982910156	0.11923027038574219	0.1638193130493164	0.08109889685797089	0.10676597556457434	0.03812942212067538	0.0570526340967783	1.9514070959125718e-06	7.033879638740359e-07
J09-D01-whole-query	minus-native	30	-0.11400794982910156	-0.1722269058227539	-0.1344289779663086	-0.058218955993652344	0.03779792785644531	-0.04461289257169043	-0.0067775351596914835	-0.013604811032098096	0.044576919656325154	-1.25238986381504e-06	-1.4566401883575608e-06
J09-D01-whole-query	minus-native	31	-0.1344289779663086	-0.12223243713378906	-0.04472064971923828	0.012196540832519531	0.07751178741455078	-0.005238359468795639	0.06318204018593976	0.01743717291376412	0.01432500795427405	-2.272612448950273e-06	4.739274336973409e-06
J09-D01-whole-query	minus-native	32	-0.04472064971923828	0.30884361267089844	0.2715187072753906	0.3535642623901367	-0.03732490539550781	0.3552090751095953	0.004356868051346829	-0.0016453124643202033	-0.04167917048847669	4.99744861603979e-07	-2.6029583779507703e-06
J09-D01-whole-query	minus-native	33	0.2715187072753906	0.3095550537109375	0.3570728302001953	0.038036346435546875	0.04751777648925781	0.03514582204876218	0.08676819697247407	0.0028892185801869807	-0.039245368978360506	1.3058065977400446e-06	-5.051504855746458e-06
J09-D01-whole-query	minus-native	34	0.3570728302001953	0.25118446350097656	0.22821712493896484	-0.10588836669921875	-0.02296733856201172	-0.07672701166366513	0.017806326259328875	-0.029170058382391284	-0.04076824404125601	8.70334683766849e-06	-5.4207800848082854e-06
J09-D01-whole-query	minus-native	35	0.22821712493896484	0.2261981964111328	0.4671821594238281	-0.0020189285278320312	0.2409839630126953	0.0034262409428830187	-0.025082319768594985	-0.005445010985516308	0.26607348632893135	-1.5848519874239742e-07	-7.203547641054797e-06
J09-D02-upstream	minus-native	0	0.0	0.0	0.0	0.0	0.0	0.0	0.0	0.0	0.0	0.0	0.0
J09-D02-upstream	minus-native	1	0.0	0.0	0.0	0.0	0.0	0.0	0.0	0.0	0.0	0.0	0.0
J09-D02-upstream	minus-native	2	0.0	0.0	0.0	0.0	0.0	0.0	0.0	0.0	0.0	0.0	0.0
J09-D02-upstream	minus-native	3	0.0	0.0	0.0	0.0	0.0	0.0	0.0	0.0	0.0	0.0	0.0
J09-D02-upstream	minus-native	4	0.0	0.0	0.0	0.0	0.0	0.0	0.0	0.0	0.0	0.0	0.0
J09-D02-upstream	minus-native	5	0.0	0.0	0.0	0.0	0.0	0.0	0.0	0.0	0.0	0.0	0.0
J09-D02-upstream	minus-native	6	0.0	0.0	0.0	0.0	0.0	0.0	0.0	0.0	0.0	0.0	0.0
J09-D02-upstream	minus-native	7	0.0	0.0	0.0	0.0	0.0	0.0	0.0	0.0	0.0	0.0	0.0
J09-D02-upstream	minus-native	8	0.0	0.0	0.0	0.0	0.0	0.0	0.0	0.0	0.0	0.0	0.0
J09-D02-upstream	minus-native	9	0.0	0.0	0.0	0.0	0.0	0.0	0.0	0.0	0.0	0.0	0.0
J09-D02-upstream	minus-native	10	0.0	0.0	0.0	0.0	0.0	0.0	0.0	0.0	0.0	0.0	0.0
J09-D02-upstream	minus-native	11	0.0	0.0	0.0	0.0	0.0	0.0	0.0	0.0	0.0	0.0	0.0
J09-D02-upstream	minus-native	12	0.0	0.0	0.0	0.0	0.0	0.0	0.0	0.0	0.0	0.0	0.0
J09-D02-upstream	minus-native	13	0.0	0.0	0.0	0.0	0.0	0.0	0.0	0.0	0.0	0.0	0.0
J09-D02-upstream	minus-native	14	0.0	0.0	0.0	0.0	0.0	0.0	0.0	0.0	0.0	0.0	0.0
J09-D02-upstream	minus-native	15	0.0	0.0	0.0	0.0	0.0	0.0	0.0	0.0	0.0	0.0	0.0
J09-D02-upstream	minus-native	16	0.0	0.0	0.0	0.0	0.0	0.0	0.0	0.0	0.0	0.0	0.0
J09-D02-upstream	minus-native	17	0.0	0.0	0.0	0.0	0.0	0.0	0.0	0.0	0.0	0.0	0.0
J09-D02-upstream	minus-native	18	0.0	-0.0006985068321228027	-0.003149271011352539	-0.0006985068321228027	-0.0024507641792297363	-0.0007133067798297255	-0.0026817626567452457	1.4864218314661337e-05	0.00023055775420782743	-6.42706077386146e-08	4.407233076819672e-07
J09-D02-upstream	minus-native	19	-0.003149271011352539	0.0056378841400146484	0.008044242858886719	0.008787155151367188	0.0024063587188720703	0.008534558069659415	0.001828441871849655	0.0002526905678784108	0.0005795891410009801	-9.348617063809073e-08	-1.672293978571826e-06
J09-D02-upstream	minus-native	20	0.008044242858886719	0.02282583713531494	0.02634906768798828	0.014781594276428223	0.00352323055267334	0.014704393843412378	0.0056820950600197095	7.452148467690378e-05	-0.0021573878003744995	2.6789483389411117e-06	-1.4767069718701897e-06
J09-D02-upstream	minus-native	21	0.02634906768798828	0.09588134288787842	0.11298024654388428	0.06953227519989014	0.01709890365600586	0.07466406757682797	0.02443095924556629	-0.005130026041781699	-0.007332630083527136	-1.7663351561392204e-06	5.744939667040594e-07
J09-D02-upstream	minus-native	22	0.11298024654388428	0.15852761268615723	-0.01529771089553833	0.04554736614227295	-0.17382532358169556	0.05463172276230366	-0.1677659319399244	-0.00908532382443894	-0.006059838830682451	9.672044082309483e-07	4.471889112900307e-07
J09-D02-upstream	minus-native	23	-0.01529771089553833	-0.017549633979797363	0.08070898056030273	-0.002251923084259033	0.0982586145401001	-0.0038532154468895463	0.09462531745105629	0.0016011319616517916	0.0036334534417671593	1.6040097872149772e-07	-1.563527233516826e-07
J09-D02-upstream	minus-native	24	0.08070898056030273	0.04740190505981445	0.17371129989624023	-0.03330707550048828	0.12630939483642578	-0.014946590746828692	0.12831706099467324	-0.01836166131631367	-0.0020087686984948394	1.1765626540816143e-06	1.102540247377437e-06
J09-D02-upstream	minus-native	25	0.17371129989624023	0.21591734886169434	0.22681641578674316	0.0422060489654541	0.010899066925048828	0.04310925194748916	0.028431157901973814	-0.0009011494197893842	-0.017531447040560283	-2.0535622456720193e-06	-6.439363647026131e-07
J09-D02-upstream	minus-native	26	0.22681641578674316	0.1971588134765625	0.0673823356628418	-0.029657602310180664	-0.1297764778137207	-0.018375937014825983	-0.10899557362094581	-0.011280323209969204	-0.020783181443844098	-1.3420853854778647e-06	2.2772510692020687e-06
J09-D02-upstream	minus-native	27	0.0673823356628418	0.02143573760986328	-0.03424072265625	-0.045946598052978516	-0.05567646026611328	-0.04467896210971545	-0.05390959209090157	-0.0012654265061322542	-0.0017683458065499424	-2.2094371308137295e-06	1.4776313382314221e-06
J09-D02-upstream	minus-native	28	-0.03424072265625	-0.08369255065917969	-0.14663124084472656	-0.04945182800292969	-0.06293869018554688	-0.05140033925085019	-0.07446254694197219	0.0019469629360544319	0.011525939002775376	1.5483118660716833e-06	-2.0822463500658195e-06
J09-D02-upstream	minus-native	29	-0.14663124084472656	-0.1604604721069336	-0.22732257843017578	-0.013829231262207031	-0.06686210632324219	-0.019093141786482803	-0.0732094270165411	0.005263179765550352	0.006350353080879501	7.307587254201664e-07	-3.0323875805926548e-06
J09-D02-upstream	minus-native	30	-0.22732257843017578	-0.26152992248535156	-0.225921630859375	-0.03420734405517578	0.03560829162597656	-0.05207989847477901	0.01413916891871514	0.017870238406940575	0.021469454299758883	2.3160126626509125e-06	-3.315924974600648e-07
J09-D02-upstream	minus-native	31	-0.225921630859375	-0.21842098236083984	-0.2600841522216797	0.007500648498535156	-0.041663169860839844	0.00554511989818568	-0.05817411238583725	0.001953090880300823	0.016515189583463652	2.4377200486536132e-06	-4.247058466244624e-06
J09-D02-upstream	minus-native	32	-0.2600841522216797	-0.2600822448730469	-0.27931785583496094	1.9073486328125e-06	-0.019235610961914062	-0.01589582745260465	-0.04561505366619101	0.015898491948453497	0.026378324941350284	-7.571472160350368e-07	1.1177629266612144e-06
J09-D02-upstream	minus-native	33	-0.27931785583496094	-0.27231407165527344	-0.29762840270996094	0.0070037841796875	-0.0253143310546875	-0.010791358724712652	-0.052310618726618685	0.01778867611512025	0.027001850701796393	6.466789279846452e-06	-5.563029865207625e-06
J09-D02-upstream	minus-native	34	-0.29762840270996094	-0.26598358154296875	-0.21004104614257812	0.03164482116699219	0.055942535400390625	0.004178809731289812	0.003768254187884068	0.02746503985846105	0.05217238158194659	9.71577241326571e-07	1.8996305599650043e-06
J09-D02-upstream	minus-native	35	-0.21004104614257812	-0.20694541931152344	-0.4491615295410156	0.0030956268310546875	-0.2422161102294922	-0.005573080003260289	-0.014693372379337877	0.008674085085614958	-0.22752808476479203	-5.378251299981152e-06	5.346914637271993e-06
J09-D02-preceding	minus-native	0	0.0	0.0	0.0	0.0	0.0	0.0	0.0	0.0	0.0	0.0	0.0
J09-D02-preceding	minus-native	1	0.0	0.0	0.0	0.0	0.0	0.0	0.0	0.0	0.0	0.0	0.0
J09-D02-preceding	minus-native	2	0.0	0.0	0.0	0.0	0.0	0.0	0.0	0.0	0.0	0.0	0.0
J09-D02-preceding	minus-native	3	0.0	0.0	0.0	0.0	0.0	0.0	0.0	0.0	0.0	0.0	0.0
J09-D02-preceding	minus-native	4	0.0	0.0	0.0	0.0	0.0	0.0	0.0	0.0	0.0	0.0	0.0
J09-D02-preceding	minus-native	5	0.0	0.0	0.0	0.0	0.0	0.0	0.0	0.0	0.0	0.0	0.0
J09-D02-preceding	minus-native	6	0.0	0.0	0.0	0.0	0.0	0.0	0.0	0.0	0.0	0.0	0.0
J09-D02-preceding	minus-native	7	0.0	0.0	0.0	0.0	0.0	0.0	0.0	0.0	0.0	0.0	0.0
J09-D02-preceding	minus-native	8	0.0	0.0	0.0	0.0	0.0	0.0	0.0	0.0	0.0	0.0	0.0
J09-D02-preceding	minus-native	9	0.0	0.0	0.0	0.0	0.0	0.0	0.0	0.0	0.0	0.0	0.0
J09-D02-preceding	minus-native	10	0.0	0.0	0.0	0.0	0.0	0.0	0.0	0.0	0.0	0.0	0.0
J09-D02-preceding	minus-native	11	0.0	0.0	0.0	0.0	0.0	0.0	0.0	0.0	0.0	0.0	0.0
J09-D02-preceding	minus-native	12	0.0	0.0	0.0	0.0	0.0	0.0	0.0	0.0	0.0	0.0	0.0
J09-D02-preceding	minus-native	13	0.0	0.0	0.0	0.0	0.0	0.0	0.0	0.0	0.0	0.0	0.0
J09-D02-preceding	minus-native	14	0.0	0.0	0.0	0.0	0.0	0.0	0.0	0.0	0.0	0.0	0.0
J09-D02-preceding	minus-native	15	0.0	0.0	0.0	0.0	0.0	0.0	0.0	0.0	0.0	0.0	0.0
J09-D02-preceding	minus-native	16	0.0	0.0	0.0	0.0	0.0	0.0	0.0	0.0	0.0	0.0	0.0
J09-D02-preceding	minus-native	17	0.0	0.0	0.0	0.0	0.0	0.0	0.0	0.0	0.0	0.0	0.0
J09-D02-preceding	minus-native	18	0.0	-0.00023820996284484863	0.00018596649169921875	-0.00023820996284484863	0.0004241764545440674	-0.0002366384861218762	0.00039636712498669624	-1.2647201261539731e-06	2.7474440451868976e-05	-3.0675659681844714e-07	3.3488910550216744e-07
J09-D02-preceding	minus-native	19	0.00018596649169921875	0.00042629241943359375	0.001349329948425293	0.000240325927734375	0.0009230375289916992	0.00024478970940111644	0.0008561377896924502	-2.8845669838295507e-06	6.635613847374988e-05	-1.5792146829118892e-06	5.436008254922076e-07
J09-D02-preceding	minus-native	20	0.001349329948425293	-0.005625605583190918	-0.005713224411010742	-0.006974935531616211	-8.761882781982422e-05	-0.006654337456497517	-0.0006249790257311094	-0.00032165071984430194	0.0005374848834649726	1.052644725607621e-06	-1.2468555368738699e-07
J09-D02-preceding	minus-native	21	-0.005713224411010742	-0.0027903318405151367	-0.017615795135498047	0.0029228925704956055	-0.01482546329498291	0.0028019937760723757	-0.015056357555309458	0.00012165779495332263	0.0002297231780747644	-7.590005300928127e-07	1.1710822517829733e-06
J09-D02-preceding	minus-native	22	-0.017615795135498047	-0.030794143676757812	-0.010991394519805908	-0.013178348541259766	0.019802749156951904	-0.01414553215787695	0.018818553725376663	0.0009688539492982984	0.0009821276709903043	-1.6703326811140506e-06	2.0677605849367398e-06
J09-D02-preceding	minus-native	23	-0.010991394519805908	-0.006425023078918457	-0.03493785858154297	0.004566371440887451	-0.02851283550262451	0.0027276777367957195	-0.02903099061042691	0.0018374126534750346	0.0005221489816197578	1.2810506166971436e-06	-3.9938738173594945e-06
J09-D02-preceding	minus-native	24	-0.03493785858154297	-0.02625417709350586	-0.033168792724609375	0.00868368148803711	-0.006914615631103516	0.0032590674418292442	-0.009164459270560754	0.005422123548667945	0.002246696672972559	2.4904975399198115e-06	3.146966484679492e-06
J09-D02-preceding	minus-native	25	-0.033168792724609375	-0.03835272789001465	-0.029358625411987305	-0.0051839351654052734	0.008994102478027344	-0.005721495099035967	0.006044812634403041	0.0005410705645249834	0.0029504128758881115	-3.5106308942899067e-06	-1.1230322638083878e-06
J09-D02-preceding	minus-native	26	-0.029358625411987305	-0.01564645767211914	0.012909889221191406	0.013712167739868164	0.028556346893310547	0.012123629297716043	0.026916153176661295	0.001588532670487336	0.0016386406768571643	5.771664784992581e-09	1.5530397920876515e-06
J09-D02-preceding	minus-native	27	0.012909889221191406	0.022861480712890625	0.03146839141845703	0.009951591491699219	0.008606910705566406	0.010343079482455164	0.01063543854183191	-0.00039065711526722197	-0.002029687783073164	-8.308754887234593e-07	1.1599468076606279e-06
J09-D02-preceding	minus-native	28	0.03146839141845703	0.02878856658935547	0.04604816436767578	-0.0026798248291015625	0.017259597778320312	-0.0013574677004424274	0.020767706965031607	-0.0013200346615743208	-0.0035067188866055865	-2.322467084814317e-06	-1.3903001057080644e-06
J09-D02-preceding	minus-native	29	0.04604816436767578	0.03365325927734375	0.016332626342773438	-0.012394905090332031	-0.017320632934570312	-0.008187046024615618	-0.012856849105812751	-0.004210824182725892	-0.0044595094586625805	2.9651170094791013e-06	-4.274370094980995e-06
J09-D02-preceding	minus-native	30	0.016332626342773438	0.008099555969238281	0.00531005859375	-0.008233070373535156	-0.0027894973754882812	-0.0068697832272064385	-0.00047557741457060487	-0.0013662786721581055	-0.0023131193923136006	2.9915258293877756e-06	-8.005686040757354e-07
J09-D02-preceding	minus-native	31	0.00531005859375	-0.0011796951293945312	-0.0033283233642578125	-0.006489753723144531	-0.0021486282348632812	-0.006868810308095663	-0.0026994471540862097	0.0003744772749509351	0.0005565144012901202	4.579310000196735e-06	-5.695482067191726e-06
J09-D02-preceding	minus-native	32	-0.0033283233642578125	-0.00809478759765625	-0.017917633056640625	-0.0047664642333984375	-0.009822845458984375	-0.004967741492819755	-0.009775728539733741	0.00019673120314012138	-4.0497213997570114e-05	4.546056281196087e-06	-6.619705253063657e-06
J09-D02-preceding	minus-native	33	-0.017917633056640625	-0.014199256896972656	-0.01123046875	0.0037183761596679688	0.0029687881469726562	0.004503350939301723	0.0011291638602985987	-0.000795105393263329	0.0018482325496795848	1.0130613629533158e-05	-8.608263005527306e-06
J09-D02-preceding	minus-native	34	-0.01123046875	-0.008288383483886719	0.000141143798828125	0.0029420852661132812	0.008429527282714844	0.0006892550890102989	0.007425454866107684	0.002246560250944274	0.0010064464486641	6.269926158708472e-06	-2.374032056717823e-06
J09-D02-preceding	minus-native	35	0.000141143798828125	0.0009412765502929688	-0.004123687744140625	0.0008001327514648438	-0.005064964294433594	0.0006831939548157528	-0.02714581432282337	0.00011710869894754339	0.02209067055339098	-1.699022984524845e-07	-9.820525001202896e-06
J09-D02-whole-query	minus-native	0	0.0	0.0	0.0	0.0	0.0	0.0	0.0	0.0	0.0	0.0	0.0
J09-D02-whole-query	minus-native	1	0.0	0.0	0.0	0.0	0.0	0.0	0.0	0.0	0.0	0.0	0.0
J09-D02-whole-query	minus-native	2	0.0	0.0	0.0	0.0	0.0	0.0	0.0	0.0	0.0	0.0	0.0
J09-D02-whole-query	minus-native	3	0.0	0.0	0.0	0.0	0.0	0.0	0.0	0.0	0.0	0.0	0.0
J09-D02-whole-query	minus-native	4	0.0	0.0	0.0	0.0	0.0	0.0	0.0	0.0	0.0	0.0	0.0
J09-D02-whole-query	minus-native	5	0.0	0.0	0.0	0.0	0.0	0.0	0.0	0.0	0.0	0.0	0.0
J09-D02-whole-query	minus-native	6	0.0	0.0	0.0	0.0	0.0	0.0	0.0	0.0	0.0	0.0	0.0
J09-D02-whole-query	minus-native	7	0.0	0.0	0.0	0.0	0.0	0.0	0.0	0.0	0.0	0.0	0.0
J09-D02-whole-query	minus-native	8	0.0	0.0	0.0	0.0	0.0	0.0	0.0	0.0	0.0	0.0	0.0
J09-D02-whole-query	minus-native	9	0.0	0.0	0.0	0.0	0.0	0.0	0.0	0.0	0.0	0.0	0.0
J09-D02-whole-query	minus-native	10	0.0	0.0	0.0	0.0	0.0	0.0	0.0	0.0	0.0	0.0	0.0
J09-D02-whole-query	minus-native	11	0.0	0.0	0.0	0.0	0.0	0.0	0.0	0.0	0.0	0.0	0.0
J09-D02-whole-query	minus-native	12	0.0	0.0	0.0	0.0	0.0	0.0	0.0	0.0	0.0	0.0	0.0
J09-D02-whole-query	minus-native	13	0.0	0.0	0.0	0.0	0.0	0.0	0.0	0.0	0.0	0.0	0.0
J09-D02-whole-query	minus-native	14	0.0	0.0	0.0	0.0	0.0	0.0	0.0	0.0	0.0	0.0	0.0
J09-D02-whole-query	minus-native	15	0.0	0.0	0.0	0.0	0.0	0.0	0.0	0.0	0.0	0.0	0.0
J09-D02-whole-query	minus-native	16	0.0	0.0	0.0	0.0	0.0	0.0	0.0	0.0	0.0	0.0	0.0
J09-D02-whole-query	minus-native	17	0.0	0.0	0.0	0.0	0.0	0.0	0.0	0.0	0.0	0.0	0.0
J09-D02-whole-query	minus-native	18	0.0	-0.0035377442836761475	0.02360844612121582	-0.0035377442836761475	0.027146190404891968	-0.0034824894724363453	0.027615838121499703	-5.5893760865594055e-05	-0.00046865068116302977	6.38949625791918e-07	-9.970354447053076e-07
J09-D02-whole-query	minus-native	19	0.02360844612121582	0.07804512977600098	0.056725144386291504	0.054436683654785156	-0.021319985389709473	0.05662251306695776	-0.02263732808412454	-0.002186658491182214	0.0013170786880618013	8.290790096121547e-07	2.6400635325107835e-07
J09-D02-whole-query	minus-native	20	0.056725144386291504	0.014027237892150879	-0.008124232292175293	-0.042697906494140625	-0.022151470184326172	-0.04216255977515765	-0.024521357952424633	-0.0005343611863219411	0.0023706333171166494	-9.855326610352932e-07	-7.455490181884628e-07
J09-D02-whole-query	minus-native	21	-0.008124232292175293	0.10564398765563965	-0.005511760711669922	0.11376821994781494	-0.11115574836730957	0.1198174357862215	-0.10585760515909862	-0.006050055855850611	-0.005297321324693044	8.400174440481578e-07	-8.218835179096828e-07
J09-D02-whole-query	minus-native	22	-0.005511760711669922	0.07013571262359619	0.052986204624176025	0.07564747333526611	-0.017149507999420166	0.08696782431674288	-0.010778199403975064	-0.011320399975116913	-0.006372089731276509	4.8993640144878725e-08	7.811358314069317e-07
J09-D02-whole-query	minus-native	23	0.052986204624176025	0.006935000419616699	-0.20395231246948242	-0.046051204204559326	-0.21088731288909912	-0.03641000669123917	-0.21344385788387477	-0.009641024038368529	0.0025569718516525175	-1.7347495162578497e-07	-4.268568768728276e-07
J09-D02-whole-query	minus-native	24	-0.20395231246948242	-0.16281652450561523	-0.08695793151855469	0.04113578796386719	0.07585859298706055	0.007161764486318112	0.05785748503687965	0.0339741187765179	0.01799933152284633	-9.529896882742861e-08	1.7764273345655113e-06
J09-D02-whole-query	minus-native	25	-0.08695793151855469	0.03670024871826172	0.20797252655029297	0.1236581802368164	0.17127227783203125	0.12115072117912296	0.17456054670333865	0.0025093536943234657	-0.003287246196502669	-1.8946366300148787e-06	-1.0226748047292844e-06
J09-D02-whole-query	minus-native	26	0.20797252655029297	0.16319608688354492	0.39052915573120117	-0.04477643966674805	0.22733306884765625	-0.034845865005165066	0.2451500454955191	-0.009931115480594915	-0.017819397987626398	5.408190119349232e-07	2.4213397635391987e-06
J09-D02-whole-query	minus-native	27	0.39052915573120117	0.3441152572631836	0.2354741096496582	-0.04641389846801758	-0.10864114761352539	-0.03768735468698925	-0.07798219434742193	-0.00872262885625321	-0.03066239272667866	-3.914924775118289e-06	3.4394605751986856e-06
J09-D02-whole-query	minus-native	28	0.2354741096496582	0.04555320739746094	0.14755630493164062	-0.18992090225219727	0.10200309753417969	-0.18076216099333342	0.10327538040830664	-0.009157543370309856	-0.0012666079563194987	-1.197888553988724e-06	-5.674917807452218e-06
J09-D02-whole-query	minus-native	29	0.14755630493164062	-0.014643669128417969	-0.261627197265625	-0.1621999740600586	-0.24698352813720703	-0.1394604562894095	-0.19862058648886816	-0.02274390254091485	-0.04835823633093783	4.384770265764004e-06	-4.705317401043629e-06
J09-D02-whole-query	minus-native	30	-0.261627197265625	-0.22811603546142578	-0.29633426666259766	0.03351116180419922	-0.06821823120117188	-0.007183145238942368	-0.06864660293846425	0.04068944851672296	0.0004240703134090751	4.858526418627385e-06	4.3014238833016805e-06
J09-D02-whole-query	minus-native	31	-0.29633426666259766	-0.27006053924560547	-0.3990201950073242	0.026273727416992188	-0.12895965576171875	0.03299209309754075	-0.1467517232290122	-0.006717397706441197	0.017794704684792828	-9.679741073687076e-07	-2.637217499379396e-06
J09-D02-whole-query	minus-native	32	-0.3990201950073242	-0.8422689437866211	-0.7579574584960938	-0.4432487487792969	0.08431148529052734	-0.4742687059943531	0.007126605965322774	0.03102000693066076	0.07718507781657835	-4.971560452204926e-08	-1.9849137378180615e-07
J09-D02-whole-query	minus-native	33	-0.7579574584960938	-0.7704057693481445	-0.7597885131835938	-0.012448310852050781	0.010617256164550781	-0.038892302340424866	-0.07615120213684223	0.026439833126979506	0.08677105016452691	4.158361394557275e-06	-2.5918631338939235e-06
J09-D02-whole-query	minus-native	34	-0.7597885131835938	-0.6291389465332031	-0.4706754684448242	0.13064956665039062	0.1584634780883789	0.05246932456573811	0.025987313748170537	0.07818151759095326	0.1324756615332694	-1.2755063008018652e-06	5.028069391954659e-07
J09-D02-whole-query	minus-native	35	-0.4706754684448242	-0.46358680725097656	-0.9857635498046875	0.007088661193847656	-0.5221767425537109	-0.01299633000157907	-0.14575709051983265	0.020085666643001376	-0.37641957864453346	-6.754475746495459e-07	-7.338934437939315e-08
J10-D01-upstream	minus-native	0	0.0	0.0	0.0	0.0	0.0	0.0	0.0	0.0	0.0	0.0	0.0
J10-D01-upstream	minus-native	1	0.0	0.0	0.0	0.0	0.0	0.0	0.0	0.0	0.0	0.0	0.0
J10-D01-upstream	minus-native	2	0.0	0.0	0.0	0.0	0.0	0.0	0.0	0.0	0.0	0.0	0.0
J10-D01-upstream	minus-native	3	0.0	0.0	0.0	0.0	0.0	0.0	0.0	0.0	0.0	0.0	0.0
J10-D01-upstream	minus-native	4	0.0	0.0	0.0	0.0	0.0	0.0	0.0	0.0	0.0	0.0	0.0
J10-D01-upstream	minus-native	5	0.0	0.0	0.0	0.0	0.0	0.0	0.0	0.0	0.0	0.0	0.0
J10-D01-upstream	minus-native	6	0.0	0.0	0.0	0.0	0.0	0.0	0.0	0.0	0.0	0.0	0.0
J10-D01-upstream	minus-native	7	0.0	0.0	0.0	0.0	0.0	0.0	0.0	0.0	0.0	0.0	0.0
J10-D01-upstream	minus-native	8	0.0	0.0	0.0	0.0	0.0	0.0	0.0	0.0	0.0	0.0	0.0
J10-D01-upstream	minus-native	9	0.0	0.0	0.0	0.0	0.0	0.0	0.0	0.0	0.0	0.0	0.0
J10-D01-upstream	minus-native	10	0.0	0.0	0.0	0.0	0.0	0.0	0.0	0.0	0.0	0.0	0.0
J10-D01-upstream	minus-native	11	0.0	0.0	0.0	0.0	0.0	0.0	0.0	0.0	0.0	0.0	0.0
J10-D01-upstream	minus-native	12	0.0	0.0	0.0	0.0	0.0	0.0	0.0	0.0	0.0	0.0	0.0
J10-D01-upstream	minus-native	13	0.0	0.0	0.0	0.0	0.0	0.0	0.0	0.0	0.0	0.0	0.0
J10-D01-upstream	minus-native	14	0.0	0.0	0.0	0.0	0.0	0.0	0.0	0.0	0.0	0.0	0.0
J10-D01-upstream	minus-native	15	0.0	0.0	0.0	0.0	0.0	0.0	0.0	0.0	0.0	0.0	0.0
J10-D01-upstream	minus-native	16	0.0	0.0	0.0	0.0	0.0	0.0	0.0	0.0	0.0	0.0	0.0
J10-D01-upstream	minus-native	17	0.0	0.0	0.0	0.0	0.0	0.0	0.0	0.0	0.0	0.0	0.0
J10-D01-upstream	minus-native	18	0.0	0.0011504888534545898	0.0016167163848876953	0.0011504888534545898	0.00046622753143310547	0.0011560654934639203	0.000594775348674137	-5.505375689128511e-06	-0.00012924280270742994	-7.126432020193585e-08	6.949854663984567e-07
J10-D01-upstream	minus-native	19	0.0016167163848876953	-0.009873390197753906	-0.010844588279724121	-0.011490106582641602	-0.0009711980819702148	-0.011279217046561874	-0.00046787406765985695	-0.00020983053811041152	-0.0005021639302173198	-1.058997969316522e-06	-1.1600840930381384e-06
J10-D01-upstream	minus-native	20	-0.010844588279724121	-0.023082077503204346	-0.012392044067382812	-0.012237489223480225	0.010690033435821533	-0.014010339508483627	0.01064624739375436	0.0017727375175637383	4.105342496826814e-05	1.1276743966392999e-07	2.7326170989050436e-06
J10-D01-upstream	minus-native	21	-0.012392044067382812	-0.02888631820678711	-0.028296470642089844	-0.016494274139404297	0.0005898475646972656	-0.017269205974215884	-0.0004982615598673849	0.0007781435664541148	0.0010854986521229848	-3.2117316425273046e-06	2.6104724416831093e-06
J10-D01-upstream	minus-native	22	-0.028296470642089844	-0.04132401943206787	-0.016733109951019287	-0.013027548789978027	0.024590909481048584	-0.01631917365668034	0.023679069318077506	0.0032908054076946636	0.0009129188522614962	8.194590076504582e-07	-1.078689290417989e-06
J10-D01-upstream	minus-native	23	-0.016733109951019287	-0.01148080825805664	0.0021212100982666016	0.0052523016929626465	0.013602018356323242	0.0017968927610949592	0.012931219782204462	0.003454685612795716	0.0006727049817290554	7.233190719713178e-07	-1.9064076102748295e-06
J10-D01-upstream	minus-native	24	0.0021212100982666016	-0.0010104179382324219	-0.015856266021728516	-0.0031316280364990234	-0.014845848083496094	-0.0028945077799359398	-0.015014270532068497	-0.000236376305010777	0.0001686278555985965	-7.439515523066653e-07	-2.0540702619364914e-07
J10-D01-upstream	minus-native	25	-0.015856266021728516	-0.02771902084350586	-0.015118598937988281	-0.011862754821777344	0.012600421905517578	-0.011932823610818821	0.010390575176238315	6.87117228582862e-05	0.0022120077128808674	1.3570661831913133e-06	-2.160983601603994e-06
J10-D01-upstream	minus-native	26	-0.015118598937988281	-0.014392375946044922	-0.0028328895568847656	0.0007262229919433594	0.011559486389160156	8.013360503777989e-05	0.009870673017657428	0.0006438015871874092	0.00168897645763956	2.2877997181702803e-06	-1.630861368312475e-07
J10-D01-upstream	minus-native	27	-0.0028328895568847656	0.00377655029296875	0.021164894104003906	0.006609439849853516	0.017388343811035156	0.006547171738452762	0.017679105329718392	6.211911621953337e-05	-0.0002912640968490837	1.489951812205792e-07	5.025781658479778e-07
J10-D01-upstream	minus-native	28	0.021164894104003906	0.02821636199951172	0.039646148681640625	0.0070514678955078125	0.011429786682128906	0.00808186461865068	0.014156807300931717	-0.0010268374751878535	-0.002732111930401626	-3.5592479550143608e-06	5.091311598814929e-06
J10-D01-upstream	minus-native	29	0.039646148681640625	0.03202629089355469	0.021413803100585938	-0.0076198577880859375	-0.01061248779296875	-0.0049001423026204805	-0.006212975032094947	-0.002719339086437178	-0.0043990230383614826	-3.763990282790175e-07	-4.897225125422011e-07
J10-D01-upstream	minus-native	30	0.021413803100585938	-0.0061588287353515625	-0.0027513504028320312	-0.0275726318359375	0.0034074783325195312	-0.02535193886401177	0.0019287915273440426	-0.002224729735964659	0.0014840552181697442	4.0367640389282755e-06	-5.3684129942555e-06
J10-D01-upstream	minus-native	31	-0.0027513504028320312	0.0022592544555664062	-0.0128326416015625	0.0050106048583984375	-0.015091896057128906	0.004127280135701683	-0.015521670778863905	0.0008812676800418195	0.00043061339316630143	2.057042654934893e-06	-8.386714313024513e-07
J10-D01-upstream	minus-native	32	-0.0128326416015625	-0.03399181365966797	-0.012661933898925781	-0.02115917205810547	0.021329879760742188	-0.021149284913107635	0.02046468141540947	-4.914274475797953e-06	0.0008612593711918581	-4.972870522035322e-06	3.938974140860196e-06
J10-D01-upstream	minus-native	33	-0.012661933898925781	-0.010875701904296875	0.00095367431640625	0.0017862319946289062	0.011829376220703125	0.0012545809954155737	0.009940075894676381	0.000535405605625483	0.0018869770571392497	-3.7546064122206957e-06	2.323268887494123e-06
J10-D01-upstream	minus-native	34	0.00095367431640625	-0.00893402099609375	-0.0030145645141601562	-0.0098876953125	0.005919456481933594	-0.008563341435969929	0.004364992959593916	-0.0013273816154257823	0.0015549999996853359	3.0277388956001516e-06	-5.364773452143368e-07
J10-D01-upstream	minus-native	35	-0.0030145645141601562	-0.004978179931640625	-0.048229217529296875	-0.0019636154174804688	-0.04325103759765625	-0.0030862823452667554	-0.03783615205282587	0.0011226916893484207	-0.005410874444276459	-2.476156213404579e-08	-4.011100553924507e-06
J10-D01-preceding	minus-native	0	0.0	0.0	0.0	0.0	0.0	0.0	0.0	0.0	0.0	0.0	0.0
J10-D01-preceding	minus-native	1	0.0	0.0	0.0	0.0	0.0	0.0	0.0	0.0	0.0	0.0	0.0
J10-D01-preceding	minus-native	2	0.0	0.0	0.0	0.0	0.0	0.0	0.0	0.0	0.0	0.0	0.0
J10-D01-preceding	minus-native	3	0.0	0.0	0.0	0.0	0.0	0.0	0.0	0.0	0.0	0.0	0.0
J10-D01-preceding	minus-native	4	0.0	0.0	0.0	0.0	0.0	0.0	0.0	0.0	0.0	0.0	0.0
J10-D01-preceding	minus-native	5	0.0	0.0	0.0	0.0	0.0	0.0	0.0	0.0	0.0	0.0	0.0
J10-D01-preceding	minus-native	6	0.0	0.0	0.0	0.0	0.0	0.0	0.0	0.0	0.0	0.0	0.0
J10-D01-preceding	minus-native	7	0.0	0.0	0.0	0.0	0.0	0.0	0.0	0.0	0.0	0.0	0.0
J10-D01-preceding	minus-native	8	0.0	0.0	0.0	0.0	0.0	0.0	0.0	0.0	0.0	0.0	0.0
J10-D01-preceding	minus-native	9	0.0	0.0	0.0	0.0	0.0	0.0	0.0	0.0	0.0	0.0	0.0
J10-D01-preceding	minus-native	10	0.0	0.0	0.0	0.0	0.0	0.0	0.0	0.0	0.0	0.0	0.0
J10-D01-preceding	minus-native	11	0.0	0.0	0.0	0.0	0.0	0.0	0.0	0.0	0.0	0.0	0.0
J10-D01-preceding	minus-native	12	0.0	0.0	0.0	0.0	0.0	0.0	0.0	0.0	0.0	0.0	0.0
J10-D01-preceding	minus-native	13	0.0	0.0	0.0	0.0	0.0	0.0	0.0	0.0	0.0	0.0	0.0
J10-D01-preceding	minus-native	14	0.0	0.0	0.0	0.0	0.0	0.0	0.0	0.0	0.0	0.0	0.0
J10-D01-preceding	minus-native	15	0.0	0.0	0.0	0.0	0.0	0.0	0.0	0.0	0.0	0.0	0.0
J10-D01-preceding	minus-native	16	0.0	0.0	0.0	0.0	0.0	0.0	0.0	0.0	0.0	0.0	0.0
J10-D01-preceding	minus-native	17	0.0	0.0	0.0	0.0	0.0	0.0	0.0	0.0	0.0	0.0	0.0
J10-D01-preceding	minus-native	18	0.0	0.0003649592399597168	-0.0002605915069580078	0.0003649592399597168	-0.0006255507469177246	0.0003642564286550076	-0.0006291623731256024	8.433585023046031e-07	4.020878427157815e-06	-1.4054719759543088e-07	-4.0925221928000965e-07
J10-D01-preceding	minus-native	19	-0.0002605915069580078	-0.006939411163330078	-0.0004545450210571289	-0.00667881965637207	0.006484866142272949	-0.007079389061442454	0.006783660424060589	0.0003993330544007634	-0.0002967405779664978	1.2363506696200233e-06	-2.0537038211421166e-06
J10-D01-preceding	minus-native	20	-0.0004545450210571289	-0.0043013691902160645	-0.0074836015701293945	-0.0038468241691589355	-0.00318223237991333	-0.003244178667957287	-0.0037237959778360086	-0.0006009369656576058	0.0005403847336270529	-1.7085355440427108e-06	1.1788642956256368e-06
J10-D01-preceding	minus-native	21	-0.0074836015701293945	-0.004828810691833496	0.0008355379104614258	0.0026547908782958984	0.005664348602294922	0.0014537411223716212	0.006289485690650975	0.0011993340286367005	-0.0006257581744087415	1.7157272875767404e-06	6.210860526989492e-07
J10-D01-preceding	minus-native	22	0.0008355379104614258	0.001132369041442871	0.005644857883453369	0.0002968311309814453	0.004512488842010498	-0.001840588686050082	0.004528864019872403	0.0021360758407488745	-1.4056305859946883e-05	1.3439762826528145e-06	-2.3188720019579057e-06
J10-D01-preceding	minus-native	23	0.005644857883453369	-0.0012462139129638672	-0.0034513473510742188	-0.006891071796417236	-0.0022051334381103516	-0.006868967192729558	-0.0012477110685369386	-2.2883381747607068e-05	-0.0009572232819736737	7.787780599288752e-07	-1.9908759973930046e-07
J10-D01-preceding	minus-native	24	-0.0034513473510742188	0.010220527648925781	0.009788990020751953	0.013671875	-0.0004315376281738281	0.011265460920745096	0.0008783418552547675	0.0024079815656299353	-0.0013110554595363866	-1.5674863750314572e-06	1.1759761077978492e-06
J10-D01-preceding	minus-native	25	0.009788990020751953	0.01289677619934082	0.03397631645202637	0.003107786178588867	0.021079540252685547	0.0035593946902716667	0.02241286610325033	-0.00045140259980767927	-0.0013340687696802161	-2.059118751202016e-07	7.429191154345594e-07
J10-D01-preceding	minus-native	26	0.03397631645202637	0.04908561706542969	0.04680013656616211	0.01510930061340332	-0.002285480499267578	0.016680156380683098	0.0031004466429371824	-0.001570964142752762	-0.005384643872051023	1.0837547298470085e-07	-1.2832701537374147e-06
J10-D01-preceding	minus-native	27	0.04680013656616211	0.05234575271606445	0.03571128845214844	0.005545616149902344	-0.016634464263916016	0.007019007147164302	-0.011611055356515854	-0.001472923913511573	-0.005023045273607252	-4.670837503856218e-07	-3.636337929102673e-07
J10-D01-preceding	minus-native	28	0.03571128845214844	0.041428565979003906	0.04573631286621094	0.005717277526855469	0.004307746887207031	0.007445663587227536	0.009791858051833913	-0.001727999511910782	-0.005485673884216613	-3.86548461284858e-07	1.5627195897316426e-06
J10-D01-preceding	minus-native	29	0.04573631286621094	0.04216957092285156	0.0400848388671875	-0.003566741943359375	-0.0020847320556640625	-0.0003960283307620216	0.002288928292418113	-0.0031702790234436895	-0.004372608804831035	-4.3458915366390016e-07	-1.05154325114043e-06
J10-D01-preceding	minus-native	30	0.0400848388671875	0.045355796813964844	0.04478263854980469	0.005270957946777344	-0.0005731582641601562	0.0076902039454123106	0.005747591736084079	-0.002423648824586677	-0.0063217575883064425	4.402825951710376e-06	1.007588062207354e-06
J10-D01-preceding	minus-native	31	0.04478263854980469	0.03960990905761719	0.0474700927734375	-0.0051727294921875	0.007860183715820312	-0.00321320408050374	0.010626436626886893	-0.001954390071847445	-0.0027687442243913285	-5.1353398363152e-06	2.49131332474839e-06
J10-D01-preceding	minus-native	32	0.0474700927734375	0.05937671661376953	0.0627593994140625	0.011906623840332031	0.0033826828002929688	0.015969354317823203	0.004677271607338884	-0.004057973436555784	-0.0012998437480828962	-4.7570409353880905e-06	5.254941036980654e-06
J10-D01-preceding	minus-native	33	0.0627593994140625	0.05687236785888672	0.04991436004638672	-0.005887031555175781	-0.0069580078125	7.859346402080015e-05	-0.0010367828497303555	-0.005962881060984637	-0.005921131642240063	-2.7439582119814787e-06	-9.3320529526153e-08
J10-D01-preceding	minus-native	34	0.04991436004638672	0.047705650329589844	0.026368141174316406	-0.002208709716796875	-0.021337509155273438	0.0028247296956944723	-0.009611352360972658	-0.005035892982707457	-0.011725326373869915	2.4535702161099238e-06	-8.304204306419649e-07
J10-D01-preceding	minus-native	35	0.026368141174316406	0.026966094970703125	0.032299041748046875	0.0005979537963867188	0.00533294677734375	0.002902081052220895	-0.029539184925647444	-0.002302503747329099	0.03487155188825142	-1.623508505077531e-06	5.798147402202858e-07
J10-D01-whole-query	minus-native	0	0.0	0.0	0.0	0.0	0.0	0.0	0.0	0.0	0.0	0.0	0.0
J10-D01-whole-query	minus-native	1	0.0	0.0	0.0	0.0	0.0	0.0	0.0	0.0	0.0	0.0	0.0
J10-D01-whole-query	minus-native	2	0.0	0.0	0.0	0.0	0.0	0.0	0.0	0.0	0.0	0.0	0.0
J10-D01-whole-query	minus-native	3	0.0	0.0	0.0	0.0	0.0	0.0	0.0	0.0	0.0	0.0	0.0
J10-D01-whole-query	minus-native	4	0.0	0.0	0.0	0.0	0.0	0.0	0.0	0.0	0.0	0.0	0.0
J10-D01-whole-query	minus-native	5	0.0	0.0	0.0	0.0	0.0	0.0	0.0	0.0	0.0	0.0	0.0
J10-D01-whole-query	minus-native	6	0.0	0.0	0.0	0.0	0.0	0.0	0.0	0.0	0.0	0.0	0.0
J10-D01-whole-query	minus-native	7	0.0	0.0	0.0	0.0	0.0	0.0	0.0	0.0	0.0	0.0	0.0
J10-D01-whole-query	minus-native	8	0.0	0.0	0.0	0.0	0.0	0.0	0.0	0.0	0.0	0.0	0.0
J10-D01-whole-query	minus-native	9	0.0	0.0	0.0	0.0	0.0	0.0	0.0	0.0	0.0	0.0	0.0
J10-D01-whole-query	minus-native	10	0.0	0.0	0.0	0.0	0.0	0.0	0.0	0.0	0.0	0.0	0.0
J10-D01-whole-query	minus-native	11	0.0	0.0	0.0	0.0	0.0	0.0	0.0	0.0	0.0	0.0	0.0
J10-D01-whole-query	minus-native	12	0.0	0.0	0.0	0.0	0.0	0.0	0.0	0.0	0.0	0.0	0.0
J10-D01-whole-query	minus-native	13	0.0	0.0	0.0	0.0	0.0	0.0	0.0	0.0	0.0	0.0	0.0
J10-D01-whole-query	minus-native	14	0.0	0.0	0.0	0.0	0.0	0.0	0.0	0.0	0.0	0.0	0.0
J10-D01-whole-query	minus-native	15	0.0	0.0	0.0	0.0	0.0	0.0	0.0	0.0	0.0	0.0	0.0
J10-D01-whole-query	minus-native	16	0.0	0.0	0.0	0.0	0.0	0.0	0.0	0.0	0.0	0.0	0.0
J10-D01-whole-query	minus-native	17	0.0	0.0	0.0	0.0	0.0	0.0	0.0	0.0	0.0	0.0	0.0
J10-D01-whole-query	minus-native	18	0.0	-0.002329021692276001	-0.018414855003356934	-0.002329021692276001	-0.016085833311080933	-0.002494110578159514	-0.015593729559391978	0.00016543686538746105	-0.0004923338505706254	-3.479795039479372e-07	2.300988816705818e-07
J10-D01-whole-query	minus-native	19	-0.018414855003356934	-0.03156113624572754	-0.026361823081970215	-0.013146281242370605	0.005199313163757324	-0.014807435823934068	0.009668709970656886	0.0016615203999529315	-0.0044686917337258825	-3.658183894694744e-07	-7.050731736790716e-07
J10-D01-whole-query	minus-native	20	-0.026361823081970215	-0.04895961284637451	-0.043347716331481934	-0.022597789764404297	0.005611896514892578	-0.02563341187448298	0.004570019875359321	0.003035592218526839	0.001041723694377411	2.9891551844851705e-08	1.5294515584574064e-07
J10-D01-whole-query	minus-native	21	-0.043347716331481934	-0.11732816696166992	-0.037476181983947754	-0.07398045063018799	0.07985198497772217	-0.08035505687753963	0.07379177271336226	0.0063752846559617105	0.006059059687472584	-6.784086100664055e-07	1.152576887319956e-06
J10-D01-whole-query	minus-native	22	-0.037476181983947754	-0.02413475513458252	-0.03456592559814453	0.013341426849365234	-0.010431170463562012	0.005689210328986505	-0.009897097929642218	0.007651512474099675	-0.0005336555354710087	7.040462790541824e-07	-4.169984487850664e-07
J10-D01-whole-query	minus-native	23	-0.03456592559814453	-0.0715017318725586	0.0443195104598999	-0.03693580627441406	0.1158212423324585	-0.04031362130783234	0.1094038818521128	0.003378237322581912	0.006415775657617168	-4.2228916363740154e-07	1.5848227285231165e-06
J10-D01-whole-query	minus-native	24	0.0443195104598999	0.06157803535461426	0.05920839309692383	0.017258524894714355	-0.0023696422576904297	0.024202267070403183	0.00265166106213624	-0.006942068684221092	-0.0050210109149212145	-1.6734914677352108e-06	-2.924049054553457e-07
J10-D01-whole-query	minus-native	25	0.05920839309692383	0.007392168045043945	-0.04918360710144043	-0.05181622505187988	-0.056575775146484375	-0.05019093804816377	-0.055005585152662295	-0.0016270153191727255	-0.001570386458768433	1.7283154566116732e-06	1.964649463531698e-07
J10-D01-whole-query	minus-native	26	-0.04918360710144043	0.07159280776977539	-0.09067535400390625	0.12077641487121582	-0.16226816177368164	0.11784554376096601	-0.1546496401978643	0.00293138957548969	-0.007618309142398999	-5.184652398793066e-07	-2.1243341832843932e-07
J10-D01-whole-query	minus-native	27	-0.09067535400390625	-0.09395074844360352	-0.008878707885742188	-0.0032753944396972656	0.08507204055786133	-0.005389212747088701	0.07418666959894837	0.0021122308355551317	0.010887120630806782	1.5874718363034779e-06	-1.7496718938275757e-06
J10-D01-whole-query	minus-native	28	-0.008878707885742188	0.048697471618652344	0.051886558532714844	0.05757617950439453	0.0031890869140625	0.05694248074206021	0.009738896462692104	0.0006347982415264332	-0.006552978663722009	-1.0994791921105362e-06	3.1691150924051392e-06
J10-D01-whole-query	minus-native	29	0.051886558532714844	0.11441421508789062	0.13418292999267578	0.06252765655517578	0.019768714904785156	0.0618310546223837	0.024525193870068462	0.0006947843435771706	-0.004751869357852101	1.8175892149141504e-06	-4.6096074313162205e-06
J10-D01-whole-query	minus-native	30	0.13418292999267578	0.05515861511230469	0.1220245361328125	-0.0790243148803711	0.06686592102050781	-0.0582029064632148	0.06496415049898241	-0.020824034575171124	0.0019012019487804066	2.6261580148290165e-06	5.685727449966649e-07
J10-D01-whole-query	minus-native	31	0.1220245361328125	0.17500972747802734	0.20086193084716797	0.052985191345214844	0.025852203369140625	0.04760222960916022	0.04111944999237993	0.005384222050963727	-0.015269002900089812	-1.260314909101723e-06	1.7562768505063886e-06
J10-D01-whole-query	minus-native	32	0.20086193084716797	0.24246788024902344	0.20760726928710938	0.04160594940185547	-0.03486061096191406	0.05338403821144411	-0.0026883967245916462	-0.011773795544663568	-0.03217000019601435	-4.293264925070428e-06	-2.2140413080684596e-06
J10-D01-whole-query	minus-native	33	0.20760726928710938	0.22475433349609375	0.25826168060302734	0.017147064208984375	0.033507347106933594	0.007470714705245015	0.07044669662165715	0.009677515287953797	-0.03694440091762319	-1.1657842144963126e-06	5.051402899747259e-06
J10-D01-whole-query	minus-native	34	0.25826168060302734	0.17937469482421875	0.1980743408203125	-0.0788869857788086	0.01869964599609375	-0.05248051074207527	0.03214788243945299	-0.026405089387503855	-0.013450785612508565	-1.3856492295793998e-06	2.54916914954606e-06
J10-D01-whole-query	minus-native	35	0.1980743408203125	0.16189098358154297	0.2288665771484375	-0.03618335723876953	0.06697559356689453	-0.020528781786869787	0.04751608469420532	-0.015652197523029487	0.019458676295492694	-2.3779288702563406e-06	8.325771965189688e-07
J10-D02-upstream	minus-native	0	0.0	0.0	0.0	0.0	0.0	0.0	0.0	0.0	0.0	0.0	0.0
J10-D02-upstream	minus-native	1	0.0	0.0	0.0	0.0	0.0	0.0	0.0	0.0	0.0	0.0	0.0
J10-D02-upstream	minus-native	2	0.0	0.0	0.0	0.0	0.0	0.0	0.0	0.0	0.0	0.0	0.0
J10-D02-upstream	minus-native	3	0.0	0.0	0.0	0.0	0.0	0.0	0.0	0.0	0.0	0.0	0.0
J10-D02-upstream	minus-native	4	0.0	0.0	0.0	0.0	0.0	0.0	0.0	0.0	0.0	0.0	0.0
J10-D02-upstream	minus-native	5	0.0	0.0	0.0	0.0	0.0	0.0	0.0	0.0	0.0	0.0	0.0
J10-D02-upstream	minus-native	6	0.0	0.0	0.0	0.0	0.0	0.0	0.0	0.0	0.0	0.0	0.0
J10-D02-upstream	minus-native	7	0.0	0.0	0.0	0.0	0.0	0.0	0.0	0.0	0.0	0.0	0.0
J10-D02-upstream	minus-native	8	0.0	0.0	0.0	0.0	0.0	0.0	0.0	0.0	0.0	0.0	0.0
J10-D02-upstream	minus-native	9	0.0	0.0	0.0	0.0	0.0	0.0	0.0	0.0	0.0	0.0	0.0
J10-D02-upstream	minus-native	10	0.0	0.0	0.0	0.0	0.0	0.0	0.0	0.0	0.0	0.0	0.0
J10-D02-upstream	minus-native	11	0.0	0.0	0.0	0.0	0.0	0.0	0.0	0.0	0.0	0.0	0.0
J10-D02-upstream	minus-native	12	0.0	0.0	0.0	0.0	0.0	0.0	0.0	0.0	0.0	0.0	0.0
J10-D02-upstream	minus-native	13	0.0	0.0	0.0	0.0	0.0	0.0	0.0	0.0	0.0	0.0	0.0
J10-D02-upstream	minus-native	14	0.0	0.0	0.0	0.0	0.0	0.0	0.0	0.0	0.0	0.0	0.0
J10-D02-upstream	minus-native	15	0.0	0.0	0.0	0.0	0.0	0.0	0.0	0.0	0.0	0.0	0.0
J10-D02-upstream	minus-native	16	0.0	0.0	0.0	0.0	0.0	0.0	0.0	0.0	0.0	0.0	0.0
J10-D02-upstream	minus-native	17	0.0	0.0	0.0	0.0	0.0	0.0	0.0	0.0	0.0	0.0	0.0
J10-D02-upstream	minus-native	18	0.0	-0.001192629337310791	-0.0018900632858276367	-0.001192629337310791	-0.0006974339485168457	-0.0012008705741273218	-0.0008193878362008356	9.600441896476242e-06	0.0001195839833285639	-1.3592050799454691e-06	2.3699043554259447e-06
J10-D02-upstream	minus-native	19	-0.0018900632858276367	0.020377159118652344	0.02072596549987793	0.02226722240447998	0.00034880638122558594	0.02202995596453783	-0.0009122368024924721	0.0002365050660023127	0.0012626570852652952	7.613739398393271e-07	-1.6139015472371732e-06
J10-D02-upstream	minus-native	20	0.02072596549987793	0.03261435031890869	0.02134084701538086	0.011888384819030762	-0.011273503303527832	0.014684082859924147	-0.010065133781562985	-0.002795616613064489	-0.0012086886410255793	-8.142782886855215e-08	3.191190607321204e-07
J10-D02-upstream	minus-native	21	0.02134084701538086	0.04096353054046631	0.061514854431152344	0.01962268352508545	0.020551323890686035	0.02127328863167227	0.020816511259354825	-0.0016503474049403	-0.00026301058679681355	-2.5770164646665705e-07	-2.176781871976452e-06
J10-D02-upstream	minus-native	22	0.061514854431152344	0.10327374935150146	0.08577126264572144	0.04175889492034912	-0.01750248670578003	0.04795825645841245	-0.014336073171674846	-0.006201478049444764	-0.003168111842394142	2.11651138143365e-06	1.698308288958228e-06
J10-D02-upstream	minus-native	23	0.08577126264572144	0.053496599197387695	0.06929445266723633	-0.03227466344833374	0.015797853469848633	-0.01904560862774507	0.018829487444491422	-0.01322841294887156	-0.003033351177688437	-6.418717171108312e-07	1.7172030456480414e-06
J10-D02-upstream	minus-native	24	0.06929445266723633	0.06204509735107422	0.07135772705078125	-0.007249355316162109	0.009312629699707031	0.003528882193949867	0.014381348183395808	-0.010776302766582146	-0.00506981057735445	-1.9347435298300297e-06	1.0920936656944047e-06
J10-D02-upstream	minus-native	25	0.07135772705078125	0.10000967979431152	0.08168578147888184	0.028651952743530273	-0.018323898315429688	0.029696456638399815	-0.010208001426831093	-0.0010426143119013007	-0.008116651542889458	-1.8895829682410992e-06	7.546542908631881e-07
J10-D02-upstream	minus-native	26	0.08168578147888184	0.08548641204833984	0.011428356170654297	0.003800630569458008	-0.07405805587768555	0.008308237925005013	-0.06463088143805462	-0.004506632171031616	-0.009426063438774078	-9.751845153893601e-07	-1.1110008568469658e-06
J10-D02-upstream	minus-native	27	0.011428356170654297	-0.023734092712402344	-0.061713218688964844	-0.03516244888305664	-0.0379791259765625	-0.03512987570573656	-0.04013520335592269	-3.466606350802787e-05	0.002156982138094848	2.0928861879446203e-06	-9.047587346596581e-07
J10-D02-upstream	minus-native	28	-0.061713218688964844	-0.10489559173583984	-0.15800189971923828	-0.043182373046875	-0.05310630798339844	-0.046136346610385015	-0.06555663539410883	0.0029560783699777507	0.012446851287836458	-2.1048064677356426e-06	3.4761228739355055e-06
J10-D02-upstream	minus-native	29	-0.15800189971923828	-0.1142740249633789	-0.05467987060546875	0.043727874755859375	0.059594154357910156	0.03246240599600192	0.046232988269174546	0.011269527594954365	0.013356985480288186	-4.058835096909519e-06	4.18060844742385e-06
J10-D02-upstream	minus-native	30	-0.05467987060546875	-0.015329360961914062	-0.014596939086914062	0.03935050964355469	0.000732421875	0.03533582259629542	0.00018830337789932372	0.004018968786818178	0.0005383018349465196	-4.281739558908981e-06	5.81666215415666e-06
J10-D02-upstream	minus-native	31	-0.014596939086914062	-0.007094383239746094	0.0021867752075195312	0.007502555847167969	0.009281158447265625	0.008943838860021286	0.011733629413245406	-0.0014397697923660413	-0.0024474610412824616	-1.5132204872481125e-06	-5.009924697318979e-06
J10-D02-upstream	minus-native	32	0.0021867752075195312	0.06815052032470703	0.02838134765625	0.0659637451171875	-0.03976917266845703	0.06548861538910877	-0.033764365768002236	0.00047561934803574957	-0.006004695382066272	-4.89619957022569e-07	-1.1151838852363483e-07
J10-D02-upstream	minus-native	33	0.02838134765625	0.029313087463378906	0.009722709655761719	0.0009317398071289062	-0.019590377807617188	-0.0008815577110527304	-0.011330385673181675	0.001813686070638365	-0.008263574123896555	-3.8855245665381233e-07	3.5819894610433778e-06
J10-D02-upstream	minus-native	34	0.009722709655761719	0.032172203063964844	0.013333320617675781	0.022449493408203125	-0.018838882446289062	0.021466648246623032	-0.013395275789791272	0.0009825901831139738	-0.005443552756675185	2.549784661187715e-07	-5.389982282721917e-08
J10-D02-upstream	minus-native	35	0.013333320617675781	0.012444496154785156	0.118011474609375	-0.000888824462890625	0.10556697845458984	0.0032024344227992163	0.10733027700729636	-0.004090274429282781	-0.0017624837792773462	-9.844564070604633e-07	-8.147734291696906e-07
J10-D02-preceding	minus-native	0	0.0	0.0	0.0	0.0	0.0	0.0	0.0	0.0	0.0	0.0	0.0
J10-D02-preceding	minus-native	1	0.0	0.0	0.0	0.0	0.0	0.0	0.0	0.0	0.0	0.0	0.0
J10-D02-preceding	minus-native	2	0.0	0.0	0.0	0.0	0.0	0.0	0.0	0.0	0.0	0.0	0.0
J10-D02-preceding	minus-native	3	0.0	0.0	0.0	0.0	0.0	0.0	0.0	0.0	0.0	0.0	0.0
J10-D02-preceding	minus-native	4	0.0	0.0	0.0	0.0	0.0	0.0	0.0	0.0	0.0	0.0	0.0
J10-D02-preceding	minus-native	5	0.0	0.0	0.0	0.0	0.0	0.0	0.0	0.0	0.0	0.0	0.0
J10-D02-preceding	minus-native	6	0.0	0.0	0.0	0.0	0.0	0.0	0.0	0.0	0.0	0.0	0.0
J10-D02-preceding	minus-native	7	0.0	0.0	0.0	0.0	0.0	0.0	0.0	0.0	0.0	0.0	0.0
J10-D02-preceding	minus-native	8	0.0	0.0	0.0	0.0	0.0	0.0	0.0	0.0	0.0	0.0	0.0
J10-D02-preceding	minus-native	9	0.0	0.0	0.0	0.0	0.0	0.0	0.0	0.0	0.0	0.0	0.0
J10-D02-preceding	minus-native	10	0.0	0.0	0.0	0.0	0.0	0.0	0.0	0.0	0.0	0.0	0.0
J10-D02-preceding	minus-native	11	0.0	0.0	0.0	0.0	0.0	0.0	0.0	0.0	0.0	0.0	0.0
J10-D02-preceding	minus-native	12	0.0	0.0	0.0	0.0	0.0	0.0	0.0	0.0	0.0	0.0	0.0
J10-D02-preceding	minus-native	13	0.0	0.0	0.0	0.0	0.0	0.0	0.0	0.0	0.0	0.0	0.0
J10-D02-preceding	minus-native	14	0.0	0.0	0.0	0.0	0.0	0.0	0.0	0.0	0.0	0.0	0.0
J10-D02-preceding	minus-native	15	0.0	0.0	0.0	0.0	0.0	0.0	0.0	0.0	0.0	0.0	0.0
J10-D02-preceding	minus-native	16	0.0	0.0	0.0	0.0	0.0	0.0	0.0	0.0	0.0	0.0	0.0
J10-D02-preceding	minus-native	17	0.0	0.0	0.0	0.0	0.0	0.0	0.0	0.0	0.0	0.0	0.0
J10-D02-preceding	minus-native	18	0.0	-0.00043770670890808105	0.0002987384796142578	-0.00043770670890808105	0.0007364451885223389	-0.0004364940229422132	0.0007368411042398826	-1.1768585315569124e-06	5.4674573479740474e-08	-3.582743431096436e-08	-4.5059029102345605e-07
J10-D02-preceding	minus-native	19	0.0002987384796142578	0.008265495300292969	0.004037261009216309	0.007966756820678711	-0.00422823429107666	0.008175805491780208	-0.004524499711729968	-0.00021166819062901077	0.00029866258934649337	2.619519527513603e-06	-2.397168693185625e-06
J10-D02-preceding	minus-native	20	0.004037261009216309	0.00432741641998291	0.011655092239379883	0.00029015541076660156	0.007327675819396973	-0.00043306696313638593	0.007875358118781789	0.0007220046544490488	-0.0005459020209304666	1.2177194539386704e-06	-1.780278454349693e-06
J10-D02-preceding	minus-native	21	0.011655092239379883	0.016715288162231445	0.002888321876525879	0.0050601959228515625	-0.013826966285705566	0.006612148400042095	-0.013710715379928268	-0.0015517989774932461	-0.0001171671445002187	-1.5349969728628565e-07	9.162387229200153e-07
J10-D02-preceding	minus-native	22	0.002888321876525879	-0.005652189254760742	-0.0025336742401123047	-0.008540511131286621	0.0031185150146484375	-0.005418922024705175	0.0038946960869399305	-0.0031228921782287533	-0.0007754452984428672	1.3030716473072523e-06	-7.357738486257759e-07
J10-D02-preceding	minus-native	23	-0.0025336742401123047	0.006762385368347168	-0.0029675960540771484	0.009296059608459473	-0.009729981422424316	0.008765549994175226	-0.009877384799480637	0.0005291437015619849	0.0001489074670392998	1.3659127222620526e-06	-1.5040899829787957e-06
J10-D02-preceding	minus-native	24	-0.0029675960540771484	-0.015461921691894531	-0.016219615936279297	-0.012494325637817383	-0.0007576942443847656	-0.010394925964926194	-0.002589762363873746	-0.002099950405930473	0.0018304151312169004	5.507330392839904e-07	1.6529882720939248e-06
J10-D02-preceding	minus-native	25	-0.016219615936279297	-0.020825862884521484	-0.03150200843811035	-0.0046062469482421875	-0.010676145553588867	-0.005111139556946531	-0.01272406787511815	0.0005065010127811645	0.002048716246021362	-1.6084040768207797e-06	-7.939244920790456e-07
J10-D02-preceding	minus-native	26	-0.03150200843811035	-0.053627967834472656	-0.04751014709472656	-0.022125959396362305	0.006117820739746094	-0.023971095977417534	0.00022411355888940498	0.001844808505204576	0.005894133913311544	3.2807585065297573e-07	-4.267324548554337e-07
J10-D02-preceding	minus-native	27	-0.04751014709472656	-0.052066802978515625	-0.03442192077636719	-0.0045566558837890625	0.017644882202148438	-0.0061773112053455925	0.012915628798138512	0.0016178412603178385	0.0047299587070494305	2.81406123869149e-06	-7.053030395053148e-07
J10-D02-preceding	minus-native	28	-0.03442192077636719	-0.04380226135253906	-0.027400970458984375	-0.009380340576171875	0.016401290893554688	-0.010955541849583472	0.010139929449483276	0.0015785704468380332	0.006258332946303902	-3.3691734264360007e-06	3.028497767509908e-06
J10-D02-preceding	minus-native	29	-0.027400970458984375	-0.031261444091796875	-0.045548439025878906	-0.0038604736328125	-0.014286994934082031	-0.005384066234189966	-0.0183456608299426	0.00152466020144304	0.004060596954127416	-1.067600065574048e-06	-1.931058266846364e-06
J10-D02-preceding	minus-native	30	-0.045548439025878906	-0.04706573486328125	-0.050749778747558594	-0.0015172958374023438	-0.0036840438842773438	-0.004694075447305934	-0.010867374490556081	0.00317519876170147	0.0071838859341297745	1.5808482021206771e-06	-5.553278510372905e-07
J10-D02-preceding	minus-native	31	-0.050749778747558594	-0.042855262756347656	-0.046421051025390625	0.007894515991210938	-0.0035657882690429688	0.005336740982152283	-0.00622958857285516	0.002553316260770988	0.0026690424461295326	4.458748287639036e-06	-5.242142317340992e-06
J10-D02-preceding	minus-native	32	-0.046421051025390625	-0.06530094146728516	-0.07990550994873047	-0.01887989044189453	-0.014604568481445312	-0.023558825416680307	-0.014013681208650208	0.00467415728015852	-0.0005854002321528107	4.777694627255968e-06	-5.48704064229355e-06
J10-D02-preceding	minus-native	33	-0.07990550994873047	-0.07348918914794922	-0.06848716735839844	0.00641632080078125	0.005002021789550781	-0.0007952774532139426	-0.003307392974749024	0.007210261133507867	0.008310554580269969	1.3371204874434994e-06	-1.1398159702746824e-06
J10-D02-preceding	minus-native	34	-0.06848716735839844	-0.06620216369628906	-0.04074668884277344	0.002285003662109375	0.025455474853515625	-0.005698165883326389	0.009509623530296274	0.007983942364582886	0.01594248631473638	-7.728191471212398e-07	3.3650084829695004e-06
J10-D02-preceding	minus-native	35	-0.04074668884277344	-0.035422325134277344	-0.046482086181640625	0.005324363708496094	-0.011059761047363281	0.0019205104838582177	0.03164334860382079	0.0034038074138111885	-0.042703474434270916	4.581082668764225e-08	3.6478308729215314e-07
J10-D02-whole-query	minus-native	0	0.0	0.0	0.0	0.0	0.0	0.0	0.0	0.0	0.0	0.0	0.0
J10-D02-whole-query	minus-native	1	0.0	0.0	0.0	0.0	0.0	0.0	0.0	0.0	0.0	0.0	0.0
J10-D02-whole-query	minus-native	2	0.0	0.0	0.0	0.0	0.0	0.0	0.0	0.0	0.0	0.0	0.0
J10-D02-whole-query	minus-native	3	0.0	0.0	0.0	0.0	0.0	0.0	0.0	0.0	0.0	0.0	0.0
J10-D02-whole-query	minus-native	4	0.0	0.0	0.0	0.0	0.0	0.0	0.0	0.0	0.0	0.0	0.0
J10-D02-whole-query	minus-native	5	0.0	0.0	0.0	0.0	0.0	0.0	0.0	0.0	0.0	0.0	0.0
J10-D02-whole-query	minus-native	6	0.0	0.0	0.0	0.0	0.0	0.0	0.0	0.0	0.0	0.0	0.0
J10-D02-whole-query	minus-native	7	0.0	0.0	0.0	0.0	0.0	0.0	0.0	0.0	0.0	0.0	0.0
J10-D02-whole-query	minus-native	8	0.0	0.0	0.0	0.0	0.0	0.0	0.0	0.0	0.0	0.0	0.0
J10-D02-whole-query	minus-native	9	0.0	0.0	0.0	0.0	0.0	0.0	0.0	0.0	0.0	0.0	0.0
J10-D02-whole-query	minus-native	10	0.0	0.0	0.0	0.0	0.0	0.0	0.0	0.0	0.0	0.0	0.0
J10-D02-whole-query	minus-native	11	0.0	0.0	0.0	0.0	0.0	0.0	0.0	0.0	0.0	0.0	0.0
J10-D02-whole-query	minus-native	12	0.0	0.0	0.0	0.0	0.0	0.0	0.0	0.0	0.0	0.0	0.0
J10-D02-whole-query	minus-native	13	0.0	0.0	0.0	0.0	0.0	0.0	0.0	0.0	0.0	0.0	0.0
J10-D02-whole-query	minus-native	14	0.0	0.0	0.0	0.0	0.0	0.0	0.0	0.0	0.0	0.0	0.0
J10-D02-whole-query	minus-native	15	0.0	0.0	0.0	0.0	0.0	0.0	0.0	0.0	0.0	0.0	0.0
J10-D02-whole-query	minus-native	16	0.0	0.0	0.0	0.0	0.0	0.0	0.0	0.0	0.0	0.0	0.0
J10-D02-whole-query	minus-native	17	0.0	0.0	0.0	0.0	0.0	0.0	0.0	0.0	0.0	0.0	0.0
J10-D02-whole-query	minus-native	18	0.0	0.002734750509262085	0.019745707511901855	0.002734750509262085	0.01701095700263977	0.003017927146312438	0.016535173733279507	-0.00028301561418853094	0.0004755857925424767	-1.6102286182206882e-07	1.9747681778703452e-07
J10-D02-whole-query	minus-native	19	0.019745707511901855	0.04451751708984375	0.0486299991607666	0.024771809577941895	0.0041124820709228516	0.02627592953230584	-0.003771653138981368	-0.0015061815485266639	0.007885871741409228	2.0615941627166734e-06	-1.7365315050088537e-06
J10-D02-whole-query	minus-native	20	0.0486299991607666	0.07008516788482666	0.05037355422973633	0.02145516872406006	-0.019711613655090332	0.027996805724660123	-0.016715180962210557	-0.006541980197415254	-0.002995639358634311	3.4319681518901746e-07	-7.933342454635728e-07
J10-D02-whole-query	minus-native	21	0.05037355422973633	0.13286066055297852	0.054872870445251465	0.08248710632324219	-0.07798779010772705	0.08849543330745491	-0.07263268929945382	-0.00600708683796114	-0.005355660363251913	-1.2401462515798656e-06	5.595549786852061e-07
J10-D02-whole-query	minus-native	22	0.054872870445251465	0.09319806098937988	0.10186803340911865	0.03832519054412842	0.00866997241973877	0.052751825806758856	0.013190642346464054	-0.014428885682963632	-0.004518814933246268	2.250420333194114e-06	-1.8549934790168532e-06
J10-D02-whole-query	minus-native	23	0.10186803340911865	0.09320187568664551	-0.2588050365447998	-0.008666157722473145	-0.3520069122314453	0.004799383809632518	-0.3423874219315086	-0.01346712564102781	-0.009619793483398947	1.5841089221479976e-06	3.031834622524432e-07
J10-D02-whole-query	minus-native	24	-0.2588050365447998	-0.2527768611907959	-0.3147401809692383	0.006028175354003906	-0.06196331977844238	-0.030998911612535762	-0.08457227747701272	0.03702874267612044	0.022605895627469286	-1.6557095807723243e-06	3.0620711010675983e-06
J10-D02-whole-query	minus-native	25	-0.3147401809692383	-0.21375203132629395	-0.1015157699584961	0.10098814964294434	0.11223626136779785	0.09564094005306689	0.09357821415820711	0.005350272657026062	0.018657491881365354	-3.063067148617593e-06	5.553282253906167e-07
J10-D02-whole-query	minus-native	26	-0.1015157699584961	-0.37453269958496094	-0.0777440071105957	-0.27301692962646484	0.29678869247436523	-0.27702442610698697	0.25570426862449613	0.004008179228967235	0.04108466074857719	-6.827484451132904e-07	-2.3689870808909705e-07
J10-D02-whole-query	minus-native	27	-0.0777440071105957	-0.09617900848388672	-0.280975341796875	-0.018435001373291016	-0.18479633331298828	-0.021504891851671815	-0.19369407195431165	0.0030682995789789724	0.008901168448120148	1.590899401826551e-06	-3.4298067967755436e-06
J10-D02-whole-query	minus-native	28	-0.280975341796875	-0.38819217681884766	-0.3939056396484375	-0.10721683502197266	-0.005713462829589844	-0.12057499490746748	-0.05537590219642663	0.013358447197149358	0.04965810617973471	-2.8731165453363405e-07	4.3331871020790835e-06
J10-D02-whole-query	minus-native	29	-0.3939056396484375	-0.5293970108032227	-0.5616626739501953	-0.13549137115478516	-0.032265663146972656	-0.15590255861539415	-0.055608635408861185	0.020417767233132933	0.023336931784358805	-6.579772523940264e-06	6.040477529722921e-06
J10-D02-whole-query	minus-native	30	-0.5616626739501953	-0.4776897430419922	-0.5593738555908203	0.08397293090820312	-0.08168411254882812	0.033822832143442394	-0.12886258341396495	0.05015320376029675	0.047177921625779495	-3.1049955360185066e-06	5.492393573280907e-07
J10-D02-whole-query	minus-native	31	-0.5593738555908203	-0.5973262786865234	-0.6859836578369141	-0.037952423095703125	-0.08865737915039062	-0.03924273749383045	-0.1393256075939897	0.0012888325449216254	0.05067059441369781	1.4818532056981581e-06	-2.3659700987277432e-06
J10-D02-whole-query	minus-native	32	-0.6859836578369141	-0.7514286041259766	-0.7812366485595703	-0.0654449462890625	-0.02980804443359375	-0.1065452769641908	-0.11386907423783721	0.04110222219215154	0.08406452526632435	-1.8915170232336465e-06	-3.4954620808935744e-06
J10-D02-whole-query	minus-native	33	-0.7812366485595703	-0.7708911895751953	-0.799351692199707	0.010345458984375	-0.02846050262451172	-0.0013095914483622541	-0.13365421737721472	0.011649131577589289	0.1051926618242891	5.918855148001612e-06	1.0529284137916761e-06
J10-D02-whole-query	minus-native	34	-0.799351692199707	-0.6321897506713867	-0.5329990386962891	0.1671619415283203	0.09919071197509766	0.0771271382613502	-0.0027623540794456947	0.0900386752032536	0.10194738040001639	-3.87193628337279e-06	5.685654526743633e-06
J10-D02-whole-query	minus-native	35	-0.5329990386962891	-0.48175621032714844	-0.9903717041015625	0.051242828369140625	-0.5086154937744141	0.02012478798489359	-0.27328071364240625	0.03112349367840961	-0.2353379209112063	-5.453294162571787e-06	3.1407791976079125e-06
J05-D01-whole-query	whole-minus-focal	0	0.0	0.0	0.0	0.0	0.0	0.0	0.0	0.0	0.0	0.0	0.0
J05-D01-whole-query	whole-minus-focal	1	0.0	0.0	0.0	0.0	0.0	0.0	0.0	0.0	0.0	0.0	0.0
J05-D01-whole-query	whole-minus-focal	2	0.0	0.0	0.0	0.0	0.0	0.0	0.0	0.0	0.0	0.0	0.0
J05-D01-whole-query	whole-minus-focal	3	0.0	0.0	0.0	0.0	0.0	0.0	0.0	0.0	0.0	0.0	0.0
J05-D01-whole-query	whole-minus-focal	4	0.0	0.0	0.0	0.0	0.0	0.0	0.0	0.0	0.0	0.0	0.0
J05-D01-whole-query	whole-minus-focal	5	0.0	0.0	0.0	0.0	0.0	0.0	0.0	0.0	0.0	0.0	0.0
J05-D01-whole-query	whole-minus-focal	6	0.0	0.0	0.0	0.0	0.0	0.0	0.0	0.0	0.0	0.0	0.0
J05-D01-whole-query	whole-minus-focal	7	0.0	0.0	0.0	0.0	0.0	0.0	0.0	0.0	0.0	0.0	0.0
J05-D01-whole-query	whole-minus-focal	8	0.0	0.0	0.0	0.0	0.0	0.0	0.0	0.0	0.0	0.0	0.0
J05-D01-whole-query	whole-minus-focal	9	0.0	0.0	0.0	0.0	0.0	0.0	0.0	0.0	0.0	0.0	0.0
J05-D01-whole-query	whole-minus-focal	10	0.0	0.0	0.0	0.0	0.0	0.0	0.0	0.0	0.0	0.0	0.0
J05-D01-whole-query	whole-minus-focal	11	0.0	0.0	0.0	0.0	0.0	0.0	0.0	0.0	0.0	0.0	0.0
J05-D01-whole-query	whole-minus-focal	12	0.0	0.0	0.0	0.0	0.0	0.0	0.0	0.0	0.0	0.0	0.0
J05-D01-whole-query	whole-minus-focal	13	0.0	0.0	0.0	0.0	0.0	0.0	0.0	0.0	0.0	0.0	0.0
J05-D01-whole-query	whole-minus-focal	14	0.0	0.0	0.0	0.0	0.0	0.0	0.0	0.0	0.0	0.0	0.0
J05-D01-whole-query	whole-minus-focal	15	0.0	0.0	0.0	0.0	0.0	0.0	0.0	0.0	0.0	0.0	0.0
J05-D01-whole-query	whole-minus-focal	16	0.0	0.0	0.0	0.0	0.0	0.0	0.0	0.0	0.0	0.0	0.0
J05-D01-whole-query	whole-minus-focal	17	0.0	0.0	0.0	0.0	0.0	0.0	0.0	0.0	0.0	0.0	0.0
J05-D01-whole-query	whole-minus-focal	18	0.0	-0.010322719812393188	-0.018815040588378906	-0.010322719812393188	-0.008492320775985718	-0.010385465734535249	-0.008715881400807923	6.330477012848543e-05	0.00022242278051831654	-5.588479864253315e-07	1.1378443038889685e-06
J05-D01-whole-query	whole-minus-focal	19	-0.018815040588378906	-0.020078659057617188	-0.012824296951293945	-0.0012636184692382812	0.007254362106323242	-0.001330350960970117	0.00678892312391776	6.739937472877155e-05	0.0004655564113092703	-6.66882996935847e-07	-1.1742890379529136e-07
J05-D01-whole-query	whole-minus-focal	20	-0.012824296951293945	0.026840567588806152	0.043126821517944336	0.0396648645401001	0.016286253929138184	0.041295809300429434	0.020200850371414183	-0.001631652701971964	-0.003914004521163639	7.079416426414298e-07	-5.919211123472934e-07
J05-D01-whole-query	whole-minus-focal	21	0.043126821517944336	0.0672914981842041	-0.025785326957702637	0.024164676666259766	-0.09307682514190674	0.02816959517591111	-0.0908955483900803	-0.004006342221804182	-0.0021800645879711533	1.4237121528370977e-06	-1.212163855290882e-06
J05-D01-whole-query	whole-minus-focal	22	-0.025785326957702637	-0.03161311149597168	0.06963646411895752	-0.005827784538269043	0.1012495756149292	-0.008364088260048419	0.10329663791568278	0.002535993642823753	-0.0020465204342131615	3.100789556231831e-07	-5.418665404155476e-07
J05-D01-whole-query	whole-minus-focal	23	0.06963646411895752	0.04907512664794922	0.7135125398635864	-0.0205613374710083	0.6644374132156372	0.011219970870294027	0.705152307737456	-0.03178221321841801	-0.04071539210781483	9.048771156816571e-07	4.97585996073191e-07
J05-D01-whole-query	whole-minus-focal	24	0.7135125398635864	0.7137977480888367	0.801348514854908	0.00028520822525024414	0.08755076676607132	0.05245781832613078	0.13632235836002948	-0.0521695076592843	-0.04877233933800662	-3.102441596292138e-06	7.477440484571218e-07
J05-D01-whole-query	whole-minus-focal	25	0.801348514854908	0.7853563278913498	0.6169413477182388	-0.015992186963558197	-0.16841498017311096	0.028808793696924795	-0.12234113691956727	-0.044801825027091624	-0.04607183960046479	8.443666086321855e-07	-2.0036530788969387e-06
J05-D01-whole-query	whole-minus-focal	26	0.6169413477182388	0.5093157887458801	0.9707694053649902	-0.1076255589723587	0.4614536166191101	-0.062164622394845104	0.5521355219988713	-0.045462629214805594	-0.09068395200271873	1.6926372919945365e-06	2.046622957552202e-06
J05-D01-whole-query	whole-minus-focal	27	0.9707694053649902	0.9638099670410156	0.8311195373535156	-0.006959438323974609	-0.1326904296875	0.010043109148455853	-0.04635125678461366	-0.017002546912731453	-0.08633621748085929	-5.596990093614806e-10	-2.9554220271066356e-06
J05-D01-whole-query	whole-minus-focal	28	0.8311195373535156	0.9020156860351562	1.3727035522460938	0.07089614868164062	0.4706878662109375	0.10587937479195997	0.5810831850255922	-0.03498162723164505	-0.11040298711237329	-1.5988786742915373e-06	7.668297718588235e-06
J05-D01-whole-query	whole-minus-focal	29	1.3727035522460938	2.155841827392578	1.626424789428711	0.7831382751464844	-0.5294170379638672	0.9007202880958598	-0.3706670256918718	-0.11757902644700724	-0.15875274034203257	-2.9865023681852065e-06	2.7280700372056543e-06
J05-D01-whole-query	whole-minus-focal	30	1.626424789428711	1.537109375	1.6380500793457031	-0.08931541442871094	0.10094070434570312	-0.02490274958074412	0.24762410861187556	-0.064408026975458	-0.14668334635881308	-4.637872508816976e-06	-5.79073589079826e-08
J05-D01-whole-query	whole-minus-focal	31	1.6380500793457031	1.5041942596435547	1.6604480743408203	-0.13385581970214844	0.15625381469726562	-0.07065187895610281	0.2865194128767916	-0.06320217982457255	-0.1302658250083608	-1.7609214730818223e-06	2.268288348261649e-07
J05-D01-whole-query	whole-minus-focal	32	1.6604480743408203	3.7110939025878906	3.6907787322998047	2.0506458282470703	-0.020315170288085938	2.163884789430581	0.2830971318667874	-0.11324710404969096	-0.3034090322927028	8.142866180671504e-06	-3.269862170585114e-06
J05-D01-whole-query	whole-minus-focal	33	3.6907787322998047	3.5796709060668945	2.8208446502685547	-0.11110782623291016	-0.7588262557983398	0.16944556561627322	-0.36091746473080133	-0.28054669250128783	-0.3979101208849438	-6.69934789576665e-06	1.3298174053044676e-06
J05-D01-whole-query	whole-minus-focal	34	2.8208446502685547	2.2043209075927734	2.037898063659668	-0.6165237426757812	-0.16642284393310547	-0.13999451721578093	0.1836218407241006	-0.47653427106098967	-0.35003858332046933	5.045600989461718e-06	-6.10133673673019e-06
J05-D01-whole-query	whole-minus-focal	35	2.037898063659668	1.9112186431884766	4.026988983154297	-0.1266794204711914	2.1157703399658203	0.06031888771468513	0.4819436305653281	-0.18700308681347744	1.63382992972417	4.778627600954266e-06	-3.220323677055603e-06
J05-D02-whole-query	whole-minus-focal	0	0.0	0.0	0.0	0.0	0.0	0.0	0.0	0.0	0.0	0.0	0.0
J05-D02-whole-query	whole-minus-focal	1	0.0	0.0	0.0	0.0	0.0	0.0	0.0	0.0	0.0	0.0	0.0
J05-D02-whole-query	whole-minus-focal	2	0.0	0.0	0.0	0.0	0.0	0.0	0.0	0.0	0.0	0.0	0.0
J05-D02-whole-query	whole-minus-focal	3	0.0	0.0	0.0	0.0	0.0	0.0	0.0	0.0	0.0	0.0	0.0
J05-D02-whole-query	whole-minus-focal	4	0.0	0.0	0.0	0.0	0.0	0.0	0.0	0.0	0.0	0.0	0.0
J05-D02-whole-query	whole-minus-focal	5	0.0	0.0	0.0	0.0	0.0	0.0	0.0	0.0	0.0	0.0	0.0
J05-D02-whole-query	whole-minus-focal	6	0.0	0.0	0.0	0.0	0.0	0.0	0.0	0.0	0.0	0.0	0.0
J05-D02-whole-query	whole-minus-focal	7	0.0	0.0	0.0	0.0	0.0	0.0	0.0	0.0	0.0	0.0	0.0
J05-D02-whole-query	whole-minus-focal	8	0.0	0.0	0.0	0.0	0.0	0.0	0.0	0.0	0.0	0.0	0.0
J05-D02-whole-query	whole-minus-focal	9	0.0	0.0	0.0	0.0	0.0	0.0	0.0	0.0	0.0	0.0	0.0
J05-D02-whole-query	whole-minus-focal	10	0.0	0.0	0.0	0.0	0.0	0.0	0.0	0.0	0.0	0.0	0.0
J05-D02-whole-query	whole-minus-focal	11	0.0	0.0	0.0	0.0	0.0	0.0	0.0	0.0	0.0	0.0	0.0
J05-D02-whole-query	whole-minus-focal	12	0.0	0.0	0.0	0.0	0.0	0.0	0.0	0.0	0.0	0.0	0.0
J05-D02-whole-query	whole-minus-focal	13	0.0	0.0	0.0	0.0	0.0	0.0	0.0	0.0	0.0	0.0	0.0
J05-D02-whole-query	whole-minus-focal	14	0.0	0.0	0.0	0.0	0.0	0.0	0.0	0.0	0.0	0.0	0.0
J05-D02-whole-query	whole-minus-focal	15	0.0	0.0	0.0	0.0	0.0	0.0	0.0	0.0	0.0	0.0	0.0
J05-D02-whole-query	whole-minus-focal	16	0.0	0.0	0.0	0.0	0.0	0.0	0.0	0.0	0.0	0.0	0.0
J05-D02-whole-query	whole-minus-focal	17	0.0	0.0	0.0	0.0	0.0	0.0	0.0	0.0	0.0	0.0	0.0
J05-D02-whole-query	whole-minus-focal	18	0.0	0.010080099105834961	0.0151289701461792	0.010080099105834961	0.005048871040344238	0.010257898814239219	0.005294453744409289	-0.00017961894166519665	-0.00024444980892190937	1.8192332609384687e-06	-1.1328951431410772e-06
J05-D02-whole-query	whole-minus-focal	19	0.0151289701461792	0.011471748352050781	0.009704947471618652	-0.003657221794128418	-0.001766800880432129	-0.003152579068100847	-0.001566780518164141	-0.0005055229311429765	-0.00019772238940632403	8.802051154055412e-07	-2.2979728616645545e-06
J05-D02-whole-query	whole-minus-focal	20	0.009704947471618652	-0.02979457378387451	-0.042706966400146484	-0.039499521255493164	-0.012912392616271973	-0.04099216083281568	-0.018350945100548743	0.0014906255060246343	0.0054378906291076	2.014071297851139e-06	6.618551691706109e-07
J05-D02-whole-query	whole-minus-focal	21	-0.042706966400146484	-0.008189201354980469	0.0219728946685791	0.034517765045166016	0.03016209602355957	0.026203317014269256	0.029141070634230104	0.008316614817030499	0.001018532042773801	-2.166786133739329e-06	2.4933465556653545e-06
J05-D02-whole-query	whole-minus-focal	22	0.0219728946685791	0.003982663154602051	-0.10540771484375	-0.01799023151397705	-0.10939037799835205	-0.004101481109299976	-0.10951876462532217	-0.013885744475716388	0.00012757333508800484	-3.0059289606865214e-06	8.132918821179835e-07
J05-D02-whole-query	whole-minus-focal	23	-0.10540771484375	-0.1461191475391388	-0.4891946315765381	-0.040711432695388794	-0.3430754840373993	-0.08477349072658164	-0.412539788331971	0.044060465792645886	0.06946743899902696	1.592238547010183e-06	-3.134704455232118e-06
J05-D02-whole-query	whole-minus-focal	24	-0.4891946315765381	-0.4683550000190735	-0.11727702617645264	0.0208396315574646	0.35107797384262085	-0.0424917225883602	0.38737584503374833	0.06333118231386137	-0.036300728907267765	1.7183196332481998e-07	2.8577161402809637e-06
J05-D02-whole-query	whole-minus-focal	25	-0.11727702617645264	-0.1155015230178833	0.16710245609283447	0.001775503158569336	0.2826039791107178	0.011936479241139386	0.27935734588939454	-0.010157190408196515	0.003244871189951981	-3.785674373535386e-06	1.7620313712551905e-06
J05-D02-whole-query	whole-minus-focal	26	0.16710245609283447	0.31094515323638916	0.15575861930847168	0.1438426971435547	-0.15518653392791748	0.17192368500858368	-0.09887752122868898	-0.02808312810369129	-0.05630606827311224	2.140238662295957e-06	-2.9444261162581142e-06
J05-D02-whole-query	whole-minus-focal	27	0.15575861930847168	0.11780142784118652	0.005256175994873047	-0.037957191467285156	-0.11254525184631348	-0.03212821464786775	-0.11139030713597353	-0.00582944606375152	-0.0011567576724027528	4.692443341114405e-07	1.8129620626972098e-06
J05-D02-whole-query	whole-minus-focal	28	0.005256175994873047	0.03951072692871094	-0.07149505615234375	0.03425455093383789	-0.11100578308105469	0.03765901707383357	-0.14737802944325828	-0.0034007064619313576	0.03637131029006979	-3.759678064318983e-06	9.360721338058653e-07
J05-D02-whole-query	whole-minus-focal	29	-0.07149505615234375	-0.3176689147949219	-0.23592853546142578	-0.24617385864257812	0.0817403793334961	-0.23615784631334957	0.03551165908010834	-0.010018472127941047	0.046227182379041665	2.4597987124952425e-06	1.537874346091428e-06
J05-D02-whole-query	whole-minus-focal	30	-0.23592853546142578	-0.3743009567260742	-0.6288318634033203	-0.13837242126464844	-0.2545309066772461	-0.17828196107673744	-0.25030633609400726	0.0399141053373252	-0.004229540789745911	-4.565525236199797e-06	4.9702065072487756e-06
J05-D02-whole-query	whole-minus-focal	31	-0.6288318634033203	-0.5870590209960938	-0.5882778167724609	0.04177284240722656	-0.0012187957763671875	0.03996567187026623	-0.06440812194045265	0.001812069243864678	0.06318132417111877	-4.898706904343797e-06	8.001992966688576e-06
J05-D02-whole-query	whole-minus-focal	32	-0.5882778167724609	-1.748723030090332	-1.96868896484375	-1.160445213317871	-0.21996593475341797	-1.2052429800635558	-0.33424854462362497	0.04480252276837682	0.11428096816978361	-4.7560226921206095e-06	1.6417004233826304e-06
J05-D02-whole-query	whole-minus-focal	33	-1.96868896484375	-1.9805622100830078	-1.4982995986938477	-0.011873245239257812	0.48226261138916016	-0.15607505483367434	0.3589774584689748	0.14420196973696608	0.12328236913120216	-1.6014254944352047e-07	2.783788982885227e-06
J05-D02-whole-query	whole-minus-focal	34	-1.4982995986938477	-1.1859378814697266	-0.9862957000732422	0.3123617172241211	0.19964218139648438	0.05503003331697043	0.02260718859394273	0.25733809273893016	0.17703363956863205	-6.408831779491919e-06	1.3532339093735857e-06
J05-D02-whole-query	whole-minus-focal	35	-0.9862957000732422	-0.9395313262939453	-1.5127124786376953	0.046764373779296875	-0.57318115234375	-0.03644256079573935	-0.20942873732144598	0.08320661905302107	-0.3637536873917693	3.155220152928351e-07	1.2723694648997252e-06
J06-D01-whole-query	whole-minus-focal	0	0.0	0.0	0.0	0.0	0.0	0.0	0.0	0.0	0.0	0.0	0.0
J06-D01-whole-query	whole-minus-focal	1	0.0	0.0	0.0	0.0	0.0	0.0	0.0	0.0	0.0	0.0	0.0
J06-D01-whole-query	whole-minus-focal	2	0.0	0.0	0.0	0.0	0.0	0.0	0.0	0.0	0.0	0.0	0.0
J06-D01-whole-query	whole-minus-focal	3	0.0	0.0	0.0	0.0	0.0	0.0	0.0	0.0	0.0	0.0	0.0
J06-D01-whole-query	whole-minus-focal	4	0.0	0.0	0.0	0.0	0.0	0.0	0.0	0.0	0.0	0.0	0.0
J06-D01-whole-query	whole-minus-focal	5	0.0	0.0	0.0	0.0	0.0	0.0	0.0	0.0	0.0	0.0	0.0
J06-D01-whole-query	whole-minus-focal	6	0.0	0.0	0.0	0.0	0.0	0.0	0.0	0.0	0.0	0.0	0.0
J06-D01-whole-query	whole-minus-focal	7	0.0	0.0	0.0	0.0	0.0	0.0	0.0	0.0	0.0	0.0	0.0
J06-D01-whole-query	whole-minus-focal	8	0.0	0.0	0.0	0.0	0.0	0.0	0.0	0.0	0.0	0.0	0.0
J06-D01-whole-query	whole-minus-focal	9	0.0	0.0	0.0	0.0	0.0	0.0	0.0	0.0	0.0	0.0	0.0
J06-D01-whole-query	whole-minus-focal	10	0.0	0.0	0.0	0.0	0.0	0.0	0.0	0.0	0.0	0.0	0.0
J06-D01-whole-query	whole-minus-focal	11	0.0	0.0	0.0	0.0	0.0	0.0	0.0	0.0	0.0	0.0	0.0
J06-D01-whole-query	whole-minus-focal	12	0.0	0.0	0.0	0.0	0.0	0.0	0.0	0.0	0.0	0.0	0.0
J06-D01-whole-query	whole-minus-focal	13	0.0	0.0	0.0	0.0	0.0	0.0	0.0	0.0	0.0	0.0	0.0
J06-D01-whole-query	whole-minus-focal	14	0.0	0.0	0.0	0.0	0.0	0.0	0.0	0.0	0.0	0.0	0.0
J06-D01-whole-query	whole-minus-focal	15	0.0	0.0	0.0	0.0	0.0	0.0	0.0	0.0	0.0	0.0	0.0
J06-D01-whole-query	whole-minus-focal	16	0.0	0.0	0.0	0.0	0.0	0.0	0.0	0.0	0.0	0.0	0.0
J06-D01-whole-query	whole-minus-focal	17	0.0	0.0	0.0	0.0	0.0	0.0	0.0	0.0	0.0	0.0	0.0
J06-D01-whole-query	whole-minus-focal	18	0.0	-0.010597467422485352	-0.029120683670043945	-0.010597467422485352	-0.018523216247558594	-0.010675382486757812	-0.01932240115911732	7.656084962213983e-05	0.0007999296015018809	1.3542146503203734e-06	-7.446899431551302e-07
J06-D01-whole-query	whole-minus-focal	19	-0.029120683670043945	-0.06652045249938965	-0.038474082946777344	-0.0373997688293457	0.028046369552612305	-0.038741242737915904	0.03018246299640248	0.001341814879606662	-0.002138029506801281	-3.409710364610241e-07	1.936063011104272e-06
J06-D01-whole-query	whole-minus-focal	20	-0.038474082946777344	-0.05190622806549072	-0.03931856155395508	-0.013432145118713379	0.012587666511535645	-0.020506573104491735	0.012338139339071071	0.007079009700363348	0.00024700575551250825	-4.5817145850057805e-06	2.5214169520615393e-06
J06-D01-whole-query	whole-minus-focal	21	-0.03931856155395508	-0.09195828437805176	-0.036699533462524414	-0.05263972282409668	0.055258750915527344	-0.05054465901296645	0.06037532645228061	-0.002093985204505877	-0.005118920205657351	-1.078606624349554e-06	2.3446689040862445e-06
J06-D01-whole-query	whole-minus-focal	22	-0.036699533462524414	-0.020950794219970703	-0.05214893817901611	0.01574873924255371	-0.03119814395904541	0.007660724534772401	-0.03059244767769065	0.008088333046487761	-0.0006065076184150475	-3.183387064509269e-07	8.113370602857994e-07
J06-D01-whole-query	whole-minus-focal	23	-0.05214893817901611	-0.18536698818206787	-0.08859443664550781	-0.13321805000305176	0.09677255153656006	-0.1519201664879195	0.08459046972794049	0.01870420721329158	0.012181507323430235	-2.0907284238314006e-06	5.744851893363379e-07
J06-D01-whole-query	whole-minus-focal	24	-0.08859443664550781	-0.15989017486572266	0.10999739170074463	-0.07129573822021484	0.2698875665664673	-0.07170587036978932	0.26235646416768166	0.00041321103691782657	0.007527914408661851	-3.078887343299641e-06	3.187990123776352e-06
J06-D01-whole-query	whole-minus-focal	25	0.10999739170074463	0.15462172031402588	0.22251322865486145	0.04462432861328125	0.06789150834083557	0.04871808017576007	0.08532498439645364	-0.004094535990375681	-0.01743312658396501	7.844278968605067e-07	-3.494716530605402e-07
J06-D01-whole-query	whole-minus-focal	26	0.22251322865486145	-0.03706514835357666	-0.25132012367248535	-0.2595783770084381	-0.2142549753189087	-0.2571859278901476	-0.24983667936959253	-0.002392410592333416	0.0355823933785997	-3.852595709119555e-08	-6.893279158592946e-07
J06-D01-whole-query	whole-minus-focal	27	-0.25132012367248535	-0.30999183654785156	-0.28983640670776367	-0.05867171287536621	0.02015542984008789	-0.06453190129035002	-0.01569686988720856	0.005862044218720608	0.035849719939125	-1.8558037367943925e-06	2.5797881714195725e-06
J06-D01-whole-query	whole-minus-focal	28	-0.28983640670776367	-0.2728567123413086	-0.28494739532470703	0.016979694366455078	-0.012090682983398438	0.0029688245315400152	-0.04987709561445164	0.014010217425887761	0.03778763686197906	6.524090273019034e-07	-1.2242309258558848e-06
J06-D01-whole-query	whole-minus-focal	29	-0.28494739532470703	-0.2574434280395508	-0.10312271118164062	0.02750396728515625	0.15432071685791016	0.0015365666628239794	0.140958445608381	0.025966241914786248	0.013362527979310812	1.1587075460228746e-06	-2.5672978165580673e-07
J06-D01-whole-query	whole-minus-focal	30	-0.10312271118164062	-0.27786827087402344	-0.16510486602783203	-0.1747455596923828	0.1127634048461914	-0.17954837768121212	0.08557690788684502	0.004804890145974572	0.02718573187305018	-2.072157145260878e-06	7.650862963171079e-07
J06-D01-whole-query	whole-minus-focal	31	-0.16510486602783203	-0.1815938949584961	-0.0882883071899414	-0.016489028930664062	0.09330558776855469	-0.029759103813817855	0.0850914781775649	0.01327230104898769	0.008208726110066289	-2.226165833896232e-06	5.383480923493167e-06
J06-D01-whole-query	whole-minus-focal	32	-0.0882883071899414	-0.0030803680419921875	0.28726768493652344	0.08520793914794922	0.2903480529785156	0.07824642435493523	0.28804300584304343	0.006960905802526951	0.002307685291152106	6.089904870387741e-07	-2.638155679912657e-06
J06-D01-whole-query	whole-minus-focal	33	0.28726768493652344	0.2626934051513672	0.19011211395263672	-0.02457427978515625	-0.07258129119873047	-0.0033467363538515205	-0.02892623716482645	-0.021228490937540312	-0.0436563468363762	9.475062355823738e-07	1.2928024719638387e-06
J06-D01-whole-query	whole-minus-focal	34	0.19011211395263672	0.20656967163085938	0.06930828094482422	0.016457557678222656	-0.13726139068603516	0.024739315986050503	-0.10670564075426947	-0.0082782418102334	-0.030556489183797275	-3.5164975944468324e-06	7.392520315896434e-07
J06-D01-whole-query	whole-minus-focal	35	0.06930828094482422	0.057994842529296875	0.1452484130859375	-0.011313438415527344	0.08725357055664062	-0.005686701802838173	-0.004141968891081982	-0.005628265274262301	0.09138481514873131	1.5286615731580078e-06	1.0724298991071635e-05
J06-D02-whole-query	whole-minus-focal	0	0.0	0.0	0.0	0.0	0.0	0.0	0.0	0.0	0.0	0.0	0.0
J06-D02-whole-query	whole-minus-focal	1	0.0	0.0	0.0	0.0	0.0	0.0	0.0	0.0	0.0	0.0	0.0
J06-D02-whole-query	whole-minus-focal	2	0.0	0.0	0.0	0.0	0.0	0.0	0.0	0.0	0.0	0.0	0.0
J06-D02-whole-query	whole-minus-focal	3	0.0	0.0	0.0	0.0	0.0	0.0	0.0	0.0	0.0	0.0	0.0
J06-D02-whole-query	whole-minus-focal	4	0.0	0.0	0.0	0.0	0.0	0.0	0.0	0.0	0.0	0.0	0.0
J06-D02-whole-query	whole-minus-focal	5	0.0	0.0	0.0	0.0	0.0	0.0	0.0	0.0	0.0	0.0	0.0
J06-D02-whole-query	whole-minus-focal	6	0.0	0.0	0.0	0.0	0.0	0.0	0.0	0.0	0.0	0.0	0.0
J06-D02-whole-query	whole-minus-focal	7	0.0	0.0	0.0	0.0	0.0	0.0	0.0	0.0	0.0	0.0	0.0
J06-D02-whole-query	whole-minus-focal	8	0.0	0.0	0.0	0.0	0.0	0.0	0.0	0.0	0.0	0.0	0.0
J06-D02-whole-query	whole-minus-focal	9	0.0	0.0	0.0	0.0	0.0	0.0	0.0	0.0	0.0	0.0	0.0
J06-D02-whole-query	whole-minus-focal	10	0.0	0.0	0.0	0.0	0.0	0.0	0.0	0.0	0.0	0.0	0.0
J06-D02-whole-query	whole-minus-focal	11	0.0	0.0	0.0	0.0	0.0	0.0	0.0	0.0	0.0	0.0	0.0
J06-D02-whole-query	whole-minus-focal	12	0.0	0.0	0.0	0.0	0.0	0.0	0.0	0.0	0.0	0.0	0.0
J06-D02-whole-query	whole-minus-focal	13	0.0	0.0	0.0	0.0	0.0	0.0	0.0	0.0	0.0	0.0	0.0
J06-D02-whole-query	whole-minus-focal	14	0.0	0.0	0.0	0.0	0.0	0.0	0.0	0.0	0.0	0.0	0.0
J06-D02-whole-query	whole-minus-focal	15	0.0	0.0	0.0	0.0	0.0	0.0	0.0	0.0	0.0	0.0	0.0
J06-D02-whole-query	whole-minus-focal	16	0.0	0.0	0.0	0.0	0.0	0.0	0.0	0.0	0.0	0.0	0.0
J06-D02-whole-query	whole-minus-focal	17	0.0	0.0	0.0	0.0	0.0	0.0	0.0	0.0	0.0	0.0	0.0
J06-D02-whole-query	whole-minus-focal	18	0.0	0.013793468475341797	0.03385508060455322	0.013793468475341797	0.020061612129211426	0.013917921788302756	0.021380611425423357	-0.00012206146010330932	-0.0013206562882804307	-2.3918528576499787e-06	1.6569920684994521e-06
J06-D02-whole-query	whole-minus-focal	19	0.03385508060455322	0.06829047203063965	0.03389382362365723	0.034435391426086426	-0.03439664840698242	0.036476025005669044	-0.036787793433308985	-0.002042084111940512	0.0023956398183937466	1.450532357893941e-06	-4.494792067183395e-06
J06-D02-whole-query	whole-minus-focal	20	0.03389382362365723	0.03939235210418701	0.04265141487121582	0.005498528480529785	0.0032590627670288086	0.01277070317493353	0.0033251382250450434	-0.007274562555669606	-6.660813168085644e-05	2.3878612658290166e-06	5.32673664621619e-07
J06-D02-whole-query	whole-minus-focal	21	0.04265141487121582	0.10107541084289551	0.08477580547332764	0.05842399597167969	-0.01629960536956787	0.05837024827443926	-0.020616676334569872	5.2552891893320464e-05	0.00431727493327505	1.1948053471044773e-06	-2.039682730492487e-07
J06-D02-whole-query	whole-minus-focal	22	0.08477580547332764	0.033934712409973145	0.03717660903930664	-0.05084109306335449	0.003241896629333496	-0.04078697743520188	0.0008449971205524154	-0.010052999707865662	0.002395559491965543	-1.115920286953731e-06	1.3400168155375258e-06
J06-D02-whole-query	whole-minus-focal	23	0.03717660903930664	0.17897917330265045	0.1549777388572693	0.1418025642633438	-0.024001434445381165	0.16205871445497189	-0.014242355427587228	-0.020254444744689737	-0.009760248529814497	-1.7054469383381843e-06	1.1695120205601484e-06
J06-D02-whole-query	whole-minus-focal	24	0.1549777388572693	0.2001364529132843	-0.03780710697174072	0.045158714056015015	-0.23794355988502502	0.04734299053041491	-0.22441408263653329	-0.0021845254208650022	-0.013530950439487155	2.489464652200013e-07	1.473190995415763e-06
J06-D02-whole-query	whole-minus-focal	25	-0.03780710697174072	-0.09730684757232666	-0.10907256603240967	-0.05949974060058594	-0.011765718460083008	-0.06123727180238414	-0.022622035314107336	0.0017394207400843187	0.010855091716233778	-1.8895382861150445e-06	1.2251377905503347e-06
J06-D02-whole-query	whole-minus-focal	26	-0.10907256603240967	-0.21045231819152832	-0.07140922546386719	-0.10137975215911865	0.13904309272766113	-0.10295402082153338	0.11657768341955776	0.001574846622221182	0.02246675639855278	-5.779598064581393e-07	-1.347090449410615e-06
J06-D02-whole-query	whole-minus-focal	27	-0.07140922546386719	0.031934261322021484	-0.01316690444946289	0.10334348678588867	-0.045101165771484375	0.10582304179023261	-0.04023621874989747	-0.0024821209761555774	-0.004866960457496239	2.565971811641088e-06	2.0134359093315624e-06
J06-D02-whole-query	whole-minus-focal	28	-0.01316690444946289	-0.0015411376953125	-0.1425647735595703	0.01162576675415039	-0.1410236358642578	0.007656681451742697	-0.14212195790412396	0.003976715111180806	0.00109486633241751	-7.629808773113034e-06	3.4557074486407657e-06
J06-D02-whole-query	whole-minus-focal	29	-0.1425647735595703	-0.20343303680419922	-0.22316646575927734	-0.060868263244628906	-0.019733428955078125	-0.07246582448639849	-0.03050419983496755	0.011597213128784478	0.01077185323683194	3.481129851046205e-07	-1.0823569425166824e-06
J06-D02-whole-query	whole-minus-focal	30	-0.22316646575927734	-0.018617630004882812	-0.16537952423095703	0.20454883575439453	-0.14676189422607422	0.2024853314497097	-0.1388699895251164	0.002061931075982848	-0.007892717384805792	1.573228701978735e-06	8.126838482169774e-07
J06-D02-whole-query	whole-minus-focal	31	-0.16537952423095703	-0.1626434326171875	-0.2818584442138672	0.0027360916137695312	-0.11921501159667969	0.0160327794349433	-0.1589994415439464	-0.013290696361288323	0.03978120470848712	-5.991459885446027e-06	3.2252387796027904e-06
J06-D02-whole-query	whole-minus-focal	32	-0.2818584442138672	-0.35227489471435547	-0.6975984573364258	-0.07041645050048828	-0.3453235626220703	-0.08636215904543398	-0.3834659853579847	0.015939310948483332	0.0381493139915714	6.397596462481836e-06	-6.891255657004436e-06
J06-D02-whole-query	whole-minus-focal	33	-0.6975984573364258	-0.7225265502929688	-0.48697566986083984	-0.02492809295654297	0.2355508804321289	-0.06696171967209019	0.12554304146732093	0.04203481037301371	0.1100045663751561	-1.18365746626381e-06	3.2725896521590414e-06
J06-D02-whole-query	whole-minus-focal	34	-0.48697566986083984	-0.4754171371459961	-0.33529186248779297	0.01155853271484375	0.14012527465820312	-0.03476730446238596	0.07084809681441362	0.046325496507252595	0.06927575586898982	3.4066997711690306e-07	1.4219747996868648e-06
J06-D02-whole-query	whole-minus-focal	35	-0.33529186248779297	-0.32114315032958984	-0.7891063690185547	0.014148712158203125	-0.46796321868896484	-0.01605387938848364	-0.12089055887971001	0.030200605082041587	-0.34706726469786986	1.9864646452205648e-06	-5.395111385197993e-06
J07-D01-whole-query	whole-minus-focal	0	0.0	0.0	0.0	0.0	0.0	0.0	0.0	0.0	0.0	0.0	0.0
J07-D01-whole-query	whole-minus-focal	1	0.0	0.0	0.0	0.0	0.0	0.0	0.0	0.0	0.0	0.0	0.0
J07-D01-whole-query	whole-minus-focal	2	0.0	0.0	0.0	0.0	0.0	0.0	0.0	0.0	0.0	0.0	0.0
J07-D01-whole-query	whole-minus-focal	3	0.0	0.0	0.0	0.0	0.0	0.0	0.0	0.0	0.0	0.0	0.0
J07-D01-whole-query	whole-minus-focal	4	0.0	0.0	0.0	0.0	0.0	0.0	0.0	0.0	0.0	0.0	0.0
J07-D01-whole-query	whole-minus-focal	5	0.0	0.0	0.0	0.0	0.0	0.0	0.0	0.0	0.0	0.0	0.0
J07-D01-whole-query	whole-minus-focal	6	0.0	0.0	0.0	0.0	0.0	0.0	0.0	0.0	0.0	0.0	0.0
J07-D01-whole-query	whole-minus-focal	7	0.0	0.0	0.0	0.0	0.0	0.0	0.0	0.0	0.0	0.0	0.0
J07-D01-whole-query	whole-minus-focal	8	0.0	0.0	0.0	0.0	0.0	0.0	0.0	0.0	0.0	0.0	0.0
J07-D01-whole-query	whole-minus-focal	9	0.0	0.0	0.0	0.0	0.0	0.0	0.0	0.0	0.0	0.0	0.0
J07-D01-whole-query	whole-minus-focal	10	0.0	0.0	0.0	0.0	0.0	0.0	0.0	0.0	0.0	0.0	0.0
J07-D01-whole-query	whole-minus-focal	11	0.0	0.0	0.0	0.0	0.0	0.0	0.0	0.0	0.0	0.0	0.0
J07-D01-whole-query	whole-minus-focal	12	0.0	0.0	0.0	0.0	0.0	0.0	0.0	0.0	0.0	0.0	0.0
J07-D01-whole-query	whole-minus-focal	13	0.0	0.0	0.0	0.0	0.0	0.0	0.0	0.0	0.0	0.0	0.0
J07-D01-whole-query	whole-minus-focal	14	0.0	0.0	0.0	0.0	0.0	0.0	0.0	0.0	0.0	0.0	0.0
J07-D01-whole-query	whole-minus-focal	15	0.0	0.0	0.0	0.0	0.0	0.0	0.0	0.0	0.0	0.0	0.0
J07-D01-whole-query	whole-minus-focal	16	0.0	0.0	0.0	0.0	0.0	0.0	0.0	0.0	0.0	0.0	0.0
J07-D01-whole-query	whole-minus-focal	17	0.0	0.0	0.0	0.0	0.0	0.0	0.0	0.0	0.0	0.0	0.0
J07-D01-whole-query	whole-minus-focal	18	0.0	0.006252646446228027	-0.007848501205444336	0.006252646446228027	-0.014101147651672363	0.00624643523128654	-0.013920643092206308	5.66749645602993e-06	-0.00017945507983907483	5.437184854573118e-07	-1.0494796269799878e-06
J07-D01-whole-query	whole-minus-focal	19	-0.007848501205444336	-0.04732918739318848	-0.040212154388427734	-0.03948068618774414	0.007117033004760742	-0.03976490935983645	0.008619440509519467	0.00028279309402434727	-0.0015034464124497604	1.4300780679654679e-06	1.0389076910144457e-06
J07-D01-whole-query	whole-minus-focal	20	-0.040212154388427734	-0.0077784061431884766	-0.030552387237548828	0.03243374824523926	-0.02277398109436035	0.024514520645695453	-0.018567419099183913	0.007922250525108865	-0.004207894912653387	-3.022925565032697e-06	1.3329174769483032e-06
J07-D01-whole-query	whole-minus-focal	21	-0.030552387237548828	-0.058241963386535645	-0.009228944778442383	-0.027689576148986816	0.04901301860809326	-0.03339132036072562	0.04890263489735858	0.005704086152754417	0.00010910795711313592	-2.3419410156710896e-06	1.2757536215490806e-06
J07-D01-whole-query	whole-minus-focal	22	-0.009228944778442383	-0.05759096145629883	-0.11512041091918945	-0.048362016677856445	-0.057529449462890625	-0.050529775641185104	-0.05700893223632031	0.002169433143290933	-0.0005222919847360646	-1.6741799622743692e-06	1.774758165748458e-06
J07-D01-whole-query	whole-minus-focal	23	-0.11512041091918945	-0.1929624080657959	-0.18599534034729004	-0.07784199714660645	0.006967067718505859	-0.09474776098698845	-0.004042056956177875	0.016905233874089154	0.011009953199980452	5.299662928504034e-07	-8.285252967171752e-07
J07-D01-whole-query	whole-minus-focal	24	-0.18599534034729004	-0.18790936470031738	-0.1767559051513672	-0.0019140243530273438	0.011153459548950195	-0.028609649584739327	-0.004952426114973513	0.026698065308380536	0.016101991797103005	-2.4400766685528374e-06	3.893866820731118e-06
J07-D01-whole-query	whole-minus-focal	25	-0.1767559051513672	-0.20068025588989258	-0.12769174575805664	-0.02392435073852539	0.07298851013183594	-0.02721115663491358	0.0579285281580213	0.0032877726817222633	0.015057178405116875	-9.667853340736277e-07	2.803568697765102e-06
J07-D01-whole-query	whole-minus-focal	26	-0.12769174575805664	-0.21077394485473633	-0.27866506576538086	-0.08308219909667969	-0.06789112091064453	-0.08886208507128801	-0.09127464440451938	0.005785380794269199	0.02338035460848708	-5.494819660875616e-06	3.1688853877678835e-06
J07-D01-whole-query	whole-minus-focal	27	-0.27866506576538086	-0.3378019332885742	-0.36326026916503906	-0.05913686752319336	-0.025458335876464844	-0.06740563067667626	-0.05752296018068173	0.008269136009488339	0.03206348813775381	-3.7285600543342234e-07	1.1361664630782364e-06
J07-D01-whole-query	whole-minus-focal	28	-0.36326026916503906	-0.2537412643432617	-0.29000377655029297	0.10951900482177734	-0.03626251220703125	0.09483993367879195	-0.06785964533612265	0.014678964752267234	0.031597896148902294	1.0639071815546353e-07	-7.630198108898867e-07
J07-D01-whole-query	whole-minus-focal	29	-0.29000377655029297	-0.3284168243408203	-0.3186521530151367	-0.038413047790527344	0.009764671325683594	-0.05767000011600221	-0.027235378482205475	0.01925837126188712	0.037001904946322606	-1.418936412256322e-06	-1.8551384335374621e-06
J07-D01-whole-query	whole-minus-focal	30	-0.3186521530151367	-0.41207027435302734	-0.3365135192871094	-0.09341812133789062	0.07555675506591797	-0.10971504342394	0.016685977765197757	0.016296396534958735	0.05886698623708542	5.255510906465588e-07	3.7910636347948667e-06
J07-D01-whole-query	whole-minus-focal	31	-0.3365135192871094	-0.34981441497802734	-0.358245849609375	-0.013300895690917969	-0.008431434631347656	-0.02675748728360594	-0.04569468256276099	0.013459084566893209	0.0372623154095324	-2.4929742052370862e-06	9.325218808253766e-07
J07-D01-whole-query	whole-minus-focal	32	-0.358245849609375	-0.4178352355957031	-0.43712806701660156	-0.059589385986328125	-0.019292831420898438	-0.0812690326380725	-0.06440927422062259	0.021685697692649608	0.045110049760546334	-6.051040905230565e-06	6.3930391778210804e-06
J07-D01-whole-query	whole-minus-focal	33	-0.43712806701660156	-0.4256000518798828	-0.34919166564941406	0.01152801513671875	0.07640838623046875	-0.012814895903060702	0.021258494503160308	0.02434406556224089	0.05514741260576228	-1.1545224614106786e-06	2.4791215460506777e-06
J07-D01-whole-query	whole-minus-focal	34	-0.34919166564941406	-0.36016368865966797	-0.2126626968383789	-0.010972023010253906	0.14750099182128906	-0.05093142547378249	0.07755035024980117	0.03996352843740647	0.06994568470689044	-4.1259738776666666e-06	4.956864597449595e-06
J07-D01-whole-query	whole-minus-focal	35	-0.2126626968383789	-0.2183847427368164	-0.6740913391113281	-0.0057220458984375	-0.4557065963745117	-0.01697152407148983	-0.12731674190111075	0.011254189786653157	-0.32839135133473185	-4.711613600827391e-06	1.4968613317734025e-06
J07-D02-whole-query	whole-minus-focal	0	0.0	0.0	0.0	0.0	0.0	0.0	0.0	0.0	0.0	0.0	0.0
J07-D02-whole-query	whole-minus-focal	1	0.0	0.0	0.0	0.0	0.0	0.0	0.0	0.0	0.0	0.0	0.0
J07-D02-whole-query	whole-minus-focal	2	0.0	0.0	0.0	0.0	0.0	0.0	0.0	0.0	0.0	0.0	0.0
J07-D02-whole-query	whole-minus-focal	3	0.0	0.0	0.0	0.0	0.0	0.0	0.0	0.0	0.0	0.0	0.0
J07-D02-whole-query	whole-minus-focal	4	0.0	0.0	0.0	0.0	0.0	0.0	0.0	0.0	0.0	0.0	0.0
J07-D02-whole-query	whole-minus-focal	5	0.0	0.0	0.0	0.0	0.0	0.0	0.0	0.0	0.0	0.0	0.0
J07-D02-whole-query	whole-minus-focal	6	0.0	0.0	0.0	0.0	0.0	0.0	0.0	0.0	0.0	0.0	0.0
J07-D02-whole-query	whole-minus-focal	7	0.0	0.0	0.0	0.0	0.0	0.0	0.0	0.0	0.0	0.0	0.0
J07-D02-whole-query	whole-minus-focal	8	0.0	0.0	0.0	0.0	0.0	0.0	0.0	0.0	0.0	0.0	0.0
J07-D02-whole-query	whole-minus-focal	9	0.0	0.0	0.0	0.0	0.0	0.0	0.0	0.0	0.0	0.0	0.0
J07-D02-whole-query	whole-minus-focal	10	0.0	0.0	0.0	0.0	0.0	0.0	0.0	0.0	0.0	0.0	0.0
J07-D02-whole-query	whole-minus-focal	11	0.0	0.0	0.0	0.0	0.0	0.0	0.0	0.0	0.0	0.0	0.0
J07-D02-whole-query	whole-minus-focal	12	0.0	0.0	0.0	0.0	0.0	0.0	0.0	0.0	0.0	0.0	0.0
J07-D02-whole-query	whole-minus-focal	13	0.0	0.0	0.0	0.0	0.0	0.0	0.0	0.0	0.0	0.0	0.0
J07-D02-whole-query	whole-minus-focal	14	0.0	0.0	0.0	0.0	0.0	0.0	0.0	0.0	0.0	0.0	0.0
J07-D02-whole-query	whole-minus-focal	15	0.0	0.0	0.0	0.0	0.0	0.0	0.0	0.0	0.0	0.0	0.0
J07-D02-whole-query	whole-minus-focal	16	0.0	0.0	0.0	0.0	0.0	0.0	0.0	0.0	0.0	0.0	0.0
J07-D02-whole-query	whole-minus-focal	17	0.0	0.0	0.0	0.0	0.0	0.0	0.0	0.0	0.0	0.0	0.0
J07-D02-whole-query	whole-minus-focal	18	0.0	-0.007541358470916748	0.008366823196411133	-0.007541358470916748	0.01590818166732788	-0.0075429232546255776	0.015931944054875746	1.2605950320682124e-06	-2.415309846232061e-05	3.041886767612967e-07	3.9071091445519457e-07
J07-D02-whole-query	whole-minus-focal	19	0.008366823196411133	0.04183483123779297	0.027289509773254395	0.033468008041381836	-0.014545321464538574	0.03377378077391846	-0.01583132215357235	-0.0003058293486988828	0.0012858913844666087	5.661616225838273e-08	1.0930456714741688e-07
J07-D02-whole-query	whole-minus-focal	20	0.027289509773254395	-0.02745908498764038	-0.04320073127746582	-0.054748594760894775	-0.01574164628982544	-0.04976788581242009	-0.019276360218022537	-0.004978924897644232	0.003533880052483118	-1.7840508304556302e-06	8.33875713979193e-07
J07-D02-whole-query	whole-minus-focal	21	-0.04320073127746582	0.004104137420654297	-0.06082499027252197	0.04730486869812012	-0.06492912769317627	0.048246980998211786	-0.06962419889279398	-0.000942268658700951	0.004695543435430882	1.5635860928231438e-07	-4.72235813175903e-07
J07-D02-whole-query	whole-minus-focal	22	-0.06082499027252197	-0.06003129482269287	0.007023870944976807	0.0007936954498291016	0.06705516576766968	0.004680199475650015	0.06107097317958177	-0.0038860186918402984	0.005982490711232191	-4.853339806154544e-07	1.7018768557197639e-06
J07-D02-whole-query	whole-minus-focal	23	0.007023870944976807	0.01742839813232422	-0.15704059600830078	0.010404527187347412	-0.174468994140625	0.017120953209096346	-0.1757947714215402	-0.006716232825618951	0.0013263419646010327	-1.9319612998280888e-07	-5.646836858247406e-07
J07-D02-whole-query	whole-minus-focal	24	-0.15704059600830078	-0.1050407886505127	-0.2411212921142578	0.051999807357788086	-0.13608050346374512	0.023283841636800418	-0.1451674102350996	0.028715987033812007	0.009085390562431989	-2.1312824338703962e-08	1.5162089225251307e-06
J07-D02-whole-query	whole-minus-focal	25	-0.2411212921142578	-0.19125604629516602	-0.18515419960021973	0.0498652458190918	0.006101846694946289	0.04798896043401091	-0.009951617314841288	0.001878388343442939	0.01605431397745736	-2.102958362049795e-06	-8.499676697817926e-07
J07-D02-whole-query	whole-minus-focal	26	-0.18515419960021973	-0.12260866165161133	0.1555805206298828	0.0625455379486084	0.27818918228149414	0.0546262896246168	0.26498674398946453	0.007919982530057601	0.013198739948267762	-7.342060659998317e-07	3.6983437618435394e-06
J07-D02-whole-query	whole-minus-focal	27	0.1555805206298828	0.20162677764892578	0.17478179931640625	0.04604625701904297	-0.02684497833251953	0.049944270975635474	-0.007685392801239033	-0.0038953549781003786	-0.019159802208489625	-2.6589784921267345e-06	2.1667720912638133e-07
J07-D02-whole-query	whole-minus-focal	28	0.17478179931640625	-0.02182769775390625	0.03905200958251953	-0.1966094970703125	0.06087970733642578	-0.19005430641772536	0.058688343667231635	-0.00655441683619633	0.0021884636592881535	-7.738163908099088e-07	2.9000099059928175e-06
J07-D02-whole-query	whole-minus-focal	29	0.03905200958251953	-0.00829315185546875	0.0511627197265625	-0.04734516143798828	0.05945587158203125	-0.049770032085027616	0.06728298402540767	0.0024280435460581895	-0.007822373593253884	-3.172899018855091e-06	-4.738850122532057e-06
J07-D02-whole-query	whole-minus-focal	30	0.0511627197265625	0.07833385467529297	0.04853057861328125	0.02717113494873047	-0.02980327606201172	0.02285506266058479	-0.020128505988987966	0.004311678067170144	-0.009673020426163803	4.394220975534324e-06	-1.7496468599498272e-06
J07-D02-whole-query	whole-minus-focal	31	0.04853057861328125	0.08505630493164062	0.02883148193359375	0.036525726318359375	-0.056224822998046875	0.03915015409000813	-0.04545724768457521	-0.0026259216440887023	-0.010768269562086097	1.4938724399726766e-06	6.942486143746152e-07
J07-D02-whole-query	whole-minus-focal	32	0.02883148193359375	0.010998725891113281	0.12260150909423828	-0.01783275604248047	0.111602783203125	-0.016823020244606468	0.13364573491175413	-0.0010096831429945996	-0.02204161574394381	-5.2654879401092813e-08	-1.3359646853228213e-06
J07-D02-whole-query	whole-minus-focal	33	0.12260150909423828	0.12236499786376953	0.11446571350097656	-0.00023651123046875	-0.007899284362792969	0.0034833524123802084	0.01840424703564736	-0.003724002218957856	-0.026302328975094547	4.138576108925207e-06	-1.202423345780801e-06
J07-D02-whole-query	whole-minus-focal	34	0.11446571350097656	0.14063549041748047	0.058281898498535156	0.026169776916503906	-0.08235359191894531	0.037980909627234216	-0.0534670742442489	-0.011812618056272761	-0.02888258674564481	1.485345542340255e-06	-3.930929051598753e-06
J07-D02-whole-query	whole-minus-focal	35	0.058281898498535156	0.06650161743164062	0.32649993896484375	0.008219718933105469	0.2599983215332031	0.003667509007968528	0.04904213743286201	0.004551065584836755	0.21094842320622575	1.144340300185398e-06	7.760894115804717e-06
J08-D01-whole-query	whole-minus-focal	0	0.0	0.0	0.0	0.0	0.0	0.0	0.0	0.0	0.0	0.0	0.0
J08-D01-whole-query	whole-minus-focal	1	0.0	0.0	0.0	0.0	0.0	0.0	0.0	0.0	0.0	0.0	0.0
J08-D01-whole-query	whole-minus-focal	2	0.0	0.0	0.0	0.0	0.0	0.0	0.0	0.0	0.0	0.0	0.0
J08-D01-whole-query	whole-minus-focal	3	0.0	0.0	0.0	0.0	0.0	0.0	0.0	0.0	0.0	0.0	0.0
J08-D01-whole-query	whole-minus-focal	4	0.0	0.0	0.0	0.0	0.0	0.0	0.0	0.0	0.0	0.0	0.0
J08-D01-whole-query	whole-minus-focal	5	0.0	0.0	0.0	0.0	0.0	0.0	0.0	0.0	0.0	0.0	0.0
J08-D01-whole-query	whole-minus-focal	6	0.0	0.0	0.0	0.0	0.0	0.0	0.0	0.0	0.0	0.0	0.0
J08-D01-whole-query	whole-minus-focal	7	0.0	0.0	0.0	0.0	0.0	0.0	0.0	0.0	0.0	0.0	0.0
J08-D01-whole-query	whole-minus-focal	8	0.0	0.0	0.0	0.0	0.0	0.0	0.0	0.0	0.0	0.0	0.0
J08-D01-whole-query	whole-minus-focal	9	0.0	0.0	0.0	0.0	0.0	0.0	0.0	0.0	0.0	0.0	0.0
J08-D01-whole-query	whole-minus-focal	10	0.0	0.0	0.0	0.0	0.0	0.0	0.0	0.0	0.0	0.0	0.0
J08-D01-whole-query	whole-minus-focal	11	0.0	0.0	0.0	0.0	0.0	0.0	0.0	0.0	0.0	0.0	0.0
J08-D01-whole-query	whole-minus-focal	12	0.0	0.0	0.0	0.0	0.0	0.0	0.0	0.0	0.0	0.0	0.0
J08-D01-whole-query	whole-minus-focal	13	0.0	0.0	0.0	0.0	0.0	0.0	0.0	0.0	0.0	0.0	0.0
J08-D01-whole-query	whole-minus-focal	14	0.0	0.0	0.0	0.0	0.0	0.0	0.0	0.0	0.0	0.0	0.0
J08-D01-whole-query	whole-minus-focal	15	0.0	0.0	0.0	0.0	0.0	0.0	0.0	0.0	0.0	0.0	0.0
J08-D01-whole-query	whole-minus-focal	16	0.0	0.0	0.0	0.0	0.0	0.0	0.0	0.0	0.0	0.0	0.0
J08-D01-whole-query	whole-minus-focal	17	0.0	0.0	0.0	0.0	0.0	0.0	0.0	0.0	0.0	0.0	0.0
J08-D01-whole-query	whole-minus-focal	18	0.0	0.010290205478668213	-0.0013419389724731445	0.010290205478668213	-0.011632144451141357	0.010305814717576744	-0.011329917376393883	-1.546573235380877e-05	-0.00030310509038533606	-1.4350655472283869e-07	8.780156378618287e-07
J08-D01-whole-query	whole-minus-focal	19	-0.0013419389724731445	-0.021894216537475586	-0.03014504909515381	-0.02055227756500244	-0.008250832557678223	-0.022648365962261385	-0.004209491941034038	0.002095437245875742	-0.004040518708893326	6.511513832019311e-07	-8.219077508586636e-07
J08-D01-whole-query	whole-minus-focal	20	-0.03014504909515381	-0.03547489643096924	-0.023902297019958496	-0.00532984733581543	0.011572599411010742	-0.008233022453558447	0.008807692555721225	0.002903412559246643	0.002764709853509212	-2.3744150362547956e-07	1.9700178030546134e-07
J08-D01-whole-query	whole-minus-focal	21	-0.023902297019958496	0.008299946784973145	0.04252946376800537	0.03220224380493164	0.03422951698303223	0.025795759145095354	0.034134184570835724	0.006408597277694383	9.295470311601606e-05	-2.112617858096577e-06	2.377709080486623e-06
J08-D01-whole-query	whole-minus-focal	22	0.04252946376800537	0.06895947456359863	0.09749197959899902	0.02643001079559326	0.02853250503540039	0.0244826270841334	0.034308916922852095	0.0019480325056988046	-0.005774435656623736	-6.487942389443724e-07	-1.976230827968606e-06
J08-D01-whole-query	whole-minus-focal	23	0.09749197959899902	0.08337074518203735	0.22076690196990967	-0.01412123441696167	0.13739615678787231	-0.002398624726544618	0.14568516252352692	-0.011724668764363289	-0.008285560944570142	2.0590739462367225e-06	-3.444791084467047e-06
J08-D01-whole-query	whole-minus-focal	24	0.22076690196990967	0.1971607208251953	0.2887711524963379	-0.023606181144714355	0.09161043167114258	0.00508334802517213	0.10947422224753767	-0.028692541485288103	-0.017863348669367674	3.0123154015626596e-06	-4.419070274153114e-07
J08-D01-whole-query	whole-minus-focal	25	0.2887711524963379	0.2866804599761963	0.2749509811401367	-0.0020906925201416016	-0.01172947883605957	0.0029592332718362258	0.01030405964733383	-0.005051375782055133	-0.022032621091941318	1.449990077305452e-06	-9.173914520821391e-07
J08-D01-whole-query	whole-minus-focal	26	0.2749509811401367	0.5553042888641357	0.44960641860961914	0.280353307723999	-0.1056978702545166	0.2912192341209646	-0.039414003503593475	-0.010865541942011281	-0.06628252832497322	-3.844549543163822e-07	-1.3384259499038542e-06
J08-D01-whole-query	whole-minus-focal	27	0.44960641860961914	0.5260720252990723	0.47708654403686523	0.07646560668945312	-0.04898548126220703	0.09376667125688765	-0.0005413072625253257	-0.0173033738443297	-0.04844439703168568	2.3092768951793463e-06	2.2303200397644218e-07
J08-D01-whole-query	whole-minus-focal	28	0.47708654403686523	0.5474443435668945	0.9658317565917969	0.0703577995300293	0.41838741302490234	0.0885603370120176	0.48287836618087043	-0.01820116447095145	-0.06448600241501302	-1.3730110368509463e-06	-4.9507409550647585e-06
J08-D01-whole-query	whole-minus-focal	29	0.9658317565917969	1.2149810791015625	1.0221500396728516	0.24914932250976562	-0.19283103942871094	0.3273984540093142	-0.060949899892624115	-0.0782540741872163	-0.1318765935661811	4.942687667708334e-06	-4.545969905733749e-06
J08-D01-whole-query	whole-minus-focal	30	1.0221500396728516	1.157644271850586	1.1004257202148438	0.13549423217773438	-0.05721855163574219	0.1950808356839029	0.09851323758229169	-0.05959264151531912	-0.15572966812666797	6.0380091506107014e-06	-2.1210913658982478e-06
J08-D01-whole-query	whole-minus-focal	31	1.1004257202148438	1.0417442321777344	1.0240697860717773	-0.058681488037109375	-0.01767444610595703	-0.008544399662029634	0.09137167900158738	-0.050139663841940324	-0.10904242990010982	2.5754668605826314e-06	-3.6952074345952823e-06
J08-D01-whole-query	whole-minus-focal	32	1.0240697860717773	1.0585289001464844	1.2987499237060547	0.03445911407470703	0.2402210235595703	0.09651934336670998	0.31281529582859724	-0.06206934023892827	-0.07258753019480979	9.11094692532255e-06	-6.742074217136462e-06
J08-D01-whole-query	whole-minus-focal	33	1.2987499237060547	1.2314128875732422	1.1536445617675781	-0.0673370361328125	-0.07776832580566406	0.02524106769794518	0.06482093906278741	-0.09257988120011529	-0.14258408354723828	1.7773693575806604e-06	-5.181321213187928e-06
J08-D01-whole-query	whole-minus-focal	34	1.1536445617675781	1.03240966796875	0.7432146072387695	-0.12123489379882812	-0.28919506072998047	0.00634071822911042	-0.060569916004431956	-0.12757439807526427	-0.2286295884120546	-1.2139526742727114e-06	4.443686506094835e-06
J08-D01-whole-query	whole-minus-focal	35	0.7432146072387695	0.7091159820556641	1.2513427734375	-0.03409862518310547	0.5422267913818359	0.025213237449131842	-0.20153126599584947	-0.05931038017377499	0.7437570306990962	-1.482458462320757e-06	1.0266785901436037e-06
J08-D02-whole-query	whole-minus-focal	0	0.0	0.0	0.0	0.0	0.0	0.0	0.0	0.0	0.0	0.0	0.0
J08-D02-whole-query	whole-minus-focal	1	0.0	0.0	0.0	0.0	0.0	0.0	0.0	0.0	0.0	0.0	0.0
J08-D02-whole-query	whole-minus-focal	2	0.0	0.0	0.0	0.0	0.0	0.0	0.0	0.0	0.0	0.0	0.0
J08-D02-whole-query	whole-minus-focal	3	0.0	0.0	0.0	0.0	0.0	0.0	0.0	0.0	0.0	0.0	0.0
J08-D02-whole-query	whole-minus-focal	4	0.0	0.0	0.0	0.0	0.0	0.0	0.0	0.0	0.0	0.0	0.0
J08-D02-whole-query	whole-minus-focal	5	0.0	0.0	0.0	0.0	0.0	0.0	0.0	0.0	0.0	0.0	0.0
J08-D02-whole-query	whole-minus-focal	6	0.0	0.0	0.0	0.0	0.0	0.0	0.0	0.0	0.0	0.0	0.0
J08-D02-whole-query	whole-minus-focal	7	0.0	0.0	0.0	0.0	0.0	0.0	0.0	0.0	0.0	0.0	0.0
J08-D02-whole-query	whole-minus-focal	8	0.0	0.0	0.0	0.0	0.0	0.0	0.0	0.0	0.0	0.0	0.0
J08-D02-whole-query	whole-minus-focal	9	0.0	0.0	0.0	0.0	0.0	0.0	0.0	0.0	0.0	0.0	0.0
J08-D02-whole-query	whole-minus-focal	10	0.0	0.0	0.0	0.0	0.0	0.0	0.0	0.0	0.0	0.0	0.0
J08-D02-whole-query	whole-minus-focal	11	0.0	0.0	0.0	0.0	0.0	0.0	0.0	0.0	0.0	0.0	0.0
J08-D02-whole-query	whole-minus-focal	12	0.0	0.0	0.0	0.0	0.0	0.0	0.0	0.0	0.0	0.0	0.0
J08-D02-whole-query	whole-minus-focal	13	0.0	0.0	0.0	0.0	0.0	0.0	0.0	0.0	0.0	0.0	0.0
J08-D02-whole-query	whole-minus-focal	14	0.0	0.0	0.0	0.0	0.0	0.0	0.0	0.0	0.0	0.0	0.0
J08-D02-whole-query	whole-minus-focal	15	0.0	0.0	0.0	0.0	0.0	0.0	0.0	0.0	0.0	0.0	0.0
J08-D02-whole-query	whole-minus-focal	16	0.0	0.0	0.0	0.0	0.0	0.0	0.0	0.0	0.0	0.0	0.0
J08-D02-whole-query	whole-minus-focal	17	0.0	0.0	0.0	0.0	0.0	0.0	0.0	0.0	0.0	0.0	0.0
J08-D02-whole-query	whole-minus-focal	18	0.0	-0.01332506537437439	0.0005248785018920898	-0.01332506537437439	0.01384994387626648	-0.013352452670203796	0.013514169870287418	2.588844827512704e-05	0.0003375161604329824	1.4988475542793145e-06	-1.7421544539208966e-06
J08-D02-whole-query	whole-minus-focal	19	0.0005248785018920898	0.029211759567260742	0.05051290988922119	0.028686881065368652	0.02130115032196045	0.030783527036377878	0.015334660045654008	-0.00209820346045525	0.005968677255618643	1.5574894460246291e-06	-2.18697931220202e-06
J08-D02-whole-query	whole-minus-focal	20	0.05051290988922119	0.06883972883224487	0.0561671257019043	0.01832681894302368	-0.012672603130340576	0.024859481526262772	-0.00927403346215154	-0.006531331136678864	-0.003399581325120471	-1.3314465602265457e-06	1.0116569314211343e-06
J08-D02-whole-query	whole-minus-focal	21	0.0561671257019043	0.015265464782714844	-0.054786086082458496	-0.04090166091918945	-0.07005155086517334	-0.033364538396748356	-0.07364995141068931	-0.007538597591375873	0.00360006849415917	1.4750689348863588e-06	-1.6679486432025215e-06
J08-D02-whole-query	whole-minus-focal	22	-0.054786086082458496	-0.04479283094406128	-0.018114328384399414	0.009993255138397217	0.026678502559661865	0.011547079876660038	0.023749949836550543	-0.0015549539336545126	0.0029276572096817166	1.1291953916914288e-06	8.955134296051437e-07
J08-D02-whole-query	whole-minus-focal	23	-0.018114328384399414	0.06872546672821045	0.016253113746643066	0.08683979511260986	-0.05247235298156738	0.08239380491914505	-0.05034204085716332	0.0044458093632553375	-0.0021297909219975125	1.808302094730152e-07	-5.212024065531784e-07
J08-D02-whole-query	whole-minus-focal	24	0.016253113746643066	0.06277084350585938	0.01705026626586914	0.04651772975921631	-0.045720577239990234	0.04984435687519484	-0.04085533233218552	-0.0033284031848063167	-0.004865170498068505	1.7760688277856929e-06	-7.440973620598257e-08
J08-D02-whole-query	whole-minus-focal	25	0.01705026626586914	0.01739501953125	0.07799816131591797	0.0003447532653808594	0.06060314178466797	-0.00021573073723168967	0.05930570085835751	0.0005615504879640451	0.0012982624226878514	-1.0664853514960604e-06	-8.214963773955919e-07
J08-D02-whole-query	whole-minus-focal	26	0.07799816131591797	0.08694219589233398	0.055240631103515625	0.008944034576416016	-0.03170156478881836	0.014525285552338424	-0.01892417733558638	-0.00558100021844643	-0.012776499522429707	-2.507574759780251e-07	-8.879308022735621e-07
J08-D02-whole-query	whole-minus-focal	27	0.055240631103515625	0.00841522216796875	0.02588176727294922	-0.046825408935546875	0.01746654510498047	-0.047758822745073815	0.017796495877965945	0.0009325196527450869	-0.0003295021498725681	8.94156781852673e-07	-4.4862311290860823e-07
J08-D02-whole-query	whole-minus-focal	28	0.02588176727294922	-0.04566383361816406	-0.11852359771728516	-0.07154560089111328	-0.0728597640991211	-0.069866903387934	-0.0775475209977543	-0.0016766626858984376	0.0046869222247268305	-2.034817280845147e-06	8.346739063802566e-07
J08-D02-whole-query	whole-minus-focal	29	-0.11852359771728516	-0.049468040466308594	0.041568756103515625	0.06905555725097656	0.09103679656982422	0.05576624908026462	0.08445257811785312	0.013291759356761412	0.006577488162664902	-2.451186049468035e-06	6.730289306200454e-06
J08-D02-whole-query	whole-minus-focal	30	0.041568756103515625	0.2443408966064453	0.08102607727050781	0.2027721405029297	-0.1633148193359375	0.2048944526866756	-0.1336436259361904	-0.0021205924268388188	-0.029671306500356376	-1.7197569071036867e-06	1.1310060926694732e-07
J08-D02-whole-query	whole-minus-focal	31	0.08102607727050781	0.07920646667480469	0.0954446792602539	-0.001819610595703125	0.01623821258544922	0.0019466241042774834	0.01881803662963361	-0.0037670223885377385	-0.0025761996155084232	7.876885571300729e-07	-3.6244286759634647e-06
J08-D02-whole-query	whole-minus-focal	32	0.0954446792602539	0.2606658935546875	0.331390380859375	0.1652212142944336	0.0707244873046875	0.17056584892349846	0.08655869676054584	-0.005350457865539726	-0.015829031434595242	5.823236474855609e-06	-5.178021263096966e-06
J08-D02-whole-query	whole-minus-focal	33	0.331390380859375	0.3128013610839844	0.28363990783691406	-0.018589019775390625	-0.029161453247070312	0.006650988962411342	-0.0013962055072671564	-0.025238441347659624	-0.027767582548329783	-1.5673901423429726e-06	2.3348085266272633e-06
J08-D02-whole-query	whole-minus-focal	34	0.28363990783691406	0.2672004699707031	0.17508602142333984	-0.016439437866210938	-0.09211444854736328	0.013777033259078975	-0.042336315132595725	-0.03020880782757629	-0.04978346635506914	-7.663297713622619e-06	5.332940301583378e-06
J08-D02-whole-query	whole-minus-focal	35	0.17508602142333984	0.15792083740234375	0.4250831604003906	-0.017165184020996094	0.2671623229980469	-0.0014831142755038496	0.041176097240553045	-0.01568831163982276	0.22600157626228246	6.241894330516473e-06	-1.5350504789068964e-05
J09-D01-whole-query	whole-minus-focal	0	0.0	0.0	0.0	0.0	0.0	0.0	0.0	0.0	0.0	0.0	0.0
J09-D01-whole-query	whole-minus-focal	1	0.0	0.0	0.0	0.0	0.0	0.0	0.0	0.0	0.0	0.0	0.0
J09-D01-whole-query	whole-minus-focal	2	0.0	0.0	0.0	0.0	0.0	0.0	0.0	0.0	0.0	0.0	0.0
J09-D01-whole-query	whole-minus-focal	3	0.0	0.0	0.0	0.0	0.0	0.0	0.0	0.0	0.0	0.0	0.0
J09-D01-whole-query	whole-minus-focal	4	0.0	0.0	0.0	0.0	0.0	0.0	0.0	0.0	0.0	0.0	0.0
J09-D01-whole-query	whole-minus-focal	5	0.0	0.0	0.0	0.0	0.0	0.0	0.0	0.0	0.0	0.0	0.0
J09-D01-whole-query	whole-minus-focal	6	0.0	0.0	0.0	0.0	0.0	0.0	0.0	0.0	0.0	0.0	0.0
J09-D01-whole-query	whole-minus-focal	7	0.0	0.0	0.0	0.0	0.0	0.0	0.0	0.0	0.0	0.0	0.0
J09-D01-whole-query	whole-minus-focal	8	0.0	0.0	0.0	0.0	0.0	0.0	0.0	0.0	0.0	0.0	0.0
J09-D01-whole-query	whole-minus-focal	9	0.0	0.0	0.0	0.0	0.0	0.0	0.0	0.0	0.0	0.0	0.0
J09-D01-whole-query	whole-minus-focal	10	0.0	0.0	0.0	0.0	0.0	0.0	0.0	0.0	0.0	0.0	0.0
J09-D01-whole-query	whole-minus-focal	11	0.0	0.0	0.0	0.0	0.0	0.0	0.0	0.0	0.0	0.0	0.0
J09-D01-whole-query	whole-minus-focal	12	0.0	0.0	0.0	0.0	0.0	0.0	0.0	0.0	0.0	0.0	0.0
J09-D01-whole-query	whole-minus-focal	13	0.0	0.0	0.0	0.0	0.0	0.0	0.0	0.0	0.0	0.0	0.0
J09-D01-whole-query	whole-minus-focal	14	0.0	0.0	0.0	0.0	0.0	0.0	0.0	0.0	0.0	0.0	0.0
J09-D01-whole-query	whole-minus-focal	15	0.0	0.0	0.0	0.0	0.0	0.0	0.0	0.0	0.0	0.0	0.0
J09-D01-whole-query	whole-minus-focal	16	0.0	0.0	0.0	0.0	0.0	0.0	0.0	0.0	0.0	0.0	0.0
J09-D01-whole-query	whole-minus-focal	17	0.0	0.0	0.0	0.0	0.0	0.0	0.0	0.0	0.0	0.0	0.0
J09-D01-whole-query	whole-minus-focal	18	0.0	0.0026307404041290283	-0.028835058212280273	0.0026307404041290283	-0.0314657986164093	0.002588489684177908	-0.03201040117631715	4.2276553662689426e-05	0.000543567145280921	-2.583371156925085e-08	1.0354146269264675e-06
J09-D01-whole-query	whole-minus-focal	19	-0.028835058212280273	-0.07293558120727539	-0.05216646194458008	-0.04410052299499512	0.020769119262695312	-0.046594668161258124	0.021805101390710152	0.0024970821144084665	-0.0010365475484580833	-2.936948145459972e-06	5.654204432437027e-07
J09-D01-whole-query	whole-minus-focal	20	-0.05216646194458008	0.001966416835784912	0.0008702278137207031	0.05413287878036499	-0.001096189022064209	0.052752081655143	0.0023486183335444943	0.0013798013097481299	-0.0034461777786360392	9.95815473858741e-07	1.3704230273359208e-06
J09-D01-whole-query	whole-minus-focal	21	0.0008702278137207031	-0.04843413829803467	0.08616042137145996	-0.04930436611175537	0.13459455966949463	-0.05498175291238039	0.13308158164079228	0.005679321416518723	0.0015140077087442139	-1.9346158937061375e-06	-1.0296800418696517e-06
J09-D01-whole-query	whole-minus-focal	22	0.08616042137145996	0.007270336151123047	-0.13019847869873047	-0.07889008522033691	-0.13746881484985352	-0.07845243421481496	-0.136913131709006	-0.0004386746632866201	-0.0005569465915886973	1.0236577646649536e-06	1.2634507411679596e-06
J09-D01-whole-query	whole-minus-focal	23	-0.13019847869873047	-0.10261011123657227	0.06662726402282715	0.027588367462158203	0.16923737525939941	0.009991868535191184	0.16170916282338488	0.017596304595448253	0.007531340118507812	1.9433151876580013e-07	-3.127682493275774e-06
J09-D01-whole-query	whole-minus-focal	24	0.06662726402282715	0.026081562042236328	-0.0028252601623535156	-0.04054570198059082	-0.028906822204589844	-0.02367142687579904	-0.025544935262863097	-0.016875422148010855	-0.003364768710685223	1.1470432190741064e-06	2.881768958462594e-06
J09-D01-whole-query	whole-minus-focal	25	-0.0028252601623535156	-0.0838017463684082	-0.19787168502807617	-0.08097648620605469	-0.11406993865966797	-0.08045258046914172	-0.12147923733001509	-0.0005199640421681799	0.007405107997168384	-3.941694744786367e-06	4.190673178736115e-06
J09-D01-whole-query	whole-minus-focal	26	-0.19787168502807617	-0.20592975616455078	-0.4226517677307129	-0.00805807113647461	-0.2167220115661621	-0.017738763014527592	-0.2394982697962853	0.009684676255750882	0.022774337945121334	-3.984377697899277e-06	1.9202850018579243e-06
J09-D01-whole-query	whole-minus-focal	27	-0.4226517677307129	-0.4405088424682617	-0.41105031967163086	-0.017857074737548828	0.02945852279663086	-0.02902973977143164	-0.011908912345270029	0.011173329032388383	0.04136522928213715	-6.639985055713338e-07	2.205859763735815e-06
J09-D01-whole-query	whole-minus-focal	28	-0.41105031967163086	-0.3184366226196289	-0.4698028564453125	0.09261369705200195	-0.1513662338256836	0.07457242570339373	-0.18951381563888692	0.018043519831149414	0.03814627797800768	-2.2484825411917334e-06	1.3038351956429217e-06
J09-D01-whole-query	whole-minus-focal	29	-0.4698028564453125	-0.3860445022583008	-0.23456764221191406	0.08375835418701172	0.15147686004638672	0.04256235975903344	0.0886908348359644	0.04120087510502213	0.06277865218732126	-4.880677043850312e-06	7.373023100942788e-06
J09-D01-whole-query	whole-minus-focal	30	-0.23456764221191406	-0.29762935638427734	-0.23326873779296875	-0.06306171417236328	0.0643606185913086	-0.06008056985127208	0.011353794997787325	-0.002976477600225347	0.053010329906155396	-4.666720865853513e-06	-3.506312634127262e-06
J09-D01-whole-query	whole-minus-focal	31	-0.23326873779296875	-0.2266864776611328	-0.15841197967529297	0.0065822601318359375	0.06827449798583984	-0.010076859471330857	0.04494344857194432	0.016655063039372142	0.0233280311338101	4.056563794652135e-06	3.0182800854205993e-06
J09-D01-whole-query	whole-minus-focal	32	-0.15841197967529297	0.14621829986572266	0.10160541534423828	0.3046302795410156	-0.044612884521484375	0.29895568680499096	-0.022870392762514014	0.005677956957015673	-0.021739985825018016	-3.3642209910089704e-06	-2.5059339523458846e-06
J09-D01-whole-query	whole-minus-focal	33	0.10160541534423828	0.13541507720947266	0.16884899139404297	0.033809661865234375	0.03343391418457031	0.024322703950924826	0.05442287524872891	0.009484228602856914	-0.020988753793618642	2.729311452620564e-06	-2.072705398425967e-07
J09-D01-whole-query	whole-minus-focal	34	0.16884899139404297	0.07903861999511719	0.09287834167480469	-0.08981037139892578	0.0138397216796875	-0.0738262627073264	0.024662362124275194	-0.015987760422188524	-0.010820609797576264	3.6517305890271246e-06	-2.03064701187472e-06
J09-D01-whole-query	whole-minus-focal	35	0.09287834167480469	0.09369945526123047	0.17144393920898438	0.0008211135864257812	0.0777444839477539	0.0016380688459847192	-0.01602947284212375	-0.0008175798583385241	0.0937708459726494	6.245987795860941e-07	3.1108172287019897e-06
J09-D02-whole-query	whole-minus-focal	0	0.0	0.0	0.0	0.0	0.0	0.0	0.0	0.0	0.0	0.0	0.0
J09-D02-whole-query	whole-minus-focal	1	0.0	0.0	0.0	0.0	0.0	0.0	0.0	0.0	0.0	0.0	0.0
J09-D02-whole-query	whole-minus-focal	2	0.0	0.0	0.0	0.0	0.0	0.0	0.0	0.0	0.0	0.0	0.0
J09-D02-whole-query	whole-minus-focal	3	0.0	0.0	0.0	0.0	0.0	0.0	0.0	0.0	0.0	0.0	0.0
J09-D02-whole-query	whole-minus-focal	4	0.0	0.0	0.0	0.0	0.0	0.0	0.0	0.0	0.0	0.0	0.0
J09-D02-whole-query	whole-minus-focal	5	0.0	0.0	0.0	0.0	0.0	0.0	0.0	0.0	0.0	0.0	0.0
J09-D02-whole-query	whole-minus-focal	6	0.0	0.0	0.0	0.0	0.0	0.0	0.0	0.0	0.0	0.0	0.0
J09-D02-whole-query	whole-minus-focal	7	0.0	0.0	0.0	0.0	0.0	0.0	0.0	0.0	0.0	0.0	0.0
J09-D02-whole-query	whole-minus-focal	8	0.0	0.0	0.0	0.0	0.0	0.0	0.0	0.0	0.0	0.0	0.0
J09-D02-whole-query	whole-minus-focal	9	0.0	0.0	0.0	0.0	0.0	0.0	0.0	0.0	0.0	0.0	0.0
J09-D02-whole-query	whole-minus-focal	10	0.0	0.0	0.0	0.0	0.0	0.0	0.0	0.0	0.0	0.0	0.0
J09-D02-whole-query	whole-minus-focal	11	0.0	0.0	0.0	0.0	0.0	0.0	0.0	0.0	0.0	0.0	0.0
J09-D02-whole-query	whole-minus-focal	12	0.0	0.0	0.0	0.0	0.0	0.0	0.0	0.0	0.0	0.0	0.0
J09-D02-whole-query	whole-minus-focal	13	0.0	0.0	0.0	0.0	0.0	0.0	0.0	0.0	0.0	0.0	0.0
J09-D02-whole-query	whole-minus-focal	14	0.0	0.0	0.0	0.0	0.0	0.0	0.0	0.0	0.0	0.0	0.0
J09-D02-whole-query	whole-minus-focal	15	0.0	0.0	0.0	0.0	0.0	0.0	0.0	0.0	0.0	0.0	0.0
J09-D02-whole-query	whole-minus-focal	16	0.0	0.0	0.0	0.0	0.0	0.0	0.0	0.0	0.0	0.0	0.0
J09-D02-whole-query	whole-minus-focal	17	0.0	0.0	0.0	0.0	0.0	0.0	0.0	0.0	0.0	0.0	0.0
J09-D02-whole-query	whole-minus-focal	18	0.0	-0.0028392374515533447	0.02675771713256836	-0.0028392374515533447	0.029596954584121704	-0.00276918269260662	0.03029760077824495	-7.075797918025539e-05	-0.0006992084353708572	7.032202335305326e-07	-1.4377587523872748e-06
J09-D02-whole-query	whole-minus-focal	19	0.02675771713256836	0.07240724563598633	0.048680901527404785	0.04564952850341797	-0.023726344108581543	0.04808795499729834	-0.024465769955974194	-0.002439349059060625	0.0007374895470608211	9.225651802502455e-07	1.9363003318229044e-06
J09-D02-whole-query	whole-minus-focal	20	0.048680901527404785	-0.008798599243164062	-0.034473299980163574	-0.05747950077056885	-0.02567470073699951	-0.056866953618570026	-0.030203453012444342	-0.0006088826709988449	0.004528021117491149	-3.664480999976405e-06	7.31157953681727e-07
J09-D02-whole-query	whole-minus-focal	21	-0.034473299980163574	0.00976264476776123	-0.1184920072555542	0.044235944747924805	-0.12825465202331543	0.04515336820939353	-0.1302885644046649	-0.0009200298140689123	0.0020353087588340923	2.6063526001873782e-06	-1.3963774846137422e-06
J09-D02-whole-query	whole-minus-focal	22	-0.1184920072555542	-0.08839190006256104	0.06828391551971436	0.030100107192993164	0.1566758155822754	0.03233610155443922	0.15698773253594933	-0.0022350761506779726	-0.0003122509005940577	-9.182107680860696e-07	3.3394692011690097e-07
J09-D02-whole-query	whole-minus-focal	23	0.06828391551971436	0.024484634399414062	-0.28466129302978516	-0.04379928112030029	-0.3091459274291992	-0.032556791244349625	-0.30806917533493106	-0.01124215600002032	-0.0010764815901146418	-3.338759303472827e-07	-2.70504153521145e-07
J09-D02-whole-query	whole-minus-focal	24	-0.28466129302978516	-0.2102184295654297	-0.2606692314147949	0.07444286346435547	-0.050450801849365234	0.022108355233146804	-0.07045957595779359	0.052335780092831574	0.02000810022134117	-1.271861622909043e-06	6.738870871880742e-07
J09-D02-whole-query	whole-minus-focal	25	-0.2606692314147949	-0.17921710014343262	-0.018843889236450195	0.0814521312713623	0.16037321090698242	0.0780414692316338	0.14612938880136483	0.00341050311411285	0.014244200844057614	1.5892561565714058e-07	-3.7873844002667134e-07
J09-D02-whole-query	whole-minus-focal	26	-0.018843889236450195	-0.03396272659301758	0.3231468200683594	-0.015118837356567383	0.35710954666137695	-0.016469927990339084	0.3541456191164649	0.0013492077293742882	0.0029637834562177	1.882904397412788e-06	1.4408869433713e-07
J09-D02-whole-query	whole-minus-focal	27	0.3231468200683594	0.3226795196533203	0.2697148323059082	-0.0004673004150390625	-0.05296468734741211	0.006991607422726198	-0.02407260225652036	-0.007457202350120956	-0.028894046920128716	-1.7054876443045597e-06	1.9618292369672635e-06
J09-D02-whole-query	whole-minus-focal	28	0.2697148323059082	0.12924575805664062	0.2941875457763672	-0.14046907424926758	0.16494178771972656	-0.12936182174248323	0.17773792735027882	-0.011104506306364288	-0.012792546959094875	-2.7462004200604073e-06	-3.5926714573863983e-06
J09-D02-whole-query	whole-minus-focal	29	0.2941875457763672	0.14581680297851562	-0.03430461883544922	-0.14837074279785156	-0.18012142181396484	-0.1203673145029267	-0.12541115947232706	-0.028007082306465203	-0.05470858941181733	3.654011540343838e-06	-1.6729298204509746e-06
J09-D02-whole-query	whole-minus-focal	30	-0.03430461883544922	0.03341388702392578	-0.07041263580322266	0.067718505859375	-0.10382652282714844	0.04489675323583664	-0.08278577185717939	0.022819210109782384	-0.021045383986349808	2.542513755976472e-06	4.633016380761745e-06
J09-D02-whole-query	whole-minus-focal	31	-0.07041263580322266	-0.051639556884765625	-0.13893604278564453	0.01877307891845703	-0.0872964859008789	0.027446973199355074	-0.08857761084317495	-0.00867048858674202	0.0012795151013291761	-3.405694156022321e-06	1.609840966865228e-06
J09-D02-whole-query	whole-minus-focal	32	-0.13893604278564453	-0.5821866989135742	-0.4786396026611328	-0.4432506561279297	0.1035470962524414	-0.45837287854174846	0.05274165963151378	0.015121514982207263	0.05080675287522807	7.074316115129875e-07	-1.3162543004430205e-06
J09-D02-whole-query	whole-minus-focal	33	-0.4786396026611328	-0.4980916976928711	-0.4621601104736328	-0.01945209503173828	0.03593158721923828	-0.028100943615712214	-0.023840583410223548	0.008651157011859256	0.059769199462730516	-2.308427885289177e-06	2.9711667313137013e-06
J09-D02-whole-query	whole-minus-focal	34	-0.4621601104736328	-0.3631553649902344	-0.2606344223022461	0.09900474548339844	0.10252094268798828	0.048290514834448295	0.02221905956028647	0.050716477732492216	0.0803032799513228	-2.2470835421284363e-06	-1.3968236207695384e-06
J09-D02-whole-query	whole-minus-focal	35	-0.2606344223022461	-0.2566413879394531	-0.5366020202636719	0.003993034362792969	-0.27996063232421875	-0.007423249998318782	-0.13106371814049478	0.011411581557386419	-0.14889149387974143	4.702803725331606e-06	-5.4203039816513865e-06
J10-D01-whole-query	whole-minus-focal	0	0.0	0.0	0.0	0.0	0.0	0.0	0.0	0.0	0.0	0.0	0.0
J10-D01-whole-query	whole-minus-focal	1	0.0	0.0	0.0	0.0	0.0	0.0	0.0	0.0	0.0	0.0	0.0
J10-D01-whole-query	whole-minus-focal	2	0.0	0.0	0.0	0.0	0.0	0.0	0.0	0.0	0.0	0.0	0.0
J10-D01-whole-query	whole-minus-focal	3	0.0	0.0	0.0	0.0	0.0	0.0	0.0	0.0	0.0	0.0	0.0
J10-D01-whole-query	whole-minus-focal	4	0.0	0.0	0.0	0.0	0.0	0.0	0.0	0.0	0.0	0.0	0.0
J10-D01-whole-query	whole-minus-focal	5	0.0	0.0	0.0	0.0	0.0	0.0	0.0	0.0	0.0	0.0	0.0
J10-D01-whole-query	whole-minus-focal	6	0.0	0.0	0.0	0.0	0.0	0.0	0.0	0.0	0.0	0.0	0.0
J10-D01-whole-query	whole-minus-focal	7	0.0	0.0	0.0	0.0	0.0	0.0	0.0	0.0	0.0	0.0	0.0
J10-D01-whole-query	whole-minus-focal	8	0.0	0.0	0.0	0.0	0.0	0.0	0.0	0.0	0.0	0.0	0.0
J10-D01-whole-query	whole-minus-focal	9	0.0	0.0	0.0	0.0	0.0	0.0	0.0	0.0	0.0	0.0	0.0
J10-D01-whole-query	whole-minus-focal	10	0.0	0.0	0.0	0.0	0.0	0.0	0.0	0.0	0.0	0.0	0.0
J10-D01-whole-query	whole-minus-focal	11	0.0	0.0	0.0	0.0	0.0	0.0	0.0	0.0	0.0	0.0	0.0
J10-D01-whole-query	whole-minus-focal	12	0.0	0.0	0.0	0.0	0.0	0.0	0.0	0.0	0.0	0.0	0.0
J10-D01-whole-query	whole-minus-focal	13	0.0	0.0	0.0	0.0	0.0	0.0	0.0	0.0	0.0	0.0	0.0
J10-D01-whole-query	whole-minus-focal	14	0.0	0.0	0.0	0.0	0.0	0.0	0.0	0.0	0.0	0.0	0.0
J10-D01-whole-query	whole-minus-focal	15	0.0	0.0	0.0	0.0	0.0	0.0	0.0	0.0	0.0	0.0	0.0
J10-D01-whole-query	whole-minus-focal	16	0.0	0.0	0.0	0.0	0.0	0.0	0.0	0.0	0.0	0.0	0.0
J10-D01-whole-query	whole-minus-focal	17	0.0	0.0	0.0	0.0	0.0	0.0	0.0	0.0	0.0	0.0	0.0
J10-D01-whole-query	whole-minus-focal	18	0.0	-0.003479510545730591	-0.02003157138824463	-0.003479510545730591	-0.016552060842514038	-0.0036501760716234344	-0.016188504908066115	0.00017094224107658956	-0.00036309104786319546	-2.7671518374600135e-07	-4.648865847278749e-07
J10-D01-whole-query	whole-minus-focal	19	-0.02003157138824463	-0.021687746047973633	-0.015517234802246094	-0.001656174659729004	0.006170511245727539	-0.003528218777372194	0.010136584038316743	0.001871350938063343	-0.003966527803508563	6.931795798470475e-07	4.550109193590668e-07
J10-D01-whole-query	whole-minus-focal	20	-0.015517234802246094	-0.025877535343170166	-0.03095567226409912	-0.010360300540924072	-0.005078136920928955	-0.011623072365999354	-0.006076227518395039	0.0012628547009631008	0.001000670269409143	-8.287588781907829e-08	-2.579671943059303e-06
J10-D01-whole-query	whole-minus-focal	21	-0.03095567226409912	-0.08844184875488281	-0.00917971134185791	-0.05748617649078369	0.0792621374130249	-0.06308585090332375	0.07429003427322964	0.005597141089507596	0.0049735610353496	2.533323032460899e-06	-1.4578955543631533e-06
J10-D01-whole-query	whole-minus-focal	22	-0.00917971134185791	0.01718926429748535	-0.017832815647125244	0.02636897563934326	-0.035022079944610596	0.022008383985666846	-0.033576167247719724	0.004360707066405012	-0.001446574387732505	-1.1541272859627583e-07	6.616908416329226e-07
J10-D01-whole-query	whole-minus-focal	23	-0.017832815647125244	-0.06002092361450195	0.0421983003616333	-0.04218810796737671	0.10221922397613525	-0.042110514068927296	0.09647266206990834	-7.644829021380417e-05	0.005743070675888112	-1.1456082356087194e-06	3.491230338797946e-06
J10-D01-whole-query	whole-minus-focal	24	0.0421983003616333	0.06258845329284668	0.07506465911865234	0.02039015293121338	0.012476205825805664	0.027096774850339123	0.017665931594204737	-0.006705692379210315	-0.005189638770519811	-9.295399154285455e-07	-8.699787926169655e-08
J10-D01-whole-query	whole-minus-focal	25	0.07506465911865234	0.035111188888549805	-0.03406500816345215	-0.03995347023010254	-0.06917619705200195	-0.03825811443734495	-0.06539616032890061	-0.0016957270420310117	-0.0037823941716493004	3.7124927342035985e-07	2.357448547957164e-06
J10-D01-whole-query	whole-minus-focal	26	-0.03406500816345215	0.08598518371582031	-0.08784246444702148	0.12005019187927246	-0.1738276481628418	0.11776541015592823	-0.16452031321552174	0.002287587988302281	-0.009307285600038559	-2.806264958049587e-06	-4.934728149719181e-08
J10-D01-whole-query	whole-minus-focal	27	-0.08784246444702148	-0.09772729873657227	-0.030043601989746094	-0.009884834289550781	0.06768369674682617	-0.011936384485541462	0.05650756426922998	0.0020501117193355983	0.011178384727655866	1.4384766550828987e-06	-2.2522500596755535e-06
J10-D01-whole-query	whole-minus-focal	28	-0.030043601989746094	0.020481109619140625	0.012240409851074219	0.05052471160888672	-0.008240699768066406	0.04886061612340953	-0.004417910838239614	0.0016616357167142867	-0.0038208667333203827	2.4597687629038245e-06	-1.92219650640979e-06
J10-D01-whole-query	whole-minus-focal	29	0.012240409851074219	0.08238792419433594	0.11276912689208984	0.07014751434326172	0.030381202697753906	0.06673119692500418	0.03073816890216341	0.0034141234300143486	-0.0003528463194906184	2.193988243193168e-06	-4.119884918774019e-06
J10-D01-whole-query	whole-minus-focal	30	0.11276912689208984	0.06131744384765625	0.12477588653564453	-0.051451683044433594	0.06345844268798828	-0.03285096759920303	0.06303535897163837	-0.018599304839206465	0.00041714673061066243	-1.410606024099259e-06	5.936985739252165e-06
J10-D01-whole-query	whole-minus-focal	31	0.12477588653564453	0.17275047302246094	0.21369457244873047	0.047974586486816406	0.04094409942626953	0.043474949473458535	0.056641120771243836	0.004502954370921908	-0.015699616293256113	-3.317357564036616e-06	2.59494828180884e-06
J10-D01-whole-query	whole-minus-focal	32	0.21369457244873047	0.2764596939086914	0.22026920318603516	0.06276512145996094	-0.05619049072265625	0.07453332312455174	-0.023153078140001115	-0.01176888127018777	-0.033031259567206206	6.79605596964894e-07	-6.153015448928656e-06
J10-D01-whole-query	whole-minus-focal	33	0.22026920318603516	0.23563003540039062	0.2573080062866211	0.015360832214355469	0.02167797088623047	0.006216133709829441	0.060506620726980764	0.009142109682328314	-0.03883137797476244	2.588822197724383e-06	2.728134012253136e-06
J10-D01-whole-query	whole-minus-focal	34	0.2573080062866211	0.1883087158203125	0.20108890533447266	-0.0689992904663086	0.012780189514160156	-0.04391716930610534	0.027782889479859074	-0.025077707772078073	-0.0150057856121939	-4.4133881251795515e-06	3.0856464947603968e-06
J10-D01-whole-query	whole-minus-focal	35	0.20108890533447266	0.1668691635131836	0.2770957946777344	-0.03421974182128906	0.11022663116455078	-0.017442499441603032	0.08535223674703118	-0.016774889212377908	0.024869550739769153	-2.353167308122295e-06	4.843677750443476e-06
J10-D02-whole-query	whole-minus-focal	0	0.0	0.0	0.0	0.0	0.0	0.0	0.0	0.0	0.0	0.0	0.0
J10-D02-whole-query	whole-minus-focal	1	0.0	0.0	0.0	0.0	0.0	0.0	0.0	0.0	0.0	0.0	0.0
J10-D02-whole-query	whole-minus-focal	2	0.0	0.0	0.0	0.0	0.0	0.0	0.0	0.0	0.0	0.0	0.0
J10-D02-whole-query	whole-minus-focal	3	0.0	0.0	0.0	0.0	0.0	0.0	0.0	0.0	0.0	0.0	0.0
J10-D02-whole-query	whole-minus-focal	4	0.0	0.0	0.0	0.0	0.0	0.0	0.0	0.0	0.0	0.0	0.0
J10-D02-whole-query	whole-minus-focal	5	0.0	0.0	0.0	0.0	0.0	0.0	0.0	0.0	0.0	0.0	0.0
J10-D02-whole-query	whole-minus-focal	6	0.0	0.0	0.0	0.0	0.0	0.0	0.0	0.0	0.0	0.0	0.0
J10-D02-whole-query	whole-minus-focal	7	0.0	0.0	0.0	0.0	0.0	0.0	0.0	0.0	0.0	0.0	0.0
J10-D02-whole-query	whole-minus-focal	8	0.0	0.0	0.0	0.0	0.0	0.0	0.0	0.0	0.0	0.0	0.0
J10-D02-whole-query	whole-minus-focal	9	0.0	0.0	0.0	0.0	0.0	0.0	0.0	0.0	0.0	0.0	0.0
J10-D02-whole-query	whole-minus-focal	10	0.0	0.0	0.0	0.0	0.0	0.0	0.0	0.0	0.0	0.0	0.0
J10-D02-whole-query	whole-minus-focal	11	0.0	0.0	0.0	0.0	0.0	0.0	0.0	0.0	0.0	0.0	0.0
J10-D02-whole-query	whole-minus-focal	12	0.0	0.0	0.0	0.0	0.0	0.0	0.0	0.0	0.0	0.0	0.0
J10-D02-whole-query	whole-minus-focal	13	0.0	0.0	0.0	0.0	0.0	0.0	0.0	0.0	0.0	0.0	0.0
J10-D02-whole-query	whole-minus-focal	14	0.0	0.0	0.0	0.0	0.0	0.0	0.0	0.0	0.0	0.0	0.0
J10-D02-whole-query	whole-minus-focal	15	0.0	0.0	0.0	0.0	0.0	0.0	0.0	0.0	0.0	0.0	0.0
J10-D02-whole-query	whole-minus-focal	16	0.0	0.0	0.0	0.0	0.0	0.0	0.0	0.0	0.0	0.0	0.0
J10-D02-whole-query	whole-minus-focal	17	0.0	0.0	0.0	0.0	0.0	0.0	0.0	0.0	0.0	0.0	0.0
J10-D02-whole-query	whole-minus-focal	18	0.0	0.003927379846572876	0.021635770797729492	0.003927379846572876	0.017708390951156616	0.00421879772043976	0.017354561569480342	-0.0002926160560850072	0.0003560018092139128	1.1981822181234003e-06	-2.17242753763891e-06
J10-D02-whole-query	whole-minus-focal	19	0.021635770797729492	0.024140357971191406	0.027904033660888672	0.002504587173461914	0.0037636756896972656	0.004245973567768013	-0.002859416336488896	-0.0017426866145289766	0.006623214656143933	1.3002202228773463e-06	-1.226299577716805e-07
J10-D02-whole-query	whole-minus-focal	20	0.027904033660888672	0.03747081756591797	0.02903270721435547	0.009566783905029297	-0.0084381103515625	0.013312722864735976	-0.0066500471806475725	-0.0037463635843507648	-0.0017869507176087318	4.246246440575696e-07	-1.1124533061956932e-06
J10-D02-whole-query	whole-minus-focal	21	0.02903270721435547	0.09189713001251221	-0.006641983985900879	0.06286442279815674	-0.09853911399841309	0.06722214467578264	-0.09344920055880865	-0.00435673943302084	-0.005092649776455099	-9.824446051132085e-07	2.736336850661658e-06
J10-D02-whole-query	whole-minus-focal	22	-0.006641983985900879	-0.010075688362121582	0.016096770763397217	-0.003433704376220703	0.0261724591255188	0.004793569348346405	0.0275267155181389	-0.008227407633518868	-0.0013507030908521261	1.3390895176046413e-07	-3.553301767975081e-06
J10-D02-whole-query	whole-minus-focal	23	0.016096770763397217	0.03970527648925781	-0.32809948921203613	0.023608505725860596	-0.36780476570129395	0.023844992437377588	-0.36121690937600004	-0.00023871269215625102	-0.00658644230571051	2.225980639258829e-06	-1.4140195833955982e-06
J10-D02-whole-query	whole-minus-focal	24	-0.32809948921203613	-0.3148219585418701	-0.38609790802001953	0.013277530670166016	-0.07127594947814941	-0.03452779380648563	-0.09895362566040852	0.04780504544270259	0.027675706204823736	2.790339490577054e-07	1.9699774353731936e-06
J10-D02-whole-query	whole-minus-focal	25	-0.38609790802001953	-0.31376171112060547	-0.18320155143737793	0.07233619689941406	0.13056015968322754	0.06594448341466708	0.1037862155850382	0.006392886968927362	0.026774143424254812	-1.173484180376494e-06	-1.9932606547257148e-07
J10-D02-whole-query	whole-minus-focal	26	-0.18320155143737793	-0.4600191116333008	-0.08917236328125	-0.27681756019592285	0.3708467483520508	-0.285332664031992	0.32033515006255076	0.00851481139999885	0.050510724187351266	2.9243607027606977e-07	8.741021487578687e-07
J10-D02-whole-query	whole-minus-focal	27	-0.08917236328125	-0.07244491577148438	-0.21926212310791016	0.016727447509765625	-0.14681720733642578	0.013624983854064743	-0.15355886859838896	0.0031029656424870003	0.006744186310025299	-5.019867861180694e-07	-2.5250480621158856e-06
J10-D02-whole-query	whole-minus-focal	28	-0.21926212310791016	-0.2832965850830078	-0.23590373992919922	-0.06403446197509766	0.047392845153808594	-0.07443864829708247	0.010180733197682201	0.010402368827171608	0.03721125489189825	1.8174948132020086e-06	8.570642281435781e-07
J10-D02-whole-query	whole-minus-focal	29	-0.23590373992919922	-0.41512298583984375	-0.5069828033447266	-0.17921924591064453	-0.09185981750488281	-0.18836496461139607	-0.10184162367803573	0.009148239638178568	0.00997994630407062	-2.520937427030745e-06	1.8598690822990704e-06
J10-D02-whole-query	whole-minus-focal	30	-0.5069828033447266	-0.4623603820800781	-0.5447769165039062	0.04462242126464844	-0.08241653442382812	-0.0015129904528530247	-0.12905088679186427	0.04613423497347857	0.046639619790832976	1.1767440228904746e-06	-5.267422796828569e-06
J10-D02-whole-query	whole-minus-focal	31	-0.5447769165039062	-0.5902318954467773	-0.6881704330444336	-0.045454978942871094	-0.09793853759765625	-0.048186576353851734	-0.15105923700723511	0.0027286023372876667	0.05311805545498027	2.9950736929462707e-06	2.643954598591236e-06
J10-D02-whole-query	whole-minus-focal	32	-0.6881704330444336	-0.8195791244506836	-0.8096179962158203	-0.13140869140625	0.009961128234863281	-0.17203389235329958	-0.08010470846983497	0.04062660284411579	0.09006922064839062	-1.4018970662110775e-06	-3.3839436923699395e-06
J10-D02-whole-query	whole-minus-focal	33	-0.8096179962158203	-0.8002042770385742	-0.8090744018554688	0.009413719177246094	-0.008870124816894531	-0.00042803373730952374	-0.12232383170403305	0.009835445506950924	0.11345623594818566	6.307407604655424e-06	-2.5290610472517017e-06
J10-D02-whole-query	whole-minus-focal	34	-0.8090744018554688	-0.6643619537353516	-0.5463323593139648	0.1447124481201172	0.11802959442138672	0.05566049001472717	0.010632921710345578	0.08905608502013962	0.10739093315669157	-4.1269147494915615e-06	5.739554349570852e-06
J10-D02-whole-query	whole-minus-focal	35	-0.5463323593139648	-0.4942007064819336	-1.1083831787109375	0.05213165283203125	-0.6141824722290039	0.016922353562094372	-0.3806109906497026	0.03521376810769239	-0.23357543713192896	-4.4688377555113235e-06	3.955552626777603e-06
