{
  "best_global_step": 100,
  "best_metric": 0.7676160048162288,
  "best_model_checkpoint": "./two_step/step2/classfication/is_hate_model/1/checkpoint-100",
  "epoch": 2.2222222222222223,
  "eval_steps": 100,
  "global_step": 200,
  "is_hyper_param_search": false,
  "is_local_process_zero": true,
  "is_world_process_zero": true,
  "log_history": [
    {
      "epoch": 1.1111111111111112,
      "grad_norm": 4.402105808258057,
      "learning_rate": 1.926666666666667e-05,
      "loss": 0.5781,
      "step": 100
    },
    {
      "epoch": 1.1111111111111112,
      "eval_accuracy": 0.7708333333333334,
      "eval_f1": 0.7676160048162288,
      "eval_loss": 0.5249191522598267,
      "eval_runtime": 8.2126,
      "eval_samples_per_second": 87.67,
      "eval_steps_per_second": 5.479,
      "step": 100
    },
    {
      "epoch": 2.2222222222222223,
      "grad_norm": 18.836902618408203,
      "learning_rate": 1.8525925925925928e-05,
      "loss": 0.3303,
      "step": 200
    },
    {
      "epoch": 2.2222222222222223,
      "eval_accuracy": 0.7222222222222222,
      "eval_f1": 0.7242834138486312,
      "eval_loss": 0.8947312831878662,
      "eval_runtime": 8.2656,
      "eval_samples_per_second": 87.108,
      "eval_steps_per_second": 5.444,
      "step": 200
    }
  ],
  "logging_steps": 100,
  "max_steps": 2700,
  "num_input_tokens_seen": 0,
  "num_train_epochs": 30,
  "save_steps": 100,
  "stateful_callbacks": {
    "TrainerControl": {
      "args": {
        "should_epoch_stop": false,
        "should_evaluate": false,
        "should_log": false,
        "should_save": true,
        "should_training_stop": false
      },
      "attributes": {}
    }
  },
  "total_flos": 4671305958681600.0,
  "train_batch_size": 32,
  "trial_name": null,
  "trial_params": null
}
