{
  "best_global_step": 200,
  "best_metric": 0.777499893499013,
  "best_model_checkpoint": "/workspace/two_step/step2/classfication/is_hate_model/1/checkpoint-200",
  "epoch": 1.1111111111111112,
  "eval_steps": 100,
  "global_step": 200,
  "is_hyper_param_search": false,
  "is_local_process_zero": true,
  "is_world_process_zero": true,
  "log_history": [
    {
      "epoch": 0.5555555555555556,
      "grad_norm": 7.342425346374512,
      "learning_rate": 1.8900000000000002e-05,
      "loss": 0.6131,
      "step": 100
    },
    {
      "epoch": 0.5555555555555556,
      "eval_accuracy": 0.7458333333333333,
      "eval_f1": 0.7477283416939208,
      "eval_loss": 0.5281526446342468,
      "eval_runtime": 21.0023,
      "eval_samples_per_second": 34.282,
      "eval_steps_per_second": 8.571,
      "step": 100
    },
    {
      "epoch": 1.1111111111111112,
      "grad_norm": 5.4081220626831055,
      "learning_rate": 1.778888888888889e-05,
      "loss": 0.4711,
      "step": 200
    },
    {
      "epoch": 1.1111111111111112,
      "eval_accuracy": 0.7847222222222222,
      "eval_f1": 0.777499893499013,
      "eval_loss": 0.5602617263793945,
      "eval_runtime": 21.0059,
      "eval_samples_per_second": 34.276,
      "eval_steps_per_second": 8.569,
      "step": 200
    }
  ],
  "logging_steps": 100,
  "max_steps": 1800,
  "num_input_tokens_seen": 0,
  "num_train_epochs": 10,
  "save_steps": 100,
  "stateful_callbacks": {
    "TrainerControl": {
      "args": {
        "should_epoch_stop": false,
        "should_evaluate": false,
        "should_log": false,
        "should_save": true,
        "should_training_stop": false
      },
      "attributes": {}
    }
  },
  "total_flos": 1491090181324800.0,
  "train_batch_size": 16,
  "trial_name": null,
  "trial_params": null
}
