query_id,demo_family,from_arm,to_arm,view,delta_before,delta_after,delta_before_bound,delta_after_bound,delta_before_direction,delta_after_direction,shift_H,shift_A,interaction,interaction_bound,interaction_direction,common_shift,common_shift_bound,common_shift_direction,reviewed_common_shift,absolute_magnitude_reduction,pair_reversed,signed_remaining_ratio,counts_as_independent_query
FD-3169-Q01,1,O,N1,original/answer_sum,0.5850830078125,-0.014240264892578125,0.002685546875,0.002685546875,positive,negative,13.22751235961914,13.826835632324219,-0.5993232727050781,0.00537109375,negative,13.52717399597168,0.002685546875,positive,13.52717399597168,0.5708427429199219,True,-0.024338879616106823,False
FD-3169-Q01,1,O,N1,original/answer_mean,0.15081685384114585,-0.0047452290852865175,0.002685546875,0.002685546875,positive,negative,4.314703623453776,4.470265706380208,-0.15556208292643237,0.00537109375,negative,4.392484664916992,0.002685546875,positive,4.392484664916992,0.14607162475585933,True,-0.03146351992121934,False
FD-3169-Q01,1,O,N1,original/total_with_eos,0.5850830078125,-0.014240264892578125,0.002685546875,0.002685546875,positive,negative,13.22751235961914,13.826835632324219,-0.5993232727050781,0.00537109375,negative,13.52717399597168,0.002685546875,positive,13.52717399597168,0.5708427429199219,True,-0.024338879616106823,False
FD-3169-Q01,1,O,N1,original/mean_with_eos,0.1186389923095703,-0.003559112548828125,0.002685546875,0.002685546875,positive,negative,3.247836112976074,3.3700342178344727,-0.12219810485839842,0.00537109375,negative,3.3089351654052734,0.002685546875,positive,3.3089351654052734,0.11507987976074217,True,-0.0299995176926416,False
FD-3169-Q01,1,O,N1,ab_forward/answer_sum,0.9176864624023438,-1.3729572296142578,0.002685546875,0.002685546875,positive,negative,20.631046295166016,22.921689987182617,-2.2906436920166016,0.00537109375,negative,21.776368141174316,0.002685546875,positive,21.776368141174316,-0.45527076721191406,True,-1.4961070974285644,False
FD-3169-Q01,1,O,N1,ab_forward/answer_mean,0.4588432312011719,-0.6864786148071289,0.002685546875,0.002685546875,positive,negative,10.315523147583008,11.460844993591309,-1.1453218460083008,0.00537109375,negative,10.888184070587158,0.002685546875,positive,10.888184070587158,-0.22763538360595703,True,-1.4961070974285644,False
FD-3169-Q01,1,O,N1,ab_forward/total_with_eos,0.9176864624023438,-1.3729610443115234,0.002685546875,0.002685546875,positive,negative,20.631046295166016,22.921693801879883,-2.290647506713867,0.00537109375,negative,21.77637004852295,0.002685546875,positive,21.77637004852295,-0.4552745819091797,True,-1.4961112542919615,False
FD-3169-Q01,1,O,N1,ab_forward/mean_with_eos,0.30589548746744777,-0.4576536814371748,0.002685546875,0.002685546875,positive,negative,6.877015431722006,7.640564600626628,-0.7635491689046225,0.00537109375,negative,7.258790016174316,0.002685546875,positive,7.258790016174316,-0.151758193969727,True,-1.4961112542919632,False
FD-3169-Q01,1,O,N1,ab_reverse/answer_sum,2.2586326599121094,-0.8168411254882812,0.002685546875,0.002685546875,positive,negative,12.11149787902832,15.186971664428711,-3.0754737854003906,0.00537109375,negative,13.649234771728516,0.002685546875,positive,13.649234771728516,1.4417915344238281,True,-0.3616529327615705,False
FD-3169-Q01,1,O,N1,ab_reverse/answer_mean,1.1293163299560547,-0.4084205627441406,0.002685546875,0.002685546875,positive,negative,6.05574893951416,7.5934858322143555,-1.5377368927001953,0.00537109375,negative,6.824617385864258,0.002685546875,positive,6.824617385864258,0.7208957672119141,True,-0.3616529327615705,False
FD-3169-Q01,1,O,N1,ab_reverse/total_with_eos,2.2586326599121094,-0.8168411254882812,0.002685546875,0.002685546875,positive,negative,12.11149787902832,15.186971664428711,-3.0754737854003906,0.00537109375,negative,13.649234771728516,0.002685546875,positive,13.649234771728516,1.4417915344238281,True,-0.3616529327615705,False
FD-3169-Q01,1,O,N1,ab_reverse/mean_with_eos,0.7528775533040366,-0.2722803751627598,0.002685546875,0.002685546875,positive,negative,4.037165959676107,5.062323888142903,-1.0251579284667964,0.00537109375,negative,4.549744923909505,0.002685546875,positive,4.549744923909505,0.4805971781412768,True,-0.3616529327615697,False
FD-3169-Q01,1,O,N1,background,-0.12040395021390715,-0.045545271310591495,0.002685546875,0.002685546875,negative,negative,0.13479972215867875,0.05994104325536309,0.07485867890331566,0.00537109375,positive,0.09737038270702092,0.002685546875,positive,null,0.07485867890331566,False,0.3782705735956064,False
FD-3169-Q01,1,O,N1,ncc,0.2712208040550532,0.04080004222530498,0.00537109375,0.00537109375,positive,positive,4.179903901295097,4.410324663124845,-0.23042076182974824,0.0107421875,negative,4.295114282209971,0.00537109375,positive,4.295114282209971,0.23042076182974824,False,0.1504310938368255,False
FD-3169-Q01,1,O,N1,single_probe/empty,0.2958852132161458,0.049107615152995,0.00537109375,0.00537109375,positive,positive,4.095272572835286,4.342050170898437,-0.2467775980631508,0.0107421875,negative,4.218661371866862,0.00537109375,positive,4.218661371866862,0.2467775980631508,False,0.16596846668752457,False
FD-3169-Q01,1,O,N1,single_probe/space,0.32383168538411455,0.05532862345377598,0.00537109375,0.00537109375,positive,positive,4.091484832763672,4.35998789469401,-0.26850306193033857,0.0107421875,negative,4.225736363728841,0.00537109375,positive,4.225736363728841,0.26850306193033857,False,0.17085611430563893,False
FD-3169-Q01,1,O,N1,single_probe/na,0.26547826131184893,0.04548238118489589,0.00537109375,0.00537109375,positive,positive,4.2345832824707035,4.454579162597656,-0.21999588012695304,0.0107421875,negative,4.344581222534179,0.00537109375,positive,4.344581222534179,0.21999588012695304,False,0.1713224312986937,False
FD-3169-Q01,1,O,N1,single_probe/mask,0.26743647257487035,0.030339813232421964,0.00537109375,0.00537109375,positive,positive,4.180347188313801,4.41744384765625,-0.2370966593424484,0.0107421875,negative,4.2988955179850254,0.00537109375,positive,4.2988955179850254,0.2370966593424484,False,0.1134468045450613,False
FD-3169-Q01,1,O,N1,single_probe/lorem,0.16021118164062376,-0.003343963623046342,0.00537109375,0.00537109375,positive,unresolved,4.076190185546876,4.239745330810546,-0.1635551452636701,0.0107421875,negative,4.157967758178711,0.00537109375,positive,4.157967758178711,0.15686721801757741,False,-0.02087222370375698,False
FD-3169-Q01,1,O,N1,leave_one_out/empty,0.26850668438679826,0.04000341738938262,0.00537109375,0.00537109375,positive,positive,4.189872717071081,4.418375984068496,-0.22850326699741563,0.0107421875,negative,4.304124350569788,0.00537109375,positive,4.304124350569788,0.22850326699741563,False,0.14898481012024103,False
FD-3169-Q01,1,O,N1,leave_one_out/space,0.2598096536401062,0.03789887998312036,0.00537109375,0.00537109375,positive,positive,4.198721796262317,4.420632569919302,-0.22191077365698586,0.0107421875,negative,4.30967718309081,0.00537109375,positive,4.30967718309081,0.22191077365698586,False,0.1458717158971263,False
FD-3169-Q01,1,O,N1,leave_one_out/na,0.28226240461691,0.03946795892883248,0.00537109375,0.00537109375,positive,positive,4.126870912466185,4.369665358154263,-0.2427944456880775,0.0107421875,negative,4.248268135310224,0.00537109375,positive,4.248268135310224,0.2427944456880775,False,0.13982719017220477,False
FD-3169-Q01,1,O,N1,leave_one_out/mask,0.27217190800655056,0.04344017897520969,0.00537109375,0.00537109375,positive,positive,4.179792679588604,4.408524408619945,-0.22873172903134087,0.0107421875,negative,4.294158544104274,0.00537109375,positive,4.294158544104274,0.22873172903134087,False,0.1596056672173683,False
FD-3169-Q01,1,O,N1,leave_one_out/lorem,0.27762400628736517,0.0430200351906902,0.00537109375,0.00537109375,positive,positive,4.182712434201928,4.417316405298603,-0.23460397109667497,0.0107421875,negative,4.300014419750266,0.00537109375,positive,4.300014419750266,0.23460397109667497,False,0.15495790787688832,False
FD-3169-Q01,1,O,N1,ab_symmetric_sum,1.5881595611572266,-1.0948991775512695,0.002685546875,0.002685546875,positive,negative,16.371272087097168,19.054330825805664,-2.683058738708496,0.00537109375,negative,17.712801456451416,0.002685546875,positive,17.712801456451416,0.49326038360595703,True,-0.6894138374568998,False
FD-3169-Q01,1,O,N1,ab_mapping_gap_sum,-1.3409461975097656,-0.5561161041259766,0.00537109375,0.00537109375,negative,negative,8.519548416137695,7.734718322753906,0.7848300933837891,0.0107421875,positive,8.1271333694458,0.00537109375,positive,null,0.7848300933837891,False,0.41471917751713266,False
FD-3169-Q01,1,O,N2,original/answer_sum,0.5850830078125,0.16318130493164062,0.002685546875,0.002685546875,positive,positive,13.48379898071289,13.90570068359375,-0.4219017028808594,0.00537109375,negative,13.69474983215332,0.002685546875,positive,13.69474983215332,0.4219017028808594,False,0.27890282703943253,False
FD-3169-Q01,1,O,N2,original/answer_mean,0.15081685384114585,0.05439580281575562,0.002685546875,0.002685546875,positive,positive,4.400133514404297,4.496554565429687,-0.09642105102539023,0.00537109375,negative,4.448344039916992,0.002685546875,positive,4.448344039916992,0.09642105102539023,False,0.36067456275841875,False
FD-3169-Q01,1,O,N2,original/total_with_eos,0.5850830078125,0.16318130493164062,0.002685546875,0.002685546875,positive,positive,13.48379898071289,13.90570068359375,-0.4219017028808594,0.00537109375,negative,13.69474983215332,0.002685546875,positive,13.69474983215332,0.4219017028808594,False,0.27890282703943253,False
FD-3169-Q01,1,O,N2,original/mean_with_eos,0.1186389923095703,0.04079659779866551,0.002685546875,0.002685546875,positive,positive,3.311908404032389,3.389750798543294,-0.07784239451090479,0.00537109375,negative,3.350829601287842,0.002685546875,positive,3.350829601287842,0.07784239451090479,False,0.3438717491144314,False
FD-3169-Q01,1,O,N2,ab_forward/answer_sum,0.9176864624023438,-1.1971492767333984,0.002685546875,0.002685546875,positive,negative,21.099327087402344,23.214162826538086,-2.114835739135742,0.00537109375,negative,22.156744956970215,0.002685546875,positive,22.156744956970215,-0.2794628143310547,True,-1.30452973404388,False
FD-3169-Q01,1,O,N2,ab_forward/answer_mean,0.4588432312011719,-0.5985746383666992,0.002685546875,0.002685546875,positive,negative,10.549663543701172,11.607081413269043,-1.057417869567871,0.00537109375,negative,11.078372478485107,0.002685546875,positive,11.078372478485107,-0.13973140716552734,True,-1.30452973404388,False
FD-3169-Q01,1,O,N2,ab_forward/total_with_eos,0.9176864624023438,-1.197153091430664,0.002685546875,0.002685546875,positive,negative,21.099327087402344,23.21416664123535,-2.114839553833008,0.00537109375,negative,22.156746864318848,0.002685546875,positive,22.156746864318848,-0.2794666290283203,True,-1.304533890907277,False
FD-3169-Q01,1,O,N2,ab_forward/mean_with_eos,0.30589548746744777,-0.3990510304768886,0.002685546875,0.002685546875,positive,negative,7.033109029134113,7.73805554707845,-0.7049465179443364,0.00537109375,negative,7.385582288106282,0.002685546875,positive,7.385582288106282,-0.09315554300944084,True,-1.3045338909072797,False
FD-3169-Q01,1,O,N2,ab_reverse/answer_sum,2.2586326599121094,-0.9071617126464844,0.002685546875,0.002685546875,positive,negative,12.47774887084961,15.643543243408203,-3.1657943725585938,0.00537109375,negative,14.060646057128906,0.002685546875,positive,14.060646057128906,1.351470947265625,True,-0.4016419884239985,False
FD-3169-Q01,1,O,N2,ab_reverse/answer_mean,1.1293163299560547,-0.4535808563232422,0.002685546875,0.002685546875,positive,negative,6.238874435424805,7.821771621704102,-1.5828971862792969,0.00537109375,negative,7.030323028564453,0.002685546875,positive,7.030323028564453,0.6757354736328125,True,-0.4016419884239985,False
FD-3169-Q01,1,O,N2,ab_reverse/total_with_eos,2.2586326599121094,-0.9071617126464844,0.002685546875,0.002685546875,positive,negative,12.47774887084961,15.643543243408203,-3.1657943725585938,0.00537109375,negative,14.060646057128906,0.002685546875,positive,14.060646057128906,1.351470947265625,True,-0.4016419884239985,False
FD-3169-Q01,1,O,N2,ab_reverse/mean_with_eos,0.7528775533040366,-0.3023872375488281,0.002685546875,0.002685546875,positive,negative,4.159249623616537,5.214514414469401,-1.0552647908528647,0.00537109375,negative,4.686882019042969,0.002685546875,positive,4.686882019042969,0.4504903157552085,True,-0.4016419884239984,False
FD-3169-Q01,1,O,N2,background,-0.12040395021390715,-0.04592503846329343,0.002685546875,0.002685546875,negative,negative,0.08305540456806693,0.008576492817453207,0.07447891175061372,0.00537109375,positive,0.04581594869276007,0.002685546875,positive,null,0.07447891175061372,False,0.3814246823439261,False
FD-3169-Q01,1,O,N2,ncc,0.2712208040550532,0.10032084127904906,0.00537109375,0.00537109375,positive,positive,4.317078109836229,4.4879780726122345,-0.17089996277600417,0.0107421875,negative,4.402528091224232,0.00537109375,positive,4.402528091224232,0.17089996277600417,False,0.36988623209997423,False
FD-3169-Q01,1,O,N2,single_probe/empty,0.2958852132161458,0.10230407714843759,0.00537109375,0.00537109375,positive,positive,4.202406311035157,4.395987447102865,-0.19358113606770821,0.0107421875,negative,4.29919687906901,0.00537109375,positive,4.29919687906901,0.19358113606770821,False,0.34575596406605114,False
FD-3169-Q01,1,O,N2,single_probe/space,0.32383168538411455,0.10719502766927125,0.00537109375,0.00537109375,positive,positive,4.193346150716145,4.409982808430989,-0.2166366577148433,0.0107421875,negative,4.301664479573567,0.00537109375,positive,4.301664479573567,0.2166366577148433,False,0.33102081268582884,False
FD-3169-Q01,1,O,N2,single_probe/na,0.26547826131184893,0.11184361775716178,0.00537109375,0.00537109375,positive,positive,4.37929433186849,4.532928975423177,-0.15363464355468714,0.0107421875,negative,4.456111653645833,0.00537109375,positive,4.456111653645833,0.15363464355468714,False,0.42129105865200245,False
FD-3169-Q01,1,O,N2,single_probe/mask,0.26743647257487035,0.08463567097981795,0.00537109375,0.00537109375,positive,positive,4.347251383463542,4.530052185058594,-0.1828008015950524,0.0107421875,negative,4.438651784261068,0.00537109375,positive,4.438651784261068,0.1828008015950524,False,0.31647018884503014,False
FD-3169-Q01,1,O,N2,single_probe/lorem,0.16021118164062376,0.06207224527994892,0.00537109375,0.00537109375,positive,positive,4.2532384236653655,4.35137736002604,-0.09813893636067483,0.0107421875,negative,4.302307891845703,0.00537109375,positive,4.302307891845703,0.09813893636067483,False,0.38744015645041374,False
FD-3169-Q01,1,O,N2,leave_one_out/empty,0.26850668438679826,0.10029236701842903,0.00537109375,0.00537109375,positive,positive,4.330760600629894,4.498974917998264,-0.16821431736836923,0.0107421875,negative,4.414867759314079,0.00537109375,positive,4.414867759314079,0.16821431736836923,False,0.37351906991616085,False
FD-3169-Q01,1,O,N2,leave_one_out/space,0.2598096536401062,0.09901367696832164,0.00537109375,0.00537109375,positive,positive,4.342962930122379,4.503758906794163,-0.16079597667178458,0.0107421875,negative,4.423360918458271,0.00537109375,positive,4.423360918458271,0.16079597667178458,False,0.381100838945259,False
FD-3169-Q01,1,O,N2,leave_one_out/na,0.28226240461691,0.09322598981042507,0.00537109375,0.00537109375,positive,positive,4.2607828718200995,4.4498192866265835,-0.18903641480648492,0.0107421875,negative,4.3553010792233415,0.00537109375,positive,4.3553010792233415,0.18903641480648492,False,0.33028128537681994,False
FD-3169-Q01,1,O,N2,leave_one_out/mask,0.27217190800655056,0.1044255274791861,0.00537109375,0.00537109375,positive,positive,4.309383326434629,4.477129706961993,-0.16774638052736446,0.0107421875,negative,4.393256516698311,0.00537109375,positive,4.393256516698311,0.16774638052736446,False,0.3836748922547613,False
FD-3169-Q01,1,O,N2,leave_one_out/lorem,0.27762400628736517,0.10239408082764445,0.00537109375,0.00537109375,positive,positive,4.318850847906866,4.494080773366586,-0.17522992545972071,0.0107421875,negative,4.406465810636726,0.00537109375,positive,4.406465810636726,0.17522992545972071,False,0.36882286296833283,False
FD-3169-Q01,1,O,N2,ab_symmetric_sum,1.5881595611572266,-1.0521554946899414,0.002685546875,0.002685546875,positive,negative,16.788537979125977,19.428853034973145,-2.640315055847168,0.00537109375,negative,18.10869550704956,0.002685546875,positive,18.10869550704956,0.5360040664672852,True,-0.6624998648896959,False
FD-3169-Q01,1,O,N2,ab_mapping_gap_sum,-1.3409461975097656,-0.28998756408691406,0.00537109375,0.00537109375,negative,negative,8.621578216552734,7.570619583129883,1.0509586334228516,0.0107421875,positive,8.096098899841309,0.00537109375,positive,null,1.0509586334228516,False,0.21625592781085626,False
FD-3169-Q01,1,O,D,original/answer_sum,0.5850830078125,0.08521270751953125,0.002685546875,0.002685546875,positive,positive,12.030681610107422,12.53055191040039,-0.49987030029296875,0.00537109375,negative,12.280616760253906,0.002685546875,positive,12.280616760253906,0.49987030029296875,False,0.145642082203213,False
FD-3169-Q01,1,O,D,original/answer_mean,0.15081685384114585,0.02840728759765554,0.002685546875,0.002685546875,positive,positive,3.915765635172525,4.038175201416015,-0.12240956624349031,0.00537109375,negative,3.9769704182942704,0.002685546875,positive,3.9769704182942704,0.12240956624349031,False,0.18835618748271132,False
FD-3169-Q01,1,O,D,original/total_with_eos,0.5850830078125,0.08521270751953125,0.002685546875,0.002685546875,positive,positive,12.030681610107422,12.53055191040039,-0.49987030029296875,0.00537109375,negative,12.280616760253906,0.002685546875,positive,12.280616760253906,0.49987030029296875,False,0.145642082203213,False
FD-3169-Q01,1,O,D,original/mean_with_eos,0.1186389923095703,0.021305084228515625,0.002685546875,0.002685546875,positive,positive,2.948631922403971,3.045965830485026,-0.09733390808105467,0.00537109375,negative,2.9972988764444985,0.002685546875,positive,2.9972988764444985,0.09733390808105467,False,0.17957910644523403,False
FD-3169-Q01,1,O,D,ab_forward/answer_sum,0.9176864624023438,-1.2527236938476562,0.002685546875,0.002685546875,positive,negative,16.61330795288086,18.78371810913086,-2.17041015625,0.00537109375,negative,17.69851303100586,0.002685546875,positive,17.69851303100586,-0.3350372314453125,True,-1.3650889984453332,False
FD-3169-Q01,1,O,D,ab_forward/answer_mean,0.4588432312011719,-0.6263618469238281,0.002685546875,0.002685546875,positive,negative,8.30665397644043,9.39185905456543,-1.085205078125,0.00537109375,negative,8.84925651550293,0.002685546875,positive,8.84925651550293,-0.16751861572265625,True,-1.3650889984453332,False
FD-3169-Q01,1,O,D,ab_forward/total_with_eos,0.9176864624023438,-1.2527275085449219,0.002685546875,0.002685546875,positive,negative,16.61330795288086,18.783721923828125,-2.1704139709472656,0.00537109375,negative,17.698514938354492,0.002685546875,positive,17.698514938354492,-0.3350410461425781,True,-1.3650931553087302,False
FD-3169-Q01,1,O,D,ab_forward/mean_with_eos,0.30589548746744777,-0.41757583618164107,0.002685546875,0.002685546875,positive,negative,5.537769317626953,6.261240641276041,-0.7234713236490888,0.00537109375,negative,5.899504979451497,0.002685546875,positive,5.899504979451497,-0.1116803487141933,True,-1.3650931553087324,False
FD-3169-Q01,1,O,D,ab_reverse/answer_sum,2.2586326599121094,-0.756683349609375,0.002685546875,0.002685546875,positive,negative,11.338272094726562,14.353588104248047,-3.0153160095214844,0.00537109375,negative,12.845930099487305,0.002685546875,positive,12.845930099487305,1.5019493103027344,True,-0.3350183334543741,False
FD-3169-Q01,1,O,D,ab_reverse/answer_mean,1.1293163299560547,-0.3783416748046875,0.002685546875,0.002685546875,positive,negative,5.669136047363281,7.176794052124023,-1.5076580047607422,0.00537109375,negative,6.422965049743652,0.002685546875,positive,6.422965049743652,0.7509746551513672,True,-0.3350183334543741,False
FD-3169-Q01,1,O,D,ab_reverse/total_with_eos,2.2586326599121094,-0.756683349609375,0.002685546875,0.002685546875,positive,negative,11.338272094726562,14.353588104248047,-3.0153160095214844,0.00537109375,negative,12.845930099487305,0.002685546875,positive,12.845930099487305,1.5019493103027344,True,-0.3350183334543741,False
FD-3169-Q01,1,O,D,ab_reverse/mean_with_eos,0.7528775533040366,-0.252227783203125,0.002685546875,0.002685546875,positive,negative,3.779424031575521,4.784529368082683,-1.0051053365071616,0.00537109375,negative,4.281976699829102,0.002685546875,positive,4.281976699829102,0.5006497701009116,True,-0.33501833345437404,False
FD-3169-Q01,1,O,D,background,-0.12040395021390715,-0.03281451297063587,0.002685546875,0.002685546875,negative,negative,0.005675182501331477,-0.08191425474193981,0.08758943724327128,0.00537109375,positive,-0.038119536120304165,0.002685546875,negative,null,0.08758943724327128,False,0.2725368471079087,False
FD-3169-Q01,1,O,D,ncc,0.2712208040550532,0.06122180056829141,0.00537109375,0.00537109375,positive,positive,3.9100904526711937,4.120089456157956,-0.20999900348676181,0.0107421875,negative,4.015089954414575,0.00537109375,positive,4.015089954414575,0.20999900348676181,False,0.2257267866364131,False
FD-3169-Q01,1,O,D,single_probe/empty,0.2958852132161458,0.07206420898437438,0.00537109375,0.00537109375,positive,positive,4.055808512369791,4.279629516601562,-0.22382100423177143,0.0107421875,negative,4.167719014485677,0.00537109375,positive,4.167719014485677,0.22382100423177143,False,0.24355461430825565,False
FD-3169-Q01,1,O,D,single_probe/space,0.32383168538411455,0.0677276611328117,0.00537109375,0.00537109375,positive,positive,3.9724884033203116,4.2285924275716145,-0.25610402425130285,0.0107421875,negative,4.100540415445963,0.00537109375,positive,4.100540415445963,0.25610402425130285,False,0.20914463960645543,False
FD-3169-Q01,1,O,D,single_probe/na,0.26547826131184893,0.06108957926432268,0.00537109375,0.00537109375,positive,positive,3.831014251708984,4.03540293375651,-0.20438868204752625,0.0107421875,negative,3.933208592732747,0.00537109375,positive,3.933208592732747,0.20438868204752625,False,0.23011141839806867,False
FD-3169-Q01,1,O,D,single_probe/mask,0.26743647257487035,0.0612920125325509,0.00537109375,0.00537109375,positive,positive,3.8620544433593738,4.068198903401694,-0.20614446004231946,0.0107421875,negative,3.9651266733805333,0.00537109375,positive,3.9651266733805333,0.20614446004231946,False,0.22918344660484502,False
FD-3169-Q01,1,O,D,single_probe/lorem,0.16021118164062376,0.029533894856769827,0.00537109375,0.00537109375,positive,positive,4.169472249348958,4.300149536132812,-0.13067728678385393,0.0107421875,negative,4.234810892740885,0.00537109375,positive,4.234810892740885,0.13067728678385393,False,0.1843435305471906,False
FD-3169-Q01,1,O,D,leave_one_out/empty,0.26850668438679826,0.05967309819125077,0.00537109375,0.00537109375,positive,positive,3.889601327998823,4.098434914194371,-0.20883358619554748,0.0107421875,negative,3.994018121096597,0.00537109375,positive,3.994018121096597,0.20883358619554748,False,0.22224064301240443,False
FD-3169-Q01,1,O,D,leave_one_out/space,0.2598096536401062,0.059669774380285645,0.00537109375,0.00537109375,positive,positive,3.8956346497858756,4.095774529045697,-0.20013987925982057,0.0107421875,negative,3.995704589415786,0.00537109375,positive,3.995704589415786,0.20013987925982057,False,0.22966727195957648,False
FD-3169-Q01,1,O,D,leave_one_out/na,0.28226240461691,0.06264419039992397,0.00537109375,0.00537109375,positive,positive,3.968148506650404,4.1877667208673905,-0.21961821421698602,0.0107421875,negative,4.0779576137588975,0.00537109375,positive,4.0779576137588975,0.21961821421698602,False,0.22193600484962012,False
FD-3169-Q01,1,O,D,leave_one_out/mask,0.27217190800655056,0.061206256267274384,0.00537109375,0.00537109375,positive,positive,3.9218270155693604,4.132792667308637,-0.21096565173927617,0.0107421875,negative,4.027309841438998,0.00537109375,positive,4.027309841438998,0.21096565173927617,False,0.22488087295842923,False
FD-3169-Q01,1,O,D,leave_one_out/lorem,0.27762400628736517,0.06337766914455623,0.00537109375,0.00537109375,positive,positive,3.896995846642137,4.111242183784945,-0.21424633714280894,0.0107421875,negative,4.004119015213542,0.00537109375,positive,4.004119015213542,0.21424633714280894,False,0.2282859828733787,False
FD-3169-Q01,1,O,D,ab_symmetric_sum,1.5881595611572266,-1.0047035217285156,0.002685546875,0.002685546875,positive,negative,13.975790023803711,16.568653106689453,-2.592863082885742,0.00537109375,negative,15.272221565246582,0.002685546875,positive,15.272221565246582,0.5834560394287109,True,-0.6326212720064661,False
FD-3169-Q01,1,O,D,ab_mapping_gap_sum,-1.3409461975097656,-0.49604034423828125,0.00537109375,0.00537109375,negative,negative,5.275035858154297,4.4301300048828125,0.8449058532714844,0.0107421875,positive,4.852582931518555,0.00537109375,positive,null,0.8449058532714844,False,0.3699181556720651,False
FD-3169-Q01,2,O,N1,original/answer_sum,0.7497787475585938,0.16472625732421875,0.002685546875,0.002685546875,positive,positive,12.724365234375,13.309417724609375,-0.585052490234375,0.00537109375,negative,13.016891479492188,0.002685546875,positive,13.016891479492188,0.585052490234375,False,0.21969982192826254,False
FD-3169-Q01,2,O,N1,original/answer_mean,0.20063222249348958,0.054909261067708215,0.002685546875,0.002685546875,positive,positive,4.164115397135417,4.309838358561198,-0.14572296142578137,0.00537109375,negative,4.236976877848307,0.002685546875,positive,4.236976877848307,0.14572296142578137,False,0.27368116838505335,False
FD-3169-Q01,2,O,N1,original/total_with_eos,0.7497787475585938,0.16472625732421875,0.002685546875,0.002685546875,positive,positive,12.724365234375,13.309417724609375,-0.585052490234375,0.00537109375,negative,13.016891479492188,0.002685546875,positive,13.016891479492188,0.585052490234375,False,0.21969982192826254,False
FD-3169-Q01,2,O,N1,original/mean_with_eos,0.15663592020670572,0.041181882222493194,0.002685546875,0.002685546875,positive,positive,3.1327540079752603,3.2482080459594727,-0.11545403798421253,0.00537109375,negative,3.1904810269673667,0.002685546875,positive,3.1904810269673667,0.11545403798421253,False,0.2629146760726864,False
FD-3169-Q01,2,O,N1,ab_forward/answer_sum,0.057193756103515625,-0.7800407409667969,0.002685546875,0.002685546875,positive,negative,22.059585571289062,22.896820068359375,-0.8372344970703125,0.00537109375,negative,22.47820281982422,0.002685546875,positive,22.47820281982422,-0.7228469848632812,True,-13.638564663509637,False
FD-3169-Q01,2,O,N1,ab_forward/answer_mean,0.028596878051757812,-0.39002037048339844,0.002685546875,0.002685546875,positive,negative,11.029792785644531,11.448410034179688,-0.41861724853515625,0.00537109375,negative,11.23910140991211,0.002685546875,positive,11.23910140991211,-0.3614234924316406,True,-13.638564663509637,False
FD-3169-Q01,2,O,N1,ab_forward/total_with_eos,0.057193756103515625,-0.7800445556640625,0.002685546875,0.002685546875,positive,negative,22.059585571289062,22.89682388305664,-0.8372383117675781,0.00537109375,negative,22.47820472717285,0.002685546875,positive,22.47820472717285,-0.7228507995605469,True,-13.638631361301941,False
FD-3169-Q01,2,O,N1,ab_forward/mean_with_eos,0.019064585367838838,-0.2600148518880214,0.002685546875,0.002685546875,positive,negative,7.3531951904296875,7.632274627685547,-0.27907943725586026,0.00537109375,negative,7.492734909057617,0.002685546875,positive,7.492734909057617,-0.2409502665201826,True,-13.63863136130176,False
FD-3169-Q01,2,O,N1,ab_reverse/answer_sum,1.4403152465820312,-0.8599586486816406,0.002685546875,0.002685546875,positive,negative,11.190742492675781,13.491016387939453,-2.300273895263672,0.00537109375,negative,12.340879440307617,0.002685546875,positive,12.340879440307617,0.5803565979003906,True,-0.5970627963026723,False
FD-3169-Q01,2,O,N1,ab_reverse/answer_mean,0.7201576232910156,-0.4299793243408203,0.002685546875,0.002685546875,positive,negative,5.595371246337891,6.745508193969727,-1.150136947631836,0.00537109375,negative,6.170439720153809,0.002685546875,positive,6.170439720153809,0.2901782989501953,True,-0.5970627963026723,False
FD-3169-Q01,2,O,N1,ab_reverse/total_with_eos,1.4403152465820312,-0.8599586486816406,0.002685546875,0.002685546875,positive,negative,11.190742492675781,13.491016387939453,-2.300273895263672,0.00537109375,negative,12.340879440307617,0.002685546875,positive,12.340879440307617,0.5803565979003906,True,-0.5970627963026723,False
FD-3169-Q01,2,O,N1,ab_reverse/mean_with_eos,0.48010508219401027,-0.2866528828938799,0.002685546875,0.002685546875,positive,negative,3.7302474975585938,4.497005462646484,-0.7667579650878902,0.00537109375,negative,4.113626480102539,0.002685546875,positive,4.113626480102539,0.19345219930013036,True,-0.5970627963026719,False
FD-3169-Q01,2,O,N1,background,-0.039489267253686844,-0.03482359467179341,0.002685546875,0.002685546875,negative,negative,0.04464364301746082,0.03997797043556739,0.004665672581893432,0.00537109375,unresolved,0.042310806726514105,0.002685546875,positive,null,0.004665672581893432,False,0.8818496035411285,False
FD-3169-Q01,2,O,N1,ncc,0.2401214897471764,0.08973285573950163,0.00537109375,0.00537109375,positive,positive,4.119471754117956,4.269860388125631,-0.15038863400767477,0.0107421875,negative,4.194666071121794,0.00537109375,positive,4.194666071121794,0.15038863400767477,False,0.3736977304029774,False
FD-3169-Q01,2,O,N1,single_probe/empty,0.1996874491373699,0.08400090535481786,0.00537109375,0.00537109375,positive,positive,4.115008036295573,4.230694580078126,-0.11568654378255205,0.0107421875,negative,4.172851308186849,0.00537109375,positive,4.172851308186849,0.11568654378255205,False,0.4206619180008232,False
FD-3169-Q01,2,O,N1,single_probe/space,0.24293162027994786,0.09671834309895821,0.00537109375,0.00537109375,positive,positive,4.09209467569987,4.238307952880859,-0.14621327718098964,0.0107421875,negative,4.165201314290364,0.00537109375,positive,4.165201314290364,0.14621327718098964,False,0.3981299058043683,False
FD-3169-Q01,2,O,N1,single_probe/na,0.24735285441080768,0.09297459920247375,0.00537109375,0.00537109375,positive,positive,4.114788055419922,4.269166310628256,-0.15437825520833393,0.0107421875,negative,4.191977183024088,0.00537109375,positive,4.191977183024088,0.15437825520833393,False,0.3758784163778438,False
FD-3169-Q01,2,O,N1,single_probe/mask,0.2693697611490884,0.09220937093098946,0.00537109375,0.00537109375,positive,positive,4.172683970133464,4.349844360351563,-0.17716039021809893,0.0107421875,negative,4.261264165242514,0.00537109375,positive,4.261264165242514,0.17716039021809893,False,0.3423152269862772,False
FD-3169-Q01,2,O,N1,single_probe/lorem,0.16754404703775982,0.05412851969401,0.00537109375,0.00537109375,positive,positive,4.0092615763346355,4.122677103678385,-0.11341552734374982,0.0107421875,negative,4.065969340006511,0.00537109375,positive,4.065969340006511,0.11341552734374982,False,0.32307038448110853,False
FD-3169-Q01,2,O,N1,leave_one_out/empty,0.2455033725715654,0.0905782877669008,0.00537109375,0.00537109375,positive,positive,4.119876809059093,4.274801893863758,-0.1549250848046646,0.0107421875,negative,4.197339351461426,0.00537109375,positive,4.197339351461426,0.1549250848046646,False,0.3689492605259294,False
FD-3169-Q01,2,O,N1,leave_one_out/space,0.23950132375101552,0.08823411759459354,0.00537109375,0.00537109375,positive,positive,4.125486817318922,4.276754023475344,-0.15126720615642197,0.0107421875,negative,4.201120420397133,0.00537109375,positive,4.201120420397133,0.15126720615642197,False,0.36840764056202596,False
FD-3169-Q01,2,O,N1,leave_one_out/na,0.23639411147237555,0.08898529044829573,0.00537109375,0.00537109375,positive,positive,4.1207559429498275,4.268164763973907,-0.14740882102407982,0.0107421875,negative,4.194460353461867,0.00537109375,positive,4.194460353461867,0.14740882102407982,False,0.3764276948103859,False
FD-3169-Q01,2,O,N1,leave_one_out/mask,0.23355222497556083,0.08913460240169568,0.00537109375,0.00537109375,positive,positive,4.106953532868873,4.2513711554427385,-0.14441762257386515,0.0107421875,negative,4.179162344155806,0.00537109375,positive,4.179162344155806,0.14441762257386515,False,0.3816474127404388,False
FD-3169-Q01,2,O,N1,leave_one_out/lorem,0.2437433657204915,0.0914758206173909,0.00537109375,0.00537109375,positive,positive,4.123433495459232,4.275701040562333,-0.1522675451031006,0.0107421875,negative,4.1995672680107825,0.00537109375,positive,4.1995672680107825,0.1522675451031006,False,0.3752956325477561,False
FD-3169-Q01,2,O,N1,ab_symmetric_sum,0.7487545013427734,-0.8199996948242188,0.002685546875,0.002685546875,positive,negative,16.625164031982422,18.193918228149414,-1.5687541961669922,0.00537109375,negative,17.409541130065918,0.002685546875,positive,17.409541130065918,-0.07124519348144531,True,-1.0951516062389985,False
FD-3169-Q01,2,O,N1,ab_mapping_gap_sum,-1.3831214904785156,0.07991790771484375,0.00537109375,0.00537109375,negative,positive,10.868843078613281,9.405803680419922,1.4630393981933594,0.0107421875,positive,10.137323379516602,0.00537109375,positive,null,1.3032035827636719,True,-0.05778083000300626,False
FD-3169-Q01,2,O,N2,original/answer_sum,0.7497787475585938,0.304107666015625,0.002685546875,0.002685546875,positive,positive,12.986930847167969,13.432601928710938,-0.44567108154296875,0.00537109375,negative,13.209766387939453,0.002685546875,positive,13.209766387939453,0.44567108154296875,False,0.4055965403205291,False
FD-3169-Q01,2,O,N2,original/answer_mean,0.20063222249348958,0.10136973063151089,0.002685546875,0.002685546875,positive,positive,4.251637776692709,4.350900268554687,-0.09926249186197869,0.00537109375,negative,4.301269022623698,0.002685546875,positive,4.301269022623698,0.09926249186197869,False,0.5052514963532355,False
FD-3169-Q01,2,O,N2,original/total_with_eos,0.7497787475585938,0.304107666015625,0.002685546875,0.002685546875,positive,positive,12.986930847167969,13.432601928710938,-0.44567108154296875,0.00537109375,negative,13.209766387939453,0.002685546875,positive,13.209766387939453,0.44567108154296875,False,0.4055965403205291,False
FD-3169-Q01,2,O,N2,original/mean_with_eos,0.15663592020670572,0.0760272343953452,0.002685546875,0.002685546875,positive,positive,3.1983957290649414,3.279004414876302,-0.08060868581136052,0.00537109375,negative,3.2387000719706216,0.002685546875,positive,3.2387000719706216,0.08060868581136052,False,0.4853754764233856,False
FD-3169-Q01,2,O,N2,ab_forward/answer_sum,0.057193756103515625,-0.7411537170410156,0.002685546875,0.002685546875,positive,negative,22.432518005371094,23.230865478515625,-0.7983474731445312,0.00537109375,negative,22.83169174194336,0.002685546875,positive,22.83169174194336,-0.6839599609375,True,-12.958647368772093,False
FD-3169-Q01,2,O,N2,ab_forward/answer_mean,0.028596878051757812,-0.3705768585205078,0.002685546875,0.002685546875,positive,negative,11.216259002685547,11.615432739257812,-0.3991737365722656,0.00537109375,negative,11.41584587097168,0.002685546875,positive,11.41584587097168,-0.34197998046875,True,-12.958647368772093,False
FD-3169-Q01,2,O,N2,ab_forward/total_with_eos,0.057193756103515625,-0.7411613464355469,0.002685546875,0.002685546875,positive,negative,22.432518005371094,23.230873107910156,-0.7983551025390625,0.00537109375,negative,22.831695556640625,0.002685546875,positive,22.831695556640625,-0.6839675903320312,True,-12.9587807643567,False
FD-3169-Q01,2,O,N2,ab_forward/mean_with_eos,0.019064585367838838,-0.2470537821451826,0.002685546875,0.002685546875,positive,negative,7.477506001790363,7.743624369303385,-0.2661183675130214,0.00537109375,negative,7.610565185546875,0.002685546875,positive,7.610565185546875,-0.22798919677734375,True,-12.958780764356515,False
FD-3169-Q01,2,O,N2,ab_reverse/answer_sum,1.4403152465820312,-0.9541263580322266,0.002685546875,0.002685546875,positive,negative,11.611978530883789,14.006420135498047,-2.394441604614258,0.00537109375,negative,12.809199333190918,0.002685546875,positive,12.809199333190918,0.4861888885498047,True,-0.6624427258521599,False
FD-3169-Q01,2,O,N2,ab_reverse/answer_mean,0.7201576232910156,-0.4770631790161133,0.002685546875,0.002685546875,positive,negative,5.8059892654418945,7.003210067749023,-1.197220802307129,0.00537109375,negative,6.404599666595459,0.002685546875,positive,6.404599666595459,0.24309444427490234,True,-0.6624427258521599,False
FD-3169-Q01,2,O,N2,ab_reverse/total_with_eos,1.4403152465820312,-0.9541263580322266,0.002685546875,0.002685546875,positive,negative,11.611978530883789,14.006420135498047,-2.394441604614258,0.00537109375,negative,12.809199333190918,0.002685546875,positive,12.809199333190918,0.4861888885498047,True,-0.6624427258521599,False
FD-3169-Q01,2,O,N2,ab_reverse/mean_with_eos,0.48010508219401027,-0.3180421193440752,0.002685546875,0.002685546875,positive,negative,3.8706595102945967,4.668806711832682,-0.7981472015380855,0.00537109375,negative,4.26973311106364,0.002685546875,positive,4.26973311106364,0.16206296284993504,True,-0.6624427258521595,False
FD-3169-Q01,2,O,N2,background,-0.039489267253686844,-0.04235130185731961,0.002685546875,0.002685546875,negative,negative,-0.004377580841139039,-0.0015155462375062712,-0.002862034603632768,0.00537109375,unresolved,-0.0029465635393226552,0.002685546875,negative,null,-0.002862034603632768,False,1.0724762651392463,False
FD-3169-Q01,2,O,N2,ncc,0.2401214897471764,0.1437210324888305,0.00537109375,0.00537109375,positive,positive,4.2560153575338475,4.352415814792193,-0.0964004572583459,0.0107421875,negative,4.304215586163021,0.00537109375,positive,4.304215586163021,0.0964004572583459,False,0.5985346527716207,False
FD-3169-Q01,2,O,N2,single_probe/empty,0.1996874491373699,0.15294596354166723,0.00537109375,0.00537109375,positive,positive,4.228239695231121,4.274981180826823,-0.04674148559570268,0.0107421875,negative,4.251610438028972,0.00537109375,positive,4.251610438028972,0.04674148559570268,False,0.7659267730765189,False
FD-3169-Q01,2,O,N2,single_probe/space,0.24293162027994786,0.15395100911458393,0.00537109375,0.00537109375,positive,positive,4.197505696614584,4.286486307779947,-0.08898061116536393,0.0107421875,negative,4.241996002197266,0.00537109375,positive,4.241996002197266,0.08898061116536393,False,0.6337215753847726,False
FD-3169-Q01,2,O,N2,single_probe/na,0.24735285441080768,0.14341328938802134,0.00537109375,0.00537109375,positive,positive,4.256823221842448,4.3607627868652346,-0.10393956502278634,0.0107421875,negative,4.308793004353841,0.00537109375,positive,4.308793004353841,0.10393956502278634,False,0.5797923364564784,False
FD-3169-Q01,2,O,N2,single_probe/mask,0.2693697611490884,0.14538167317708428,0.00537109375,0.00537109375,positive,positive,4.339285024007163,4.463273111979166,-0.12398808797200411,0.0107421875,negative,4.401279067993165,0.00537109375,positive,4.401279067993165,0.12398808797200411,False,0.5397104432097696,False
FD-3169-Q01,2,O,N2,single_probe/lorem,0.16754404703775982,0.10699259440104214,0.00537109375,0.00537109375,positive,positive,4.185237884521485,4.245789337158203,-0.060551452636717684,0.0107421875,negative,4.215513610839844,0.00537109375,positive,4.215513610839844,0.060551452636717684,False,0.6385938282661212,False
FD-3169-Q01,2,O,N2,leave_one_out/empty,0.2455033725715654,0.14275135102627123,0.00537109375,0.00537109375,positive,positive,4.25951423278513,4.362266254330424,-0.10275202154529417,0.0107421875,negative,4.310890243557777,0.00537109375,positive,4.310890243557777,0.10275202154529417,False,0.5814639103772741,False
FD-3169-Q01,2,O,N2,leave_one_out/space,0.23950132375101552,0.1416055212030365,0.00537109375,0.00537109375,positive,positive,4.26868203358908,4.3665778361370595,-0.09789580254797903,0.0107421875,negative,4.31762993486307,0.00537109375,positive,4.31762993486307,0.09789580254797903,False,0.5912515178840888,False
FD-3169-Q01,2,O,N2,leave_one_out/na,0.23639411147237555,0.14654278965004197,0.00537109375,0.00537109375,positive,positive,4.255604252599627,4.345455574421961,-0.08985132182233357,0.0107421875,negative,4.300529913510794,0.00537109375,positive,4.300529913510794,0.08985132182233357,False,0.6199087986469012,False
FD-3169-Q01,2,O,N2,leave_one_out/mask,0.23355222497556083,0.14330574518660022,0.00537109375,0.00537109375,positive,positive,4.236097309130153,4.326343788919113,-0.09024647978896061,0.0107421875,negative,4.281220549024633,0.00537109375,positive,4.281220549024633,0.09024647978896061,False,0.6135918645245015,False
FD-3169-Q01,2,O,N2,leave_one_out/lorem,0.2437433657204915,0.14566593061158528,0.00537109375,0.00537109375,positive,positive,4.258981839050287,4.357059274159194,-0.09807743510890621,0.0107421875,negative,4.30802055660474,0.00537109375,positive,4.30802055660474,0.09807743510890621,False,0.5976200836523492,False
FD-3169-Q01,2,O,N2,ab_symmetric_sum,0.7487545013427734,-0.8476400375366211,0.002685546875,0.002685546875,positive,negative,17.02224826812744,18.618642807006836,-1.5963945388793945,0.00537109375,negative,17.82044553756714,0.002685546875,positive,17.82044553756714,-0.09888553619384766,True,-1.1320667001220186,False
FD-3169-Q01,2,O,N2,ab_mapping_gap_sum,-1.3831214904785156,0.21297264099121094,0.00537109375,0.00537109375,negative,positive,10.820539474487305,9.224445343017578,1.5960941314697266,0.0107421875,positive,10.022492408752441,0.00537109375,positive,null,1.1701488494873047,True,-0.1539797063796104,False
FD-3169-Q01,2,O,D,original/answer_sum,0.7497787475585938,0.10115432739257812,0.002685546875,0.002685546875,positive,positive,11.850086212158203,12.498710632324219,-0.6486244201660156,0.00537109375,negative,12.174398422241211,0.002685546875,positive,12.174398422241211,0.6486244201660156,False,0.13491223607224626,False
FD-3169-Q01,2,O,D,original/answer_mean,0.20063222249348958,0.0337206522623692,0.002685546875,0.002685546875,positive,positive,3.8726936340332028,4.039605204264323,-0.16691157023112038,0.00537109375,negative,3.9561494191487627,0.002685546875,positive,3.9561494191487627,0.16691157023112038,False,0.16807196692178106,False
FD-3169-Q01,2,O,D,original/total_with_eos,0.7497787475585938,0.10115432739257812,0.002685546875,0.002685546875,positive,positive,11.850086212158203,12.498710632324219,-0.6486244201660156,0.00537109375,negative,12.174398422241211,0.002685546875,positive,12.174398422241211,0.6486244201660156,False,0.13491223607224626,False
FD-3169-Q01,2,O,D,original/mean_with_eos,0.15663592020670572,0.025290171305338394,0.002685546875,0.002685546875,positive,positive,2.9141871134440103,3.0455328623453775,-0.13134574890136733,0.00537109375,negative,2.979859987894694,0.002685546875,positive,2.979859987894694,0.13134574890136733,False,0.16145831219278461,False
FD-3169-Q01,2,O,D,ab_forward/answer_sum,0.057193756103515625,-0.8967704772949219,0.002685546875,0.002685546875,positive,negative,17.994857788085938,18.948822021484375,-0.9539642333984375,0.00537109375,negative,18.471839904785156,0.002685546875,positive,18.471839904785156,-0.8395767211914062,True,-15.679517107983726,False
FD-3169-Q01,2,O,D,ab_forward/answer_mean,0.028596878051757812,-0.44838523864746094,0.002685546875,0.002685546875,positive,negative,8.997428894042969,9.474411010742188,-0.47698211669921875,0.00537109375,negative,9.235919952392578,0.002685546875,positive,9.235919952392578,-0.4197883605957031,True,-15.679517107983726,False
FD-3169-Q01,2,O,D,ab_forward/total_with_eos,0.057193756103515625,-0.8967742919921875,0.002685546875,0.002685546875,positive,negative,17.994857788085938,18.94882583618164,-0.9539680480957031,0.00537109375,negative,18.47184181213379,0.002685546875,positive,18.47184181213379,-0.8395805358886719,True,-15.679583805776028,False
FD-3169-Q01,2,O,D,ab_forward/mean_with_eos,0.019064585367838838,-0.298924763997396,0.002685546875,0.002685546875,positive,negative,5.998285929361979,6.316275278727214,-0.3179893493652348,0.00537109375,negative,6.157280604044597,0.002685546875,positive,6.157280604044597,-0.27986017862955714,True,-15.679583805775794,False
FD-3169-Q01,2,O,D,ab_reverse/answer_sum,1.4403152465820312,-0.7607250213623047,0.002685546875,0.002685546875,positive,negative,11.131637573242188,13.332677841186523,-2.201040267944336,0.00537109375,negative,12.232157707214355,0.002685546875,positive,12.232157707214355,0.6795902252197266,True,-0.5281656381598114,False
FD-3169-Q01,2,O,D,ab_reverse/answer_mean,0.7201576232910156,-0.38036251068115234,0.002685546875,0.002685546875,positive,negative,5.565818786621094,6.666338920593262,-1.100520133972168,0.00537109375,negative,6.116078853607178,0.002685546875,positive,6.116078853607178,0.3397951126098633,True,-0.5281656381598114,False
FD-3169-Q01,2,O,D,ab_reverse/total_with_eos,1.4403152465820312,-0.7607250213623047,0.002685546875,0.002685546875,positive,negative,11.131637573242188,13.332677841186523,-2.201040267944336,0.00537109375,negative,12.232157707214355,0.002685546875,positive,12.232157707214355,0.6795902252197266,True,-0.5281656381598114,False
FD-3169-Q01,2,O,D,ab_reverse/mean_with_eos,0.48010508219401027,-0.2535750071207685,0.002685546875,0.002685546875,positive,negative,3.7105458577473955,4.444225947062174,-0.7336800893147788,0.00537109375,negative,4.077385902404785,0.002685546875,positive,4.077385902404785,0.22653007507324174,True,-0.5281656381598122,False
FD-3169-Q01,2,O,D,background,-0.039489267253686844,-0.028040517173739232,0.002685546875,0.002685546875,negative,negative,-0.08762108518520018,-0.09906983526514779,0.011448750079947612,0.00537109375,positive,-0.09334546022517398,0.002685546875,negative,null,0.011448750079947612,False,0.7100794500338894,False
FD-3169-Q01,2,O,D,ncc,0.2401214897471764,0.06176116943610843,0.00537109375,0.00537109375,positive,positive,3.960314719218403,4.1386750395294705,-0.17836032031106797,0.0107421875,negative,4.0494948793739365,0.00537109375,positive,4.0494948793739365,0.17836032031106797,False,0.2572080054189931,False
FD-3169-Q01,2,O,D,single_probe/empty,0.1996874491373699,0.07679595947265572,0.00537109375,0.00537109375,positive,positive,4.184468841552734,4.307360331217448,-0.12289148966471419,0.0107421875,negative,4.245914586385091,0.00537109375,positive,4.245914586385091,0.12289148966471419,False,0.3845808026714082,False
FD-3169-Q01,2,O,D,single_probe/space,0.24293162027994786,0.07989578247070295,0.00537109375,0.00537109375,positive,positive,4.070630391438802,4.233666229248047,-0.1630358378092449,0.0107421875,negative,4.152148310343424,0.00537109375,positive,4.152148310343424,0.1630358378092449,False,0.32888177495639803,False
FD-3169-Q01,2,O,D,single_probe/na,0.24735285441080768,0.0542353312174475,0.00537109375,0.00537109375,positive,positive,3.801316833496093,3.994434356689453,-0.19311752319336017,0.0107421875,negative,3.8978755950927733,0.00537109375,positive,3.8978755950927733,0.19311752319336017,False,0.21926300930157278,False
FD-3169-Q01,2,O,D,single_probe/mask,0.2693697611490884,0.05619049072265536,0.00537109375,0.00537109375,positive,positive,4.009490712483723,4.222669982910157,-0.21317927042643303,0.0107421875,negative,4.11608034769694,0.00537109375,positive,4.11608034769694,0.21317927042643303,False,0.20859984611099516,False
FD-3169-Q01,2,O,D,single_probe/lorem,0.16754404703775982,0.0432713826497384,0.00537109375,0.00537109375,positive,positive,4.181539916992187,4.305812581380208,-0.12427266438802143,0.0107421875,negative,4.243676249186198,0.00537109375,positive,4.243676249186198,0.12427266438802143,False,0.2582686965892988,False
FD-3169-Q01,2,O,D,leave_one_out/empty,0.2455033725715654,0.059409224615865064,0.00537109375,0.00537109375,positive,positive,3.9283430384089923,4.114437186364693,-0.18609414795570034,0.0107421875,negative,4.021390112386842,0.00537109375,positive,4.021390112386842,0.18609414795570034,False,0.24198944394764677,False
FD-3169-Q01,2,O,D,leave_one_out/space,0.23950132375101552,0.057234426487871914,0.00537109375,0.00537109375,positive,positive,3.934120634622661,4.116387531885804,-0.1822668972631436,0.0107421875,negative,4.025254083254233,0.00537109375,positive,4.025254083254233,0.1822668972631436,False,0.2389733200279618,False
FD-3169-Q01,2,O,D,leave_one_out/na,0.23639411147237555,0.06775029358837115,0.00537109375,0.00537109375,positive,positive,4.0826384868502235,4.251282304734229,-0.1686438178840044,0.0107421875,negative,4.166960395792226,0.00537109375,positive,4.166960395792226,0.1686438178840044,False,0.28659890538892835,False
FD-3169-Q01,2,O,D,leave_one_out/mask,0.23355222497556083,0.06310922703550359,0.00537109375,0.00537109375,positive,positive,3.948774046805609,4.119217044745666,-0.17044299794005724,0.0107421875,negative,4.033995545775637,0.00537109375,positive,4.033995545775637,0.17044299794005724,False,0.2702146256243434,False
FD-3169-Q01,2,O,D,leave_one_out/lorem,0.2437433657204915,0.0630569828308456,0.00537109375,0.00537109375,positive,positive,3.9506028466203063,4.131289229509952,-0.1806863828896459,0.0107421875,negative,4.04094603806513,0.00537109375,positive,4.04094603806513,0.1806863828896459,False,0.258702355423922,False
FD-3169-Q01,2,O,D,ab_symmetric_sum,0.7487545013427734,-0.8287477493286133,0.002685546875,0.002685546875,positive,negative,14.563247680664062,16.14074993133545,-1.5775022506713867,0.00537109375,negative,15.351998805999756,0.002685546875,positive,15.351998805999756,-0.07999324798583984,True,-1.1068350812481054,False
FD-3169-Q01,2,O,D,ab_mapping_gap_sum,-1.3831214904785156,-0.1360454559326172,0.00537109375,0.00537109375,negative,negative,6.86322021484375,5.616144180297852,1.2470760345458984,0.0107421875,positive,6.239682197570801,0.00537109375,positive,null,1.2470760345458984,False,0.09836117569509373,False
FD-3169-Q02,1,O,N1,original/answer_sum,-0.8510913848876953,-1.9392890930175781,0.002685546875,0.002685546875,negative,negative,1.3446178436279297,2.4328155517578125,-1.0881977081298828,0.00537109375,negative,1.888716697692871,0.002685546875,positive,-1.888716697692871,-1.0881977081298828,False,2.2785909098039743,False
FD-3169-Q02,1,O,N1,original/answer_mean,-0.2690718332926432,-0.527026112874349,0.002685546875,0.002685546875,negative,negative,0.1263790130615235,0.38433329264322924,-0.25795427958170575,0.00537109375,negative,0.25535615285237634,0.002685546875,positive,-0.25535615285237634,-0.25795427958170575,False,1.9586818375788668,False
FD-3169-Q02,1,O,N1,original/total_with_eos,-0.8510913848876953,-1.9392890930175781,0.002685546875,0.002685546875,negative,negative,1.3446178436279297,2.4328155517578125,-1.0881977081298828,0.00537109375,negative,1.888716697692871,0.002685546875,positive,-1.888716697692871,-1.0881977081298828,False,2.2785909098039743,False
FD-3169-Q02,1,O,N1,original/mean_with_eos,-0.20363203684488929,-0.4101950327555339,0.002685546875,0.002685546875,negative,negative,0.13501262664794922,0.3415756225585938,-0.2065629959106446,0.00537109375,negative,0.2382941246032715,0.002685546875,positive,-0.2382941246032715,-0.2065629959106446,False,2.0143934083809607,False
FD-3169-Q02,1,O,N1,ab_forward/answer_sum,-1.5445308685302734,-4.9273223876953125,0.002685546875,0.002685546875,negative,negative,15.269826889038086,18.652618408203125,-3.382791519165039,0.00537109375,negative,16.961222648620605,0.002685546875,positive,-16.961222648620605,-3.382791519165039,False,3.190174109232272,False
FD-3169-Q02,1,O,N1,ab_forward/answer_mean,-0.7722654342651367,-2.4636611938476562,0.002685546875,0.002685546875,negative,negative,7.634913444519043,9.326309204101562,-1.6913957595825195,0.00537109375,negative,8.480611324310303,0.002685546875,positive,-8.480611324310303,-1.6913957595825195,False,3.190174109232272,False
FD-3169-Q02,1,O,N1,ab_forward/total_with_eos,-1.5445308685302734,-4.9273223876953125,0.002685546875,0.002685546875,negative,negative,15.269826889038086,18.652618408203125,-3.382791519165039,0.00537109375,negative,16.961222648620605,0.002685546875,positive,-16.961222648620605,-3.382791519165039,False,3.190174109232272,False
FD-3169-Q02,1,O,N1,ab_forward/mean_with_eos,-0.5148436228434248,-1.6424407958984375,0.002685546875,0.002685546875,negative,negative,5.089942296346028,6.217539469401041,-1.1275971730550127,0.00537109375,negative,5.653740882873535,0.002685546875,positive,-5.653740882873535,-1.1275971730550127,False,3.19017410923227,False
FD-3169-Q02,1,O,N1,ab_reverse/answer_sum,-1.9857673645019531,-0.72857666015625,0.002685546875,0.002685546875,negative,negative,9.77090835571289,8.513717651367188,1.2571907043457031,0.00537109375,positive,9.142313003540039,0.002685546875,positive,-9.142313003540039,1.2571907043457031,False,0.36689930209371885,False
FD-3169-Q02,1,O,N1,ab_reverse/answer_mean,-0.9928836822509766,-0.364288330078125,0.002685546875,0.002685546875,negative,negative,4.885454177856445,4.256858825683594,0.6285953521728516,0.00537109375,positive,4.5711565017700195,0.002685546875,positive,-4.5711565017700195,0.6285953521728516,False,0.36689930209371885,False
FD-3169-Q02,1,O,N1,ab_reverse/total_with_eos,-1.9857673645019531,-0.72857666015625,0.002685546875,0.002685546875,negative,negative,9.77090835571289,8.513717651367188,1.2571907043457031,0.00537109375,positive,9.142313003540039,0.002685546875,positive,-9.142313003540039,1.2571907043457031,False,0.36689930209371885,False
FD-3169-Q02,1,O,N1,ab_reverse/mean_with_eos,-0.6619224548339844,-0.24285888671875,0.002685546875,0.002685546875,negative,negative,3.256969451904297,2.8379058837890625,0.4190635681152344,0.00537109375,positive,3.0474376678466797,0.002685546875,positive,-3.0474376678466797,0.4190635681152344,False,0.36689930209371885,False
FD-3169-Q02,1,O,N1,background,-0.12040395021390715,-0.045545271310591495,0.002685546875,0.002685546875,negative,negative,0.13479972215867875,0.05994104325536309,0.07485867890331566,0.00537109375,positive,0.09737038270702092,0.002685546875,positive,null,0.07485867890331566,False,0.3782705735956064,False
FD-3169-Q02,1,O,N1,ncc,-0.14866788307873646,-0.48148084156375726,0.00537109375,0.00537109375,negative,negative,-0.008420709097154866,0.3243922493878659,-0.3328129584850208,0.0107421875,negative,0.15798577014535553,0.00537109375,positive,-0.15798577014535553,-0.3328129584850208,False,3.238633870294357,False
FD-3169-Q02,1,O,N1,single_probe/empty,-0.12400347391764344,-0.47317326863606723,0.00537109375,0.00537109375,negative,negative,-0.09305203755696523,0.25611775716145857,-0.3491697947184238,0.0107421875,negative,0.08153285980224667,0.00537109375,positive,-0.08153285980224667,-0.3491697947184238,False,3.815806555147995,False
FD-3169-Q02,1,O,N1,single_probe/space,-0.09605700174967513,-0.46695226033528625,0.00537109375,0.00537109375,negative,negative,-0.09683977762858031,0.2740554809570308,-0.3708952585856111,0.0107421875,negative,0.08860785166422525,0.00537109375,positive,-0.08860785166422525,-0.3708952585856111,False,4.861199619286113,False
FD-3169-Q02,1,O,N1,single_probe/na,-0.1544104258219401,-0.47679850260416656,0.00537109375,0.00537109375,negative,negative,0.04625867207845036,0.36864674886067683,-0.3223880767822265,0.0107421875,negative,0.2074527104695636,0.00537109375,positive,-0.2074527104695636,-0.3223880767822265,False,3.0878646960924225,False
FD-3169-Q02,1,O,N1,single_probe/mask,-0.15245221455891889,-0.49194107055664027,0.00537109375,0.00537109375,negative,negative,-0.007977422078450314,0.33151143391927107,-0.3394888559977214,0.0107421875,negative,0.16176700592041038,0.00537109375,positive,-0.16176700592041038,-0.3394888559977214,False,3.2268542112028005,False
FD-3169-Q02,1,O,N1,single_probe/lorem,-0.2596775054931646,-0.525624847412109,0.00537109375,0.00537109375,negative,negative,-0.11213442484537683,0.1538129170735676,-0.2659473419189444,0.0107421875,negative,0.020839246114095378,0.00537109375,positive,-0.020839246114095378,-0.2659473419189444,False,2.024144703692653,False
FD-3169-Q02,1,O,N1,leave_one_out/empty,-0.15138200274699143,-0.4822774663996796,0.00537109375,0.00537109375,negative,negative,0.0015481066788285425,0.3324435703315167,-0.3308954636526882,0.0107421875,negative,0.16699583850517263,0.00537109375,positive,-0.16699583850517263,-0.3308954636526882,False,3.185830928698454,False
FD-3169-Q02,1,O,N1,leave_one_out/space,-0.16007903349368346,-0.4843820038059419,0.00537109375,0.00537109375,negative,negative,0.010397185870064884,0.3347001561823233,-0.3243029703122584,0.0107421875,negative,0.1725486710261941,0.00537109375,positive,-0.1725486710261941,-0.3243029703122584,False,3.0258928557627445,False
FD-3169-Q02,1,O,N1,leave_one_out/na,-0.1376262825168797,-0.48281292486022975,0.00537109375,0.00537109375,negative,negative,-0.06145369792606692,0.28373294441728314,-0.34518664234335006,0.0107421875,negative,0.11113962324560811,0.00537109375,positive,-0.11113962324560811,-0.34518664234335006,False,3.5081447818734284,False
FD-3169-Q02,1,O,N1,leave_one_out/mask,-0.14771677912723913,-0.47884070481385255,0.00537109375,0.00537109375,negative,negative,-0.008531930803648002,0.3225919948829654,-0.3311239256866134,0.0107421875,negative,0.1570300320396587,0.00537109375,positive,-0.1570300320396587,-0.3311239256866134,False,3.24161349606325,False
FD-3169-Q02,1,O,N1,leave_one_out/lorem,-0.14226468084642407,-0.47926084859837204,0.00537109375,0.00537109375,negative,negative,-0.005612176190323392,0.33138399156162457,-0.33699616775194796,0.0107421875,negative,0.1628859076856506,0.00537109375,positive,-0.1628859076856506,-0.33699616775194796,False,3.3687971304398325,False
FD-3169-Q02,1,O,N1,ab_symmetric_sum,-1.7651491165161133,-2.8279495239257812,0.002685546875,0.002685546875,negative,negative,12.520367622375488,13.583168029785156,-1.062800407409668,0.00537109375,negative,13.051767826080322,0.002685546875,positive,-13.051767826080322,-1.062800407409668,False,1.6021023365478178,False
FD-3169-Q02,1,O,N1,ab_mapping_gap_sum,0.4412364959716797,-4.1987457275390625,0.00537109375,0.00537109375,positive,negative,5.498918533325195,10.138900756835938,-4.639982223510742,0.0107421875,negative,7.818909645080566,0.00537109375,positive,null,-3.757509231567383,True,-9.515862277649296,False
FD-3169-Q02,1,O,N2,original/answer_sum,-0.8510913848876953,-2.116668701171875,0.002685546875,0.002685546875,negative,negative,1.839498519897461,3.1050758361816406,-1.2655773162841797,0.00537109375,negative,2.472287178039551,0.002685546875,positive,-2.472287178039551,-1.2655773162841797,False,2.4870052015050974,False
FD-3169-Q02,1,O,N2,original/answer_mean,-0.2690718332926432,-0.6106602986653646,0.002685546875,0.002685546875,negative,negative,0.2502244313557943,0.5918128967285157,-0.34158846537272136,0.00537109375,negative,0.421018664042155,0.002685546875,positive,-0.421018664042155,-0.3415884653727214,False,2.269506589347124,False
FD-3169-Q02,1,O,N2,original/total_with_eos,-0.8510913848876953,-2.116668701171875,0.002685546875,0.002685546875,negative,negative,1.839498519897461,3.1050758361816406,-1.2655773162841797,0.00537109375,negative,2.472287178039551,0.002685546875,positive,-2.472287178039551,-1.2655773162841797,False,2.4870052015050974,False
FD-3169-Q02,1,O,N2,original/mean_with_eos,-0.20363203684488929,-0.46985721588134766,0.002685546875,0.002685546875,negative,negative,0.23303604125976562,0.499261220296224,-0.26622517903645837,0.00537109375,negative,0.3661486307779948,0.002685546875,positive,-0.3661486307779948,-0.26622517903645837,False,2.307383568722281,False
FD-3169-Q02,1,O,N2,ab_forward/answer_sum,-1.5445308685302734,-5.533786773681641,0.002685546875,0.002685546875,negative,negative,15.81269645690918,19.801952362060547,-3.989255905151367,0.00537109375,negative,17.807324409484863,0.002685546875,positive,-17.807324409484863,-3.989255905151367,False,3.582826919443453,False
FD-3169-Q02,1,O,N2,ab_forward/answer_mean,-0.7722654342651367,-2.7668933868408203,0.002685546875,0.002685546875,negative,negative,7.90634822845459,9.900976181030273,-1.9946279525756836,0.00537109375,negative,8.903662204742432,0.002685546875,positive,-8.903662204742432,-1.9946279525756836,False,3.582826919443453,False
FD-3169-Q02,1,O,N2,ab_forward/total_with_eos,-1.5445308685302734,-5.533786773681641,0.002685546875,0.002685546875,negative,negative,15.81269645690918,19.801952362060547,-3.989255905151367,0.00537109375,negative,17.807324409484863,0.002685546875,positive,-17.807324409484863,-3.989255905151367,False,3.582826919443453,False
FD-3169-Q02,1,O,N2,ab_forward/mean_with_eos,-0.5148436228434248,-1.8445955912272136,0.002685546875,0.002685546875,negative,negative,5.270898818969727,6.600650787353516,-1.3297519683837888,0.00537109375,negative,5.935774803161621,0.002685546875,positive,-5.935774803161621,-1.3297519683837888,False,3.582826919443451,False
FD-3169-Q02,1,O,N2,ab_reverse/answer_sum,-1.9857673645019531,-1.2131690979003906,0.002685546875,0.002685546875,negative,negative,9.90020751953125,9.127609252929688,0.7725982666015625,0.00537109375,positive,9.513908386230469,0.002685546875,positive,-9.513908386230469,0.7725982666015625,False,0.610932136154158,False
FD-3169-Q02,1,O,N2,ab_reverse/answer_mean,-0.9928836822509766,-0.6065845489501953,0.002685546875,0.002685546875,negative,negative,4.950103759765625,4.563804626464844,0.38629913330078125,0.00537109375,positive,4.756954193115234,0.002685546875,positive,-4.756954193115234,0.38629913330078125,False,0.610932136154158,False
FD-3169-Q02,1,O,N2,ab_reverse/total_with_eos,-1.9857673645019531,-1.2131690979003906,0.002685546875,0.002685546875,negative,negative,9.90020751953125,9.127609252929688,0.7725982666015625,0.00537109375,positive,9.513908386230469,0.002685546875,positive,-9.513908386230469,0.7725982666015625,False,0.610932136154158,False
FD-3169-Q02,1,O,N2,ab_reverse/mean_with_eos,-0.6619224548339844,-0.40438969930013036,0.002685546875,0.002685546875,negative,negative,3.300069173177083,3.042536417643229,0.257532755533854,0.00537109375,positive,3.1713027954101562,0.002685546875,positive,-3.1713027954101562,0.257532755533854,False,0.6109321361541582,False
FD-3169-Q02,1,O,N2,background,-0.12040395021390715,-0.04592503846329343,0.002685546875,0.002685546875,negative,negative,0.08305540456806693,0.008576492817453207,0.07447891175061372,0.00537109375,positive,0.04581594869276007,0.002685546875,positive,null,0.07447891175061372,False,0.3814246823439261,False
FD-3169-Q02,1,O,N2,ncc,-0.14866788307873646,-0.5647352602020712,0.00537109375,0.00537109375,negative,negative,0.1671690267877275,0.5832364039110622,-0.41606737712333475,0.0107421875,negative,0.37520271534939487,0.00537109375,positive,-0.37520271534939487,-0.41606737712333475,False,3.7986365885292117,False
FD-3169-Q02,1,O,N2,single_probe/empty,-0.12400347391764344,-0.5627520243326827,0.00537109375,0.00537109375,negative,negative,0.052497227986653794,0.49124577840169303,-0.43874855041503924,0.0107421875,negative,0.2718715031941734,0.00537109375,positive,-0.2718715031941734,-0.43874855041503924,False,4.538195637216042,False
FD-3169-Q02,1,O,N2,single_probe/space,-0.09605700174967513,-0.557861073811849,0.00537109375,0.00537109375,negative,negative,0.043437067667643436,0.5052411397298173,-0.4618040720621739,0.0107421875,negative,0.2743391036987304,0.00537109375,positive,-0.2743391036987304,-0.4618040720621739,False,5.807604481197912,False
FD-3169-Q02,1,O,N2,single_probe/na,-0.1544104258219401,-0.5532124837239585,0.00537109375,0.00537109375,negative,negative,0.2293852488199868,0.6281873067220052,-0.3988020579020184,0.0107421875,negative,0.428786277770996,0.00537109375,positive,-0.428786277770996,-0.3988020579020184,False,3.5827404838705705,False
FD-3169-Q02,1,O,N2,single_probe/mask,-0.15245221455891889,-0.5804204305013023,0.00537109375,0.00537109375,negative,negative,0.19734230041503897,0.6253105163574224,-0.42796821594238343,0.0107421875,negative,0.4113264083862307,0.00537109375,positive,-0.4113264083862307,-0.42796821594238343,False,3.807228594091591,False
FD-3169-Q02,1,O,N2,single_probe/lorem,-0.2596775054931646,-0.6029838562011713,0.00537109375,0.00537109375,negative,negative,0.10332934061686228,0.446635691324869,-0.34330635070800675,0.0107421875,negative,0.27498251597086565,0.00537109375,positive,-0.27498251597086565,-0.34330635070800675,False,2.3220488623225917,False
FD-3169-Q02,1,O,N2,leave_one_out/empty,-0.15138200274699143,-0.5647637344626912,0.00537109375,0.00537109375,negative,negative,0.18085151758139206,0.5942332492970919,-0.4133817317156998,0.0107421875,negative,0.38754238343924197,0.00537109375,positive,-0.38754238343924197,-0.4133817317156998,False,3.730719135791823,False
FD-3169-Q02,1,O,N2,leave_one_out/space,-0.16007903349368346,-0.5660424245127986,0.00537109375,0.00537109375,negative,negative,0.1930538470738763,0.5990172380929915,-0.40596339101911516,0.0107421875,negative,0.3960355425834339,0.00537109375,positive,-0.3960355425834339,-0.40596339101911516,False,3.5360185038544354,False
FD-3169-Q02,1,O,N2,leave_one_out/na,-0.1376262825168797,-0.5718301116706952,0.00537109375,0.00537109375,negative,negative,0.1108737887715967,0.5450776179254122,-0.4342038291538155,0.0107421875,negative,0.32797570334850445,0.00537109375,positive,-0.32797570334850445,-0.4342038291538155,False,4.154948467786746,False
FD-3169-Q02,1,O,N2,leave_one_out/mask,-0.14771677912723913,-0.5606305740019342,0.00537109375,0.00537109375,negative,negative,0.15947424338612626,0.5723880382608213,-0.41291379487469504,0.0107421875,negative,0.3659311408234738,0.00537109375,positive,-0.3659311408234738,-0.41291379487469504,False,3.7953073260487393,False
FD-3169-Q02,1,O,N2,leave_one_out/lorem,-0.14226468084642407,-0.5626620206534758,0.00537109375,0.00537109375,negative,negative,0.1689417648583631,0.5893391046654148,-0.42039733980705174,0.0107421875,negative,0.37914043476188897,0.00537109375,positive,-0.37914043476188897,-0.42039733980705174,False,3.9550366071595398,False
FD-3169-Q02,1,O,N2,ab_symmetric_sum,-1.7651491165161133,-3.3734779357910156,0.002685546875,0.002685546875,negative,negative,12.856451988220215,14.464780807495117,-1.6083288192749023,0.00537109375,negative,13.660616397857666,0.002685546875,positive,-13.660616397857666,-1.6083288192749023,False,1.9111574791195385,False
FD-3169-Q02,1,O,N2,ab_mapping_gap_sum,0.4412364959716797,-4.32061767578125,0.00537109375,0.00537109375,positive,negative,5.91248893737793,10.67434310913086,-4.76185417175293,0.0107421875,negative,8.293416023254395,0.00537109375,positive,null,-3.8793811798095703,True,-9.792067780491495,False
FD-3169-Q02,1,O,D,original/answer_sum,-0.8510913848876953,-1.6591835021972656,0.002685546875,0.002685546875,negative,negative,-0.6215991973876953,0.186492919921875,-0.8080921173095703,0.00537109375,negative,-0.21755313873291016,0.002685546875,negative,0.21755313873291016,-0.8080921173095703,False,1.949477496375082,False
FD-3169-Q02,1,O,D,original/answer_mean,-0.2690718332926432,-0.36190567016601555,0.002685546875,0.002685546875,negative,negative,-0.309573745727539,-0.21673990885416666,-0.09283383687337232,0.00537109375,negative,-0.2631568272908528,0.002685546875,negative,0.2631568272908528,-0.09283383687337232,False,1.345015068048412,False
FD-3169-Q02,1,O,D,original/total_with_eos,-0.8510913848876953,-1.6591835021972656,0.002685546875,0.002685546875,negative,negative,-0.6215991973876953,0.186492919921875,-0.8080921173095703,0.00537109375,negative,-0.21755313873291016,0.002685546875,negative,0.21755313873291016,-0.8080921173095703,False,1.949477496375082,False
FD-3169-Q02,1,O,D,original/mean_with_eos,-0.20363203684488929,-0.2953236897786458,0.002685546875,0.002685546875,negative,negative,-0.21938355763753253,-0.127691904703776,-0.09169165293375653,0.00537109375,negative,-0.17353773117065427,0.002685546875,negative,0.17353773117065427,-0.09169165293375653,False,1.4502810773513009,False
FD-3169-Q02,1,O,D,ab_forward/answer_sum,-1.5445308685302734,-4.168113708496094,0.002685546875,0.002685546875,negative,negative,11.887765884399414,14.511348724365234,-2.6235828399658203,0.00537109375,negative,13.199557304382324,0.002685546875,positive,-13.199557304382324,-2.6235828399658203,False,2.6986276502601325,False
FD-3169-Q02,1,O,D,ab_forward/answer_mean,-0.7722654342651367,-2.084056854248047,0.002685546875,0.002685546875,negative,negative,5.943882942199707,7.255674362182617,-1.3117914199829102,0.00537109375,negative,6.599778652191162,0.002685546875,positive,-6.599778652191162,-1.3117914199829102,False,2.6986276502601325,False
FD-3169-Q02,1,O,D,ab_forward/total_with_eos,-1.5445308685302734,-4.168113708496094,0.002685546875,0.002685546875,negative,negative,11.887765884399414,14.511348724365234,-2.6235828399658203,0.00537109375,negative,13.199557304382324,0.002685546875,positive,-13.199557304382324,-2.6235828399658203,False,2.6986276502601325,False
FD-3169-Q02,1,O,D,ab_forward/mean_with_eos,-0.5148436228434248,-1.3893712361653645,0.002685546875,0.002685546875,negative,negative,3.962588628133138,4.837116241455078,-0.8745276133219397,0.00537109375,negative,4.399852434794108,0.002685546875,positive,-4.399852434794108,-0.8745276133219397,False,2.698627650260131,False
FD-3169-Q02,1,O,D,ab_reverse/answer_sum,-1.9857673645019531,-2.0452842712402344,0.002685546875,0.002685546875,negative,negative,9.502510070800781,9.562026977539062,-0.05951690673828125,0.00537109375,negative,9.532268524169922,0.002685546875,positive,-9.532268524169922,-0.05951690673828125,False,1.0299717418073333,False
FD-3169-Q02,1,O,D,ab_reverse/answer_mean,-0.9928836822509766,-1.0226421356201172,0.002685546875,0.002685546875,negative,negative,4.751255035400391,4.781013488769531,-0.029758453369140625,0.00537109375,negative,4.766134262084961,0.002685546875,positive,-4.766134262084961,-0.029758453369140625,False,1.0299717418073333,False
FD-3169-Q02,1,O,D,ab_reverse/total_with_eos,-1.9857673645019531,-2.0452842712402344,0.002685546875,0.002685546875,negative,negative,9.502510070800781,9.562026977539062,-0.05951690673828125,0.00537109375,negative,9.532268524169922,0.002685546875,positive,-9.532268524169922,-0.05951690673828125,False,1.0299717418073333,False
FD-3169-Q02,1,O,D,ab_reverse/mean_with_eos,-0.6619224548339844,-0.6817614237467446,0.002685546875,0.002685546875,negative,negative,3.1675033569335938,3.187342325846354,-0.01983896891276027,0.00537109375,negative,3.177422841389974,0.002685546875,positive,-3.177422841389974,-0.01983896891276027,False,1.029971741807333,False
FD-3169-Q02,1,O,D,background,-0.12040395021390715,-0.03281451297063587,0.002685546875,0.002685546875,negative,negative,0.005675182501331477,-0.08191425474193981,0.08758943724327128,0.00537109375,positive,-0.038119536120304165,0.002685546875,negative,null,0.08758943724327128,False,0.2725368471079087,False
FD-3169-Q02,1,O,D,ncc,-0.14866788307873646,-0.3290911571953794,0.00537109375,0.00537109375,negative,negative,-0.3152489282288702,-0.13482565411222724,-0.18042327411664294,0.0107421875,negative,-0.22503729117054871,0.00537109375,negative,0.22503729117054871,-0.18042327411664294,False,2.213599537306174,False
FD-3169-Q02,1,O,D,single_probe/empty,-0.12400347391764344,-0.31824874877929643,0.00537109375,0.00537109375,negative,negative,-0.169530868530273,0.02471440633138,-0.194245274861653,0.0107421875,negative,-0.0724082310994465,0.00537109375,negative,0.0724082310994465,-0.194245274861653,False,2.566450267277677,False
FD-3169-Q02,1,O,D,single_probe/space,-0.09605700174967513,-0.3225852966308591,0.00537109375,0.00537109375,negative,negative,-0.2528509775797523,-0.0263226826985683,-0.22652829488118398,0.0107421875,negative,-0.1395868301391603,0.00537109375,negative,0.1395868301391603,-0.22652829488118398,False,3.3582694728648463,False
FD-3169-Q02,1,O,D,single_probe/na,-0.1544104258219401,-0.329223378499349,0.00537109375,0.00537109375,negative,negative,-0.394325129191081,-0.21951217651367205,-0.17481295267740893,0.0107421875,negative,-0.3069186528523765,0.00537109375,negative,0.3069186528523765,-0.17481295267740893,False,2.1321317958088932,False
FD-3169-Q02,1,O,D,single_probe/mask,-0.15245221455891889,-0.3290209452311199,0.00537109375,0.00537109375,negative,negative,-0.36328493754069013,-0.1867162068684891,-0.17656873067220102,0.0107421875,negative,-0.2750005722045896,0.00537109375,negative,0.2750005722045896,-0.17656873067220102,False,2.1581906578599535,False
FD-3169-Q02,1,O,D,single_probe/lorem,-0.2596775054931646,-0.36077906290690187,0.00537109375,0.00537109375,negative,negative,-0.05586713155110701,0.04523442586263027,-0.10110155741373728,0.0107421875,negative,-0.00531635284423837,0.00537109375,unresolved,0.00531635284423837,-0.10110155741373728,False,1.3893350608930528,False
FD-3169-Q02,1,O,D,leave_one_out/empty,-0.15138200274699143,-0.33063985957242004,0.00537109375,0.00537109375,negative,negative,-0.3357380529012408,-0.1564801960758122,-0.1792578568254286,0.0107421875,negative,-0.2461091244885265,0.00537109375,negative,0.2461091244885265,-0.1792578568254286,False,2.1841424579712214,False
FD-3169-Q02,1,O,D,leave_one_out/space,-0.16007903349368346,-0.33064318338338516,0.00537109375,0.00537109375,negative,negative,-0.3297047311141883,-0.1591405812244866,-0.1705641498897017,0.0107421875,negative,-0.24442265616933745,0.00537109375,negative,0.24442265616933745,-0.1705641498897017,False,2.0654996233246994,False
FD-3169-Q02,1,O,D,leave_one_out/na,-0.1376262825168797,-0.32766876736374684,0.00537109375,0.00537109375,negative,negative,-0.2571908742496598,-0.06714838940279266,-0.19004248484686714,0.0107421875,negative,-0.16216963182622623,0.00537109375,negative,0.16216963182622623,-0.19004248484686714,False,2.380858956381087,False
FD-3169-Q02,1,O,D,leave_one_out/mask,-0.14771677912723913,-0.3291067014963964,0.00537109375,0.00537109375,negative,negative,-0.30351236533070347,-0.12212244296154617,-0.1813899223691573,0.0107421875,negative,-0.21281740414612482,0.00537109375,negative,0.21281740414612482,-0.1813899223691573,False,2.2279574699696982,False
FD-3169-Q02,1,O,D,leave_one_out/lorem,-0.14226468084642407,-0.3269352886191146,0.00537109375,0.00537109375,negative,negative,-0.32834353425792706,-0.14367292648523655,-0.1846706077726905,0.0107421875,negative,-0.2360082303715818,0.00537109375,negative,0.2360082303715818,-0.1846706077726905,False,2.2980776864220007,False
FD-3169-Q02,1,O,D,ab_symmetric_sum,-1.7651491165161133,-3.106698989868164,0.002685546875,0.002685546875,negative,negative,10.695137977600098,12.036687850952148,-1.3415498733520508,0.00537109375,negative,11.365912914276123,0.002685546875,positive,-11.365912914276123,-1.3415498733520508,False,1.7600207035198685,False
FD-3169-Q02,1,O,D,ab_mapping_gap_sum,0.4412364959716797,-2.1228294372558594,0.00537109375,0.00537109375,positive,negative,2.385255813598633,4.949321746826172,-2.564065933227539,0.0107421875,negative,3.6672887802124023,0.00537109375,positive,null,-1.6815929412841797,True,-4.811092139105626,False
FD-3169-Q02,2,O,N1,original/answer_sum,-0.5745792388916016,-1.1862716674804688,0.002685546875,0.002685546875,negative,negative,1.5069026947021484,2.1185951232910156,-0.6116924285888672,0.00537109375,negative,1.812748908996582,0.002685546875,positive,-1.812748908996582,-0.6116924285888672,False,2.064591943434746,False
FD-3169-Q02,2,O,N1,original/answer_mean,-0.14548988342285163,-0.3239288330078125,0.002685546875,0.002685546875,negative,negative,0.17055015563964848,0.34898910522460935,-0.17843894958496087,0.00537109375,negative,0.2597696304321289,0.002685546875,positive,-0.2597696304321289,-0.17843894958496087,False,2.2264698093567517,False
FD-3169-Q02,2,O,N1,original/total_with_eos,-0.5745792388916016,-1.1862716674804688,0.002685546875,0.002685546875,negative,negative,1.5069026947021484,2.1185951232910156,-0.6116924285888672,0.00537109375,negative,1.812748908996582,0.002685546875,positive,-1.812748908996582,-0.6116924285888672,False,2.064591943434746,False
FD-3169-Q02,2,O,N1,original/mean_with_eos,-0.11487197875976562,-0.25188350677490234,0.002685546875,0.002685546875,negative,negative,0.1693814595540364,0.30639298756917316,-0.13701152801513675,0.00537109375,negative,0.2378872235616048,0.002685546875,positive,-0.2378872235616048,-0.13701152801513672,False,2.192732374721881,False
FD-3169-Q02,2,O,N1,ab_forward/answer_sum,-1.4337902069091797,-3.2037429809570312,0.002685546875,0.002685546875,negative,negative,16.485387802124023,18.255340576171875,-1.7699527740478516,0.00537109375,negative,17.37036418914795,0.002685546875,positive,-17.37036418914795,-1.7699527740478516,False,2.2344572905567106,False
FD-3169-Q02,2,O,N1,ab_forward/answer_mean,-0.7168951034545898,-1.6018714904785156,0.002685546875,0.002685546875,negative,negative,8.242693901062012,9.127670288085938,-0.8849763870239258,0.00537109375,negative,8.685182094573975,0.002685546875,positive,-8.685182094573975,-0.8849763870239258,False,2.2344572905567106,False
FD-3169-Q02,2,O,N1,ab_forward/total_with_eos,-1.4337902069091797,-3.2037429809570312,0.002685546875,0.002685546875,negative,negative,16.485387802124023,18.255340576171875,-1.7699527740478516,0.00537109375,negative,17.37036418914795,0.002685546875,positive,-17.37036418914795,-1.7699527740478516,False,2.2344572905567106,False
FD-3169-Q02,2,O,N1,ab_forward/mean_with_eos,-0.47793006896972656,-1.0679143269856772,0.002685546875,0.002685546875,negative,negative,5.495129267374675,6.085113525390625,-0.5899842580159506,0.00537109375,negative,5.790121396382649,0.002685546875,positive,-5.790121396382649,-0.5899842580159507,False,2.234457290556711,False
FD-3169-Q02,2,O,N1,ab_reverse/answer_sum,-4.4793548583984375,-1.3613471984863281,0.002685546875,0.002685546875,negative,negative,13.602897644042969,10.48488998413086,3.1180076599121094,0.00537109375,positive,12.043893814086914,0.002685546875,positive,-12.043893814086914,3.1180076599121094,False,0.30391590787541856,False
FD-3169-Q02,2,O,N1,ab_reverse/answer_mean,-2.2396774291992188,-0.6806735992431641,0.002685546875,0.002685546875,negative,negative,6.801448822021484,5.24244499206543,1.5590038299560547,0.00537109375,positive,6.021946907043457,0.002685546875,positive,-6.021946907043457,1.5590038299560547,False,0.30391590787541856,False
FD-3169-Q02,2,O,N1,ab_reverse/total_with_eos,-4.4793548583984375,-1.3613471984863281,0.002685546875,0.002685546875,negative,negative,13.602897644042969,10.48488998413086,3.1180076599121094,0.00537109375,positive,12.043893814086914,0.002685546875,positive,-12.043893814086914,3.1180076599121094,False,0.30391590787541856,False
FD-3169-Q02,2,O,N1,ab_reverse/mean_with_eos,-1.4931182861328123,-0.45378239949544286,0.002685546875,0.002685546875,negative,negative,4.534299214680989,3.4949633280436196,1.0393358866373694,0.00537109375,positive,4.014631271362305,0.002685546875,positive,-4.014631271362305,1.0393358866373694,False,0.3039159078754187,False
FD-3169-Q02,2,O,N1,background,-0.039489267253686844,-0.03482359467179341,0.002685546875,0.002685546875,negative,negative,0.04464364301746082,0.03997797043556739,0.004665672581893432,0.00537109375,unresolved,0.042310806726514105,0.002685546875,positive,null,0.004665672581893432,False,0.8818496035411285,False
FD-3169-Q02,2,O,N1,ncc,-0.1060006161691649,-0.2891052383360191,0.00537109375,0.00537109375,negative,negative,0.12590651262218788,0.3090111347890421,-0.1831046221668542,0.0107421875,negative,0.21745882370561498,0.00537109375,positive,-0.21745882370561498,-0.1831046221668542,False,2.727392054727683,False
FD-3169-Q02,2,O,N1,single_probe/empty,-0.14643465677897094,-0.29483718872070286,0.00537109375,0.00537109375,negative,negative,0.12144279479980469,0.2698453267415366,-0.14840253194173192,0.0107421875,negative,0.19564406077067065,0.00537109375,positive,-0.19564406077067065,-0.14840253194173192,False,2.0134385889655295,False
FD-3169-Q02,2,O,N1,single_probe/space,-0.10319048563639344,-0.2821197509765625,0.00537109375,0.00537109375,negative,negative,0.09852943420410165,0.2774586995442707,-0.17892926534016906,0.0107421875,negative,0.18799406687418618,0.00537109375,positive,-0.18799406687418618,-0.17892926534016906,False,2.7339705713824447,False
FD-3169-Q02,2,O,N1,single_probe/na,-0.09876925150553362,-0.28586349487304674,0.00537109375,0.00537109375,negative,negative,0.12122281392415357,0.3083170572916667,-0.18709424336751312,0.0107421875,negative,0.21476993560791013,0.00537109375,positive,-0.21476993560791013,-0.18709424336751312,False,2.894255960388958,False
FD-3169-Q02,2,O,N1,single_probe/mask,-0.0767523447672529,-0.28662872314453125,0.00537109375,0.00537109375,negative,negative,0.17911872863769585,0.3889951070149742,-0.20987637837727835,0.0107421875,negative,0.284056917826335,0.00537109375,positive,-0.284056917826335,-0.20987637837727835,False,3.7344621068413804,False
FD-3169-Q02,2,O,N1,single_probe/lorem,-0.17857805887858103,-0.3247095743815107,0.00537109375,0.00537109375,negative,negative,0.01569633483886701,0.1618278503417967,-0.1461315155029297,0.0107421875,negative,0.08876209259033185,0.00537109375,positive,-0.08876209259033185,-0.1461315155029297,False,1.818306103339871,False
FD-3169-Q02,2,O,N1,leave_one_out/empty,-0.10061873334477545,-0.2882598063086199,0.00537109375,0.00537109375,negative,negative,0.12631156756332462,0.3139526405271691,-0.18764107296384447,0.0107421875,negative,0.22013210404524686,0.00537109375,positive,-0.22013210404524686,-0.18764107296384447,False,2.8648721438470344,False
FD-3169-Q02,2,O,N1,leave_one_out/space,-0.10662078216532533,-0.2906039764809272,0.00537109375,0.00537109375,negative,negative,0.13192157582315334,0.3159047701387552,-0.18398319431560184,0.0107421875,negative,0.22391317298095426,0.00537109375,positive,-0.22391317298095426,-0.18398319431560184,False,2.72558473666343,False
FD-3169-Q02,2,O,N1,leave_one_out/na,-0.1097279944439653,-0.289852803627225,0.00537109375,0.00537109375,negative,negative,0.12719070145405897,0.30731551063731866,-0.18012480918325968,0.0107421875,negative,0.21725310604568882,0.00537109375,positive,-0.21725310604568882,-0.18012480918325968,False,2.6415574721475825,False
FD-3169-Q02,2,O,N1,leave_one_out/mask,-0.11256988094078002,-0.28970349167382503,0.00537109375,0.00537109375,negative,negative,0.11338829137310524,0.29052190210615025,-0.177133610733045,0.0107421875,negative,0.20195509673962775,0.00537109375,positive,-0.20195509673962775,-0.177133610733045,False,2.5735435558133903,False
FD-3169-Q02,2,O,N1,leave_one_out/lorem,-0.10237874019584936,-0.2873622734581298,0.00537109375,0.00537109375,negative,negative,0.1298682539634637,0.31485178722574414,-0.18498353326228045,0.0107421875,negative,0.2223600205946039,0.00537109375,positive,-0.2223600205946039,-0.18498353326228045,False,2.8068549477011446,False
FD-3169-Q02,2,O,N1,ab_symmetric_sum,-2.9565725326538086,-2.2825450897216797,0.002685546875,0.002685546875,negative,negative,15.044142723083496,14.370115280151367,0.6740274429321289,0.00537109375,positive,14.707129001617432,0.002685546875,positive,-14.707129001617432,0.6740274429321289,False,0.7720240462603756,False
FD-3169-Q02,2,O,N1,ab_mapping_gap_sum,3.045564651489258,-1.8423957824707031,0.00537109375,0.00537109375,positive,negative,2.8824901580810547,7.770450592041016,-4.887960433959961,0.0107421875,negative,5.326470375061035,0.00537109375,positive,null,1.2031688690185547,True,-0.6049439080433855,False
FD-3169-Q02,2,O,N2,original/answer_sum,-0.5745792388916016,-1.5483360290527344,0.002685546875,0.002685546875,negative,negative,2.560300827026367,3.5340576171875,-0.9737567901611328,0.00537109375,negative,3.0471792221069336,0.002685546875,positive,-3.0471792221069336,-0.9737567901611328,False,2.694730202990921,False
FD-3169-Q02,2,O,N2,original/answer_mean,-0.14548988342285163,-0.4741793314615885,0.002685546875,0.002685546875,negative,negative,0.45629539489746096,0.7849848429361979,-0.3286894480387369,0.00537109375,negative,0.6206401189168294,0.002685546875,positive,-0.6206401189168294,-0.3286894480387369,False,3.2591910881077157,False
FD-3169-Q02,2,O,N2,original/total_with_eos,-0.5745792388916016,-1.5483360290527344,0.002685546875,0.002685546875,negative,negative,2.560300827026367,3.5340576171875,-0.9737567901611328,0.00537109375,negative,3.0471792221069336,0.002685546875,positive,-3.0471792221069336,-0.9737567901611328,False,2.694730202990921,False
FD-3169-Q02,2,O,N2,original/mean_with_eos,-0.11487197875976562,-0.3608760833740235,0.002685546875,0.002685546875,negative,negative,0.39186382293701166,0.6378679275512695,-0.24600410461425787,0.00537109375,negative,0.5148658752441406,0.002685546875,positive,-0.5148658752441406,-0.24600410461425787,False,3.1415501610600076,False
FD-3169-Q02,2,O,N2,ab_forward/answer_sum,-1.4337902069091797,-3.7732200622558594,0.002685546875,0.002685546875,negative,negative,16.667680740356445,19.007110595703125,-2.3394298553466797,0.00537109375,negative,17.837395668029785,0.002685546875,positive,-17.837395668029785,-2.3394298553466797,False,2.6316402804771464,False
FD-3169-Q02,2,O,N2,ab_forward/answer_mean,-0.7168951034545898,-1.8866100311279297,0.002685546875,0.002685546875,negative,negative,8.333840370178223,9.503555297851562,-1.1697149276733398,0.00537109375,negative,8.918697834014893,0.002685546875,positive,-8.918697834014893,-1.1697149276733398,False,2.6316402804771464,False
FD-3169-Q02,2,O,N2,ab_forward/total_with_eos,-1.4337902069091797,-3.7732200622558594,0.002685546875,0.002685546875,negative,negative,16.667680740356445,19.007110595703125,-2.3394298553466797,0.00537109375,negative,17.837395668029785,0.002685546875,positive,-17.837395668029785,-2.3394298553466797,False,2.6316402804771464,False
FD-3169-Q02,2,O,N2,ab_forward/mean_with_eos,-0.47793006896972656,-1.257740020751953,0.002685546875,0.002685546875,negative,negative,5.555893580118815,6.335703531901041,-0.7798099517822265,0.00537109375,negative,5.945798556009929,0.002685546875,positive,-5.945798556009929,-0.7798099517822263,False,2.631640280477146,False
FD-3169-Q02,2,O,N2,ab_reverse/answer_sum,-4.4793548583984375,-1.7499771118164062,0.002685546875,0.002685546875,negative,negative,13.787666320800781,11.05828857421875,2.7293777465820312,0.00537109375,positive,12.422977447509766,0.002685546875,positive,-12.422977447509766,2.7293777465820312,False,0.39067615027984154,False
FD-3169-Q02,2,O,N2,ab_reverse/answer_mean,-2.2396774291992188,-0.8749885559082031,0.002685546875,0.002685546875,negative,negative,6.893833160400391,5.529144287109375,1.3646888732910156,0.00537109375,positive,6.211488723754883,0.002685546875,positive,-6.211488723754883,1.3646888732910156,False,0.39067615027984154,False
FD-3169-Q02,2,O,N2,ab_reverse/total_with_eos,-4.4793548583984375,-1.7499771118164062,0.002685546875,0.002685546875,negative,negative,13.787666320800781,11.05828857421875,2.7293777465820312,0.00537109375,positive,12.422977447509766,0.002685546875,positive,-12.422977447509766,2.7293777465820312,False,0.39067615027984154,False
FD-3169-Q02,2,O,N2,ab_reverse/mean_with_eos,-1.4931182861328123,-0.5833257039388018,0.002685546875,0.002685546875,negative,negative,4.59588877360026,3.6860961914062496,0.9097925821940105,0.00537109375,positive,4.140992482503255,0.002685546875,positive,-4.140992482503255,0.9097925821940105,False,0.39067615027984137,False
FD-3169-Q02,2,O,N2,background,-0.039489267253686844,-0.04235130185731961,0.002685546875,0.002685546875,negative,negative,-0.004377580841139039,-0.0015155462375062712,-0.002862034603632768,0.00537109375,unresolved,-0.0029465635393226552,0.002685546875,negative,null,-0.002862034603632768,False,1.0724762651392463,False
FD-3169-Q02,2,O,N2,ncc,-0.1060006161691649,-0.4318280296042687,0.00537109375,0.00537109375,negative,negative,0.46067297573860033,0.7865003891737041,-0.3258274134351038,0.0107421875,negative,0.6235866824561522,0.00537109375,positive,-0.6235866824561522,-0.3258274134351038,False,4.0738256550803476,False
FD-3169-Q02,2,O,N2,single_probe/empty,-0.14643465677897094,-0.42260309855143197,0.00537109375,0.00537109375,negative,negative,0.43289731343587246,0.7090657552083335,-0.276168441772461,0.0107421875,negative,0.570981534322103,0.00537109375,positive,-0.570981534322103,-0.276168441772461,False,2.8859500056008653,False
FD-3169-Q02,2,O,N2,single_probe/space,-0.10319048563639344,-0.42159805297851527,0.00537109375,0.00537109375,negative,negative,0.4021633148193362,0.720570882161458,-0.31840756734212183,0.0107421875,negative,0.5613670984903971,0.00537109375,positive,-0.5613670984903971,-0.31840756734212183,False,4.085629119568996,False
FD-3169-Q02,2,O,N2,single_probe/na,-0.09876925150553362,-0.43213577270507786,0.00537109375,0.00537109375,negative,negative,0.4614808400472006,0.7948473612467448,-0.33336652119954424,0.0107421875,negative,0.6281641006469727,0.00537109375,positive,-0.6281641006469727,-0.33336652119954424,False,4.375205502907624,False
FD-3169-Q02,2,O,N2,single_probe/mask,-0.0767523447672529,-0.4301673889160149,0.00537109375,0.00537109375,negative,negative,0.5439426422119147,0.8973576863606767,-0.353415044148762,0.0107421875,negative,0.7206501642862957,0.00537109375,positive,-0.7206501642862957,-0.353415044148762,False,5.604615601262384,False
FD-3169-Q02,2,O,N2,single_probe/lorem,-0.17857805887858103,-0.4685564676920575,0.00537109375,0.00537109375,negative,negative,0.38989550272623674,0.6798739115397132,-0.2899784088134765,0.0107421875,negative,0.534884707132975,0.00537109375,positive,-0.534884707132975,-0.2899784088134765,False,2.623818797418102,False
FD-3169-Q02,2,O,N2,leave_one_out/empty,-0.10061873334477545,-0.43279771106682796,0.00537109375,0.00537109375,negative,negative,0.464171850989882,0.7963508287119345,-0.3321789777220525,0.0107421875,negative,0.6302613398509083,0.00537109375,positive,-0.6302613398509083,-0.3321789777220525,False,4.301363142624978,False
FD-3169-Q02,2,O,N2,leave_one_out/space,-0.10662078216532533,-0.4339435408900627,0.00537109375,0.00537109375,negative,negative,0.473339651793832,0.8006624105185693,-0.3273227587247374,0.0107421875,negative,0.6370010311562007,0.00537109375,positive,-0.6370010311562007,-0.3273227587247374,False,4.069971464073423,False
FD-3169-Q02,2,O,N2,leave_one_out/na,-0.1097279944439653,-0.4290062724430572,0.00537109375,0.00537109375,negative,negative,0.4602618708043793,0.7795401488034712,-0.3192782779990919,0.0107421875,negative,0.6199010098039253,0.00537109375,positive,-0.6199010098039253,-0.3192782779990919,False,3.909724903084212,False
FD-3169-Q02,2,O,N2,leave_one_out/mask,-0.11256988094078002,-0.432243316906499,0.00537109375,0.00537109375,negative,negative,0.4407549273349045,0.7604283633006235,-0.31967343596571896,0.0107421875,negative,0.600591645317764,0.00537109375,positive,-0.600591645317764,-0.31967343596571896,False,3.839777685595053,False
FD-3169-Q02,2,O,N2,leave_one_out/lorem,-0.10237874019584936,-0.4298831314815139,0.00537109375,0.00537109375,negative,negative,0.4636394572550393,0.7911438485407039,-0.32750439128566455,0.0107421875,negative,0.6273916528978716,0.00537109375,positive,-0.6273916528978716,-0.32750439128566455,False,4.198949221871185,False
FD-3169-Q02,2,O,N2,ab_symmetric_sum,-2.9565725326538086,-2.761598587036133,0.002685546875,0.002685546875,negative,negative,15.227673530578613,15.032699584960938,0.19497394561767578,0.00537109375,positive,15.130186557769775,0.002685546875,positive,-15.130186557769775,0.19497394561767578,False,0.9340540631206271,False
FD-3169-Q02,2,O,N2,ab_mapping_gap_sum,3.045564651489258,-2.023242950439453,0.00537109375,0.00537109375,positive,negative,2.880014419555664,7.948822021484375,-5.068807601928711,0.0107421875,negative,5.4144182205200195,0.00537109375,positive,null,1.0223217010498047,True,-0.6643244133563551,False
FD-3169-Q02,2,O,D,original/answer_sum,-0.5745792388916016,-1.7357673645019531,0.002685546875,0.002685546875,negative,negative,0.019586563110351562,1.1807746887207031,-1.1611881256103516,0.00537109375,negative,0.6001806259155273,0.002685546875,positive,-0.6001806259155273,-1.1611881256103516,False,3.02093644707796,False
FD-3169-Q02,2,O,D,original/answer_mean,-0.14548988342285163,-0.41144638061523436,0.002685546875,0.002685546875,negative,negative,-0.17741661071777337,0.08853988647460936,-0.26595649719238273,0.00537109375,negative,-0.044438362121582003,0.002685546875,negative,0.044438362121582003,-0.26595649719238273,False,2.8280068066272834,False
FD-3169-Q02,2,O,D,original/total_with_eos,-0.5745792388916016,-1.7357673645019531,0.002685546875,0.002685546875,negative,negative,0.019586563110351562,1.1807746887207031,-1.1611881256103516,0.00537109375,negative,0.6001806259155273,0.002685546875,positive,-0.6001806259155273,-1.1611881256103516,False,3.02093644707796,False
FD-3169-Q02,2,O,D,original/mean_with_eos,-0.11487197875976562,-0.3294776280721029,0.002685546875,0.002685546875,negative,negative,-0.1100692749023438,0.10453637440999344,-0.21460564931233725,0.00537109375,negative,-0.002766450246175181,0.002685546875,negative,0.002766450246175181,-0.21460564931233728,False,2.8682158314792066,False
FD-3169-Q02,2,O,D,ab_forward/answer_sum,-1.4337902069091797,-3.051746368408203,0.002685546875,0.002685546875,negative,negative,13.439920425415039,15.057876586914062,-1.6179561614990234,0.00537109375,negative,14.24889850616455,0.002685546875,positive,-14.24889850616455,-1.6179561614990234,False,2.1284469329629823,False
FD-3169-Q02,2,O,D,ab_forward/answer_mean,-0.7168951034545898,-1.5258731842041016,0.002685546875,0.002685546875,negative,negative,6.7199602127075195,7.528938293457031,-0.8089780807495117,0.00537109375,negative,7.124449253082275,0.002685546875,positive,-7.124449253082275,-0.8089780807495117,False,2.1284469329629823,False
FD-3169-Q02,2,O,D,ab_forward/total_with_eos,-1.4337902069091797,-3.051746368408203,0.002685546875,0.002685546875,negative,negative,13.439920425415039,15.057876586914062,-1.6179561614990234,0.00537109375,negative,14.24889850616455,0.002685546875,positive,-14.24889850616455,-1.6179561614990234,False,2.1284469329629823,False
FD-3169-Q02,2,O,D,ab_forward/mean_with_eos,-0.47793006896972656,-1.017248789469401,0.002685546875,0.002685546875,negative,negative,4.479973475138347,5.0192921956380205,-0.5393187204996743,0.00537109375,negative,4.749632835388184,0.002685546875,positive,-4.749632835388184,-0.5393187204996743,False,2.128446932962982,False
FD-3169-Q02,2,O,D,ab_reverse/answer_sum,-4.4793548583984375,-2.273143768310547,0.002685546875,0.002685546875,negative,negative,12.233642578125,10.02743148803711,2.2062110900878906,0.00537109375,positive,11.130537033081055,0.002685546875,positive,-11.130537033081055,2.2062110900878906,False,0.5074712408749178,False
FD-3169-Q02,2,O,D,ab_reverse/answer_mean,-2.2396774291992188,-1.1365718841552734,0.002685546875,0.002685546875,negative,negative,6.1168212890625,5.013715744018555,1.1031055450439453,0.00537109375,positive,5.565268516540527,0.002685546875,positive,-5.565268516540527,1.1031055450439453,False,0.5074712408749178,False
FD-3169-Q02,2,O,D,ab_reverse/total_with_eos,-4.4793548583984375,-2.273143768310547,0.002685546875,0.002685546875,negative,negative,12.233642578125,10.02743148803711,2.2062110900878906,0.00537109375,positive,11.130537033081055,0.002685546875,positive,-11.130537033081055,2.2062110900878906,False,0.5074712408749178,False
FD-3169-Q02,2,O,D,ab_reverse/mean_with_eos,-1.4931182861328123,-0.7577145894368487,0.002685546875,0.002685546875,negative,negative,4.077880859375,3.342477162679036,0.7354036966959636,0.00537109375,positive,3.710179011027018,0.002685546875,positive,-3.710179011027018,0.7354036966959636,False,0.5074712408749177,False
FD-3169-Q02,2,O,D,background,-0.039489267253686844,-0.028040517173739232,0.002685546875,0.002685546875,negative,negative,-0.08762108518520018,-0.09906983526514779,0.011448750079947612,0.00537109375,positive,-0.09334546022517398,0.002685546875,negative,null,0.011448750079947612,False,0.7100794500338894,False
FD-3169-Q02,2,O,D,ncc,-0.1060006161691649,-0.3834058634414954,0.00537109375,0.00537109375,negative,negative,-0.08979552553257308,0.18760972173975743,-0.2774052472723305,0.0107421875,negative,0.04890709810359217,0.00537109375,positive,-0.04890709810359217,-0.2774052472723305,False,3.617015422152107,False
FD-3169-Q02,2,O,D,single_probe/empty,-0.14643465677897094,-0.3683710734049481,0.00537109375,0.00537109375,negative,negative,0.13435859680175755,0.35629501342773473,-0.22193641662597718,0.0107421875,negative,0.24532680511474614,0.00537109375,positive,-0.24532680511474614,-0.22193641662597718,False,2.5156003469927812,False
FD-3169-Q02,2,O,D,single_probe/space,-0.10319048563639344,-0.3652712504069009,0.00537109375,0.00537109375,negative,negative,0.020520146687825758,0.2826009114583332,-0.26208076477050746,0.0107421875,negative,0.1515605290730795,0.00537109375,positive,-0.1515605290730795,-0.26208076477050746,False,3.539776445029892,False
FD-3169-Q02,2,O,D,single_probe/na,-0.09876925150553362,-0.3909317016601559,0.00537109375,0.00537109375,negative,negative,-0.24879341125488263,0.04336903889973964,-0.2921624501546223,0.0107421875,negative,-0.1027121861775715,0.00537109375,negative,0.1027121861775715,-0.2921624501546223,False,3.958030416361449,False
FD-3169-Q02,2,O,D,single_probe/mask,-0.0767523447672529,-0.3889765421549485,0.00537109375,0.00537109375,negative,negative,-0.040619532267252456,0.2716046651204431,-0.3122241973876956,0.0107421875,negative,0.11549256642659533,0.00537109375,positive,-0.11549256642659533,-0.3122241973876956,False,5.067943439832328,False
FD-3169-Q02,2,O,D,single_probe/lorem,-0.17857805887858103,-0.401895650227865,0.00537109375,0.00537109375,negative,negative,0.13142967224121094,0.3547472635904949,-0.22331759134928397,0.0107421875,negative,0.24308846791585292,0.00537109375,positive,-0.24308846791585292,-0.22331759134928397,False,2.250532079649955,False
FD-3169-Q02,2,O,D,leave_one_out/empty,-0.10061873334477545,-0.3857578082617388,0.00537109375,0.00537109375,negative,negative,-0.12176720634198412,0.1633718685749792,-0.28513907491696333,0.0107421875,negative,0.02080233111649754,0.00537109375,positive,-0.02080233111649754,-0.28513907491696333,False,3.8338567326217388,False
FD-3169-Q02,2,O,D,leave_one_out/space,-0.10662078216532533,-0.3879326063897319,0.00537109375,0.00537109375,negative,negative,-0.11598961012831532,0.16532221409609127,-0.2813118242244066,0.0107421875,negative,0.024666301983887973,0.00537109375,positive,-0.024666301983887973,-0.2813118242244066,False,3.638433319577479,False
FD-3169-Q02,2,O,D,leave_one_out/na,-0.1097279944439653,-0.3774167392892327,0.00537109375,0.00537109375,negative,negative,0.03252824209924743,0.3002169869445148,-0.2676887448452674,0.0107421875,negative,0.16637261452188112,0.00537109375,positive,-0.16637261452188112,-0.2676887448452674,False,3.439566550010788,False
FD-3169-Q02,2,O,D,leave_one_out/mask,-0.11256988094078002,-0.38205780584210025,0.00537109375,0.00537109375,negative,negative,-0.10133619794536752,0.1681517269559527,-0.26948792490132023,0.0107421875,negative,0.03340776450529259,0.00537109375,positive,-0.03340776450529259,-0.26948792490132023,False,3.39396117903945,False
FD-3169-Q02,2,O,D,leave_one_out/lorem,-0.10237874019584936,-0.38211005004675824,0.00537109375,0.00537109375,negative,negative,-0.09950739813067022,0.18022391172023866,-0.2797313098509089,0.0107421875,negative,0.04035825679478422,0.00537109375,positive,-0.04035825679478422,-0.2797313098509089,False,3.732318343786865,False
FD-3169-Q02,2,O,D,ab_symmetric_sum,-2.9565725326538086,-2.662445068359375,0.002685546875,0.002685546875,negative,negative,12.83678150177002,12.542654037475586,0.2941274642944336,0.00537109375,positive,12.689717769622803,0.002685546875,positive,-12.689717769622803,0.2941274642944336,False,0.9005174197331712,False
FD-3169-Q02,2,O,D,ab_mapping_gap_sum,3.045564651489258,-0.7786026000976562,0.00537109375,0.00537109375,positive,negative,1.206277847290039,5.030445098876953,-3.824167251586914,0.0107421875,negative,3.118361473083496,0.00537109375,positive,null,2.2669620513916016,True,-0.25565131238206534,False
FD-3169-Q03,1,O,N1,original/answer_sum,-0.3566780090332031,-0.07876968383789062,0.002685546875,0.002685546875,negative,negative,-0.24117660522460938,-0.5190849304199219,0.2779083251953125,0.00537109375,positive,-0.3801307678222656,0.002685546875,negative,-0.3801307678222656,0.2779083251953125,False,0.22084255783360607,False
FD-3169-Q03,1,O,N1,original/answer_mean,-0.07221043904622382,-0.016307830810546875,0.002685546875,0.002685546875,negative,negative,-0.10272750854492196,-0.1586301167805989,0.05590260823567694,0.00537109375,positive,-0.13067881266276044,0.002685546875,negative,-0.13067881266276044,0.05590260823567694,False,0.22583758007769208,False
FD-3169-Q03,1,O,N1,original/total_with_eos,-0.3566780090332031,-0.07876968383789062,0.002685546875,0.002685546875,negative,negative,-0.24117660522460938,-0.5190849304199219,0.2779083251953125,0.00537109375,positive,-0.3801307678222656,0.002685546875,negative,-0.3801307678222656,0.2779083251953125,False,0.22084255783360607,False
FD-3169-Q03,1,O,N1,original/mean_with_eos,-0.05999310811360675,-0.013474464416503906,0.002685546875,0.002685546875,negative,negative,-0.07425371805826825,-0.1207723617553711,0.046518643697102846,0.00537109375,positive,-0.09751303990681967,0.002685546875,negative,-0.09751303990681967,0.046518643697102846,False,0.2246002055934126,False
FD-3169-Q03,1,O,N1,ab_forward/answer_sum,-2.0336341857910156,-0.5180740356445312,0.002685546875,0.002685546875,negative,negative,4.259571075439453,2.7440109252929688,1.5155601501464844,0.00537109375,positive,3.501791000366211,0.002685546875,positive,3.501791000366211,1.5155601501464844,False,0.2547528160493711,False
FD-3169-Q03,1,O,N1,ab_forward/answer_mean,-1.0168170928955078,-0.2590370178222656,0.002685546875,0.002685546875,negative,negative,2.1297855377197266,1.3720054626464844,0.7577800750732422,0.00537109375,positive,1.7508955001831055,0.002685546875,positive,1.7508955001831055,0.7577800750732422,False,0.2547528160493711,False
FD-3169-Q03,1,O,N1,ab_forward/total_with_eos,-2.0336341857910156,-0.5180740356445312,0.002685546875,0.002685546875,negative,negative,4.259571075439453,2.7440109252929688,1.5155601501464844,0.00537109375,positive,3.501791000366211,0.002685546875,positive,3.501791000366211,1.5155601501464844,False,0.2547528160493711,False
FD-3169-Q03,1,O,N1,ab_forward/mean_with_eos,-0.6778780619303397,-0.1726913452148442,0.002685546875,0.002685546875,negative,negative,1.4198570251464848,0.9146703084309893,0.5051867167154955,0.00537109375,positive,1.167263666788737,0.002685546875,positive,1.167263666788737,0.5051867167154955,False,0.25475281604937133,False
FD-3169-Q03,1,O,N1,ab_reverse/answer_sum,-1.1244354248046875,-0.036472320556640625,0.002685546875,0.002685546875,negative,negative,0.5584220886230469,-0.529541015625,1.0879631042480469,0.00537109375,positive,0.014440536499023438,0.002685546875,positive,0.014440536499023438,1.0879631042480469,False,0.03243611838623441,False
FD-3169-Q03,1,O,N1,ab_reverse/answer_mean,-0.5622177124023438,-0.018236160278320312,0.002685546875,0.002685546875,negative,negative,0.27921104431152344,-0.2647705078125,0.5439815521240234,0.00537109375,positive,0.007220268249511719,0.002685546875,positive,0.007220268249511719,0.5439815521240234,False,0.03243611838623441,False
FD-3169-Q03,1,O,N1,ab_reverse/total_with_eos,-1.1244354248046875,-0.036472320556640625,0.002685546875,0.002685546875,negative,negative,0.5584220886230469,-0.529541015625,1.0879631042480469,0.00537109375,positive,0.014440536499023438,0.002685546875,positive,0.014440536499023438,1.0879631042480469,False,0.03243611838623441,False
FD-3169-Q03,1,O,N1,ab_reverse/mean_with_eos,-0.374811808268229,-0.012157440185546875,0.002685546875,0.002685546875,negative,negative,0.18614069620768237,-0.17651367187499978,0.36265436808268214,0.00537109375,positive,0.004813512166341294,0.002685546875,positive,0.004813512166341294,0.36265436808268214,False,0.032436118386234426,False
FD-3169-Q03,1,O,N1,background,-0.12040395021390715,-0.045545271310591495,0.002685546875,0.002685546875,negative,negative,0.13479972215867875,0.05994104325536309,0.07485867890331566,0.00537109375,positive,0.09737038270702092,0.002685546875,positive,null,0.07485867890331566,False,0.3782705735956064,False
FD-3169-Q03,1,O,N1,ncc,0.04819351116768322,0.02923744050004462,0.00537109375,0.00537109375,positive,positive,-0.2375272307036007,-0.2185711600359621,-0.018956070667638603,0.0107421875,negative,-0.2280491953697814,0.00537109375,negative,-0.2280491953697814,0.018956070667638603,False,0.6066675739461407,False
FD-3169-Q03,1,O,N1,single_probe/empty,0.0728579203287758,0.0375450134277342,0.00537109375,0.00537109375,positive,positive,-0.3221585591634111,-0.28684565226236947,-0.03531290690104161,0.0107421875,negative,-0.30450210571289027,0.00537109375,negative,-0.30450210571289027,0.03531290690104161,False,0.5153182146609461,False
FD-3169-Q03,1,O,N1,single_probe/space,0.10080439249674455,0.043766021728515625,0.00537109375,0.00537109375,positive,positive,-0.32594629923502616,-0.26890792846679723,-0.05703837076822893,0.0107421875,negative,-0.2974271138509117,0.00537109375,negative,-0.2974271138509117,0.05703837076822893,False,0.4341678040461286,False
FD-3169-Q03,1,O,N1,single_probe/na,0.042450968424479374,0.033919779459635535,0.00537109375,0.00537109375,positive,positive,-0.18284784952799482,-0.17431666056315098,-0.008531188964843839,0.0107421875,unresolved,-0.1785822550455729,0.00537109375,negative,-0.1785822550455729,0.008531188964843839,False,0.7990342910546105,False
FD-3169-Q03,1,O,N1,single_probe/mask,0.044409179687500355,0.018777211507161606,0.00537109375,0.00537109375,positive,positive,-0.23708394368489616,-0.2114519755045574,-0.02563196818033875,0.0107421875,negative,-0.22426795959472678,0.00537109375,negative,-0.22426795959472678,0.02563196818033875,False,0.4228227505955653,False
FD-3169-Q03,1,O,N1,single_probe/lorem,-0.06281611124674491,-0.0149065653483067,0.00537109375,0.00537109375,negative,negative,-0.3412409464518227,-0.3891504923502609,0.04790954589843821,0.0107421875,positive,-0.3651957194010418,0.00537109375,negative,-0.3651957194010418,0.04790954589843821,False,0.2373048100630258,False
FD-3169-Q03,1,O,N1,leave_one_out/empty,0.04547939149942826,0.028440815664122265,0.00537109375,0.00537109375,positive,positive,-0.2275584149276173,-0.2105198390923113,-0.01703857583530599,0.0107421875,negative,-0.2190391270099643,0.00537109375,negative,-0.2190391270099643,0.01703857583530599,False,0.625356116835464,False
FD-3169-Q03,1,O,N1,leave_one_out/space,0.03678236075273622,0.026336278257860002,0.00537109375,0.00537109375,positive,positive,-0.21870933573638096,-0.20826325324150474,-0.010446082494876219,0.0107421875,unresolved,-0.21348629448894285,0.00537109375,negative,-0.21348629448894285,0.010446082494876219,False,0.7160029350726451,False
FD-3169-Q03,1,O,N1,leave_one_out/na,0.05923511172953999,0.027905357203572123,0.00537109375,0.00537109375,positive,positive,-0.29056021953251276,-0.2592304650065449,-0.03132975452596787,0.0107421875,negative,-0.27489534226952883,0.00537109375,negative,-0.27489534226952883,0.03132975452596787,False,0.4710948690530786,False
FD-3169-Q03,1,O,N1,leave_one_out/mask,0.04914461511918056,0.03187757724994933,0.00537109375,0.00537109375,positive,positive,-0.23763845241009385,-0.22037141454086262,-0.017267037869231228,0.0107421875,negative,-0.22900493347547823,0.00537109375,negative,-0.22900493347547823,0.017267037869231228,False,0.6486484261326099,False
FD-3169-Q03,1,O,N1,leave_one_out/lorem,0.05459671339999517,0.03145743346542984,0.00537109375,0.00537109375,positive,positive,-0.23471869779676924,-0.2115794178622039,-0.023139279934565327,0.0107421875,negative,-0.22314905782948657,0.00537109375,negative,-0.22314905782948657,0.023139279934565327,False,0.5761781526107874,False
FD-3169-Q03,1,O,N1,ab_symmetric_sum,-1.5790348052978516,-0.27727317810058594,0.002685546875,0.002685546875,negative,negative,2.40899658203125,1.1072349548339844,1.3017616271972656,0.00537109375,positive,1.7581157684326172,0.002685546875,positive,1.7581157684326172,1.3017616271972656,False,0.17559662217089902,False
FD-3169-Q03,1,O,N1,ab_mapping_gap_sum,-0.9091987609863281,-0.4816017150878906,0.00537109375,0.00537109375,negative,negative,3.7011489868164062,3.2735519409179688,0.4275970458984375,0.0107421875,positive,3.4873504638671875,0.00537109375,positive,null,0.4275970458984375,False,0.5296990446461163,False
FD-3169-Q03,1,O,N2,original/answer_sum,-0.3566780090332031,-0.04864501953125,0.002685546875,0.002685546875,negative,negative,-0.09103775024414062,-0.39907073974609375,0.3080329895019531,0.00537109375,positive,-0.2450542449951172,0.002685546875,negative,-0.2450542449951172,0.3080329895019531,False,0.13638356809018085,False
FD-3169-Q03,1,O,N2,original/answer_mean,-0.07221043904622382,-0.009706624348958304,0.002685546875,0.002685546875,negative,negative,-0.06985193888346358,-0.1323557535807291,0.06250381469726551,0.00537109375,positive,-0.10110384623209634,0.002685546875,negative,-0.10110384623209634,0.06250381469726551,False,0.13442134512912787,False
FD-3169-Q03,1,O,N2,original/total_with_eos,-0.3566780090332031,-0.04864501953125,0.002685546875,0.002685546875,negative,negative,-0.09103775024414062,-0.39907073974609375,0.3080329895019531,0.00537109375,positive,-0.2450542449951172,0.002685546875,negative,-0.2450542449951172,0.3080329895019531,False,0.13638356809018085,False
FD-3169-Q03,1,O,N2,original/mean_with_eos,-0.05999310811360675,-0.00809351603190106,0.002685546875,0.002685546875,negative,negative,-0.04745070139567059,-0.09935029347737628,0.05189959208170569,0.00537109375,positive,-0.07340049743652344,0.002685546875,negative,-0.07340049743652344,0.05189959208170569,False,0.1349074299763677,False
FD-3169-Q03,1,O,N2,ab_forward/answer_sum,-2.0336341857910156,-0.5000038146972656,0.002685546875,0.002685546875,negative,negative,4.2398529052734375,2.7062225341796875,1.53363037109375,0.00537109375,positive,3.4730377197265625,0.002685546875,positive,3.4730377197265625,1.53363037109375,False,0.2458671368679716,False
FD-3169-Q03,1,O,N2,ab_forward/answer_mean,-1.0168170928955078,-0.2500019073486328,0.002685546875,0.002685546875,negative,negative,2.1199264526367188,1.3531112670898438,0.766815185546875,0.00537109375,positive,1.7365188598632812,0.002685546875,positive,1.7365188598632812,0.766815185546875,False,0.2458671368679716,False
FD-3169-Q03,1,O,N2,ab_forward/total_with_eos,-2.0336341857910156,-0.5000038146972656,0.002685546875,0.002685546875,negative,negative,4.2398529052734375,2.7062225341796875,1.53363037109375,0.00537109375,positive,3.4730377197265625,0.002685546875,positive,3.4730377197265625,1.53363037109375,False,0.2458671368679716,False
FD-3169-Q03,1,O,N2,ab_forward/mean_with_eos,-0.6778780619303397,-0.16666793823242188,0.002685546875,0.002685546875,negative,negative,1.413284301757813,0.9020741780598951,0.5112101236979179,0.00537109375,positive,1.157679239908854,0.002685546875,positive,1.157679239908854,0.5112101236979179,False,0.24586713686797118,False
FD-3169-Q03,1,O,N2,ab_reverse/answer_sum,-1.1244354248046875,-0.0829010009765625,0.002685546875,0.002685546875,negative,negative,1.2383613586425781,0.19682693481445312,1.041534423828125,0.00537109375,positive,0.7175941467285156,0.002685546875,positive,0.7175941467285156,1.041534423828125,False,0.07372677803259557,False
FD-3169-Q03,1,O,N2,ab_reverse/answer_mean,-0.5622177124023438,-0.04145050048828125,0.002685546875,0.002685546875,negative,negative,0.6191806793212891,0.09841346740722656,0.5207672119140625,0.00537109375,positive,0.3587970733642578,0.002685546875,positive,0.3587970733642578,0.5207672119140625,False,0.07372677803259557,False
FD-3169-Q03,1,O,N2,ab_reverse/total_with_eos,-1.1244354248046875,-0.0829010009765625,0.002685546875,0.002685546875,negative,negative,1.2383613586425781,0.19682693481445312,1.041534423828125,0.00537109375,positive,0.7175941467285156,0.002685546875,positive,0.7175941467285156,1.041534423828125,False,0.07372677803259557,False
FD-3169-Q03,1,O,N2,ab_reverse/mean_with_eos,-0.374811808268229,-0.027633666992187722,0.002685546875,0.002685546875,negative,negative,0.4127871195475259,0.0656089782714846,0.3471781412760413,0.00537109375,positive,0.23919804890950525,0.002685546875,positive,0.23919804890950525,0.3471781412760413,False,0.0737267780325962,False
FD-3169-Q03,1,O,N2,background,-0.12040395021390715,-0.04592503846329343,0.002685546875,0.002685546875,negative,negative,0.08305540456806693,0.008576492817453207,0.07447891175061372,0.00537109375,positive,0.04581594869276007,0.002685546875,positive,null,0.07447891175061372,False,0.3814246823439261,False
FD-3169-Q03,1,O,N2,ncc,0.04819351116768322,0.03621841411433513,0.00537109375,0.00537109375,positive,positive,-0.15290734345153023,-0.14093224639818214,-0.011975097053348094,0.0107421875,negative,-0.14691979492485618,0.00537109375,negative,-0.14691979492485618,0.011975097053348094,False,0.7515205519746785,False
FD-3169-Q03,1,O,N2,single_probe/empty,0.0728579203287758,0.03820164998372366,0.00537109375,0.00537109375,positive,positive,-0.26757914225260393,-0.2329228719075518,-0.03465627034505214,0.0107421875,negative,-0.25025100708007786,0.00537109375,negative,-0.25025100708007786,0.03465627034505214,False,0.5243307770978967,False
FD-3169-Q03,1,O,N2,single_probe/space,0.10080439249674455,0.04309260050455732,0.00537109375,0.00537109375,positive,positive,-0.2766393025716143,-0.21892751057942705,-0.057711791992187234,0.0107421875,negative,-0.24778340657552067,0.00537109375,negative,-0.24778340657552067,0.057711791992187234,False,0.42748732904619197,False
FD-3169-Q03,1,O,N2,single_probe/na,0.042450968424479374,0.04774119059244786,0.00537109375,0.00537109375,positive,positive,-0.09069112141927071,-0.0959813435872392,0.0052902221679684835,0.0107421875,unresolved,-0.09333623250325496,0.00537109375,negative,-0.09333623250325496,-0.0052902221679684835,False,1.1246195873571136,False
FD-3169-Q03,1,O,N2,single_probe/mask,0.044409179687500355,0.02053324381510402,0.00537109375,0.00537109375,positive,positive,-0.12273406982421875,-0.09885813395182241,-0.023875935872396337,0.0107421875,negative,-0.11079610188802058,0.00537109375,negative,-0.11079610188802058,0.023875935872396337,False,0.46236485248304227,False
FD-3169-Q03,1,O,N2,single_probe/lorem,-0.06281611124674491,-0.0020301818847654474,0.00537109375,0.00537109375,negative,unresolved,-0.2167470296223959,-0.27753295898437536,0.06078592936197946,0.0107421875,positive,-0.24713999430338562,0.00537109375,negative,-0.24713999430338562,0.06078592936197946,False,0.03231944551280465,False
FD-3169-Q03,1,O,N2,leave_one_out/empty,0.04547939149942826,0.0361899398537151,0.00537109375,0.00537109375,positive,positive,-0.13922485265786566,-0.1299354010121525,-0.009289451645713154,0.0107421875,unresolved,-0.13458012683500908,0.00537109375,negative,-0.13458012683500908,0.009289451645713154,False,0.7957437129335836,False
FD-3169-Q03,1,O,N2,leave_one_out/space,0.03678236075273622,0.03491124980360771,0.00537109375,0.00537109375,positive,positive,-0.12702252316538143,-0.12515141221625292,-0.0018711109491285072,0.0107421875,unresolved,-0.12608696769081718,0.00537109375,negative,-0.12608696769081718,0.0018711109491285072,False,0.9491302104911982,False
FD-3169-Q03,1,O,N2,leave_one_out/na,0.05923511172953999,0.029123562645711143,0.00537109375,0.00537109375,positive,positive,-0.20920258146766102,-0.17909103238383217,-0.030111549083828848,0.0107421875,negative,-0.1941468069257466,0.00537109375,negative,-0.1941468069257466,0.030111549083828848,False,0.49166046615537146,False
FD-3169-Q03,1,O,N2,leave_one_out/mask,0.04914461511918056,0.04032310031447217,0.00537109375,0.00537109375,positive,positive,-0.16060212685313147,-0.15178061204842308,-0.008821514804708386,0.0107421875,unresolved,-0.15619136945077727,0.00537109375,negative,-0.15619136945077727,0.008821514804708386,False,0.8204988525535232,False
FD-3169-Q03,1,O,N2,leave_one_out/lorem,0.05459671339999517,0.038291653662930525,0.00537109375,0.00537109375,positive,positive,-0.15113460538089463,-0.13482954564382998,-0.016305059737064642,0.0107421875,negative,-0.1429820755123623,0.00537109375,negative,-0.1429820755123623,0.016305059737064642,False,0.701354555582716,False
FD-3169-Q03,1,O,N2,ab_symmetric_sum,-1.5790348052978516,-0.29145240783691406,0.002685546875,0.002685546875,negative,negative,2.739107131958008,1.4515247344970703,1.2875823974609375,0.00537109375,positive,2.095315933227539,0.002685546875,positive,2.095315933227539,1.2875823974609375,False,0.18457630373887657,False
FD-3169-Q03,1,O,N2,ab_mapping_gap_sum,-0.9091987609863281,-0.4171028137207031,0.00537109375,0.00537109375,negative,negative,3.0014915466308594,2.5093955993652344,0.492095947265625,0.0107421875,positive,2.755443572998047,0.00537109375,positive,null,0.492095947265625,False,0.45875866930154696,False
FD-3169-Q03,1,O,D,original/answer_sum,-0.3566780090332031,-0.09781265258789062,0.002685546875,0.002685546875,negative,negative,-0.8070602416992188,-1.0659255981445312,0.2588653564453125,0.00537109375,positive,-0.936492919921875,0.002685546875,negative,-0.936492919921875,0.2588653564453125,False,0.27423236115121763,False
FD-3169-Q03,1,O,D,original/answer_mean,-0.07221043904622382,-0.019858042399088505,0.002685546875,0.002685546875,negative,negative,-0.22106679280598962,-0.27341918945312493,0.05235239664713531,0.00537109375,positive,-0.24724299112955728,0.002685546875,negative,-0.24724299112955728,0.05235239664713531,False,0.27500237723768506,False
FD-3169-Q03,1,O,D,original/total_with_eos,-0.3566780090332031,-0.09781265258789062,0.002685546875,0.002685546875,negative,negative,-0.8070602416992188,-1.0659255981445312,0.2588653564453125,0.00537109375,positive,-0.936492919921875,0.002685546875,negative,-0.936492919921875,0.2588653564453125,False,0.27423236115121763,False
FD-3169-Q03,1,O,D,original/mean_with_eos,-0.05999310811360675,-0.016486803690592466,0.002685546875,0.002685546875,negative,negative,-0.1717942555745443,-0.2153005599975586,0.043506304423014286,0.00537109375,positive,-0.19354740778605145,0.002685546875,negative,-0.19354740778605145,0.043506304423014286,False,0.2748116276851669,False
FD-3169-Q03,1,O,D,ab_forward/answer_sum,-2.0336341857910156,-0.6894760131835938,0.002685546875,0.002685546875,negative,negative,2.19451904296875,0.8503608703613281,1.3441581726074219,0.00537109375,positive,1.522439956665039,0.002685546875,positive,1.522439956665039,1.3441581726074219,False,0.33903639995873236,False
FD-3169-Q03,1,O,D,ab_forward/answer_mean,-1.0168170928955078,-0.3447380065917969,0.002685546875,0.002685546875,negative,negative,1.097259521484375,0.42518043518066406,0.6720790863037109,0.00537109375,positive,0.7612199783325195,0.002685546875,positive,0.7612199783325195,0.6720790863037109,False,0.33903639995873236,False
FD-3169-Q03,1,O,D,ab_forward/total_with_eos,-2.0336341857910156,-0.6894760131835938,0.002685546875,0.002685546875,negative,negative,2.19451904296875,0.8503608703613281,1.3441581726074219,0.00537109375,positive,1.522439956665039,0.002685546875,positive,1.522439956665039,1.3441581726074219,False,0.33903639995873236,False
FD-3169-Q03,1,O,D,ab_forward/mean_with_eos,-0.6778780619303397,-0.2298253377278643,0.002685546875,0.002685546875,negative,negative,0.7315063476562509,0.28345362345377545,0.44805272420247544,0.00537109375,positive,0.5074799855550132,0.002685546875,positive,0.5074799855550132,0.44805272420247544,False,0.3390363999587313,False
FD-3169-Q03,1,O,D,ab_reverse/answer_sum,-1.1244354248046875,-0.04393768310546875,0.002685546875,0.002685546875,negative,negative,1.8589057922363281,0.7784080505371094,1.0804977416992188,0.00537109375,positive,1.3186569213867188,0.002685546875,positive,1.3186569213867188,1.0804977416992188,False,0.03907532805905742,False
FD-3169-Q03,1,O,D,ab_reverse/answer_mean,-0.5622177124023438,-0.021968841552734375,0.002685546875,0.002685546875,negative,negative,0.9294528961181641,0.3892040252685547,0.5402488708496094,0.00537109375,positive,0.6593284606933594,0.002685546875,positive,0.6593284606933594,0.5402488708496094,False,0.03907532805905742,False
FD-3169-Q03,1,O,D,ab_reverse/total_with_eos,-1.1244354248046875,-0.04393768310546875,0.002685546875,0.002685546875,negative,negative,1.8589057922363281,0.7784080505371094,1.0804977416992188,0.00537109375,positive,1.3186569213867188,0.002685546875,positive,1.3186569213867188,1.0804977416992188,False,0.03907532805905742,False
FD-3169-Q03,1,O,D,ab_reverse/mean_with_eos,-0.374811808268229,-0.014645894368489287,0.002685546875,0.002685546875,negative,negative,0.6196352640787761,0.2594693501790364,0.36016591389973973,0.00537109375,positive,0.43955230712890625,0.002685546875,positive,0.43955230712890625,0.36016591389973973,False,0.03907532805905664,False
FD-3169-Q03,1,O,D,background,-0.12040395021390715,-0.03281451297063587,0.002685546875,0.002685546875,negative,negative,0.005675182501331477,-0.08191425474193981,0.08758943724327128,0.00537109375,positive,-0.038119536120304165,0.002685546875,negative,null,0.08758943724327128,False,0.2725368471079087,False
FD-3169-Q03,1,O,D,ncc,0.04819351116768322,0.01295647057154703,0.00537109375,0.00537109375,positive,positive,-0.2267419753073212,-0.19150493471118502,-0.03523704059613619,0.0107421875,negative,-0.2091234550092531,0.00537109375,negative,-0.2091234550092531,0.03523704059613619,False,0.2688426358159842,False
FD-3169-Q03,1,O,D,single_probe/empty,0.0728579203287758,0.023798878987630445,0.00537109375,0.00537109375,positive,positive,-0.08102391560872357,-0.031964874267578214,-0.04905904134114536,0.0107421875,negative,-0.056494394938150894,0.00537109375,negative,-0.056494394938150894,0.04905904134114536,False,0.3266477945052035,False
FD-3169-Q03,1,O,D,single_probe/space,0.10080439249674455,0.019462331136067323,0.00537109375,0.00537109375,positive,positive,-0.1643440246582033,-0.08300196329752607,-0.08134206136067723,0.0107421875,negative,-0.12367299397786469,0.00537109375,negative,-0.12367299397786469,0.08134206136067723,False,0.19307026860655752,False
FD-3169-Q03,1,O,D,single_probe/na,0.042450968424479374,0.012824249267578303,0.00537109375,0.00537109375,positive,positive,-0.30581817626953134,-0.27619145711263027,-0.02962671915690107,0.0107421875,negative,-0.2910048166910808,0.00537109375,negative,-0.2910048166910808,0.02962671915690107,False,0.3020955644484942,False
FD-3169-Q03,1,O,D,single_probe/mask,0.044409179687500355,0.013026682535806966,0.00537109375,0.00537109375,positive,positive,-0.2747779846191407,-0.24339548746744732,-0.03138249715169339,0.0107421875,negative,-0.259086736043294,0.00537109375,negative,-0.259086736043294,0.03138249715169339,False,0.2933331042697356,False
FD-3169-Q03,1,O,D,single_probe/lorem,-0.06281611124674491,-0.01873143513997455,0.00537109375,0.00537109375,negative,negative,0.03263982137044241,-0.011444854736327947,0.04408467610677036,0.0107421875,positive,0.010597483317057232,0.00537109375,positive,0.010597483317057232,0.04408467610677036,False,0.298194758768121,False
FD-3169-Q03,1,O,D,leave_one_out/empty,0.04547939149942826,0.011407768194506396,0.00537109375,0.00537109375,positive,positive,-0.24723109997969184,-0.21315947667476998,-0.03407162330492186,0.0107421875,negative,-0.2301952883272309,0.00537109375,negative,-0.2301952883272309,0.03407162330492186,False,0.2508337912711477,False
FD-3169-Q03,1,O,D,leave_one_out/space,0.03678236075273622,0.011404444383541268,0.00537109375,0.00537109375,positive,positive,-0.24119777819263932,-0.21581986182344437,-0.025377916369194953,0.0107421875,negative,-0.22850882000804185,0.00537109375,negative,-0.22850882000804185,0.025377916369194953,False,0.3100519963959327,False
FD-3169-Q03,1,O,D,leave_one_out/na,0.05923511172953999,0.014378860403179594,0.00537109375,0.00537109375,positive,positive,-0.16868392132811083,-0.12382767000175043,-0.0448562513263604,0.0107421875,negative,-0.14625579566493063,0.00537109375,negative,-0.14625579566493063,0.0448562513263604,False,0.24274218421046706,False
FD-3169-Q03,1,O,D,leave_one_out/mask,0.04914461511918056,0.012940926270530007,0.00537109375,0.00537109375,positive,positive,-0.2150054124091545,-0.17880172356050394,-0.03620368884865055,0.0107421875,negative,-0.19690356798482922,0.00537109375,negative,-0.19690356798482922,0.03620368884865055,False,0.26332338220875223,False
FD-3169-Q03,1,O,D,leave_one_out/lorem,0.05459671339999517,0.015112339147811849,0.00537109375,0.00537109375,positive,positive,-0.23983658133637809,-0.20035220708419477,-0.03948437425218332,0.0107421875,negative,-0.22009439421028643,0.00537109375,negative,-0.22009439421028643,0.03948437425218332,False,0.27679942997838375,False
FD-3169-Q03,1,O,D,ab_symmetric_sum,-1.5790348052978516,-0.36670684814453125,0.002685546875,0.002685546875,negative,negative,2.026712417602539,0.8143844604492188,1.2123279571533203,0.00537109375,positive,1.420548439025879,0.002685546875,positive,1.420548439025879,1.2123279571533203,False,0.23223481009676653,False
FD-3169-Q03,1,O,D,ab_mapping_gap_sum,-0.9091987609863281,-0.645538330078125,0.00537109375,0.00537109375,negative,negative,0.3356132507324219,0.07195281982421875,0.2636604309082031,0.0107421875,positive,0.2037830352783203,0.00537109375,positive,null,0.2636604309082031,False,0.7100079298148451,False
FD-3169-Q03,2,O,N1,original/answer_sum,-0.2241058349609375,-0.034454345703125,0.002685546875,0.002685546875,negative,negative,-0.3470001220703125,-0.536651611328125,0.1896514892578125,0.00537109375,positive,-0.44182586669921875,0.002685546875,negative,-0.44182586669921875,0.1896514892578125,False,0.1537414039626881,False
FD-3169-Q03,2,O,N1,original/answer_mean,-0.04240824381510411,-0.00687154134114587,0.002685546875,0.002685546875,negative,negative,-0.11618296305338544,-0.15171966552734367,0.03553670247395824,0.00537109375,positive,-0.13395131429036455,0.002685546875,negative,-0.13395131429036455,0.03553670247395824,False,0.16203315023147702,False
FD-3169-Q03,2,O,N1,original/total_with_eos,-0.2241058349609375,-0.034454345703125,0.002685546875,0.002685546875,negative,negative,-0.3470001220703125,-0.536651611328125,0.1896514892578125,0.00537109375,positive,-0.44182586669921875,0.002685546875,negative,-0.44182586669921875,0.1896514892578125,False,0.1537414039626881,False
FD-3169-Q03,2,O,N1,original/mean_with_eos,-0.0358428955078125,-0.005730311075846373,0.002685546875,0.002685546875,negative,negative,-0.08707269032796228,-0.1171852747599284,0.030112584431966127,0.00537109375,positive,-0.10212898254394534,0.002685546875,negative,-0.10212898254394534,0.030112584431966127,False,0.15987299560096546,False
FD-3169-Q03,2,O,N1,ab_forward/answer_sum,-1.1867141723632812,-0.4691658020019531,0.002685546875,0.002685546875,negative,negative,3.266590118408203,2.549041748046875,0.7175483703613281,0.00537109375,positive,2.907815933227539,0.002685546875,positive,2.907815933227539,0.7175483703613281,False,0.39534861294159246,False
FD-3169-Q03,2,O,N1,ab_forward/answer_mean,-0.5933570861816406,-0.23458290100097656,0.002685546875,0.002685546875,negative,negative,1.6332950592041016,1.2745208740234375,0.35877418518066406,0.00537109375,positive,1.4539079666137695,0.002685546875,positive,1.4539079666137695,0.35877418518066406,False,0.39534861294159246,False
FD-3169-Q03,2,O,N1,ab_forward/total_with_eos,-1.1867141723632812,-0.4691658020019531,0.002685546875,0.002685546875,negative,negative,3.266590118408203,2.549041748046875,0.7175483703613281,0.00537109375,positive,2.907815933227539,0.002685546875,positive,2.907815933227539,0.7175483703613281,False,0.39534861294159246,False
FD-3169-Q03,2,O,N1,ab_forward/mean_with_eos,-0.3955713907877607,-0.15638860066731786,0.002685546875,0.002685546875,negative,negative,1.0888633728027344,0.8496805826822915,0.23918279012044286,0.00537109375,positive,0.969271977742513,0.002685546875,positive,0.969271977742513,0.23918279012044286,False,0.39534861294159257,False
FD-3169-Q03,2,O,N1,ab_reverse/answer_sum,-2.6958770751953125,0.2582817077636719,0.002685546875,0.002685546875,negative,positive,1.4912528991699219,-1.4629058837890625,2.9541587829589844,0.00537109375,positive,0.014173507690429688,0.002685546875,positive,0.014173507690429688,2.4375953674316406,True,-0.09580618869462353,False
FD-3169-Q03,2,O,N1,ab_reverse/answer_mean,-1.3479385375976562,0.12914085388183594,0.002685546875,0.002685546875,negative,positive,0.7456264495849609,-0.7314529418945312,1.4770793914794922,0.00537109375,positive,0.007086753845214844,0.002685546875,positive,0.007086753845214844,1.2187976837158203,True,-0.09580618869462353,False
FD-3169-Q03,2,O,N1,ab_reverse/total_with_eos,-2.6958770751953125,0.2582817077636719,0.002685546875,0.002685546875,negative,positive,1.4912528991699219,-1.4629058837890625,2.9541587829589844,0.00537109375,positive,0.014173507690429688,0.002685546875,positive,0.014173507690429688,2.4375953674316406,True,-0.09580618869462353,False
FD-3169-Q03,2,O,N1,ab_reverse/mean_with_eos,-0.898625691731771,0.0860939025878904,0.002685546875,0.002685546875,negative,positive,0.49708429972330737,-0.487635294596354,0.9847195943196614,0.00537109375,positive,0.0047245025634766735,0.002685546875,positive,0.0047245025634766735,0.8125317891438806,True,-0.09580618869462326,False
FD-3169-Q03,2,O,N1,background,-0.039489267253686844,-0.03482359467179341,0.002685546875,0.002685546875,negative,negative,0.04464364301746082,0.03997797043556739,0.004665672581893432,0.00537109375,unresolved,0.042310806726514105,0.002685546875,positive,null,0.004665672581893432,False,0.8818496035411285,False
FD-3169-Q03,2,O,N1,ncc,-0.0029189765614172636,0.027952053330647875,0.00537109375,0.00537109375,unresolved,positive,-0.1608266060708461,-0.19169763596291123,0.030871029892065138,0.0107421875,positive,-0.17626212101687866,0.00537109375,negative,-0.17626212101687866,-0.02503307676923061,False,null,False
FD-3169-Q03,2,O,N1,single_probe/empty,-0.04335301717122375,0.022220102945964104,0.00537109375,0.00537109375,negative,positive,-0.16529032389322884,-0.2308634440104167,0.06557312011718786,0.0107421875,positive,-0.19807688395182277,0.00537109375,negative,-0.19807688395182277,0.021132914225259647,True,-0.5125387895888605,False
FD-3169-Q03,2,O,N1,single_probe/space,-0.00010884602864580373,0.03493754069010446,0.00537109375,0.00537109375,unresolved,positive,-0.18820368448893232,-0.2232500712076826,0.035046386718750266,0.0107421875,positive,-0.20572687784830745,0.00537109375,negative,-0.20572687784830745,-0.03482869466145866,False,null,False
FD-3169-Q03,2,O,N1,single_probe/na,0.004312388102213571,0.03119379679362,0.00537109375,0.00537109375,unresolved,positive,-0.16551030476888018,-0.1923917134602866,0.026881408691406428,0.0107421875,positive,-0.1789510091145834,0.00537109375,negative,-0.1789510091145834,-0.026881408691406428,False,null,False
FD-3169-Q03,2,O,N1,single_probe/mask,0.026329294840494732,0.030428568522135713,0.00537109375,0.00537109375,positive,positive,-0.10761439005533813,-0.11171366373697911,0.00409927368164098,0.0107421875,unresolved,-0.10966402689615862,0.00537109375,negative,-0.10966402689615862,-0.00409927368164098,False,1.1556924978991938,False
FD-3169-Q03,2,O,N1,single_probe/lorem,-0.07549641927083339,-0.007652282714844638,0.00537109375,0.00537109375,negative,negative,-0.27103678385416696,-0.3388809204101557,0.06784413655598875,0.0107421875,positive,-0.30495885213216134,0.00537109375,negative,-0.30495885213216134,0.06784413655598875,False,0.10135954511157792,False
FD-3169-Q03,2,O,N1,leave_one_out/empty,0.0024629062629717424,0.028797485358047048,0.00537109375,0.00537109375,unresolved,positive,-0.1604215511297089,-0.1867561302247842,0.026334579095075306,0.0107421875,positive,-0.17358884067724656,0.00537109375,negative,-0.17358884067724656,-0.026334579095075306,False,null,False
FD-3169-Q03,2,O,N1,leave_one_out/space,-0.0035391425575781454,0.02645331518573979,0.00537109375,0.00537109375,unresolved,positive,-0.1548115428698802,-0.18480400061319813,0.029992457743317935,0.0107421875,positive,-0.16980777174153916,0.00537109375,negative,-0.16980777174153916,-0.022914172628161644,False,null,False
FD-3169-Q03,2,O,N1,leave_one_out/na,-0.006646354836218116,0.027204488039441976,0.00537109375,0.00537109375,negative,positive,-0.15954241723897455,-0.19339326011463465,0.03385084287566009,0.0107421875,positive,-0.1764678386768046,0.00537109375,negative,-0.1764678386768046,-0.02055813320322386,True,-4.093144093239802,False
FD-3169-Q03,2,O,N1,leave_one_out/mask,-0.009488241333032832,0.027353799992841932,0.00537109375,0.00537109375,negative,positive,-0.17334482731992829,-0.21018686864580305,0.036842041325874764,0.0107421875,positive,-0.19176584798286567,0.00537109375,negative,-0.19176584798286567,-0.0178655586598091,True,-2.882915709322344,False
FD-3169-Q03,2,O,N1,leave_one_out/lorem,0.0007028994118978282,0.02969501820853715,0.00537109375,0.00537109375,unresolved,positive,-0.15686486472956984,-0.18585698352620916,0.02899211879663932,0.0107421875,positive,-0.1713609241278895,0.00537109375,negative,-0.1713609241278895,-0.02899211879663932,False,null,False
FD-3169-Q03,2,O,N1,ab_symmetric_sum,-1.9412956237792969,-0.10544204711914062,0.002685546875,0.002685546875,negative,negative,2.3789215087890625,0.5430679321289062,1.8358535766601562,0.00537109375,positive,1.4609947204589844,0.002685546875,positive,1.4609947204589844,1.8358535766601562,False,0.05431529635546543,False
FD-3169-Q03,2,O,N1,ab_mapping_gap_sum,1.5091629028320312,-0.727447509765625,0.00537109375,0.00537109375,positive,negative,1.7753372192382812,4.0119476318359375,-2.2366104125976562,0.0107421875,negative,2.8936424255371094,0.00537109375,positive,null,0.7817153930664062,True,-0.4820205349604922,False
FD-3169-Q03,2,O,N2,original/answer_sum,-0.2241058349609375,-0.0127105712890625,0.002685546875,0.002685546875,negative,negative,-0.18374252319335938,-0.3951377868652344,0.211395263671875,0.00537109375,positive,-0.2894401550292969,0.002685546875,negative,-0.2894401550292969,0.211395263671875,False,0.05671682440253285,False
FD-3169-Q03,2,O,N2,original/answer_mean,-0.04240824381510411,-0.0020970662434896536,0.002685546875,0.002685546875,negative,unresolved,-0.08108240763346358,-0.12139358520507804,0.040311177571614454,0.00537109375,positive,-0.10123799641927081,0.002685546875,negative,-0.10123799641927081,0.040311177571614454,False,0.04944949507064386,False
FD-3169-Q03,2,O,N2,original/total_with_eos,-0.2241058349609375,-0.0127105712890625,0.002685546875,0.002685546875,negative,negative,-0.18374252319335938,-0.3951377868652344,0.211395263671875,0.00537109375,positive,-0.2894401550292969,0.002685546875,negative,-0.2894401550292969,0.211395263671875,False,0.05671682440253285,False
FD-3169-Q03,2,O,N2,original/mean_with_eos,-0.0358428955078125,-0.0018402735392252234,0.002685546875,0.002685546875,negative,unresolved,-0.05833244323730469,-0.09233506520589196,0.03400262196858728,0.00537109375,positive,-0.07533375422159833,0.002685546875,negative,-0.07533375422159833,0.03400262196858728,False,0.05134276997303714,False
FD-3169-Q03,2,O,N2,ab_forward/answer_sum,-1.1867141723632812,-0.36165618896484375,0.002685546875,0.002685546875,negative,negative,3.312469482421875,2.4874114990234375,0.8250579833984375,0.00537109375,positive,2.8999404907226562,0.002685546875,positive,2.8999404907226562,0.8250579833984375,False,0.30475425118133015,False
FD-3169-Q03,2,O,N2,ab_forward/answer_mean,-0.5933570861816406,-0.18082809448242188,0.002685546875,0.002685546875,negative,negative,1.6562347412109375,1.2437057495117188,0.41252899169921875,0.00537109375,positive,1.4499702453613281,0.002685546875,positive,1.4499702453613281,0.41252899169921875,False,0.30475425118133015,False
FD-3169-Q03,2,O,N2,ab_forward/total_with_eos,-1.1867141723632812,-0.36165618896484375,0.002685546875,0.002685546875,negative,negative,3.312469482421875,2.4874114990234375,0.8250579833984375,0.00537109375,positive,2.8999404907226562,0.002685546875,positive,2.8999404907226562,0.8250579833984375,False,0.30475425118133015,False
FD-3169-Q03,2,O,N2,ab_forward/mean_with_eos,-0.3955713907877607,-0.12055206298828125,0.002685546875,0.002685546875,negative,negative,1.104156494140625,0.8291371663411455,0.27501932779947946,0.00537109375,positive,0.9666468302408853,0.002685546875,positive,0.9666468302408853,0.27501932779947946,False,0.3047542511813299,False
FD-3169-Q03,2,O,N2,ab_reverse/answer_sum,-2.6958770751953125,0.14295578002929688,0.002685546875,0.002685546875,negative,positive,2.1368064880371094,-0.7020263671875,2.8388328552246094,0.00537109375,positive,0.7173900604248047,0.002685546875,positive,0.7173900604248047,2.5529212951660156,True,-0.0530275587654307,False
FD-3169-Q03,2,O,N2,ab_reverse/answer_mean,-1.3479385375976562,0.07147789001464844,0.002685546875,0.002685546875,negative,positive,1.0684032440185547,-0.35101318359375,1.4194164276123047,0.00537109375,positive,0.35869503021240234,0.002685546875,positive,0.35869503021240234,1.2764606475830078,True,-0.0530275587654307,False
FD-3169-Q03,2,O,N2,ab_reverse/total_with_eos,-2.6958770751953125,0.14295578002929688,0.002685546875,0.002685546875,negative,positive,2.1368064880371094,-0.7020263671875,2.8388328552246094,0.00537109375,positive,0.7173900604248047,0.002685546875,positive,0.7173900604248047,2.5529212951660156,True,-0.0530275587654307,False
FD-3169-Q03,2,O,N2,ab_reverse/mean_with_eos,-0.898625691731771,0.047651926676432144,0.002685546875,0.002685546875,negative,positive,0.7122688293457031,-0.2340087890625,0.9462776184082031,0.00537109375,positive,0.23913002014160156,0.002685546875,positive,0.23913002014160156,0.8509737650553388,True,-0.05302755876543053,False
FD-3169-Q03,2,O,N2,background,-0.039489267253686844,-0.04235130185731961,0.002685546875,0.002685546875,negative,negative,-0.004377580841139039,-0.0015155462375062712,-0.002862034603632768,0.00537109375,unresolved,-0.0029465635393226552,0.002685546875,negative,null,-0.002862034603632768,False,1.0724762651392463,False
FD-3169-Q03,2,O,N2,ncc,-0.0029189765614172636,0.04025423561382979,0.00537109375,0.00537109375,unresolved,positive,-0.07670482679232471,-0.11987803896757177,0.043173212175247055,0.0107421875,positive,-0.09829143287994824,0.00537109375,negative,-0.09829143287994824,-0.03733525905241253,False,null,False
FD-3169-Q03,2,O,N2,single_probe/empty,-0.04335301717122375,0.04947916666666652,0.00537109375,0.00537109375,negative,positive,-0.10448048909505214,-0.1973126729329424,0.09283218383789027,0.0107421875,positive,-0.15089658101399728,0.00537109375,negative,-0.15089658101399728,-0.0061261494954427675,True,-1.1413084923535401,False
FD-3169-Q03,2,O,N2,single_probe/space,-0.00010884602864580373,0.050484212239583215,0.00537109375,0.00537109375,unresolved,positive,-0.13521448771158884,-0.18580754597981786,0.05059305826822902,0.0107421875,positive,-0.16051101684570335,0.00537109375,negative,-0.16051101684570335,-0.05037536621093741,False,null,False
FD-3169-Q03,2,O,N2,single_probe/na,0.004312388102213571,0.03994649251302107,0.00537109375,0.00537109375,unresolved,positive,-0.07589696248372402,-0.11153106689453152,0.0356341044108075,0.0107421875,positive,-0.09371401468912777,0.00537109375,negative,-0.09371401468912777,-0.0356341044108075,False,null,False
FD-3169-Q03,2,O,N2,single_probe/mask,0.026329294840494732,0.04191487630208357,0.00537109375,0.00537109375,positive,positive,0.0065648396809896425,-0.009020741780599195,0.015585581461588838,0.0107421875,positive,-0.0012279510498047763,0.00537109375,unresolved,-0.0012279510498047763,-0.015585581461588838,False,1.5919483053385102,False
FD-3169-Q03,2,O,N2,single_probe/lorem,-0.07549641927083339,0.003525797526042318,0.00537109375,0.00537109375,negative,unresolved,-0.14748229980468697,-0.22650451660156268,0.07902221679687571,0.0107421875,positive,-0.18699340820312482,0.00537109375,negative,-0.18699340820312482,0.07197062174479107,False,-0.04670151988790339,False
FD-3169-Q03,2,O,N2,leave_one_out/empty,0.0024629062629717424,0.03928455415127052,0.00537109375,0.00537109375,unresolved,positive,-0.07320595154104259,-0.11002759942934137,0.03682164788829878,0.0107421875,positive,-0.09161677548519198,0.00537109375,negative,-0.09161677548519198,-0.03682164788829878,False,null,False
FD-3169-Q03,2,O,N2,leave_one_out/space,-0.0035391425575781454,0.03813872432803578,0.00537109375,0.00537109375,unresolved,positive,-0.06403815073709263,-0.10571601762270655,0.04167786688561392,0.0107421875,positive,-0.08487708417989959,0.00537109375,negative,-0.08487708417989959,-0.03459958177045763,False,null,False
FD-3169-Q03,2,O,N2,leave_one_out/na,-0.006646354836218116,0.04307599277504126,0.00537109375,0.00537109375,negative,positive,-0.0771159317265453,-0.12683827933780467,0.049722347611259377,0.0107421875,positive,-0.10197710553217498,0.00537109375,negative,-0.10197710553217498,-0.036429637938823145,True,-6.481145505549355,False
FD-3169-Q03,2,O,N2,leave_one_out/mask,-0.009488241333032832,0.03983894831159951,0.00537109375,0.00537109375,negative,positive,-0.09662287519602009,-0.14595006484065243,0.04932718964463234,0.0107421875,positive,-0.12128647001833626,0.00537109375,negative,-0.12128647001833626,-0.030350706978566677,True,-4.198770553284962,False
FD-3169-Q03,2,O,N2,leave_one_out/lorem,0.0007028994118978282,0.04219913373658457,0.00537109375,0.00537109375,unresolved,positive,-0.0737383452758853,-0.11523457960057204,0.04149623432468674,0.0107421875,positive,-0.09448646243822867,0.00537109375,negative,-0.09448646243822867,-0.04149623432468674,False,null,False
FD-3169-Q03,2,O,N2,ab_symmetric_sum,-1.9412956237792969,-0.10935020446777344,0.002685546875,0.002685546875,negative,negative,2.724637985229492,0.8926925659179688,1.8319454193115234,0.00537109375,positive,1.8086652755737305,0.002685546875,positive,1.8086652755737305,1.8319454193115234,False,0.056328465962794186,False
FD-3169-Q03,2,O,N2,ab_mapping_gap_sum,1.5091629028320312,-0.5046119689941406,0.00537109375,0.00537109375,positive,negative,1.1756629943847656,3.1894378662109375,-2.013774871826172,0.0107421875,negative,2.1825504302978516,0.00537109375,positive,null,1.0045509338378906,True,-0.3343654737650966,False
FD-3169-Q03,2,O,D,original/answer_sum,-0.2241058349609375,-0.01558685302734375,0.002685546875,0.002685546875,negative,negative,-1.0945320129394531,-1.3030509948730469,0.20851898193359375,0.00537109375,positive,-1.19879150390625,0.002685546875,negative,-1.19879150390625,0.20851898193359375,False,0.06955130387417444,False
FD-3169-Q03,2,O,D,original/answer_mean,-0.04240824381510411,-0.002822367350260424,0.002685546875,0.002685546875,negative,negative,-0.27099278767903645,-0.31057866414388013,0.03958587646484368,0.00537109375,positive,-0.2907857259114583,0.002685546875,negative,-0.2907857259114583,0.03958587646484368,False,0.06655232795221788,False
FD-3169-Q03,2,O,D,original/total_with_eos,-0.2241058349609375,-0.01558685302734375,0.002685546875,0.002685546875,negative,negative,-1.0945320129394531,-1.3030509948730469,0.20851898193359375,0.00537109375,positive,-1.19879150390625,0.002685546875,negative,-1.19879150390625,0.20851898193359375,False,0.06955130387417444,False
FD-3169-Q03,2,O,D,original/mean_with_eos,-0.0358428955078125,-0.0024134318033853797,0.002685546875,0.002685546875,negative,unresolved,-0.21497599283854169,-0.2484054565429688,0.03342946370442712,0.00537109375,positive,-0.23169072469075525,0.002685546875,negative,-0.23169072469075525,0.03342946370442712,False,0.06733361714204524,False
FD-3169-Q03,2,O,D,ab_forward/answer_sum,-1.1867141723632812,-0.44509124755859375,0.002685546875,0.002685546875,negative,negative,1.4484596252441406,0.7068367004394531,0.7416229248046875,0.00537109375,positive,1.0776481628417969,0.002685546875,positive,1.0776481628417969,0.7416229248046875,False,0.3750618791989456,False
FD-3169-Q03,2,O,D,ab_forward/answer_mean,-0.5933570861816406,-0.22254562377929688,0.002685546875,0.002685546875,negative,negative,0.7242298126220703,0.35341835021972656,0.37081146240234375,0.00537109375,positive,0.5388240814208984,0.002685546875,positive,0.5388240814208984,0.37081146240234375,False,0.3750618791989456,False
FD-3169-Q03,2,O,D,ab_forward/total_with_eos,-1.1867141723632812,-0.44509124755859375,0.002685546875,0.002685546875,negative,negative,1.4484596252441406,0.7068367004394531,0.7416229248046875,0.00537109375,positive,1.0776481628417969,0.002685546875,positive,1.0776481628417969,0.7416229248046875,False,0.3750618791989456,False
FD-3169-Q03,2,O,D,ab_forward/mean_with_eos,-0.3955713907877607,-0.14836374918619732,0.002685546875,0.002685546875,negative,negative,0.4828198750813808,0.2356122334798174,0.2472076416015634,0.00537109375,positive,0.3592160542805991,0.002685546875,positive,0.3592160542805991,0.2472076416015634,False,0.37506187919894385,False
FD-3169-Q03,2,O,D,ab_reverse/answer_sum,-2.6958770751953125,-1.54052734375,0.002685546875,0.002685546875,negative,negative,-0.30139923095703125,-1.4567489624023438,1.1553497314453125,0.00537109375,positive,-0.8790740966796875,0.002685546875,negative,-0.8790740966796875,1.1553497314453125,False,0.5714382743650843,False
FD-3169-Q03,2,O,D,ab_reverse/answer_mean,-1.3479385375976562,-0.770263671875,0.002685546875,0.002685546875,negative,negative,-0.15069961547851562,-0.7283744812011719,0.5776748657226562,0.00537109375,positive,-0.43953704833984375,0.002685546875,negative,-0.43953704833984375,0.5776748657226562,False,0.5714382743650843,False
FD-3169-Q03,2,O,D,ab_reverse/total_with_eos,-2.6958770751953125,-1.54052734375,0.002685546875,0.002685546875,negative,negative,-0.30139923095703125,-1.4567489624023438,1.1553497314453125,0.00537109375,positive,-0.8790740966796875,0.002685546875,negative,-0.8790740966796875,1.1553497314453125,False,0.5714382743650843,False
FD-3169-Q03,2,O,D,ab_reverse/mean_with_eos,-0.898625691731771,-0.5135091145833335,0.002685546875,0.002685546875,negative,negative,-0.10046641031901027,-0.48558298746744777,0.3851165771484375,0.00537109375,positive,-0.293024698893229,0.002685546875,negative,-0.293024698893229,0.3851165771484375,False,0.5714382743650844,False
FD-3169-Q03,2,O,D,background,-0.039489267253686844,-0.028040517173739232,0.002685546875,0.002685546875,negative,negative,-0.08762108518520018,-0.09906983526514779,0.011448750079947612,0.00537109375,positive,-0.09334546022517398,0.002685546875,negative,null,0.011448750079947612,False,0.7100794500338894,False
FD-3169-Q03,2,O,D,ncc,-0.0029189765614172636,0.025218149823478697,0.00537109375,0.00537109375,unresolved,positive,-0.18337170249383616,-0.21150882887873212,0.02813712638489596,0.0107421875,positive,-0.19744026568628414,0.00537109375,negative,-0.19744026568628414,-0.022299173262061434,False,null,False
FD-3169-Q03,2,O,D,single_probe/empty,-0.04335301717122375,0.04025293986002598,0.00537109375,0.00537109375,negative,positive,0.04078241984049491,-0.04282353719075482,0.08360595703124973,0.0107421875,positive,-0.0010205586751299567,0.00537109375,unresolved,-0.0010205586751299567,0.0031000773111977686,True,-0.9284922362161336,False
FD-3169-Q03,2,O,D,single_probe/space,-0.00010884602864580373,0.04335276285807366,0.00537109375,0.00537109375,unresolved,positive,-0.07305603027343732,-0.11651763916015678,0.04346160888671946,0.0107421875,positive,-0.09478683471679705,0.00537109375,negative,-0.09478683471679705,-0.04324391682942785,False,null,False
FD-3169-Q03,2,O,D,single_probe/na,0.004312388102213571,0.017692311604817768,0.00537109375,0.00537109375,unresolved,positive,-0.3423695882161457,-0.3557495117187499,0.013379923502604196,0.0107421875,positive,-0.3490595499674478,0.00537109375,negative,-0.3490595499674478,-0.013379923502604196,False,null,False
FD-3169-Q03,2,O,D,single_probe/mask,0.026329294840494732,0.019647471110025627,0.00537109375,0.00537109375,positive,positive,-0.13419570922851554,-0.12751388549804643,-0.006681823730469105,0.0107421875,unresolved,-0.13085479736328098,0.00537109375,negative,-0.13085479736328098,0.006681823730469105,False,0.7462209386560407,False
FD-3169-Q03,2,O,D,single_probe/lorem,-0.07549641927083339,0.0067283630371086645,0.00537109375,0.00537109375,negative,positive,0.03785349527994786,-0.0443712870279942,0.08222478230794206,0.0107421875,positive,-0.003258895874023171,0.00537109375,unresolved,-0.003258895874023171,0.06876805623372473,True,-0.08912161797994093,False
FD-3169-Q03,2,O,D,leave_one_out/empty,0.0024629062629717424,0.02286620500323533,0.00537109375,0.00537109375,unresolved,positive,-0.21534338330324676,-0.23574668204351035,0.020403298740263587,0.0107421875,positive,-0.22554503267337855,0.00537109375,negative,-0.22554503267337855,-0.020403298740263587,False,null,False
FD-3169-Q03,2,O,D,leave_one_out/space,-0.0035391425575781454,0.02069140687524218,0.00537109375,0.00537109375,unresolved,positive,-0.20956578708957796,-0.23379633652239828,0.024230549432820325,0.0107421875,positive,-0.22168106180598812,0.00537109375,negative,-0.22168106180598812,-0.017152264317664034,False,null,False
FD-3169-Q03,2,O,D,leave_one_out/na,-0.006646354836218116,0.031207273975741412,0.00537109375,0.00537109375,negative,positive,-0.06104793486201521,-0.09890156367397474,0.03785362881195953,0.0107421875,positive,-0.07997474926799497,0.00537109375,negative,-0.07997474926799497,-0.024560919139523296,True,-4.695396912256773,False
FD-3169-Q03,2,O,D,leave_one_out/mask,-0.009488241333032832,0.026566207422873855,0.00537109375,0.00537109375,negative,positive,-0.19491237490663016,-0.23096682366253685,0.03605444875590669,0.0107421875,positive,-0.2129395992845835,0.00537109375,negative,-0.2129395992845835,-0.017077966089841023,True,-2.799908485715361,False
FD-3169-Q03,2,O,D,leave_one_out/lorem,0.0007028994118978282,0.026513963218215864,0.00537109375,0.00537109375,unresolved,positive,-0.19308357509193286,-0.2188946388982509,0.025811063806318035,0.0107421875,positive,-0.20598910699509188,0.00537109375,negative,-0.20598910699509188,-0.025811063806318035,False,null,False
FD-3169-Q03,2,O,D,ab_symmetric_sum,-1.9412956237792969,-0.9928092956542969,0.002685546875,0.002685546875,negative,negative,0.5735301971435547,-0.3749561309814453,0.948486328125,0.00537109375,positive,0.09928703308105469,0.002685546875,positive,0.09928703308105469,0.948486328125,False,0.5114158212140326,False
FD-3169-Q03,2,O,D,ab_mapping_gap_sum,1.5091629028320312,1.0954360961914062,0.00537109375,0.00537109375,positive,positive,1.7498588562011719,2.163585662841797,-0.413726806640625,0.0107421875,negative,1.9567222595214844,0.00537109375,positive,null,0.413726806640625,False,0.7258567608147253,False
FD-3169-Q04,1,O,N1,original/answer_sum,-0.1897411346435547,0.059192657470703125,0.002685546875,0.002685546875,negative,positive,-0.03998756408691406,-0.2889213562011719,0.2489337921142578,0.00537109375,positive,-0.16445446014404297,0.002685546875,negative,0.16445446014404297,0.13054847717285156,True,-0.3119653394183697,False
FD-3169-Q04,1,O,N1,original/answer_mean,-0.03775037129720049,0.011938222249348929,0.002685546875,0.002685546875,negative,positive,-0.009107844034830781,-0.0587964375813802,0.04968859354654942,0.00537109375,positive,-0.03395214080810549,0.002685546875,negative,0.03395214080810549,0.025812149047851562,True,-0.31624118754652486,False
FD-3169-Q04,1,O,N1,original/total_with_eos,-0.1897411346435547,0.059192657470703125,0.002685546875,0.002685546875,negative,positive,-0.03998756408691406,-0.2889213562011719,0.2489337921142578,0.00537109375,positive,-0.16445446014404297,0.002685546875,negative,0.16445446014404297,0.13054847717285156,True,-0.3119653394183697,False
FD-3169-Q04,1,O,N1,original/mean_with_eos,-0.03149986267089844,0.009927749633789062,0.002685546875,0.002685546875,negative,positive,-0.007358551025390625,-0.048786163330078125,0.0414276123046875,0.00537109375,positive,-0.028072357177734375,0.002685546875,negative,0.028072357177734375,0.021572113037109375,True,-0.3151680290644868,False
FD-3169-Q04,1,O,N1,ab_forward/answer_sum,-1.5027484893798828,-0.06521224975585938,0.002685546875,0.002685546875,negative,negative,1.365224838256836,-0.0723114013671875,1.4375362396240234,0.00537109375,positive,0.6464567184448242,0.002685546875,positive,-0.6464567184448242,1.4375362396240234,False,0.04339531878868803,False
FD-3169-Q04,1,O,N1,ab_forward/answer_mean,-0.7513742446899414,-0.03260612487792969,0.002685546875,0.002685546875,negative,negative,0.682612419128418,-0.03615570068359375,0.7187681198120117,0.00537109375,positive,0.3232283592224121,0.002685546875,positive,-0.3232283592224121,0.7187681198120117,False,0.04339531878868803,False
FD-3169-Q04,1,O,N1,ab_forward/total_with_eos,-1.5027484893798828,-0.06521224975585938,0.002685546875,0.002685546875,negative,negative,1.365224838256836,-0.0723114013671875,1.4375362396240234,0.00537109375,positive,0.6464567184448242,0.002685546875,positive,-0.6464567184448242,1.4375362396240234,False,0.04339531878868803,False
FD-3169-Q04,1,O,N1,ab_forward/mean_with_eos,-0.5009161631266279,-0.02173741658528705,0.002685546875,0.002685546875,negative,negative,0.4550749460856123,-0.024103800455728575,0.47917874654134085,0.00537109375,positive,0.21548557281494185,0.002685546875,positive,-0.21548557281494185,0.47917874654134085,False,0.04339531878868918,False
FD-3169-Q04,1,O,N1,ab_reverse/answer_sum,-1.908843994140625,-0.32543182373046875,0.002685546875,0.002685546875,negative,negative,1.697601318359375,0.11418914794921875,1.5834121704101562,0.00537109375,positive,0.9058952331542969,0.002685546875,positive,-0.9058952331542969,1.5834121704101562,False,0.17048633871045102,False
FD-3169-Q04,1,O,N1,ab_reverse/answer_mean,-0.9544219970703125,-0.16271591186523438,0.002685546875,0.002685546875,negative,negative,0.8488006591796875,0.057094573974609375,0.7917060852050781,0.00537109375,positive,0.45294761657714844,0.002685546875,positive,-0.45294761657714844,0.7917060852050781,False,0.17048633871045102,False
FD-3169-Q04,1,O,N1,ab_reverse/total_with_eos,-1.908843994140625,-0.32543182373046875,0.002685546875,0.002685546875,negative,negative,1.697601318359375,0.11418914794921875,1.5834121704101562,0.00537109375,positive,0.9058952331542969,0.002685546875,positive,-0.9058952331542969,1.5834121704101562,False,0.17048633871045102,False
FD-3169-Q04,1,O,N1,ab_reverse/mean_with_eos,-0.6362813313802083,-0.10847727457682277,0.002685546875,0.002685546875,negative,negative,0.5658671061197917,0.03806304931640625,0.5278040568033855,0.00537109375,positive,0.301965077718099,0.002685546875,positive,-0.301965077718099,0.5278040568033855,False,0.1704863387104508,False
FD-3169-Q04,1,O,N1,background,-0.12040395021390715,-0.045545271310591495,0.002685546875,0.002685546875,negative,negative,0.13479972215867875,0.05994104325536309,0.07485867890331566,0.00537109375,positive,0.09737038270702092,0.002685546875,positive,null,0.07485867890331566,False,0.3782705735956064,False
FD-3169-Q04,1,O,N1,ncc,0.08265357891670666,0.05748349355994087,0.00537109375,0.00537109375,positive,positive,-0.14390756619350942,-0.11873748083674363,-0.025170085356765792,0.0107421875,negative,-0.13132252351512652,0.00537109375,negative,0.13132252351512652,0.025170085356765792,False,0.6954749487359683,False
FD-3169-Q04,1,O,N1,single_probe/empty,0.10731798807779924,0.06579106648763045,0.00537109375,0.00537109375,positive,positive,-0.22853889465331978,-0.18701197306315098,-0.0415269215901688,0.0107421875,negative,-0.20777543385823538,0.00537109375,negative,0.20777543385823538,0.0415269215901688,False,0.6130478931447707,False
FD-3169-Q04,1,O,N1,single_probe/space,0.135264460245768,0.07201207478841187,0.00537109375,0.00537109375,positive,positive,-0.23232663472493487,-0.16907424926757875,-0.06325238545735612,0.0107421875,negative,-0.2007004419962568,0.00537109375,negative,0.2007004419962568,0.06325238545735612,False,0.532379862807791,False
FD-3169-Q04,1,O,N1,single_probe/na,0.07691103617350281,0.06216583251953134,0.00537109375,0.00537109375,positive,positive,-0.08922818501790397,-0.0744829813639325,-0.014745203653971473,0.0107421875,negative,-0.08185558319091824,0.00537109375,negative,0.08185558319091824,0.014745203653971473,False,0.8082823429825088,False
FD-3169-Q04,1,O,N1,single_probe/mask,0.07886924743652379,0.04702326456705741,0.00537109375,0.00537109375,positive,positive,-0.14346427917480487,-0.11161829630533848,-0.03184598286946638,0.0107421875,negative,-0.12754128774007167,0.00537109375,negative,0.12754128774007167,0.03184598286946638,False,0.5962179949149771,False
FD-3169-Q04,1,O,N1,single_probe/lorem,-0.028356043497721473,0.013339487711589548,0.00537109375,0.00537109375,negative,positive,-0.24762128194173094,-0.28931681315104196,0.04169553120931102,0.0107421875,positive,-0.26846904754638645,0.00537109375,negative,0.26846904754638645,0.015016555786131924,True,-0.4704283837292545,False
FD-3169-Q04,1,O,N1,leave_one_out/empty,0.0799394592484517,0.05668686872401807,0.00537109375,0.00537109375,positive,positive,-0.133938750417526,-0.11068615989309238,-0.023252590524433625,0.0107421875,negative,-0.1223124551553092,0.00537109375,negative,0.1223124551553092,0.023252590524433625,False,0.7091224941594286,False
FD-3169-Q04,1,O,N1,leave_one_out/space,0.07124242850175966,0.05458233131775625,0.00537109375,0.00537109375,positive,positive,-0.12508967122628967,-0.10842957404228626,-0.01666009718400341,0.0107421875,negative,-0.11675962263428796,0.00537109375,negative,0.11675962263428796,0.01666009718400341,False,0.7661492240737988,False
FD-3169-Q04,1,O,N1,leave_one_out/na,0.09369517947856387,0.05615141026346837,0.00537109375,0.00537109375,positive,positive,-0.19694055502242147,-0.15939678580732597,-0.0375437692150955,0.0107421875,negative,-0.17816867041487372,0.00537109375,negative,0.17816867041487372,0.0375437692150955,False,0.5992988174628026,False
FD-3169-Q04,1,O,N1,leave_one_out/mask,0.083604682868204,0.06012363030984513,0.00537109375,0.00537109375,positive,positive,-0.14401878790000255,-0.12053773534164369,-0.02348105255835886,0.0107421875,negative,-0.13227826162082312,0.00537109375,negative,0.13227826162082312,0.02348105255835886,False,0.719141897884179,False
FD-3169-Q04,1,O,N1,leave_one_out/lorem,0.0890567811490186,0.059703486525325644,0.00537109375,0.00537109375,positive,positive,-0.14109903328667794,-0.11174573866298498,-0.02935329462369296,0.0107421875,negative,-0.12642238597483146,0.00537109375,negative,0.12642238597483146,0.02935329462369296,False,0.6703979837922042,False
FD-3169-Q04,1,O,N1,ab_symmetric_sum,-1.705796241760254,-0.19532203674316406,0.002685546875,0.002685546875,negative,negative,1.5314130783081055,0.020938873291015625,1.5104742050170898,0.00537109375,positive,0.7761759757995605,0.002685546875,positive,-0.7761759757995605,1.5104742050170898,False,0.1145049050768258,False
FD-3169-Q04,1,O,N1,ab_mapping_gap_sum,0.4060955047607422,0.2602195739746094,0.00537109375,0.00537109375,positive,positive,-0.33237648010253906,-0.18650054931640625,-0.1458759307861328,0.0107421875,negative,-0.25943851470947266,0.00537109375,negative,null,0.1458759307861328,False,0.6407841774262485,False
FD-3169-Q04,1,O,N2,original/answer_sum,-0.1897411346435547,0.04754447937011719,0.002685546875,0.002685546875,negative,positive,0.029155731201171875,-0.2081298828125,0.23728561401367188,0.00537109375,positive,-0.08948707580566406,0.002685546875,negative,0.08948707580566406,0.1421966552734375,True,-0.25057549834638465,False
FD-3169-Q04,1,O,N2,original/answer_mean,-0.03775037129720049,0.009608078002929621,0.002685546875,0.002685546875,negative,positive,0.004847971598307299,-0.04251047770182281,0.04735844930013011,0.00537109375,positive,-0.018831253051757757,0.002685546875,negative,0.018831253051757757,0.02814229329427087,True,-0.2545161192531672,False
FD-3169-Q04,1,O,N2,original/total_with_eos,-0.1897411346435547,0.04754447937011719,0.002685546875,0.002685546875,negative,positive,0.029155731201171875,-0.2081298828125,0.23728561401367188,0.00537109375,positive,-0.08948707580566406,0.002685546875,negative,0.08948707580566406,0.1421966552734375,True,-0.25057549834638465,False
FD-3169-Q04,1,O,N2,original/mean_with_eos,-0.03149986267089844,0.007986068725585938,0.002685546875,0.002685546875,negative,positive,0.004244804382324219,-0.035241127014160156,0.039485931396484375,0.00537109375,positive,-0.015498161315917969,0.002685546875,negative,0.015498161315917969,0.0235137939453125,True,-0.2535270965788677,False
FD-3169-Q04,1,O,N2,ab_forward/answer_sum,-1.5027484893798828,-0.07715988159179688,0.002685546875,0.002685546875,negative,negative,1.2959461212158203,-0.12964248657226562,1.425588607788086,0.00537109375,positive,0.5831518173217773,0.002685546875,positive,-0.5831518173217773,1.425588607788086,False,0.05134583873289223,False
FD-3169-Q04,1,O,N2,ab_forward/answer_mean,-0.7513742446899414,-0.03857994079589844,0.002685546875,0.002685546875,negative,negative,0.6479730606079102,-0.06482124328613281,0.712794303894043,0.00537109375,positive,0.29157590866088867,0.002685546875,positive,-0.29157590866088867,0.712794303894043,False,0.05134583873289223,False
FD-3169-Q04,1,O,N2,ab_forward/total_with_eos,-1.5027484893798828,-0.07715988159179688,0.002685546875,0.002685546875,negative,negative,1.2959461212158203,-0.12964248657226562,1.425588607788086,0.00537109375,positive,0.5831518173217773,0.002685546875,positive,-0.5831518173217773,1.425588607788086,False,0.05134583873289223,False
FD-3169-Q04,1,O,N2,ab_forward/mean_with_eos,-0.5009161631266279,-0.025719960530598662,0.002685546875,0.002685546875,negative,negative,0.4319820404052743,-0.04321416219075491,0.47519620259602924,0.00537109375,positive,0.1943839391072597,0.002685546875,positive,-0.1943839391072597,0.47519620259602924,False,0.051345838732891606,False
FD-3169-Q04,1,O,N2,ab_reverse/answer_sum,-1.908843994140625,-0.3863182067871094,0.002685546875,0.002685546875,negative,negative,1.7367134094238281,0.2141876220703125,1.5225257873535156,0.00537109375,positive,0.9754505157470703,0.002685546875,positive,-0.9754505157470703,1.5225257873535156,False,0.20238333146812898,False
FD-3169-Q04,1,O,N2,ab_reverse/answer_mean,-0.9544219970703125,-0.1931591033935547,0.002685546875,0.002685546875,negative,negative,0.8683567047119141,0.10709381103515625,0.7612628936767578,0.00537109375,positive,0.48772525787353516,0.002685546875,positive,-0.48772525787353516,0.7612628936767578,False,0.20238333146812898,False
FD-3169-Q04,1,O,N2,ab_reverse/total_with_eos,-1.908843994140625,-0.3863182067871094,0.002685546875,0.002685546875,negative,negative,1.7367134094238281,0.2141876220703125,1.5225257873535156,0.00537109375,positive,0.9754505157470703,0.002685546875,positive,-0.9754505157470703,1.5225257873535156,False,0.20238333146812898,False
FD-3169-Q04,1,O,N2,ab_reverse/mean_with_eos,-0.6362813313802083,-0.12877273559570335,0.002685546875,0.002685546875,negative,negative,0.5789044698079426,0.07139587402343772,0.5075085957845049,0.00537109375,positive,0.3251501719156902,0.002685546875,positive,-0.3251501719156902,0.5075085957845049,False,0.20238333146812937,False
FD-3169-Q04,1,O,N2,background,-0.12040395021390715,-0.04592503846329343,0.002685546875,0.002685546875,negative,negative,0.08305540456806693,0.008576492817453207,0.07447891175061372,0.00537109375,positive,0.04581594869276007,0.002685546875,positive,null,0.07447891175061372,False,0.3814246823439261,False
FD-3169-Q04,1,O,N2,ncc,0.08265357891670666,0.05553311646622339,0.00537109375,0.00537109375,positive,positive,-0.07820743296975952,-0.05108697051927624,-0.027120462450483274,0.0107421875,negative,-0.06464720174451788,0.00537109375,negative,0.06464720174451788,0.027120462450483274,False,0.6718779415733025,False
FD-3169-Q04,1,O,N2,single_probe/empty,0.10731798807779924,0.05751635233561192,0.00537109375,0.00537109375,positive,positive,-0.19287923177083321,-0.1430775960286459,-0.04980163574218732,0.0107421875,negative,-0.16797841389973955,0.00537109375,negative,0.16797841389973955,0.04980163574218732,False,0.5359432595206308,False
FD-3169-Q04,1,O,N2,single_probe/space,0.135264460245768,0.062407302856445135,0.00537109375,0.00537109375,positive,positive,-0.20193939208984402,-0.12908223470052116,-0.07285715738932286,0.0107421875,negative,-0.1655108133951826,0.00537109375,negative,0.1655108133951826,0.07285715738932286,False,0.46137250496586124,False
FD-3169-Q04,1,O,N2,single_probe/na,0.07691103617350281,0.06705589294433612,0.00537109375,0.00537109375,positive,positive,-0.0159912109375,-0.006136067708333304,-0.009855143229166696,0.0107421875,unresolved,-0.011063639322916652,0.00537109375,negative,0.011063639322916652,0.009855143229166696,False,0.8718630807816113,False
FD-3169-Q04,1,O,N2,single_probe/mask,0.07886924743652379,0.039847946166992276,0.00537109375,0.00537109375,positive,positive,-0.048034159342448035,-0.009012858072916519,-0.039021301269531516,0.0107421875,negative,-0.028523508707682277,0.00537109375,negative,0.028523508707682277,0.039021301269531516,False,0.5052406034311794,False
FD-3169-Q04,1,O,N2,single_probe/lorem,-0.028356043497721473,0.01728452046712281,0.00537109375,0.00537109375,negative,positive,-0.1420471191406243,-0.18768768310546857,0.04564056396484428,0.0107421875,positive,-0.16486740112304643,0.00537109375,negative,0.16486740112304643,0.011071523030598662,True,-0.6095533203887099,False
FD-3169-Q04,1,O,N2,leave_one_out/empty,0.0799394592484517,0.05550464220560336,0.00537109375,0.00537109375,positive,positive,-0.06452494217609495,-0.04009012513324661,-0.024434817042848334,0.0107421875,negative,-0.05230753365467078,0.00537109375,negative,0.05230753365467078,0.024434817042848334,False,0.6943334709469955,False
FD-3169-Q04,1,O,N2,leave_one_out/space,0.07124242850175966,0.05422595215549597,0.00537109375,0.00537109375,positive,positive,-0.052322612683610714,-0.03530613633734703,-0.017016476346263687,0.0107421875,negative,-0.04381437451047887,0.00537109375,negative,0.04381437451047887,0.017016476346263687,False,0.7611468796878059,False
FD-3169-Q04,1,O,N2,leave_one_out/na,0.09369517947856387,0.04843826499759896,0.00537109375,0.00537109375,positive,positive,-0.1345026709858903,-0.08924575650492539,-0.045256914480964916,0.0107421875,negative,-0.11187421374540785,0.00537109375,negative,0.11187421374540785,0.045256914480964916,False,0.5169771301700846,False
FD-3169-Q04,1,O,N2,leave_one_out/mask,0.083604682868204,0.059637802666359985,0.00537109375,0.00537109375,positive,positive,-0.0859022163713612,-0.061935336169517186,-0.02396688020184401,0.0107421875,negative,-0.07391877627043919,0.00537109375,negative,0.07391877627043919,0.02396688020184401,False,0.7133308879405015,False
FD-3169-Q04,1,O,N2,leave_one_out/lorem,0.0890567811490186,0.05760635601481878,0.00537109375,0.00537109375,positive,positive,-0.07643469489912391,-0.04498426976492409,-0.03145042513419982,0.0107421875,negative,-0.060709482332024,0.00537109375,negative,0.060709482332024,0.03145042513419982,False,0.6468497431815566,False
FD-3169-Q04,1,O,N2,ab_symmetric_sum,-1.705796241760254,-0.23173904418945312,0.002685546875,0.002685546875,negative,negative,1.5163297653198242,0.04227256774902344,1.4740571975708008,0.00537109375,positive,0.7793011665344238,0.002685546875,positive,-0.7793011665344238,1.4740571975708008,False,0.13585388366802578,False
FD-3169-Q04,1,O,N2,ab_mapping_gap_sum,0.4060955047607422,0.3091583251953125,0.00537109375,0.00537109375,positive,positive,-0.4407672882080078,-0.3438301086425781,-0.09693717956542969,0.0107421875,negative,-0.39229869842529297,0.00537109375,negative,null,0.09693717956542969,False,0.7612946254538281,False
FD-3169-Q04,1,O,D,original/answer_sum,-0.1897411346435547,0.023721694946289062,0.002685546875,0.002685546875,negative,positive,-0.5700263977050781,-0.7834892272949219,0.21346282958984375,0.00537109375,positive,-0.6767578125,0.002685546875,negative,0.6767578125,0.16601943969726562,True,-0.12502136129233304,False
FD-3169-Q04,1,O,D,original/answer_mean,-0.03775037129720049,0.004777399698893348,0.002685546875,0.002685546875,negative,positive,-0.1156313578287761,-0.15815912882486993,0.04252777099609384,0.00537109375,positive,-0.136895243326823,0.002685546875,negative,0.136895243326823,0.032972971598307144,True,-0.12655238967802238,False
FD-3169-Q04,1,O,D,original/total_with_eos,-0.1897411346435547,0.023721694946289062,0.002685546875,0.002685546875,negative,positive,-0.5700263977050781,-0.7834892272949219,0.21346282958984375,0.00537109375,positive,-0.6767578125,0.002685546875,negative,0.6767578125,0.16601943969726562,True,-0.12502136129233304,False
FD-3169-Q04,1,O,D,original/mean_with_eos,-0.03149986267089844,0.003974278767903572,0.002685546875,0.002685546875,negative,positive,-0.09602069854736328,-0.1314948399861653,0.03547414143880201,0.00537109375,positive,-0.11375776926676429,0.002685546875,negative,0.11375776926676429,0.027525583902994866,True,-0.12616812998284152,False
FD-3169-Q04,1,O,D,ab_forward/answer_sum,-1.5027484893798828,-0.2328948974609375,0.002685546875,0.002685546875,negative,negative,1.6406879425048828,0.3708343505859375,1.2698535919189453,0.00537109375,positive,1.0057611465454102,0.002685546875,positive,-1.0057611465454102,1.2698535919189453,False,0.1549792923478784,False
FD-3169-Q04,1,O,D,ab_forward/answer_mean,-0.7513742446899414,-0.11644744873046875,0.002685546875,0.002685546875,negative,negative,0.8203439712524414,0.18541717529296875,0.6349267959594727,0.00537109375,positive,0.5028805732727051,0.002685546875,positive,-0.5028805732727051,0.6349267959594727,False,0.1549792923478784,False
FD-3169-Q04,1,O,D,ab_forward/total_with_eos,-1.5027484893798828,-0.2328948974609375,0.002685546875,0.002685546875,negative,negative,1.6406879425048828,0.3708343505859375,1.2698535919189453,0.00537109375,positive,1.0057611465454102,0.002685546875,positive,-1.0057611465454102,1.2698535919189453,False,0.1549792923478784,False
FD-3169-Q04,1,O,D,ab_forward/mean_with_eos,-0.5009161631266279,-0.07763163248697857,0.002685546875,0.002685546875,negative,negative,0.5468959808349618,0.1236114501953125,0.4232845306396493,0.00537109375,positive,0.33525371551513716,0.002685546875,positive,-0.33525371551513716,0.4232845306396493,False,0.15497929234787713,False
FD-3169-Q04,1,O,D,ab_reverse/answer_sum,-1.908843994140625,-1.0394325256347656,0.002685546875,0.002685546875,negative,negative,1.8521499633789062,0.9827384948730469,0.8694114685058594,0.00537109375,positive,1.4174442291259766,0.002685546875,positive,-1.4174442291259766,0.8694114685058594,False,0.5445350844937569,False
FD-3169-Q04,1,O,D,ab_reverse/answer_mean,-0.9544219970703125,-0.5197162628173828,0.002685546875,0.002685546875,negative,negative,0.9260749816894531,0.49136924743652344,0.4347057342529297,0.00537109375,positive,0.7087221145629883,0.002685546875,positive,-0.7087221145629883,0.4347057342529297,False,0.5445350844937569,False
FD-3169-Q04,1,O,D,ab_reverse/total_with_eos,-1.908843994140625,-1.0394325256347656,0.002685546875,0.002685546875,negative,negative,1.8521499633789062,0.9827384948730469,0.8694114685058594,0.00537109375,positive,1.4174442291259766,0.002685546875,positive,-1.4174442291259766,0.8694114685058594,False,0.5445350844937569,False
FD-3169-Q04,1,O,D,ab_reverse/mean_with_eos,-0.6362813313802083,-0.3464775085449219,0.002685546875,0.002685546875,negative,negative,0.617383321126302,0.3275794982910156,0.2898038228352864,0.00537109375,positive,0.4724814097086588,0.002685546875,positive,-0.4724814097086588,0.2898038228352864,False,0.544535084493757,False
FD-3169-Q04,1,O,D,background,-0.12040395021390715,-0.03281451297063587,0.002685546875,0.002685546875,negative,negative,0.005675182501331477,-0.08191425474193981,0.08758943724327128,0.00537109375,positive,-0.038119536120304165,0.002685546875,negative,null,0.08758943724327128,False,0.2725368471079087,False
FD-3169-Q04,1,O,D,ncc,0.08265357891670666,0.037591912669529215,0.00537109375,0.00537109375,positive,positive,-0.12130654033010746,-0.07624487408293001,-0.045061666247177445,0.0107421875,negative,-0.09877570720651874,0.00537109375,negative,0.09877570720651874,0.045061666247177445,False,0.45481288484086213,False
FD-3169-Q04,1,O,D,single_probe/empty,0.10731798807779924,0.04843432108561174,0.00537109375,0.00537109375,positive,positive,0.024411519368489287,0.08329518636067679,-0.0588836669921875,0.0107421875,negative,0.05385335286458304,0.00537109375,positive,-0.05385335286458304,0.0588836669921875,False,0.4513159625253103,False
FD-3169-Q04,1,O,D,single_probe/space,0.135264460245768,0.04409777323404995,0.00537109375,0.00537109375,positive,positive,-0.058908589680989554,0.032258097330728486,-0.09116668701171804,0.0107421875,negative,-0.013325246175130534,0.00537109375,negative,0.013325246175130534,0.09116668701171804,False,0.32601152700366937,False
FD-3169-Q04,1,O,D,single_probe/na,0.07691103617350281,0.037459691365560044,0.00537109375,0.00537109375,positive,positive,-0.20038274129231803,-0.16093139648437527,-0.03945134480794277,0.0107421875,negative,-0.18065706888834665,0.00537109375,negative,0.18065706888834665,0.03945134480794277,False,0.48705222591274305,False
FD-3169-Q04,1,O,D,single_probe/mask,0.07886924743652379,0.03766212463378871,0.00537109375,0.00537109375,positive,positive,-0.16934254964192785,-0.12813542683919277,-0.041207122802735086,0.0107421875,negative,-0.1487389882405603,0.00537109375,negative,0.1487389882405603,0.041207122802735086,False,0.4775261062824297,False
FD-3169-Q04,1,O,D,single_probe/lorem,-0.028356043497721473,0.005904006958007635,0.00537109375,0.00537109375,negative,positive,0.1380752563476566,0.1038152058919275,0.03426005045572911,0.0107421875,positive,0.12094523111979205,0.00537109375,positive,-0.12094523111979205,0.022452036539713838,True,-0.20820982865546975,False
FD-3169-Q04,1,O,D,leave_one_out/empty,0.0799394592484517,0.03604321029248858,0.00537109375,0.00537109375,positive,positive,-0.1417956650024781,-0.09789941604651498,-0.04389624895596311,0.0107421875,negative,-0.11984754052449653,0.00537109375,negative,0.11984754052449653,0.04389624895596311,False,0.4508813373438811,False
FD-3169-Q04,1,O,D,leave_one_out/space,0.07124242850175966,0.03603988648152345,0.00537109375,0.00537109375,positive,positive,-0.13576234321542557,-0.10055980119518937,-0.035202542020236205,0.0107421875,negative,-0.11816107220530747,0.00537109375,negative,0.11816107220530747,0.035202542020236205,False,0.5058767259826534,False
FD-3169-Q04,1,O,D,leave_one_out/na,0.09369517947856387,0.03901430250116178,0.00537109375,0.00537109375,positive,positive,-0.06324848635089708,-0.008567609373494989,-0.05468087697740209,0.0107421875,negative,-0.035908047862196035,0.00537109375,negative,0.035908047862196035,0.05468087697740209,False,0.416396048529772,False
FD-3169-Q04,1,O,D,leave_one_out/mask,0.083604682868204,0.03757636836851219,0.00537109375,0.00537109375,positive,positive,-0.10956997743194075,-0.06354166293224894,-0.0460283144996918,0.0107421875,negative,-0.08655582018209484,0.00537109375,negative,0.08655582018209484,0.0460283144996918,False,0.44945291435108115,False
FD-3169-Q04,1,O,D,leave_one_out/lorem,0.0890567811490186,0.03974778124579448,0.00537109375,0.00537109375,positive,positive,-0.13440114635916434,-0.08509214645594021,-0.04930899990322413,0.0107421875,negative,-0.10974664640755227,0.00537109375,negative,0.10974664640755227,0.04930899990322413,False,0.44631953606412705,False
FD-3169-Q04,1,O,D,ab_symmetric_sum,-1.705796241760254,-0.6361637115478516,0.002685546875,0.002685546875,negative,negative,1.7464189529418945,0.6767864227294922,1.0696325302124023,0.00537109375,positive,1.2116026878356934,0.002685546875,positive,-1.2116026878356934,1.0696325302124023,False,0.3729423807918455,False
FD-3169-Q04,1,O,D,ab_mapping_gap_sum,0.4060955047607422,0.8065376281738281,0.00537109375,0.00537109375,positive,positive,-0.21146202087402344,-0.6119041442871094,0.40044212341308594,0.0107421875,positive,-0.4116830825805664,0.00537109375,negative,null,-0.40044212341308594,False,1.98607869015692,False
FD-3169-Q04,2,O,N1,original/answer_sum,-0.12908363342285156,0.023286819458007812,0.002685546875,0.002685546875,negative,positive,-0.13376808166503906,-0.28613853454589844,0.15237045288085938,0.00537109375,positive,-0.20995330810546875,0.002685546875,negative,0.20995330810546875,0.10579681396484375,True,-0.1804010225039526,False
FD-3169-Q04,2,O,N1,original/answer_mean,-0.025640233357747344,0.004704666137695379,0.002685546875,0.002685546875,negative,positive,-0.027644220987955714,-0.05798912048339844,0.030344899495442723,0.00537109375,positive,-0.042816670735677076,0.002685546875,negative,0.042816670735677076,0.020935567220051965,True,-0.18348764896376565,False
FD-3169-Q04,2,O,N1,original/total_with_eos,-0.12908363342285156,0.023286819458007812,0.002685546875,0.002685546875,negative,positive,-0.13376808166503906,-0.28613853454589844,0.15237045288085938,0.00537109375,positive,-0.20995330810546875,0.002685546875,negative,0.20995330810546875,0.10579681396484375,True,-0.1804010225039526,False
FD-3169-Q04,2,O,N1,original/mean_with_eos,-0.021403630574544308,0.003910700480143192,0.002685546875,0.002685546875,negative,positive,-0.022851308186848995,-0.048165639241536495,0.0253143310546875,0.00537109375,positive,-0.035508473714192745,0.002685546875,negative,0.035508473714192745,0.017492930094401116,True,-0.1827120154463072,False
FD-3169-Q04,2,O,N1,ab_forward/answer_sum,-1.0313758850097656,-0.12975311279296875,0.002685546875,0.002685546875,negative,negative,0.6467018127441406,-0.25492095947265625,0.9016227722167969,0.00537109375,positive,0.1958904266357422,0.002685546875,positive,-0.1958904266357422,0.9016227722167969,False,0.12580584312550624,False
FD-3169-Q04,2,O,N1,ab_forward/answer_mean,-0.5156879425048828,-0.06487655639648438,0.002685546875,0.002685546875,negative,negative,0.3233509063720703,-0.12746047973632812,0.45081138610839844,0.00537109375,positive,0.0979452133178711,0.002685546875,positive,-0.0979452133178711,0.45081138610839844,False,0.12580584312550624,False
FD-3169-Q04,2,O,N1,ab_forward/total_with_eos,-1.0313758850097656,-0.12975311279296875,0.002685546875,0.002685546875,negative,negative,0.6467018127441406,-0.25492095947265625,0.9016227722167969,0.00537109375,positive,0.1958904266357422,0.002685546875,positive,-0.1958904266357422,0.9016227722167969,False,0.12580584312550624,False
FD-3169-Q04,2,O,N1,ab_forward/mean_with_eos,-0.3437919616699219,-0.04325103759765625,0.002685546875,0.002685546875,negative,negative,0.21556727091471384,-0.08497365315755179,0.3005409240722656,0.00537109375,positive,0.06529680887858103,0.002685546875,positive,-0.06529680887858103,0.3005409240722656,False,0.12580584312550624,False
FD-3169-Q04,2,O,N1,ab_reverse/answer_sum,-4.276039123535156,-1.3347358703613281,0.002685546875,0.002685546875,negative,negative,1.8799972534179688,-1.0613059997558594,2.941303253173828,0.00537109375,positive,0.4093456268310547,0.002685546875,positive,-0.4093456268310547,2.941303253173828,False,0.3121430444859573,False
FD-3169-Q04,2,O,N1,ab_reverse/answer_mean,-2.138019561767578,-0.6673679351806641,0.002685546875,0.002685546875,negative,negative,0.9399986267089844,-0.5306529998779297,1.470651626586914,0.00537109375,positive,0.20467281341552734,0.002685546875,positive,-0.20467281341552734,1.470651626586914,False,0.3121430444859573,False
FD-3169-Q04,2,O,N1,ab_reverse/total_with_eos,-4.276039123535156,-1.3347358703613281,0.002685546875,0.002685546875,negative,negative,1.8799972534179688,-1.0613059997558594,2.941303253173828,0.00537109375,positive,0.4093456268310547,0.002685546875,positive,-0.4093456268310547,2.941303253173828,False,0.3121430444859573,False
FD-3169-Q04,2,O,N1,ab_reverse/mean_with_eos,-1.4253463745117185,-0.4449119567871096,0.002685546875,0.002685546875,negative,negative,0.6266657511393223,-0.3537686665852866,0.9804344177246089,0.00537109375,positive,0.13644854227701786,0.002685546875,positive,-0.13644854227701786,0.9804344177246089,False,0.3121430444859575,False
FD-3169-Q04,2,O,N1,background,-0.039489267253686844,-0.03482359467179341,0.002685546875,0.002685546875,negative,negative,0.04464364301746082,0.03997797043556739,0.004665672581893432,0.00537109375,unresolved,0.042310806726514105,0.002685546875,positive,null,0.004665672581893432,False,0.8818496035411285,False
FD-3169-Q04,2,O,N1,ncc,0.013849033895939389,0.0395282608094889,0.00537109375,0.00537109375,positive,positive,-0.07228786400541676,-0.09796709091896627,0.025679226913549513,0.0107421875,positive,-0.08512747746219151,0.00537109375,negative,0.08512747746219151,-0.025679226913549513,False,2.854225147147542,False
FD-3169-Q04,2,O,N1,single_probe/empty,-0.026585006713866655,0.033796310424805576,0.00537109375,0.00537109375,negative,positive,-0.07675158182779906,-0.1371328989664713,0.06038131713867223,0.0107421875,positive,-0.10694224039713518,0.00537109375,negative,0.10694224039713518,-0.007211303710938921,True,-1.271254537888739,False
FD-3169-Q04,2,O,N1,single_probe/space,0.01665916442871085,0.04651374816894549,0.00537109375,0.00537109375,positive,positive,-0.09966494242350299,-0.12951952616373763,0.02985458374023464,0.0107421875,positive,-0.11459223429362031,0.00537109375,negative,0.11459223429362031,-0.02985458374023464,False,2.7920817018158757,False
FD-3169-Q04,2,O,N1,single_probe/na,0.021080398559570668,0.04277000427246147,0.00537109375,0.00537109375,positive,positive,-0.0769715627034504,-0.0986611684163412,0.021689605712890803,0.0107421875,positive,-0.0878163655598958,0.00537109375,negative,0.0878163655598958,-0.021689605712890803,False,2.0288992236839634,False
FD-3169-Q04,2,O,N1,single_probe/mask,0.04309730529785183,0.042004776000976296,0.00537109375,0.00537109375,positive,positive,-0.019075647989908795,-0.017983118693033262,-0.001092529296875533,0.0107421875,unresolved,-0.01852938334147103,0.00537109375,negative,0.01852938334147103,0.001092529296875533,False,0.9746497074625686,False
FD-3169-Q04,2,O,N1,single_probe/lorem,-0.05872840881347674,0.003923924763997277,0.00537109375,0.00537109375,negative,unresolved,-0.18249804178873674,-0.24515037536621076,0.06265233357747402,0.0107421875,positive,-0.21382420857747375,0.00537109375,negative,0.21382420857747375,0.05480448404947946,False,-0.06681476381319618,False
FD-3169-Q04,2,O,N1,leave_one_out/empty,0.019230916720328395,0.04037369283688763,0.00537109375,0.00537109375,positive,positive,-0.07188280906427957,-0.09302558518083881,0.021142776116559236,0.0107421875,positive,-0.08245419712255919,0.00537109375,negative,0.08245419712255919,-0.021142776116559236,False,2.0994159261378256,False
FD-3169-Q04,2,O,N1,leave_one_out/space,0.013228867899778507,0.03802952266458082,0.00537109375,0.00537109375,positive,positive,-0.06627280080445086,-0.09107345556925317,0.02480065476480231,0.0107421875,positive,-0.07867312818685201,0.00537109375,negative,0.07867312818685201,-0.02480065476480231,False,2.874737502308686,False
FD-3169-Q04,2,O,N1,leave_one_out/na,0.010121655621138537,0.038780695518283004,0.00537109375,0.00537109375,positive,positive,-0.07100367517354478,-0.09966271507068925,0.028659039897144467,0.0107421875,positive,-0.08533319512211701,0.00537109375,negative,0.08533319512211701,-0.028659039897144467,False,3.8314577150097455,False
FD-3169-Q04,2,O,N1,leave_one_out/mask,0.0072797691243238205,0.038930007471682515,0.00537109375,0.00537109375,positive,positive,-0.08480608525449895,-0.11645632360185765,0.031650238347358695,0.0107421875,positive,-0.1006312044281783,0.00537109375,negative,0.1006312044281783,-0.031650238347358695,False,5.347698094106593,False
FD-3169-Q04,2,O,N1,leave_one_out/lorem,0.017470909869254925,0.04127122568737773,0.00537109375,0.00537109375,positive,positive,-0.06832612266414051,-0.09212643848226332,0.023800315818122808,0.0107421875,positive,-0.08022628057320191,0.00537109375,negative,0.08022628057320191,-0.023800315818122808,False,2.362282559765607,False
FD-3169-Q04,2,O,N1,ab_symmetric_sum,-2.653707504272461,-0.7322444915771484,0.002685546875,0.002685546875,negative,negative,1.2633495330810547,-0.6581134796142578,1.9214630126953125,0.00537109375,positive,0.30261802673339844,0.002685546875,positive,-0.30261802673339844,1.9214630126953125,False,0.27593263025342357,False
FD-3169-Q04,2,O,N1,ab_mapping_gap_sum,3.2446632385253906,1.2049827575683594,0.00537109375,0.00537109375,positive,positive,-1.2332954406738281,0.8063850402832031,-2.0396804809570312,0.0107421875,negative,-0.2134552001953125,0.00537109375,negative,null,2.0396804809570312,False,0.3713737509831654,False
FD-3169-Q04,2,O,N2,original/answer_sum,-0.12908363342285156,0.036579132080078125,0.002685546875,0.002685546875,negative,positive,-0.04866981506347656,-0.21433258056640625,0.1656627655029297,0.00537109375,positive,-0.1315011978149414,0.002685546875,negative,0.1315011978149414,0.09250450134277344,True,-0.283375445129069,False
FD-3169-Q04,2,O,N2,original/answer_mean,-0.025640233357747344,0.00738855997721366,0.002685546875,0.002685546875,negative,positive,-0.010503514607747344,-0.04353230794270835,0.033028793334961004,0.00537109375,positive,-0.027017911275227846,0.002685546875,negative,0.027017911275227846,0.018251673380533684,True,-0.2881627430657204,False
FD-3169-Q04,2,O,N2,original/total_with_eos,-0.12908363342285156,0.036579132080078125,0.002685546875,0.002685546875,negative,positive,-0.04866981506347656,-0.21433258056640625,0.1656627655029297,0.00537109375,positive,-0.1315011978149414,0.002685546875,negative,0.1315011978149414,0.09250450134277344,True,-0.283375445129069,False
FD-3169-Q04,2,O,N2,original/mean_with_eos,-0.021403630574544308,0.006141980489095089,0.002685546875,0.002685546875,negative,positive,-0.008592605590820312,-0.03613821665445971,0.027545611063639397,0.00537109375,positive,-0.02236541112264001,0.002685546875,negative,0.02236541112264001,0.015261650085449219,True,-0.2869597504826984,False
FD-3169-Q04,2,O,N2,ab_forward/answer_sum,-1.0313758850097656,-0.045318603515625,0.002685546875,0.002685546875,negative,negative,0.6497001647949219,-0.33635711669921875,0.9860572814941406,0.00537109375,positive,0.15667152404785156,0.002685546875,positive,-0.15667152404785156,0.9860572814941406,False,0.04393994873672647,False
FD-3169-Q04,2,O,N2,ab_forward/answer_mean,-0.5156879425048828,-0.0226593017578125,0.002685546875,0.002685546875,negative,negative,0.32485008239746094,-0.16817855834960938,0.4930286407470703,0.00537109375,positive,0.07833576202392578,0.002685546875,positive,-0.07833576202392578,0.4930286407470703,False,0.04393994873672647,False
FD-3169-Q04,2,O,N2,ab_forward/total_with_eos,-1.0313758850097656,-0.045318603515625,0.002685546875,0.002685546875,negative,negative,0.6497001647949219,-0.33635711669921875,0.9860572814941406,0.00537109375,positive,0.15667152404785156,0.002685546875,positive,-0.15667152404785156,0.9860572814941406,False,0.04393994873672647,False
FD-3169-Q04,2,O,N2,ab_forward/mean_with_eos,-0.3437919616699219,-0.015106201171875,0.002685546875,0.002685546875,negative,negative,0.2165667215983076,-0.11211903889973929,0.3286857604980469,0.00537109375,positive,0.05222384134928415,0.002685546875,positive,-0.05222384134928415,0.3286857604980469,False,0.04393994873672647,False
FD-3169-Q04,2,O,N2,ab_reverse/answer_sum,-4.276039123535156,-1.4498672485351562,0.002685546875,0.002685546875,negative,negative,1.5206985473632812,-1.3054733276367188,2.826171875,0.00537109375,positive,0.10761260986328125,0.002685546875,positive,-0.10761260986328125,2.826171875,False,0.33906781641803563,False
FD-3169-Q04,2,O,N2,ab_reverse/answer_mean,-2.138019561767578,-0.7249336242675781,0.002685546875,0.002685546875,negative,negative,0.7603492736816406,-0.6527366638183594,1.4130859375,0.00537109375,positive,0.053806304931640625,0.002685546875,positive,-0.053806304931640625,1.4130859375,False,0.33906781641803563,False
FD-3169-Q04,2,O,N2,ab_reverse/total_with_eos,-4.276039123535156,-1.4498672485351562,0.002685546875,0.002685546875,negative,negative,1.5206985473632812,-1.3054733276367188,2.826171875,0.00537109375,positive,0.10761260986328125,0.002685546875,positive,-0.10761260986328125,2.826171875,False,0.33906781641803563,False
FD-3169-Q04,2,O,N2,ab_reverse/mean_with_eos,-1.4253463745117185,-0.48328908284505223,0.002685546875,0.002685546875,negative,negative,0.5068995157877598,-0.43515777587890647,0.9420572916666663,0.00537109375,positive,0.035870869954426676,0.002685546875,positive,-0.035870869954426676,0.9420572916666663,False,0.33906781641803574,False
FD-3169-Q04,2,O,N2,background,-0.039489267253686844,-0.04235130185731961,0.002685546875,0.002685546875,negative,negative,-0.004377580841139039,-0.0015155462375062712,-0.002862034603632768,0.00537109375,unresolved,-0.0029465635393226552,0.002685546875,negative,null,-0.002862034603632768,False,1.0724762651392463,False
FD-3169-Q04,2,O,N2,ncc,0.013849033895939389,0.04973986183453327,0.00537109375,0.00537109375,positive,positive,-0.006125933766608416,-0.0420167617052023,0.03589082793859388,0.0107421875,positive,-0.024071347735905357,0.00537109375,negative,0.024071347735905357,-0.03589082793859388,False,3.591576293933201,False
FD-3169-Q04,2,O,N2,single_probe/empty,-0.026585006713866655,0.058964792887369555,0.00537109375,0.00537109375,negative,positive,-0.03390159606933629,-0.1194513956705725,0.08554979960123621,0.0107421875,positive,-0.0766764958699544,0.00537109375,negative,0.0766764958699544,-0.0323797861735029,True,-2.217971713229386,False
FD-3169-Q04,2,O,N2,single_probe/space,0.01665916442871085,0.059969838460286695,0.00537109375,0.00537109375,positive,positive,-0.06463559468587254,-0.10794626871744839,0.043310674031575846,0.0107421875,positive,-0.08629093170166047,0.00537109375,negative,0.08629093170166047,-0.043310674031575846,False,3.599810705807854,False
FD-3169-Q04,2,O,N2,single_probe/na,0.021080398559570668,0.049432118733724106,0.00537109375,0.00537109375,positive,positive,-0.005318069458007724,-0.03366978963216116,0.02835172017415344,0.0107421875,positive,-0.019493929545084443,0.00537109375,negative,0.019493929545084443,-0.02835172017415344,False,2.344932833885227,False
FD-3169-Q04,2,O,N2,single_probe/mask,0.04309730529785183,0.05140050252278705,0.00537109375,0.00537109375,positive,positive,0.07714373270670594,0.06884053548177071,0.008303197224935221,0.0107421875,unresolved,0.07299213409423833,0.00537109375,positive,-0.07299213409423833,-0.008303197224935221,False,1.1926616331937834,False
FD-3169-Q04,2,O,N2,single_probe/lorem,-0.05872840881347674,0.01301142374674491,0.00537109375,0.00537109375,negative,positive,-0.07690340677897112,-0.14864323933919277,0.07173983256022165,0.0107421875,positive,-0.11277332305908194,0.00537109375,negative,0.11277332305908194,0.04571698506673183,True,-0.2215524651462906,False
FD-3169-Q04,2,O,N2,leave_one_out/empty,0.019230916720328395,0.048770180371974,0.00537109375,0.00537109375,positive,positive,-0.002627058515326297,-0.032166322166971906,0.02953926365164561,0.0107421875,positive,-0.0173966903411491,0.00537109375,negative,0.0173966903411491,-0.02953926365164561,False,2.53602992936996,False
FD-3169-Q04,2,O,N2,leave_one_out/space,0.013228867899778507,0.04762435054873926,0.00537109375,0.00537109375,positive,positive,0.006540742288623669,-0.027854740360337082,0.03439548264896075,0.0107421875,positive,-0.010656999035856707,0.00537109375,negative,0.010656999035856707,-0.03439548264896075,False,3.60003221058218,False
FD-3169-Q04,2,O,N2,leave_one_out/na,0.010121655621138537,0.052561618995745185,0.00537109375,0.00537109375,positive,positive,-0.006537038700829001,-0.04897700207543565,0.04243996337460665,0.0107421875,positive,-0.027757020388132325,0.00537109375,negative,0.027757020388132325,-0.04243996337460665,False,5.192986302159209,False
FD-3169-Q04,2,O,N2,leave_one_out/mask,0.0072797691243238205,0.04932457453230299,0.00537109375,0.00537109375,positive,positive,-0.026043982170303792,-0.06808878757828296,0.04204480540797917,0.0107421875,positive,-0.04706638487429338,0.00537109375,negative,0.04706638487429338,-0.04204480540797917,False,6.775568522838901,False
FD-3169-Q04,2,O,N2,leave_one_out/lorem,0.017470909869254925,0.05168475995728805,0.00537109375,0.00537109375,positive,positive,-0.0031594522501690037,-0.03737330233820213,0.034213850088033126,0.0107421875,positive,-0.020266377294185567,0.00537109375,negative,0.020266377294185567,-0.034213850088033126,False,2.9583324706083114,False
FD-3169-Q04,2,O,N2,ab_symmetric_sum,-2.653707504272461,-0.7475929260253906,0.002685546875,0.002685546875,negative,negative,1.0851993560791016,-0.8209152221679688,1.9061145782470703,0.00537109375,positive,0.1321420669555664,0.002685546875,positive,-0.1321420669555664,1.9061145782470703,False,0.2817164004781116,False
FD-3169-Q04,2,O,N2,ab_mapping_gap_sum,3.2446632385253906,1.4045486450195312,0.00537109375,0.00537109375,positive,positive,-0.8709983825683594,0.9691162109375,-1.8401145935058594,0.0107421875,negative,0.04905891418457031,0.00537109375,positive,null,1.8401145935058594,False,0.4328796370429677,False
FD-3169-Q04,2,O,D,original/answer_sum,-0.12908363342285156,-0.018407821655273438,0.002685546875,0.002685546875,negative,negative,-0.7238063812255859,-0.8344821929931641,0.11067581176757812,0.00537109375,positive,-0.779144287109375,0.002685546875,negative,0.779144287109375,0.11067581176757812,False,0.14260383882264285,False
FD-3169-Q04,2,O,D,original/answer_mean,-0.025640233357747344,-0.0036774953206382133,0.002685546875,0.002685546875,negative,negative,-0.1461076100667319,-0.16807034810384103,0.02196273803710913,0.00537109375,positive,-0.15708897908528646,0.002685546875,negative,0.15708897908528646,0.02196273803710913,False,0.14342674925487903,False
FD-3169-Q04,2,O,D,original/total_with_eos,-0.12908363342285156,-0.018407821655273438,0.002685546875,0.002685546875,negative,negative,-0.7238063812255859,-0.8344821929931641,0.11067581176757812,0.00537109375,positive,-0.779144287109375,0.002685546875,negative,0.779144287109375,0.11067581176757812,False,0.14260383882264285,False
FD-3169-Q04,2,O,D,original/mean_with_eos,-0.021403630574544308,-0.0030654271443684156,0.002685546875,0.002685546875,negative,negative,-0.12147585550944007,-0.13981405893961596,0.018338203430175892,0.00537109375,positive,-0.130644957224528,0.002685546875,negative,0.130644957224528,0.018338203430175892,False,0.14321996138422324,False
FD-3169-Q04,2,O,D,ab_forward/answer_sum,-1.0313758850097656,-0.12445449829101562,0.002685546875,0.002685546875,negative,negative,0.795745849609375,-0.111175537109375,0.90692138671875,0.00537109375,positive,0.34228515625,0.002685546875,positive,-0.34228515625,0.90692138671875,False,0.12066841982623748,False
FD-3169-Q04,2,O,D,ab_forward/answer_mean,-0.5156879425048828,-0.06222724914550781,0.002685546875,0.002685546875,negative,negative,0.3978729248046875,-0.0555877685546875,0.453460693359375,0.00537109375,positive,0.171142578125,0.002685546875,positive,-0.171142578125,0.453460693359375,False,0.12066841982623748,False
FD-3169-Q04,2,O,D,ab_forward/total_with_eos,-1.0313758850097656,-0.12445449829101562,0.002685546875,0.002685546875,negative,negative,0.795745849609375,-0.111175537109375,0.90692138671875,0.00537109375,positive,0.34228515625,0.002685546875,positive,-0.34228515625,0.90692138671875,False,0.12066841982623748,False
FD-3169-Q04,2,O,D,ab_forward/mean_with_eos,-0.3437919616699219,-0.041484832763671875,0.002685546875,0.002685546875,negative,negative,0.26524861653645804,-0.03705851236979196,0.30230712890625,0.00537109375,positive,0.11409505208333304,0.002685546875,positive,-0.11409505208333304,0.30230712890625,False,0.12066841982623748,False
FD-3169-Q04,2,O,D,ab_reverse/answer_sum,-4.276039123535156,-0.9048538208007812,0.002685546875,0.002685546875,negative,negative,0.23838043212890625,-3.1328048706054688,3.371185302734375,0.00537109375,positive,-1.4472122192382812,0.002685546875,negative,1.4472122192382812,3.371185302734375,False,0.21161027639352042,False
FD-3169-Q04,2,O,D,ab_reverse/answer_mean,-2.138019561767578,-0.4524269104003906,0.002685546875,0.002685546875,negative,negative,0.11919021606445312,-1.5664024353027344,1.6855926513671875,0.00537109375,positive,-0.7236061096191406,0.002685546875,negative,0.7236061096191406,1.6855926513671875,False,0.21161027639352042,False
FD-3169-Q04,2,O,D,ab_reverse/total_with_eos,-4.276039123535156,-0.9048538208007812,0.002685546875,0.002685546875,negative,negative,0.23838043212890625,-3.1328048706054688,3.371185302734375,0.00537109375,positive,-1.4472122192382812,0.002685546875,negative,1.4472122192382812,3.371185302734375,False,0.21161027639352042,False
FD-3169-Q04,2,O,D,ab_reverse/mean_with_eos,-1.4253463745117185,-0.30161794026692723,0.002685546875,0.002685546875,negative,negative,0.0794601440429683,-1.044268290201823,1.1237284342447913,0.00537109375,positive,-0.48240407307942734,0.002685546875,negative,0.48240407307942734,1.1237284342447913,False,0.21161027639352056,False
FD-3169-Q04,2,O,D,background,-0.039489267253686844,-0.028040517173739232,0.002685546875,0.002685546875,negative,negative,-0.08762108518520018,-0.09906983526514779,0.011448750079947612,0.00537109375,positive,-0.09334546022517398,0.002685546875,negative,null,0.011448750079947612,False,0.7100794500338894,False
FD-3169-Q04,2,O,D,ncc,0.013849033895939389,0.024363021853100797,0.00537109375,0.00537109375,positive,positive,-0.05848652488153183,-0.06900051283869324,0.010513987957161408,0.0107421875,unresolved,-0.06374351886011254,0.00537109375,negative,0.06374351886011254,-0.010513987957161408,False,1.7591856613365764,False
FD-3169-Q04,2,O,D,single_probe/empty,-0.026585006713866655,0.03939781188964808,0.00537109375,0.00537109375,negative,positive,0.16566759745279924,0.0996847788492845,0.06598281860351474,0.0107421875,positive,0.13267618815104187,0.00537109375,positive,-0.13267618815104187,-0.012812805175781428,True,-1.4819560631932551,False
FD-3169-Q04,2,O,D,single_probe/space,0.01665916442871085,0.04249763488769576,0.00537109375,0.00537109375,positive,positive,0.05182914733886701,0.025990676879882102,0.025838470458984908,0.0107421875,positive,0.038909912109374556,0.00537109375,positive,-0.038909912109374556,-0.025838470458984908,False,2.5510063886790264,False
FD-3169-Q04,2,O,D,single_probe/na,0.021080398559570668,0.016837183634439867,0.00537109375,0.00537109375,positive,positive,-0.21748441060384138,-0.21324119567871058,-0.0042432149251308005,0.0107421875,unresolved,-0.21536280314127598,0.00537109375,negative,0.21536280314127598,0.0042432149251308005,False,0.7987127751337345,False
FD-3169-Q04,2,O,D,single_probe/mask,0.04309730529785183,0.018792343139647727,0.00537109375,0.00537109375,positive,positive,-0.009310531616211204,0.014994430541992898,-0.024304962158204102,0.0107421875,negative,0.002841949462890847,0.00537109375,unresolved,-0.002841949462890847,0.024304962158204102,False,0.43604450463366734,False
FD-3169-Q04,2,O,D,single_probe/lorem,-0.05872840881347674,0.005873235066730764,0.00537109375,0.00537109375,negative,positive,0.1627386728922522,0.09813702901204469,0.0646016438802075,0.0107421875,positive,0.13043785095214844,0.00537109375,positive,-0.13043785095214844,0.052855173746745976,True,-0.10000671200516163,False
FD-3169-Q04,2,O,D,leave_one_out/empty,0.019230916720328395,0.02201107703285743,0.00537109375,0.00537109375,positive,positive,-0.09045820569094243,-0.09323836600347146,0.002780160312529034,0.0107421875,unresolved,-0.09184828584720695,0.00537109375,negative,0.09184828584720695,-0.002780160312529034,False,1.144567227499364,False
FD-3169-Q04,2,O,D,leave_one_out/space,0.013228867899778507,0.01983627890486428,0.00537109375,0.00537109375,positive,positive,-0.08468060947727363,-0.0912880204823594,0.006607411005085773,0.0107421875,unresolved,-0.08798431497981651,0.00537109375,negative,0.08798431497981651,-0.006607411005085773,False,1.4994691197420151,False
FD-3169-Q04,2,O,D,leave_one_out/na,0.010121655621138537,0.030352146005363956,0.00537109375,0.00537109375,positive,positive,0.06383724275028957,0.04360675236606415,0.02023049038422542,0.0107421875,positive,0.05372199755817686,0.00537109375,positive,-0.05372199755817686,-0.02023049038422542,False,2.9987333240201455,False
FD-3169-Q04,2,O,D,leave_one_out/mask,0.0072797691243238205,0.025711079452495955,0.00537109375,0.00537109375,positive,positive,-0.07002719729432583,-0.08845850762249796,0.018431310328172135,0.0107421875,positive,-0.0792428524584119,0.00537109375,negative,0.0792428524584119,-0.018431310328172135,False,3.5318536911545424,False
FD-3169-Q04,2,O,D,leave_one_out/lorem,0.017470909869254925,0.025658835247837963,0.00537109375,0.00537109375,positive,positive,-0.06819839747962853,-0.07638632285821156,0.008187925378583039,0.0107421875,unresolved,-0.07229236016892004,0.00537109375,negative,0.07229236016892004,-0.008187925378583039,False,1.4686605013624414,False
FD-3169-Q04,2,O,D,ab_symmetric_sum,-2.653707504272461,-0.5146541595458984,0.002685546875,0.002685546875,negative,negative,0.5170631408691406,-1.6219902038574219,2.1390533447265625,0.00537109375,positive,-0.5524635314941406,0.002685546875,negative,0.5524635314941406,2.1390533447265625,False,0.19393778655609437,False
FD-3169-Q04,2,O,D,ab_mapping_gap_sum,3.2446632385253906,0.7803993225097656,0.00537109375,0.00537109375,positive,positive,0.5573654174804688,3.0216293334960938,-2.464263916015625,0.0107421875,negative,1.7894973754882812,0.00537109375,positive,null,2.464263916015625,False,0.24051781807237274,False
FD-3169-Q05,1,O,N1,original/answer_sum,-0.09376144409179688,-0.06571578979492188,0.002685546875,0.002685546875,negative,negative,8.036251068115234,8.00820541381836,0.028045654296875,0.00537109375,positive,8.022228240966797,0.002685546875,positive,8.022228240966797,0.028045654296875,False,0.7008828674885065,False
FD-3169-Q05,1,O,N1,original/answer_mean,-0.03138961791992201,-0.021898651123046342,0.002685546875,0.002685546875,negative,negative,2.6751996358235677,2.6657086690266922,0.009490966796875666,0.00537109375,positive,2.6704541524251297,0.002685546875,positive,2.6704541524251297,0.009490966796875666,False,0.6976399387501927,False
FD-3169-Q05,1,O,N1,original/total_with_eos,-0.09376144409179688,-0.06571578979492188,0.002685546875,0.002685546875,negative,negative,8.0362548828125,8.008209228515625,0.028045654296875,0.00537109375,positive,8.022232055664062,0.002685546875,positive,8.022232055664062,0.028045654296875,False,0.7008828674885065,False
FD-3169-Q05,1,O,N1,original/mean_with_eos,-0.023525238037109375,-0.016424814860025894,0.002685546875,0.002685546875,negative,negative,2.0068445205688477,1.9997440973917644,0.007100423177083481,0.00537109375,positive,2.003294308980306,0.002685546875,positive,2.003294308980306,0.007100423177083481,False,0.6981784768390835,False
FD-3169-Q05,1,O,N1,ab_forward/answer_sum,0.040435791015625,-0.7172260284423828,0.002685546875,0.002685546875,positive,negative,9.608198165893555,10.365859985351562,-0.7576618194580078,0.00537109375,negative,9.987029075622559,0.002685546875,positive,9.987029075622559,-0.6767902374267578,True,-17.73740566037736,False
FD-3169-Q05,1,O,N1,ab_forward/answer_mean,0.0202178955078125,-0.3586130142211914,0.002685546875,0.002685546875,positive,negative,4.804099082946777,5.182929992675781,-0.3788309097290039,0.00537109375,negative,4.993514537811279,0.002685546875,positive,4.993514537811279,-0.3383951187133789,True,-17.73740566037736,False
FD-3169-Q05,1,O,N1,ab_forward/total_with_eos,0.040435791015625,-0.7172298431396484,0.002685546875,0.002685546875,positive,negative,9.60820198059082,10.365867614746094,-0.7576656341552734,0.00537109375,negative,9.987034797668457,0.002685546875,positive,9.987034797668457,-0.6767940521240234,True,-17.7375,False
FD-3169-Q05,1,O,N1,ab_forward/mean_with_eos,0.013478597005208481,-0.2390766143798828,0.002685546875,0.002685546875,positive,negative,3.202733993530273,3.4552892049153643,-0.2525552113850913,0.00537109375,negative,3.3290115992228184,0.002685546875,positive,3.3290115992228184,-0.22559801737467433,True,-17.737499999999805,False
FD-3169-Q05,1,O,N1,ab_reverse/answer_sum,0.14057540893554688,-0.5729141235351562,0.002685546875,0.002685546875,positive,negative,6.043567657470703,6.757057189941406,-0.7134895324707031,0.00537109375,negative,6.400312423706055,0.002685546875,positive,6.400312423706055,-0.4323387145996094,True,-4.075493202355431,False
FD-3169-Q05,1,O,N1,ab_reverse/answer_mean,0.07028770446777344,-0.2864570617675781,0.002685546875,0.002685546875,positive,negative,3.0217838287353516,3.378528594970703,-0.35674476623535156,0.00537109375,negative,3.2001562118530273,0.002685546875,positive,3.2001562118530273,-0.2161693572998047,True,-4.075493202355431,False
FD-3169-Q05,1,O,N1,ab_reverse/total_with_eos,0.14057540893554688,-0.5729141235351562,0.002685546875,0.002685546875,positive,negative,6.043567657470703,6.757057189941406,-0.7134895324707031,0.00537109375,negative,6.400312423706055,0.002685546875,positive,6.400312423706055,-0.4323387145996094,True,-4.075493202355431,False
FD-3169-Q05,1,O,N1,ab_reverse/mean_with_eos,0.04685846964518259,-0.19097137451171786,0.002685546875,0.002685546875,positive,negative,2.0145225524902344,2.252352396647135,-0.23782984415690045,0.00537109375,negative,2.1334374745686846,0.002685546875,positive,2.1334374745686846,-0.14411290486653527,True,-4.0754932023553865,False
FD-3169-Q05,1,O,N1,background,-0.12040395021390715,-0.045545271310591495,0.002685546875,0.002685546875,negative,negative,0.13479972215867875,0.05994104325536309,0.07485867890331566,0.00537109375,positive,0.09737038270702092,0.002685546875,positive,null,0.07485867890331566,False,0.3782705735956064,False
FD-3169-Q05,1,O,N1,ncc,0.08901433229398514,0.023646620187545153,0.00537109375,0.00537109375,positive,positive,2.540399913664889,2.605767625771329,-0.06536771210643999,0.0107421875,negative,2.573083769718109,0.00537109375,positive,2.573083769718109,0.06536771210643999,False,0.26564958224309454,False
FD-3169-Q05,1,O,N1,single_probe/empty,0.11367874145507773,0.031954193115235174,0.00537109375,0.00537109375,positive,positive,2.4557685852050786,2.5374931335449213,-0.08172454833984255,0.0107421875,negative,2.4966308593749997,0.00537109375,positive,2.4966308593749997,0.08172454833984255,False,0.2810920732075704,False
FD-3169-Q05,1,O,N1,single_probe/space,0.14162521362304648,0.03817520141601616,0.00537109375,0.00537109375,positive,positive,2.4519808451334635,2.555430857340494,-0.10345001220703032,0.0107421875,negative,2.5037058512369788,0.00537109375,positive,2.5037058512369788,0.10345001220703032,False,0.26955088320377973,False
FD-3169-Q05,1,O,N1,single_probe/na,0.08327178955078107,0.028328959147136068,0.00537109375,0.00537109375,positive,positive,2.595079294840495,2.65002212524414,-0.054942830403645004,0.0107421875,negative,2.6225507100423173,0.00537109375,positive,2.6225507100423173,0.054942830403645004,False,0.34019875518419607,False
FD-3169-Q05,1,O,N1,single_probe/mask,0.08523000081380228,0.01318639119466214,0.00537109375,0.00537109375,positive,positive,2.5408432006835935,2.612886810302734,-0.07204360961914014,0.0107421875,negative,2.5768650054931634,0.00537109375,positive,2.5768650054931634,0.07204360961914014,False,0.15471537098151378,False
FD-3169-Q05,1,O,N1,single_probe/lorem,-0.02199529012044321,-0.020497385660806167,0.00537109375,0.00537109375,negative,negative,2.4366861979166674,2.4351882934570304,0.001497904459637045,0.0107421875,unresolved,2.4359372456868487,0.00537109375,positive,2.4359372456868487,0.001497904459637045,False,0.9318988541894776,False
FD-3169-Q05,1,O,N1,leave_one_out/empty,0.08630021262573018,0.0228499953516228,0.00537109375,0.00537109375,positive,positive,2.5503687294408723,2.6138189467149795,-0.06345021727410738,0.0107421875,negative,2.582093838077926,0.00537109375,positive,2.582093838077926,0.06345021727410738,False,0.2647733378215355,False
FD-3169-Q05,1,O,N1,leave_one_out/space,0.07760318187903814,0.020745457945360535,0.00537109375,0.00537109375,positive,positive,2.5592178086321087,2.6160755325657865,-0.056857723933677606,0.0107421875,negative,2.5876466705989474,0.00537109375,positive,2.5876466705989474,0.056857723933677606,False,0.2673274141992909,False
FD-3169-Q05,1,O,N1,leave_one_out/na,0.10005593285584191,0.022314536891072656,0.00537109375,0.00537109375,positive,positive,2.487366924835977,2.5651083208007464,-0.07774139596476926,0.0107421875,negative,2.5262376228183614,0.00537109375,positive,2.5262376228183614,0.07774139596476926,False,0.22302062710487028,False
FD-3169-Q05,1,O,N1,leave_one_out/mask,0.08996543624548248,0.026286756937449862,0.00537109375,0.00537109375,positive,positive,2.540288691958396,2.603967371266428,-0.06367867930803262,0.0107421875,negative,2.572128031612412,0.00537109375,positive,2.572128031612412,0.06367867930803262,False,0.2921872891909622,False
FD-3169-Q05,1,O,N1,leave_one_out/lorem,0.09541753452629709,0.025866613152930373,0.00537109375,0.00537109375,positive,positive,2.5432084465717204,2.6127593679450873,-0.06955092137336671,0.0107421875,negative,2.5779839072584037,0.00537109375,positive,2.5779839072584037,0.06955092137336671,False,0.27108867653462093,False
FD-3169-Q05,1,O,N1,ab_symmetric_sum,0.09050559997558594,-0.6450700759887695,0.002685546875,0.002685546875,positive,negative,7.825882911682129,8.561458587646484,-0.7355756759643555,0.00537109375,negative,8.193670749664307,0.002685546875,positive,8.193670749664307,-0.5545644760131836,True,-7.127405112642515,False
FD-3169-Q05,1,O,N1,ab_mapping_gap_sum,-0.10013961791992188,-0.14431190490722656,0.00537109375,0.00537109375,negative,negative,3.5646305084228516,3.6088027954101562,-0.04417228698730469,0.0107421875,negative,3.586716651916504,0.00537109375,positive,null,-0.04417228698730469,False,1.4411070054474115,False
FD-3169-Q05,1,O,N2,original/answer_sum,-0.09376144409179688,0.062591552734375,0.002685546875,0.002685546875,negative,positive,8.288578033447266,8.132225036621094,0.15635299682617188,0.00537109375,positive,8.21040153503418,0.002685546875,positive,8.21040153503418,0.031169891357421875,True,-0.6675617396964889,False
FD-3169-Q05,1,O,N2,original/answer_mean,-0.03138961791992201,0.020868937174479463,0.002685546875,0.002685546875,negative,positive,2.75930404663086,2.7070454915364586,0.05225855509440147,0.00537109375,positive,2.733174769083659,0.002685546875,positive,2.733174769083659,0.010520680745442546,True,-0.6648356545058359,False
FD-3169-Q05,1,O,N2,original/total_with_eos,-0.09376144409179688,0.062591552734375,0.002685546875,0.002685546875,negative,positive,8.288581848144531,8.13222885131836,0.15635299682617188,0.00537109375,positive,8.210405349731445,0.002685546875,positive,8.210405349731445,0.031169891357421875,True,-0.6675617396964889,False
FD-3169-Q05,1,O,N2,original/mean_with_eos,-0.023525238037109375,0.01565106709798192,0.002685546875,0.002685546875,negative,positive,2.0699234008789062,2.0307470957438154,0.039176305135091294,0.00537109375,positive,2.050335248311361,0.002685546875,positive,2.050335248311361,0.007874170939127456,True,-0.6652883627912067,False
FD-3169-Q05,1,O,N2,ab_forward/answer_sum,0.040435791015625,-0.6750717163085938,0.002685546875,0.002685546875,positive,negative,9.496479034423828,10.211986541748047,-0.7155075073242188,0.00537109375,negative,9.854232788085938,0.002685546875,positive,9.854232788085938,-0.6346359252929688,True,-16.69490566037736,False
FD-3169-Q05,1,O,N2,ab_forward/answer_mean,0.0202178955078125,-0.3375358581542969,0.002685546875,0.002685546875,positive,negative,4.748239517211914,5.105993270874023,-0.3577537536621094,0.00537109375,negative,4.927116394042969,0.002685546875,positive,4.927116394042969,-0.3173179626464844,True,-16.69490566037736,False
FD-3169-Q05,1,O,N2,ab_forward/total_with_eos,0.040435791015625,-0.6750755310058594,0.002685546875,0.002685546875,positive,negative,9.496482849121094,10.211994171142578,-0.7155113220214844,0.00537109375,negative,9.854238510131836,0.002685546875,positive,9.854238510131836,-0.6346397399902344,True,-16.695,False
FD-3169-Q05,1,O,N2,ab_forward/mean_with_eos,0.013478597005208481,-0.22502517700195312,0.002685546875,0.002685546875,positive,negative,3.1654942830403647,3.4039980570475263,-0.2385037740071616,0.00537109375,negative,3.2847461700439453,0.002685546875,positive,3.2847461700439453,-0.21154657999674464,True,-16.694999999999816,False
FD-3169-Q05,1,O,N2,ab_reverse/answer_sum,0.14057540893554688,-0.6597423553466797,0.002685546875,0.002685546875,positive,negative,6.145481109619141,6.945798873901367,-0.8003177642822266,0.00537109375,negative,6.545639991760254,0.002685546875,positive,6.545639991760254,-0.5191669464111328,True,-4.6931562237117035,False
FD-3169-Q05,1,O,N2,ab_reverse/answer_mean,0.07028770446777344,-0.32987117767333984,0.002685546875,0.002685546875,positive,negative,3.0727405548095703,3.4728994369506836,-0.4001588821411133,0.00537109375,negative,3.272819995880127,0.002685546875,positive,3.272819995880127,-0.2595834732055664,True,-4.6931562237117035,False
FD-3169-Q05,1,O,N2,ab_reverse/total_with_eos,0.14057540893554688,-0.6597423553466797,0.002685546875,0.002685546875,positive,negative,6.145481109619141,6.945798873901367,-0.8003177642822266,0.00537109375,negative,6.545639991760254,0.002685546875,positive,6.545639991760254,-0.5191669464111328,True,-4.6931562237117035,False
FD-3169-Q05,1,O,N2,ab_reverse/mean_with_eos,0.04685846964518259,-0.21991411844889264,0.002685546875,0.002685546875,positive,negative,2.04849370320638,2.315266291300455,-0.2667725880940752,0.00537109375,negative,2.1818799972534175,0.002685546875,positive,2.1818799972534175,-0.17305564880371005,True,-4.693156223711662,False
FD-3169-Q05,1,O,N2,background,-0.12040395021390715,-0.04592503846329343,0.002685546875,0.002685546875,negative,negative,0.08305540456806693,0.008576492817453207,0.07447891175061372,0.00537109375,positive,0.04581594869276007,0.002685546875,positive,null,0.07447891175061372,False,0.3814246823439261,False
FD-3169-Q05,1,O,N2,ncc,0.08901433229398514,0.0667939756377729,0.00537109375,0.00537109375,positive,positive,2.676248642062793,2.6984689987190054,-0.022220356656212248,0.0107421875,negative,2.687358820390899,0.00537109375,positive,2.687358820390899,0.022220356656212248,False,0.7503732704209284,False
FD-3169-Q05,1,O,N2,single_probe/empty,0.11367874145507773,0.06877721150716143,0.00537109375,0.00537109375,positive,positive,2.561576843261719,2.6064783732096357,-0.0449015299479163,0.0107421875,negative,2.5840276082356772,0.00537109375,positive,2.5840276082356772,0.0449015299479163,False,0.6050138365961768,False
FD-3169-Q05,1,O,N2,single_probe/space,0.14162521362304648,0.07366816202799509,0.00537109375,0.00537109375,positive,positive,2.552516682942709,2.62047373453776,-0.06795705159505139,0.0107421875,negative,2.5864952087402346,0.00537109375,positive,2.5864952087402346,0.06795705159505139,False,0.5201627601711675,False
FD-3169-Q05,1,O,N2,single_probe/na,0.08327178955078107,0.07831675211588562,0.00537109375,0.00537109375,positive,positive,2.7384648640950524,2.743419901529948,-0.0049550374348954485,0.0107421875,unresolved,2.7409423828125004,0.00537109375,positive,2.7409423828125004,0.0049550374348954485,False,0.9404956052748963,False
FD-3169-Q05,1,O,N2,single_probe/mask,0.08523000081380228,0.051108805338541785,0.00537109375,0.00537109375,positive,positive,2.7064219156901044,2.7405431111653646,-0.03412119547526049,0.0107421875,negative,2.7234825134277347,0.00537109375,positive,2.7234825134277347,0.03412119547526049,False,0.5996574545411144,False
FD-3169-Q05,1,O,N2,single_probe/lorem,-0.02199529012044321,0.028545379638672763,0.00537109375,0.00537109375,negative,positive,2.612408955891928,2.561868286132812,0.050540669759115975,0.0107421875,positive,2.58713862101237,0.00537109375,positive,2.58713862101237,-0.0065500895182295515,True,-1.2977950953300526,False
FD-3169-Q05,1,O,N2,leave_one_out/empty,0.08630021262573018,0.06676550137715287,0.00537109375,0.00537109375,positive,positive,2.6899311328564575,2.7094658441050345,-0.019534711248577308,0.0107421875,negative,2.6996984884807462,0.00537109375,positive,2.6996984884807462,0.019534711248577308,False,0.7736423740542084,False
FD-3169-Q05,1,O,N2,leave_one_out/space,0.07760318187903814,0.06548681132704548,0.00537109375,0.00537109375,positive,positive,2.7021334623489417,2.7142498329009346,-0.012116370551992661,0.0107421875,negative,2.708191647624938,0.00537109375,positive,2.708191647624938,0.012116370551992661,False,0.8438676062164728,False
FD-3169-Q05,1,O,N2,leave_one_out/na,0.10005593285584191,0.05969912416914891,0.00537109375,0.00537109375,positive,positive,2.619953404046662,2.6603102127333553,-0.040356808686693,0.0107421875,negative,2.6401318083900085,0.00537109375,positive,2.6401318083900085,0.040356808686693,False,0.5966575141042553,False
FD-3169-Q05,1,O,N2,leave_one_out/mask,0.08996543624548248,0.07089866183790994,0.00537109375,0.00537109375,positive,positive,2.6685538586611917,2.6876206330687644,-0.01906677440757254,0.0107421875,negative,2.678087245864978,0.00537109375,positive,2.678087245864978,0.01906677440757254,False,0.7880655593605266,False
FD-3169-Q05,1,O,N2,leave_one_out/lorem,0.09541753452629709,0.06886721518636829,0.00537109375,0.00537109375,positive,positive,2.6780213801334285,2.704571699473357,-0.026550319339928796,0.0107421875,negative,2.691296539803393,0.00537109375,positive,2.691296539803393,0.026550319339928796,False,0.7217459089491406,False
FD-3169-Q05,1,O,N2,ab_symmetric_sum,0.09050559997558594,-0.6674070358276367,0.002685546875,0.002685546875,positive,negative,7.820980072021484,8.578892707824707,-0.7579126358032227,0.00537109375,negative,8.199936389923096,0.002685546875,positive,8.199936389923096,-0.5769014358520508,True,-7.374207076773935,False
FD-3169-Q05,1,O,N2,ab_mapping_gap_sum,-0.10013961791992188,-0.015329360961914062,0.00537109375,0.00537109375,negative,negative,3.3509979248046875,3.2661876678466797,0.08481025695800781,0.0107421875,positive,3.3085927963256836,0.00537109375,positive,null,0.08481025695800781,False,0.15307988267113634,False
FD-3169-Q05,1,O,D,original/answer_sum,-0.09376144409179688,0.2622947692871094,0.002685546875,0.002685546875,negative,positive,7.957508087158203,7.601451873779297,0.35605621337890625,0.00537109375,positive,7.77947998046875,0.002685546875,positive,7.77947998046875,-0.1685333251953125,True,-2.7974693844338665,False
FD-3169-Q05,1,O,D,original/answer_mean,-0.03138961791992201,0.08743667602539062,0.002685546875,0.002685546875,negative,positive,2.6489463806152345,2.530120086669922,0.11882629394531263,0.00537109375,positive,2.589533233642578,0.002685546875,positive,2.589533233642578,-0.05604705810546862,True,-2.785528522470396,False
FD-3169-Q05,1,O,D,original/total_with_eos,-0.09376144409179688,0.2622947692871094,0.002685546875,0.002685546875,negative,positive,7.957508087158203,7.601451873779297,0.35605621337890625,0.00537109375,positive,7.77947998046875,0.002685546875,positive,7.77947998046875,-0.1685333251953125,True,-2.7974693844338665,False
FD-3169-Q05,1,O,D,original/mean_with_eos,-0.023525238037109375,0.06557687123616507,0.002685546875,0.002685546875,negative,positive,1.9871543248494465,1.898052215576172,0.08910210927327444,0.00537109375,positive,1.9426032702128093,0.002685546875,positive,1.9426032702128093,-0.042051633199055694,True,-2.7875114858656165,False
FD-3169-Q05,1,O,D,ab_forward/answer_sum,0.040435791015625,-0.6912269592285156,0.002685546875,0.002685546875,positive,negative,6.004425048828125,6.736087799072266,-0.7316627502441406,0.00537109375,negative,6.370256423950195,0.002685546875,positive,6.370256423950195,-0.6507911682128906,True,-17.09443396226415,False
FD-3169-Q05,1,O,D,ab_forward/answer_mean,0.0202178955078125,-0.3456134796142578,0.002685546875,0.002685546875,positive,negative,3.0022125244140625,3.368043899536133,-0.3658313751220703,0.00537109375,negative,3.1851282119750977,0.002685546875,positive,3.1851282119750977,-0.3253955841064453,True,-17.09443396226415,False
FD-3169-Q05,1,O,D,ab_forward/total_with_eos,0.040435791015625,-0.6912345886230469,0.002685546875,0.002685546875,positive,negative,6.004432678222656,6.736103057861328,-0.7316703796386719,0.00537109375,negative,6.370267868041992,0.002685546875,positive,6.370267868041992,-0.6507987976074219,True,-17.094622641509435,False
FD-3169-Q05,1,O,D,ab_forward/mean_with_eos,0.013478597005208481,-0.23041152954101562,0.002685546875,0.002685546875,positive,negative,2.0014775594075522,2.2453676859537763,-0.2438901265462241,0.00537109375,negative,2.123422622680664,0.002685546875,positive,2.123422622680664,-0.21693293253580714,True,-17.094622641509247,False
FD-3169-Q05,1,O,D,ab_reverse/answer_sum,0.14057540893554688,-0.42583274841308594,0.002685546875,0.002685546875,positive,negative,5.198545455932617,5.76495361328125,-0.5664081573486328,0.00537109375,negative,5.481749534606934,0.002685546875,positive,5.481749534606934,-0.28525733947753906,True,-3.029212233046593,False
FD-3169-Q05,1,O,D,ab_reverse/answer_mean,0.07028770446777344,-0.21291637420654297,0.002685546875,0.002685546875,positive,negative,2.5992727279663086,2.882476806640625,-0.2832040786743164,0.00537109375,negative,2.740874767303467,0.002685546875,positive,2.740874767303467,-0.14262866973876953,True,-3.029212233046593,False
FD-3169-Q05,1,O,D,ab_reverse/total_with_eos,0.14057540893554688,-0.42583274841308594,0.002685546875,0.002685546875,positive,negative,5.198545455932617,5.76495361328125,-0.5664081573486328,0.00537109375,negative,5.481749534606934,0.002685546875,positive,5.481749534606934,-0.28525733947753906,True,-3.029212233046593,False
FD-3169-Q05,1,O,D,ab_reverse/mean_with_eos,0.04685846964518259,-0.14194424947102835,0.002685546875,0.002685546875,positive,negative,1.732848485310872,1.921651204427083,-0.18880271911621094,0.00537109375,negative,1.8272498448689776,0.002685546875,positive,1.8272498448689776,-0.09508577982584576,True,-3.0292122330465676,False
FD-3169-Q05,1,O,D,background,-0.12040395021390715,-0.03281451297063587,0.002685546875,0.002685546875,negative,negative,0.005675182501331477,-0.08191425474193981,0.08758943724327128,0.00537109375,positive,-0.038119536120304165,0.002685546875,negative,null,0.08758943724327128,False,0.2725368471079087,False
FD-3169-Q05,1,O,D,ncc,0.08901433229398514,0.12025118899602649,0.00537109375,0.00537109375,positive,positive,2.643271198113903,2.612034341411862,0.03123685670204135,0.0107421875,positive,2.627652769762882,0.00537109375,positive,2.627652769762882,-0.03123685670204135,False,1.350919406988037,False
FD-3169-Q05,1,O,D,single_probe/empty,0.11367874145507773,0.13109359741210946,0.00537109375,0.00537109375,positive,positive,2.7889892578125,2.771574401855468,0.01741485595703174,0.0107421875,positive,2.780281829833984,0.00537109375,positive,2.780281829833984,-0.01741485595703174,False,1.1531936027275034,False
FD-3169-Q05,1,O,D,single_probe/space,0.14162521362304648,0.1267570495605468,0.00537109375,0.00537109375,positive,positive,2.705669148763021,2.7205373128255204,-0.01486816406249969,0.0107421875,negative,2.7131032307942706,0.00537109375,positive,2.7131032307942706,0.01486816406249969,False,0.8950175347867563,False
FD-3169-Q05,1,O,D,single_probe/na,0.08327178955078107,0.12011896769205777,0.00537109375,0.00537109375,positive,positive,2.564194997151693,2.527347819010416,0.03684717814127669,0.0107421875,positive,2.5457714080810545,0.00537109375,positive,2.5457714080810545,-0.03684717814127669,False,1.4424929299592681,False
FD-3169-Q05,1,O,D,single_probe/mask,0.08523000081380228,0.12032140096028598,0.00537109375,0.00537109375,positive,positive,2.595235188802083,2.5601437886555996,0.03509140014648371,0.0107421875,positive,2.5776894887288413,0.00537109375,positive,2.5776894887288413,-0.03509140014648371,False,1.4117259158913553,False
FD-3169-Q05,1,O,D,single_probe/lorem,-0.02199529012044321,0.08856328328450491,0.00537109375,0.00537109375,negative,positive,2.902652994791667,2.792094421386719,0.11055857340494812,0.0107421875,positive,2.8473737080891928,0.00537109375,positive,2.8473737080891928,-0.0665679931640617,True,-4.026465793337776,False
FD-3169-Q05,1,O,D,leave_one_out/empty,0.08630021262573018,0.11870248661898586,0.00537109375,0.00537109375,positive,positive,2.6227820734415324,2.590379799448277,0.03240227399325568,0.0107421875,positive,2.6065809364449044,0.00537109375,positive,2.6065809364449044,-0.03240227399325568,False,1.375459955513424,False
FD-3169-Q05,1,O,D,leave_one_out/space,0.07760318187903814,0.11869916280802073,0.00537109375,0.00537109375,positive,positive,2.628815395228585,2.5877194142996025,0.04109598092898259,0.0107421875,positive,2.6082674047640935,0.00537109375,positive,2.6082674047640935,-0.04109598092898259,False,1.5295656690087764,False
FD-3169-Q05,1,O,D,leave_one_out/na,0.10005593285584191,0.12167357882765906,0.00537109375,0.00537109375,positive,positive,2.7013292520931134,2.6797116061212964,0.021617645971817145,0.0107421875,positive,2.6905204291072047,0.00537109375,positive,2.6905204291072047,-0.021617645971817145,False,1.216055613643254,False
FD-3169-Q05,1,O,D,leave_one_out/mask,0.08996543624548248,0.12023564469500947,0.00537109375,0.00537109375,positive,positive,2.6550077610120697,2.624737552562543,0.030270208449526992,0.0107421875,positive,2.6398726567873063,0.00537109375,positive,2.6398726567873063,-0.030270208449526992,False,1.3364648659839848,False
FD-3169-Q05,1,O,D,leave_one_out/lorem,0.09541753452629709,0.12240705757229131,0.00537109375,0.00537109375,positive,positive,2.630176592084846,2.603187069038852,0.026989523045994224,0.0107421875,positive,2.616681830561849,0.00537109375,positive,2.616681830561849,-0.026989523045994224,False,1.2828570574578817,False
FD-3169-Q05,1,O,D,ab_symmetric_sum,0.09050559997558594,-0.5585298538208008,0.002685546875,0.002685546875,positive,negative,5.601485252380371,6.250520706176758,-0.6490354537963867,0.00537109375,negative,5.9260029792785645,0.002685546875,positive,5.9260029792785645,-0.46802425384521484,True,-6.171218730901351,False
FD-3169-Q05,1,O,D,ab_mapping_gap_sum,-0.10013961791992188,-0.2653942108154297,0.00537109375,0.00537109375,negative,negative,0.8058795928955078,0.9711341857910156,-0.1652545928955078,0.0107421875,negative,0.8885068893432617,0.00537109375,positive,null,-0.1652545928955078,False,2.650241895546836,False
FD-3169-Q05,2,O,N1,original/answer_sum,-0.3456611633300781,0.3453559875488281,0.002685546875,0.002685546875,negative,positive,8.19887924194336,7.507862091064453,0.6910171508789062,0.00537109375,positive,7.853370666503906,0.002685546875,positive,7.853370666503906,0.00030517578125,True,-0.9991171244744131,False
FD-3169-Q05,2,O,N1,original/answer_mean,-0.11525243123372397,0.11512069702148509,0.002685546875,0.002685546875,negative,positive,2.7302192687988285,2.4998461405436196,0.23037312825520906,0.00537109375,positive,2.6150327046712243,0.002685546875,positive,2.6150327046712243,0.0001317342122388876,True,-0.9988569940709386,False
FD-3169-Q05,2,O,N1,original/total_with_eos,-0.3456611633300781,0.3453559875488281,0.002685546875,0.002685546875,negative,positive,8.198883056640625,7.507865905761719,0.6910171508789062,0.00537109375,positive,7.853374481201172,0.002685546875,positive,7.853374481201172,0.00030517578125,True,-0.9991171244744131,False
FD-3169-Q05,2,O,N1,original/mean_with_eos,-0.08643531799316406,0.08634026845296194,0.002685546875,0.002685546875,negative,positive,2.0480079650878906,1.8752323786417644,0.172775586446126,0.00537109375,positive,1.9616201718648274,0.002685546875,positive,1.9616201718648274,9.504954020211898e-05,True,-0.9989003390927579,False
FD-3169-Q05,2,O,N1,ab_forward/answer_sum,-0.137908935546875,-0.4778289794921875,0.002685546875,0.002685546875,negative,negative,9.859508514404297,10.19942855834961,-0.3399200439453125,0.00537109375,negative,10.029468536376953,0.002685546875,positive,10.029468536376953,-0.3399200439453125,False,3.464815224607214,False
FD-3169-Q05,2,O,N1,ab_forward/answer_mean,-0.0689544677734375,-0.23891448974609375,0.002685546875,0.002685546875,negative,negative,4.929754257202148,5.099714279174805,-0.16996002197265625,0.00537109375,negative,5.014734268188477,0.002685546875,positive,5.014734268188477,-0.16996002197265625,False,3.464815224607214,False
FD-3169-Q05,2,O,N1,ab_forward/total_with_eos,-0.137908935546875,-0.4778327941894531,0.002685546875,0.002685546875,negative,negative,9.859516143798828,10.199440002441406,-0.3399238586425781,0.00537109375,negative,10.029478073120117,0.002685546875,positive,10.029478073120117,-0.3399238586425781,False,3.464842885594158,False
FD-3169-Q05,2,O,N1,ab_forward/mean_with_eos,-0.04596964518229152,-0.15927759806315134,0.002685546875,0.002685546875,negative,negative,3.286505381266276,3.3998133341471357,-0.11330795288085982,0.00537109375,negative,3.343159357706706,0.002685546875,positive,3.343159357706706,-0.11330795288085982,False,3.4648428855941757,False
FD-3169-Q05,2,O,N1,ab_reverse/answer_sum,0.6544952392578125,-0.6701793670654297,0.002685546875,0.002685546875,positive,negative,5.174200057983398,6.498874664306641,-1.3246746063232422,0.00537109375,negative,5.8365373611450195,0.002685546875,positive,5.8365373611450195,-0.015684127807617188,True,-1.0239637003706898,False
FD-3169-Q05,2,O,N1,ab_reverse/answer_mean,0.32724761962890625,-0.33508968353271484,0.002685546875,0.002685546875,positive,negative,2.587100028991699,3.2494373321533203,-0.6623373031616211,0.00537109375,negative,2.9182686805725098,0.002685546875,positive,2.9182686805725098,-0.007842063903808594,True,-1.0239637003706898,False
FD-3169-Q05,2,O,N1,ab_reverse/total_with_eos,0.6544952392578125,-0.6701793670654297,0.002685546875,0.002685546875,positive,negative,5.174200057983398,6.498874664306641,-1.3246746063232422,0.00537109375,negative,5.8365373611450195,0.002685546875,positive,5.8365373611450195,-0.015684127807617188,True,-1.0239637003706898,False
FD-3169-Q05,2,O,N1,ab_reverse/mean_with_eos,0.21816507975260446,-0.22339312235514264,0.002685546875,0.002685546875,positive,negative,1.7247333526611328,2.16629155476888,-0.4415582021077471,0.00537109375,negative,1.9455124537150064,0.002685546875,positive,1.9455124537150064,-0.005228042602538174,True,-1.0239637003706858,False
FD-3169-Q05,2,O,N1,background,-0.039489267253686844,-0.03482359467179341,0.002685546875,0.002685546875,negative,negative,0.04464364301746082,0.03997797043556739,0.004665672581893432,0.00537109375,unresolved,0.042310806726514105,0.002685546875,positive,null,0.004665672581893432,False,0.8818496035411285,False
FD-3169-Q05,2,O,N1,ncc,-0.07576316398003713,0.1499442916932785,0.00537109375,0.00537109375,negative,positive,2.685575625781368,2.4598681701080523,0.22570745567331563,0.0107421875,positive,2.57272189794471,0.00537109375,positive,2.57272189794471,-0.07418112771324137,True,-1.9791186615805458,False
FD-3169-Q05,2,O,N1,single_probe/empty,-0.11619720458984362,0.14421234130859473,0.00537109375,0.00537109375,negative,positive,2.681111907958985,2.420702362060547,0.26040954589843834,0.0107421875,positive,2.550907135009766,0.00537109375,positive,2.550907135009766,-0.02801513671875111,True,-1.241099919896006,False
FD-3169-Q05,2,O,N1,single_probe/space,-0.07295303344726567,0.15692977905273509,0.00537109375,0.00537109375,negative,positive,2.6581985473632814,2.428315734863281,0.22988281250000075,0.0107421875,positive,2.543257141113281,0.00537109375,positive,2.543257141113281,-0.08397674560546942,True,-2.1511069744093954,False
FD-3169-Q05,2,O,N1,single_probe/na,-0.06853179931640607,0.15318603515625062,0.00537109375,0.00537109375,negative,positive,2.6808919270833336,2.459174092610677,0.2217178344726567,0.0107421875,positive,2.5700330098470054,0.00537109375,positive,2.5700330098470054,-0.08465423583984455,True,-2.2352548259969423,False
FD-3169-Q05,2,O,N1,single_probe/mask,-0.04651489257812513,0.15242080688476634,0.00537109375,0.00537109375,negative,positive,2.738787841796876,2.5398521423339844,0.19893569946289147,0.0107421875,positive,2.63931999206543,0.00537109375,positive,2.63931999206543,-0.1059059143066412,True,-3.2768173468048873,False
FD-3169-Q05,2,O,N1,single_probe/lorem,-0.14834060668945304,0.11433995564778687,0.00537109375,0.00537109375,negative,positive,2.5753654479980472,2.3126848856608073,0.2626805623372399,0.0107421875,positive,2.4440251668294275,0.00537109375,positive,2.4440251668294275,0.03400065104166616,True,-0.7707933666953002,False
FD-3169-Q05,2,O,N1,leave_one_out/empty,-0.07038128115564812,0.15078972372067767,0.00537109375,0.00537109375,negative,positive,2.685980680722505,2.4648096758461793,0.2211710048763258,0.0107421875,positive,2.5753951782843423,0.00537109375,positive,2.5753951782843423,-0.08040844256502955,True,-2.1424691515234904,False
FD-3169-Q05,2,O,N1,leave_one_out/space,-0.07638332997619801,0.1484455535483704,0.00537109375,0.00537109375,negative,positive,2.691590688982334,2.4667618054577654,0.22482888352456842,0.0107421875,positive,2.5791762472200497,0.00537109375,positive,2.5791762472200497,-0.0720622235721724,True,-1.9434286721281708,False
FD-3169-Q05,2,O,N1,leave_one_out/na,-0.07949054225483798,0.1491967264020726,0.00537109375,0.00537109375,negative,positive,2.686859814613239,2.458172545956329,0.22868726865691058,0.0107421875,positive,2.5725161802847842,0.00537109375,positive,2.5725161802847842,-0.06970618414723462,True,-1.8769116698658843,False
FD-3169-Q05,2,O,N1,leave_one_out/mask,-0.0823324287516527,0.14934603835547255,0.00537109375,0.00537109375,negative,positive,2.673057404532286,2.4413789374251604,0.23167846710712525,0.0107421875,positive,2.557218170978723,0.00537109375,positive,2.557218170978723,-0.06701360960381986,True,-1.8139394236256472,False
FD-3169-Q05,2,O,N1,leave_one_out/lorem,-0.07214128800672204,0.15168725657116777,0.00537109375,0.00537109375,negative,positive,2.689537367122644,2.4657088225447543,0.2238285445778898,0.0107421875,positive,2.577623094833699,0.00537109375,positive,2.577623094833699,-0.07954596856444573,True,-2.102641368934718,False
FD-3169-Q05,2,O,N1,ab_symmetric_sum,0.25829315185546875,-0.5740041732788086,0.002685546875,0.002685546875,positive,negative,7.516854286193848,8.349151611328125,-0.8322973251342773,0.00537109375,negative,7.933002948760986,0.002685546875,positive,7.933002948760986,-0.31571102142333984,True,-2.222297297297297,False
FD-3169-Q05,2,O,N1,ab_mapping_gap_sum,-0.7924041748046875,0.1923503875732422,0.00537109375,0.00537109375,negative,positive,4.685308456420898,3.7005538940429688,0.9847545623779297,0.0107421875,positive,4.192931175231934,0.00537109375,positive,null,0.6000537872314453,True,-0.24274277406558703,False
FD-3169-Q05,2,O,N2,original/answer_sum,-0.3456611633300781,0.49672698974609375,0.002685546875,0.002685546875,negative,positive,8.514110565185547,7.671722412109375,0.8423881530761719,0.00537109375,positive,8.092916488647461,0.002685546875,positive,8.092916488647461,-0.15106582641601562,True,-1.4370344211095538,False
FD-3169-Q05,2,O,N2,original/answer_mean,-0.11525243123372397,0.1655771891276041,0.002685546875,0.002685546875,negative,positive,2.8352928161621094,2.5544631958007815,0.2808296203613281,0.00537109375,positive,2.6948780059814457,0.002685546875,positive,2.6948780059814457,-0.050324757893880134,True,-1.4366481240801332,False
FD-3169-Q05,2,O,N2,original/total_with_eos,-0.3456611633300781,0.49672698974609375,0.002685546875,0.002685546875,negative,positive,8.514114379882812,7.671726226806641,0.8423881530761719,0.00537109375,positive,8.092920303344727,0.002685546875,positive,8.092920303344727,-0.15106582641601562,True,-1.4370344211095538,False
FD-3169-Q05,2,O,N2,original/mean_with_eos,-0.08643531799316406,0.12418270111083984,0.002685546875,0.002685546875,negative,positive,2.126813570658366,1.916195551554362,0.2106180191040039,0.00537109375,positive,2.0215045611063642,0.002685546875,positive,2.0215045611063642,-0.03774738311767578,True,-1.4367124920007943,False
FD-3169-Q05,2,O,N2,ab_forward/answer_sum,-0.137908935546875,-0.5111045837402344,0.002685546875,0.002685546875,negative,negative,9.7215576171875,10.09475326538086,-0.3731956481933594,0.00537109375,negative,9.90815544128418,0.002685546875,positive,9.90815544128418,-0.3731956481933594,False,3.7061020137198497,False
FD-3169-Q05,2,O,N2,ab_forward/answer_mean,-0.0689544677734375,-0.2555522918701172,0.002685546875,0.002685546875,negative,negative,4.86077880859375,5.04737663269043,-0.1865978240966797,0.00537109375,negative,4.95407772064209,0.002685546875,positive,4.95407772064209,-0.1865978240966797,False,3.7061020137198497,False
FD-3169-Q05,2,O,N2,ab_forward/total_with_eos,-0.137908935546875,-0.5111083984375,0.002685546875,0.002685546875,negative,negative,9.721565246582031,10.094764709472656,-0.373199462890625,0.00537109375,negative,9.908164978027344,0.002685546875,positive,9.908164978027344,-0.373199462890625,False,3.7061296747067933,False
FD-3169-Q05,2,O,N2,ab_forward/mean_with_eos,-0.04596964518229152,-0.17036946614583304,0.002685546875,0.002685546875,negative,negative,3.2405217488606772,3.3649215698242188,-0.12439982096354152,0.00537109375,negative,3.302721659342448,0.002685546875,positive,3.302721659342448,-0.12439982096354152,False,3.706129674706799,False
FD-3169-Q05,2,O,N2,ab_reverse/answer_sum,0.6544952392578125,-0.7222957611083984,0.002685546875,0.002685546875,positive,negative,5.296230316162109,6.67302131652832,-1.376791000366211,0.00537109375,negative,5.984625816345215,0.002685546875,positive,5.984625816345215,-0.06780052185058594,True,-1.103592077961439,False
FD-3169-Q05,2,O,N2,ab_reverse/answer_mean,0.32724761962890625,-0.3611478805541992,0.002685546875,0.002685546875,positive,negative,2.6481151580810547,3.33651065826416,-0.6883955001831055,0.00537109375,negative,2.9923129081726074,0.002685546875,positive,2.9923129081726074,-0.03390026092529297,True,-1.103592077961439,False
FD-3169-Q05,2,O,N2,ab_reverse/total_with_eos,0.6544952392578125,-0.7222957611083984,0.002685546875,0.002685546875,positive,negative,5.296230316162109,6.67302131652832,-1.376791000366211,0.00537109375,negative,5.984625816345215,0.002685546875,positive,5.984625816345215,-0.06780052185058594,True,-1.103592077961439,False
FD-3169-Q05,2,O,N2,ab_reverse/mean_with_eos,0.21816507975260446,-0.24076525370279978,0.002685546875,0.002685546875,positive,negative,1.76541010538737,2.2243404388427743,-0.45893033345540424,0.00537109375,negative,1.9948752721150722,0.002685546875,positive,1.9948752721150722,-0.022600173950195312,True,-1.1035920779614388,False
FD-3169-Q05,2,O,N2,background,-0.039489267253686844,-0.04235130185731961,0.002685546875,0.002685546875,negative,negative,-0.004377580841139039,-0.0015155462375062712,-0.002862034603632768,0.00537109375,unresolved,-0.0029465635393226552,0.002685546875,negative,null,-0.002862034603632768,False,1.0724762651392463,False
FD-3169-Q05,2,O,N2,ncc,-0.07576316398003713,0.20792849098492372,0.00537109375,0.00537109375,negative,positive,2.839670397003249,2.555978742038288,0.28369165496496085,0.0107421875,positive,2.697824569520768,0.00537109375,positive,2.697824569520768,-0.1321653270048866,True,-2.7444536376504933,False
FD-3169-Q05,2,O,N2,single_probe/empty,-0.11619720458984362,0.21715342203776045,0.00537109375,0.00537109375,negative,positive,2.8118947347005214,2.478544108072917,0.33335062662760406,0.0107421875,positive,2.6452194213867193,0.00537109375,positive,2.6452194213867193,-0.10095621744791683,True,-1.868835165219982,False
FD-3169-Q05,2,O,N2,single_probe/space,-0.07295303344726567,0.21815846761067714,0.00537109375,0.00537109375,negative,positive,2.7811607360839847,2.4900492350260417,0.2911115010579428,0.0107421875,positive,2.635604985555013,0.00537109375,positive,2.635604985555013,-0.14520543416341147,True,-2.9903961124299743,False
FD-3169-Q05,2,O,N2,single_probe/na,-0.06853179931640607,0.20762074788411455,0.00537109375,0.00537109375,negative,positive,2.840478261311849,2.5643257141113285,0.2761525472005206,0.0107421875,positive,2.702401987711589,0.00537109375,positive,2.702401987711589,-0.13908894856770848,True,-3.0295534329333083,False
FD-3169-Q05,2,O,N2,single_probe/mask,-0.04651489257812513,0.2095891316731775,0.00537109375,0.00537109375,negative,positive,2.922940063476563,2.6668360392252604,0.25610402425130263,0.0107421875,positive,2.794888051350912,0.00537109375,positive,2.794888051350912,-0.16307423909505236,True,-4.505850063421244,False
FD-3169-Q05,2,O,N2,single_probe/lorem,-0.14834060668945304,0.17120005289713536,0.00537109375,0.00537109375,negative,positive,2.7688929239908857,2.4493522644042973,0.3195406595865884,0.0107421875,positive,2.6091225941975917,0.00537109375,positive,2.6091225941975917,-0.02285944620768232,True,-1.1541010699486887,False
FD-3169-Q05,2,O,N2,leave_one_out/empty,-0.07038128115564812,0.20695880952236445,0.00537109375,0.00537109375,negative,positive,2.8431692722545305,2.565829181576518,0.2773400906780126,0.0107421875,positive,2.7044992269155244,0.00537109375,positive,2.7044992269155244,-0.13657752836671633,True,-2.940537684511245,False
FD-3169-Q05,2,O,N2,leave_one_out/space,-0.07638332997619801,0.2058129796991297,0.00537109375,0.00537109375,negative,positive,2.8523370730584805,2.570140763383153,0.2821963096753277,0.0107421875,positive,2.711238918220817,0.00537109375,positive,2.711238918220817,-0.1294296497229317,True,-2.694475087211615,False
FD-3169-Q05,2,O,N2,leave_one_out/na,-0.07949054225483798,0.2107502481461352,0.00537109375,0.00537109375,negative,positive,2.839259292069028,2.549018501668055,0.29024079040097317,0.0107421875,positive,2.6941388968685414,0.00537109375,positive,2.6941388968685414,-0.1312597058912972,True,-2.651261925858965,False
FD-3169-Q05,2,O,N2,leave_one_out/mask,-0.0823324287516527,0.20751320368269344,0.00537109375,0.00537109375,negative,positive,2.819752348599553,2.529906716165207,0.28984563243434613,0.0107421875,positive,2.6748295323823803,0.00537109375,positive,2.6748295323823803,-0.12518077493104074,True,-2.5204309751220344,False
FD-3169-Q05,2,O,N2,leave_one_out/lorem,-0.07214128800672204,0.2098733891076785,0.00537109375,0.00537109375,negative,positive,2.842636878519688,2.5606222014052875,0.28201467711440054,0.0107421875,positive,2.7016295399624877,0.00537109375,positive,2.7016295399624877,-0.13773210110095646,True,-2.909199362896359,False
FD-3169-Q05,2,O,N2,ab_symmetric_sum,0.25829315185546875,-0.6167001724243164,0.002685546875,0.002685546875,positive,negative,7.508893966674805,8.38388729095459,-0.8749933242797852,0.00537109375,negative,7.946390628814697,0.002685546875,positive,7.946390628814697,-0.35840702056884766,True,-2.3875978437453846,False
FD-3169-Q05,2,O,N2,ab_mapping_gap_sum,-0.7924041748046875,0.21119117736816406,0.00537109375,0.00537109375,negative,positive,4.425327301025391,3.421731948852539,1.0035953521728516,0.0107421875,positive,3.923529624938965,0.00537109375,positive,null,0.5812129974365234,True,-0.26651951628121934,False
FD-3169-Q05,2,O,D,original/answer_sum,-0.3456611633300781,0.5451736450195312,0.002685546875,0.002685546875,negative,positive,8.400436401367188,7.509601593017578,0.8908348083496094,0.00537109375,positive,7.955018997192383,0.002685546875,positive,7.955018997192383,-0.19951248168945312,True,-1.5771909107964641,False
FD-3169-Q05,2,O,D,original/answer_mean,-0.11525243123372397,0.1817265828450525,0.002685546875,0.002685546875,negative,positive,2.7974014282226562,2.50042241414388,0.29697901407877647,0.00537109375,positive,2.6489119211832683,0.002685546875,positive,2.6489119211832683,-0.06647415161132852,True,-1.5767700594230722,False
FD-3169-Q05,2,O,D,original/total_with_eos,-0.3456611633300781,0.5451698303222656,0.002685546875,0.002685546875,negative,positive,8.400436401367188,7.509605407714844,0.8908309936523438,0.00537109375,positive,7.955020904541016,0.002685546875,positive,7.955020904541016,-0.1995086669921875,True,-1.5771798748523942,False
FD-3169-Q05,2,O,D,original/mean_with_eos,-0.08643531799316406,0.13629372914632176,0.002685546875,0.002685546875,negative,positive,2.09839407602946,1.8756650288899739,0.22272904713948583,0.00537109375,positive,1.9870295524597168,0.002685546875,positive,1.9870295524597168,-0.0498584111531577,True,-1.576829151679651,False
FD-3169-Q05,2,O,D,ab_forward/answer_sum,-0.137908935546875,-0.6628189086914062,0.002685546875,0.002685546875,negative,negative,6.433448791503906,6.9583587646484375,-0.5249099731445312,0.00537109375,negative,6.695903778076172,0.002685546875,positive,6.695903778076172,-0.5249099731445312,False,4.8062071254702365,False
FD-3169-Q05,2,O,D,ab_forward/answer_mean,-0.0689544677734375,-0.3314094543457031,0.002685546875,0.002685546875,negative,negative,3.216724395751953,3.4791793823242188,-0.2624549865722656,0.00537109375,negative,3.347951889038086,0.002685546875,positive,3.347951889038086,-0.2624549865722656,False,4.8062071254702365,False
FD-3169-Q05,2,O,D,ab_forward/total_with_eos,-0.137908935546875,-0.6628303527832031,0.002685546875,0.002685546875,negative,negative,6.433460235595703,6.958381652832031,-0.5249214172363281,0.00537109375,negative,6.695920944213867,0.002685546875,positive,6.695920944213867,-0.5249214172363281,False,4.806290108431069,False
FD-3169-Q05,2,O,D,ab_forward/mean_with_eos,-0.04596964518229152,-0.22094345092773438,0.002685546875,0.002685546875,negative,negative,2.144486745198568,2.3194605509440107,-0.17497380574544286,0.00537109375,negative,2.231973648071289,0.002685546875,positive,2.231973648071289,-0.17497380574544286,False,4.806290108431084,False
FD-3169-Q05,2,O,D,ab_reverse/answer_sum,0.6544952392578125,-0.4519195556640625,0.002685546875,0.002685546875,positive,negative,4.979894638061523,6.086309432983398,-1.106414794921875,0.00537109375,negative,5.533102035522461,0.002685546875,positive,5.533102035522461,0.20257568359375,True,-0.6904856270253887,False
FD-3169-Q05,2,O,D,ab_reverse/answer_mean,0.32724761962890625,-0.22595977783203125,0.002685546875,0.002685546875,positive,negative,2.4899473190307617,3.043154716491699,-0.5532073974609375,0.00537109375,negative,2.7665510177612305,0.002685546875,positive,2.7665510177612305,0.101287841796875,True,-0.6904856270253887,False
FD-3169-Q05,2,O,D,ab_reverse/total_with_eos,0.6544952392578125,-0.4519195556640625,0.002685546875,0.002685546875,positive,negative,4.979894638061523,6.086309432983398,-1.106414794921875,0.00537109375,negative,5.533102035522461,0.002685546875,positive,5.533102035522461,0.20257568359375,True,-0.6904856270253887,False
FD-3169-Q05,2,O,D,ab_reverse/mean_with_eos,0.21816507975260446,-0.15063985188802054,0.002685546875,0.002685546875,positive,negative,1.6599648793538408,2.028769810994466,-0.368804931640625,0.00537109375,negative,1.8443673451741533,0.002685546875,positive,1.8443673451741533,0.06752522786458393,True,-0.6904856270253865,False
FD-3169-Q05,2,O,D,background,-0.039489267253686844,-0.028040517173739232,0.002685546875,0.002685546875,negative,negative,-0.08762108518520018,-0.09906983526514779,0.011448750079947612,0.00537109375,positive,-0.09334546022517398,0.002685546875,negative,null,0.011448750079947612,False,0.7100794500338894,False
FD-3169-Q05,2,O,D,ncc,-0.07576316398003713,0.20976710001879173,0.00537109375,0.00537109375,negative,positive,2.885022513407857,2.599492249409028,0.28553026399882886,0.0107421875,positive,2.742257381408442,0.00537109375,positive,2.742257381408442,-0.1340039360387546,True,-2.7687214867909073,False
FD-3169-Q05,2,O,D,single_probe/empty,-0.11619720458984362,0.22480189005533902,0.00537109375,0.00537109375,negative,positive,3.1091766357421875,2.768177541097005,0.34099909464518263,0.0107421875,positive,2.9386770884195963,0.00537109375,positive,2.9386770884195963,-0.1086046854654954,True,-1.9346583323484543,False
FD-3169-Q05,2,O,D,single_probe/space,-0.07295303344726567,0.22790171305338625,0.00537109375,0.00537109375,negative,positive,2.9953381856282553,2.6944834391276036,0.3008547465006519,0.0107421875,positive,2.8449108123779294,0.00537109375,positive,2.8449108123779294,-0.15494867960612058,True,-3.123951154383809,False
FD-3169-Q05,2,O,D,single_probe/na,-0.06853179931640607,0.2022412618001308,0.00537109375,0.00537109375,negative,positive,2.726024627685547,2.45525156656901,0.2707730611165369,0.0107421875,positive,2.5906380971272784,0.00537109375,positive,2.5906380971272784,-0.13370946248372473,True,-2.9510572291615804,False
FD-3169-Q05,2,O,D,single_probe/mask,-0.04651489257812513,0.20419642130533866,0.00537109375,0.00537109375,negative,positive,2.9341985066731775,2.6834871927897135,0.2507113138834638,0.0107421875,positive,2.8088428497314455,0.00537109375,positive,2.8088428497314455,-0.15768152872721353,True,-4.389914928049677,False
FD-3169-Q05,2,O,D,single_probe/lorem,-0.14834060668945304,0.1912773132324217,0.00537109375,0.00537109375,negative,positive,3.1062477111816404,2.7666297912597657,0.33961791992187473,0.0107421875,positive,2.9364387512207033,0.00537109375,positive,2.9364387512207033,-0.04293670654296866,True,-1.2894467502944456,False
FD-3169-Q05,2,O,D,leave_one_out/empty,-0.07038128115564812,0.20741515519854836,0.00537109375,0.00537109375,negative,positive,2.853050832598446,2.5752543962442496,0.2777964363541965,0.0107421875,positive,2.714152614421348,0.00537109375,positive,2.714152614421348,-0.13703387404290024,True,-2.947021591434944,False
FD-3169-Q05,2,O,D,leave_one_out/space,-0.07638332997619801,0.2052403570705552,0.00537109375,0.00537109375,negative,positive,2.8588284288121146,2.5772047417653616,0.2816236870467532,0.0107421875,positive,2.7180165852887384,0.00537109375,positive,2.7180165852887384,-0.1288570270943572,True,-2.686978390893807,False
FD-3169-Q05,2,O,D,leave_one_out/na,-0.07949054225483798,0.21575622417105444,0.00537109375,0.00537109375,negative,positive,3.007346281039678,2.712099514613785,0.2952467664258924,0.0107421875,positive,2.8597228978267313,0.00537109375,positive,2.8597228978267313,-0.13626568191621646,True,-2.7142376696760175,False
FD-3169-Q05,2,O,D,leave_one_out/mask,-0.0823324287516527,0.2111151576181869,0.00537109375,0.00537109375,negative,positive,2.873481840995063,2.580034254625223,0.2934475863698396,0.0107421875,positive,2.7267580478101427,0.00537109375,positive,2.7267580478101427,-0.1287827288665342,True,-2.564179884149829,False
FD-3169-Q05,2,O,D,leave_one_out/lorem,-0.07214128800672204,0.2110629134135289,0.00537109375,0.00537109375,negative,positive,2.8753106408097597,2.592106439389509,0.28320420142025093,0.0107421875,positive,2.7337085400996344,0.00537109375,positive,2.7337085400996344,-0.13892162540680686,True,-2.925688177259357,False
FD-3169-Q05,2,O,D,ab_symmetric_sum,0.25829315185546875,-0.5573692321777344,0.002685546875,0.002685546875,positive,negative,5.706671714782715,6.522334098815918,-0.8156623840332031,0.00537109375,negative,6.114502906799316,0.002685546875,positive,6.114502906799316,-0.2990760803222656,True,-2.157893959533304,False
FD-3169-Q05,2,O,D,ab_mapping_gap_sum,-0.7924041748046875,-0.21089935302734375,0.00537109375,0.00537109375,negative,negative,1.4535541534423828,0.8720493316650391,0.5815048217773438,0.0107421875,positive,1.162801742553711,0.00537109375,positive,null,0.5815048217773438,False,0.2661512391442491,False
FD-3169-Q06,1,O,N1,original/answer_sum,-0.9741630554199219,-0.4569129943847656,0.002685546875,0.002685546875,negative,negative,7.772937774658203,7.255687713623047,0.5172500610351562,0.00537109375,positive,7.514312744140625,0.002685546875,positive,-7.514312744140625,0.5172500610351562,False,0.469031330887219,False
FD-3169-Q06,1,O,N1,original/answer_mean,-0.3415067036946615,-0.15215072631835946,0.002685546875,0.002685546875,negative,negative,2.3678454081217444,2.1784894307454423,0.18935597737630205,0.00537109375,positive,2.2731674194335936,0.002685546875,positive,-2.2731674194335936,0.18935597737630205,False,0.4455277880998677,False
FD-3169-Q06,1,O,N1,original/total_with_eos,-0.9741630554199219,-0.4569129943847656,0.002685546875,0.002685546875,negative,negative,7.772937774658203,7.255687713623047,0.5172500610351562,0.00537109375,positive,7.514312744140625,0.002685546875,positive,-7.514312744140625,0.5172500610351562,False,0.469031330887219,False
FD-3169-Q06,1,O,N1,original/mean_with_eos,-0.25403181711832684,-0.1141322453816731,0.002685546875,0.002685546875,negative,negative,1.8037757873535156,1.6638762156168618,0.13989957173665374,0.00537109375,positive,1.7338260014851887,0.002685546875,positive,-1.7338260014851887,0.13989957173665374,False,0.4492832696170135,False
FD-3169-Q06,1,O,N1,ab_forward/answer_sum,-2.1115341186523438,-1.3796501159667969,0.002685546875,0.002685546875,negative,negative,20.778892517089844,20.047008514404297,0.7318840026855469,0.00537109375,positive,20.41295051574707,0.002685546875,positive,-20.41295051574707,0.7318840026855469,False,0.6533875554174511,False
FD-3169-Q06,1,O,N1,ab_forward/answer_mean,-1.0557670593261719,-0.6898250579833984,0.002685546875,0.002685546875,negative,negative,10.389446258544922,10.023504257202148,0.36594200134277344,0.00537109375,positive,10.206475257873535,0.002685546875,positive,-10.206475257873535,0.36594200134277344,False,0.6533875554174511,False
FD-3169-Q06,1,O,N1,ab_forward/total_with_eos,-2.1115341186523438,-1.3796501159667969,0.002685546875,0.002685546875,negative,negative,20.778892517089844,20.047008514404297,0.7318840026855469,0.00537109375,positive,20.41295051574707,0.002685546875,positive,-20.41295051574707,0.7318840026855469,False,0.6533875554174511,False
FD-3169-Q06,1,O,N1,ab_forward/mean_with_eos,-0.7038447062174478,-0.4598833719889326,0.002685546875,0.002685546875,negative,negative,6.926297505696615,6.6823361714680996,0.24396133422851518,0.00537109375,positive,6.804316838582357,0.002685546875,positive,-6.804316838582357,0.24396133422851518,False,0.6533875554174516,False
FD-3169-Q06,1,O,N1,ab_reverse/answer_sum,-0.4978370666503906,-0.5384902954101562,0.002685546875,0.002685546875,negative,negative,10.380126953125,10.420780181884766,-0.040653228759765625,0.00537109375,negative,10.400453567504883,0.002685546875,positive,-10.400453567504883,-0.040653228759765625,False,1.0816597065246543,False
FD-3169-Q06,1,O,N1,ab_reverse/answer_mean,-0.2489185333251953,-0.2692451477050781,0.002685546875,0.002685546875,negative,negative,5.1900634765625,5.210390090942383,-0.020326614379882812,0.00537109375,negative,5.200226783752441,0.002685546875,positive,-5.200226783752441,-0.020326614379882812,False,1.0816597065246543,False
FD-3169-Q06,1,O,N1,ab_reverse/total_with_eos,-0.4978370666503906,-0.5384902954101562,0.002685546875,0.002685546875,negative,negative,10.380126953125,10.420780181884766,-0.040653228759765625,0.00537109375,negative,10.400453567504883,0.002685546875,positive,-10.400453567504883,-0.040653228759765625,False,1.0816597065246543,False
FD-3169-Q06,1,O,N1,ab_reverse/mean_with_eos,-0.16594568888346384,-0.17949676513671875,0.002685546875,0.002685546875,negative,negative,3.460042317708333,3.473593393961588,-0.013551076253254912,0.00537109375,negative,3.4668178558349605,0.002685546875,positive,-3.4668178558349605,-0.013551076253254912,False,1.0816597065246523,False
FD-3169-Q06,1,O,N1,background,-0.12040395021390715,-0.045545271310591495,0.002685546875,0.002685546875,negative,negative,0.13479972215867875,0.05994104325536309,0.07485867890331566,0.00537109375,positive,0.09737038270702092,0.002685546875,positive,null,0.07485867890331566,False,0.3782705735956064,False
FD-3169-Q06,1,O,N1,ncc,-0.22110275348075437,-0.10660545500776797,0.00537109375,0.00537109375,negative,negative,2.2330456859630656,2.1185483874900792,0.1144972984729864,0.0107421875,positive,2.175797036726572,0.00537109375,positive,-2.175797036726572,0.1144972984729864,False,0.48215344824752404,False
FD-3169-Q06,1,O,N1,single_probe/empty,-0.19643834431966178,-0.09829788208007795,0.00537109375,0.00537109375,negative,negative,2.1484143575032553,2.0502738952636714,0.09814046223958384,0.0107421875,positive,2.099344126383463,0.00537109375,positive,-2.099344126383463,0.09814046223958384,False,0.5004006851132841,False
FD-3169-Q06,1,O,N1,single_probe/space,-0.16849187215169303,-0.09207687377929696,0.00537109375,0.00537109375,negative,negative,2.14462661743164,2.068211619059244,0.07641499837239607,0.0107421875,positive,2.106419118245442,0.00537109375,positive,-2.106419118245442,0.07641499837239607,False,0.5464766496059837,False
FD-3169-Q06,1,O,N1,single_probe/na,-0.22684529622395821,-0.10192311604817705,0.00537109375,0.00537109375,negative,negative,2.2877250671386715,2.16280288696289,0.12492218017578116,0.0107421875,positive,2.2252639770507807,0.00537109375,positive,-2.2252639770507807,0.12492218017578116,False,0.4493067202396435,False
FD-3169-Q06,1,O,N1,single_probe/mask,-0.22488708496093723,-0.11706568400065098,0.00537109375,0.00537109375,negative,negative,2.23348897298177,2.125667572021484,0.10782140096028625,0.0107421875,positive,2.179578272501627,0.00537109375,positive,-2.179578272501627,0.10782140096028625,False,0.5205531656963993,False
FD-3169-Q06,1,O,N1,single_probe/lorem,-0.3321123758951834,-0.1507494608561193,0.00537109375,0.00537109375,negative,negative,2.1293319702148445,1.9479690551757805,0.1813629150390641,0.0107421875,positive,2.0386505126953125,0.00537109375,positive,-2.0386505126953125,0.1813629150390641,False,0.4539110006057007,False
FD-3169-Q06,1,O,N1,leave_one_out/empty,-0.22381687314900933,-0.10740207984369032,0.00537109375,0.00537109375,negative,negative,2.243014501739049,2.12659970843373,0.11641479330531901,0.0107421875,positive,2.1848071050863895,0.00537109375,positive,-2.1848071050863895,0.11641479330531901,False,0.47986587576078693,False
FD-3169-Q06,1,O,N1,leave_one_out/space,-0.23251390389570137,-0.10950661724995259,0.00537109375,0.00537109375,negative,negative,2.2518635809302854,2.1288562942845366,0.12300728664574878,0.0107421875,positive,2.190359937607411,0.00537109375,positive,-2.190359937607411,0.12300728664574878,False,0.47096803853533814,False
FD-3169-Q06,1,O,N1,leave_one_out/na,-0.2100611529188976,-0.10793753830424047,0.00537109375,0.00537109375,negative,negative,2.1800126971341536,2.0778890825194964,0.10212361461465713,0.0107421875,positive,2.1289508898268252,0.00537109375,positive,-2.1289508898268252,0.10212361461465713,False,0.513838645577243,False
FD-3169-Q06,1,O,N1,leave_one_out/mask,-0.22015164952925703,-0.10396531825786326,0.00537109375,0.00537109375,negative,negative,2.2329344642565725,2.1167481329851787,0.11618633127139377,0.0107421875,positive,2.1748412986208754,0.00537109375,positive,-2.1748412986208754,0.11618633127139377,False,0.47224410300885256,False
FD-3169-Q06,1,O,N1,leave_one_out/lorem,-0.21469955124844242,-0.10438546204238275,0.00537109375,0.00537109375,negative,negative,2.235854218869897,2.1255401296638374,0.11031408920605967,0.0107421875,positive,2.180697174266867,0.00537109375,positive,-2.180697174266867,0.11031408920605967,False,0.486193200849273,False
FD-3169-Q06,1,O,N1,ab_symmetric_sum,-1.3046855926513672,-0.9590702056884766,0.002685546875,0.002685546875,negative,negative,15.579509735107422,15.233894348144531,0.3456153869628906,0.00537109375,positive,15.406702041625977,0.002685546875,positive,-15.406702041625977,0.3456153869628906,False,0.7350968011683681,False
FD-3169-Q06,1,O,N1,ab_mapping_gap_sum,-1.6136970520019531,-0.8411598205566406,0.00537109375,0.00537109375,negative,negative,10.398765563964844,9.626228332519531,0.7725372314453125,0.0107421875,positive,10.012496948242188,0.00537109375,positive,null,0.7725372314453125,False,0.521262537793632,False
FD-3169-Q06,1,O,N2,original/answer_sum,-0.9741630554199219,-0.3903694152832031,0.002685546875,0.002685546875,negative,negative,7.951042175292969,7.36724853515625,0.5837936401367188,0.00537109375,positive,7.659145355224609,0.002685546875,positive,-7.659145355224609,0.5837936401367188,False,0.40072286986384514,False
FD-3169-Q06,1,O,N2,original/answer_mean,-0.3415067036946615,-0.13000361124674464,0.002685546875,0.002685546875,negative,negative,2.4272191365559896,2.2157160441080728,0.21150309244791687,0.00537109375,positive,2.3214675903320314,0.002685546875,positive,-2.3214675903320314,0.21150309244791687,False,0.380676601191934,False
FD-3169-Q06,1,O,N2,original/total_with_eos,-0.9741630554199219,-0.3903694152832031,0.002685546875,0.002685546875,negative,negative,7.951042175292969,7.36724853515625,0.5837936401367188,0.00537109375,positive,7.659145355224609,0.002685546875,positive,-7.659145355224609,0.5837936401367188,False,0.40072286986384514,False
FD-3169-Q06,1,O,N2,original/mean_with_eos,-0.25403181711832684,-0.09751764933268214,0.002685546875,0.002685546875,negative,negative,1.848305384318034,1.6917912165323892,0.1565141677856447,0.00537109375,positive,1.7700483004252114,0.002685546875,positive,-1.7700483004252114,0.1565141677856447,False,0.38387966688148706,False
FD-3169-Q06,1,O,N2,ab_forward/answer_sum,-2.1115341186523438,-1.4233436584472656,0.002685546875,0.002685546875,negative,negative,20.806583404541016,20.118392944335938,0.6881904602050781,0.00537109375,positive,20.462488174438477,0.002685546875,positive,-20.462488174438477,0.6881904602050781,False,0.6740803503358469,False
FD-3169-Q06,1,O,N2,ab_forward/answer_mean,-1.0557670593261719,-0.7116718292236328,0.002685546875,0.002685546875,negative,negative,10.403291702270508,10.059196472167969,0.34409523010253906,0.00537109375,positive,10.231244087219238,0.002685546875,positive,-10.231244087219238,0.34409523010253906,False,0.6740803503358469,False
FD-3169-Q06,1,O,N2,ab_forward/total_with_eos,-2.1115341186523438,-1.4233436584472656,0.002685546875,0.002685546875,negative,negative,20.806583404541016,20.118392944335938,0.6881904602050781,0.00537109375,positive,20.462488174438477,0.002685546875,positive,-20.462488174438477,0.6881904602050781,False,0.6740803503358469,False
FD-3169-Q06,1,O,N2,ab_forward/mean_with_eos,-0.7038447062174478,-0.4744478861490884,0.002685546875,0.002685546875,negative,negative,6.935527801513672,6.7061309814453125,0.22939682006835938,0.00537109375,positive,6.820829391479492,0.002685546875,positive,-6.820829391479492,0.22939682006835938,False,0.6740803503358469,False
FD-3169-Q06,1,O,N2,ab_reverse/answer_sum,-0.4978370666503906,-0.8745040893554688,0.002685546875,0.002685546875,negative,negative,10.076988220214844,10.453655242919922,-0.3766670227050781,0.00537109375,negative,10.265321731567383,0.002685546875,positive,-10.265321731567383,-0.3766670227050781,False,1.7566070265507068,False
FD-3169-Q06,1,O,N2,ab_reverse/answer_mean,-0.2489185333251953,-0.4372520446777344,0.002685546875,0.002685546875,negative,negative,5.038494110107422,5.226827621459961,-0.18833351135253906,0.00537109375,negative,5.132660865783691,0.002685546875,positive,-5.132660865783691,-0.18833351135253906,False,1.7566070265507068,False
FD-3169-Q06,1,O,N2,ab_reverse/total_with_eos,-0.4978370666503906,-0.8745040893554688,0.002685546875,0.002685546875,negative,negative,10.076988220214844,10.453655242919922,-0.3766670227050781,0.00537109375,negative,10.265321731567383,0.002685546875,positive,-10.265321731567383,-0.3766670227050781,False,1.7566070265507068,False
FD-3169-Q06,1,O,N2,ab_reverse/mean_with_eos,-0.16594568888346384,-0.2915013631184893,0.002685546875,0.002685546875,negative,negative,3.358996073404948,3.4845517476399737,-0.12555567423502545,0.00537109375,negative,3.421773910522461,0.002685546875,positive,-3.421773910522461,-0.12555567423502545,False,1.7566070265507019,False
FD-3169-Q06,1,O,N2,background,-0.12040395021390715,-0.04592503846329343,0.002685546875,0.002685546875,negative,negative,0.08305540456806693,0.008576492817453207,0.07447891175061372,0.00537109375,positive,0.04581594869276007,0.002685546875,positive,null,0.07447891175061372,False,0.3814246823439261,False
FD-3169-Q06,1,O,N2,ncc,-0.22110275348075437,-0.08407857278345121,0.00537109375,0.00537109375,negative,negative,2.3441637319879227,2.2071395512906196,0.13702418069730316,0.0107421875,positive,2.2756516416392714,0.00537109375,positive,-2.2756516416392714,0.13702418069730316,False,0.38026922532545365,False
FD-3169-Q06,1,O,N2,single_probe/empty,-0.19643834431966178,-0.08209533691406268,0.00537109375,0.00537109375,negative,negative,2.229491933186849,2.11514892578125,0.1143430074055991,0.0107421875,positive,2.1723204294840492,0.00537109375,positive,-2.1723204294840492,0.1143430074055991,False,0.4179191043296003,False
FD-3169-Q06,1,O,N2,single_probe/space,-0.16849187215169303,-0.07720438639322902,0.00537109375,0.00537109375,negative,negative,2.2204317728678387,2.1291442871093746,0.09128748575846402,0.0107421875,positive,2.1747880299886067,0.00537109375,positive,-2.1747880299886067,0.09128748575846402,False,0.4582083717588585,False
FD-3169-Q06,1,O,N2,single_probe/na,-0.22684529622395821,-0.07255579630533848,0.00537109375,0.00537109375,negative,negative,2.4063799540201822,2.2520904541015625,0.15428949991861973,0.0107421875,positive,2.3292352040608724,0.00537109375,positive,-2.3292352040608724,0.15428949991861973,False,0.31984703898689665,False
FD-3169-Q06,1,O,N2,single_probe/mask,-0.22488708496093723,-0.09976374308268232,0.00537109375,0.00537109375,negative,negative,2.374337005615234,2.2492136637369793,0.1251233418782549,0.0107421875,positive,2.3117753346761067,0.00537109375,positive,-2.3117753346761067,0.1251233418782549,False,0.4436170405250761,False
FD-3169-Q06,1,O,N2,single_probe/lorem,-0.3321123758951834,-0.12232716878255134,0.00537109375,0.00537109375,negative,negative,2.2803240458170584,2.0705388387044263,0.20978520711263204,0.0107421875,positive,2.1754314422607424,0.00537109375,positive,-2.1754314422607424,0.20978520711263204,False,0.3683306545046021,False
FD-3169-Q06,1,O,N2,leave_one_out/empty,-0.22381687314900933,-0.08410704704407124,0.00537109375,0.00537109375,negative,negative,2.3578462227815873,2.218136396676649,0.1397098261049381,0.0107421875,positive,2.2879913097291182,0.00537109375,positive,-2.2879913097291182,0.1397098261049381,False,0.37578510440576013,False
FD-3169-Q06,1,O,N2,leave_one_out/space,-0.23251390389570137,-0.08538573709417863,0.00537109375,0.00537109375,negative,negative,2.3700485522740715,2.2229203854725488,0.14712816680152274,0.0107421875,positive,2.2964844688733104,0.00537109375,positive,-2.2964844688733104,0.14712816680152274,False,0.3672285212349282,False
FD-3169-Q06,1,O,N2,leave_one_out/na,-0.2100611529188976,-0.0911734242520752,0.00537109375,0.00537109375,negative,negative,2.287868493971792,2.1689807653049695,0.1188877286668224,0.0107421875,positive,2.228424629638381,0.00537109375,positive,-2.228424629638381,0.1188877286668224,False,0.43403277086304626,False
FD-3169-Q06,1,O,N2,leave_one_out/mask,-0.22015164952925703,-0.07997388658331417,0.00537109375,0.00537109375,negative,negative,2.3364689485863215,2.1962911856403786,0.14017776294594286,0.0107421875,positive,2.2663800671133503,0.00537109375,positive,-2.2663800671133503,0.14017776294594286,False,0.3632672603376794,False
FD-3169-Q06,1,O,N2,leave_one_out/lorem,-0.21469955124844242,-0.08200533323485582,0.00537109375,0.00537109375,negative,negative,2.3459364700585583,2.2132422520449717,0.1326942180135866,0.0107421875,positive,2.279589361051765,0.00537109375,positive,-2.279589361051765,0.1326942180135866,False,0.381953910746475,False
FD-3169-Q06,1,O,N2,ab_symmetric_sum,-1.3046855926513672,-1.1489238739013672,0.002685546875,0.002685546875,negative,negative,15.44178581237793,15.28602409362793,0.15576171875,0.00537109375,positive,15.36390495300293,0.002685546875,positive,-15.36390495300293,0.15576171875,False,0.8806135979217317,False
FD-3169-Q06,1,O,N2,ab_mapping_gap_sum,-1.6136970520019531,-0.5488395690917969,0.00537109375,0.00537109375,negative,negative,10.729595184326172,9.664737701416016,1.0648574829101562,0.0107421875,positive,10.197166442871094,0.00537109375,positive,null,1.0648574829101562,False,0.3401131385912283,False
FD-3169-Q06,1,O,D,original/answer_sum,-0.9741630554199219,-0.3005523681640625,0.002685546875,0.002685546875,negative,negative,7.354087829589844,6.680477142333984,0.6736106872558594,0.00537109375,positive,7.017282485961914,0.002685546875,positive,-7.017282485961914,0.6736106872558594,False,0.30852367731653163,False
FD-3169-Q06,1,O,D,original/answer_mean,-0.3415067036946615,-0.09930369059244804,0.002685546875,0.002685546875,negative,negative,2.2316024780273436,1.98939946492513,0.24220301310221348,0.00537109375,positive,2.110500971476237,0.002685546875,positive,-2.110500971476237,0.24220301310221348,False,0.2907810872176456,False
FD-3169-Q06,1,O,D,original/total_with_eos,-0.9741630554199219,-0.3005523681640625,0.002685546875,0.002685546875,negative,negative,7.354087829589844,6.680477142333984,0.6736106872558594,0.00537109375,positive,7.017282485961914,0.002685546875,positive,-7.017282485961914,0.6736106872558594,False,0.30852367731653163,False
FD-3169-Q06,1,O,D,original/mean_with_eos,-0.25403181711832684,-0.07458782196044922,0.002685546875,0.002685546875,negative,negative,1.701171875,1.5217278798421223,0.17944399515787762,0.00537109375,positive,1.611449877421061,0.002685546875,positive,-1.611449877421061,0.17944399515787762,False,0.2936160627694387,False
FD-3169-Q06,1,O,D,ab_forward/answer_sum,-2.1115341186523438,-0.9452018737792969,0.002685546875,0.002685546875,negative,negative,19.494190216064453,18.327857971191406,1.1663322448730469,0.00537109375,positive,18.91102409362793,0.002685546875,positive,-18.91102409362793,1.1663322448730469,False,0.4476375093491543,False
FD-3169-Q06,1,O,D,ab_forward/answer_mean,-1.0557670593261719,-0.47260093688964844,0.002685546875,0.002685546875,negative,negative,9.747095108032227,9.163928985595703,0.5831661224365234,0.00537109375,positive,9.455512046813965,0.002685546875,positive,-9.455512046813965,0.5831661224365234,False,0.4476375093491543,False
FD-3169-Q06,1,O,D,ab_forward/total_with_eos,-2.1115341186523438,-0.9452018737792969,0.002685546875,0.002685546875,negative,negative,19.494190216064453,18.327857971191406,1.1663322448730469,0.00537109375,positive,18.91102409362793,0.002685546875,positive,-18.91102409362793,1.1663322448730469,False,0.4476375093491543,False
FD-3169-Q06,1,O,D,ab_forward/mean_with_eos,-0.7038447062174478,-0.3150672912597656,0.002685546875,0.002685546875,negative,negative,6.498063405354817,6.109285990397135,0.38877741495768214,0.00537109375,positive,6.303674697875977,0.002685546875,positive,-6.303674697875977,0.38877741495768214,False,0.4476375093491544,False
FD-3169-Q06,1,O,D,ab_reverse/answer_sum,-0.4978370666503906,-0.4475364685058594,0.002685546875,0.002685546875,negative,negative,11.880290985107422,11.82999038696289,0.05030059814453125,0.00537109375,positive,11.855140686035156,0.002685546875,positive,-11.855140686035156,0.05030059814453125,False,0.8989617256043829,False
FD-3169-Q06,1,O,D,ab_reverse/answer_mean,-0.2489185333251953,-0.2237682342529297,0.002685546875,0.002685546875,negative,negative,5.940145492553711,5.914995193481445,0.025150299072265625,0.00537109375,positive,5.927570343017578,0.002685546875,positive,-5.927570343017578,0.025150299072265625,False,0.8989617256043829,False
FD-3169-Q06,1,O,D,ab_reverse/total_with_eos,-0.4978370666503906,-0.4475364685058594,0.002685546875,0.002685546875,negative,negative,11.880290985107422,11.82999038696289,0.05030059814453125,0.00537109375,positive,11.855140686035156,0.002685546875,positive,-11.855140686035156,0.05030059814453125,False,0.8989617256043829,False
FD-3169-Q06,1,O,D,ab_reverse/mean_with_eos,-0.16594568888346384,-0.14917882283528616,0.002685546875,0.002685546875,negative,negative,3.9600969950358076,3.94333012898763,0.016766866048177675,0.00537109375,positive,3.9517135620117188,0.002685546875,positive,-3.9517135620117188,0.016766866048177675,False,0.8989617256043796,False
FD-3169-Q06,1,O,D,background,-0.12040395021390715,-0.03281451297063587,0.002685546875,0.002685546875,negative,negative,0.005675182501331477,-0.08191425474193981,0.08758943724327128,0.00537109375,positive,-0.038119536120304165,0.002685546875,negative,null,0.08758943724327128,False,0.2725368471079087,False
FD-3169-Q06,1,O,D,ncc,-0.22110275348075437,-0.06648917762181217,0.00537109375,0.00537109375,negative,negative,2.225927295526012,2.07131371966707,0.1546135758589422,0.0107421875,positive,2.148620507596541,0.00537109375,positive,-2.148620507596541,0.1546135758589422,False,0.300716189984489,False
FD-3169-Q06,1,O,D,single_probe/empty,-0.19643834431966178,-0.055646769205729196,0.00537109375,0.00537109375,negative,negative,2.3716453552246093,2.2308537801106767,0.1407915751139326,0.0107421875,positive,2.301249567667643,0.00537109375,positive,-2.301249567667643,0.1407915751139326,False,0.28327854929980406,False
FD-3169-Q06,1,O,D,single_probe/space,-0.16849187215169303,-0.059983317057291874,0.00537109375,0.00537109375,negative,negative,2.28832524617513,2.179816691080729,0.10850855509440116,0.0107421875,positive,2.2340709686279294,0.00537109375,positive,-2.2340709686279294,0.10850855509440116,False,0.3560012497415244,False
FD-3169-Q06,1,O,D,single_probe/na,-0.22684529622395821,-0.06662139892578134,0.00537109375,0.00537109375,negative,negative,2.146851094563802,1.9866271972656249,0.16022389729817688,0.0107421875,positive,2.0667391459147133,0.00537109375,positive,-2.0667391459147133,0.16022389729817688,False,0.2936864904617984,False
FD-3169-Q06,1,O,D,single_probe/mask,-0.22488708496093723,-0.06641896565755268,0.00537109375,0.00537109375,negative,negative,2.177891286214192,2.0194231669108076,0.15846811930338456,0.0107421875,positive,2.0986572265624996,0.00537109375,positive,-2.0986572265624996,0.15846811930338456,False,0.29534361952839405,False
FD-3169-Q06,1,O,D,single_probe/lorem,-0.3321123758951834,-0.09817708333333375,0.00537109375,0.00537109375,negative,negative,2.4853090922037766,2.251373799641927,0.23393529256184964,0.0107421875,positive,2.3683414459228516,0.00537109375,positive,-2.3683414459228516,0.23393529256184964,False,0.2956140465067132,False
FD-3169-Q06,1,O,D,leave_one_out/empty,-0.22381687314900933,-0.0680378799988528,0.00537109375,0.00537109375,negative,negative,2.2054381708536415,2.049659177703485,0.15577899315015653,0.0107421875,positive,2.127548674278563,0.00537109375,positive,-2.127548674278563,0.15577899315015653,False,0.3039890560599316,False
FD-3169-Q06,1,O,D,leave_one_out/space,-0.23251390389570137,-0.06804120380981793,0.00537109375,0.00537109375,negative,negative,2.211471492640694,2.0469987925548105,0.16447270008588344,0.0107421875,positive,2.1292351425977523,0.00537109375,positive,-2.1292351425977523,0.16447270008588344,False,0.2926328390251412,False
FD-3169-Q06,1,O,D,leave_one_out/na,-0.2100611529188976,-0.0650667877901796,0.00537109375,0.00537109375,negative,negative,2.2839853495052225,2.1389909843765045,0.144994365128718,0.0107421875,positive,2.2114881669408635,0.00537109375,positive,-2.2114881669408635,0.144994365128718,False,0.30975164558532725,False
FD-3169-Q06,1,O,D,leave_one_out/mask,-0.22015164952925703,-0.06650472192282919,0.00537109375,0.00537109375,negative,negative,2.237663858424179,2.084016930817751,0.15364692760642784,0.0107421875,positive,2.1608403946209647,0.00537109375,positive,-2.1608403946209647,0.15364692760642784,False,0.30208595786147424,False
FD-3169-Q06,1,O,D,leave_one_out/lorem,-0.21469955124844242,-0.06433330904554735,0.00537109375,0.00537109375,negative,negative,2.212832689496955,2.06246644729406,0.15036624220289507,0.0107421875,positive,2.1376495683955077,0.00537109375,positive,-2.1376495683955077,0.15036624220289507,False,0.29964342576153413,False
FD-3169-Q06,1,O,D,ab_symmetric_sum,-1.3046855926513672,-0.6963691711425781,0.002685546875,0.002685546875,negative,negative,15.687240600585938,15.078924179077148,0.6083164215087891,0.00537109375,positive,15.383082389831543,0.002685546875,positive,-15.383082389831543,0.6083164215087891,False,0.5337448156589394,False
FD-3169-Q06,1,O,D,ab_mapping_gap_sum,-1.6136970520019531,-0.4976654052734375,0.00537109375,0.00537109375,negative,negative,7.613899230957031,6.497867584228516,1.1160316467285156,0.0107421875,positive,7.055883407592773,0.00537109375,positive,null,1.1160316467285156,False,0.3084007649738429,False
FD-3169-Q06,2,O,N1,original/answer_sum,-0.7037734985351562,0.038177490234375,0.002685546875,0.002685546875,negative,positive,7.61553955078125,6.873588562011719,0.7419509887695312,0.00537109375,positive,7.244564056396484,0.002685546875,positive,-7.244564056396484,0.6655960083007812,True,-0.054246842647297955,False
FD-3169-Q06,2,O,N1,original/answer_mean,-0.24229482014973952,0.012644449869791519,0.002685546875,0.002685546875,negative,positive,2.348923746744792,2.093984476725261,0.25493927001953104,0.00537109375,positive,2.221454111735026,0.002685546875,positive,-2.221454111735026,0.229650370279948,True,-0.05218621620543592,False
FD-3169-Q06,2,O,N1,original/total_with_eos,-0.7037734985351562,0.038177490234375,0.002685546875,0.002685546875,negative,positive,7.61553955078125,6.873588562011719,0.7419509887695312,0.00537109375,positive,7.244564056396484,0.002685546875,positive,-7.244564056396484,0.6655960083007812,True,-0.054246842647297955,False
FD-3169-Q06,2,O,N1,original/mean_with_eos,-0.18075815836588538,0.009493509928385269,0.002685546875,0.002685546875,negative,positive,1.7853914896647134,1.5951398213704429,0.19025166829427065,0.00537109375,positive,1.6902656555175781,0.002685546875,positive,-1.6902656555175781,0.1712646484375001,True,-0.05252050593018758,False
FD-3169-Q06,2,O,N1,ab_forward/answer_sum,-1.9333724975585938,-0.8107757568359375,0.002685546875,0.002685546875,negative,negative,20.95233917236328,19.829742431640625,1.1225967407226562,0.00537109375,positive,20.391040802001953,0.002685546875,positive,-20.391040802001953,1.1225967407226562,False,0.41935827568653294,False
FD-3169-Q06,2,O,N1,ab_forward/answer_mean,-0.9666862487792969,-0.40538787841796875,0.002685546875,0.002685546875,negative,negative,10.47616958618164,9.914871215820312,0.5612983703613281,0.00537109375,positive,10.195520401000977,0.002685546875,positive,-10.195520401000977,0.5612983703613281,False,0.41935827568653294,False
FD-3169-Q06,2,O,N1,ab_forward/total_with_eos,-1.9333724975585938,-0.8107757568359375,0.002685546875,0.002685546875,negative,negative,20.95233917236328,19.829742431640625,1.1225967407226562,0.00537109375,positive,20.391040802001953,0.002685546875,positive,-20.391040802001953,1.1225967407226562,False,0.41935827568653294,False
FD-3169-Q06,2,O,N1,ab_forward/mean_with_eos,-0.6444574991861978,-0.2702585856119786,0.002685546875,0.002685546875,negative,negative,6.984113057454428,6.609914143880208,0.3741989135742192,0.00537109375,positive,6.797013600667317,0.002685546875,positive,-6.797013600667317,0.3741989135742192,False,0.4193582756865321,False
FD-3169-Q06,2,O,N1,ab_reverse/answer_sum,-0.9781265258789062,-0.5185546875,0.002685546875,0.002685546875,negative,negative,10.80807113647461,10.348499298095703,0.45957183837890625,0.00537109375,positive,10.578285217285156,0.002685546875,positive,-10.578285217285156,0.45957183837890625,False,0.5301509301509302,False
FD-3169-Q06,2,O,N1,ab_reverse/answer_mean,-0.4890632629394531,-0.25927734375,0.002685546875,0.002685546875,negative,negative,5.404035568237305,5.174249649047852,0.22978591918945312,0.00537109375,positive,5.289142608642578,0.002685546875,positive,-5.289142608642578,0.22978591918945312,False,0.5301509301509302,False
FD-3169-Q06,2,O,N1,ab_reverse/total_with_eos,-0.9781265258789062,-0.5185546875,0.002685546875,0.002685546875,negative,negative,10.80807113647461,10.348499298095703,0.45957183837890625,0.00537109375,positive,10.578285217285156,0.002685546875,positive,-10.578285217285156,0.45957183837890625,False,0.5301509301509302,False
FD-3169-Q06,2,O,N1,ab_reverse/mean_with_eos,-0.3260421752929683,-0.1728515625,0.002685546875,0.002685546875,negative,negative,3.602690378824869,3.449499766031901,0.1531906127929683,0.00537109375,positive,3.526095072428385,0.002685546875,positive,-3.526095072428385,0.1531906127929683,False,0.5301509301509308,False
FD-3169-Q06,2,O,N1,background,-0.039489267253686844,-0.03482359467179341,0.002685546875,0.002685546875,negative,negative,0.04464364301746082,0.03997797043556739,0.004665672581893432,0.00537109375,unresolved,0.042310806726514105,0.002685546875,positive,null,0.004665672581893432,False,0.8818496035411285,False
FD-3169-Q06,2,O,N1,ncc,-0.20280555289605262,0.04746804454158493,0.00537109375,0.00537109375,negative,positive,2.304280103727331,2.0540065062896935,0.25027359743763755,0.0107421875,positive,2.1791433050085125,0.00537109375,positive,-2.1791433050085125,0.1553375083544677,True,-0.234056927257384,False
FD-3169-Q06,2,O,N1,single_probe/empty,-0.24323959350585955,0.04173609415690116,0.00537109375,0.00537109375,negative,positive,2.2998163859049483,2.0148406982421876,0.2849756876627607,0.0107421875,positive,2.157328542073568,0.00537109375,positive,-2.157328542073568,0.2015034993489584,True,-0.1715842949552362,False
FD-3169-Q06,2,O,N1,single_probe/space,-0.19999542236328116,0.05445353190104152,0.00537109375,0.00537109375,negative,positive,2.276903025309245,2.022454071044922,0.2544489542643227,0.0107421875,positive,2.1496785481770835,0.00537109375,positive,-2.1496785481770835,0.14554189046223964,True,-0.27227389136002095,False
FD-3169-Q06,2,O,N1,single_probe/na,-0.19557418823242156,0.05070978800455728,0.00537109375,0.00537109375,negative,positive,2.2995964050292965,2.053312428792318,0.24628397623697884,0.0107421875,positive,2.1764544169108073,0.00537109375,positive,-2.1764544169108073,0.1448644002278643,True,-0.2592867109042705,False
FD-3169-Q06,2,O,N1,single_probe/mask,-0.17355728149414107,0.04994455973307277,0.00537109375,0.00537109375,negative,positive,2.357492319742839,2.133990478515625,0.22350184122721384,0.0107421875,positive,2.245741399129232,0.00537109375,positive,-2.245741399129232,0.1236127217610683,True,-0.2877698895897882,False
FD-3169-Q06,2,O,N1,single_probe/lorem,-0.27538299560546875,0.011863708496093306,0.00537109375,0.00537109375,negative,positive,2.1940699259440106,1.9068232218424486,0.28724670410156206,0.0107421875,positive,2.05044657389323,0.00537109375,positive,-2.05044657389323,0.26351928710937544,True,-0.04308075910790807,False
FD-3169-Q06,2,O,N1,leave_one_out/empty,-0.19742367007166362,0.048313476568984104,0.00537109375,0.00537109375,negative,positive,2.3046851586684682,2.0589480120278205,0.24573714664064772,0.0107421875,positive,2.1818165853481446,0.00537109375,positive,-2.1818165853481446,0.1491101935026795,True,-0.24471977727618274,False
FD-3169-Q06,2,O,N1,leave_one_out/space,-0.2034257188922135,0.045969306396676846,0.00537109375,0.00537109375,negative,positive,2.310295166928297,2.0609001416394066,0.24939502528889035,0.0107421875,positive,2.1855976542838516,0.00537109375,positive,-2.1855976542838516,0.15745641249553666,True,-0.2259758827301183,False
FD-3169-Q06,2,O,N1,leave_one_out/na,-0.20653293117085347,0.04672047925037903,0.00537109375,0.00537109375,negative,positive,2.3055642925592026,2.05231088213797,0.2532534104212325,0.0107421875,positive,2.178937587348586,0.00537109375,positive,-2.178937587348586,0.15981245192047444,True,-0.22621321929397167,False
FD-3169-Q06,2,O,N1,leave_one_out/mask,-0.2093748176676682,0.04686979120377899,0.00537109375,0.00537109375,negative,positive,2.291761882478249,2.0355172736068017,0.2562446088714472,0.0107421875,positive,2.1636395780425253,0.00537109375,positive,-2.1636395780425253,0.1625050264638892,True,-0.22385591412513337,False
FD-3169-Q06,2,O,N1,leave_one_out/lorem,-0.19918367692273775,0.049211009419474205,0.00537109375,0.00537109375,negative,positive,2.3082418450686073,2.059847158726395,0.24839468634221196,0.0107421875,positive,2.1840445018975014,0.00537109375,positive,-2.1840445018975014,0.14997266750326355,True,-0.24706346513807395,False
FD-3169-Q06,2,O,N1,ab_symmetric_sum,-1.45574951171875,-0.6646652221679688,0.002685546875,0.002685546875,negative,negative,15.880205154418945,15.089120864868164,0.7910842895507812,0.00537109375,positive,15.484663009643555,0.002685546875,positive,-15.484663009643555,0.7910842895507812,False,0.45657938870487613,False
FD-3169-Q06,2,O,N1,ab_mapping_gap_sum,-0.9552459716796875,-0.2922210693359375,0.00537109375,0.00537109375,negative,negative,10.144268035888672,9.481243133544922,0.66302490234375,0.0107421875,positive,9.812755584716797,0.00537109375,positive,null,0.66302490234375,False,0.30591185725923675,False
FD-3169-Q06,2,O,N2,original/answer_sum,-0.7037734985351562,0.07181930541992188,0.002685546875,0.002685546875,negative,positive,8.034873962402344,7.259281158447266,0.7755928039550781,0.00537109375,positive,7.647077560424805,0.002685546875,positive,-7.647077560424805,0.6319541931152344,True,-0.1020488915388368,False
FD-3169-Q06,2,O,N2,original/answer_mean,-0.24229482014973952,0.023856862386067768,0.002685546875,0.002685546875,negative,positive,2.488652038574219,2.2225003560384113,0.2661516825358073,0.00537109375,positive,2.3555761973063154,0.002685546875,positive,-2.3555761973063154,0.21843795776367175,True,-0.0984621230091675,False
FD-3169-Q06,2,O,N2,original/total_with_eos,-0.7037734985351562,0.07181930541992188,0.002685546875,0.002685546875,negative,positive,8.034873962402344,7.259281158447266,0.7755928039550781,0.00537109375,positive,7.647077560424805,0.002685546875,positive,-7.647077560424805,0.6319541931152344,True,-0.1020488915388368,False
FD-3169-Q06,2,O,N2,original/mean_with_eos,-0.18075815836588538,0.01790301005045558,0.002685546875,0.002685546875,negative,positive,1.8901939392089844,1.6915327707926435,0.19866116841634096,0.00537109375,positive,1.790863355000814,0.002685546875,positive,-1.790863355000814,0.1628551483154298,True,-0.09904399454113065,False
FD-3169-Q06,2,O,N2,ab_forward/answer_sum,-1.9333724975585938,-0.95062255859375,0.002685546875,0.002685546875,negative,negative,20.8748779296875,19.892127990722656,0.9827499389648438,0.00537109375,positive,20.383502960205078,0.002685546875,positive,-20.383502960205078,0.9827499389648438,False,0.49169136304264616,False
FD-3169-Q06,2,O,N2,ab_forward/answer_mean,-0.9666862487792969,-0.475311279296875,0.002685546875,0.002685546875,negative,negative,10.43743896484375,9.946063995361328,0.4913749694824219,0.00537109375,positive,10.191751480102539,0.002685546875,positive,-10.191751480102539,0.4913749694824219,False,0.49169136304264616,False
FD-3169-Q06,2,O,N2,ab_forward/total_with_eos,-1.9333724975585938,-0.95062255859375,0.002685546875,0.002685546875,negative,negative,20.8748779296875,19.892127990722656,0.9827499389648438,0.00537109375,positive,20.383502960205078,0.002685546875,positive,-20.383502960205078,0.9827499389648438,False,0.49169136304264616,False
FD-3169-Q06,2,O,N2,ab_forward/mean_with_eos,-0.6444574991861978,-0.3168741861979165,0.002685546875,0.002685546875,negative,negative,6.958292643229167,6.630709330240886,0.32758331298828125,0.00537109375,positive,6.794500986735026,0.002685546875,positive,-6.794500986735026,0.32758331298828125,False,0.49169136304264605,False
FD-3169-Q06,2,O,N2,ab_reverse/answer_sum,-0.9781265258789062,-0.6601104736328125,0.002685546875,0.002685546875,negative,negative,10.663555145263672,10.345539093017578,0.31801605224609375,0.00537109375,positive,10.504547119140625,0.002685546875,positive,-10.504547119140625,0.31801605224609375,False,0.6748722748722749,False
FD-3169-Q06,2,O,N2,ab_reverse/answer_mean,-0.4890632629394531,-0.33005523681640625,0.002685546875,0.002685546875,negative,negative,5.331777572631836,5.172769546508789,0.15900802612304688,0.00537109375,positive,5.2522735595703125,0.002685546875,positive,-5.2522735595703125,0.15900802612304688,False,0.6748722748722749,False
FD-3169-Q06,2,O,N2,ab_reverse/total_with_eos,-0.9781265258789062,-0.6601104736328125,0.002685546875,0.002685546875,negative,negative,10.663555145263672,10.345539093017578,0.31801605224609375,0.00537109375,positive,10.504547119140625,0.002685546875,positive,-10.504547119140625,0.31801605224609375,False,0.6748722748722749,False
FD-3169-Q06,2,O,N2,ab_reverse/mean_with_eos,-0.3260421752929683,-0.22003682454427143,0.002685546875,0.002685546875,negative,negative,3.5545183817545567,3.44851303100586,0.10600535074869688,0.00537109375,positive,3.501515706380208,0.002685546875,positive,-3.501515706380208,0.10600535074869688,False,0.6748722748722776,False
FD-3169-Q06,2,O,N2,background,-0.039489267253686844,-0.04235130185731961,0.002685546875,0.002685546875,negative,negative,-0.004377580841139039,-0.0015155462375062712,-0.002862034603632768,0.00537109375,unresolved,-0.0029465635393226552,0.002685546875,negative,null,-0.002862034603632768,False,1.0724762651392463,False
FD-3169-Q06,2,O,N2,ncc,-0.20280555289605262,0.06620816424338738,0.00537109375,0.00537109375,negative,positive,2.493029619415358,2.224015902275918,0.26901371713944,0.0107421875,positive,2.358522760845638,0.00537109375,positive,-2.358522760845638,0.13659738865266524,True,-0.32646129900260756,False
FD-3169-Q06,2,O,N2,single_probe/empty,-0.24323959350585955,0.0754330952962241,0.00537109375,0.00537109375,negative,positive,2.4652539571126306,2.146581268310547,0.31867268880208366,0.0107421875,positive,2.305917612711589,0.00537109375,positive,-2.305917612711589,0.16780649820963545,True,-0.3101184893832136,False
FD-3169-Q06,2,O,N2,single_probe/space,-0.19999542236328116,0.0764381408691408,0.00537109375,0.00537109375,negative,positive,2.434519958496094,2.158086395263672,0.27643356323242196,0.0107421875,positive,2.296303176879883,0.00537109375,positive,-2.296303176879883,0.12355728149414036,True,-0.3821994521969355,False
FD-3169-Q06,2,O,N2,single_probe/na,-0.19557418823242156,0.06590042114257844,0.00537109375,0.00537109375,negative,positive,2.4938374837239583,2.2323628743489583,0.261474609375,0.0107421875,positive,2.3631001790364583,0.00537109375,positive,-2.3631001790364583,0.12967376708984313,True,-0.3369586842628843,False
FD-3169-Q06,2,O,N2,single_probe/mask,-0.17355728149414107,0.06786880493164116,0.00537109375,0.00537109375,negative,positive,2.5762992858886724,2.33487319946289,0.24142608642578223,0.0107421875,positive,2.455586242675781,0.00537109375,positive,-2.455586242675781,0.10568847656249991,True,-0.39104556344374564,False
FD-3169-Q06,2,O,N2,single_probe/lorem,-0.27538299560546875,0.029479726155599018,0.00537109375,0.00537109375,negative,positive,2.4222521464029954,2.1173894246419276,0.30486272176106777,0.0107421875,positive,2.2698207855224615,0.00537109375,positive,-2.2698207855224615,0.24590326944986973,True,-0.10704991457727316,False
FD-3169-Q06,2,O,N2,leave_one_out/empty,-0.19742367007166362,0.06523848278082811,0.00537109375,0.00537109375,negative,positive,2.49652849466664,2.2338663418141484,0.2626621528524917,0.0107421875,positive,2.3651974182403945,0.00537109375,positive,-2.3651974182403945,0.1321851872908355,True,-0.3304491440015624,False
FD-3169-Q06,2,O,N2,leave_one_out/space,-0.2034257188922135,0.06409265295759337,0.00537109375,0.00537109375,negative,positive,2.50569629547059,2.2381779236207833,0.26751837184980687,0.0107421875,positive,2.3719371095456867,0.00537109375,positive,-2.3719371095456867,0.13933306593462014,True,-0.3150666164859582,False
FD-3169-Q06,2,O,N2,leave_one_out/na,-0.20653293117085347,0.06902992140459885,0.00537109375,0.00537109375,negative,positive,2.4926185144811375,2.217055661905685,0.2755628525754523,0.0107421875,positive,2.3548370881934115,0.00537109375,positive,-2.3548370881934115,0.13750300976625462,True,-0.3342320326993962,False
FD-3169-Q06,2,O,N2,leave_one_out/mask,-0.2093748176676682,0.0657928769411571,0.00537109375,0.00537109375,negative,positive,2.4731115710116627,2.1979438764028374,0.2751676946088253,0.0107421875,positive,2.33552772370725,0.00537109375,positive,-2.33552772370725,0.1435819407265111,True,-0.31423490978550894,False
FD-3169-Q06,2,O,N2,leave_one_out/lorem,-0.19918367692273775,0.06815306236614216,0.00537109375,0.00537109375,negative,positive,2.4959961009317975,2.228659361642918,0.2673367392888799,0.0107421875,positive,2.3623277312873574,0.00537109375,positive,-2.3623277312873574,0.1310306145565956,True,-0.342161885045321,False
FD-3169-Q06,2,O,N2,ab_symmetric_sum,-1.45574951171875,-0.8053665161132812,0.002685546875,0.002685546875,negative,negative,15.769216537475586,15.118833541870117,0.6503829956054688,0.00537109375,positive,15.444025039672852,0.002685546875,positive,-15.444025039672852,0.6503829956054688,False,0.5532315206909564,False
FD-3169-Q06,2,O,N2,ab_mapping_gap_sum,-0.9552459716796875,-0.2905120849609375,0.00537109375,0.00537109375,negative,negative,10.211322784423828,9.546588897705078,0.66473388671875,0.0107421875,positive,9.878955841064453,0.00537109375,positive,null,0.66473388671875,False,0.30412280561634425,False
FD-3169-Q06,2,O,D,original/answer_sum,-0.7037734985351562,0.14250946044921875,0.002685546875,0.002685546875,negative,positive,8.078231811523438,7.2319488525390625,0.846282958984375,0.00537109375,positive,7.65509033203125,0.002685546875,positive,-7.65509033203125,0.5612640380859375,True,-0.20249336007371674,False
FD-3169-Q06,2,O,D,original/answer_mean,-0.24229482014973952,0.047415669759114376,0.002685546875,0.002685546875,negative,positive,2.5045293172200522,2.2148188273111984,0.2897104899088539,0.00537109375,positive,2.359674072265625,0.002685546875,positive,-2.359674072265625,0.19487915039062514,True,-0.19569411236200276,False
FD-3169-Q06,2,O,D,original/total_with_eos,-0.7037734985351562,0.14250946044921875,0.002685546875,0.002685546875,negative,positive,8.078231811523438,7.2319488525390625,0.846282958984375,0.00537109375,positive,7.65509033203125,0.002685546875,positive,-7.65509033203125,0.5612640380859375,True,-0.20249336007371674,False
FD-3169-Q06,2,O,D,original/mean_with_eos,-0.18075815836588538,0.03557268778483058,0.002685546875,0.002685546875,negative,positive,1.9019238154093423,1.6855929692586265,0.21633084615071596,0.00537109375,positive,1.7937583923339844,0.002685546875,positive,-1.7937583923339844,0.1451854705810548,True,-0.19679713550093483,False
FD-3169-Q06,2,O,D,ab_forward/answer_sum,-1.9333724975585938,-0.786346435546875,0.002685546875,0.002685546875,negative,negative,19.935264587402344,18.788238525390625,1.1470260620117188,0.00537109375,positive,19.361751556396484,0.002685546875,positive,-19.361751556396484,1.1470260620117188,False,0.40672267581123156,False
FD-3169-Q06,2,O,D,ab_forward/answer_mean,-0.9666862487792969,-0.3931732177734375,0.002685546875,0.002685546875,negative,negative,9.967632293701172,9.394119262695312,0.5735130310058594,0.00537109375,positive,9.680875778198242,0.002685546875,positive,-9.680875778198242,0.5735130310058594,False,0.40672267581123156,False
FD-3169-Q06,2,O,D,ab_forward/total_with_eos,-1.9333724975585938,-0.786346435546875,0.002685546875,0.002685546875,negative,negative,19.935264587402344,18.788238525390625,1.1470260620117188,0.00537109375,positive,19.361751556396484,0.002685546875,positive,-19.361751556396484,1.1470260620117188,False,0.40672267581123156,False
FD-3169-Q06,2,O,D,ab_forward/mean_with_eos,-0.6444574991861978,-0.262115478515625,0.002685546875,0.002685546875,negative,negative,6.645088195800781,6.262746175130209,0.38234202067057277,0.00537109375,positive,6.453917185465495,0.002685546875,positive,-6.453917185465495,0.38234202067057277,False,0.40672267581123167,False
FD-3169-Q06,2,O,D,ab_reverse/answer_sum,-0.9781265258789062,-0.3014106750488281,0.002685546875,0.002685546875,negative,negative,12.6488037109375,11.972087860107422,0.6767158508300781,0.00537109375,positive,12.310445785522461,0.002685546875,positive,-12.310445785522461,0.6767158508300781,False,0.30815100815100815,False
FD-3169-Q06,2,O,D,ab_reverse/answer_mean,-0.4890632629394531,-0.15070533752441406,0.002685546875,0.002685546875,negative,negative,6.32440185546875,5.986043930053711,0.33835792541503906,0.00537109375,positive,6.1552228927612305,0.002685546875,positive,-6.1552228927612305,0.33835792541503906,False,0.30815100815100815,False
FD-3169-Q06,2,O,D,ab_reverse/total_with_eos,-0.9781265258789062,-0.3014106750488281,0.002685546875,0.002685546875,negative,negative,12.6488037109375,11.972087860107422,0.6767158508300781,0.00537109375,positive,12.310445785522461,0.002685546875,positive,-12.310445785522461,0.6767158508300781,False,0.30815100815100815,False
FD-3169-Q06,2,O,D,ab_reverse/mean_with_eos,-0.3260421752929683,-0.10047022501627634,0.002685546875,0.002685546875,negative,negative,4.216267903645833,3.990695953369141,0.22557195027669197,0.00537109375,positive,4.103481928507487,0.002685546875,positive,-4.103481928507487,0.22557195027669197,False,0.3081510081510095,False
FD-3169-Q06,2,O,D,background,-0.039489267253686844,-0.028040517173739232,0.002685546875,0.002685546875,negative,negative,-0.08762108518520018,-0.09906983526514779,0.011448750079947612,0.00537109375,positive,-0.09334546022517398,0.002685546875,negative,null,0.011448750079947612,False,0.7100794500338894,False
FD-3169-Q06,2,O,D,ncc,-0.20280555289605262,0.07545618693285361,0.00537109375,0.00537109375,negative,positive,2.5921504024052524,2.313888662576346,0.27826173982890623,0.0107421875,positive,2.4530195324907993,0.00537109375,positive,-2.4530195324907993,0.127349365963199,True,-0.37206174020061694,False
FD-3169-Q06,2,O,D,single_probe/empty,-0.24323959350585955,0.0904909769694009,0.00537109375,0.00537109375,negative,positive,2.8163045247395835,2.482573954264323,0.33373057047526045,0.0107421875,positive,2.6494392395019535,0.00537109375,positive,-2.6494392395019535,0.15274861653645866,True,-0.3720240428999936,False
FD-3169-Q06,2,O,D,single_probe/space,-0.19999542236328116,0.09359079996744812,0.00537109375,0.00537109375,negative,positive,2.7024660746256512,2.408879852294922,0.2935862223307293,0.0107421875,positive,2.5556729634602866,0.00537109375,positive,-2.5556729634602866,0.10640462239583304,True,-0.4679647106994547,False
FD-3169-Q06,2,O,D,single_probe/na,-0.19557418823242156,0.06793034871419268,0.00537109375,0.00537109375,negative,positive,2.4331525166829424,2.1696479797363284,0.26350453694661424,0.0107421875,positive,2.3014002482096356,0.00537109375,positive,-2.3014002482096356,0.12764383951822889,True,-0.3473380067591733,False
FD-3169-Q06,2,O,D,single_probe/mask,-0.17355728149414107,0.06988550821940054,0.00537109375,0.00537109375,negative,positive,2.641326395670573,2.3978836059570314,0.2434427897135416,0.0107421875,positive,2.5196050008138022,0.00537109375,positive,-2.5196050008138022,0.10367177327474053,True,-0.40266537720435386,False
FD-3169-Q06,2,O,D,single_probe/lorem,-0.27538299560546875,0.056966400146483576,0.00537109375,0.00537109375,negative,positive,2.8133756001790364,2.481026204427084,0.3323493957519523,0.0107421875,positive,2.6472009023030605,0.00537109375,positive,-2.6472009023030605,0.21841659545898517,True,-0.20686244632220238,False
FD-3169-Q06,2,O,D,leave_one_out/empty,-0.19742367007166362,0.07310424211261024,0.00537109375,0.00537109375,negative,positive,2.560178721595842,2.289650809411568,0.27052791218427386,0.0107421875,positive,2.424914765503705,0.00537109375,positive,-2.424914765503705,0.12431942795905337,True,-0.3702911717023285,False
FD-3169-Q06,2,O,D,leave_one_out/space,-0.2034257188922135,0.07092944398461709,0.00537109375,0.00537109375,negative,positive,2.5659563178095106,2.29160115493268,0.2743551628768306,0.0107421875,positive,2.428778736371095,0.00537109375,positive,-2.428778736371095,0.1324962749075964,True,-0.34867490881130686,False
FD-3169-Q06,2,O,D,leave_one_out/na,-0.20653293117085347,0.08144531108511632,0.00537109375,0.00537109375,negative,positive,2.7144741700370734,2.4264959277811036,0.2879782422559698,0.0107421875,positive,2.5704850489090885,0.00537109375,positive,-2.5704850489090885,0.12508762008573715,True,-0.3943453986896697,False
FD-3169-Q06,2,O,D,leave_one_out/mask,-0.2093748176676682,0.07680424453224877,0.00537109375,0.00537109375,negative,positive,2.5806097299924584,2.2944306677925415,0.28617906219991696,0.0107421875,positive,2.4375201988925,0.00537109375,positive,-2.4375201988925,0.13257057313541942,True,-0.3668265619896892,False
FD-3169-Q06,2,O,D,leave_one_out/lorem,-0.19918367692273775,0.07675200032759077,0.00537109375,0.00537109375,negative,positive,2.5824385298071557,2.306502852556827,0.2759356772503285,0.0107421875,positive,2.4444706911819916,0.00537109375,positive,-2.4444706911819916,0.12243167659514698,True,-0.38533278184919967,False
FD-3169-Q06,2,O,D,ab_symmetric_sum,-1.45574951171875,-0.5438785552978516,0.002685546875,0.002685546875,negative,negative,16.292034149169922,15.380163192749023,0.9118709564208984,0.00537109375,positive,15.836098670959473,0.002685546875,positive,-15.836098670959473,0.9118709564208984,False,0.3736072386902017,False
FD-3169-Q06,2,O,D,ab_mapping_gap_sum,-0.9552459716796875,-0.4849357604980469,0.00537109375,0.00537109375,negative,negative,7.286460876464844,6.816150665283203,0.4703102111816406,0.0107421875,positive,7.051305770874023,0.00537109375,positive,null,0.4703102111816406,False,0.5076553839272878,False
FD-3169-Q07,1,O,N1,original/answer_sum,-0.4024314880371094,-0.00820159912109375,0.002685546875,0.002685546875,negative,negative,6.490726470947266,6.09649658203125,0.3942298889160156,0.00537109375,positive,6.293611526489258,0.002685546875,positive,6.293611526489258,0.3942298889160156,False,0.020380112801554575,False
FD-3169-Q07,1,O,N1,original/answer_mean,-0.11898269653320315,-0.002661132812499911,0.002685546875,0.002685546875,negative,unresolved,2.1296999613444014,2.013378397623698,0.11632156372070324,0.00537109375,positive,2.07153917948405,0.002685546875,positive,2.07153917948405,0.11632156372070324,False,0.022365712746788346,False
FD-3169-Q07,1,O,N1,original/total_with_eos,-0.4024314880371094,-0.00820159912109375,0.002685546875,0.002685546875,negative,negative,6.490726470947266,6.09649658203125,0.3942298889160156,0.00537109375,positive,6.293611526489258,0.002685546875,positive,6.293611526489258,0.3942298889160156,False,0.020380112801554575,False
FD-3169-Q07,1,O,N1,original/mean_with_eos,-0.09113216400146484,-0.0020049413045244435,0.002685546875,0.002685546875,negative,unresolved,1.6015094121297202,1.5123821894327798,0.0891272226969404,0.00537109375,positive,1.55694580078125,0.002685546875,positive,1.55694580078125,0.0891272226969404,False,0.022000369754110266,False
FD-3169-Q07,1,O,N1,ab_forward/answer_sum,-1.0884246826171875,0.004253387451171875,0.002685546875,0.002685546875,negative,positive,11.324817657470703,10.232139587402344,1.0926780700683594,0.00537109375,positive,10.778478622436523,0.002685546875,positive,10.778478622436523,1.0841712951660156,True,-0.003907838106853963,False
FD-3169-Q07,1,O,N1,ab_forward/answer_mean,-0.5442123413085938,0.0021266937255859375,0.002685546875,0.002685546875,negative,unresolved,5.662408828735352,5.116069793701172,0.5463390350341797,0.00537109375,positive,5.389239311218262,0.002685546875,positive,5.389239311218262,0.5420856475830078,False,-0.003907838106853963,False
FD-3169-Q07,1,O,N1,ab_forward/total_with_eos,-1.0884246826171875,0.004253387451171875,0.002685546875,0.002685546875,negative,positive,11.324817657470703,10.232139587402344,1.0926780700683594,0.00537109375,positive,10.778478622436523,0.002685546875,positive,10.778478622436523,1.0841712951660156,True,-0.003907838106853963,False
FD-3169-Q07,1,O,N1,ab_forward/mean_with_eos,-0.3628082275390626,0.0014177958170575877,0.002685546875,0.002685546875,negative,unresolved,3.7749392191569013,3.410713195800781,0.3642260233561202,0.00537109375,positive,3.592826207478841,0.002685546875,positive,3.592826207478841,0.361390431722005,False,-0.003907838106854777,False
FD-3169-Q07,1,O,N1,ab_reverse/answer_sum,-0.3074684143066406,0.3356170654296875,0.002685546875,0.002685546875,negative,positive,6.227909088134766,5.5848236083984375,0.6430854797363281,0.00537109375,positive,5.906366348266602,0.002685546875,positive,5.906366348266602,-0.028148651123046875,True,-1.0915497326335901,False
FD-3169-Q07,1,O,N1,ab_reverse/answer_mean,-0.1537342071533203,0.16780853271484375,0.002685546875,0.002685546875,negative,positive,3.113954544067383,2.7924118041992188,0.32154273986816406,0.00537109375,positive,2.953183174133301,0.002685546875,positive,2.953183174133301,-0.014074325561523438,True,-1.0915497326335901,False
FD-3169-Q07,1,O,N1,ab_reverse/total_with_eos,-0.3074684143066406,0.3356170654296875,0.002685546875,0.002685546875,negative,positive,6.227909088134766,5.5848236083984375,0.6430854797363281,0.00537109375,positive,5.906366348266602,0.002685546875,positive,5.906366348266602,-0.028148651123046875,True,-1.0915497326335901,False
FD-3169-Q07,1,O,N1,ab_reverse/mean_with_eos,-0.10248947143554643,0.11187235514322857,0.002685546875,0.002685546875,negative,positive,2.0759696960449214,1.8616078694661464,0.214361826578775,0.00537109375,positive,1.968788782755534,0.002685546875,positive,1.968788782755534,-0.009382883707682144,True,-1.091549732633589,False
FD-3169-Q07,1,O,N1,background,-0.12040395021390715,-0.045545271310591495,0.002685546875,0.002685546875,negative,negative,0.13479972215867875,0.05994104325536309,0.07485867890331566,0.00537109375,positive,0.09737038270702092,0.002685546875,positive,null,0.07485867890331566,False,0.3782705735956064,False
FD-3169-Q07,1,O,N1,ncc,0.0014212536807041154,0.042884138498091584,0.00537109375,0.00537109375,unresolved,positive,1.9949002391857227,1.9534373543683352,0.04146288481738747,0.0107421875,positive,1.974168796777029,0.00537109375,positive,1.974168796777029,-0.04146288481738747,False,null,False
FD-3169-Q07,1,O,N1,single_probe/empty,0.026085662841796253,0.051191711425781605,0.00537109375,0.00537109375,positive,positive,1.9102689107259123,1.885162862141927,0.025106048583985352,0.0107421875,positive,1.8977158864339196,0.00537109375,positive,1.8977158864339196,-0.025106048583985352,False,1.9624462577871973,False
FD-3169-Q07,1,O,N1,single_probe/space,0.05403213500976545,0.05741271972656259,0.00537109375,0.00537109375,positive,positive,1.9064811706542972,1.9031005859375,0.0033805847167971415,0.0107421875,unresolved,1.9047908782958987,0.00537109375,positive,1.9047908782958987,-0.0033805847167971415,False,1.0625661879950914,False
FD-3169-Q07,1,O,N1,single_probe/na,-0.004321289062500178,0.0475664774576825,0.00537109375,0.00537109375,unresolved,positive,2.049579620361328,1.9976918538411457,0.05188776652018268,0.0107421875,positive,2.023635737101237,0.00537109375,positive,2.023635737101237,-0.04324518839518232,False,null,False
FD-3169-Q07,1,O,N1,single_probe/mask,-0.0023630777994791963,0.03242390950520857,0.00537109375,0.00537109375,unresolved,positive,1.9953435262044272,1.9605565388997395,0.034786987304687766,0.0107421875,positive,1.9779500325520833,0.00537109375,positive,1.9779500325520833,-0.030060831705729374,False,null,False
FD-3169-Q07,1,O,N1,single_probe/lorem,-0.10958836873372446,-0.0012598673502597357,0.00537109375,0.00537109375,negative,unresolved,1.8911865234375012,1.7828580220540364,0.10832850138346473,0.0107421875,positive,1.8370222727457688,0.00537109375,positive,1.8370222727457688,0.10832850138346473,False,0.011496360104793012,False
FD-3169-Q07,1,O,N1,leave_one_out/empty,-0.0012928659875510728,0.04208751366216923,0.00537109375,0.00537109375,unresolved,positive,2.004869054961706,1.9614886753119858,0.0433803796497203,0.0107421875,positive,1.9831788651368458,0.00537109375,positive,1.9831788651368458,-0.040794647674618156,False,null,False
FD-3169-Q07,1,O,N1,leave_one_out/space,-0.009989896734243109,0.039982976255906966,0.00537109375,0.00537109375,negative,positive,2.0137181341529424,1.9637452611627924,0.049972872990150075,0.0107421875,positive,1.9887316976578675,0.00537109375,positive,1.9887316976578675,-0.029993079521663857,True,-4.002341297368406,False
FD-3169-Q07,1,O,N1,leave_one_out/na,0.012462854242560883,0.04155205520161909,0.00537109375,0.00537109375,positive,positive,1.9418672503568106,1.9127780493977524,0.029089200959058203,0.0107421875,positive,1.9273226498772815,0.00537109375,positive,1.9273226498772815,-0.029089200959058203,False,3.334072146949936,False
FD-3169-Q07,1,O,N1,leave_one_out/mask,0.0023723576322014495,0.04552427524799629,0.00537109375,0.00537109375,unresolved,positive,1.9947890174792295,1.9516370998634347,0.043151917615794844,0.0107421875,positive,1.9732130586713321,0.00537109375,positive,1.9732130586713321,-0.043151917615794844,False,null,False
FD-3169-Q07,1,O,N1,leave_one_out/lorem,0.007824455913015838,0.045104131463476804,0.00537109375,0.00537109375,positive,positive,1.9977087720925542,1.9604290965420932,0.03727967555046097,0.0107421875,positive,1.9790689343173238,0.00537109375,positive,1.9790689343173238,-0.03727967555046097,False,5.764507074344546,False
FD-3169-Q07,1,O,N1,ab_symmetric_sum,-0.6979465484619141,0.1699352264404297,0.002685546875,0.002685546875,negative,positive,8.776363372802734,7.908481597900391,0.8678817749023438,0.00537109375,positive,8.342422485351562,0.002685546875,positive,8.342422485351562,0.5280113220214844,True,-0.24347885495661678,False
FD-3169-Q07,1,O,N1,ab_mapping_gap_sum,-0.7809562683105469,-0.3313636779785156,0.00537109375,0.00537109375,negative,negative,5.0969085693359375,4.647315979003906,0.44959259033203125,0.0107421875,positive,4.872112274169922,0.00537109375,positive,null,0.44959259033203125,False,0.42430503656159785,False
FD-3169-Q07,1,O,N2,original/answer_sum,-0.4024314880371094,0.02980804443359375,0.002685546875,0.002685546875,negative,positive,6.755443572998047,6.323204040527344,0.4322395324707031,0.00537109375,positive,6.539323806762695,0.002685546875,positive,6.539323806762695,0.3726234436035156,True,-0.07406986113085928,False
FD-3169-Q07,1,O,N2,original/answer_mean,-0.11898269653320315,0.010019938151041963,0.002685546875,0.002685546875,negative,positive,2.2179888407389328,2.0889862060546873,0.1290026346842451,0.00537109375,positive,2.15348752339681,0.002685546875,positive,2.15348752339681,0.10896275838216118,True,-0.08421340617579476,False
FD-3169-Q07,1,O,N2,original/total_with_eos,-0.4024314880371094,0.02980804443359375,0.002685546875,0.002685546875,negative,positive,6.755443572998047,6.323204040527344,0.4322395324707031,0.00537109375,positive,6.539323806762695,0.002685546875,positive,6.539323806762695,0.3726234436035156,True,-0.07406986113085928,False
FD-3169-Q07,1,O,N2,original/mean_with_eos,-0.09113216400146484,0.007504463195800781,0.002685546875,0.002685546875,negative,positive,1.667719841003418,1.5690832138061523,0.09863662719726562,0.00537109375,positive,1.6184015274047852,0.002685546875,positive,1.6184015274047852,0.08362770080566406,True,-0.08234703167676515,False
FD-3169-Q07,1,O,N2,ab_forward/answer_sum,-1.0884246826171875,0.08956527709960938,0.002685546875,0.002685546875,negative,positive,11.638519287109375,10.460529327392578,1.1779899597167969,0.00537109375,positive,11.049524307250977,0.002685546875,positive,11.049524307250977,0.9988594055175781,True,-0.08228890664647909,False
FD-3169-Q07,1,O,N2,ab_forward/answer_mean,-0.5442123413085938,0.04478263854980469,0.002685546875,0.002685546875,negative,positive,5.8192596435546875,5.230264663696289,0.5889949798583984,0.00537109375,positive,5.524762153625488,0.002685546875,positive,5.524762153625488,0.49942970275878906,True,-0.08228890664647909,False
FD-3169-Q07,1,O,N2,ab_forward/total_with_eos,-1.0884246826171875,0.08956527709960938,0.002685546875,0.002685546875,negative,positive,11.638519287109375,10.460529327392578,1.1779899597167969,0.00537109375,positive,11.049524307250977,0.002685546875,positive,11.049524307250977,0.9988594055175781,True,-0.08228890664647909,False
FD-3169-Q07,1,O,N2,ab_forward/mean_with_eos,-0.3628082275390626,0.029855092366536606,0.002685546875,0.002685546875,negative,positive,3.879506429036459,3.4868431091308594,0.3926633199055992,0.00537109375,positive,3.683174769083659,0.002685546875,positive,3.683174769083659,0.332953135172526,True,-0.08228890664647948,False
FD-3169-Q07,1,O,N2,ab_reverse/answer_sum,-0.3074684143066406,0.22713851928710938,0.002685546875,0.002685546875,negative,positive,6.727684020996094,6.193077087402344,0.53460693359375,0.00537109375,positive,6.460380554199219,0.002685546875,positive,6.460380554199219,0.08032989501953125,True,-0.7387377327824717,False
FD-3169-Q07,1,O,N2,ab_reverse/answer_mean,-0.1537342071533203,0.11356925964355469,0.002685546875,0.002685546875,negative,positive,3.363842010498047,3.096538543701172,0.267303466796875,0.00537109375,positive,3.2301902770996094,0.002685546875,positive,3.2301902770996094,0.040164947509765625,True,-0.7387377327824717,False
FD-3169-Q07,1,O,N2,ab_reverse/total_with_eos,-0.3074684143066406,0.22713851928710938,0.002685546875,0.002685546875,negative,positive,6.727684020996094,6.193077087402344,0.53460693359375,0.00537109375,positive,6.460380554199219,0.002685546875,positive,6.460380554199219,0.08032989501953125,True,-0.7387377327824717,False
FD-3169-Q07,1,O,N2,ab_reverse/mean_with_eos,-0.10248947143554643,0.0757128397623692,0.002685546875,0.002685546875,negative,positive,2.242561340332031,2.064359029134115,0.17820231119791563,0.00537109375,positive,2.153460184733073,0.002685546875,positive,2.153460184733073,0.02677663167317723,True,-0.7387377327824691,False
FD-3169-Q07,1,O,N2,background,-0.12040395021390715,-0.04592503846329343,0.002685546875,0.002685546875,negative,negative,0.08305540456806693,0.008576492817453207,0.07447891175061372,0.00537109375,positive,0.04581594869276007,0.002685546875,positive,null,0.07447891175061372,False,0.3814246823439261,False
FD-3169-Q07,1,O,N2,ncc,0.0014212536807041154,0.055944976614335395,0.00537109375,0.00537109375,unresolved,positive,2.134933436170866,2.0804097132372346,0.05452372293363128,0.0107421875,positive,2.1076715747040504,0.00537109375,positive,2.1076715747040504,-0.05452372293363128,False,null,False
FD-3169-Q07,1,O,N2,single_probe/empty,0.026085662841796253,0.05792821248372393,0.00537109375,0.00537109375,positive,positive,2.020261637369792,1.9884190877278645,0.031842549641927675,0.0107421875,positive,2.0043403625488283,0.00537109375,positive,2.0043403625488283,-0.031842549641927675,False,2.2206916050033176,False
FD-3169-Q07,1,O,N2,single_probe/space,0.05403213500976545,0.06281916300455759,0.00537109375,0.00537109375,positive,positive,2.011201477050782,2.0024144490559896,0.00878702799479214,0.0107421875,unresolved,2.0068079630533857,0.00537109375,positive,2.0068079630533857,-0.00878702799479214,False,1.16262596310888,False
FD-3169-Q07,1,O,N2,single_probe/na,-0.004321289062500178,0.06746775309244812,0.00537109375,0.00537109375,unresolved,positive,2.1971496582031254,2.125360616048177,0.0717890421549483,0.0107421875,positive,2.161255137125651,0.00537109375,positive,2.161255137125651,-0.06314646402994795,False,null,False
FD-3169-Q07,1,O,N2,single_probe/mask,-0.0023630777994791963,0.040259806315104285,0.00537109375,0.00537109375,unresolved,positive,2.1651067097981773,2.122483825683594,0.04262288411458348,0.0107421875,positive,2.1437952677408854,0.00537109375,positive,2.1437952677408854,-0.03789672851562509,False,null,False
FD-3169-Q07,1,O,N2,single_probe/lorem,-0.10958836873372446,0.017696380615235263,0.00537109375,0.00537109375,negative,positive,2.071093750000001,1.9438090006510413,0.12728474934895972,0.0107421875,positive,2.0074513753255214,0.00537109375,positive,2.0074513753255214,0.0918919881184892,True,-0.16148046384588094,False
FD-3169-Q07,1,O,N2,leave_one_out/empty,-0.0012928659875510728,0.05591650235371537,0.00537109375,0.00537109375,unresolved,positive,2.1486159269645304,2.091406558623264,0.05720936834126644,0.0107421875,positive,2.1200112427938973,0.00537109375,positive,2.1200112427938973,-0.054623636366164297,False,null,False
FD-3169-Q07,1,O,N2,leave_one_out/space,-0.009989896734243109,0.05463781230360798,0.00537109375,0.00537109375,negative,positive,2.1608182564570146,2.0961905474191633,0.06462770903785109,0.0107421875,positive,2.128504401938089,0.00537109375,positive,2.128504401938089,-0.04464791556936487,True,-5.469307016590262,False
FD-3169-Q07,1,O,N2,leave_one_out/na,0.012462854242560883,0.04885012514571141,0.00537109375,0.00537109375,positive,positive,2.078638198154735,2.0422509272515845,0.036387270903150526,0.0107421875,positive,2.06044456270316,0.00537109375,positive,2.06044456270316,-0.036387270903150526,False,3.919657904598395,False
FD-3169-Q07,1,O,N2,leave_one_out/mask,0.0023723576322014495,0.06004966281447244,0.00537109375,0.00537109375,unresolved,positive,2.1272386527692646,2.0695613475869936,0.05767730518227099,0.0107421875,positive,2.0984000001781293,0.00537109375,positive,2.0984000001781293,-0.05767730518227099,False,null,False
FD-3169-Q07,1,O,N2,leave_one_out/lorem,0.007824455913015838,0.05801821616293079,0.00537109375,0.00537109375,positive,positive,2.1367061742415014,2.0865124139915867,0.050193760249914954,0.0107421875,positive,2.111609294116544,0.00537109375,positive,2.111609294116544,-0.050193760249914954,False,7.414984097030768,False
FD-3169-Q07,1,O,N2,ab_symmetric_sum,-0.6979465484619141,0.15835189819335938,0.002685546875,0.002685546875,negative,positive,9.183101654052734,8.326803207397461,0.8562984466552734,0.00537109375,positive,8.754952430725098,0.002685546875,positive,8.754952430725098,0.5395946502685547,True,-0.22688255790120926,False
FD-3169-Q07,1,O,N2,ab_mapping_gap_sum,-0.7809562683105469,-0.1375732421875,0.00537109375,0.00537109375,negative,negative,4.910835266113281,4.267452239990234,0.6433830261230469,0.0107421875,positive,4.589143753051758,0.00537109375,positive,null,0.6433830261230469,False,0.17615998202449162,False
FD-3169-Q07,1,O,D,original/answer_sum,-0.4024314880371094,0.000858306884765625,0.002685546875,0.002685546875,negative,unresolved,5.940250396728516,5.536960601806641,0.403289794921875,0.00537109375,positive,5.738605499267578,0.002685546875,positive,5.738605499267578,0.40157318115234375,False,-0.00213280250248827,False
FD-3169-Q07,1,O,D,original/answer_mean,-0.11898269653320315,0.00045801798502553837,0.002685546875,0.002685546875,negative,unresolved,1.9465568542480467,1.827116139729818,0.11944071451822869,0.00537109375,positive,1.8868364969889322,0.002685546875,positive,1.8868364969889322,0.11852467854817761,False,-0.003849450368589726,False
FD-3169-Q07,1,O,D,original/total_with_eos,-0.4024314880371094,0.000858306884765625,0.002685546875,0.002685546875,negative,unresolved,5.940250396728516,5.536960601806641,0.403289794921875,0.00537109375,positive,5.738605499267578,0.002685546875,positive,5.738605499267578,0.40157318115234375,False,-0.00213280250248827,False
FD-3169-Q07,1,O,D,original/mean_with_eos,-0.09113216400146484,0.00032202402750658443,0.002685546875,0.002685546875,negative,unresolved,1.4641084671020508,1.3726542790730794,0.09145418802897143,0.00537109375,positive,1.418381373087565,0.002685546875,positive,1.418381373087565,0.09081013997395826,False,-0.0035335935565121474,False
FD-3169-Q07,1,O,D,ab_forward/answer_sum,-1.0884246826171875,-0.0652618408203125,0.002685546875,0.002685546875,negative,negative,6.285884857177734,5.262722015380859,1.023162841796875,0.00537109375,positive,5.774303436279297,0.002685546875,positive,5.774303436279297,1.023162841796875,False,0.059959905230544924,False
FD-3169-Q07,1,O,D,ab_forward/answer_mean,-0.5442123413085938,-0.03263092041015625,0.002685546875,0.002685546875,negative,negative,3.142942428588867,2.6313610076904297,0.5115814208984375,0.00537109375,positive,2.8871517181396484,0.002685546875,positive,2.8871517181396484,0.5115814208984375,False,0.059959905230544924,False
FD-3169-Q07,1,O,D,ab_forward/total_with_eos,-1.0884246826171875,-0.0652618408203125,0.002685546875,0.002685546875,negative,negative,6.285884857177734,5.262722015380859,1.023162841796875,0.00537109375,positive,5.774303436279297,0.002685546875,positive,5.774303436279297,1.023162841796875,False,0.059959905230544924,False
FD-3169-Q07,1,O,D,ab_forward/mean_with_eos,-0.3628082275390626,-0.02175394694010402,0.002685546875,0.002685546875,negative,negative,2.095294952392578,1.7542406717936196,0.3410542805989586,0.00537109375,positive,1.924767812093099,0.002685546875,positive,1.924767812093099,0.3410542805989586,False,0.0599599052305445,False
FD-3169-Q07,1,O,D,ab_reverse/answer_sum,-0.3074684143066406,0.5642547607421875,0.002685546875,0.002685546875,negative,positive,5.740337371826172,4.868614196777344,0.8717231750488281,0.00537109375,positive,5.304475784301758,0.002685546875,positive,5.304475784301758,-0.2567863464355469,True,-1.8351633354424883,False
FD-3169-Q07,1,O,D,ab_reverse/answer_mean,-0.1537342071533203,0.28212738037109375,0.002685546875,0.002685546875,negative,positive,2.870168685913086,2.434307098388672,0.43586158752441406,0.00537109375,positive,2.652237892150879,0.002685546875,positive,2.652237892150879,-0.12839317321777344,True,-1.8351633354424883,False
FD-3169-Q07,1,O,D,ab_reverse/total_with_eos,-0.3074684143066406,0.5642547607421875,0.002685546875,0.002685546875,negative,positive,5.740337371826172,4.868614196777344,0.8717231750488281,0.00537109375,positive,5.304475784301758,0.002685546875,positive,5.304475784301758,-0.2567863464355469,True,-1.8351633354424883,False
FD-3169-Q07,1,O,D,ab_reverse/mean_with_eos,-0.10248947143554643,0.18808492024739554,0.002685546875,0.002685546875,negative,positive,1.913445790608724,1.6228713989257821,0.29057439168294197,0.00537109375,positive,1.7681585947672531,0.002685546875,positive,1.7681585947672531,-0.0855954488118491,True,-1.8351633354424934,False
FD-3169-Q07,1,O,D,background,-0.12040395021390715,-0.03281451297063587,0.002685546875,0.002685546875,negative,negative,0.005675182501331477,-0.08191425474193981,0.08758943724327128,0.00537109375,positive,-0.038119536120304165,0.002685546875,negative,null,0.08758943724327128,False,0.2725368471079087,False
FD-3169-Q07,1,O,D,ncc,0.0014212536807041154,0.033272530955661406,0.00537109375,0.00537109375,unresolved,positive,1.9408816717467152,1.909030394471758,0.03185127727495729,0.0107421875,positive,1.9249560331092366,0.00537109375,positive,1.9249560331092366,-0.03185127727495729,False,null,False
FD-3169-Q07,1,O,D,single_probe/empty,0.026085662841796253,0.04411493937174438,0.00537109375,0.00537109375,positive,positive,2.0865997314453124,2.0685704549153643,0.018029276529948124,0.0107421875,positive,2.077585093180338,0.00537109375,positive,2.077585093180338,-0.018029276529948124,False,1.6911565421699912,False
FD-3169-Q07,1,O,D,single_probe/space,0.05403213500976545,0.0397783915201817,0.00537109375,0.00537109375,positive,positive,2.003279622395833,2.017533365885417,-0.014253743489583748,0.0107421875,negative,2.010406494140625,0.00537109375,positive,2.010406494140625,0.014253743489583748,False,0.7361987734334834,False
FD-3169-Q07,1,O,D,single_probe/na,-0.004321289062500178,0.033140309651692235,0.00537109375,0.00537109375,unresolved,positive,1.8618054707845049,1.8243438720703125,0.03746159871419241,0.0107421875,positive,1.8430746714274087,0.00537109375,positive,1.8430746714274087,-0.028819020589192057,False,null,False
FD-3169-Q07,1,O,D,single_probe/mask,-0.0023630777994791963,0.0333427429199209,0.00537109375,0.00537109375,unresolved,positive,1.8928456624348953,1.8571398417154952,0.035705820719400094,0.0107421875,positive,1.8749927520751952,0.00537109375,positive,1.8749927520751952,-0.0309796651204417,False,null,False
FD-3169-Q07,1,O,D,single_probe/lorem,-0.10958836873372446,0.0015846252441398256,0.00537109375,0.00537109375,negative,unresolved,2.2002634684244793,2.089090474446615,0.11117299397786429,0.0107421875,positive,2.144676971435547,0.00537109375,positive,2.144676971435547,0.10800374348958464,False,-0.014459794068019345,False
FD-3169-Q07,1,O,D,leave_one_out/empty,-0.0012928659875510728,0.03172382857862077,0.00537109375,0.00537109375,unresolved,positive,1.9203925470743446,1.8873758525081727,0.033016694566171845,0.0107421875,positive,1.9038841997912588,0.00537109375,positive,1.9038841997912588,-0.0304309625910697,False,null,False
FD-3169-Q07,1,O,D,leave_one_out/space,-0.009989896734243109,0.031720504767655644,0.00537109375,0.00537109375,negative,positive,1.926425868861397,1.8847154673594984,0.04171040150189875,0.0107421875,positive,1.9055706681104478,0.00537109375,positive,1.9055706681104478,-0.021730608033412535,True,-3.1752585248378917,False
FD-3169-Q07,1,O,D,leave_one_out/na,0.012462854242560883,0.03469492078729397,0.00537109375,0.00537109375,positive,positive,1.9989397257259256,1.9767076591811925,0.022232066544733087,0.0107421875,positive,1.987823692453559,0.00537109375,positive,1.987823692453559,-0.022232066544733087,False,2.783866368974304,False
FD-3169-Q07,1,O,D,leave_one_out/mask,0.0023723576322014495,0.03325698665464438,0.00537109375,0.00537109375,unresolved,positive,1.952618234644882,1.921733605622439,0.030884629022442933,0.0107421875,positive,1.9371759201336605,0.00537109375,positive,1.9371759201336605,-0.030884629022442933,False,null,False
FD-3169-Q07,1,O,D,leave_one_out/lorem,0.007824455913015838,0.035428399531926225,0.00537109375,0.00537109375,positive,positive,1.9277870657176583,1.900183122098748,0.027603943618910387,0.0107421875,positive,1.9139850939082033,0.00537109375,positive,1.9139850939082033,-0.027603943618910387,False,4.5279058283134725,False
FD-3169-Q07,1,O,D,ab_symmetric_sum,-0.6979465484619141,0.2494964599609375,0.002685546875,0.002685546875,negative,positive,6.013111114501953,5.065668106079102,0.9474430084228516,0.00537109375,positive,5.539389610290527,0.002685546875,positive,5.539389610290527,0.44845008850097656,True,-0.3574721595955455,False
FD-3169-Q07,1,O,D,ab_mapping_gap_sum,-0.7809562683105469,-0.6295166015625,0.00537109375,0.00537109375,negative,negative,0.5455474853515625,0.3941078186035156,0.15143966674804688,0.0107421875,positive,0.46982765197753906,0.00537109375,positive,null,0.15143966674804688,False,0.8060843188112718,False
FD-3169-Q07,2,O,N1,original/answer_sum,-0.2734794616699219,-0.018505096435546875,0.002685546875,0.002685546875,negative,negative,6.657440185546875,6.4024658203125,0.254974365234375,0.00537109375,positive,6.5299530029296875,0.002685546875,positive,6.5299530029296875,0.254974365234375,False,0.0676653973302088,False
FD-3169-Q07,2,O,N1,original/answer_mean,-0.0766751607259114,-0.006062571207682055,0.002685546875,0.002685546875,negative,negative,2.1815653483072914,2.1109527587890624,0.07061258951822935,0.00537109375,positive,2.146259053548177,0.002685546875,positive,2.146259053548177,0.07061258951822935,False,0.07906825561610183,False
FD-3169-Q07,2,O,N1,original/total_with_eos,-0.2734794616699219,-0.018505096435546875,0.002685546875,0.002685546875,negative,negative,6.657440185546875,6.4024658203125,0.254974365234375,0.00537109375,positive,6.5299530029296875,0.002685546875,positive,6.5299530029296875,0.254974365234375,False,0.0676653973302088,False
FD-3169-Q07,2,O,N1,original/mean_with_eos,-0.05931695302327472,-0.004560152689615737,0.002685546875,0.002685546875,negative,negative,1.6408716837565105,1.5861148834228516,0.054756800333658984,0.00537109375,positive,1.6134932835896811,0.002685546875,positive,1.6134932835896811,0.054756800333658984,False,0.076877729842705,False
FD-3169-Q07,2,O,N1,ab_forward/answer_sum,-0.6480178833007812,0.7777175903320312,0.002685546875,0.002685546875,negative,positive,12.265953063964844,10.840217590332031,1.4257354736328125,0.00537109375,positive,11.553085327148438,0.002685546875,positive,11.553085327148438,-0.12969970703125,True,-1.2001483452441222,False
FD-3169-Q07,2,O,N1,ab_forward/answer_mean,-0.3240089416503906,0.3888587951660156,0.002685546875,0.002685546875,negative,positive,6.132976531982422,5.420108795166016,0.7128677368164062,0.00537109375,positive,5.776542663574219,0.002685546875,positive,5.776542663574219,-0.064849853515625,True,-1.2001483452441222,False
FD-3169-Q07,2,O,N1,ab_forward/total_with_eos,-0.6480178833007812,0.7777175903320312,0.002685546875,0.002685546875,negative,positive,12.265953063964844,10.840217590332031,1.4257354736328125,0.00537109375,positive,11.553085327148438,0.002685546875,positive,11.553085327148438,-0.12969970703125,True,-1.2001483452441222,False
FD-3169-Q07,2,O,N1,ab_forward/mean_with_eos,-0.21600596110026038,0.2592391967773442,0.002685546875,0.002685546875,negative,positive,4.088651021321615,3.6134058634440103,0.4752451578776046,0.00537109375,positive,3.8510284423828125,0.002685546875,positive,3.8510284423828125,-0.043233235677083814,True,-1.2001483452441244,False
FD-3169-Q07,2,O,N1,ab_reverse/answer_sum,0.688079833984375,0.7138137817382812,0.002685546875,0.002685546875,positive,positive,4.897014617919922,4.871280670166016,0.02573394775390625,0.00537109375,positive,4.884147644042969,0.002685546875,positive,4.884147644042969,-0.02573394775390625,False,1.037399654055972,False
FD-3169-Q07,2,O,N1,ab_reverse/answer_mean,0.3440399169921875,0.3569068908691406,0.002685546875,0.002685546875,positive,positive,2.448507308959961,2.435640335083008,0.012866973876953125,0.00537109375,positive,2.4420738220214844,0.002685546875,positive,2.4420738220214844,-0.012866973876953125,False,1.037399654055972,False
FD-3169-Q07,2,O,N1,ab_reverse/total_with_eos,0.688079833984375,0.7138137817382812,0.002685546875,0.002685546875,positive,positive,4.897014617919922,4.871280670166016,0.02573394775390625,0.00537109375,positive,4.884147644042969,0.002685546875,positive,4.884147644042969,-0.02573394775390625,False,1.037399654055972,False
FD-3169-Q07,2,O,N1,ab_reverse/mean_with_eos,0.22935994466145804,0.23793792724609375,0.002685546875,0.002685546875,positive,positive,1.6323382059733076,1.6237602233886719,0.008577982584635713,0.00537109375,positive,1.6280492146809897,0.002685546875,positive,1.6280492146809897,-0.008577982584635713,False,1.0373996540559733,False
FD-3169-Q07,2,O,N1,background,-0.039489267253686844,-0.03482359467179341,0.002685546875,0.002685546875,negative,negative,0.04464364301746082,0.03997797043556739,0.004665672581893432,0.00537109375,unresolved,0.042310806726514105,0.002685546875,positive,null,0.004665672581893432,False,0.8818496035411285,False
FD-3169-Q07,2,O,N1,ncc,-0.037185893472224674,0.028761023464111357,0.00537109375,0.00537109375,negative,positive,2.136921705289831,2.070974788353495,0.06594691693633603,0.0107421875,positive,2.103948246821663,0.00537109375,positive,2.103948246821663,0.008424870008113317,True,-0.7734390861307092,False
FD-3169-Q07,2,O,N1,single_probe/empty,-0.07761993408203072,0.023029073079427587,0.00537109375,0.00537109375,negative,positive,2.132457987467448,2.0318089803059896,0.1006490071614583,0.0107421875,positive,2.082133483886719,0.00537109375,positive,2.082133483886719,0.05459086100260313,True,-0.2966901911445825,False
FD-3169-Q07,2,O,N1,single_probe/space,-0.034375762939453214,0.035746510823567945,0.00537109375,0.00537109375,negative,positive,2.109544626871745,2.0394223531087237,0.07012227376302116,0.0107421875,positive,2.074483489990234,0.00537109375,positive,2.074483489990234,-0.0013707478841147314,True,-1.0398754170643154,False
FD-3169-Q07,2,O,N1,single_probe/na,-0.029954528808593395,0.0320027669270837,0.00537109375,0.00537109375,negative,positive,2.1322380065917965,2.0702807108561196,0.0619572957356771,0.0107421875,positive,2.1012593587239583,0.00537109375,positive,2.1012593587239583,-0.0020482381184903087,True,-1.0683782452923347,False
FD-3169-Q07,2,O,N1,single_probe/mask,-0.007937622070312678,0.031237538655599195,0.00537109375,0.00537109375,negative,positive,2.190133921305339,2.150958760579427,0.03917516072591187,0.0107421875,positive,2.170546340942383,0.00537109375,positive,2.170546340942383,-0.023299916585286518,True,-3.9353774189413744,False
FD-3169-Q07,2,O,N1,single_probe/lorem,-0.10976333618164036,-0.0068433125813802675,0.00537109375,0.00537109375,negative,negative,2.02671152750651,1.92379150390625,0.10292002360026009,0.0107421875,positive,1.9752515157063801,0.00537109375,positive,1.9752515157063801,0.10292002360026009,False,0.06234606945670552,False
FD-3169-Q07,2,O,N1,leave_one_out/empty,-0.031804010647835224,0.02960645549151053,0.00537109375,0.00537109375,negative,positive,2.137326760230968,2.075916294091622,0.061410466139345754,0.0107421875,positive,2.1066215271612947,0.00537109375,positive,2.1066215271612947,0.002197555156324693,True,-0.930903206496245,False
FD-3169-Q07,2,O,N1,leave_one_out/space,-0.03780605946838511,0.027262285319203272,0.00537109375,0.00537109375,negative,positive,2.1429367684907965,2.077868423703208,0.06506834478758838,0.0107421875,positive,2.1104025960970025,0.00537109375,positive,2.1104025960970025,0.01054377414918184,True,-0.7211088831408375,False
FD-3169-Q07,2,O,N1,leave_one_out/na,-0.04091327174702508,0.02801345817290546,0.00537109375,0.00537109375,negative,positive,2.138205894121702,2.0692791642017716,0.06892672991993054,0.0107421875,positive,2.103742529161737,0.00537109375,positive,2.103742529161737,0.012899813574119623,True,-0.6847034465030872,False
FD-3169-Q07,2,O,N1,leave_one_out/mask,-0.0437551582438398,0.028162770126305414,0.00537109375,0.00537109375,negative,positive,2.1244034840407484,2.052485555670603,0.07191792837014521,0.0107421875,positive,2.088444519855676,0.00537109375,positive,2.088444519855676,0.015592388117534384,True,-0.6436445725863738,False
FD-3169-Q07,2,O,N1,leave_one_out/lorem,-0.03356401749890936,0.030503988342000632,0.00537109375,0.00537109375,negative,positive,2.140883446631107,2.076815440790197,0.06406800584090999,0.0107421875,positive,2.108849443710652,0.00537109375,positive,2.108849443710652,0.003060029156908728,True,-0.9088300690759632,False
FD-3169-Q07,2,O,N1,ab_symmetric_sum,0.020030975341796875,0.7457656860351562,0.002685546875,0.002685546875,positive,positive,8.581483840942383,7.855749130249023,0.7257347106933594,0.00537109375,positive,8.218616485595703,0.002685546875,positive,8.218616485595703,-0.7257347106933594,False,37.230622738525994,False
FD-3169-Q07,2,O,N1,ab_mapping_gap_sum,-1.3360977172851562,0.06390380859375,0.00537109375,0.00537109375,negative,positive,7.368938446044922,5.968936920166016,1.4000015258789062,0.0107421875,positive,6.668937683105469,0.00537109375,positive,null,1.2721939086914062,True,-0.047828693790149895,False
FD-3169-Q07,2,O,N2,original/answer_sum,-0.2734794616699219,0.06573867797851562,0.002685546875,0.002685546875,negative,positive,7.010097503662109,6.670879364013672,0.3392181396484375,0.00537109375,positive,6.840488433837891,0.002685546875,positive,6.840488433837891,0.20774078369140625,True,-0.2403788481120364,False
FD-3169-Q07,2,O,N2,original/answer_mean,-0.0766751607259114,0.022014617919921875,0.002685546875,0.002685546875,negative,positive,2.2991360982259117,2.2004463195800783,0.09868977864583328,0.00537109375,positive,2.249791208902995,0.002685546875,positive,2.249791208902995,0.05466054280598953,True,-0.2871153801505148,False
FD-3169-Q07,2,O,N2,original/total_with_eos,-0.2734794616699219,0.06573867797851562,0.002685546875,0.002685546875,negative,positive,7.010097503662109,6.670879364013672,0.3392181396484375,0.00537109375,positive,6.840488433837891,0.002685546875,positive,6.840488433837891,0.20774078369140625,True,-0.2403788481120364,False
FD-3169-Q07,2,O,N2,original/mean_with_eos,-0.05931695302327472,0.01649824778238962,0.002685546875,0.002685546875,negative,positive,1.729047457377116,1.6532322565714517,0.07581520080566434,0.00537109375,positive,1.691139856974284,0.002685546875,positive,1.691139856974284,0.0428187052408851,True,-0.27813714193842787,False
FD-3169-Q07,2,O,N2,ab_forward/answer_sum,-0.6480178833007812,0.6957893371582031,0.002685546875,0.002685546875,negative,positive,12.452583312988281,11.108776092529297,1.3438072204589844,0.00537109375,positive,11.780679702758789,0.002685546875,positive,11.780679702758789,-0.047771453857421875,True,-1.0737193449262394,False
FD-3169-Q07,2,O,N2,ab_forward/answer_mean,-0.3240089416503906,0.34789466857910156,0.002685546875,0.002685546875,negative,positive,6.226291656494141,5.554388046264648,0.6719036102294922,0.00537109375,positive,5.8903398513793945,0.002685546875,positive,5.8903398513793945,-0.023885726928710938,True,-1.0737193449262394,False
FD-3169-Q07,2,O,N2,ab_forward/total_with_eos,-0.6480178833007812,0.6957893371582031,0.002685546875,0.002685546875,negative,positive,12.452583312988281,11.108776092529297,1.3438072204589844,0.00537109375,positive,11.780679702758789,0.002685546875,positive,11.780679702758789,-0.047771453857421875,True,-1.0737193449262394,False
FD-3169-Q07,2,O,N2,ab_forward/mean_with_eos,-0.21600596110026038,0.23192977905273438,0.002685546875,0.002685546875,negative,positive,4.150861104329428,3.7029253641764326,0.44793574015299475,0.00537109375,positive,3.9268932342529297,0.002685546875,positive,3.9268932342529297,-0.015923817952473995,True,-1.0737193449262397,False
FD-3169-Q07,2,O,N2,ab_reverse/answer_sum,0.688079833984375,0.7017250061035156,0.002685546875,0.002685546875,positive,positive,5.4429168701171875,5.429271697998047,0.013645172119140625,0.00537109375,positive,5.436094284057617,0.002685546875,positive,5.436094284057617,-0.013645172119140625,False,1.0198307978888543,False
FD-3169-Q07,2,O,N2,ab_reverse/answer_mean,0.3440399169921875,0.3508625030517578,0.002685546875,0.002685546875,positive,positive,2.7214584350585938,2.7146358489990234,0.0068225860595703125,0.00537109375,positive,2.7180471420288086,0.002685546875,positive,2.7180471420288086,-0.0068225860595703125,False,1.0198307978888543,False
FD-3169-Q07,2,O,N2,ab_reverse/total_with_eos,0.688079833984375,0.7017250061035156,0.002685546875,0.002685546875,positive,positive,5.4429168701171875,5.429271697998047,0.013645172119140625,0.00537109375,positive,5.436094284057617,0.002685546875,positive,5.436094284057617,-0.013645172119140625,False,1.0198307978888543,False
FD-3169-Q07,2,O,N2,ab_reverse/mean_with_eos,0.22935994466145804,0.23390833536783795,0.002685546875,0.002685546875,positive,positive,1.8143056233723955,1.8097572326660156,0.004548390706379912,0.00537109375,unresolved,1.8120314280192056,0.002685546875,positive,1.8120314280192056,-0.004548390706379912,False,1.0198307978888532,False
FD-3169-Q07,2,O,N2,background,-0.039489267253686844,-0.04235130185731961,0.002685546875,0.002685546875,negative,negative,-0.004377580841139039,-0.0015155462375062712,-0.002862034603632768,0.00537109375,unresolved,-0.0029465635393226552,0.002685546875,negative,null,-0.002862034603632768,False,1.0724762651392463,False
FD-3169-Q07,2,O,N2,ncc,-0.037185893472224674,0.06436591977724149,0.00537109375,0.00537109375,negative,positive,2.3035136790670507,2.2019618658175846,0.10155181324946616,0.0107421875,positive,2.252737772442318,0.00537109375,positive,2.252737772442318,-0.027180026305016813,True,-1.7309230400855755,False
FD-3169-Q07,2,O,N2,single_probe/empty,-0.07761993408203072,0.07359085083007821,0.00537109375,0.00537109375,negative,positive,2.275738016764323,2.124527231852214,0.15121078491210893,0.0107421875,positive,2.200132624308268,0.00537109375,positive,2.200132624308268,0.004029083251952503,True,-0.9480921582889459,False
FD-3169-Q07,2,O,N2,single_probe/space,-0.034375762939453214,0.07459589640299491,0.00537109375,0.00537109375,negative,positive,2.2450040181477866,2.1360323588053385,0.10897165934244812,0.0107421875,positive,2.1905181884765623,0.00537109375,positive,2.1905181884765623,-0.040220133463541696,True,-2.170014278210561,False
FD-3169-Q07,2,O,N2,single_probe/na,-0.029954528808593395,0.06405817667643254,0.00537109375,0.00537109375,negative,positive,2.304321543375651,2.210308837890625,0.09401270548502594,0.0107421875,positive,2.257315190633138,0.00537109375,positive,2.257315190633138,-0.03410364786783915,True,-2.1385139150663406,False
FD-3169-Q07,2,O,N2,single_probe/mask,-0.007937622070312678,0.06602656046549527,0.00537109375,0.00537109375,negative,positive,2.386783345540365,2.312819163004557,0.07396418253580794,0.0107421875,positive,2.349801254272461,0.00537109375,positive,2.349801254272461,-0.05808893839518259,True,-8.318178905549022,False
FD-3169-Q07,2,O,N2,single_probe/lorem,-0.10976333618164036,0.027637481689453125,0.00537109375,0.00537109375,negative,positive,2.2327362060546876,2.095335388183594,0.13740081787109348,0.0107421875,positive,2.1640357971191406,0.00537109375,positive,2.1640357971191406,0.08212585449218723,True,-0.25179156037784434,False
FD-3169-Q07,2,O,N2,leave_one_out/empty,-0.031804010647835224,0.06339623831468222,0.00537109375,0.00537109375,negative,positive,2.3070125543183324,2.211812305355815,0.09520024896251744,0.0107421875,positive,2.2594124298370737,0.00537109375,positive,2.2594124298370737,-0.031592227666846995,True,-1.993340997670599,False
FD-3169-Q07,2,O,N2,leave_one_out/space,-0.03780605946838511,0.06225040849144747,0.00537109375,0.00537109375,negative,positive,2.3161803551222824,2.21612388716245,0.10005646795983258,0.0107421875,positive,2.2661521211423663,0.00537109375,positive,2.2661521211423663,-0.02444434902306236,True,-1.6465722523529243,False
FD-3169-Q07,2,O,N2,leave_one_out/na,-0.04091327174702508,0.06718767693845296,0.00537109375,0.00537109375,negative,positive,2.3031025741328297,2.1950016254473517,0.10810094868547804,0.0107421875,positive,2.2490520997900907,0.00537109375,positive,2.2490520997900907,-0.026274405191427874,True,-1.6421976065343236,False
FD-3169-Q07,2,O,N2,leave_one_out/mask,-0.0437551582438398,0.0639506324750112,0.00537109375,0.00537109375,negative,positive,2.283595630663355,2.175889839944504,0.107705790718851,0.0107421875,positive,2.2297427353039296,0.00537109375,positive,2.2297427353039296,-0.020195474231171406,True,-1.461556420813875,False
FD-3169-Q07,2,O,N2,leave_one_out/lorem,-0.03356401749890936,0.06631081789999627,0.00537109375,0.00537109375,negative,positive,2.30648016058349,2.2066053251845843,0.09987483539890563,0.0107421875,positive,2.256542742884037,0.00537109375,positive,2.256542742884037,-0.032746800401086906,True,-1.9756519880896555,False
FD-3169-Q07,2,O,N2,ab_symmetric_sum,0.020030975341796875,0.6987571716308594,0.002685546875,0.002685546875,positive,positive,8.947750091552734,8.269023895263672,0.6787261962890625,0.00537109375,positive,8.608386993408203,0.002685546875,positive,8.608386993408203,-0.6787261962890625,False,34.88383165111407,False
FD-3169-Q07,2,O,N2,ab_mapping_gap_sum,-1.3360977172851562,-0.0059356689453125,0.00537109375,0.00537109375,negative,negative,7.009666442871094,5.67950439453125,1.3301620483398438,0.0107421875,positive,6.344585418701172,0.00537109375,positive,null,1.3301620483398438,False,0.004442541042112776,False
FD-3169-Q07,2,O,D,original/answer_sum,-0.2734794616699219,0.024322509765625,0.002685546875,0.002685546875,negative,positive,6.07867431640625,5.780872344970703,0.2978019714355469,0.00537109375,positive,5.929773330688477,0.002685546875,positive,5.929773330688477,0.24915695190429688,True,-0.0889372445634738,False
FD-3169-Q07,2,O,D,original/answer_mean,-0.0766751607259114,0.008298746744791696,0.002685546875,0.002685546875,negative,positive,1.989025370279948,1.904051462809245,0.0849739074707031,0.00537109375,positive,1.9465384165445965,0.002685546875,positive,1.9465384165445965,0.06837641398111971,True,-0.10823253145118272,False
FD-3169-Q07,2,O,D,original/total_with_eos,-0.2734794616699219,0.024322509765625,0.002685546875,0.002685546875,negative,positive,6.07867431640625,5.780872344970703,0.2978019714355469,0.00537109375,positive,5.929773330688477,0.002685546875,positive,5.929773330688477,0.24915695190429688,True,-0.0889372445634738,False
FD-3169-Q07,2,O,D,original/mean_with_eos,-0.05931695302327472,0.006200154622395981,0.002685546875,0.002685546875,negative,positive,1.4964189529418945,1.4309018452962239,0.0655171076456707,0.00537109375,positive,1.4636603991190593,0.002685546875,positive,1.4636603991190593,0.05311679840087874,True,-0.10452584474396673,False
FD-3169-Q07,2,O,D,ab_forward/answer_sum,-0.6480178833007812,0.24540328979492188,0.002685546875,0.002685546875,negative,positive,7.204681396484375,6.311260223388672,0.8934211730957031,0.00537109375,positive,6.757970809936523,0.002685546875,positive,6.757970809936523,0.4026145935058594,True,-0.3786983293499888,False
FD-3169-Q07,2,O,D,ab_forward/answer_mean,-0.3240089416503906,0.12270164489746094,0.002685546875,0.002685546875,negative,positive,3.6023406982421875,3.155630111694336,0.44671058654785156,0.00537109375,positive,3.3789854049682617,0.002685546875,positive,3.3789854049682617,0.2013072967529297,True,-0.3786983293499888,False
FD-3169-Q07,2,O,D,ab_forward/total_with_eos,-0.6480178833007812,0.24540328979492188,0.002685546875,0.002685546875,negative,positive,7.204681396484375,6.311260223388672,0.8934211730957031,0.00537109375,positive,6.757970809936523,0.002685546875,positive,6.757970809936523,0.4026145935058594,True,-0.3786983293499888,False
FD-3169-Q07,2,O,D,ab_forward/mean_with_eos,-0.21600596110026038,0.08180109659830737,0.002685546875,0.002685546875,negative,positive,2.401560465494792,2.103753407796224,0.29780705769856775,0.00537109375,positive,2.252656936645508,0.002685546875,positive,2.252656936645508,0.13420486450195301,True,-0.3786983293499892,False
FD-3169-Q07,2,O,D,ab_reverse/answer_sum,0.688079833984375,0.3401145935058594,0.002685546875,0.002685546875,positive,positive,4.564907073974609,4.912872314453125,-0.3479652404785156,0.00537109375,negative,4.738889694213867,0.002685546875,positive,4.738889694213867,0.3479652404785156,False,0.4942952499223843,False
FD-3169-Q07,2,O,D,ab_reverse/answer_mean,0.3440399169921875,0.1700572967529297,0.002685546875,0.002685546875,positive,positive,2.2824535369873047,2.4564361572265625,-0.1739826202392578,0.00537109375,negative,2.3694448471069336,0.002685546875,positive,2.3694448471069336,0.1739826202392578,False,0.4942952499223843,False
FD-3169-Q07,2,O,D,ab_reverse/total_with_eos,0.688079833984375,0.3401145935058594,0.002685546875,0.002685546875,positive,positive,4.564907073974609,4.912872314453125,-0.3479652404785156,0.00537109375,negative,4.738889694213867,0.002685546875,positive,4.738889694213867,0.3479652404785156,False,0.4942952499223843,False
FD-3169-Q07,2,O,D,ab_reverse/mean_with_eos,0.22935994466145804,0.11337153116862009,0.002685546875,0.002685546875,positive,positive,1.52163569132487,1.637624104817708,-0.11598841349283795,0.00537109375,negative,1.579629898071289,0.002685546875,positive,1.579629898071289,0.11598841349283795,False,0.49429524992238627,False
FD-3169-Q07,2,O,D,background,-0.039489267253686844,-0.028040517173739232,0.002685546875,0.002685546875,negative,negative,-0.08762108518520018,-0.09906983526514779,0.011448750079947612,0.00537109375,positive,-0.09334546022517398,0.002685546875,negative,null,0.011448750079947612,False,0.7100794500338894,False
FD-3169-Q07,2,O,D,ncc,-0.037185893472224674,0.03633926391853093,0.00537109375,0.00537109375,negative,positive,2.0766464554651485,2.003121298074393,0.0735251573907556,0.0107421875,positive,2.0398838767697707,0.00537109375,positive,2.0398838767697707,0.0008466295536937452,True,-0.9772325074204249,False
FD-3169-Q07,2,O,D,single_probe/empty,-0.07761993408203072,0.051374053955078214,0.00537109375,0.00537109375,negative,positive,2.300800577799479,2.17180658976237,0.12899398803710893,0.0107421875,positive,2.2363035837809244,0.00537109375,positive,2.2363035837809244,0.026245880126952503,True,-0.6618667557844716,False
FD-3169-Q07,2,O,D,single_probe/space,-0.034375762939453214,0.054473876953125444,0.00537109375,0.00537109375,negative,positive,2.1869621276855473,2.0981124877929687,0.08884963989257866,0.0107421875,positive,2.142537307739258,0.00537109375,positive,2.142537307739258,-0.02009811401367223,True,-1.5846594313869187,False
FD-3169-Q07,2,O,D,single_probe/na,-0.029954528808593395,0.02881342569987,0.00537109375,0.00537109375,negative,positive,1.9176485697428387,1.8588806152343753,0.058767954508463394,0.0107421875,positive,1.888264592488607,0.00537109375,positive,1.888264592488607,0.0011411031087233958,True,-0.9619054896167809,False
FD-3169-Q07,2,O,D,single_probe/mask,-0.007937622070312678,0.03076858520507786,0.00537109375,0.00537109375,negative,positive,2.125822448730469,2.0871162414550786,0.038706207275390536,0.0107421875,positive,2.1064693450927736,0.00537109375,positive,2.1064693450927736,-0.02283096313476518,True,-3.876297577854551,False
FD-3169-Q07,2,O,D,single_probe/lorem,-0.10976333618164036,0.017849477132160896,0.00537109375,0.00537109375,negative,positive,2.297871653238932,2.170258839925131,0.12761281331380125,0.0107421875,positive,2.2340652465820314,0.00537109375,positive,2.2340652465820314,0.09191385904947946,True,-0.1626178444742508,False
FD-3169-Q07,2,O,D,leave_one_out/empty,-0.031804010647835224,0.03398731909828756,0.00537109375,0.00537109375,negative,positive,2.0446747746557374,1.9788834449096147,0.06579132974612278,0.0107421875,positive,2.011779109782676,0.00537109375,positive,2.011779109782676,-0.002183308450452337,True,-1.0686488403814236,False
FD-3169-Q07,2,O,D,leave_one_out/space,-0.03780605946838511,0.03181252097029441,0.00537109375,0.00537109375,negative,positive,2.0504523708694062,1.9808337904307267,0.06961858043867952,0.0107421875,positive,2.0156430806500665,0.00537109375,positive,2.0156430806500665,0.0059935384980907,True,-0.841466193981345,False
FD-3169-Q07,2,O,D,leave_one_out/na,-0.04091327174702508,0.04232838807079364,0.00537109375,0.00537109375,negative,positive,2.198970223096969,2.1157285632791503,0.08324165981781873,0.0107421875,positive,2.15734939318806,0.00537109375,positive,2.15734939318806,-0.0014151163237685616,True,-1.0345881975051643,False
FD-3169-Q07,2,O,D,leave_one_out/mask,-0.0437551582438398,0.03768732151792609,0.00537109375,0.00537109375,negative,positive,2.065105783052354,1.9836633032905882,0.08144247976176588,0.0107421875,positive,2.024384543171471,0.00537109375,positive,2.024384543171471,0.006067836725913711,True,-0.8613229395240962,False
FD-3169-Q07,2,O,D,leave_one_out/lorem,-0.03356401749890936,0.037635077313268095,0.00537109375,0.00537109375,negative,positive,2.0669345828670513,1.995735488054874,0.07119909481217745,0.0107421875,positive,2.031335035460963,0.00537109375,positive,2.031335035460963,-0.004071059814358735,True,-1.121292387435176,False
FD-3169-Q07,2,O,D,ab_symmetric_sum,0.020030975341796875,0.2927589416503906,0.002685546875,0.002685546875,positive,positive,5.884794235229492,5.612066268920898,0.27272796630859375,0.00537109375,positive,5.748430252075195,0.002685546875,positive,5.748430252075195,-0.27272796630859375,False,14.615311369262997,False
FD-3169-Q07,2,O,D,ab_mapping_gap_sum,-1.3360977172851562,-0.0947113037109375,0.00537109375,0.00537109375,negative,negative,2.6397743225097656,1.3983879089355469,1.2413864135742188,0.0107421875,positive,2.0190811157226562,0.00537109375,positive,null,1.2413864135742188,False,0.0708865096359743,False
FD-3169-Q08,1,O,N1,original/answer_sum,0.2216930389404297,-0.3577880859375,0.002685546875,0.002685546875,positive,negative,2.764921188354492,3.344402313232422,-0.5794811248779297,0.00537109375,negative,3.054661750793457,0.002685546875,positive,-3.054661750793457,-0.1360950469970703,True,-1.6138895819531796,False
FD-3169-Q08,1,O,N1,original/answer_mean,0.04551607767740884,-0.08489939371744792,0.002685546875,0.002685546875,positive,negative,0.5868556976318359,0.7172711690266926,-0.13041547139485676,0.00537109375,negative,0.6520634333292643,0.002685546875,positive,-0.6520634333292643,-0.039383316040039085,True,-1.8652616404947027,False
FD-3169-Q08,1,O,N1,original/total_with_eos,0.2216930389404297,-0.3577880859375,0.002685546875,0.002685546875,positive,negative,2.764921188354492,3.344402313232422,-0.5794811248779297,0.00537109375,negative,3.054661750793457,0.002685546875,positive,-3.054661750793457,-0.1360950469970703,True,-1.6138895819531796,False
FD-3169-Q08,1,O,N1,original/mean_with_eos,0.03768475850423181,-0.06796995798746744,0.002685546875,0.002685546875,positive,negative,0.48198986053466797,0.5876445770263672,-0.10565471649169925,0.00537109375,negative,0.5348172187805176,0.002685546875,positive,-0.5348172187805176,-0.03028519948323563,True,-1.8036458421203563,False
FD-3169-Q08,1,O,N1,ab_forward/answer_sum,-0.28774261474609375,-0.5777435302734375,0.002685546875,0.002685546875,negative,negative,12.904731750488281,13.194732666015625,-0.29000091552734375,0.00537109375,negative,13.049732208251953,0.002685546875,positive,-13.049732208251953,-0.29000091552734375,False,2.0078483362057535,False
FD-3169-Q08,1,O,N1,ab_forward/answer_mean,-0.14387130737304688,-0.28887176513671875,0.002685546875,0.002685546875,negative,negative,6.452365875244141,6.5973663330078125,-0.14500045776367188,0.00537109375,negative,6.524866104125977,0.002685546875,positive,-6.524866104125977,-0.14500045776367188,False,2.0078483362057535,False
FD-3169-Q08,1,O,N1,ab_forward/total_with_eos,-0.28774261474609375,-0.5777435302734375,0.002685546875,0.002685546875,negative,negative,12.904731750488281,13.194732666015625,-0.29000091552734375,0.00537109375,negative,13.049732208251953,0.002685546875,positive,-13.049732208251953,-0.29000091552734375,False,2.0078483362057535,False
FD-3169-Q08,1,O,N1,ab_forward/mean_with_eos,-0.09591420491536429,-0.1925811767578125,0.002685546875,0.002685546875,negative,negative,4.301577250162761,4.398244222005209,-0.09666697184244821,0.00537109375,negative,4.349910736083984,0.002685546875,positive,-4.349910736083984,-0.09666697184244821,False,2.0078483362057598,False
FD-3169-Q08,1,O,N1,ab_reverse/answer_sum,-0.6066970825195312,-0.052967071533203125,0.002685546875,0.002685546875,negative,negative,9.576473236083984,9.022743225097656,0.5537300109863281,0.00537109375,positive,9.29960823059082,0.002685546875,positive,-9.29960823059082,0.5537300109863281,False,0.0873039825957923,False
FD-3169-Q08,1,O,N1,ab_reverse/answer_mean,-0.3033485412597656,-0.026483535766601562,0.002685546875,0.002685546875,negative,negative,4.788236618041992,4.511371612548828,0.27686500549316406,0.00537109375,positive,4.64980411529541,0.002685546875,positive,-4.64980411529541,0.27686500549316406,False,0.0873039825957923,False
FD-3169-Q08,1,O,N1,ab_reverse/total_with_eos,-0.6066970825195312,-0.052967071533203125,0.002685546875,0.002685546875,negative,negative,9.576473236083984,9.022743225097656,0.5537300109863281,0.00537109375,positive,9.29960823059082,0.002685546875,positive,-9.29960823059082,0.5537300109863281,False,0.0873039825957923,False
FD-3169-Q08,1,O,N1,ab_reverse/mean_with_eos,-0.20223236083984375,-0.017655690511067856,0.002685546875,0.002685546875,negative,negative,3.192157745361328,3.0075810750325522,0.1845766703287759,0.00537109375,positive,3.0998694101969404,0.002685546875,positive,-3.0998694101969404,0.1845766703287759,False,0.08730398259579304,False
FD-3169-Q08,1,O,N1,background,-0.12040395021390715,-0.045545271310591495,0.002685546875,0.002685546875,negative,negative,0.13479972215867875,0.05994104325536309,0.07485867890331566,0.00537109375,positive,0.09737038270702092,0.002685546875,positive,null,0.07485867890331566,False,0.3782705735956064,False
FD-3169-Q08,1,O,N1,ncc,0.16592002789131577,-0.039354122406856096,0.00537109375,0.00537109375,positive,negative,0.45205597547315746,0.6573301257713293,-0.20527415029817186,0.0107421875,negative,0.5546930506222434,0.00537109375,positive,-0.5546930506222434,0.12656590548445967,True,-0.23718729382467688,False
FD-3169-Q08,1,O,N1,single_probe/empty,0.1905844370524088,-0.03104654947916652,0.00537109375,0.00537109375,positive,negative,0.3674246470133471,0.5890556335449224,-0.2216309865315753,0.0107421875,negative,0.47824014027913475,0.00537109375,positive,-0.47824014027913475,0.15953788757324228,True,-0.16290180855968334,False
FD-3169-Q08,1,O,N1,single_probe/space,0.21853090922037754,-0.02482554117838509,0.00537109375,0.00537109375,positive,negative,0.36363690694173156,0.6069933573404942,-0.24335645039876264,0.0107421875,negative,0.4853151321411129,0.00537109375,positive,-0.4853151321411129,0.19370536804199245,True,-0.11360196718602296,False
FD-3169-Q08,1,O,N1,single_probe/na,0.16017748514811192,-0.034671783447265625,0.00537109375,0.00537109375,positive,negative,0.5067353566487629,0.7015846252441404,-0.19484926859537754,0.0107421875,negative,0.6041599909464517,0.00537109375,positive,-0.6041599909464517,0.1255057017008463,True,-0.2164585329530273,False
FD-3169-Q08,1,O,N1,single_probe/mask,0.1621356964111329,-0.049814351399739554,0.00537109375,0.00537109375,positive,negative,0.452499262491862,0.6644493103027345,-0.21195004781087246,0.0107421875,negative,0.5584742863972982,0.00537109375,positive,-0.5584742863972982,0.11232134501139335,True,-0.3072386433239454,False
FD-3169-Q08,1,O,N1,single_probe/lorem,0.05491040547688719,-0.08349812825520786,0.00537109375,0.00537109375,positive,negative,0.3483422597249355,0.48675079345703054,-0.13840853373209505,0.0107421875,negative,0.417546526590983,0.00537109375,positive,-0.417546526590983,-0.028587722778320668,True,-1.5206248711886452,False
FD-3169-Q08,1,O,N1,leave_one_out/empty,0.1632059082230608,-0.040150747242778895,0.00537109375,0.00537109375,positive,negative,0.46202479124914086,0.6653814467149806,-0.2033566554658397,0.0107421875,negative,0.5637031189820607,0.00537109375,positive,-0.5637031189820607,0.12305516098028191,True,-0.24601282931438412,False
FD-3169-Q08,1,O,N1,leave_one_out/space,0.15450887747636877,-0.042255284649040714,0.00537109375,0.00537109375,positive,negative,0.4708738704403772,0.6676380325657867,-0.19676416212540948,0.0107421875,negative,0.569255951503082,0.00537109375,positive,-0.569255951503082,0.11225359282732805,True,-0.2734812739514169,False
FD-3169-Q08,1,O,N1,leave_one_out/na,0.17696162845317254,-0.04068620570332859,0.00537109375,0.00537109375,positive,negative,0.3990229866442454,0.6166708208007465,-0.21764783415650113,0.0107421875,negative,0.507846903722496,0.00537109375,positive,-0.507846903722496,0.13627542274984394,True,-0.2299154119396847,False
FD-3169-Q08,1,O,N1,leave_one_out/mask,0.16687113184281355,-0.03671398565695183,0.00537109375,0.00537109375,positive,negative,0.4519447537666639,0.6555298712664293,-0.20358511749976538,0.0107421875,negative,0.5537373125165466,0.00537109375,positive,-0.5537373125165466,0.13015714618586172,True,-0.2200140027307722,False
FD-3169-Q08,1,O,N1,leave_one_out/lorem,0.1723232301236277,-0.03713412944147132,0.00537109375,0.00537109375,positive,negative,0.45486450837998893,0.664321867945088,-0.20945735956509903,0.0107421875,negative,0.5595931881625384,0.00537109375,positive,-0.5595931881625384,0.1351891006821564,True,-0.21549114077556836,False
FD-3169-Q08,1,O,N1,ab_symmetric_sum,-0.4472198486328125,-0.3153553009033203,0.002685546875,0.002685546875,negative,negative,11.240602493286133,11.10873794555664,0.1318645477294922,0.00537109375,positive,11.174670219421387,0.002685546875,positive,-11.174670219421387,0.1318645477294922,False,0.7051460302296223,False
FD-3169-Q08,1,O,N1,ab_mapping_gap_sum,0.3189544677734375,-0.5247764587402344,0.00537109375,0.00537109375,positive,negative,3.328258514404297,4.171989440917969,-0.8437309265136719,0.0107421875,negative,3.750123977661133,0.00537109375,positive,null,-0.20582199096679688,True,-1.6453021097450127,False
FD-3169-Q08,1,O,N2,original/answer_sum,0.2216930389404297,-0.3637123107910156,0.002685546875,0.002685546875,positive,negative,3.2223644256591797,3.807769775390625,-0.5854053497314453,0.00537109375,negative,3.5150671005249023,0.002685546875,positive,-3.5150671005249023,-0.14201927185058594,True,-1.640612229095508,False
FD-3169-Q08,1,O,N2,original/answer_mean,0.04551607767740884,-0.09119949340820313,0.002685546875,0.002685546875,positive,negative,0.6960684458414713,0.8327840169270833,-0.13671557108561197,0.00537109375,negative,0.7644262313842772,0.002685546875,positive,-0.7644262313842772,-0.04568341573079429,True,-2.0036764603174166,False
FD-3169-Q08,1,O,N2,original/total_with_eos,0.2216930389404297,-0.3637123107910156,0.002685546875,0.002685546875,positive,negative,3.2223644256591797,3.807769775390625,-0.5854053497314453,0.00537109375,negative,3.5150671005249023,0.002685546875,positive,-3.5150671005249023,-0.14201927185058594,True,-1.640612229095508,False
FD-3169-Q08,1,O,N2,original/mean_with_eos,0.03768475850423181,-0.07215436299641928,0.002685546875,0.002685546875,positive,negative,0.5693079630533854,0.6791470845540365,-0.10983912150065109,0.00537109375,negative,0.6242275238037109,0.002685546875,positive,-0.6242275238037109,-0.03446960449218747,True,-1.9146829079007288,False
FD-3169-Q08,1,O,N2,ab_forward/answer_sum,-0.28774261474609375,-0.6312217712402344,0.002685546875,0.002685546875,negative,negative,12.859771728515625,13.203250885009766,-0.3434791564941406,0.00537109375,negative,13.031511306762695,0.002685546875,positive,-13.031511306762695,-0.3434791564941406,False,2.1937027707808565,False
FD-3169-Q08,1,O,N2,ab_forward/answer_mean,-0.14387130737304688,-0.3156108856201172,0.002685546875,0.002685546875,negative,negative,6.4298858642578125,6.601625442504883,-0.1717395782470703,0.00537109375,negative,6.515755653381348,0.002685546875,positive,-6.515755653381348,-0.1717395782470703,False,2.1937027707808565,False
FD-3169-Q08,1,O,N2,ab_forward/total_with_eos,-0.28774261474609375,-0.6312217712402344,0.002685546875,0.002685546875,negative,negative,12.859771728515625,13.203250885009766,-0.3434791564941406,0.00537109375,negative,13.031511306762695,0.002685546875,positive,-13.031511306762695,-0.3434791564941406,False,2.1937027707808565,False
FD-3169-Q08,1,O,N2,ab_forward/mean_with_eos,-0.09591420491536429,-0.21040725708007812,0.002685546875,0.002685546875,negative,negative,4.286590576171875,4.401083628336589,-0.11449305216471384,0.00537109375,negative,4.343837102254232,0.002685546875,positive,-4.343837102254232,-0.11449305216471384,False,2.193702770780863,False
FD-3169-Q08,1,O,N2,ab_reverse/answer_sum,-0.6066970825195312,-0.18910598754882812,0.002685546875,0.002685546875,negative,negative,9.937690734863281,9.520099639892578,0.4175910949707031,0.00537109375,positive,9.72889518737793,0.002685546875,positive,-9.72889518737793,0.4175910949707031,False,0.3116975390148514,False
FD-3169-Q08,1,O,N2,ab_reverse/answer_mean,-0.3033485412597656,-0.09455299377441406,0.002685546875,0.002685546875,negative,negative,4.968845367431641,4.760049819946289,0.20879554748535156,0.00537109375,positive,4.864447593688965,0.002685546875,positive,-4.864447593688965,0.20879554748535156,False,0.3116975390148514,False
FD-3169-Q08,1,O,N2,ab_reverse/total_with_eos,-0.6066970825195312,-0.18910598754882812,0.002685546875,0.002685546875,negative,negative,9.937690734863281,9.520099639892578,0.4175910949707031,0.00537109375,positive,9.72889518737793,0.002685546875,positive,-9.72889518737793,0.4175910949707031,False,0.3116975390148514,False
FD-3169-Q08,1,O,N2,ab_reverse/mean_with_eos,-0.20223236083984375,-0.06303532918294263,0.002685546875,0.002685546875,negative,negative,3.3125635782877607,3.1733665466308594,0.13919703165690112,0.00537109375,positive,3.24296506245931,0.002685546875,positive,-3.24296506245931,0.13919703165690112,False,0.31169753901485103,False
FD-3169-Q08,1,O,N2,background,-0.12040395021390715,-0.04592503846329343,0.002685546875,0.002685546875,negative,negative,0.08305540456806693,0.008576492817453207,0.07447891175061372,0.00537109375,positive,0.04581594869276007,0.002685546875,positive,null,0.07447891175061372,False,0.3814246823439261,False
FD-3169-Q08,1,O,N2,ncc,0.16592002789131577,-0.04527445494490934,0.00537109375,0.00537109375,positive,negative,0.6130130412734047,0.8242075241096298,-0.2111944828362251,0.0107421875,negative,0.7186102826915173,0.00537109375,positive,-0.7186102826915173,0.12064557294640643,True,-0.27286913774246657,False
FD-3169-Q08,1,O,N2,single_probe/empty,0.1905844370524088,-0.04329121907552125,0.00537109375,0.00537109375,positive,negative,0.498341242472331,0.7322168986002611,-0.23387565612793004,0.0107421875,negative,0.615279070536296,0.00537109375,positive,-0.615279070536296,0.14729321797688755,True,-0.22714981215185268,False
FD-3169-Q08,1,O,N2,single_probe/space,0.21853090922037754,-0.03840026855468759,0.00537109375,0.00537109375,positive,negative,0.4892810821533202,0.7462122599283854,-0.25693117777506513,0.0107421875,negative,0.6177466710408528,0.00537109375,positive,-0.6177466710408528,0.18013064066568996,True,-0.17572007864554678,False
FD-3169-Q08,1,O,N2,single_probe/na,0.16017748514811192,-0.03375167846679705,0.00537109375,0.00537109375,positive,negative,0.675229263305664,0.869158426920573,-0.19392916361490897,0.0107421875,negative,0.7721938451131185,0.00537109375,positive,-0.7721938451131185,0.12642580668131487,True,-0.21071424885705853,False
FD-3169-Q08,1,O,N2,single_probe/mask,0.1621356964111329,-0.06095962524414045,0.00537109375,0.00537109375,positive,negative,0.6431863149007162,0.8662816365559896,-0.22309532165527335,0.0107421875,negative,0.7547339757283529,0.00537109375,positive,-0.7547339757283529,0.10117607116699245,True,-0.3759790508412354,False
FD-3169-Q08,1,O,N2,single_probe/lorem,0.05491040547688719,-0.08352305094400947,0.00537109375,0.00537109375,positive,negative,0.54917335510254,0.6876068115234366,-0.13843345642089666,0.0107421875,negative,0.6183900833129883,0.00537109375,positive,-0.6183900833129883,-0.028612645467122277,True,-1.5210787503502567,False
FD-3169-Q08,1,O,N2,leave_one_out/empty,0.1632059082230608,-0.04530292920552981,0.00537109375,0.00537109375,positive,negative,0.6266955320670693,0.8352043694956599,-0.2085088374285906,0.0107421875,negative,0.7309499507813646,0.00537109375,positive,-0.7309499507813646,0.117902979017531,True,-0.27758142887579945,False
FD-3169-Q08,1,O,N2,leave_one_out/space,0.15450887747636877,-0.04658161925563675,0.00537109375,0.00537109375,positive,negative,0.6388978615595535,0.839988358291559,-0.20109049673200552,0.0107421875,negative,0.7394431099255563,0.00537109375,positive,-0.7394431099255563,0.10792725822073201,True,-0.30148183079487545,False
FD-3169-Q08,1,O,N2,leave_one_out/na,0.17696162845317254,-0.05236930641353332,0.00537109375,0.00537109375,positive,negative,0.5567178032572739,0.7860487381239798,-0.22933093486670586,0.0107421875,negative,0.6713832706906269,0.00537109375,positive,-0.6713832706906269,0.12459232203963921,True,-0.29593594312673976,False
FD-3169-Q08,1,O,N2,leave_one_out/mask,0.16687113184281355,-0.041169768744772295,0.00537109375,0.00537109375,positive,negative,0.605318257871803,0.8133591584593889,-0.20804090058758584,0.0107421875,negative,0.709338708165596,0.00537109375,positive,-0.709338708165596,0.12570136309804125,True,-0.24671594355548987,False
FD-3169-Q08,1,O,N2,leave_one_out/lorem,0.1723232301236277,-0.04320121539631394,0.00537109375,0.00537109375,positive,negative,0.6147857793440403,0.830310224863982,-0.21552444551994165,0.0107421875,negative,0.7225480021040112,0.00537109375,positive,-0.7225480021040112,0.12912201472731377,True,-0.2506987326393582,False
FD-3169-Q08,1,O,N2,ab_symmetric_sum,-0.4472198486328125,-0.41016387939453125,0.002685546875,0.002685546875,negative,negative,11.398731231689453,11.361675262451172,0.03705596923828125,0.00537109375,positive,11.380203247070312,0.002685546875,positive,-11.380203247070312,0.03705596923828125,False,0.917141492374356,False
FD-3169-Q08,1,O,N2,ab_mapping_gap_sum,0.3189544677734375,-0.44211578369140625,0.00537109375,0.00537109375,positive,negative,2.9220809936523438,3.6831512451171875,-0.7610702514648438,0.0107421875,negative,3.3026161193847656,0.00537109375,positive,null,-0.12316131591796875,True,-1.3861407453475578,False
FD-3169-Q08,1,O,D,original/answer_sum,0.2216930389404297,-0.4547119140625,0.002685546875,0.002685546875,positive,negative,0.9543285369873047,1.6307334899902344,-0.6764049530029297,0.00537109375,negative,1.2925310134887695,0.002685546875,positive,-1.2925310134887695,-0.2330188751220703,True,-2.0510879197460232,False
FD-3169-Q08,1,O,D,original/answer_mean,0.04551607767740884,-0.09475046793619796,0.002685546875,0.002685546875,positive,negative,0.19415651957194002,0.3344230651855468,-0.1402665456136068,0.00537109375,negative,0.2642897923787434,0.002685546875,positive,-0.2642897923787434,-0.04923439025878912,True,-2.081692289211155,False
FD-3169-Q08,1,O,D,original/total_with_eos,0.2216930389404297,-0.4547119140625,0.002685546875,0.002685546875,positive,negative,0.9543285369873047,1.6307334899902344,-0.6764049530029297,0.00537109375,negative,1.2925310134887695,0.002685546875,positive,-1.2925310134887695,-0.2330188751220703,True,-2.0510879197460232,False
FD-3169-Q08,1,O,D,original/mean_with_eos,0.03768475850423181,-0.07816537221272785,0.002685546875,0.002685546875,positive,negative,0.16111151377360022,0.2769616444905599,-0.11585013071695965,0.00537109375,negative,0.21903657913208005,0.002685546875,positive,-0.21903657913208005,-0.04048061370849604,True,-2.0741906095524074,False
FD-3169-Q08,1,O,D,ab_forward/answer_sum,-0.28774261474609375,-0.7159614562988281,0.002685546875,0.002685546875,negative,negative,8.919792175292969,9.348011016845703,-0.4282188415527344,0.00537109375,negative,9.133901596069336,0.002685546875,positive,-9.133901596069336,-0.4282188415527344,False,2.488200981042026,False
FD-3169-Q08,1,O,D,ab_forward/answer_mean,-0.14387130737304688,-0.35798072814941406,0.002685546875,0.002685546875,negative,negative,4.459896087646484,4.674005508422852,-0.2141094207763672,0.00537109375,negative,4.566950798034668,0.002685546875,positive,-4.566950798034668,-0.2141094207763672,False,2.488200981042026,False
FD-3169-Q08,1,O,D,ab_forward/total_with_eos,-0.28774261474609375,-0.7159614562988281,0.002685546875,0.002685546875,negative,negative,8.919792175292969,9.348011016845703,-0.4282188415527344,0.00537109375,negative,9.133901596069336,0.002685546875,positive,-9.133901596069336,-0.4282188415527344,False,2.488200981042026,False
FD-3169-Q08,1,O,D,ab_forward/mean_with_eos,-0.09591420491536429,-0.2386538187662759,0.002685546875,0.002685546875,negative,negative,2.9732640584309897,3.1160036722819013,-0.1427396138509116,0.00537109375,negative,3.0446338653564453,0.002685546875,positive,-3.0446338653564453,-0.1427396138509116,False,2.488200981042032,False
FD-3169-Q08,1,O,D,ab_reverse/answer_sum,-0.6066970825195312,-0.3903465270996094,0.002685546875,0.002685546875,negative,negative,9.5347900390625,9.318439483642578,0.21635055541992188,0.00537109375,positive,9.426614761352539,0.002685546875,positive,-9.426614761352539,0.21635055541992188,False,0.643396084053269,False
FD-3169-Q08,1,O,D,ab_reverse/answer_mean,-0.3033485412597656,-0.1951732635498047,0.002685546875,0.002685546875,negative,negative,4.76739501953125,4.659219741821289,0.10817527770996094,0.00537109375,positive,4.7133073806762695,0.002685546875,positive,-4.7133073806762695,0.10817527770996094,False,0.643396084053269,False
FD-3169-Q08,1,O,D,ab_reverse/total_with_eos,-0.6066970825195312,-0.3903465270996094,0.002685546875,0.002685546875,negative,negative,9.5347900390625,9.318439483642578,0.21635055541992188,0.00537109375,positive,9.426614761352539,0.002685546875,positive,-9.426614761352539,0.21635055541992188,False,0.643396084053269,False
FD-3169-Q08,1,O,D,ab_reverse/mean_with_eos,-0.20223236083984375,-0.13011550903320312,0.002685546875,0.002685546875,negative,negative,3.178263346354167,3.1061464945475263,0.07211685180664062,0.00537109375,positive,3.1422049204508467,0.002685546875,positive,-3.1422049204508467,0.07211685180664062,False,0.643396084053269,False
FD-3169-Q08,1,O,D,background,-0.12040395021390715,-0.03281451297063587,0.002685546875,0.002685546875,negative,negative,0.005675182501331477,-0.08191425474193981,0.08758943724327128,0.00537109375,positive,-0.038119536120304165,0.002685546875,negative,null,0.08758943724327128,False,0.2725368471079087,False
FD-3169-Q08,1,O,D,ncc,0.16592002789131577,-0.06193595496556226,0.00537109375,0.00537109375,positive,negative,0.18848133707060866,0.4163373199274867,-0.22785598285687803,0.0107421875,negative,0.30240932849904767,0.00537109375,positive,-0.30240932849904767,0.10398407292575351,True,-0.37328799755345254,False
FD-3169-Q08,1,O,D,single_probe/empty,0.1905844370524088,-0.051093546549479285,0.00537109375,0.00537109375,positive,negative,0.33419939676920585,0.5758773803710939,-0.24167798360188808,0.0107421875,negative,0.4550383885701499,0.00537109375,positive,-0.4550383885701499,0.1394908905029295,True,-0.2680887660067914,False
FD-3169-Q08,1,O,D,single_probe/space,0.21853090922037754,-0.05543009440104196,0.00537109375,0.00537109375,positive,negative,0.2508792877197261,0.5248402913411456,-0.2739610036214195,0.0107421875,negative,0.3878597895304359,0.00537109375,positive,-0.3878597895304359,0.16310081481933558,True,-0.253648761169723,False
FD-3169-Q08,1,O,D,single_probe/na,0.16017748514811192,-0.062068176269530984,0.00537109375,0.00537109375,positive,negative,0.10940513610839853,0.33165079752604143,-0.2222456614176429,0.0107421875,negative,0.22052796681721998,0.00537109375,positive,-0.22052796681721998,0.09810930887858094,True,-0.38749625899131934,False
FD-3169-Q08,1,O,D,single_probe/mask,0.1621356964111329,-0.061865743001302764,0.00537109375,0.00537109375,positive,negative,0.1404453277587887,0.3644467671712244,-0.22400143941243567,0.0107421875,negative,0.25244604746500654,0.00537109375,positive,-0.25244604746500654,0.10026995340983014,True,-0.3815676891067081,False
FD-3169-Q08,1,O,D,single_probe/lorem,0.05491040547688719,-0.09362386067708339,0.00537109375,0.00537109375,positive,negative,0.44786313374837317,0.5963973999023438,-0.14853426615397058,0.0107421875,negative,0.5221302668253585,0.00537109375,positive,-0.5221302668253585,-0.0387134552001962,True,-1.705029490566982,False
FD-3169-Q08,1,O,D,leave_one_out/empty,0.1632059082230608,-0.06348465734260289,0.00537109375,0.00537109375,positive,negative,0.16799221239823803,0.3946827779639017,-0.2266905655656637,0.0107421875,negative,0.2813374951810699,0.00537109375,positive,-0.2813374951810699,0.09972125088045791,True,-0.38898504370218984,False
FD-3169-Q08,1,O,D,leave_one_out/space,0.15450887747636877,-0.06348798115356802,0.00537109375,0.00537109375,positive,negative,0.17402553418529054,0.3920223928152273,-0.21799685862993678,0.0107421875,negative,0.28302396350025893,0.00537109375,positive,-0.28302396350025893,0.09102089632280075,True,-0.41090183418928883,False
FD-3169-Q08,1,O,D,leave_one_out/na,0.17696162845317254,-0.06051356513392969,0.00537109375,0.00537109375,positive,negative,0.24653939104981903,0.48401458463692126,-0.23747519358710223,0.0107421875,negative,0.36527698784337015,0.00537109375,positive,-0.36527698784337015,0.11644806331924284,True,-0.3419586814547355,False
FD-3169-Q08,1,O,D,leave_one_out/mask,0.16687113184281355,-0.06195149926657928,0.00537109375,0.00537109375,positive,negative,0.20021789996877493,0.42904053107816775,-0.22882263110939283,0.0107421875,negative,0.31462921552347134,0.00537109375,positive,-0.31462921552347134,0.10491963257623427,True,-0.37125354507054764,False
FD-3169-Q08,1,O,D,leave_one_out/lorem,0.1723232301236277,-0.05978008638929744,0.00537109375,0.00537109375,positive,negative,0.17538673104155178,0.40749004755447693,-0.23210331651292515,0.0107421875,negative,0.29143838929801436,0.00537109375,positive,-0.29143838929801436,0.11254314373433028,True,-0.346906719113901,False
FD-3169-Q08,1,O,D,ab_symmetric_sum,-0.4472198486328125,-0.5531539916992188,0.002685546875,0.002685546875,negative,negative,9.227291107177734,9.33322525024414,-0.10593414306640625,0.00537109375,negative,9.280258178710938,0.002685546875,positive,-9.280258178710938,-0.10593414306640625,False,1.236872632979631,False
FD-3169-Q08,1,O,D,ab_mapping_gap_sum,0.3189544677734375,-0.32561492919921875,0.00537109375,0.00537109375,positive,negative,-0.6149978637695312,0.029571533203125,-0.6445693969726562,0.0107421875,negative,-0.2927131652832031,0.00537109375,negative,null,-0.00666046142578125,True,-1.0208821700234416,False
FD-3169-Q08,2,O,N1,original/answer_sum,0.4163055419921875,-0.0203857421875,0.002685546875,0.002685546875,positive,negative,2.765289306640625,3.2019805908203125,-0.4366912841796875,0.00537109375,negative,2.9836349487304688,0.002685546875,positive,-2.9836349487304688,0.3959197998046875,True,-0.04896822196972474,False
FD-3169-Q08,2,O,N1,original/answer_mean,0.08487192789713538,-0.004725138346354185,0.002685546875,0.002685546875,positive,negative,0.5866963704427083,0.6762934366861979,-0.08959706624348956,0.00537109375,negative,0.631494903564453,0.002685546875,positive,-0.631494903564453,0.0801467895507812,True,-0.055673748239595124,False
FD-3169-Q08,2,O,N1,original/total_with_eos,0.4163055419921875,-0.0203857421875,0.002685546875,0.002685546875,positive,negative,2.765289306640625,3.2019805908203125,-0.4366912841796875,0.00537109375,negative,2.9836349487304688,0.002685546875,positive,-2.9836349487304688,0.3959197998046875,True,-0.04896822196972474,False
FD-3169-Q08,2,O,N1,original/mean_with_eos,0.07039101918538415,-0.00380261739095053,0.002685546875,0.002685546875,positive,negative,0.4819056193033854,0.5560992558797201,-0.07419363657633468,0.00537109375,negative,0.5190024375915527,0.002685546875,positive,-0.5190024375915527,0.06658840179443362,True,-0.05402134299172213,False
FD-3169-Q08,2,O,N1,ab_forward/answer_sum,0.06155204772949219,0.09346389770507812,0.002685546875,0.002685546875,positive,positive,13.276308059692383,13.244396209716797,0.03191184997558594,0.00537109375,positive,13.26035213470459,0.002685546875,positive,-13.26035213470459,-0.03191184997558594,False,1.518453100306777,False
FD-3169-Q08,2,O,N1,ab_forward/answer_mean,0.030776023864746094,0.04673194885253906,0.002685546875,0.002685546875,positive,positive,6.638154029846191,6.622198104858398,0.01595592498779297,0.00537109375,positive,6.630176067352295,0.002685546875,positive,-6.630176067352295,-0.01595592498779297,False,1.518453100306777,False
FD-3169-Q08,2,O,N1,ab_forward/total_with_eos,0.06155204772949219,0.09346389770507812,0.002685546875,0.002685546875,positive,positive,13.276308059692383,13.244396209716797,0.03191184997558594,0.00537109375,positive,13.26035213470459,0.002685546875,positive,-13.26035213470459,-0.03191184997558594,False,1.518453100306777,False
FD-3169-Q08,2,O,N1,ab_forward/mean_with_eos,0.020517349243164062,0.031154632568359375,0.002685546875,0.002685546875,positive,positive,4.425436019897461,4.414798736572266,0.010637283325195312,0.00537109375,positive,4.420117378234863,0.002685546875,positive,-4.420117378234863,-0.010637283325195312,False,1.518453100306777,False
FD-3169-Q08,2,O,N1,ab_reverse/answer_sum,-1.9913063049316406,-0.15084075927734375,0.002685546875,0.002685546875,negative,negative,12.807498931884766,10.967033386230469,1.8404655456542969,0.00537109375,positive,11.887266159057617,0.002685546875,positive,-11.887266159057617,1.8404655456542969,False,0.07574965182592637,False
FD-3169-Q08,2,O,N1,ab_reverse/answer_mean,-0.9956531524658203,-0.07542037963867188,0.002685546875,0.002685546875,negative,negative,6.403749465942383,5.483516693115234,0.9202327728271484,0.00537109375,positive,5.943633079528809,0.002685546875,positive,-5.943633079528809,0.9202327728271484,False,0.07574965182592637,False
FD-3169-Q08,2,O,N1,ab_reverse/total_with_eos,-1.9913063049316406,-0.15084075927734375,0.002685546875,0.002685546875,negative,negative,12.807498931884766,10.967033386230469,1.8404655456542969,0.00537109375,positive,11.887266159057617,0.002685546875,positive,-11.887266159057617,1.8404655456542969,False,0.07574965182592637,False
FD-3169-Q08,2,O,N1,ab_reverse/mean_with_eos,-0.6637687683105467,-0.05028025309244777,0.002685546875,0.002685546875,negative,negative,4.269166310628255,3.6556777954101562,0.6134885152180989,0.00537109375,positive,3.9624220530192056,0.002685546875,positive,-3.9624220530192056,0.6134885152180989,False,0.07574965182592618,False
FD-3169-Q08,2,O,N1,background,-0.039489267253686844,-0.03482359467179341,0.002685546875,0.002685546875,negative,negative,0.04464364301746082,0.03997797043556739,0.004665672581893432,0.00537109375,unresolved,0.042310806726514105,0.002685546875,positive,null,0.004665672581893432,False,0.8818496035411285,False
FD-3169-Q08,2,O,N1,ncc,0.12436119515082211,0.030098456325439393,0.00537109375,0.00537109375,positive,positive,0.5420527274252476,0.6363154662506303,-0.09426273882538272,0.0107421875,negative,0.5891840968379389,0.00537109375,positive,-0.5891840968379389,0.09426273882538272,False,0.24202450200753337,False
FD-3169-Q08,2,O,N1,single_probe/empty,0.08392715454101562,0.024366505940755623,0.00537109375,0.00537109375,positive,positive,0.5375890096028644,0.5971496582031244,-0.05956064860026,0.0107421875,negative,0.5673693339029944,0.00537109375,positive,-0.5673693339029944,0.05956064860026,False,0.29032922745936285,False
FD-3169-Q08,2,O,N1,single_probe/space,0.12717132568359357,0.03708394368489598,0.00537109375,0.00537109375,positive,positive,0.5146756490071613,0.6047630310058589,-0.09008738199869759,0.0107421875,negative,0.5597193400065101,0.00537109375,positive,-0.5597193400065101,0.09008738199869759,False,0.2916061736838542,False
FD-3169-Q08,2,O,N1,single_probe/na,0.1315925598144534,0.03334019978841196,0.00537109375,0.00537109375,positive,positive,0.5373690287272135,0.6356213887532549,-0.09825236002604143,0.0107421875,negative,0.5864952087402342,0.00537109375,positive,-0.5864952087402342,0.09825236002604143,False,0.25335930720872,False
FD-3169-Q08,2,O,N1,single_probe/mask,0.1536094665527341,0.03257497151692723,0.00537109375,0.00537109375,positive,positive,0.5952649434407555,0.7162994384765624,-0.12103449503580688,0.0107421875,negative,0.655782190958659,0.00537109375,positive,-0.655782190958659,0.12103449503580688,False,0.21206356774726673,False
FD-3169-Q08,2,O,N1,single_probe/lorem,0.05178375244140643,-0.0055058797200526755,0.00537109375,0.00537109375,positive,negative,0.43184254964192625,0.48913218180338536,-0.0572896321614591,0.0107421875,negative,0.4604873657226558,0.00537109375,positive,-0.4604873657226558,0.04627787272135375,True,-0.10632446395773666,False
FD-3169-Q08,2,O,N1,leave_one_out/empty,0.12974307797521112,0.030943888352838567,0.00537109375,0.00537109375,positive,positive,0.5424577823663848,0.6412569719887573,-0.09879918962237255,0.0107421875,negative,0.591857377177571,0.00537109375,positive,-0.591857377177571,0.09879918962237255,False,0.23850126600781543,False
FD-3169-Q08,2,O,N1,leave_one_out/space,0.12374102915466123,0.02859971818053131,0.00537109375,0.00537109375,positive,positive,0.5480677906262135,0.6432091016003434,-0.09514131097412992,0.0107421875,negative,0.5956384461132784,0.00537109375,positive,-0.5956384461132784,0.09514131097412992,False,0.23112558846415557,False
FD-3169-Q08,2,O,N1,leave_one_out/na,0.1206338168760217,0.029350891034233495,0.00537109375,0.00537109375,positive,positive,0.5433369162571187,0.6346198420989069,-0.09128292584178821,0.0107421875,negative,0.5889783791780128,0.00537109375,positive,-0.5889783791780128,0.09128292584178821,False,0.2433056649811397,False
FD-3169-Q08,2,O,N1,leave_one_out/mask,0.11779193037920654,0.02950020298763345,0.00537109375,0.00537109375,positive,positive,0.5295345061761654,0.6178262335677385,-0.0882917273915731,0.0107421875,negative,0.5736803698719519,0.00537109375,positive,-0.5736803698719519,0.0882917273915731,False,0.25044332742203734,False
FD-3169-Q08,2,O,N1,leave_one_out/lorem,0.1279830711241372,0.03184142120332867,0.00537109375,0.00537109375,positive,positive,0.5460144687665238,0.6421561186873324,-0.09614164992080854,0.0107421875,negative,0.5940852937269281,0.00537109375,positive,-0.5940852937269281,0.09614164992080854,False,0.24879400786096215,False
FD-3169-Q08,2,O,N1,ab_symmetric_sum,-0.9648771286010742,-0.028688430786132812,0.002685546875,0.002685546875,negative,negative,13.041903495788574,12.105714797973633,0.9361886978149414,0.00537109375,positive,12.573809146881104,0.002685546875,positive,-12.573809146881104,0.9361886978149414,False,0.02973272962509402,False
FD-3169-Q08,2,O,N1,ab_mapping_gap_sum,2.052858352661133,0.24430465698242188,0.00537109375,0.00537109375,positive,positive,0.4688091278076172,2.277362823486328,-1.808553695678711,0.0107421875,negative,1.3730859756469727,0.00537109375,positive,null,1.808553695678711,False,0.1190070696625163,False
FD-3169-Q08,2,O,N2,original/answer_sum,0.4163055419921875,0.007305145263671875,0.002685546875,0.002685546875,positive,positive,3.2541465759277344,3.66314697265625,-0.4090003967285156,0.00537109375,negative,3.458646774291992,0.002685546875,positive,-3.458646774291992,0.4090003967285156,False,0.017547557086830628,False
FD-3169-Q08,2,O,N2,original/answer_mean,0.08487192789713538,0.0018185933430989731,0.002685546875,0.002685546875,positive,unresolved,0.7035102844238281,0.7865636189778645,-0.0830533345540364,0.00537109375,negative,0.7450369517008463,0.002685546875,positive,-0.7450369517008463,0.0830533345540364,False,0.021427501273484736,False
FD-3169-Q08,2,O,N2,original/total_with_eos,0.4163055419921875,0.007305145263671875,0.002685546875,0.002685546875,positive,positive,3.2541465759277344,3.66314697265625,-0.4090003967285156,0.00537109375,negative,3.458646774291992,0.002685546875,positive,-3.458646774291992,0.4090003967285156,False,0.017547557086830628,False
FD-3169-Q08,2,O,N2,original/mean_with_eos,0.07039101918538415,0.0014410018920898438,0.002685546875,0.002685546875,positive,unresolved,0.5752833684285481,0.6442333857218424,-0.06895001729329431,0.00537109375,negative,0.6097583770751953,0.002685546875,positive,-0.6097583770751953,0.06895001729329431,False,0.020471388378321,False
FD-3169-Q08,2,O,N2,ab_forward/answer_sum,0.06155204772949219,0.14971923828125,0.002685546875,0.002685546875,positive,positive,13.025003433227539,12.936836242675781,0.08816719055175781,0.00537109375,positive,12.98091983795166,0.002685546875,positive,-12.98091983795166,-0.08816719055175781,False,2.43240060735645,False
FD-3169-Q08,2,O,N2,ab_forward/answer_mean,0.030776023864746094,0.074859619140625,0.002685546875,0.002685546875,positive,positive,6.5125017166137695,6.468418121337891,0.044083595275878906,0.00537109375,positive,6.49045991897583,0.002685546875,positive,-6.49045991897583,-0.044083595275878906,False,2.43240060735645,False
FD-3169-Q08,2,O,N2,ab_forward/total_with_eos,0.06155204772949219,0.14971923828125,0.002685546875,0.002685546875,positive,positive,13.025003433227539,12.936836242675781,0.08816719055175781,0.00537109375,positive,12.98091983795166,0.002685546875,positive,-12.98091983795166,-0.08816719055175781,False,2.43240060735645,False
FD-3169-Q08,2,O,N2,ab_forward/mean_with_eos,0.020517349243164062,0.04990641276041674,0.002685546875,0.002685546875,positive,positive,4.341667811075846,4.312278747558594,0.029389063517252678,0.00537109375,positive,4.32697327931722,0.002685546875,positive,-4.32697327931722,-0.029389063517252678,False,2.4324006073564535,False
FD-3169-Q08,2,O,N2,ab_reverse/answer_sum,-1.9913063049316406,-0.18836212158203125,0.002685546875,0.002685546875,negative,negative,13.133258819580078,11.330314636230469,1.8029441833496094,0.00537109375,positive,12.231786727905273,0.002685546875,positive,-12.231786727905273,1.8029441833496094,False,0.09459223883113127,False
FD-3169-Q08,2,O,N2,ab_reverse/answer_mean,-0.9956531524658203,-0.09418106079101562,0.002685546875,0.002685546875,negative,negative,6.566629409790039,5.665157318115234,0.9014720916748047,0.00537109375,positive,6.115893363952637,0.002685546875,positive,-6.115893363952637,0.9014720916748047,False,0.09459223883113127,False
FD-3169-Q08,2,O,N2,ab_reverse/total_with_eos,-1.9913063049316406,-0.18836212158203125,0.002685546875,0.002685546875,negative,negative,13.133258819580078,11.330314636230469,1.8029441833496094,0.00537109375,positive,12.231786727905273,0.002685546875,positive,-12.231786727905273,1.8029441833496094,False,0.09459223883113127,False
FD-3169-Q08,2,O,N2,ab_reverse/mean_with_eos,-0.6637687683105467,-0.06278737386067701,0.002685546875,0.002685546875,negative,negative,4.3777529398600254,3.7767715454101562,0.6009813944498696,0.00537109375,positive,4.077262242635091,0.002685546875,positive,-4.077262242635091,0.6009813944498696,False,0.09459223883113119,False
FD-3169-Q08,2,O,N2,background,-0.039489267253686844,-0.04235130185731961,0.002685546875,0.002685546875,negative,negative,-0.004377580841139039,-0.0015155462375062712,-0.002862034603632768,0.00537109375,unresolved,-0.0029465635393226552,0.002685546875,negative,null,-0.002862034603632768,False,1.0724762651392463,False
FD-3169-Q08,2,O,N2,ncc,0.12436119515082211,0.04416989520041836,0.00537109375,0.00537109375,positive,positive,0.7078878652649672,0.7880791652153709,-0.08019129995040375,0.0107421875,negative,0.747983515240169,0.00537109375,positive,-0.747983515240169,0.08019129995040375,False,0.35517425790939233,False
FD-3169-Q08,2,O,N2,single_probe/empty,0.08392715454101562,0.05339482625325509,0.00537109375,0.00537109375,positive,positive,0.6801122029622393,0.7106445312499998,-0.030532328287760535,0.0107421875,negative,0.6953783671061196,0.00537109375,positive,-0.6953783671061196,0.030532328287760535,False,0.6362044149508341,False
FD-3169-Q08,2,O,N2,single_probe/space,0.12717132568359357,0.054399871826171786,0.00537109375,0.00537109375,positive,positive,0.649378204345703,0.7221496582031248,-0.07277145385742179,0.0107421875,negative,0.6857639312744139,0.00537109375,positive,-0.6857639312744139,0.07277145385742179,False,0.4277683788680512,False
FD-3169-Q08,2,O,N2,single_probe/na,0.1315925598144534,0.04386215209960964,0.00537109375,0.00537109375,positive,positive,0.7086957295735674,0.7964261372884112,-0.08773040771484375,0.0107421875,negative,0.7525609334309893,0.00537109375,positive,-0.7525609334309893,0.08773040771484375,False,0.33331787269322555,False
FD-3169-Q08,2,O,N2,single_probe/mask,0.1536094665527341,0.04583053588867214,0.00537109375,0.00537109375,positive,positive,0.7911575317382815,0.8989364624023435,-0.10777893066406197,0.0107421875,negative,0.8450469970703125,0.00537109375,positive,-0.8450469970703125,0.10777893066406197,False,0.2983574965605295,False
FD-3169-Q08,2,O,N2,single_probe/lorem,0.05178375244140643,0.007441457112630445,0.00537109375,0.00537109375,positive,positive,0.6371103922526045,0.6814526875813804,-0.04434229532877598,0.0107421875,negative,0.6592815399169925,0.00537109375,positive,-0.6592815399169925,0.04434229532877598,False,0.14370254687607836,False
FD-3169-Q08,2,O,N2,leave_one_out/empty,0.12974307797521112,0.043200213737859094,0.00537109375,0.00537109375,positive,positive,0.7113867405162493,0.7979296047536013,-0.08654286423735202,0.0107421875,negative,0.7546581726349253,0.00537109375,positive,-0.7546581726349253,0.08654286423735202,False,0.33296738764061834,False
FD-3169-Q08,2,O,N2,leave_one_out/space,0.12374102915466123,0.04205438391462435,0.00537109375,0.00537109375,positive,positive,0.7205545413201992,0.8022411865602361,-0.08168664524003688,0.0107421875,negative,0.7613978639402177,0.00537109375,positive,-0.7613978639402177,0.08168664524003688,False,0.33985804225097793,False
FD-3169-Q08,2,O,N2,leave_one_out/na,0.1206338168760217,0.04699165236162983,0.00537109375,0.00537109375,positive,positive,0.7074767603307461,0.781118924845138,-0.07364216451439187,0.0107421875,negative,0.7442978425879421,0.00537109375,positive,-0.7442978425879421,0.07364216451439187,False,0.3895396297534405,False
FD-3169-Q08,2,O,N2,leave_one_out/mask,0.11779193037920654,0.04375460789818808,0.00537109375,0.00537109375,positive,positive,0.6879698168612718,0.7620071393422903,-0.07403732248101846,0.0107421875,negative,0.724988478101781,0.00537109375,positive,-0.724988478101781,0.07403732248101846,False,0.37145675223531227,False
FD-3169-Q08,2,O,N2,leave_one_out/lorem,0.1279830711241372,0.04611479332317314,0.00537109375,0.00537109375,positive,positive,0.7108543467814066,0.7927226245823706,-0.08186827780096406,0.0107421875,negative,0.7517884856818886,0.00537109375,positive,-0.7517884856818886,0.08186827780096406,False,0.3603194775537468,False
FD-3169-Q08,2,O,N2,ab_symmetric_sum,-0.9648771286010742,-0.019321441650390625,0.002685546875,0.002685546875,negative,negative,13.079131126403809,12.133575439453125,0.9455556869506836,0.00537109375,positive,12.606353282928467,0.002685546875,positive,-12.606353282928467,0.9455556869506836,False,0.02002476903810933,False
FD-3169-Q08,2,O,N2,ab_mapping_gap_sum,2.052858352661133,0.33808135986328125,0.00537109375,0.00537109375,positive,positive,-0.10825538635253906,1.6065216064453125,-1.7147769927978516,0.0107421875,negative,0.7491331100463867,0.00537109375,positive,null,1.7147769927978516,False,0.1646881088629541,False
FD-3169-Q08,2,O,D,original/answer_sum,0.4163055419921875,-0.1201934814453125,0.002685546875,0.002685546875,positive,negative,0.9183998107910156,1.4548988342285156,-0.5364990234375,0.00537109375,negative,1.1866493225097656,0.002685546875,positive,-1.1866493225097656,0.296112060546875,True,-0.2887145841732947,False
FD-3169-Q08,2,O,D,original/answer_mean,0.08487192789713538,-0.02485300699869797,0.002685546875,0.002685546875,positive,negative,0.186712900797526,0.29643783569335935,-0.10972493489583335,0.00537109375,negative,0.24157536824544268,0.002685546875,positive,-0.24157536824544268,0.06001892089843741,True,-0.29282953285590224,False
FD-3169-Q08,2,O,D,original/total_with_eos,0.4163055419921875,-0.1201934814453125,0.002685546875,0.002685546875,positive,negative,0.9183998107910156,1.4548988342285156,-0.5364990234375,0.00537109375,negative,1.1866493225097656,0.002685546875,positive,-1.1866493225097656,0.296112060546875,True,-0.2887145841732947,False
FD-3169-Q08,2,O,D,original/mean_with_eos,0.07039101918538415,-0.02054119110107422,0.002685546875,0.002685546875,positive,negative,0.15496222178141272,0.2458944320678711,-0.09093221028645837,0.00537109375,negative,0.2004283269246419,0.002685546875,positive,-0.2004283269246419,0.04984982808430993,True,-0.2918155091202224,False
FD-3169-Q08,2,O,D,ab_forward/answer_sum,0.06155204772949219,-0.4034996032714844,0.002685546875,0.002685546875,positive,negative,9.064783096313477,9.529834747314453,-0.46505165100097656,0.00537109375,negative,9.297308921813965,0.002685546875,positive,-9.297308921813965,-0.3419475555419922,True,-6.555421276068297,False
FD-3169-Q08,2,O,D,ab_forward/answer_mean,0.030776023864746094,-0.2017498016357422,0.002685546875,0.002685546875,positive,negative,4.532391548156738,4.764917373657227,-0.23252582550048828,0.00537109375,negative,4.648654460906982,0.002685546875,positive,-4.648654460906982,-0.1709737777709961,True,-6.555421276068297,False
FD-3169-Q08,2,O,D,ab_forward/total_with_eos,0.06155204772949219,-0.4034996032714844,0.002685546875,0.002685546875,positive,negative,9.064783096313477,9.529834747314453,-0.46505165100097656,0.00537109375,negative,9.297308921813965,0.002685546875,positive,-9.297308921813965,-0.3419475555419922,True,-6.555421276068297,False
FD-3169-Q08,2,O,D,ab_forward/mean_with_eos,0.020517349243164062,-0.1344998677571616,0.002685546875,0.002685546875,positive,negative,3.0215943654378252,3.176611582438151,-0.15501721700032567,0.00537109375,negative,3.0991029739379883,0.002685546875,positive,-3.0991029739379883,-0.11398251851399754,True,-6.555421276068304,False
FD-3169-Q08,2,O,D,ab_reverse/answer_sum,-1.9913063049316406,-1.0402984619140625,0.002685546875,0.002685546875,negative,negative,10.631515502929688,9.68050765991211,0.9510078430175781,0.00537109375,positive,10.156011581420898,0.002685546875,positive,-10.156011581420898,0.9510078430175781,False,0.5224201115306442,False
FD-3169-Q08,2,O,D,ab_reverse/answer_mean,-0.9956531524658203,-0.5201492309570312,0.002685546875,0.002685546875,negative,negative,5.315757751464844,4.840253829956055,0.47550392150878906,0.00537109375,positive,5.078005790710449,0.002685546875,positive,-5.078005790710449,0.47550392150878906,False,0.5224201115306442,False
FD-3169-Q08,2,O,D,ab_reverse/total_with_eos,-1.9913063049316406,-1.0402984619140625,0.002685546875,0.002685546875,negative,negative,10.631515502929688,9.68050765991211,0.9510078430175781,0.00537109375,positive,10.156011581420898,0.002685546875,positive,-10.156011581420898,0.9510078430175781,False,0.5224201115306442,False
FD-3169-Q08,2,O,D,ab_reverse/mean_with_eos,-0.6637687683105467,-0.34676615397135424,0.002685546875,0.002685546875,negative,negative,3.5438385009765625,3.22683588663737,0.3170026143391924,0.00537109375,positive,3.385337193806966,0.002685546875,positive,-3.385337193806966,0.3170026143391924,False,0.5224201115306444,False
FD-3169-Q08,2,O,D,background,-0.039489267253686844,-0.028040517173739232,0.002685546875,0.002685546875,negative,negative,-0.08762108518520018,-0.09906983526514779,0.011448750079947612,0.00537109375,positive,-0.09334546022517398,0.002685546875,negative,null,0.011448750079947612,False,0.7100794500338894,False
FD-3169-Q08,2,O,D,ncc,0.12436119515082211,0.0031875101750409307,0.00537109375,0.00537109375,positive,unresolved,0.27433398598272607,0.39550767095850725,-0.12117368497578118,0.0107421875,negative,0.33492082847061666,0.00537109375,positive,-0.33492082847061666,0.12117368497578118,False,0.025631067401492878,False
FD-3169-Q08,2,O,D,single_probe/empty,0.08392715454101562,0.018222300211588216,0.00537109375,0.00537109375,positive,positive,0.4984881083170567,0.5641929626464841,-0.06570485432942741,0.0107421875,negative,0.5313405354817704,0.00537109375,positive,-0.5313405354817704,0.06570485432942741,False,0.21712043391966643,False
FD-3169-Q08,2,O,D,single_probe/space,0.12717132568359357,0.02132212320963589,0.00537109375,0.00537109375,positive,positive,0.38464965820312536,0.49049886067708304,-0.10584920247395768,0.0107421875,negative,0.4375742594401042,0.00537109375,positive,-0.4375742594401042,0.10584920247395768,False,0.16766455091209814,False
FD-3169-Q08,2,O,D,single_probe/na,0.1315925598144534,-0.004338328043619555,0.00537109375,0.00537109375,positive,unresolved,0.11533610026041652,0.25126698811848946,-0.13593088785807295,0.0107421875,negative,0.183301544189453,0.00537109375,positive,-0.183301544189453,0.12725423177083384,False,-0.03296788245275138,False
FD-3169-Q08,2,O,D,single_probe/mask,0.1536094665527341,-0.0023831685384121393,0.00537109375,0.00537109375,positive,unresolved,0.3235099792480467,0.47950261433919295,-0.15599263509114625,0.0107421875,negative,0.4015062967936198,0.00537109375,positive,-0.4015062967936198,0.15122629801432197,False,-0.01551446399687872,False
FD-3169-Q08,2,O,D,single_probe/lorem,0.05178375244140643,-0.015302276611328658,0.00537109375,0.00537109375,positive,negative,0.49555918375650965,0.5626452128092447,-0.06708602905273509,0.0107421875,negative,0.5291021982828772,0.00537109375,positive,-0.5291021982828772,0.03648147583007777,True,-0.2955034328314322,False
FD-3169-Q08,2,O,D,leave_one_out/empty,0.12974307797521112,0.0008355653547975628,0.00537109375,0.00537109375,positive,unresolved,0.24236230517331547,0.37126981779372903,-0.12890751262041356,0.0107421875,negative,0.30681606148352225,0.00537109375,positive,-0.30681606148352225,0.12890751262041356,False,0.0064401536316042,False
FD-3169-Q08,2,O,D,leave_one_out/space,0.12374102915466123,-0.0013392327731955866,0.00537109375,0.00537109375,positive,unresolved,0.24813990138698427,0.3732201633148411,-0.12508026192785682,0.0107421875,negative,0.3106800323509127,0.00537109375,positive,-0.3106800323509127,0.12240179638146564,False,-0.010822867583570107,False
FD-3169-Q08,2,O,D,leave_one_out/na,0.1206338168760217,0.00917663432730409,0.00537109375,0.00537109375,positive,positive,0.396657753614547,0.5081149361632646,-0.11145718254871761,0.0107421875,negative,0.45238634488890583,0.00537109375,positive,-0.45238634488890583,0.11145718254871761,False,0.0760701647758948,False
FD-3169-Q08,2,O,D,leave_one_out/mask,0.11779193037920654,0.004535567774436533,0.00537109375,0.00537109375,positive,unresolved,0.2627933135699325,0.37604967617470253,-0.11325636260477001,0.0107421875,negative,0.3194214948723175,0.00537109375,positive,-0.3194214948723175,0.11325636260477001,False,0.03850491081889242,False
FD-3169-Q08,2,O,D,leave_one_out/lorem,0.1279830711241372,0.004483323569778097,0.00537109375,0.00537109375,positive,unresolved,0.2646221133846294,0.3881218609389885,-0.12349974755435911,0.0107421875,negative,0.32637198716180893,0.00537109375,positive,-0.32637198716180893,0.12349974755435911,False,0.03503059842523623,False
FD-3169-Q08,2,O,D,ab_symmetric_sum,-0.9648771286010742,-0.7218990325927734,0.002685546875,0.002685546875,negative,negative,9.848149299621582,9.605171203613281,0.24297809600830078,0.00537109375,positive,9.726660251617432,0.002685546875,positive,-9.726660251617432,0.24297809600830078,False,0.748177162867792,False
FD-3169-Q08,2,O,D,ab_mapping_gap_sum,2.052858352661133,0.6367988586425781,0.00537109375,0.00537109375,positive,positive,-1.566732406616211,-0.15067291259765625,-1.4160594940185547,0.0107421875,negative,-0.8587026596069336,0.00537109375,negative,null,1.4160594940185547,False,0.31020107053031293,False
