comparison_id	query_id	kind	priority	analysis_role	qwen3-8b_value	qwen3-8b_bound	qwen3-8b_resolution	qwen3-8b_reference_aligned_change	qwen3-8b_classification_transition	qwen3-14b_value	qwen3-14b_bound	qwen3-14b_resolution	qwen3-14b_reference_aligned_change	qwen3-14b_classification_transition	glm4-9b-chat_value	glm4-9b-chat_bound	glm4-9b-chat_resolution	glm4-9b-chat_reference_aligned_change	glm4-9b-chat_classification_transition	descriptive_direction_agreement
CMAD-HP-Q1-D-L0-D00	CMAD-HP-Q1	D-L0-D00	secondary	naturalistic_primary_development	-1.4166297912597656	0.0009002685546875	negative	-1.4166297912597656	stable_correct	0.9401283264160156	0.0005950927734375	positive	0.9401283264160156	stable_correct	1.913203239440918	0.00014495849609375	positive	1.913203239440918	stable_correct	resolved_direction_conflict
CMAD-HP-Q1-D-L0-D01	CMAD-HP-Q1	D-L0-D01	secondary	naturalistic_primary_development	-2.3722686767578125	0.0009002685546875	negative	-2.3722686767578125	stable_correct	0.24541282653808594	0.0005950927734375	positive	0.24541282653808594	stable_correct	1.864095687866211	0.00014495849609375	positive	1.864095687866211	stable_correct	resolved_direction_conflict
CMAD-HP-Q1-D-L0-D10	CMAD-HP-Q1	D-L0-D10	secondary	naturalistic_primary_development	-3.6875858306884766	0.0009002685546875	negative	-3.6875858306884766	stable_correct	-0.3810310363769531	0.0005950927734375	negative	-0.3810310363769531	stable_correct	0.9446125030517578	0.00014495849609375	positive	0.9446125030517578	stable_correct	resolved_direction_conflict
CMAD-HP-Q1-D-L0-D11	CMAD-HP-Q1	D-L0-D11	secondary	naturalistic_primary_development	-3.239561080932617	0.0009002685546875	negative	-3.239561080932617	stable_correct	1.1717243194580078	0.0005950927734375	positive	1.1717243194580078	stable_correct	1.0613889694213867	0.00014495849609375	positive	1.0613889694213867	stable_correct	resolved_direction_conflict
CMAD-HP-Q1-D-L1-D00	CMAD-HP-Q1	D-L1-D00	secondary	naturalistic_primary_development	-0.44368934631347656	0.0009002685546875	negative	-0.44368934631347656	stable_correct	-0.6469879150390625	0.0005950927734375	negative	-0.6469879150390625	stable_correct	1.2177486419677734	0.00014495849609375	positive	1.2177486419677734	stable_correct	resolved_direction_conflict
CMAD-HP-Q1-D-L1-D01	CMAD-HP-Q1	D-L1-D01	secondary	naturalistic_primary_development	0.24161911010742188	0.0009002685546875	positive	0.24161911010742188	stable_correct	0.11683273315429688	0.0005950927734375	positive	0.11683273315429688	stable_correct	1.1851940155029297	0.00014495849609375	positive	1.1851940155029297	stable_correct	same_resolved_direction
CMAD-HP-Q1-D-L1-D10	CMAD-HP-Q1	D-L1-D10	secondary	naturalistic_primary_development	-4.424860000610352	0.0009002685546875	negative	-4.424860000610352	stable_correct	-0.6145553588867188	0.0005950927734375	negative	-0.6145553588867188	stable_correct	-0.25164031982421875	0.00014495849609375	negative	-0.25164031982421875	stable_correct	same_resolved_direction
CMAD-HP-Q1-D-L1-D11	CMAD-HP-Q1	D-L1-D11	secondary	naturalistic_primary_development	-5.363153457641602	0.0009002685546875	negative	-5.363153457641602	stable_correct	-0.9720821380615234	0.0005950927734375	negative	-0.9720821380615234	stable_correct	0.15037822723388672	0.00014495849609375	positive	0.15037822723388672	stable_correct	resolved_direction_conflict
CMAD-HP-Q1-D-L2-D00	CMAD-HP-Q1	D-L2-D00	secondary	naturalistic_primary_development	-3.158527374267578	0.0009002685546875	negative	-3.158527374267578	stable_correct	0.8738803863525391	0.0005950927734375	positive	0.8738803863525391	stable_correct	2.07601261138916	0.00014495849609375	positive	2.07601261138916	stable_correct	resolved_direction_conflict
CMAD-HP-Q1-D-L2-D01	CMAD-HP-Q1	D-L2-D01	secondary	naturalistic_primary_development	-1.1051368713378906	0.0009002685546875	negative	-1.1051368713378906	stable_correct	1.0914459228515625	0.0005950927734375	positive	1.0914459228515625	stable_correct	2.7964468002319336	0.00014495849609375	positive	2.7964468002319336	stable_correct	resolved_direction_conflict
CMAD-HP-Q1-D-L2-D10	CMAD-HP-Q1	D-L2-D10	secondary	naturalistic_primary_development	-4.301856994628906	0.0009002685546875	negative	-4.301856994628906	stable_correct	1.3358268737792969	0.0005950927734375	positive	1.3358268737792969	stable_correct	1.2174453735351562	0.00014495849609375	positive	1.2174453735351562	stable_correct	resolved_direction_conflict
CMAD-HP-Q1-D-L2-D11	CMAD-HP-Q1	D-L2-D11	secondary	naturalistic_primary_development	-3.295940399169922	0.0009002685546875	negative	-3.295940399169922	stable_correct	1.9375324249267578	0.0005950927734375	positive	1.9375324249267578	stable_correct	1.7953577041625977	0.00014495849609375	positive	1.7953577041625977	stable_correct	resolved_direction_conflict
CMAD-HP-Q1-E-L1-D0	CMAD-HP-Q1	E-L1-D0	primary	naturalistic_primary_development	-3.535541534423828	0.0009002685546875	negative	-3.535541534423828	stable_correct	0.7662906646728516	0.0005950927734375	positive	0.7662906646728516	stable_correct	-1.3060894012451172	0.00014495849609375	negative	-1.3060894012451172	stable_correct	resolved_direction_conflict
CMAD-HP-Q1-E-L1-D00	CMAD-HP-Q1	E-L1-D00	primary	naturalistic_primary_development	-2.562601089477539	0.0009002685546875	negative	-2.562601089477539	stable_correct	-0.8208255767822266	0.0005950927734375	negative	-0.8208255767822266	stable_correct	-2.0015439987182617	0.00014495849609375	negative	-2.0015439987182617	stable_correct	same_resolved_direction
CMAD-HP-Q1-E-L1-D01	CMAD-HP-Q1	E-L1-D01	primary	naturalistic_primary_development	-0.9216537475585938	0.0009002685546875	negative	-0.9216537475585938	stable_correct	0.6377105712890625	0.0005950927734375	positive	0.6377105712890625	stable_correct	-1.9849910736083984	0.00014495849609375	negative	-1.9849910736083984	stable_correct	resolved_direction_conflict
CMAD-HP-Q1-E-L1-D10	CMAD-HP-Q1	E-L1-D10	primary	naturalistic_primary_development	-4.272815704345703	0.0009002685546875	negative	-4.272815704345703	stable_correct	0.5327663421630859	0.0005950927734375	positive	0.5327663421630859	stable_correct	-2.5023422241210938	0.00014495849609375	negative	-2.5023422241210938	stable_correct	resolved_direction_conflict
CMAD-HP-Q1-E-L1-D11	CMAD-HP-Q1	E-L1-D11	primary	naturalistic_primary_development	-5.6591339111328125	0.0009002685546875	negative	-5.6591339111328125	stable_correct	-1.3775157928466797	0.0005950927734375	negative	-1.3775157928466797	stable_correct	-2.217100143432617	0.00014495849609375	negative	-2.217100143432617	stable_correct	same_resolved_direction
CMAD-HP-Q1-E-L2-D0	CMAD-HP-Q1	E-L2-D0	primary	naturalistic_primary_development	-5.805330276489258	0.0009002685546875	negative	-5.805330276489258	stable_correct	-0.21923065185546875	0.0005950927734375	negative	-0.21923065185546875	stable_correct	-3.1418895721435547	0.00014495849609375	negative	-3.1418895721435547	stable_correct	same_resolved_direction
CMAD-HP-Q1-E-L2-D00	CMAD-HP-Q1	E-L2-D00	primary	naturalistic_primary_development	-7.54722785949707	0.0009002685546875	negative	-7.54722785949707	stable_correct	-0.2854785919189453	0.0005950927734375	negative	-0.2854785919189453	stable_correct	-2.9790802001953125	0.00014495849609375	negative	-2.9790802001953125	stable_correct	same_resolved_direction
CMAD-HP-Q1-E-L2-D01	CMAD-HP-Q1	E-L2-D01	primary	naturalistic_primary_development	-4.538198471069336	0.0009002685546875	negative	-4.538198471069336	stable_correct	0.6268024444580078	0.0005950927734375	positive	0.6268024444580078	stable_correct	-2.209538459777832	0.00014495849609375	negative	-2.209538459777832	stable_correct	resolved_direction_conflict
CMAD-HP-Q1-E-L2-D10	CMAD-HP-Q1	E-L2-D10	primary	naturalistic_primary_development	-6.4196014404296875	0.0009002685546875	negative	-6.4196014404296875	stable_correct	1.4976272583007812	0.0005950927734375	positive	1.4976272583007812	stable_correct	-2.8690567016601562	0.00014495849609375	negative	-2.8690567016601562	stable_correct	resolved_direction_conflict
CMAD-HP-Q1-E-L2-D11	CMAD-HP-Q1	E-L2-D11	primary	naturalistic_primary_development	-5.8617095947265625	0.0009002685546875	negative	-5.8617095947265625	stable_correct	0.5465774536132812	0.0005950927734375	positive	0.5465774536132812	stable_correct	-2.4079208374023438	0.00014495849609375	negative	-2.4079208374023438	stable_correct	resolved_direction_conflict
CMAD-HP-Q1-I-L1-D00	CMAD-HP-Q1	I-L1-D00	primary	naturalistic_primary_development	0.9729404449462891	0.001800537109375	positive	0.9729404449462891		-1.5871162414550781	0.001190185546875	negative	-1.5871162414550781		-0.6954545974731445	0.0002899169921875	negative	-0.6954545974731445		resolved_direction_conflict
CMAD-HP-Q1-I-L1-D01	CMAD-HP-Q1	I-L1-D01	primary	naturalistic_primary_development	2.6138877868652344	0.001800537109375	positive	2.6138877868652344		-0.12858009338378906	0.001190185546875	negative	-0.12858009338378906		-0.6789016723632812	0.0002899169921875	negative	-0.6789016723632812		resolved_direction_conflict
CMAD-HP-Q1-I-L1-D10	CMAD-HP-Q1	I-L1-D10	primary	naturalistic_primary_development	-0.737274169921875	0.001800537109375	negative	-0.737274169921875		-0.23352432250976562	0.001190185546875	negative	-0.23352432250976562		-1.1962528228759766	0.0002899169921875	negative	-1.1962528228759766		same_resolved_direction
CMAD-HP-Q1-I-L1-D11	CMAD-HP-Q1	I-L1-D11	primary	naturalistic_primary_development	-2.1235923767089844	0.001800537109375	negative	-2.1235923767089844		-2.1438064575195312	0.001190185546875	negative	-2.1438064575195312		-0.9110107421875	0.0002899169921875	negative	-0.9110107421875		same_resolved_direction
CMAD-HP-Q1-I-L2-D00	CMAD-HP-Q1	I-L2-D00	primary	naturalistic_primary_development	-1.7418975830078125	0.001800537109375	negative	-1.7418975830078125		-0.06624794006347656	0.001190185546875	negative	-0.06624794006347656		0.1628093719482422	0.0002899169921875	positive	0.1628093719482422		resolved_direction_conflict
CMAD-HP-Q1-I-L2-D01	CMAD-HP-Q1	I-L2-D01	primary	naturalistic_primary_development	1.2671318054199219	0.001800537109375	positive	1.2671318054199219		0.8460330963134766	0.001190185546875	positive	0.8460330963134766		0.9323511123657227	0.0002899169921875	positive	0.9323511123657227		same_resolved_direction
CMAD-HP-Q1-I-L2-D10	CMAD-HP-Q1	I-L2-D10	primary	naturalistic_primary_development	-0.6142711639404297	0.001800537109375	negative	-0.6142711639404297		1.71685791015625	0.001190185546875	positive	1.71685791015625		0.27283287048339844	0.0002899169921875	positive	0.27283287048339844		resolved_direction_conflict
CMAD-HP-Q1-I-L2-D11	CMAD-HP-Q1	I-L2-D11	primary	naturalistic_primary_development	-0.05637931823730469	0.001800537109375	negative	-0.05637931823730469		0.76580810546875	0.001190185546875	positive	0.76580810546875		0.7339687347412109	0.0002899169921875	positive	0.7339687347412109		resolved_direction_conflict
CMAD-HP-Q1-L-minus-N-L1-D0	CMAD-HP-Q1	L-minus-N-L1-D0	secondary	naturalistic_primary_development	0.31200218200683594	0.0009002685546875	positive	0.31200218200683594	stable_correct	0.0868682861328125	0.0005950927734375	positive	0.0868682861328125	stable_correct	0.7713947296142578	0.00014495849609375	positive	0.7713947296142578	stable_correct	same_resolved_direction
CMAD-HP-Q1-L-minus-N-L1-D01	CMAD-HP-Q1	L-minus-N-L1-D01	secondary	naturalistic_primary_development	0.42957305908203125	0.0009002685546875	positive	0.42957305908203125	stable_correct	1.0594596862792969	0.0005950927734375	positive	1.0594596862792969	stable_correct	0.8053960800170898	0.00014495849609375	positive	0.8053960800170898	stable_correct	same_resolved_direction
CMAD-HP-Q1-L-minus-N-L1-D10	CMAD-HP-Q1	L-minus-N-L1-D10	secondary	naturalistic_primary_development	-1.4868907928466797	0.0009002685546875	negative	-1.4868907928466797	stable_correct	0.4415874481201172	0.0005950927734375	positive	0.4415874481201172	stable_correct	0.2517995834350586	0.00014495849609375	positive	0.2517995834350586	stable_correct	resolved_direction_conflict
CMAD-HP-Q1-L-minus-N-L2-D0	CMAD-HP-Q1	L-minus-N-L2-D0	secondary	naturalistic_primary_development	-1.9577865600585938	0.0009002685546875	negative	-1.9577865600585938	stable_correct	-0.8986530303955078	0.0005950927734375	negative	-0.8986530303955078	stable_correct	-1.0644054412841797	0.00014495849609375	negative	-1.0644054412841797	stable_correct	same_resolved_direction
CMAD-HP-Q1-L-minus-N-L2-D01	CMAD-HP-Q1	L-minus-N-L2-D01	secondary	naturalistic_primary_development	-3.186971664428711	0.0009002685546875	negative	-3.186971664428711	stable_correct	1.0485515594482422	0.0005950927734375	positive	1.0485515594482422	stable_correct	0.5808486938476562	0.00014495849609375	positive	0.5808486938476562	stable_correct	resolved_direction_conflict
CMAD-HP-Q1-L-minus-N-L2-D10	CMAD-HP-Q1	L-minus-N-L2-D10	secondary	naturalistic_primary_development	-3.633676528930664	0.0009002685546875	negative	-3.633676528930664	stable_correct	1.4064483642578125	0.0005950927734375	positive	1.4064483642578125	stable_correct	-0.1149148941040039	0.00014495849609375	negative	-0.1149148941040039	stable_correct	resolved_direction_conflict
CMAD-HP-Q1-N-D0	CMAD-HP-Q1	N-D0	secondary	naturalistic_primary_development	-3.847543716430664	0.0009002685546875	negative	-3.847543716430664	stable_correct	0.6794223785400391	0.0005950927734375	positive	0.6794223785400391	stable_correct	-2.077484130859375	0.00014495849609375	negative	-2.077484130859375	stable_correct	resolved_direction_conflict
CMAD-HP-Q1-N-D01	CMAD-HP-Q1	N-D01	secondary	naturalistic_primary_development	-1.351226806640625	0.0009002685546875	negative	-1.351226806640625	stable_correct	-0.4217491149902344	0.0005950927734375	negative	-0.4217491149902344	stable_correct	-2.7903871536254883	0.00014495849609375	negative	-2.7903871536254883	stable_correct	same_resolved_direction
CMAD-HP-Q1-N-D10	CMAD-HP-Q1	N-D10	secondary	naturalistic_primary_development	-2.7859249114990234	0.0009002685546875	negative	-2.7859249114990234	stable_correct	0.09117889404296875	0.0005950927734375	positive	0.09117889404296875	stable_correct	-2.7541418075561523	0.00014495849609375	negative	-2.7541418075561523	stable_correct	resolved_direction_conflict
CMAD-HP-Q1-R-L0-W0	CMAD-HP-Q1	R-L0-W0	secondary	naturalistic_primary_development	-2.270956039428711	0.0009002685546875	negative	-2.270956039428711	stable_correct	-1.3211593627929688	0.0005950927734375	negative	-1.3211593627929688	stable_correct	-0.9685907363891602	0.00014495849609375	negative	-0.9685907363891602	stable_correct	same_resolved_direction
CMAD-HP-Q1-R-L0-W1	CMAD-HP-Q1	R-L0-W1	secondary	naturalistic_primary_development	-0.8672924041748047	0.0009002685546875	negative	-0.8672924041748047	stable_correct	0.9263114929199219	0.0005950927734375	positive	0.9263114929199219	stable_correct	-0.8027067184448242	0.00014495849609375	negative	-0.8027067184448242	stable_correct	resolved_direction_conflict
CMAD-HP-Q1-R-L1-W0	CMAD-HP-Q1	R-L1-W0	secondary	naturalistic_primary_development	-3.981170654296875	0.0009002685546875	negative	-3.981170654296875	stable_correct	0.03243255615234375	0.0005950927734375	positive	0.03243255615234375	stable_correct	-1.4693889617919922	0.00014495849609375	negative	-1.4693889617919922	stable_correct	resolved_direction_conflict
CMAD-HP-Q1-R-L1-W1	CMAD-HP-Q1	R-L1-W1	secondary	naturalistic_primary_development	-5.604772567749023	0.0009002685546875	negative	-5.604772567749023	stable_correct	-1.0889148712158203	0.0005950927734375	negative	-1.0889148712158203	stable_correct	-1.034815788269043	0.00014495849609375	negative	-1.034815788269043	stable_correct	same_resolved_direction
CMAD-HP-Q1-R-L2-W0	CMAD-HP-Q1	R-L2-W0	secondary	naturalistic_primary_development	-1.1433296203613281	0.0009002685546875	negative	-1.1433296203613281	stable_correct	0.4619464874267578	0.0005950927734375	positive	0.4619464874267578	stable_correct	-0.8585672378540039	0.00014495849609375	negative	-0.8585672378540039	stable_correct	resolved_direction_conflict
CMAD-HP-Q1-R-L2-W1	CMAD-HP-Q1	R-L2-W1	secondary	naturalistic_primary_development	-2.1908035278320312	0.0009002685546875	negative	-2.1908035278320312	stable_correct	0.8460865020751953	0.0005950927734375	positive	0.8460865020751953	stable_correct	-1.001089096069336	0.00014495849609375	negative	-1.001089096069336	stable_correct	resolved_direction_conflict
CMAD-HP-Q1-R-on-E-L1-W0	CMAD-HP-Q1	R-on-E-L1-W0	primary	naturalistic_primary_development	-1.710214614868164	0.001800537109375	negative	-1.710214614868164		1.3535919189453125	0.001190185546875	positive	1.3535919189453125		-0.500798225402832	0.0002899169921875	negative	-0.500798225402832		resolved_direction_conflict
CMAD-HP-Q1-R-on-E-L1-W1	CMAD-HP-Q1	R-on-E-L1-W1	primary	naturalistic_primary_development	-4.737480163574219	0.001800537109375	negative	-4.737480163574219		-2.015226364135742	0.001190185546875	negative	-2.015226364135742		-0.23210906982421875	0.0002899169921875	negative	-0.23210906982421875		same_resolved_direction
CMAD-HP-Q1-R-on-E-L2-W0	CMAD-HP-Q1	R-on-E-L2-W0	primary	naturalistic_primary_development	1.1276264190673828	0.001800537109375	positive	1.1276264190673828		1.7831058502197266	0.001190185546875	positive	1.7831058502197266		0.11002349853515625	0.0002899169921875	positive	0.11002349853515625		same_resolved_direction
CMAD-HP-Q1-R-on-E-L2-W1	CMAD-HP-Q1	R-on-E-L2-W1	primary	naturalistic_primary_development	-1.3235111236572266	0.001800537109375	negative	-1.3235111236572266		-0.08022499084472656	0.001190185546875	negative	-0.08022499084472656		-0.19838237762451172	0.0002899169921875	negative	-0.19838237762451172		same_resolved_direction
CMAD-HP-Q1-RW-L0	CMAD-HP-Q1	RW-L0	secondary	naturalistic_primary_development	1.4036636352539062	0.001800537109375	positive	1.4036636352539062		2.2474708557128906	0.001190185546875	positive	2.2474708557128906		0.16588401794433594	0.0002899169921875	positive	0.16588401794433594		same_resolved_direction
CMAD-HP-Q1-RW-L1	CMAD-HP-Q1	RW-L1	secondary	naturalistic_primary_development	-1.6236019134521484	0.001800537109375	negative	-1.6236019134521484		-1.121347427368164	0.001190185546875	negative	-1.121347427368164		0.4345731735229492	0.0002899169921875	positive	0.4345731735229492		resolved_direction_conflict
CMAD-HP-Q1-RW-L2	CMAD-HP-Q1	RW-L2	secondary	naturalistic_primary_development	-1.0474739074707031	0.001800537109375	negative	-1.0474739074707031		0.3841400146484375	0.001190185546875	positive	0.3841400146484375		-0.14252185821533203	0.0002899169921875	negative	-0.14252185821533203		resolved_direction_conflict
CMAD-HP-Q1-Swap-L0-D01	CMAD-HP-Q1	Swap-L0-D01	secondary	naturalistic_primary_development	-8.033445358276367	0.0009002685546875	negative	-8.033445358276367	stable_correct	-1.2440872192382812	0.0005950927734375	negative	-1.2440872192382812	stable_correct	-2.87526798248291	0.00014495849609375	negative	-2.87526798248291	stable_correct	same_resolved_direction
CMAD-HP-Q1-Swap-L0-D10	CMAD-HP-Q1	Swap-L0-D10	secondary	naturalistic_primary_development	-2.4092254638671875	0.0009002685546875	negative	-2.4092254638671875	stable_correct	-1.4785079956054688	0.0005950927734375	negative	-1.4785079956054688	stable_correct	-2.2696914672851562	0.00014495849609375	negative	-2.2696914672851562	stable_correct	same_resolved_direction
CMAD-HP-Q1-Swap-L1-D01	CMAD-HP-Q1	Swap-L1-D01	secondary	naturalistic_primary_development	-3.6460704803466797	0.0009002685546875	negative	-3.6460704803466797	stable_correct	-2.695333480834961	0.0005950927734375	negative	-2.695333480834961	stable_correct	-2.597322463989258	0.00014495849609375	negative	-2.597322463989258	stable_correct	same_resolved_direction
CMAD-HP-Q1-Swap-L1-D10	CMAD-HP-Q1	Swap-L1-D10	secondary	naturalistic_primary_development	-1.1902503967285156	0.0009002685546875	negative	-1.1902503967285156	stable_correct	-1.5391349792480469	0.0005950927734375	negative	-1.5391349792480469	stable_correct	-1.4865846633911133	0.00014495849609375	negative	-1.4865846633911133	stable_correct	same_resolved_direction
CMAD-HP-Q1-Swap-L2-D01	CMAD-HP-Q1	Swap-L2-D01	secondary	naturalistic_primary_development	-4.371788024902344	0.0009002685546875	negative	-4.371788024902344	stable_correct	-3.2903976440429688	0.0005950927734375	negative	-3.2903976440429688	stable_correct	-2.7943649291992188	0.00014495849609375	negative	-2.7943649291992188	stable_correct	same_resolved_direction
CMAD-HP-Q1-Swap-L2-D10	CMAD-HP-Q1	Swap-L2-D10	secondary	naturalistic_primary_development	-3.068531036376953	0.0009002685546875	negative	-3.068531036376953	stable_correct	-2.8259315490722656	0.0005950927734375	negative	-2.8259315490722656	stable_correct	-1.0225343704223633	0.00014495849609375	negative	-1.0225343704223633	stable_correct	same_resolved_direction
CMAD-HP-Q1-Swap-on-E-L1-D01	CMAD-HP-Q1	Swap-on-E-L1-D01	secondary	naturalistic_primary_development	4.3873748779296875	0.001800537109375	positive	4.3873748779296875		-1.4512462615966797	0.001190185546875	negative	-1.4512462615966797		0.27794551849365234	0.0002899169921875	positive	0.27794551849365234		resolved_direction_conflict
CMAD-HP-Q1-Swap-on-E-L1-D10	CMAD-HP-Q1	Swap-on-E-L1-D10	secondary	naturalistic_primary_development	1.2189750671386719	0.001800537109375	positive	1.2189750671386719		-0.060626983642578125	0.001190185546875	negative	-0.060626983642578125		0.783106803894043	0.0002899169921875	positive	0.783106803894043		resolved_direction_conflict
CMAD-HP-Q1-Swap-on-E-L2-D01	CMAD-HP-Q1	Swap-on-E-L2-D01	secondary	naturalistic_primary_development	3.6616573333740234	0.001800537109375	positive	3.6616573333740234		-2.0463104248046875	0.001190185546875	negative	-2.0463104248046875		0.0809030532836914	0.0002899169921875	positive	0.0809030532836914		resolved_direction_conflict
CMAD-HP-Q1-Swap-on-E-L2-D10	CMAD-HP-Q1	Swap-on-E-L2-D10	secondary	naturalistic_primary_development	-0.6593055725097656	0.001800537109375	negative	-0.6593055725097656		-1.3474235534667969	0.001190185546875	negative	-1.3474235534667969		1.247157096862793	0.0002899169921875	positive	1.247157096862793		resolved_direction_conflict
CMAD-HP-Q1-W-L0-R0	CMAD-HP-Q1	W-L0-R0	secondary	naturalistic_primary_development	-0.9556388854980469	0.0009002685546875	negative	-0.9556388854980469	stable_correct	-0.6947154998779297	0.0005950927734375	negative	-0.6947154998779297	stable_correct	-0.04910755157470703	0.00014495849609375	negative	-0.04910755157470703	stable_correct	same_resolved_direction
CMAD-HP-Q1-W-L0-R1	CMAD-HP-Q1	W-L0-R1	secondary	naturalistic_primary_development	0.4480247497558594	0.0009002685546875	positive	0.4480247497558594	stable_correct	1.552755355834961	0.0005950927734375	positive	1.552755355834961	stable_correct	0.1167764663696289	0.00014495849609375	positive	0.1167764663696289	stable_correct	same_resolved_direction
CMAD-HP-Q1-W-L1-R0	CMAD-HP-Q1	W-L1-R0	secondary	naturalistic_primary_development	0.6853084564208984	0.0009002685546875	positive	0.6853084564208984	stable_correct	0.7638206481933594	0.0005950927734375	positive	0.7638206481933594	stable_correct	-0.03255462646484375	0.00014495849609375	negative	-0.03255462646484375	stable_correct	resolved_direction_conflict
CMAD-HP-Q1-W-L1-R1	CMAD-HP-Q1	W-L1-R1	secondary	naturalistic_primary_development	-0.93829345703125	0.0009002685546875	negative	-0.93829345703125	stable_correct	-0.3575267791748047	0.0005950927734375	negative	-0.3575267791748047	stable_correct	0.40201854705810547	0.00014495849609375	positive	0.40201854705810547	stable_correct	resolved_direction_conflict
CMAD-HP-Q1-W-L2-R0	CMAD-HP-Q1	W-L2-R0	secondary	naturalistic_primary_development	2.0533905029296875	0.0009002685546875	positive	2.0533905029296875	stable_correct	0.21756553649902344	0.0005950927734375	positive	0.21756553649902344	stable_correct	0.7204341888427734	0.00014495849609375	positive	0.7204341888427734	stable_correct	same_resolved_direction
CMAD-HP-Q1-W-L2-R1	CMAD-HP-Q1	W-L2-R1	secondary	naturalistic_primary_development	1.0059165954589844	0.0009002685546875	positive	1.0059165954589844	stable_correct	0.6017055511474609	0.0005950927734375	positive	0.6017055511474609	stable_correct	0.5779123306274414	0.00014495849609375	positive	0.5779123306274414	stable_correct	same_resolved_direction
CMAD-HP-Q1-W-on-E-L1-R0	CMAD-HP-Q1	W-on-E-L1-R0	primary	naturalistic_primary_development	1.6409473419189453	0.001800537109375	positive	1.6409473419189453		1.458536148071289	0.001190185546875	positive	1.458536148071289		0.01655292510986328	0.0002899169921875	positive	0.01655292510986328		same_resolved_direction
CMAD-HP-Q1-W-on-E-L1-R1	CMAD-HP-Q1	W-on-E-L1-R1	primary	naturalistic_primary_development	-1.3863182067871094	0.001800537109375	negative	-1.3863182067871094		-1.9102821350097656	0.001190185546875	negative	-1.9102821350097656		0.28524208068847656	0.0002899169921875	positive	0.28524208068847656		resolved_direction_conflict
CMAD-HP-Q1-W-on-E-L2-R0	CMAD-HP-Q1	W-on-E-L2-R0	primary	naturalistic_primary_development	3.0090293884277344	0.001800537109375	positive	3.0090293884277344		0.9122810363769531	0.001190185546875	positive	0.9122810363769531		0.7695417404174805	0.0002899169921875	positive	0.7695417404174805		same_resolved_direction
CMAD-HP-Q1-W-on-E-L2-R1	CMAD-HP-Q1	W-on-E-L2-R1	primary	naturalistic_primary_development	0.557891845703125	0.001800537109375	positive	0.557891845703125		-0.9510498046875	0.001190185546875	negative	-0.9510498046875		0.4611358642578125	0.0002899169921875	positive	0.4611358642578125		resolved_direction_conflict
CMAD-HP-Q2-D-L0-D00	CMAD-HP-Q2	D-L0-D00	secondary	naturalistic_primary_development	0.013277053833007812	0.0009002685546875	positive	0.013277053833007812	stable_correct	0.5316925048828125	0.0005950927734375	positive	0.5316925048828125	stable_correct	2.565218925476074	0.00014495849609375	positive	2.565218925476074	stable_correct	same_resolved_direction
CMAD-HP-Q2-D-L0-D01	CMAD-HP-Q2	D-L0-D01	secondary	naturalistic_primary_development	-1.8726310729980469	0.0009002685546875	negative	-1.8726310729980469	stable_correct	-4.845766067504883	0.0005950927734375	negative	-4.845766067504883	stable_correct	1.9446887969970703	0.00014495849609375	positive	1.9446887969970703	stable_correct	resolved_direction_conflict
CMAD-HP-Q2-D-L0-D10	CMAD-HP-Q2	D-L0-D10	secondary	naturalistic_primary_development	-1.9696273803710938	0.0009002685546875	negative	-1.9696273803710938	stable_correct	-1.7897930145263672	0.0005950927734375	negative	-1.7897930145263672	stable_correct	2.3465805053710938	0.00014495849609375	positive	2.3465805053710938	stable_correct	resolved_direction_conflict
CMAD-HP-Q2-D-L0-D11	CMAD-HP-Q2	D-L0-D11	secondary	naturalistic_primary_development	-2.9722461700439453	0.0009002685546875	negative	-2.9722461700439453	stable_correct	-1.4292945861816406	0.0005950927734375	negative	-1.4292945861816406	stable_correct	0.5884065628051758	0.00014495849609375	positive	0.5884065628051758	stable_correct	resolved_direction_conflict
CMAD-HP-Q2-D-L1-D00	CMAD-HP-Q2	D-L1-D00	secondary	naturalistic_primary_development	0.9528789520263672	0.0009002685546875	positive	0.9528789520263672	stable_correct	-1.109750747680664	0.0005950927734375	negative	-1.109750747680664	stable_correct	1.2229585647583008	0.00014495849609375	positive	1.2229585647583008	stable_correct	resolved_direction_conflict
CMAD-HP-Q2-D-L1-D01	CMAD-HP-Q2	D-L1-D01	secondary	naturalistic_primary_development	0.8337993621826172	0.0009002685546875	positive	0.8337993621826172	stable_correct	-1.274942398071289	0.0005950927734375	negative	-1.274942398071289	stable_correct	0.7532844543457031	0.00014495849609375	positive	0.7532844543457031	stable_correct	resolved_direction_conflict
CMAD-HP-Q2-D-L1-D10	CMAD-HP-Q2	D-L1-D10	secondary	naturalistic_primary_development	-0.7462882995605469	0.0009002685546875	negative	-0.7462882995605469	stable_correct	-1.470367431640625	0.0005950927734375	negative	-1.470367431640625	stable_correct	0.42140865325927734	0.00014495849609375	positive	0.42140865325927734	stable_correct	resolved_direction_conflict
CMAD-HP-Q2-D-L1-D11	CMAD-HP-Q2	D-L1-D11	secondary	naturalistic_primary_development	-0.7313632965087891	0.0009002685546875	negative	-0.7313632965087891	stable_correct	-2.8031787872314453	0.0005950927734375	negative	-2.8031787872314453	stable_correct	0.5333137512207031	0.00014495849609375	positive	0.5333137512207031	stable_correct	resolved_direction_conflict
CMAD-HP-Q2-D-L2-D00	CMAD-HP-Q2	D-L2-D00	secondary	naturalistic_primary_development	-4.895805358886719	0.0009002685546875	negative	-4.895805358886719	stable_correct	2.7790393829345703	0.0005950927734375	positive	2.7790393829345703	stable_correct	2.4747867584228516	0.00014495849609375	positive	2.4747867584228516	stable_correct	resolved_direction_conflict
CMAD-HP-Q2-D-L2-D01	CMAD-HP-Q2	D-L2-D01	secondary	naturalistic_primary_development	-9.538555145263672	0.0009002685546875	negative	-9.538555145263672	stable_correct	1.5565223693847656	0.0005950927734375	positive	1.5565223693847656	stable_correct	2.3541975021362305	0.00014495849609375	positive	2.3541975021362305	stable_correct	resolved_direction_conflict
CMAD-HP-Q2-D-L2-D10	CMAD-HP-Q2	D-L2-D10	secondary	naturalistic_primary_development	3.196186065673828	0.0009002685546875	positive	3.196186065673828	stable_correct	3.2062129974365234	0.0005950927734375	positive	3.2062129974365234	stable_correct	2.0761537551879883	0.00014495849609375	positive	2.0761537551879883	stable_correct	same_resolved_direction
CMAD-HP-Q2-D-L2-D11	CMAD-HP-Q2	D-L2-D11	secondary	naturalistic_primary_development	3.180828094482422	0.0009002685546875	positive	3.180828094482422	stable_correct	0.8894176483154297	0.0005950927734375	positive	0.8894176483154297	stable_correct	1.3688945770263672	0.00014495849609375	positive	1.3688945770263672	stable_correct	same_resolved_direction
CMAD-HP-Q2-E-L1-D0	CMAD-HP-Q2	E-L1-D0	primary	naturalistic_primary_development	-1.6632003784179688	0.0009002685546875	negative	-1.6632003784179688	stable_correct	-0.6667098999023438	0.0005950927734375	negative	-0.6667098999023438	stable_correct	-0.6433801651000977	0.00014495849609375	negative	-0.6433801651000977	stable_correct	same_resolved_direction
CMAD-HP-Q2-E-L1-D00	CMAD-HP-Q2	E-L1-D00	primary	naturalistic_primary_development	-0.7235984802246094	0.0009002685546875	negative	-0.7235984802246094	stable_correct	-2.3081531524658203	0.0005950927734375	negative	-2.3081531524658203	stable_correct	-1.985640525817871	0.00014495849609375	negative	-1.985640525817871	stable_correct	same_resolved_direction
CMAD-HP-Q2-E-L1-D01	CMAD-HP-Q2	E-L1-D01	primary	naturalistic_primary_development	1.0432300567626953	0.0009002685546875	positive	1.0432300567626953	stable_correct	2.90411376953125	0.0005950927734375	positive	2.90411376953125	stable_correct	-1.8347845077514648	0.00014495849609375	negative	-1.8347845077514648	stable_correct	resolved_direction_conflict
CMAD-HP-Q2-E-L1-D10	CMAD-HP-Q2	E-L1-D10	primary	naturalistic_primary_development	-0.4398612976074219	0.0009002685546875	negative	-0.4398612976074219	stable_correct	-0.34728431701660156	0.0005950927734375	negative	-0.34728431701660156	stable_correct	-2.568552017211914	0.00014495849609375	negative	-2.568552017211914	stable_correct	same_resolved_direction
CMAD-HP-Q2-E-L1-D11	CMAD-HP-Q2	E-L1-D11	primary	naturalistic_primary_development	0.5776824951171875	0.0009002685546875	positive	0.5776824951171875	stable_correct	-2.0405941009521484	0.0005950927734375	negative	-2.0405941009521484	stable_correct	-0.6984729766845703	0.00014495849609375	negative	-0.6984729766845703	stable_correct	resolved_direction_conflict
CMAD-HP-Q2-E-L2-D0	CMAD-HP-Q2	E-L2-D0	primary	naturalistic_primary_development	-8.5106201171875	0.0009002685546875	negative	-8.5106201171875	stable_correct	-3.5669727325439453	0.0005950927734375	negative	-3.5669727325439453	stable_correct	-3.803041458129883	0.00014495849609375	negative	-3.803041458129883	stable_correct	same_resolved_direction
CMAD-HP-Q2-E-L2-D00	CMAD-HP-Q2	E-L2-D00	primary	naturalistic_primary_development	-13.419702529907227	0.0009002685546875	negative	-13.419702529907227	stable_correct	-1.3196258544921875	0.0005950927734375	negative	-1.3196258544921875	stable_correct	-3.8934736251831055	0.00014495849609375	negative	-3.8934736251831055	stable_correct	same_resolved_direction
CMAD-HP-Q2-E-L2-D01	CMAD-HP-Q2	E-L2-D01	primary	naturalistic_primary_development	-16.176544189453125	0.0009002685546875	negative	-16.176544189453125	stable_correct	2.835315704345703	0.0005950927734375	positive	2.835315704345703	stable_correct	-3.3935327529907227	0.00014495849609375	negative	-3.3935327529907227	stable_correct	resolved_direction_conflict
CMAD-HP-Q2-E-L2-D10	CMAD-HP-Q2	E-L2-D10	primary	naturalistic_primary_development	-3.344806671142578	0.0009002685546875	negative	-3.344806671142578	stable_correct	1.4290332794189453	0.0005950927734375	positive	1.4290332794189453	stable_correct	-4.073468208312988	0.00014495849609375	negative	-4.073468208312988	stable_correct	resolved_direction_conflict
CMAD-HP-Q2-E-L2-D11	CMAD-HP-Q2	E-L2-D11	primary	naturalistic_primary_development	-2.357545852661133	0.0009002685546875	negative	-2.357545852661133	stable_correct	-1.248260498046875	0.0005950927734375	negative	-1.248260498046875	stable_correct	-3.0225534439086914	0.00014495849609375	negative	-3.0225534439086914	stable_correct	same_resolved_direction
CMAD-HP-Q2-I-L1-D00	CMAD-HP-Q2	I-L1-D00	primary	naturalistic_primary_development	0.9396018981933594	0.001800537109375	positive	0.9396018981933594		-1.6414432525634766	0.001190185546875	negative	-1.6414432525634766		-1.3422603607177734	0.0002899169921875	negative	-1.3422603607177734		resolved_direction_conflict
CMAD-HP-Q2-I-L1-D01	CMAD-HP-Q2	I-L1-D01	primary	naturalistic_primary_development	2.706430435180664	0.001800537109375	positive	2.706430435180664		3.5708236694335938	0.001190185546875	positive	3.5708236694335938		-1.1914043426513672	0.0002899169921875	negative	-1.1914043426513672		resolved_direction_conflict
CMAD-HP-Q2-I-L1-D10	CMAD-HP-Q2	I-L1-D10	primary	naturalistic_primary_development	1.2233390808105469	0.001800537109375	positive	1.2233390808105469		0.3194255828857422	0.001190185546875	positive	0.3194255828857422		-1.9251718521118164	0.0002899169921875	negative	-1.9251718521118164		resolved_direction_conflict
CMAD-HP-Q2-I-L1-D11	CMAD-HP-Q2	I-L1-D11	primary	naturalistic_primary_development	2.2408828735351562	0.001800537109375	positive	2.2408828735351562		-1.3738842010498047	0.001190185546875	negative	-1.3738842010498047		-0.055092811584472656	0.0002899169921875	negative	-0.055092811584472656		resolved_direction_conflict
CMAD-HP-Q2-I-L2-D00	CMAD-HP-Q2	I-L2-D00	primary	naturalistic_primary_development	-4.909082412719727	0.001800537109375	negative	-4.909082412719727		2.247346878051758	0.001190185546875	positive	2.247346878051758		-0.09043216705322266	0.0002899169921875	negative	-0.09043216705322266		resolved_direction_conflict
CMAD-HP-Q2-I-L2-D01	CMAD-HP-Q2	I-L2-D01	primary	naturalistic_primary_development	-7.665924072265625	0.001800537109375	negative	-7.665924072265625		6.402288436889648	0.001190185546875	positive	6.402288436889648		0.40950870513916016	0.0002899169921875	positive	0.40950870513916016		resolved_direction_conflict
CMAD-HP-Q2-I-L2-D10	CMAD-HP-Q2	I-L2-D10	primary	naturalistic_primary_development	5.165813446044922	0.001800537109375	positive	5.165813446044922		4.996006011962891	0.001190185546875	positive	4.996006011962891		-0.27042675018310547	0.0002899169921875	negative	-0.27042675018310547		resolved_direction_conflict
CMAD-HP-Q2-I-L2-D11	CMAD-HP-Q2	I-L2-D11	primary	naturalistic_primary_development	6.153074264526367	0.001800537109375	positive	6.153074264526367		2.3187122344970703	0.001190185546875	positive	2.3187122344970703		0.7804880142211914	0.0002899169921875	positive	0.7804880142211914		same_resolved_direction
CMAD-HP-Q2-L-minus-N-L1-D0	CMAD-HP-Q2	L-minus-N-L1-D0	secondary	naturalistic_primary_development	0.9165802001953125	0.0009002685546875	positive	0.9165802001953125	stable_correct	-0.28793907165527344	0.0005950927734375	negative	-0.28793907165527344	stable_correct	0.5509109497070312	0.00014495849609375	positive	0.5509109497070312	stable_correct	resolved_direction_conflict
CMAD-HP-Q2-L-minus-N-L1-D01	CMAD-HP-Q2	L-minus-N-L1-D01	secondary	naturalistic_primary_development	1.6009159088134766	0.0009002685546875	positive	1.6009159088134766	stable_correct	-0.021081924438476562	0.0005950927734375	negative	-0.021081924438476562	stable_correct	1.4865789413452148	0.00014495849609375	positive	1.4865789413452148	stable_correct	resolved_direction_conflict
CMAD-HP-Q2-L-minus-N-L1-D10	CMAD-HP-Q2	L-minus-N-L1-D10	secondary	naturalistic_primary_development	1.2720584869384766	0.0009002685546875	positive	1.2720584869384766	stable_correct	-0.4094886779785156	0.0005950927734375	negative	-0.4094886779785156	stable_correct	0.42800331115722656	0.00014495849609375	positive	0.42800331115722656	stable_correct	resolved_direction_conflict
CMAD-HP-Q2-L-minus-N-L2-D0	CMAD-HP-Q2	L-minus-N-L2-D0	secondary	naturalistic_primary_development	-5.930839538574219	0.0009002685546875	negative	-5.930839538574219	stable_correct	-3.188201904296875	0.0005950927734375	negative	-3.188201904296875	stable_correct	-2.608750343322754	0.00014495849609375	negative	-2.608750343322754	stable_correct	same_resolved_direction
CMAD-HP-Q2-L-minus-N-L2-D01	CMAD-HP-Q2	L-minus-N-L2-D01	secondary	naturalistic_primary_development	-15.618858337402344	0.0009002685546875	negative	-15.618858337402344	stable_correct	-0.08987998962402344	0.0005950927734375	negative	-0.08987998962402344	stable_correct	-0.07216930389404297	0.00014495849609375	negative	-0.07216930389404297	stable_correct	same_resolved_direction
CMAD-HP-Q2-L-minus-N-L2-D10	CMAD-HP-Q2	L-minus-N-L2-D10	secondary	naturalistic_primary_development	-1.6328868865966797	0.0009002685546875	negative	-1.6328868865966797	stable_correct	1.3668289184570312	0.0005950927734375	positive	1.3668289184570312	stable_correct	-1.0769128799438477	0.00014495849609375	negative	-1.0769128799438477	stable_correct	resolved_direction_conflict
CMAD-HP-Q2-N-D0	CMAD-HP-Q2	N-D0	secondary	naturalistic_primary_development	-2.5797805786132812	0.0009002685546875	negative	-2.5797805786132812	stable_correct	-0.3787708282470703	0.0005950927734375	negative	-0.3787708282470703	stable_correct	-1.194291114807129	0.00014495849609375	negative	-1.194291114807129	stable_correct	same_resolved_direction
CMAD-HP-Q2-N-D01	CMAD-HP-Q2	N-D01	secondary	naturalistic_primary_development	-0.5576858520507812	0.0009002685546875	negative	-0.5576858520507812	stable_correct	2.9251956939697266	0.0005950927734375	positive	2.9251956939697266	stable_correct	-3.3213634490966797	0.00014495849609375	negative	-3.3213634490966797	stable_correct	resolved_direction_conflict
CMAD-HP-Q2-N-D10	CMAD-HP-Q2	N-D10	secondary	naturalistic_primary_development	-1.7119197845458984	0.0009002685546875	negative	-1.7119197845458984	stable_correct	0.06220436096191406	0.0005950927734375	positive	0.06220436096191406	stable_correct	-2.9965553283691406	0.00014495849609375	negative	-2.9965553283691406	stable_correct	resolved_direction_conflict
CMAD-HP-Q2-R-L0-W0	CMAD-HP-Q2	R-L0-W0	secondary	naturalistic_primary_development	-1.9829044342041016	0.0009002685546875	negative	-1.9829044342041016	stable_correct	-2.3214855194091797	0.0005950927734375	negative	-2.3214855194091797	stable_correct	-0.21863842010498047	0.00014495849609375	negative	-0.21863842010498047	stable_correct	same_resolved_direction
CMAD-HP-Q2-R-L0-W1	CMAD-HP-Q2	R-L0-W1	secondary	naturalistic_primary_development	-1.0996150970458984	0.0009002685546875	negative	-1.0996150970458984	stable_correct	3.416471481323242	0.0005950927734375	positive	3.416471481323242	stable_correct	-1.3562822341918945	0.00014495849609375	negative	-1.3562822341918945	stable_correct	resolved_direction_conflict
CMAD-HP-Q2-R-L1-W0	CMAD-HP-Q2	R-L1-W0	secondary	naturalistic_primary_development	-1.699167251586914	0.0009002685546875	negative	-1.699167251586914	stable_correct	-0.36061668395996094	0.0005950927734375	negative	-0.36061668395996094	stable_correct	-0.8015499114990234	0.00014495849609375	negative	-0.8015499114990234	stable_correct	same_resolved_direction
CMAD-HP-Q2-R-L1-W1	CMAD-HP-Q2	R-L1-W1	secondary	naturalistic_primary_development	-1.5651626586914062	0.0009002685546875	negative	-1.5651626586914062	stable_correct	-1.5282363891601562	0.0005950927734375	negative	-1.5282363891601562	stable_correct	-0.219970703125	0.00014495849609375	negative	-0.219970703125	stable_correct	same_resolved_direction
CMAD-HP-Q2-R-L2-W0	CMAD-HP-Q2	R-L2-W0	secondary	naturalistic_primary_development	8.091991424560547	0.0009002685546875	positive	8.091991424560547	stable_correct	0.4271736145019531	0.0005950927734375	positive	0.4271736145019531	stable_correct	-0.3986330032348633	0.00014495849609375	negative	-0.3986330032348633	stable_correct	resolved_direction_conflict
CMAD-HP-Q2-R-L2-W1	CMAD-HP-Q2	R-L2-W1	secondary	naturalistic_primary_development	12.719383239746094	0.0009002685546875	positive	12.719383239746094	stable_correct	-0.6671047210693359	0.0005950927734375	negative	-0.6671047210693359	stable_correct	-0.9853029251098633	0.00014495849609375	negative	-0.9853029251098633	stable_correct	resolved_direction_conflict
CMAD-HP-Q2-R-on-E-L1-W0	CMAD-HP-Q2	R-on-E-L1-W0	primary	naturalistic_primary_development	0.2837371826171875	0.001800537109375	positive	0.2837371826171875		1.9608688354492188	0.001190185546875	positive	1.9608688354492188		-0.582911491394043	0.0002899169921875	negative	-0.582911491394043		resolved_direction_conflict
CMAD-HP-Q2-R-on-E-L1-W1	CMAD-HP-Q2	R-on-E-L1-W1	primary	naturalistic_primary_development	-0.4655475616455078	0.001800537109375	negative	-0.4655475616455078		-4.944707870483398	0.001190185546875	negative	-4.944707870483398		1.1363115310668945	0.0002899169921875	positive	1.1363115310668945		resolved_direction_conflict
CMAD-HP-Q2-R-on-E-L2-W0	CMAD-HP-Q2	R-on-E-L2-W0	primary	naturalistic_primary_development	10.074895858764648	0.001800537109375	positive	10.074895858764648		2.748659133911133	0.001190185546875	positive	2.748659133911133		-0.1799945831298828	0.0002899169921875	negative	-0.1799945831298828		resolved_direction_conflict
CMAD-HP-Q2-R-on-E-L2-W1	CMAD-HP-Q2	R-on-E-L2-W1	primary	naturalistic_primary_development	13.818998336791992	0.001800537109375	positive	13.818998336791992		-4.083576202392578	0.001190185546875	negative	-4.083576202392578		0.37097930908203125	0.0002899169921875	positive	0.37097930908203125		resolved_direction_conflict
CMAD-HP-Q2-RW-L0	CMAD-HP-Q2	RW-L0	secondary	naturalistic_primary_development	0.8832893371582031	0.001800537109375	positive	0.8832893371582031		5.737957000732422	0.001190185546875	positive	5.737957000732422		-1.137643814086914	0.0002899169921875	negative	-1.137643814086914		resolved_direction_conflict
CMAD-HP-Q2-RW-L1	CMAD-HP-Q2	RW-L1	secondary	naturalistic_primary_development	0.1340045928955078	0.001800537109375	positive	0.1340045928955078		-1.1676197052001953	0.001190185546875	negative	-1.1676197052001953		0.5815792083740234	0.0002899169921875	positive	0.5815792083740234		resolved_direction_conflict
CMAD-HP-Q2-RW-L2	CMAD-HP-Q2	RW-L2	secondary	naturalistic_primary_development	4.627391815185547	0.001800537109375	positive	4.627391815185547		-1.094278335571289	0.001190185546875	negative	-1.094278335571289		-0.586669921875	0.0002899169921875	negative	-0.586669921875		resolved_direction_conflict
CMAD-HP-Q2-Swap-L0-D01	CMAD-HP-Q2	Swap-L0-D01	secondary	naturalistic_primary_development	-5.818668365478516	0.0009002685546875	negative	-5.818668365478516	stable_correct	-2.2457942962646484	0.0005950927734375	negative	-2.2457942962646484	stable_correct	-3.4713802337646484	0.00014495849609375	negative	-3.4713802337646484	stable_correct	same_resolved_direction
CMAD-HP-Q2-Swap-L0-D10	CMAD-HP-Q2	Swap-L0-D10	secondary	naturalistic_primary_development	-2.532419204711914	0.0009002685546875	negative	-2.532419204711914	stable_correct	-2.106952667236328	0.0005950927734375	negative	-2.106952667236328	stable_correct	-2.543463706970215	0.00014495849609375	negative	-2.543463706970215	stable_correct	same_resolved_direction
CMAD-HP-Q2-Swap-L1-D01	CMAD-HP-Q2	Swap-L1-D01	secondary	naturalistic_primary_development	-2.8898849487304688	0.0009002685546875	negative	-2.8898849487304688	stable_correct	-2.3625545501708984	0.0005950927734375	negative	-2.3625545501708984	stable_correct	-2.352572441101074	0.00014495849609375	negative	-2.352572441101074	stable_correct	same_resolved_direction
CMAD-HP-Q2-Swap-L1-D10	CMAD-HP-Q2	Swap-L1-D10	secondary	naturalistic_primary_development	-1.7266921997070312	0.0009002685546875	negative	-1.7266921997070312	stable_correct	-1.0293998718261719	0.0005950927734375	negative	-1.0293998718261719	stable_correct	-1.3838329315185547	0.00014495849609375	negative	-1.3838329315185547	stable_correct	same_resolved_direction
CMAD-HP-Q2-Swap-L2-D01	CMAD-HP-Q2	Swap-L2-D01	secondary	naturalistic_primary_development	-2.7489776611328125	0.0009002685546875	negative	-2.7489776611328125	stable_correct	-3.324708938598633	0.0005950927734375	negative	-3.324708938598633	stable_correct	-2.060410499572754	0.00014495849609375	negative	-2.060410499572754	stable_correct	same_resolved_direction
CMAD-HP-Q2-Swap-L2-D10	CMAD-HP-Q2	Swap-L2-D10	secondary	naturalistic_primary_development	-3.3713836669921875	0.0009002685546875	negative	-3.3713836669921875	stable_correct	-2.4489994049072266	0.0005950927734375	negative	-2.4489994049072266	stable_correct	-0.20612716674804688	0.00014495849609375	negative	-0.20612716674804688	stable_correct	same_resolved_direction
CMAD-HP-Q2-Swap-on-E-L1-D01	CMAD-HP-Q2	Swap-on-E-L1-D01	secondary	naturalistic_primary_development	2.928783416748047	0.001800537109375	positive	2.928783416748047		-0.11676025390625	0.001190185546875	negative	-0.11676025390625		1.1188077926635742	0.0002899169921875	positive	1.1188077926635742		resolved_direction_conflict
CMAD-HP-Q2-Swap-on-E-L1-D10	CMAD-HP-Q2	Swap-on-E-L1-D10	secondary	naturalistic_primary_development	0.8057270050048828	0.001800537109375	positive	0.8057270050048828		1.0775527954101562	0.001190185546875	positive	1.0775527954101562		1.1596307754516602	0.0002899169921875	positive	1.1596307754516602		same_resolved_direction
CMAD-HP-Q2-Swap-on-E-L2-D01	CMAD-HP-Q2	Swap-on-E-L2-D01	secondary	naturalistic_primary_development	3.069690704345703	0.001800537109375	positive	3.069690704345703		-1.0789146423339844	0.001190185546875	negative	-1.0789146423339844		1.4109697341918945	0.0002899169921875	positive	1.4109697341918945		resolved_direction_conflict
CMAD-HP-Q2-Swap-on-E-L2-D10	CMAD-HP-Q2	Swap-on-E-L2-D10	secondary	naturalistic_primary_development	-0.8389644622802734	0.001800537109375	negative	-0.8389644622802734		-0.34204673767089844	0.001190185546875	negative	-0.34204673767089844		2.337336540222168	0.0002899169921875	positive	2.337336540222168		resolved_direction_conflict
CMAD-HP-Q2-W-L0-R0	CMAD-HP-Q2	W-L0-R0	secondary	naturalistic_primary_development	-1.8859081268310547	0.0009002685546875	negative	-1.8859081268310547	stable_correct	-5.377458572387695	0.0005950927734375	negative	-5.377458572387695	stable_correct	-0.6205301284790039	0.00014495849609375	negative	-0.6205301284790039	stable_correct	same_resolved_direction
CMAD-HP-Q2-W-L0-R1	CMAD-HP-Q2	W-L0-R1	secondary	naturalistic_primary_development	-1.0026187896728516	0.0009002685546875	negative	-1.0026187896728516	stable_correct	0.36049842834472656	0.0005950927734375	positive	0.36049842834472656	stable_correct	-1.758173942565918	0.00014495849609375	negative	-1.758173942565918	stable_correct	resolved_direction_conflict
CMAD-HP-Q2-W-L1-R0	CMAD-HP-Q2	W-L1-R0	secondary	naturalistic_primary_development	-0.11907958984375	0.0009002685546875	negative	-0.11907958984375	stable_correct	-0.165191650390625	0.0005950927734375	negative	-0.165191650390625	stable_correct	-0.46967411041259766	0.00014495849609375	negative	-0.46967411041259766	stable_correct	same_resolved_direction
CMAD-HP-Q2-W-L1-R1	CMAD-HP-Q2	W-L1-R1	secondary	naturalistic_primary_development	0.014925003051757812	0.0009002685546875	positive	0.014925003051757812	stable_correct	-1.3328113555908203	0.0005950927734375	negative	-1.3328113555908203	stable_correct	0.11190509796142578	0.00014495849609375	positive	0.11190509796142578	stable_correct	resolved_direction_conflict
CMAD-HP-Q2-W-L2-R0	CMAD-HP-Q2	W-L2-R0	secondary	naturalistic_primary_development	-4.642749786376953	0.0009002685546875	negative	-4.642749786376953	stable_correct	-1.2225170135498047	0.0005950927734375	negative	-1.2225170135498047	stable_correct	-0.1205892562866211	0.00014495849609375	negative	-0.1205892562866211	stable_correct	same_resolved_direction
CMAD-HP-Q2-W-L2-R1	CMAD-HP-Q2	W-L2-R1	secondary	naturalistic_primary_development	-0.01535797119140625	0.0009002685546875	negative	-0.01535797119140625	stable_correct	-2.3167953491210938	0.0005950927734375	negative	-2.3167953491210938	stable_correct	-0.7072591781616211	0.00014495849609375	negative	-0.7072591781616211	stable_correct	same_resolved_direction
CMAD-HP-Q2-W-on-E-L1-R0	CMAD-HP-Q2	W-on-E-L1-R0	primary	naturalistic_primary_development	1.7668285369873047	0.001800537109375	positive	1.7668285369873047		5.21226692199707	0.001190185546875	positive	5.21226692199707		0.15085601806640625	0.0002899169921875	positive	0.15085601806640625		same_resolved_direction
CMAD-HP-Q2-W-on-E-L1-R1	CMAD-HP-Q2	W-on-E-L1-R1	primary	naturalistic_primary_development	1.0175437927246094	0.001800537109375	positive	1.0175437927246094		-1.6933097839355469	0.001190185546875	negative	-1.6933097839355469		1.8700790405273438	0.0002899169921875	positive	1.8700790405273438		resolved_direction_conflict
CMAD-HP-Q2-W-on-E-L2-R0	CMAD-HP-Q2	W-on-E-L2-R0	primary	naturalistic_primary_development	-2.7568416595458984	0.001800537109375	negative	-2.7568416595458984		4.154941558837891	0.001190185546875	positive	4.154941558837891		0.4999408721923828	0.0002899169921875	positive	0.4999408721923828		resolved_direction_conflict
CMAD-HP-Q2-W-on-E-L2-R1	CMAD-HP-Q2	W-on-E-L2-R1	primary	naturalistic_primary_development	0.9872608184814453	0.001800537109375	positive	0.9872608184814453		-2.6772937774658203	0.001190185546875	negative	-2.6772937774658203		1.0509147644042969	0.0002899169921875	positive	1.0509147644042969		resolved_direction_conflict
CMAD-HP-Q3-D-L0-D00	CMAD-HP-Q3	D-L0-D00	secondary	naturalistic_primary_development	-2.441133499145508	0.0009002685546875	negative	2.441133499145508	stable_correct	-2.0606765747070312	0.0005950927734375	negative	2.0606765747070312	stable_correct	-0.33263206481933594	0.00014495849609375	negative	0.33263206481933594	stable_correct	same_resolved_direction
CMAD-HP-Q3-D-L0-D01	CMAD-HP-Q3	D-L0-D01	secondary	naturalistic_primary_development	-1.9239845275878906	0.0009002685546875	negative	1.9239845275878906	stable_correct	-0.09054183959960938	0.0005950927734375	negative	0.09054183959960938	stable_correct	-0.3385810852050781	0.00014495849609375	negative	0.3385810852050781	stable_correct	same_resolved_direction
CMAD-HP-Q3-D-L0-D10	CMAD-HP-Q3	D-L0-D10	secondary	naturalistic_primary_development	-2.792865753173828	0.0009002685546875	negative	2.792865753173828	stable_correct	-3.011716842651367	0.0005950927734375	negative	3.011716842651367	stable_correct	-0.9675312042236328	0.00014495849609375	negative	0.9675312042236328	stable_correct	same_resolved_direction
CMAD-HP-Q3-D-L0-D11	CMAD-HP-Q3	D-L0-D11	secondary	naturalistic_primary_development	-0.3839282989501953	0.0009002685546875	negative	0.3839282989501953	stable_correct	-2.4220333099365234	0.0005950927734375	negative	2.4220333099365234	stable_correct	-0.8635139465332031	0.00014495849609375	negative	0.8635139465332031	stable_correct	same_resolved_direction
CMAD-HP-Q3-D-L1-D00	CMAD-HP-Q3	D-L1-D00	secondary	naturalistic_primary_development	-3.0618152618408203	0.0009002685546875	negative	3.0618152618408203	stable_correct	-5.911157608032227	0.0005950927734375	negative	5.911157608032227	stable_correct	-0.2588348388671875	0.00014495849609375	negative	0.2588348388671875	stable_correct	same_resolved_direction
CMAD-HP-Q3-D-L1-D01	CMAD-HP-Q3	D-L1-D01	secondary	naturalistic_primary_development	-2.503326416015625	0.0009002685546875	negative	2.503326416015625	stable_correct	-5.545919418334961	0.0005950927734375	negative	5.545919418334961	stable_correct	-0.15645599365234375	0.00014495849609375	negative	0.15645599365234375	stable_correct	same_resolved_direction
CMAD-HP-Q3-D-L1-D10	CMAD-HP-Q3	D-L1-D10	secondary	naturalistic_primary_development	-2.216571807861328	0.0009002685546875	negative	2.216571807861328	stable_correct	-6.386333465576172	0.0005950927734375	negative	6.386333465576172	stable_correct	-0.4663219451904297	0.00014495849609375	negative	0.4663219451904297	stable_correct	same_resolved_direction
CMAD-HP-Q3-D-L1-D11	CMAD-HP-Q3	D-L1-D11	secondary	naturalistic_primary_development	-3.329120635986328	0.0009002685546875	negative	3.329120635986328	stable_correct	-6.638134002685547	0.0005950927734375	negative	6.638134002685547	stable_correct	-0.9976272583007812	0.00014495849609375	negative	0.9976272583007812	stable_correct	same_resolved_direction
CMAD-HP-Q3-D-L2-D00	CMAD-HP-Q3	D-L2-D00	secondary	naturalistic_primary_development	-3.735809326171875	0.0009002685546875	negative	3.735809326171875	stable_correct	-4.337276458740234	0.0005950927734375	negative	4.337276458740234	stable_correct	0.11577224731445312	0.00014495849609375	positive	-0.11577224731445312	stable_correct	resolved_direction_conflict
CMAD-HP-Q3-D-L2-D01	CMAD-HP-Q3	D-L2-D01	secondary	naturalistic_primary_development	-2.3128833770751953	0.0009002685546875	negative	2.3128833770751953	stable_correct	-4.018829345703125	0.0005950927734375	negative	4.018829345703125	stable_correct	-0.029474258422851562	0.00014495849609375	negative	0.029474258422851562	stable_correct	same_resolved_direction
CMAD-HP-Q3-D-L2-D10	CMAD-HP-Q3	D-L2-D10	secondary	naturalistic_primary_development	-2.360858917236328	0.0009002685546875	negative	2.360858917236328	stable_correct	-4.106645584106445	0.0005950927734375	negative	4.106645584106445	stable_correct	-0.3006458282470703	0.00014495849609375	negative	0.3006458282470703	stable_correct	same_resolved_direction
CMAD-HP-Q3-D-L2-D11	CMAD-HP-Q3	D-L2-D11	secondary	naturalistic_primary_development	-1.691305160522461	0.0009002685546875	negative	1.691305160522461	stable_correct	-3.896829605102539	0.0005950927734375	negative	3.896829605102539	stable_correct	-0.46545982360839844	0.00014495849609375	negative	0.46545982360839844	stable_correct	same_resolved_direction
CMAD-HP-Q3-E-L1-D0	CMAD-HP-Q3	E-L1-D0	primary	naturalistic_primary_development	2.132862091064453	0.0009002685546875	positive	-2.132862091064453	stable_correct	4.6040802001953125	0.0005950927734375	positive	-4.6040802001953125	stable_correct	0.8686561584472656	0.00014495849609375	positive	-0.8686561584472656	stable_correct	same_resolved_direction
CMAD-HP-Q3-E-L1-D00	CMAD-HP-Q3	E-L1-D00	primary	naturalistic_primary_development	1.5121803283691406	0.0009002685546875	positive	-1.5121803283691406	stable_correct	0.7535991668701172	0.0005950927734375	positive	-0.7535991668701172	stable_correct	0.9424533843994141	0.00014495849609375	positive	-0.9424533843994141	stable_correct	same_resolved_direction
CMAD-HP-Q3-E-L1-D01	CMAD-HP-Q3	E-L1-D01	primary	naturalistic_primary_development	1.5535202026367188	0.0009002685546875	positive	-1.5535202026367188	stable_correct	-0.8512973785400391	0.0005950927734375	negative	0.8512973785400391	stable_correct	1.05078125	0.00014495849609375	positive	-1.05078125	stable_correct	resolved_direction_conflict
CMAD-HP-Q3-E-L1-D10	CMAD-HP-Q3	E-L1-D10	primary	naturalistic_primary_development	2.709156036376953	0.0009002685546875	positive	-2.709156036376953	stable_correct	1.2294635772705078	0.0005950927734375	positive	-1.2294635772705078	stable_correct	1.3698654174804688	0.00014495849609375	positive	-1.3698654174804688	stable_correct	same_resolved_direction
CMAD-HP-Q3-E-L1-D11	CMAD-HP-Q3	E-L1-D11	primary	naturalistic_primary_development	-0.8123302459716797	0.0009002685546875	negative	0.8123302459716797	stable_correct	0.38797950744628906	0.0005950927734375	positive	-0.38797950744628906	stable_correct	0.7345428466796875	0.00014495849609375	positive	-0.7345428466796875	stable_correct	resolved_direction_conflict
CMAD-HP-Q3-E-L2-D0	CMAD-HP-Q3	E-L2-D0	primary	naturalistic_primary_development	0.9081592559814453	0.0009002685546875	positive	-0.9081592559814453	stable_correct	1.6711044311523438	0.0005950927734375	positive	-1.6711044311523438	stable_correct	0.3507099151611328	0.00014495849609375	positive	-0.3507099151611328	stable_correct	same_resolved_direction
CMAD-HP-Q3-E-L2-D00	CMAD-HP-Q3	E-L2-D00	primary	naturalistic_primary_development	-0.3865165710449219	0.0009002685546875	negative	0.3865165710449219	stable_correct	-0.6054954528808594	0.0005950927734375	negative	0.6054954528808594	stable_correct	0.7991142272949219	0.00014495849609375	positive	-0.7991142272949219	stable_correct	resolved_direction_conflict
CMAD-HP-Q3-E-L2-D01	CMAD-HP-Q3	E-L2-D01	primary	naturalistic_primary_development	0.5192604064941406	0.0009002685546875	positive	-0.5192604064941406	stable_correct	-2.257183074951172	0.0005950927734375	negative	2.257183074951172	stable_correct	0.6598167419433594	0.00014495849609375	positive	-0.6598167419433594	stable_correct	resolved_direction_conflict
CMAD-HP-Q3-E-L2-D10	CMAD-HP-Q3	E-L2-D10	primary	naturalistic_primary_development	1.3401660919189453	0.0009002685546875	positive	-1.3401660919189453	stable_correct	0.5761756896972656	0.0005950927734375	positive	-0.5761756896972656	stable_correct	1.0175952911376953	0.00014495849609375	positive	-1.0175952911376953	stable_correct	same_resolved_direction
CMAD-HP-Q3-E-L2-D11	CMAD-HP-Q3	E-L2-D11	primary	naturalistic_primary_development	-0.3992176055908203	0.0009002685546875	negative	0.3992176055908203	stable_correct	0.19630813598632812	0.0005950927734375	positive	-0.19630813598632812	stable_correct	0.7487640380859375	0.00014495849609375	positive	-0.7487640380859375	stable_correct	resolved_direction_conflict
CMAD-HP-Q3-I-L1-D00	CMAD-HP-Q3	I-L1-D00	primary	naturalistic_primary_development	-0.6206817626953125	0.001800537109375	negative	0.6206817626953125		-3.8504810333251953	0.001190185546875	negative	3.8504810333251953		0.07379722595214844	0.0002899169921875	positive	-0.07379722595214844		resolved_direction_conflict
CMAD-HP-Q3-I-L1-D01	CMAD-HP-Q3	I-L1-D01	primary	naturalistic_primary_development	-0.5793418884277344	0.001800537109375	negative	0.5793418884277344		-5.455377578735352	0.001190185546875	negative	5.455377578735352		0.18212509155273438	0.0002899169921875	positive	-0.18212509155273438		resolved_direction_conflict
CMAD-HP-Q3-I-L1-D10	CMAD-HP-Q3	I-L1-D10	primary	naturalistic_primary_development	0.5762939453125	0.001800537109375	positive	-0.5762939453125		-3.3746166229248047	0.001190185546875	negative	3.3746166229248047		0.5012092590332031	0.0002899169921875	positive	-0.5012092590332031		resolved_direction_conflict
CMAD-HP-Q3-I-L1-D11	CMAD-HP-Q3	I-L1-D11	primary	naturalistic_primary_development	-2.945192337036133	0.001800537109375	negative	2.945192337036133		-4.216100692749023	0.001190185546875	negative	4.216100692749023		-0.13411331176757812	0.0002899169921875	negative	0.13411331176757812		same_resolved_direction
CMAD-HP-Q3-I-L2-D00	CMAD-HP-Q3	I-L2-D00	primary	naturalistic_primary_development	-1.2946758270263672	0.001800537109375	negative	1.2946758270263672		-2.276599884033203	0.001190185546875	negative	2.276599884033203		0.44840431213378906	0.0002899169921875	positive	-0.44840431213378906		resolved_direction_conflict
CMAD-HP-Q3-I-L2-D01	CMAD-HP-Q3	I-L2-D01	primary	naturalistic_primary_development	-0.3888988494873047	0.001800537109375	negative	0.3888988494873047		-3.9282875061035156	0.001190185546875	negative	3.9282875061035156		0.30910682678222656	0.0002899169921875	positive	-0.30910682678222656		resolved_direction_conflict
CMAD-HP-Q3-I-L2-D10	CMAD-HP-Q3	I-L2-D10	primary	naturalistic_primary_development	0.4320068359375	0.001800537109375	positive	-0.4320068359375		-1.0949287414550781	0.001190185546875	negative	1.0949287414550781		0.6668853759765625	0.0002899169921875	positive	-0.6668853759765625		resolved_direction_conflict
CMAD-HP-Q3-I-L2-D11	CMAD-HP-Q3	I-L2-D11	primary	naturalistic_primary_development	-1.3073768615722656	0.001800537109375	negative	1.3073768615722656		-1.4747962951660156	0.001190185546875	negative	1.4747962951660156		0.3980541229248047	0.0002899169921875	positive	-0.3980541229248047		resolved_direction_conflict
CMAD-HP-Q3-L-minus-N-L1-D0	CMAD-HP-Q3	L-minus-N-L1-D0	secondary	naturalistic_primary_development	0.16504287719726562	0.0009002685546875	positive	-0.16504287719726562	stable_correct	1.1731758117675781	0.0005950927734375	positive	-1.1731758117675781	stable_correct	-0.0077362060546875	0.00014495849609375	negative	0.0077362060546875	stable_correct	resolved_direction_conflict
CMAD-HP-Q3-L-minus-N-L1-D01	CMAD-HP-Q3	L-minus-N-L1-D01	secondary	naturalistic_primary_development	1.00994873046875	0.0009002685546875	positive	-1.00994873046875	stable_correct	0.2635498046875	0.0005950927734375	positive	-0.2635498046875	stable_correct	-0.057033538818359375	0.00014495849609375	negative	0.057033538818359375	stable_correct	resolved_direction_conflict
CMAD-HP-Q3-L-minus-N-L1-D10	CMAD-HP-Q3	L-minus-N-L1-D10	secondary	naturalistic_primary_development	1.8621597290039062	0.0009002685546875	positive	-1.8621597290039062	stable_correct	0.07811164855957031	0.0005950927734375	positive	-0.07811164855957031	stable_correct	-0.04898262023925781	0.00014495849609375	negative	0.04898262023925781	stable_correct	resolved_direction_conflict
CMAD-HP-Q3-L-minus-N-L2-D0	CMAD-HP-Q3	L-minus-N-L2-D0	secondary	naturalistic_primary_development	-1.0596599578857422	0.0009002685546875	negative	1.0596599578857422	stable_correct	-1.7597999572753906	0.0005950927734375	negative	1.7597999572753906	stable_correct	-0.5256824493408203	0.00014495849609375	negative	0.5256824493408203	stable_correct	same_resolved_direction
CMAD-HP-Q3-L-minus-N-L2-D01	CMAD-HP-Q3	L-minus-N-L2-D01	secondary	naturalistic_primary_development	-0.024311065673828125	0.0009002685546875	negative	0.024311065673828125	stable_correct	-1.1423358917236328	0.0005950927734375	negative	1.1423358917236328	stable_correct	-0.447998046875	0.00014495849609375	negative	0.447998046875	stable_correct	same_resolved_direction
CMAD-HP-Q3-L-minus-N-L2-D10	CMAD-HP-Q3	L-minus-N-L2-D10	secondary	naturalistic_primary_development	0.49316978454589844	0.0009002685546875	positive	-0.49316978454589844	stable_correct	-0.5751762390136719	0.0005950927734375	negative	0.5751762390136719	stable_correct	-0.40125274658203125	0.00014495849609375	negative	0.40125274658203125	stable_correct	resolved_direction_conflict
CMAD-HP-Q3-N-D0	CMAD-HP-Q3	N-D0	secondary	naturalistic_primary_development	1.9678192138671875	0.0009002685546875	positive	-1.9678192138671875	stable_correct	3.4309043884277344	0.0005950927734375	positive	-3.4309043884277344	stable_correct	0.8763923645019531	0.00014495849609375	positive	-0.8763923645019531	stable_correct	same_resolved_direction
CMAD-HP-Q3-N-D01	CMAD-HP-Q3	N-D01	secondary	naturalistic_primary_development	0.5435714721679688	0.0009002685546875	positive	-0.5435714721679688	stable_correct	-1.114847183227539	0.0005950927734375	negative	1.114847183227539	stable_correct	1.1078147888183594	0.00014495849609375	positive	-1.1078147888183594	stable_correct	resolved_direction_conflict
CMAD-HP-Q3-N-D10	CMAD-HP-Q3	N-D10	secondary	naturalistic_primary_development	0.8469963073730469	0.0009002685546875	positive	-0.8469963073730469	stable_correct	1.1513519287109375	0.0005950927734375	positive	-1.1513519287109375	stable_correct	1.4188480377197266	0.00014495849609375	positive	-1.4188480377197266	stable_correct	same_resolved_direction
CMAD-HP-Q3-R-L0-W0	CMAD-HP-Q3	R-L0-W0	secondary	naturalistic_primary_development	-0.3517322540283203	0.0009002685546875	negative	0.3517322540283203	stable_correct	-0.9510402679443359	0.0005950927734375	negative	0.9510402679443359	stable_correct	-0.6348991394042969	0.00014495849609375	negative	0.6348991394042969	stable_correct	same_resolved_direction
CMAD-HP-Q3-R-L0-W1	CMAD-HP-Q3	R-L0-W1	secondary	naturalistic_primary_development	1.5400562286376953	0.0009002685546875	positive	-1.5400562286376953	stable_correct	-2.331491470336914	0.0005950927734375	negative	2.331491470336914	stable_correct	-0.524932861328125	0.00014495849609375	negative	0.524932861328125	stable_correct	resolved_direction_conflict
CMAD-HP-Q3-R-L1-W0	CMAD-HP-Q3	R-L1-W0	secondary	naturalistic_primary_development	0.8452434539794922	0.0009002685546875	positive	-0.8452434539794922	stable_correct	-0.4751758575439453	0.0005950927734375	negative	0.4751758575439453	stable_correct	-0.2074871063232422	0.00014495849609375	negative	0.2074871063232422	stable_correct	resolved_direction_conflict
CMAD-HP-Q3-R-L1-W1	CMAD-HP-Q3	R-L1-W1	secondary	naturalistic_primary_development	-0.8257942199707031	0.0009002685546875	negative	0.8257942199707031	stable_correct	-1.092214584350586	0.0005950927734375	negative	1.092214584350586	stable_correct	-0.8411712646484375	0.00014495849609375	negative	0.8411712646484375	stable_correct	same_resolved_direction
CMAD-HP-Q3-R-L2-W0	CMAD-HP-Q3	R-L2-W0	secondary	naturalistic_primary_development	1.3749504089355469	0.0009002685546875	positive	-1.3749504089355469	stable_correct	0.23063087463378906	0.0005950927734375	positive	-0.23063087463378906	stable_correct	-0.41641807556152344	0.00014495849609375	negative	0.41641807556152344	stable_correct	resolved_direction_conflict
CMAD-HP-Q3-R-L2-W1	CMAD-HP-Q3	R-L2-W1	secondary	naturalistic_primary_development	0.6215782165527344	0.0009002685546875	positive	-0.6215782165527344	stable_correct	0.12199974060058594	0.0005950927734375	positive	-0.12199974060058594	stable_correct	-0.4359855651855469	0.00014495849609375	negative	0.4359855651855469	stable_correct	resolved_direction_conflict
CMAD-HP-Q3-R-on-E-L1-W0	CMAD-HP-Q3	R-on-E-L1-W0	primary	naturalistic_primary_development	1.1969757080078125	0.001800537109375	positive	-1.1969757080078125		0.4758644104003906	0.001190185546875	positive	-0.4758644104003906		0.4274120330810547	0.0002899169921875	positive	-0.4274120330810547		same_resolved_direction
CMAD-HP-Q3-R-on-E-L1-W1	CMAD-HP-Q3	R-on-E-L1-W1	primary	naturalistic_primary_development	-2.3658504486083984	0.001800537109375	negative	2.3658504486083984		1.2392768859863281	0.001190185546875	positive	-1.2392768859863281		-0.3162384033203125	0.0002899169921875	negative	0.3162384033203125		resolved_direction_conflict
CMAD-HP-Q3-R-on-E-L2-W0	CMAD-HP-Q3	R-on-E-L2-W0	primary	naturalistic_primary_development	1.7266826629638672	0.001800537109375	positive	-1.7266826629638672		1.181671142578125	0.001190185546875	positive	-1.181671142578125		0.21848106384277344	0.0002899169921875	positive	-0.21848106384277344		same_resolved_direction
CMAD-HP-Q3-R-on-E-L2-W1	CMAD-HP-Q3	R-on-E-L2-W1	primary	naturalistic_primary_development	-0.9184780120849609	0.001800537109375	negative	0.9184780120849609		2.4534912109375	0.001190185546875	positive	-2.4534912109375		0.08894729614257812	0.0002899169921875	positive	-0.08894729614257812		resolved_direction_conflict
CMAD-HP-Q3-RW-L0	CMAD-HP-Q3	RW-L0	secondary	naturalistic_primary_development	1.8917884826660156	0.001800537109375	positive	-1.8917884826660156		-1.3804512023925781	0.001190185546875	negative	1.3804512023925781		0.10996627807617188	0.0002899169921875	positive	-0.10996627807617188		resolved_direction_conflict
CMAD-HP-Q3-RW-L1	CMAD-HP-Q3	RW-L1	secondary	naturalistic_primary_development	-1.6710376739501953	0.001800537109375	negative	1.6710376739501953		-0.6170387268066406	0.001190185546875	negative	0.6170387268066406		-0.6336841583251953	0.0002899169921875	negative	0.6336841583251953		same_resolved_direction
CMAD-HP-Q3-RW-L2	CMAD-HP-Q3	RW-L2	secondary	naturalistic_primary_development	-0.7533721923828125	0.001800537109375	negative	0.7533721923828125		-0.10863113403320312	0.001190185546875	negative	0.10863113403320312		-0.019567489624023438	0.0002899169921875	negative	0.019567489624023438		same_resolved_direction
CMAD-HP-Q3-Swap-L0-D01	CMAD-HP-Q3	Swap-L0-D01	secondary	naturalistic_primary_development	3.354839324951172	0.0009002685546875	positive	-3.354839324951172	stable_correct	2.5393028259277344	0.0005950927734375	positive	-2.5393028259277344	stable_correct	1.1669769287109375	0.00014495849609375	positive	-1.1669769287109375	stable_correct	same_resolved_direction
CMAD-HP-Q3-Swap-L0-D10	CMAD-HP-Q3	Swap-L0-D10	secondary	naturalistic_primary_development	5.6479644775390625	0.0009002685546875	positive	-5.6479644775390625	stable_correct	2.9369125366210938	0.0005950927734375	positive	-2.9369125366210938	stable_correct	1.6948928833007812	0.00014495849609375	positive	-1.6948928833007812	stable_correct	same_resolved_direction
CMAD-HP-Q3-Swap-L1-D01	CMAD-HP-Q3	Swap-L1-D01	secondary	naturalistic_primary_development	4.2639007568359375	0.0009002685546875	positive	-4.2639007568359375	stable_correct	2.1139488220214844	0.0005950927734375	positive	-2.1139488220214844	stable_correct	0.8259410858154297	0.00014495849609375	positive	-0.8259410858154297	stable_correct	same_resolved_direction
CMAD-HP-Q3-Swap-L1-D10	CMAD-HP-Q3	Swap-L1-D10	secondary	naturalistic_primary_development	4.934749603271484	0.0009002685546875	positive	-4.934749603271484	stable_correct	2.6486167907714844	0.0005950927734375	positive	-2.6486167907714844	stable_correct	1.1509952545166016	0.00014495849609375	positive	-1.1509952545166016	stable_correct	same_resolved_direction
CMAD-HP-Q3-Swap-L2-D01	CMAD-HP-Q3	Swap-L2-D01	secondary	naturalistic_primary_development	4.040977478027344	0.0009002685546875	positive	-4.040977478027344	stable_correct	3.1373825073242188	0.0005950927734375	positive	-3.1373825073242188	stable_correct	0.5086212158203125	0.00014495849609375	positive	-0.5086212158203125	stable_correct	same_resolved_direction
CMAD-HP-Q3-Swap-L2-D10	CMAD-HP-Q3	Swap-L2-D10	secondary	naturalistic_primary_development	5.155397415161133	0.0009002685546875	positive	-5.155397415161133	stable_correct	3.82794189453125	0.0005950927734375	positive	-3.82794189453125	stable_correct	0.9942264556884766	0.00014495849609375	positive	-0.9942264556884766	stable_correct	same_resolved_direction
CMAD-HP-Q3-Swap-on-E-L1-D01	CMAD-HP-Q3	Swap-on-E-L1-D01	secondary	naturalistic_primary_development	0.9090614318847656	0.001800537109375	positive	-0.9090614318847656		-0.42535400390625	0.001190185546875	negative	0.42535400390625		-0.3410358428955078	0.0002899169921875	negative	0.3410358428955078		resolved_direction_conflict
CMAD-HP-Q3-Swap-on-E-L1-D10	CMAD-HP-Q3	Swap-on-E-L1-D10	secondary	naturalistic_primary_development	-0.7132148742675781	0.001800537109375	negative	0.7132148742675781		-0.2882957458496094	0.001190185546875	negative	0.2882957458496094		-0.5438976287841797	0.0002899169921875	negative	0.5438976287841797		same_resolved_direction
CMAD-HP-Q3-Swap-on-E-L2-D01	CMAD-HP-Q3	Swap-on-E-L2-D01	secondary	naturalistic_primary_development	0.6861381530761719	0.001800537109375	positive	-0.6861381530761719		0.5980796813964844	0.001190185546875	positive	-0.5980796813964844		-0.658355712890625	0.0002899169921875	negative	0.658355712890625		resolved_direction_conflict
CMAD-HP-Q3-Swap-on-E-L2-D10	CMAD-HP-Q3	Swap-on-E-L2-D10	secondary	naturalistic_primary_development	-0.4925670623779297	0.001800537109375	negative	0.4925670623779297		0.8910293579101562	0.001190185546875	positive	-0.8910293579101562		-0.7006664276123047	0.0002899169921875	negative	0.7006664276123047		resolved_direction_conflict
CMAD-HP-Q3-W-L0-R0	CMAD-HP-Q3	W-L0-R0	secondary	naturalistic_primary_development	0.5171489715576172	0.0009002685546875	positive	-0.5171489715576172	stable_correct	1.9701347351074219	0.0005950927734375	positive	-1.9701347351074219	stable_correct	-0.0059490203857421875	0.00014495849609375	negative	0.0059490203857421875	stable_correct	resolved_direction_conflict
CMAD-HP-Q3-W-L0-R1	CMAD-HP-Q3	W-L0-R1	secondary	naturalistic_primary_development	2.408937454223633	0.0009002685546875	positive	-2.408937454223633	stable_correct	0.5896835327148438	0.0005950927734375	positive	-0.5896835327148438	stable_correct	0.10401725769042969	0.00014495849609375	positive	-0.10401725769042969	stable_correct	same_resolved_direction
CMAD-HP-Q3-W-L1-R0	CMAD-HP-Q3	W-L1-R0	secondary	naturalistic_primary_development	0.5584888458251953	0.0009002685546875	positive	-0.5584888458251953	stable_correct	0.3652381896972656	0.0005950927734375	positive	-0.3652381896972656	stable_correct	0.10237884521484375	0.00014495849609375	positive	-0.10237884521484375	stable_correct	same_resolved_direction
CMAD-HP-Q3-W-L1-R1	CMAD-HP-Q3	W-L1-R1	secondary	naturalistic_primary_development	-1.112548828125	0.0009002685546875	negative	1.112548828125	stable_correct	-0.251800537109375	0.0005950927734375	negative	0.251800537109375	stable_correct	-0.5313053131103516	0.00014495849609375	negative	0.5313053131103516	stable_correct	same_resolved_direction
CMAD-HP-Q3-W-L2-R0	CMAD-HP-Q3	W-L2-R0	secondary	naturalistic_primary_development	1.4229259490966797	0.0009002685546875	positive	-1.4229259490966797	stable_correct	0.3184471130371094	0.0005950927734375	positive	-0.3184471130371094	stable_correct	-0.1452465057373047	0.00014495849609375	negative	0.1452465057373047	stable_correct	resolved_direction_conflict
CMAD-HP-Q3-W-L2-R1	CMAD-HP-Q3	W-L2-R1	secondary	naturalistic_primary_development	0.6695537567138672	0.0009002685546875	positive	-0.6695537567138672	stable_correct	0.20981597900390625	0.0005950927734375	positive	-0.20981597900390625	stable_correct	-0.16481399536132812	0.00014495849609375	negative	0.16481399536132812	stable_correct	resolved_direction_conflict
CMAD-HP-Q3-W-on-E-L1-R0	CMAD-HP-Q3	W-on-E-L1-R0	primary	naturalistic_primary_development	0.041339874267578125	0.001800537109375	positive	-0.041339874267578125		-1.6048965454101562	0.001190185546875	negative	1.6048965454101562		0.10832786560058594	0.0002899169921875	positive	-0.10832786560058594		resolved_direction_conflict
CMAD-HP-Q3-W-on-E-L1-R1	CMAD-HP-Q3	W-on-E-L1-R1	primary	naturalistic_primary_development	-3.521486282348633	0.001800537109375	negative	3.521486282348633		-0.8414840698242188	0.001190185546875	negative	0.8414840698242188		-0.6353225708007812	0.0002899169921875	negative	0.6353225708007812		same_resolved_direction
CMAD-HP-Q3-W-on-E-L2-R0	CMAD-HP-Q3	W-on-E-L2-R0	primary	naturalistic_primary_development	0.9057769775390625	0.001800537109375	positive	-0.9057769775390625		-1.6516876220703125	0.001190185546875	negative	1.6516876220703125		-0.1392974853515625	0.0002899169921875	negative	0.1392974853515625		resolved_direction_conflict
CMAD-HP-Q3-W-on-E-L2-R1	CMAD-HP-Q3	W-on-E-L2-R1	primary	naturalistic_primary_development	-1.7393836975097656	0.001800537109375	negative	1.7393836975097656		-0.3798675537109375	0.001190185546875	negative	0.3798675537109375		-0.2688312530517578	0.0002899169921875	negative	0.2688312530517578		same_resolved_direction
CMAD-HP-Q4-D-L0-D00	CMAD-HP-Q4	D-L0-D00	secondary	naturalistic_primary_development	-2.9498844146728516	0.0009002685546875	negative	2.9498844146728516	stable_correct	-2.4320735931396484	0.0005950927734375	negative	2.4320735931396484	stable_correct	-0.1459369659423828	0.00014495849609375	negative	0.1459369659423828	stable_correct	same_resolved_direction
CMAD-HP-Q4-D-L0-D01	CMAD-HP-Q4	D-L0-D01	secondary	naturalistic_primary_development	-2.094419479370117	0.0009002685546875	negative	2.094419479370117	stable_correct	-0.42122650146484375	0.0005950927734375	negative	0.42122650146484375	stable_correct	-0.08366012573242188	0.00014495849609375	negative	0.08366012573242188	stable_correct	same_resolved_direction
CMAD-HP-Q4-D-L0-D10	CMAD-HP-Q4	D-L0-D10	secondary	naturalistic_primary_development	-2.584087371826172	0.0009002685546875	negative	2.584087371826172	stable_correct	-3.9509658813476562	0.0005950927734375	negative	3.9509658813476562	stable_correct	-0.3845691680908203	0.00014495849609375	negative	0.3845691680908203	stable_correct	same_resolved_direction
CMAD-HP-Q4-D-L0-D11	CMAD-HP-Q4	D-L0-D11	secondary	naturalistic_primary_development	-1.3259563446044922	0.0009002685546875	negative	1.3259563446044922	stable_correct	-0.23214149475097656	0.0005950927734375	negative	0.23214149475097656	stable_correct	-0.598907470703125	0.00014495849609375	negative	0.598907470703125	stable_correct	same_resolved_direction
CMAD-HP-Q4-D-L1-D00	CMAD-HP-Q4	D-L1-D00	secondary	naturalistic_primary_development	-2.840106964111328	0.0009002685546875	negative	2.840106964111328	stable_correct	-5.859806060791016	0.0005950927734375	negative	5.859806060791016	stable_correct	0.19884109497070312	0.00014495849609375	positive	-0.19884109497070312	stable_correct	resolved_direction_conflict
CMAD-HP-Q4-D-L1-D01	CMAD-HP-Q4	D-L1-D01	secondary	naturalistic_primary_development	-3.546405792236328	0.0009002685546875	negative	3.546405792236328	stable_correct	-5.241922378540039	0.0005950927734375	negative	5.241922378540039	stable_correct	0.16086578369140625	0.00014495849609375	positive	-0.16086578369140625	stable_correct	resolved_direction_conflict
CMAD-HP-Q4-D-L1-D10	CMAD-HP-Q4	D-L1-D10	secondary	naturalistic_primary_development	-2.55328369140625	0.0009002685546875	negative	2.55328369140625	stable_correct	-6.075069427490234	0.0005950927734375	negative	6.075069427490234	stable_correct	0.06419181823730469	0.00014495849609375	positive	-0.06419181823730469	stable_correct	resolved_direction_conflict
CMAD-HP-Q4-D-L1-D11	CMAD-HP-Q4	D-L1-D11	secondary	naturalistic_primary_development	-2.5700531005859375	0.0009002685546875	negative	2.5700531005859375	stable_correct	-4.440080642700195	0.0005950927734375	negative	4.440080642700195	stable_correct	-0.1818218231201172	0.00014495849609375	negative	0.1818218231201172	stable_correct	same_resolved_direction
CMAD-HP-Q4-D-L2-D00	CMAD-HP-Q4	D-L2-D00	secondary	naturalistic_primary_development	-2.1927661895751953	0.0009002685546875	negative	2.1927661895751953	stable_correct	-5.389072418212891	0.0005950927734375	negative	5.389072418212891	stable_correct	0.42360877990722656	0.00014495849609375	positive	-0.42360877990722656	stable_correct	resolved_direction_conflict
CMAD-HP-Q4-D-L2-D01	CMAD-HP-Q4	D-L2-D01	secondary	naturalistic_primary_development	-1.7449073791503906	0.0009002685546875	negative	1.7449073791503906	stable_correct	-4.861213684082031	0.0005950927734375	negative	4.861213684082031	stable_correct	0.15295791625976562	0.00014495849609375	positive	-0.15295791625976562	stable_correct	resolved_direction_conflict
CMAD-HP-Q4-D-L2-D10	CMAD-HP-Q4	D-L2-D10	secondary	naturalistic_primary_development	-1.665252685546875	0.0009002685546875	negative	1.665252685546875	stable_correct	-4.761280059814453	0.0005950927734375	negative	4.761280059814453	stable_correct	0.05017280578613281	0.00014495849609375	positive	-0.05017280578613281	stable_correct	resolved_direction_conflict
CMAD-HP-Q4-D-L2-D11	CMAD-HP-Q4	D-L2-D11	secondary	naturalistic_primary_development	-1.1622390747070312	0.0009002685546875	negative	1.1622390747070312	stable_correct	-4.1519317626953125	0.0005950927734375	negative	4.1519317626953125	stable_correct	-0.10868072509765625	0.00014495849609375	negative	0.10868072509765625	stable_correct	same_resolved_direction
CMAD-HP-Q4-E-L1-D0	CMAD-HP-Q4	E-L1-D0	primary	naturalistic_primary_development	3.5845508575439453	0.0009002685546875	positive	-3.5845508575439453	stable_correct	3.597757339477539	0.0005950927734375	positive	-3.597757339477539	stable_correct	0.7564373016357422	0.00014495849609375	positive	-0.7564373016357422	stable_correct	same_resolved_direction
CMAD-HP-Q4-E-L1-D00	CMAD-HP-Q4	E-L1-D00	primary	naturalistic_primary_development	3.6943283081054688	0.0009002685546875	positive	-3.6943283081054688	stable_correct	0.17002487182617188	0.0005950927734375	positive	-0.17002487182617188	stable_correct	1.1012153625488281	0.00014495849609375	positive	-1.1012153625488281	stable_correct	same_resolved_direction
CMAD-HP-Q4-E-L1-D01	CMAD-HP-Q4	E-L1-D01	primary	naturalistic_primary_development	2.1325645446777344	0.0009002685546875	positive	-2.1325645446777344	stable_correct	-1.2229385375976562	0.0005950927734375	negative	1.2229385375976562	stable_correct	1.0009632110595703	0.00014495849609375	positive	-1.0009632110595703	stable_correct	resolved_direction_conflict
CMAD-HP-Q4-E-L1-D10	CMAD-HP-Q4	E-L1-D10	primary	naturalistic_primary_development	3.615354537963867	0.0009002685546875	positive	-3.615354537963867	stable_correct	1.473653793334961	0.0005950927734375	positive	-1.473653793334961	stable_correct	1.2051982879638672	0.00014495849609375	positive	-1.2051982879638672	stable_correct	same_resolved_direction
CMAD-HP-Q4-E-L1-D11	CMAD-HP-Q4	E-L1-D11	primary	naturalistic_primary_development	2.3404541015625	0.0009002685546875	positive	-2.3404541015625	stable_correct	-0.6101818084716797	0.0005950927734375	negative	0.6101818084716797	stable_correct	1.17352294921875	0.00014495849609375	positive	-1.17352294921875	stable_correct	resolved_direction_conflict
CMAD-HP-Q4-E-L2-D0	CMAD-HP-Q4	E-L2-D0	primary	naturalistic_primary_development	1.4874153137207031	0.0009002685546875	positive	-1.4874153137207031	stable_correct	1.5023307800292969	0.0005950927734375	positive	-1.5023307800292969	stable_correct	0.6886310577392578	0.00014495849609375	positive	-0.6886310577392578	stable_correct	same_resolved_direction
CMAD-HP-Q4-E-L2-D00	CMAD-HP-Q4	E-L2-D00	primary	naturalistic_primary_development	2.2445335388183594	0.0009002685546875	positive	-2.2445335388183594	stable_correct	-1.4546680450439453	0.0005950927734375	negative	1.4546680450439453	stable_correct	1.2581768035888672	0.00014495849609375	positive	-1.2581768035888672	stable_correct	resolved_direction_conflict
CMAD-HP-Q4-E-L2-D01	CMAD-HP-Q4	E-L2-D01	primary	naturalistic_primary_development	1.8369274139404297	0.0009002685546875	positive	-1.8369274139404297	stable_correct	-2.9376564025878906	0.0005950927734375	negative	2.9376564025878906	stable_correct	0.9252490997314453	0.00014495849609375	positive	-0.9252490997314453	stable_correct	resolved_direction_conflict
CMAD-HP-Q4-E-L2-D10	CMAD-HP-Q4	E-L2-D10	primary	naturalistic_primary_development	2.40625	0.0009002685546875	positive	-2.40625	stable_correct	0.6920166015625	0.0005950927734375	positive	-0.6920166015625	stable_correct	1.123373031616211	0.00014495849609375	positive	-1.123373031616211	stable_correct	same_resolved_direction
CMAD-HP-Q4-E-L2-D11	CMAD-HP-Q4	E-L2-D11	primary	naturalistic_primary_development	1.651132583618164	0.0009002685546875	positive	-1.651132583618164	stable_correct	-2.417459487915039	0.0005950927734375	negative	2.417459487915039	stable_correct	1.1788578033447266	0.00014495849609375	positive	-1.1788578033447266	stable_correct	resolved_direction_conflict
CMAD-HP-Q4-I-L1-D00	CMAD-HP-Q4	I-L1-D00	primary	naturalistic_primary_development	0.10977745056152344	0.001800537109375	positive	-0.10977745056152344		-3.427732467651367	0.001190185546875	negative	3.427732467651367		0.34477806091308594	0.0002899169921875	positive	-0.34477806091308594		resolved_direction_conflict
CMAD-HP-Q4-I-L1-D01	CMAD-HP-Q4	I-L1-D01	primary	naturalistic_primary_development	-1.451986312866211	0.001800537109375	negative	1.451986312866211		-4.820695877075195	0.001190185546875	negative	4.820695877075195		0.24452590942382812	0.0002899169921875	positive	-0.24452590942382812		resolved_direction_conflict
CMAD-HP-Q4-I-L1-D10	CMAD-HP-Q4	I-L1-D10	primary	naturalistic_primary_development	0.030803680419921875	0.001800537109375	positive	-0.030803680419921875		-2.124103546142578	0.001190185546875	negative	2.124103546142578		0.448760986328125	0.0002899169921875	positive	-0.448760986328125		resolved_direction_conflict
CMAD-HP-Q4-I-L1-D11	CMAD-HP-Q4	I-L1-D11	primary	naturalistic_primary_development	-1.2440967559814453	0.001800537109375	negative	1.2440967559814453		-4.207939147949219	0.001190185546875	negative	4.207939147949219		0.4170856475830078	0.0002899169921875	positive	-0.4170856475830078		resolved_direction_conflict
CMAD-HP-Q4-I-L2-D00	CMAD-HP-Q4	I-L2-D00	primary	naturalistic_primary_development	0.7571182250976562	0.001800537109375	positive	-0.7571182250976562		-2.956998825073242	0.001190185546875	negative	2.956998825073242		0.5695457458496094	0.0002899169921875	positive	-0.5695457458496094		resolved_direction_conflict
CMAD-HP-Q4-I-L2-D01	CMAD-HP-Q4	I-L2-D01	primary	naturalistic_primary_development	0.34951210021972656	0.001800537109375	positive	-0.34951210021972656		-4.4399871826171875	0.001190185546875	negative	4.4399871826171875		0.2366180419921875	0.0002899169921875	positive	-0.2366180419921875		resolved_direction_conflict
CMAD-HP-Q4-I-L2-D10	CMAD-HP-Q4	I-L2-D10	primary	naturalistic_primary_development	0.9188346862792969	0.001800537109375	positive	-0.9188346862792969		-0.8103141784667969	0.001190185546875	negative	0.8103141784667969		0.4347419738769531	0.0002899169921875	positive	-0.4347419738769531		resolved_direction_conflict
CMAD-HP-Q4-I-L2-D11	CMAD-HP-Q4	I-L2-D11	primary	naturalistic_primary_development	0.16371726989746094	0.001800537109375	positive	-0.16371726989746094		-3.919790267944336	0.001190185546875	negative	3.919790267944336		0.49022674560546875	0.0002899169921875	positive	-0.49022674560546875		resolved_direction_conflict
CMAD-HP-Q4-L-minus-N-L1-D0	CMAD-HP-Q4	L-minus-N-L1-D0	secondary	naturalistic_primary_development	-0.21795654296875	0.0009002685546875	negative	0.21795654296875	stable_correct	-1.1862812042236328	0.0005950927734375	negative	1.1862812042236328	stable_correct	-0.188446044921875	0.00014495849609375	negative	0.188446044921875	stable_correct	same_resolved_direction
CMAD-HP-Q4-L-minus-N-L1-D01	CMAD-HP-Q4	L-minus-N-L1-D01	secondary	naturalistic_primary_development	-0.5968112945556641	0.0009002685546875	negative	0.5968112945556641	stable_correct	-1.4132251739501953	0.0005950927734375	negative	1.4132251739501953	stable_correct	-0.11615371704101562	0.00014495849609375	negative	0.11615371704101562	stable_correct	same_resolved_direction
CMAD-HP-Q4-L-minus-N-L1-D10	CMAD-HP-Q4	L-minus-N-L1-D10	secondary	naturalistic_primary_development	0.15796852111816406	0.0009002685546875	positive	-0.15796852111816406	stable_correct	-1.550497055053711	0.0005950927734375	negative	1.550497055053711	stable_correct	-0.07944679260253906	0.00014495849609375	negative	0.07944679260253906	stable_correct	resolved_direction_conflict
CMAD-HP-Q4-L-minus-N-L2-D0	CMAD-HP-Q4	L-minus-N-L2-D0	secondary	naturalistic_primary_development	-2.315092086791992	0.0009002685546875	negative	2.315092086791992	stable_correct	-3.281707763671875	0.0005950927734375	negative	3.281707763671875	stable_correct	-0.2562522888183594	0.00014495849609375	negative	0.2562522888183594	stable_correct	same_resolved_direction
CMAD-HP-Q4-L-minus-N-L2-D01	CMAD-HP-Q4	L-minus-N-L2-D01	secondary	naturalistic_primary_development	-0.8924484252929688	0.0009002685546875	negative	0.8924484252929688	stable_correct	-3.1279430389404297	0.0005950927734375	negative	3.1279430389404297	stable_correct	-0.19186782836914062	0.00014495849609375	negative	0.19186782836914062	stable_correct	same_resolved_direction
CMAD-HP-Q4-L-minus-N-L2-D10	CMAD-HP-Q4	L-minus-N-L2-D10	secondary	naturalistic_primary_development	-1.0511360168457031	0.0009002685546875	negative	1.0511360168457031	stable_correct	-2.332134246826172	0.0005950927734375	negative	2.332134246826172	stable_correct	-0.1612720489501953	0.00014495849609375	negative	0.1612720489501953	stable_correct	same_resolved_direction
CMAD-HP-Q4-N-D0	CMAD-HP-Q4	N-D0	secondary	naturalistic_primary_development	3.8025074005126953	0.0009002685546875	positive	-3.8025074005126953	stable_correct	4.784038543701172	0.0005950927734375	positive	-4.784038543701172	stable_correct	0.9448833465576172	0.00014495849609375	positive	-0.9448833465576172	stable_correct	same_resolved_direction
CMAD-HP-Q4-N-D01	CMAD-HP-Q4	N-D01	secondary	naturalistic_primary_development	2.7293758392333984	0.0009002685546875	positive	-2.7293758392333984	stable_correct	0.19028663635253906	0.0005950927734375	positive	-0.19028663635253906	stable_correct	1.117116928100586	0.00014495849609375	positive	-1.117116928100586	stable_correct	same_resolved_direction
CMAD-HP-Q4-N-D10	CMAD-HP-Q4	N-D10	secondary	naturalistic_primary_development	3.457386016845703	0.0009002685546875	positive	-3.457386016845703	stable_correct	3.024150848388672	0.0005950927734375	positive	-3.024150848388672	stable_correct	1.2846450805664062	0.00014495849609375	positive	-1.2846450805664062	stable_correct	same_resolved_direction
CMAD-HP-Q4-R-L0-W0	CMAD-HP-Q4	R-L0-W0	secondary	naturalistic_primary_development	0.3657970428466797	0.0009002685546875	positive	-0.3657970428466797	stable_correct	-1.5188922882080078	0.0005950927734375	negative	1.5188922882080078	stable_correct	-0.2386322021484375	0.00014495849609375	negative	0.2386322021484375	stable_correct	resolved_direction_conflict
CMAD-HP-Q4-R-L0-W1	CMAD-HP-Q4	R-L0-W1	secondary	naturalistic_primary_development	0.768463134765625	0.0009002685546875	positive	-0.768463134765625	stable_correct	0.1890850067138672	0.0005950927734375	positive	-0.1890850067138672	stable_correct	-0.5152473449707031	0.00014495849609375	negative	0.5152473449707031	stable_correct	resolved_direction_conflict
CMAD-HP-Q4-R-L1-W0	CMAD-HP-Q4	R-L1-W0	secondary	naturalistic_primary_development	0.2868232727050781	0.0009002685546875	positive	-0.2868232727050781	stable_correct	-0.21526336669921875	0.0005950927734375	negative	0.21526336669921875	stable_correct	-0.13464927673339844	0.00014495849609375	negative	0.13464927673339844	stable_correct	resolved_direction_conflict
CMAD-HP-Q4-R-L1-W1	CMAD-HP-Q4	R-L1-W1	secondary	naturalistic_primary_development	0.9763526916503906	0.0009002685546875	positive	-0.9763526916503906	stable_correct	0.8018417358398438	0.0005950927734375	positive	-0.8018417358398438	stable_correct	-0.34268760681152344	0.00014495849609375	negative	0.34268760681152344	stable_correct	resolved_direction_conflict
CMAD-HP-Q4-R-L2-W0	CMAD-HP-Q4	R-L2-W0	secondary	naturalistic_primary_development	0.5275135040283203	0.0009002685546875	positive	-0.5275135040283203	stable_correct	0.6277923583984375	0.0005950927734375	positive	-0.6277923583984375	stable_correct	-0.37343597412109375	0.00014495849609375	negative	0.37343597412109375	stable_correct	resolved_direction_conflict
CMAD-HP-Q4-R-L2-W1	CMAD-HP-Q4	R-L2-W1	secondary	naturalistic_primary_development	0.5826683044433594	0.0009002685546875	positive	-0.5826683044433594	stable_correct	0.7092819213867188	0.0005950927734375	positive	-0.7092819213867188	stable_correct	-0.2616386413574219	0.00014495849609375	negative	0.2616386413574219	stable_correct	resolved_direction_conflict
CMAD-HP-Q4-R-on-E-L1-W0	CMAD-HP-Q4	R-on-E-L1-W0	primary	naturalistic_primary_development	-0.07897377014160156	0.001800537109375	negative	0.07897377014160156		1.303628921508789	0.001190185546875	positive	-1.303628921508789		0.10398292541503906	0.0002899169921875	positive	-0.10398292541503906		resolved_direction_conflict
CMAD-HP-Q4-R-on-E-L1-W1	CMAD-HP-Q4	R-on-E-L1-W1	primary	naturalistic_primary_development	0.20788955688476562	0.001800537109375	positive	-0.20788955688476562		0.6127567291259766	0.001190185546875	positive	-0.6127567291259766		0.1725597381591797	0.0002899169921875	positive	-0.1725597381591797		same_resolved_direction
CMAD-HP-Q4-R-on-E-L2-W0	CMAD-HP-Q4	R-on-E-L2-W0	primary	naturalistic_primary_development	0.16171646118164062	0.001800537109375	positive	-0.16171646118164062		2.1466846466064453	0.001190185546875	positive	-2.1466846466064453		-0.13480377197265625	0.0002899169921875	negative	0.13480377197265625		resolved_direction_conflict
CMAD-HP-Q4-R-on-E-L2-W1	CMAD-HP-Q4	R-on-E-L2-W1	primary	naturalistic_primary_development	-0.18579483032226562	0.001800537109375	negative	0.18579483032226562		0.5201969146728516	0.001190185546875	positive	-0.5201969146728516		0.25360870361328125	0.0002899169921875	positive	-0.25360870361328125		resolved_direction_conflict
CMAD-HP-Q4-RW-L0	CMAD-HP-Q4	RW-L0	secondary	naturalistic_primary_development	0.4026660919189453	0.001800537109375	positive	-0.4026660919189453		1.707977294921875	0.001190185546875	positive	-1.707977294921875		-0.2766151428222656	0.0002899169921875	negative	0.2766151428222656		resolved_direction_conflict
CMAD-HP-Q4-RW-L1	CMAD-HP-Q4	RW-L1	secondary	naturalistic_primary_development	0.6895294189453125	0.001800537109375	positive	-0.6895294189453125		1.0171051025390625	0.001190185546875	positive	-1.0171051025390625		-0.208038330078125	0.0002899169921875	negative	0.208038330078125		resolved_direction_conflict
CMAD-HP-Q4-RW-L2	CMAD-HP-Q4	RW-L2	secondary	naturalistic_primary_development	0.05515480041503906	0.001800537109375	positive	-0.05515480041503906		0.08148956298828125	0.001190185546875	positive	-0.08148956298828125		0.11179733276367188	0.0002899169921875	positive	-0.11179733276367188		same_resolved_direction
CMAD-HP-Q4-Swap-L0-D01	CMAD-HP-Q4	Swap-L0-D01	secondary	naturalistic_primary_development	3.1275978088378906	0.0009002685546875	positive	-3.1275978088378906	stable_correct	2.9015731811523438	0.0005950927734375	positive	-2.9015731811523438	stable_correct	1.0845527648925781	0.00014495849609375	positive	-1.0845527648925781	stable_correct	same_resolved_direction
CMAD-HP-Q4-Swap-L0-D10	CMAD-HP-Q4	Swap-L0-D10	secondary	naturalistic_primary_development	5.571081161499023	0.0009002685546875	positive	-5.571081161499023	stable_correct	5.583158493041992	0.0005950927734375	positive	-5.583158493041992	stable_correct	1.4343700408935547	0.00014495849609375	positive	-1.4343700408935547	stable_correct	same_resolved_direction
CMAD-HP-Q4-Swap-L1-D01	CMAD-HP-Q4	Swap-L1-D01	secondary	naturalistic_primary_development	4.027656555175781	0.0009002685546875	positive	-4.027656555175781	stable_correct	1.6736335754394531	0.0005950927734375	positive	-1.6736335754394531	stable_correct	0.5693302154541016	0.00014495849609375	positive	-0.5693302154541016	stable_correct	same_resolved_direction
CMAD-HP-Q4-Swap-L1-D10	CMAD-HP-Q4	Swap-L1-D10	secondary	naturalistic_primary_development	4.589912414550781	0.0009002685546875	positive	-4.589912414550781	stable_correct	2.5736923217773438	0.0005950927734375	positive	-2.5736923217773438	stable_correct	0.7599811553955078	0.00014495849609375	positive	-0.7599811553955078	stable_correct	same_resolved_direction
CMAD-HP-Q4-Swap-L2-D01	CMAD-HP-Q4	Swap-L2-D01	secondary	naturalistic_primary_development	3.686948776245117	0.0009002685546875	positive	-3.686948776245117	stable_correct	3.777212142944336	0.0005950927734375	positive	-3.777212142944336	stable_correct	0.31411170959472656	0.00014495849609375	positive	-0.31411170959472656	stable_correct	same_resolved_direction
CMAD-HP-Q4-Swap-L2-D10	CMAD-HP-Q4	Swap-L2-D10	secondary	naturalistic_primary_development	4.86189079284668	0.0009002685546875	positive	-4.86189079284668	stable_correct	4.5782470703125	0.0005950927734375	positive	-4.5782470703125	stable_correct	0.7562637329101562	0.00014495849609375	positive	-0.7562637329101562	stable_correct	same_resolved_direction
CMAD-HP-Q4-Swap-on-E-L1-D01	CMAD-HP-Q4	Swap-on-E-L1-D01	secondary	naturalistic_primary_development	0.9000587463378906	0.001800537109375	positive	-0.9000587463378906		-1.2279396057128906	0.001190185546875	negative	1.2279396057128906		-0.5152225494384766	0.0002899169921875	negative	0.5152225494384766		resolved_direction_conflict
CMAD-HP-Q4-Swap-on-E-L1-D10	CMAD-HP-Q4	Swap-on-E-L1-D10	secondary	naturalistic_primary_development	-0.9811687469482422	0.001800537109375	negative	0.9811687469482422		-3.0094661712646484	0.001190185546875	negative	3.0094661712646484		-0.6743888854980469	0.0002899169921875	negative	0.6743888854980469		same_resolved_direction
CMAD-HP-Q4-Swap-on-E-L2-D01	CMAD-HP-Q4	Swap-on-E-L2-D01	secondary	naturalistic_primary_development	0.5593509674072266	0.001800537109375	positive	-0.5593509674072266		0.8756389617919922	0.001190185546875	positive	-0.8756389617919922		-0.7704410552978516	0.0002899169921875	negative	0.7704410552978516		resolved_direction_conflict
CMAD-HP-Q4-Swap-on-E-L2-D10	CMAD-HP-Q4	Swap-on-E-L2-D10	secondary	naturalistic_primary_development	-0.7091903686523438	0.001800537109375	negative	0.7091903686523438		-1.0049114227294922	0.001190185546875	negative	1.0049114227294922		-0.6781063079833984	0.0002899169921875	negative	0.6781063079833984		same_resolved_direction
CMAD-HP-Q4-W-L0-R0	CMAD-HP-Q4	W-L0-R0	secondary	naturalistic_primary_development	0.8554649353027344	0.0009002685546875	positive	-0.8554649353027344	stable_correct	2.0108470916748047	0.0005950927734375	positive	-2.0108470916748047	stable_correct	0.06227684020996094	0.00014495849609375	positive	-0.06227684020996094	stable_correct	same_resolved_direction
CMAD-HP-Q4-W-L0-R1	CMAD-HP-Q4	W-L0-R1	secondary	naturalistic_primary_development	1.2581310272216797	0.0009002685546875	positive	-1.2581310272216797	stable_correct	3.7188243865966797	0.0005950927734375	positive	-3.7188243865966797	stable_correct	-0.2143383026123047	0.00014495849609375	negative	0.2143383026123047	stable_correct	resolved_direction_conflict
CMAD-HP-Q4-W-L1-R0	CMAD-HP-Q4	W-L1-R0	secondary	naturalistic_primary_development	-0.706298828125	0.0009002685546875	negative	0.706298828125	stable_correct	0.6178836822509766	0.0005950927734375	positive	-0.6178836822509766	stable_correct	-0.037975311279296875	0.00014495849609375	negative	0.037975311279296875	stable_correct	resolved_direction_conflict
CMAD-HP-Q4-W-L1-R1	CMAD-HP-Q4	W-L1-R1	secondary	naturalistic_primary_development	-0.0167694091796875	0.0009002685546875	negative	0.0167694091796875	stable_correct	1.634988784790039	0.0005950927734375	positive	-1.634988784790039	stable_correct	-0.24601364135742188	0.00014495849609375	negative	0.24601364135742188	stable_correct	resolved_direction_conflict
CMAD-HP-Q4-W-L2-R0	CMAD-HP-Q4	W-L2-R0	secondary	naturalistic_primary_development	0.4478588104248047	0.0009002685546875	positive	-0.4478588104248047	stable_correct	0.5278587341308594	0.0005950927734375	positive	-0.5278587341308594	stable_correct	-0.27065086364746094	0.00014495849609375	negative	0.27065086364746094	stable_correct	resolved_direction_conflict
CMAD-HP-Q4-W-L2-R1	CMAD-HP-Q4	W-L2-R1	secondary	naturalistic_primary_development	0.5030136108398438	0.0009002685546875	positive	-0.5030136108398438	stable_correct	0.6093482971191406	0.0005950927734375	positive	-0.6093482971191406	stable_correct	-0.15885353088378906	0.00014495849609375	negative	0.15885353088378906	stable_correct	resolved_direction_conflict
CMAD-HP-Q4-W-on-E-L1-R0	CMAD-HP-Q4	W-on-E-L1-R0	primary	naturalistic_primary_development	-1.5617637634277344	0.001800537109375	negative	1.5617637634277344		-1.3929634094238281	0.001190185546875	negative	1.3929634094238281		-0.10025215148925781	0.0002899169921875	negative	0.10025215148925781		same_resolved_direction
CMAD-HP-Q4-W-on-E-L1-R1	CMAD-HP-Q4	W-on-E-L1-R1	primary	naturalistic_primary_development	-1.2749004364013672	0.001800537109375	negative	1.2749004364013672		-2.0838356018066406	0.001190185546875	negative	2.0838356018066406		-0.03167533874511719	0.0002899169921875	negative	0.03167533874511719		same_resolved_direction
CMAD-HP-Q4-W-on-E-L2-R0	CMAD-HP-Q4	W-on-E-L2-R0	primary	naturalistic_primary_development	-0.4076061248779297	0.001800537109375	negative	0.4076061248779297		-1.4829883575439453	0.001190185546875	negative	1.4829883575439453		-0.3329277038574219	0.0002899169921875	negative	0.3329277038574219		same_resolved_direction
CMAD-HP-Q4-W-on-E-L2-R1	CMAD-HP-Q4	W-on-E-L2-R1	primary	naturalistic_primary_development	-0.7551174163818359	0.001800537109375	negative	0.7551174163818359		-3.109476089477539	0.001190185546875	negative	3.109476089477539		0.055484771728515625	0.0002899169921875	positive	-0.055484771728515625		resolved_direction_conflict
CMAD-JSC-Q1-D-L0-D00	CMAD-JSC-Q1	D-L0-D00	secondary	explanatory_supplement	-36.156259536743164	0.0009002685546875	negative	-36.156259536743164	damage	-41.59563636779785	0.0005950927734375	negative	-41.59563636779785	damage	-2.254096031188965	0.00014495849609375	negative	-2.254096031188965	stable_correct	same_resolved_direction
CMAD-JSC-Q1-D-L0-D01	CMAD-JSC-Q1	D-L0-D01	secondary	explanatory_supplement	-41.77324104309082	0.0009002685546875	negative	-41.77324104309082	damage	-13.34071159362793	0.0005950927734375	negative	-13.34071159362793	stable_correct	-2.389254570007324	0.00014495849609375	negative	-2.389254570007324	stable_correct	same_resolved_direction
CMAD-JSC-Q1-D-L0-D10	CMAD-JSC-Q1	D-L0-D10	secondary	explanatory_supplement	5.031410217285156	0.0009002685546875	positive	5.031410217285156	stable_correct	-0.2732677459716797	0.0005950927734375	negative	-0.2732677459716797	stable_correct	1.4842119216918945	0.00014495849609375	positive	1.4842119216918945	stable_correct	resolved_direction_conflict
CMAD-JSC-Q1-D-L0-D11	CMAD-JSC-Q1	D-L0-D11	secondary	explanatory_supplement	0.322540283203125	0.0009002685546875	positive	0.322540283203125	stable_correct	-8.327356338500977	0.0005950927734375	negative	-8.327356338500977	stable_correct	-0.5015764236450195	0.00014495849609375	negative	-0.5015764236450195	stable_correct	resolved_direction_conflict
CMAD-JSC-Q1-D-L1-D00	CMAD-JSC-Q1	D-L1-D00	secondary	explanatory_supplement	-15.280519485473633	0.0009002685546875	negative	-15.280519485473633	stable_correct	-0.9829025268554688	0.0005950927734375	negative	-0.9829025268554688	stable_correct	-0.6050052642822266	0.00014495849609375	negative	-0.6050052642822266	stable_correct	same_resolved_direction
CMAD-JSC-Q1-D-L1-D01	CMAD-JSC-Q1	D-L1-D01	secondary	explanatory_supplement	-4.698648452758789	0.0009002685546875	negative	-4.698648452758789	stable_correct	-1.6078128814697266	0.0005950927734375	negative	-1.6078128814697266	stable_correct	0.26465606689453125	0.00014495849609375	positive	0.26465606689453125	stable_correct	resolved_direction_conflict
CMAD-JSC-Q1-D-L1-D10	CMAD-JSC-Q1	D-L1-D10	secondary	explanatory_supplement	1.9576587677001953	0.0009002685546875	positive	1.9576587677001953	stable_correct	-1.6341686248779297	0.0005950927734375	negative	-1.6341686248779297	stable_correct	0.7138614654541016	0.00014495849609375	positive	0.7138614654541016	stable_correct	resolved_direction_conflict
CMAD-JSC-Q1-D-L1-D11	CMAD-JSC-Q1	D-L1-D11	secondary	explanatory_supplement	1.3384380340576172	0.0009002685546875	positive	1.3384380340576172	stable_correct	-1.0950584411621094	0.0005950927734375	negative	-1.0950584411621094	stable_correct	1.427140235900879	0.00014495849609375	positive	1.427140235900879	stable_correct	resolved_direction_conflict
CMAD-JSC-Q1-D-L2-D00	CMAD-JSC-Q1	D-L2-D00	secondary	explanatory_supplement	1.2841072082519531	0.0009002685546875	positive	1.2841072082519531	stable_wrong	-3.5667877197265625	0.0005950927734375	negative	-3.5667877197265625	stable_wrong	1.0029621124267578	0.00014495849609375	positive	1.0029621124267578	stable_wrong	resolved_direction_conflict
CMAD-JSC-Q1-D-L2-D01	CMAD-JSC-Q1	D-L2-D01	secondary	explanatory_supplement	3.4566726684570312	0.0009002685546875	positive	3.4566726684570312	stable_wrong	12.13238525390625	0.0005950927734375	positive	12.13238525390625	stable_wrong	3.7897300720214844	0.00014495849609375	positive	3.7897300720214844	repair	same_resolved_direction
CMAD-JSC-Q1-D-L2-D10	CMAD-JSC-Q1	D-L2-D10	secondary	explanatory_supplement	38.43585205078125	0.0009002685546875	positive	38.43585205078125	repair	30.19812774658203	0.0005950927734375	positive	30.19812774658203	repair	6.172853469848633	0.00014495849609375	positive	6.172853469848633	repair	same_resolved_direction
CMAD-JSC-Q1-D-L2-D11	CMAD-JSC-Q1	D-L2-D11	secondary	explanatory_supplement	3.053607940673828	0.0009002685546875	positive	3.053607940673828	stable_wrong	26.76673126220703	0.0005950927734375	positive	26.76673126220703	repair	8.67679214477539	0.00014495849609375	positive	8.67679214477539	repair	same_resolved_direction
CMAD-JSC-Q1-E-L1-D0	CMAD-JSC-Q1	E-L1-D0	secondary	explanatory_supplement	0.5616607666015625	0.0009002685546875	positive	0.5616607666015625	stable_correct	2.0420475006103516	0.0005950927734375	positive	2.0420475006103516	stable_correct	-1.8647565841674805	0.00014495849609375	negative	-1.8647565841674805	stable_correct	resolved_direction_conflict
CMAD-JSC-Q1-E-L1-D00	CMAD-JSC-Q1	E-L1-D00	secondary	explanatory_supplement	21.437400817871094	0.0009002685546875	positive	21.437400817871094	repair	42.654781341552734	0.0005950927734375	positive	42.654781341552734	repair	-0.2156658172607422	0.00014495849609375	negative	-0.2156658172607422	stable_correct	resolved_direction_conflict
CMAD-JSC-Q1-E-L1-D01	CMAD-JSC-Q1	E-L1-D01	secondary	explanatory_supplement	37.636253356933594	0.0009002685546875	positive	37.636253356933594	repair	13.774946212768555	0.0005950927734375	positive	13.774946212768555	stable_correct	0.789154052734375	0.00014495849609375	positive	0.789154052734375	stable_correct	same_resolved_direction
CMAD-JSC-Q1-E-L1-D10	CMAD-JSC-Q1	E-L1-D10	secondary	explanatory_supplement	-2.5120906829833984	0.0009002685546875	negative	-2.5120906829833984	stable_correct	0.6811466217041016	0.0005950927734375	positive	0.6811466217041016	stable_correct	-2.6351070404052734	0.00014495849609375	negative	-2.6351070404052734	stable_correct	resolved_direction_conflict
CMAD-JSC-Q1-E-L1-D11	CMAD-JSC-Q1	E-L1-D11	secondary	explanatory_supplement	1.5775585174560547	0.0009002685546875	positive	1.5775585174560547	stable_correct	9.274345397949219	0.0005950927734375	positive	9.274345397949219	stable_correct	0.06396007537841797	0.00014495849609375	positive	0.06396007537841797	stable_correct	same_resolved_direction
CMAD-JSC-Q1-E-L2-D0	CMAD-JSC-Q1	E-L2-D0	secondary	explanatory_supplement	-45.935686111450195	0.0009002685546875	negative	-45.935686111450195	damage	-45.62402153015137	0.0005950927734375	negative	-45.62402153015137	damage	-9.958149909973145	0.00014495849609375	negative	-9.958149909973145	damage	same_resolved_direction
CMAD-JSC-Q1-E-L2-D00	CMAD-JSC-Q1	E-L2-D00	secondary	explanatory_supplement	-8.495319366455078	0.0009002685546875	negative	-8.495319366455078	stable_wrong	-7.595172882080078	0.0005950927734375	negative	-7.595172882080078	stable_wrong	-6.701091766357422	0.00014495849609375	negative	-6.701091766357422	damage	same_resolved_direction
CMAD-JSC-Q1-E-L2-D01	CMAD-JSC-Q1	E-L2-D01	secondary	explanatory_supplement	-0.7057723999023438	0.0009002685546875	negative	-0.7057723999023438	stable_wrong	-20.150924682617188	0.0005950927734375	negative	-20.150924682617188	damage	-3.779165267944336	0.00014495849609375	negative	-3.779165267944336	stable_correct	same_resolved_direction
CMAD-JSC-Q1-E-L2-D10	CMAD-JSC-Q1	E-L2-D10	secondary	explanatory_supplement	-12.531244277954102	0.0009002685546875	negative	-12.531244277954102	stable_correct	-15.152626037597656	0.0005950927734375	negative	-15.152626037597656	stable_correct	-5.269508361816406	0.00014495849609375	negative	-5.269508361816406	stable_correct	same_resolved_direction
CMAD-JSC-Q1-E-L2-D11	CMAD-JSC-Q1	E-L2-D11	secondary	explanatory_supplement	-43.20461845397949	0.0009002685546875	negative	-43.20461845397949	damage	-10.52993392944336	0.0005950927734375	negative	-10.52993392944336	stable_correct	-0.7797813415527344	0.00014495849609375	negative	-0.7797813415527344	stable_correct	same_resolved_direction
CMAD-JSC-Q1-I-L1-D00	CMAD-JSC-Q1	I-L1-D00	secondary	explanatory_supplement	20.87574005126953	0.001800537109375	positive	20.87574005126953		40.61273384094238	0.001190185546875	positive	40.61273384094238		1.6490907669067383	0.0002899169921875	positive	1.6490907669067383		same_resolved_direction
CMAD-JSC-Q1-I-L1-D01	CMAD-JSC-Q1	I-L1-D01	secondary	explanatory_supplement	37.07459259033203	0.001800537109375	positive	37.07459259033203		11.732898712158203	0.001190185546875	positive	11.732898712158203		2.6539106369018555	0.0002899169921875	positive	2.6539106369018555		same_resolved_direction
CMAD-JSC-Q1-I-L1-D10	CMAD-JSC-Q1	I-L1-D10	secondary	explanatory_supplement	-3.073751449584961	0.001800537109375	negative	-3.073751449584961		-1.36090087890625	0.001190185546875	negative	-1.36090087890625		-0.770350456237793	0.0002899169921875	negative	-0.770350456237793		same_resolved_direction
CMAD-JSC-Q1-I-L1-D11	CMAD-JSC-Q1	I-L1-D11	secondary	explanatory_supplement	1.0158977508544922	0.001800537109375	positive	1.0158977508544922		7.232297897338867	0.001190185546875	positive	7.232297897338867		1.9287166595458984	0.0002899169921875	positive	1.9287166595458984		same_resolved_direction
CMAD-JSC-Q1-I-L2-D00	CMAD-JSC-Q1	I-L2-D00	secondary	explanatory_supplement	37.44036674499512	0.001800537109375	positive	37.44036674499512		38.02884864807129	0.001190185546875	positive	38.02884864807129		3.2570581436157227	0.0002899169921875	positive	3.2570581436157227		same_resolved_direction
CMAD-JSC-Q1-I-L2-D01	CMAD-JSC-Q1	I-L2-D01	secondary	explanatory_supplement	45.22991371154785	0.001800537109375	positive	45.22991371154785		25.47309684753418	0.001190185546875	positive	25.47309684753418		6.178984642028809	0.0002899169921875	positive	6.178984642028809		same_resolved_direction
CMAD-JSC-Q1-I-L2-D10	CMAD-JSC-Q1	I-L2-D10	secondary	explanatory_supplement	33.404441833496094	0.001800537109375	positive	33.404441833496094		30.47139549255371	0.001190185546875	positive	30.47139549255371		4.688641548156738	0.0002899169921875	positive	4.688641548156738		same_resolved_direction
CMAD-JSC-Q1-I-L2-D11	CMAD-JSC-Q1	I-L2-D11	secondary	explanatory_supplement	2.731067657470703	0.001800537109375	positive	2.731067657470703		35.09408760070801	0.001190185546875	positive	35.09408760070801		9.17836856842041	0.0002899169921875	positive	9.17836856842041		same_resolved_direction
CMAD-JSC-Q1-L-minus-N-L1-D0	CMAD-JSC-Q1	L-minus-N-L1-D0	secondary	explanatory_supplement	0.2577075958251953	0.0009002685546875	positive	0.2577075958251953	stable_correct	2.0074844360351562	0.0005950927734375	positive	2.0074844360351562	stable_correct	0.2821235656738281	0.00014495849609375	positive	0.2821235656738281	stable_correct	same_resolved_direction
CMAD-JSC-Q1-L-minus-N-L1-D01	CMAD-JSC-Q1	L-minus-N-L1-D01	secondary	explanatory_supplement	19.789077758789062	0.0009002685546875	positive	19.789077758789062	stable_correct	4.290197372436523	0.0005950927734375	positive	4.290197372436523	stable_correct	0.19603729248046875	0.00014495849609375	positive	0.19603729248046875	stable_correct	same_resolved_direction
CMAD-JSC-Q1-L-minus-N-L1-D10	CMAD-JSC-Q1	L-minus-N-L1-D10	secondary	explanatory_supplement	0.9934558868408203	0.0009002685546875	positive	0.9934558868408203	stable_correct	1.413492202758789	0.0005950927734375	positive	1.413492202758789	stable_correct	-0.5183010101318359	0.00014495849609375	negative	-0.5183010101318359	stable_correct	resolved_direction_conflict
CMAD-JSC-Q1-L-minus-N-L2-D0	CMAD-JSC-Q1	L-minus-N-L2-D0	secondary	explanatory_supplement	-46.23963928222656	0.0009002685546875	negative	-46.23963928222656	damage	-45.65858459472656	0.0005950927734375	negative	-45.65858459472656	damage	-7.811269760131836	0.00014495849609375	negative	-7.811269760131836	damage	same_resolved_direction
CMAD-JSC-Q1-L-minus-N-L2-D01	CMAD-JSC-Q1	L-minus-N-L2-D01	secondary	explanatory_supplement	-18.552947998046875	0.0009002685546875	negative	-18.552947998046875	damage	-29.63567352294922	0.0005950927734375	negative	-29.63567352294922	damage	-4.372282028198242	0.00014495849609375	negative	-4.372282028198242	stable_correct	same_resolved_direction
CMAD-JSC-Q1-L-minus-N-L2-D10	CMAD-JSC-Q1	L-minus-N-L2-D10	secondary	explanatory_supplement	-9.025697708129883	0.0009002685546875	negative	-9.025697708129883	stable_correct	-14.420280456542969	0.0005950927734375	negative	-14.420280456542969	stable_correct	-3.1527023315429688	0.00014495849609375	negative	-3.1527023315429688	stable_correct	same_resolved_direction
CMAD-JSC-Q1-N-D0	CMAD-JSC-Q1	N-D0	secondary	explanatory_supplement	0.3039531707763672	0.0009002685546875	positive	0.3039531707763672	stable_correct	0.03456306457519531	0.0005950927734375	positive	0.03456306457519531	stable_correct	-2.1468801498413086	0.00014495849609375	negative	-2.1468801498413086	stable_correct	resolved_direction_conflict
CMAD-JSC-Q1-N-D01	CMAD-JSC-Q1	N-D01	secondary	explanatory_supplement	17.84717559814453	0.0009002685546875	positive	17.84717559814453	repair	9.484748840332031	0.0005950927734375	positive	9.484748840332031	stable_correct	0.5931167602539062	0.00014495849609375	positive	0.5931167602539062	stable_correct	same_resolved_direction
CMAD-JSC-Q1-N-D10	CMAD-JSC-Q1	N-D10	secondary	explanatory_supplement	-3.5055465698242188	0.0009002685546875	negative	-3.5055465698242188	stable_correct	-0.7323455810546875	0.0005950927734375	negative	-0.7323455810546875	stable_correct	-2.1168060302734375	0.00014495849609375	negative	-2.1168060302734375	stable_correct	same_resolved_direction
CMAD-JSC-Q1-R-L0-W0	CMAD-JSC-Q1	R-L0-W0	secondary	explanatory_supplement	41.18766975402832	0.0009002685546875	positive	41.18766975402832	repair	41.32236862182617	0.0005950927734375	positive	41.32236862182617	repair	3.7383079528808594	0.00014495849609375	positive	3.7383079528808594	stable_correct	same_resolved_direction
CMAD-JSC-Q1-R-L0-W1	CMAD-JSC-Q1	R-L0-W1	secondary	explanatory_supplement	42.095781326293945	0.0009002685546875	positive	42.095781326293945	repair	5.013355255126953	0.0005950927734375	positive	5.013355255126953	stable_correct	1.8876781463623047	0.00014495849609375	positive	1.8876781463623047	stable_correct	same_resolved_direction
CMAD-JSC-Q1-R-L1-W0	CMAD-JSC-Q1	R-L1-W0	secondary	explanatory_supplement	17.238178253173828	0.0009002685546875	positive	17.238178253173828	stable_correct	-0.6512660980224609	0.0005950927734375	negative	-0.6512660980224609	stable_correct	1.3188667297363281	0.00014495849609375	positive	1.3188667297363281	stable_correct	resolved_direction_conflict
CMAD-JSC-Q1-R-L1-W1	CMAD-JSC-Q1	R-L1-W1	secondary	explanatory_supplement	6.037086486816406	0.0009002685546875	positive	6.037086486816406	stable_correct	0.5127544403076172	0.0005950927734375	positive	0.5127544403076172	stable_correct	1.1624841690063477	0.00014495849609375	positive	1.1624841690063477	stable_correct	same_resolved_direction
CMAD-JSC-Q1-R-L2-W0	CMAD-JSC-Q1	R-L2-W0	secondary	explanatory_supplement	37.1517448425293	0.0009002685546875	positive	37.1517448425293	repair	33.764915466308594	0.0005950927734375	positive	33.764915466308594	repair	5.169891357421875	0.00014495849609375	positive	5.169891357421875	repair	same_resolved_direction
CMAD-JSC-Q1-R-L2-W1	CMAD-JSC-Q1	R-L2-W1	secondary	explanatory_supplement	-0.4030647277832031	0.0009002685546875	negative	-0.4030647277832031	stable_wrong	14.634346008300781	0.0005950927734375	positive	14.634346008300781	repair	4.887062072753906	0.00014495849609375	positive	4.887062072753906	stable_correct	resolved_direction_conflict
CMAD-JSC-Q1-R-on-E-L1-W0	CMAD-JSC-Q1	R-on-E-L1-W0	secondary	explanatory_supplement	-23.949491500854492	0.001800537109375	negative	-23.949491500854492		-41.97363471984863	0.001190185546875	negative	-41.97363471984863		-2.4194412231445312	0.0002899169921875	negative	-2.4194412231445312		same_resolved_direction
CMAD-JSC-Q1-R-on-E-L1-W1	CMAD-JSC-Q1	R-on-E-L1-W1	secondary	explanatory_supplement	-36.05869483947754	0.001800537109375	negative	-36.05869483947754		-4.500600814819336	0.001190185546875	negative	-4.500600814819336		-0.725193977355957	0.0002899169921875	negative	-0.725193977355957		same_resolved_direction
CMAD-JSC-Q1-R-on-E-L2-W0	CMAD-JSC-Q1	R-on-E-L2-W0	secondary	explanatory_supplement	-4.035924911499023	0.001800537109375	negative	-4.035924911499023		-7.557453155517578	0.001190185546875	negative	-7.557453155517578		1.4315834045410156	0.0002899169921875	positive	1.4315834045410156		resolved_direction_conflict
CMAD-JSC-Q1-R-on-E-L2-W1	CMAD-JSC-Q1	R-on-E-L2-W1	secondary	explanatory_supplement	-42.49884605407715	0.001800537109375	negative	-42.49884605407715		9.620990753173828	0.001190185546875	positive	9.620990753173828		2.9993839263916016	0.0002899169921875	positive	2.9993839263916016		resolved_direction_conflict
CMAD-JSC-Q1-RW-L0	CMAD-JSC-Q1	RW-L0	secondary	explanatory_supplement	0.908111572265625	0.001800537109375	positive	0.908111572265625		-36.30901336669922	0.001190185546875	negative	-36.30901336669922		-1.8506298065185547	0.0002899169921875	negative	-1.8506298065185547		resolved_direction_conflict
CMAD-JSC-Q1-RW-L1	CMAD-JSC-Q1	RW-L1	secondary	explanatory_supplement	-11.201091766357422	0.001800537109375	negative	-11.201091766357422		1.1640205383300781	0.001190185546875	positive	1.1640205383300781		-0.15638256072998047	0.0002899169921875	negative	-0.15638256072998047		resolved_direction_conflict
CMAD-JSC-Q1-RW-L2	CMAD-JSC-Q1	RW-L2	secondary	explanatory_supplement	-37.5548095703125	0.001800537109375	negative	-37.5548095703125		-19.130569458007812	0.001190185546875	negative	-19.130569458007812		-0.28282928466796875	0.0002899169921875	negative	-0.28282928466796875		same_resolved_direction
CMAD-JSC-Q1-Swap-L0-D01	CMAD-JSC-Q1	Swap-L0-D01	secondary	explanatory_supplement	2.3869781494140625	0.0009002685546875	positive	2.3869781494140625	stable_wrong	-3.0661468505859375	0.0005950927734375	negative	-3.0661468505859375	stable_correct	-0.9947261810302734	0.00014495849609375	negative	-0.9947261810302734	stable_correct	resolved_direction_conflict
CMAD-JSC-Q1-Swap-L0-D10	CMAD-JSC-Q1	Swap-L0-D10	secondary	explanatory_supplement	-7.0975189208984375	0.0009002685546875	negative	-7.0975189208984375	stable_correct	-5.9581756591796875	0.0005950927734375	negative	-5.9581756591796875	stable_correct	-2.145583152770996	0.00014495849609375	negative	-2.145583152770996	stable_correct	same_resolved_direction
CMAD-JSC-Q1-Swap-L1-D01	CMAD-JSC-Q1	Swap-L1-D01	secondary	explanatory_supplement	-0.7177810668945312	0.0009002685546875	negative	-0.7177810668945312	stable_correct	0.5490779876708984	0.0005950927734375	positive	0.5490779876708984	stable_correct	-1.183197021484375	0.00014495849609375	negative	-1.183197021484375	stable_correct	resolved_direction_conflict
CMAD-JSC-Q1-Swap-L1-D10	CMAD-JSC-Q1	Swap-L1-D10	secondary	explanatory_supplement	-6.744773864746094	0.0009002685546875	negative	-6.744773864746094	stable_correct	-3.258150100708008	0.0005950927734375	negative	-3.258150100708008	stable_correct	-3.083040237426758	0.00014495849609375	negative	-3.083040237426758	stable_correct	same_resolved_direction
CMAD-JSC-Q1-Swap-L2-D01	CMAD-JSC-Q1	Swap-L2-D01	secondary	explanatory_supplement	-1.6146583557128906	0.0009002685546875	negative	-1.6146583557128906	stable_wrong	-9.271621704101562	0.0005950927734375	negative	-9.271621704101562	stable_wrong	-1.9661064147949219	0.00014495849609375	negative	-1.9661064147949219	damage	same_resolved_direction
CMAD-JSC-Q1-Swap-L2-D10	CMAD-JSC-Q1	Swap-L2-D10	secondary	explanatory_supplement	-7.434871673583984	0.0009002685546875	negative	-7.434871673583984	stable_correct	-9.567607879638672	0.0005950927734375	negative	-9.567607879638672	stable_correct	-2.5829696655273438	0.00014495849609375	negative	-2.5829696655273438	stable_correct	same_resolved_direction
CMAD-JSC-Q1-Swap-on-E-L1-D01	CMAD-JSC-Q1	Swap-on-E-L1-D01	secondary	explanatory_supplement	-3.1047592163085938	0.001800537109375	negative	-3.1047592163085938		3.615224838256836	0.001190185546875	positive	3.615224838256836		-0.18847084045410156	0.0002899169921875	negative	-0.18847084045410156		resolved_direction_conflict
CMAD-JSC-Q1-Swap-on-E-L1-D10	CMAD-JSC-Q1	Swap-on-E-L1-D10	secondary	explanatory_supplement	0.35274505615234375	0.001800537109375	positive	0.35274505615234375		2.7000255584716797	0.001190185546875	positive	2.7000255584716797		-0.9374570846557617	0.0002899169921875	negative	-0.9374570846557617		resolved_direction_conflict
CMAD-JSC-Q1-Swap-on-E-L2-D01	CMAD-JSC-Q1	Swap-on-E-L2-D01	secondary	explanatory_supplement	-4.001636505126953	0.001800537109375	negative	-4.001636505126953		-6.205474853515625	0.001190185546875	negative	-6.205474853515625		-0.9713802337646484	0.0002899169921875	negative	-0.9713802337646484		same_resolved_direction
CMAD-JSC-Q1-Swap-on-E-L2-D10	CMAD-JSC-Q1	Swap-on-E-L2-D10	secondary	explanatory_supplement	-0.3373527526855469	0.001800537109375	negative	-0.3373527526855469		-3.6094322204589844	0.001190185546875	negative	-3.6094322204589844		-0.43738651275634766	0.0002899169921875	negative	-0.43738651275634766		same_resolved_direction
CMAD-JSC-Q1-W-L0-R0	CMAD-JSC-Q1	W-L0-R0	secondary	explanatory_supplement	-5.616981506347656	0.0009002685546875	negative	-5.616981506347656	stable_wrong	28.254924774169922	0.0005950927734375	positive	28.254924774169922	repair	-0.13515853881835938	0.00014495849609375	negative	-0.13515853881835938	stable_correct	resolved_direction_conflict
CMAD-JSC-Q1-W-L0-R1	CMAD-JSC-Q1	W-L0-R1	secondary	explanatory_supplement	-4.708869934082031	0.0009002685546875	negative	-4.708869934082031	stable_correct	-8.054088592529297	0.0005950927734375	negative	-8.054088592529297	stable_correct	-1.985788345336914	0.00014495849609375	negative	-1.985788345336914	stable_correct	same_resolved_direction
CMAD-JSC-Q1-W-L1-R0	CMAD-JSC-Q1	W-L1-R0	secondary	explanatory_supplement	10.581871032714844	0.0009002685546875	positive	10.581871032714844	stable_correct	-0.6249103546142578	0.0005950927734375	negative	-0.6249103546142578	stable_correct	0.8696613311767578	0.00014495849609375	positive	0.8696613311767578	stable_correct	resolved_direction_conflict
CMAD-JSC-Q1-W-L1-R1	CMAD-JSC-Q1	W-L1-R1	secondary	explanatory_supplement	-0.6192207336425781	0.0009002685546875	negative	-0.6192207336425781	stable_correct	0.5391101837158203	0.0005950927734375	positive	0.5391101837158203	stable_correct	0.7132787704467773	0.00014495849609375	positive	0.7132787704467773	stable_correct	resolved_direction_conflict
CMAD-JSC-Q1-W-L2-R0	CMAD-JSC-Q1	W-L2-R0	secondary	explanatory_supplement	2.172565460205078	0.0009002685546875	positive	2.172565460205078	stable_wrong	15.699172973632812	0.0005950927734375	positive	15.699172973632812	stable_wrong	2.7867679595947266	0.00014495849609375	positive	2.7867679595947266	repair	same_resolved_direction
CMAD-JSC-Q1-W-L2-R1	CMAD-JSC-Q1	W-L2-R1	secondary	explanatory_supplement	-35.38224411010742	0.0009002685546875	negative	-35.38224411010742	damage	-3.431396484375	0.0005950927734375	negative	-3.431396484375	stable_correct	2.503938674926758	0.00014495849609375	positive	2.503938674926758	stable_correct	resolved_direction_conflict
CMAD-JSC-Q1-W-on-E-L1-R0	CMAD-JSC-Q1	W-on-E-L1-R0	secondary	explanatory_supplement	16.1988525390625	0.001800537109375	positive	16.1988525390625		-28.87983512878418	0.001190185546875	negative	-28.87983512878418		1.0048198699951172	0.0002899169921875	positive	1.0048198699951172		resolved_direction_conflict
CMAD-JSC-Q1-W-on-E-L1-R1	CMAD-JSC-Q1	W-on-E-L1-R1	secondary	explanatory_supplement	4.089649200439453	0.001800537109375	positive	4.089649200439453		8.593198776245117	0.001190185546875	positive	8.593198776245117		2.6990671157836914	0.0002899169921875	positive	2.6990671157836914		same_resolved_direction
CMAD-JSC-Q1-W-on-E-L2-R0	CMAD-JSC-Q1	W-on-E-L2-R0	secondary	explanatory_supplement	7.789546966552734	0.001800537109375	positive	7.789546966552734		-12.55575180053711	0.001190185546875	negative	-12.55575180053711		2.921926498413086	0.0002899169921875	positive	2.921926498413086		resolved_direction_conflict
CMAD-JSC-Q1-W-on-E-L2-R1	CMAD-JSC-Q1	W-on-E-L2-R1	secondary	explanatory_supplement	-30.67337417602539	0.001800537109375	negative	-30.67337417602539		4.622692108154297	0.001190185546875	positive	4.622692108154297		4.489727020263672	0.0002899169921875	positive	4.489727020263672		resolved_direction_conflict
CMAD-JSC-Q2-D-L0-D00	CMAD-JSC-Q2	D-L0-D00	secondary	explanatory_supplement	-0.9389591217041016	0.0009002685546875	negative	-0.9389591217041016	stable_correct	-1.5362606048583984	0.0005950927734375	negative	-1.5362606048583984	stable_correct	-0.5444545745849609	0.00014495849609375	negative	-0.5444545745849609	stable_correct	same_resolved_direction
CMAD-JSC-Q2-D-L0-D01	CMAD-JSC-Q2	D-L0-D01	secondary	explanatory_supplement	-4.487537384033203	0.0009002685546875	negative	-4.487537384033203	stable_correct	0.18577003479003906	0.0005950927734375	positive	0.18577003479003906	stable_correct	-1.670201301574707	0.00014495849609375	negative	-1.670201301574707	stable_correct	resolved_direction_conflict
CMAD-JSC-Q2-D-L0-D10	CMAD-JSC-Q2	D-L0-D10	secondary	explanatory_supplement	1.710428237915039	0.0009002685546875	positive	1.710428237915039	stable_correct	2.2198352813720703	0.0005950927734375	positive	2.2198352813720703	stable_correct	0.013553619384765625	0.00014495849609375	positive	0.013553619384765625	stable_correct	same_resolved_direction
CMAD-JSC-Q2-D-L0-D11	CMAD-JSC-Q2	D-L0-D11	secondary	explanatory_supplement	-1.5627899169921875	0.0009002685546875	negative	-1.5627899169921875	stable_correct	-0.2889881134033203	0.0005950927734375	negative	-0.2889881134033203	stable_correct	0.04422283172607422	0.00014495849609375	positive	0.04422283172607422	stable_correct	resolved_direction_conflict
CMAD-JSC-Q2-D-L1-D00	CMAD-JSC-Q2	D-L1-D00	secondary	explanatory_supplement	-17.89104461669922	0.0009002685546875	negative	-17.89104461669922	stable_correct	-0.8552818298339844	0.0005950927734375	negative	-0.8552818298339844	stable_correct	0.21743202209472656	0.00014495849609375	positive	0.21743202209472656	stable_correct	resolved_direction_conflict
CMAD-JSC-Q2-D-L1-D01	CMAD-JSC-Q2	D-L1-D01	secondary	explanatory_supplement	-6.507472991943359	0.0009002685546875	negative	-6.507472991943359	stable_correct	-1.1421318054199219	0.0005950927734375	negative	-1.1421318054199219	stable_correct	-0.3218717575073242	0.00014495849609375	negative	-0.3218717575073242	stable_correct	same_resolved_direction
CMAD-JSC-Q2-D-L1-D10	CMAD-JSC-Q2	D-L1-D10	secondary	explanatory_supplement	-0.4883079528808594	0.0009002685546875	negative	-0.4883079528808594	stable_correct	-0.4279346466064453	0.0005950927734375	negative	-0.4279346466064453	stable_correct	0.3122882843017578	0.00014495849609375	positive	0.3122882843017578	stable_correct	resolved_direction_conflict
CMAD-JSC-Q2-D-L1-D11	CMAD-JSC-Q2	D-L1-D11	secondary	explanatory_supplement	-2.4950084686279297	0.0009002685546875	negative	-2.4950084686279297	stable_correct	-2.3277435302734375	0.0005950927734375	negative	-2.3277435302734375	stable_correct	0.6407842636108398	0.00014495849609375	positive	0.6407842636108398	stable_correct	resolved_direction_conflict
CMAD-JSC-Q2-D-L2-D00	CMAD-JSC-Q2	D-L2-D00	secondary	explanatory_supplement	-1.4623298645019531	0.0009002685546875	negative	-1.4623298645019531	damage	1.05340576171875	0.0005950927734375	positive	1.05340576171875	stable_correct	1.5899810791015625	0.00014495849609375	positive	1.5899810791015625	stable_correct	resolved_direction_conflict
CMAD-JSC-Q2-D-L2-D01	CMAD-JSC-Q2	D-L2-D01	secondary	explanatory_supplement	11.493389129638672	0.0009002685546875	positive	11.493389129638672	stable_correct	2.7535953521728516	0.0005950927734375	positive	2.7535953521728516	stable_correct	1.3708934783935547	0.00014495849609375	positive	1.3708934783935547	stable_correct	same_resolved_direction
CMAD-JSC-Q2-D-L2-D10	CMAD-JSC-Q2	D-L2-D10	secondary	explanatory_supplement	14.144786834716797	0.0009002685546875	positive	14.144786834716797	stable_correct	3.9682159423828125	0.0005950927734375	positive	3.9682159423828125	stable_correct	2.4130849838256836	0.00014495849609375	positive	2.4130849838256836	stable_correct	same_resolved_direction
CMAD-JSC-Q2-D-L2-D11	CMAD-JSC-Q2	D-L2-D11	secondary	explanatory_supplement	17.561405181884766	0.0009002685546875	positive	17.561405181884766	stable_correct	3.0917720794677734	0.0005950927734375	positive	3.0917720794677734	stable_correct	2.6443920135498047	0.00014495849609375	positive	2.6443920135498047	stable_correct	same_resolved_direction
CMAD-JSC-Q2-E-L1-D0	CMAD-JSC-Q2	E-L1-D0	secondary	explanatory_supplement	-1.03851318359375	0.0009002685546875	negative	-1.03851318359375	stable_correct	2.475473403930664	0.0005950927734375	positive	2.475473403930664	stable_correct	-2.017507553100586	0.00014495849609375	negative	-2.017507553100586	stable_correct	resolved_direction_conflict
CMAD-JSC-Q2-E-L1-D00	CMAD-JSC-Q2	E-L1-D00	secondary	explanatory_supplement	-17.990598678588867	0.0009002685546875	negative	-17.990598678588867	stable_correct	3.156452178955078	0.0005950927734375	positive	3.156452178955078	stable_correct	-1.2556209564208984	0.00014495849609375	negative	-1.2556209564208984	stable_correct	resolved_direction_conflict
CMAD-JSC-Q2-E-L1-D01	CMAD-JSC-Q2	E-L1-D01	secondary	explanatory_supplement	-3.0584487915039062	0.0009002685546875	negative	-3.0584487915039062	stable_correct	1.1475715637207031	0.0005950927734375	positive	1.1475715637207031	stable_correct	-0.6691780090332031	0.00014495849609375	negative	-0.6691780090332031	stable_correct	resolved_direction_conflict
CMAD-JSC-Q2-E-L1-D10	CMAD-JSC-Q2	E-L1-D10	secondary	explanatory_supplement	-3.2372493743896484	0.0009002685546875	negative	-3.2372493743896484	stable_correct	-0.17229652404785156	0.0005950927734375	negative	-0.17229652404785156	stable_correct	-1.7187728881835938	0.00014495849609375	negative	-1.7187728881835938	stable_correct	same_resolved_direction
CMAD-JSC-Q2-E-L1-D11	CMAD-JSC-Q2	E-L1-D11	secondary	explanatory_supplement	-1.9707317352294922	0.0009002685546875	negative	-1.9707317352294922	stable_correct	0.4367179870605469	0.0005950927734375	positive	0.4367179870605469	stable_correct	-1.4209461212158203	0.00014495849609375	negative	-1.4209461212158203	stable_correct	resolved_direction_conflict
CMAD-JSC-Q2-E-L2-D0	CMAD-JSC-Q2	E-L2-D0	secondary	explanatory_supplement	-27.006683349609375	0.0009002685546875	negative	-27.006683349609375	stable_correct	-3.168214797973633	0.0005950927734375	negative	-3.168214797973633	stable_correct	-4.658618927001953	0.00014495849609375	negative	-4.658618927001953	stable_correct	same_resolved_direction
CMAD-JSC-Q2-E-L2-D00	CMAD-JSC-Q2	E-L2-D00	secondary	explanatory_supplement	-27.530054092407227	0.0009002685546875	negative	-27.530054092407227	damage	-0.5785484313964844	0.0005950927734375	negative	-0.5785484313964844	stable_correct	-2.5241832733154297	0.00014495849609375	negative	-2.5241832733154297	stable_correct	same_resolved_direction
CMAD-JSC-Q2-E-L2-D01	CMAD-JSC-Q2	E-L2-D01	secondary	explanatory_supplement	-11.0257568359375	0.0009002685546875	negative	-11.0257568359375	stable_correct	-0.6003894805908203	0.0005950927734375	negative	-0.6003894805908203	stable_correct	-1.6175241470336914	0.00014495849609375	negative	-1.6175241470336914	stable_correct	same_resolved_direction
CMAD-JSC-Q2-E-L2-D10	CMAD-JSC-Q2	E-L2-D10	secondary	explanatory_supplement	-14.572324752807617	0.0009002685546875	negative	-14.572324752807617	stable_correct	-1.4198341369628906	0.0005950927734375	negative	-1.4198341369628906	stable_correct	-2.259087562561035	0.00014495849609375	negative	-2.259087562561035	stable_correct	same_resolved_direction
CMAD-JSC-Q2-E-L2-D11	CMAD-JSC-Q2	E-L2-D11	secondary	explanatory_supplement	-7.882488250732422	0.0009002685546875	negative	-7.882488250732422	stable_correct	0.21254539489746094	0.0005950927734375	positive	0.21254539489746094	stable_correct	-2.0584497451782227	0.00014495849609375	negative	-2.0584497451782227	stable_correct	resolved_direction_conflict
CMAD-JSC-Q2-I-L1-D00	CMAD-JSC-Q2	I-L1-D00	secondary	explanatory_supplement	-16.952085494995117	0.001800537109375	negative	-16.952085494995117		0.6809787750244141	0.001190185546875	positive	0.6809787750244141		0.7618865966796875	0.0002899169921875	positive	0.7618865966796875		resolved_direction_conflict
CMAD-JSC-Q2-I-L1-D01	CMAD-JSC-Q2	I-L1-D01	secondary	explanatory_supplement	-2.0199356079101562	0.001800537109375	negative	-2.0199356079101562		-1.327901840209961	0.001190185546875	negative	-1.327901840209961		1.3483295440673828	0.0002899169921875	positive	1.3483295440673828		resolved_direction_conflict
CMAD-JSC-Q2-I-L1-D10	CMAD-JSC-Q2	I-L1-D10	secondary	explanatory_supplement	-2.1987361907958984	0.001800537109375	negative	-2.1987361907958984		-2.6477699279785156	0.001190185546875	negative	-2.6477699279785156		0.2987346649169922	0.0002899169921875	positive	0.2987346649169922		resolved_direction_conflict
CMAD-JSC-Q2-I-L1-D11	CMAD-JSC-Q2	I-L1-D11	secondary	explanatory_supplement	-0.9322185516357422	0.001800537109375	negative	-0.9322185516357422		-2.038755416870117	0.001190185546875	negative	-2.038755416870117		0.5965614318847656	0.0002899169921875	positive	0.5965614318847656		resolved_direction_conflict
CMAD-JSC-Q2-I-L2-D00	CMAD-JSC-Q2	I-L2-D00	secondary	explanatory_supplement	-0.5233707427978516	0.001800537109375	negative	-0.5233707427978516		2.5896663665771484	0.001190185546875	positive	2.5896663665771484		2.1344356536865234	0.0002899169921875	positive	2.1344356536865234		resolved_direction_conflict
CMAD-JSC-Q2-I-L2-D01	CMAD-JSC-Q2	I-L2-D01	secondary	explanatory_supplement	15.980926513671875	0.001800537109375	positive	15.980926513671875		2.5678253173828125	0.001190185546875	positive	2.5678253173828125		3.0410947799682617	0.0002899169921875	positive	3.0410947799682617		same_resolved_direction
CMAD-JSC-Q2-I-L2-D10	CMAD-JSC-Q2	I-L2-D10	secondary	explanatory_supplement	12.434358596801758	0.001800537109375	positive	12.434358596801758		1.7483806610107422	0.001190185546875	positive	1.7483806610107422		2.399531364440918	0.0002899169921875	positive	2.399531364440918		same_resolved_direction
CMAD-JSC-Q2-I-L2-D11	CMAD-JSC-Q2	I-L2-D11	secondary	explanatory_supplement	19.124195098876953	0.001800537109375	positive	19.124195098876953		3.3807601928710938	0.001190185546875	positive	3.3807601928710938		2.6001691818237305	0.0002899169921875	positive	2.6001691818237305		same_resolved_direction
CMAD-JSC-Q2-L-minus-N-L1-D0	CMAD-JSC-Q2	L-minus-N-L1-D0	secondary	explanatory_supplement	1.7548446655273438	0.0009002685546875	positive	1.7548446655273438	stable_correct	1.3120059967041016	0.0005950927734375	positive	1.3120059967041016	stable_correct	0.6484889984130859	0.00014495849609375	positive	0.6484889984130859	stable_correct	same_resolved_direction
CMAD-JSC-Q2-L-minus-N-L1-D01	CMAD-JSC-Q2	L-minus-N-L1-D01	secondary	explanatory_supplement	-2.405780792236328	0.0009002685546875	negative	-2.405780792236328	stable_correct	0.7280483245849609	0.0005950927734375	positive	0.7280483245849609	stable_correct	0.12728500366210938	0.00014495849609375	positive	0.12728500366210938	stable_correct	resolved_direction_conflict
CMAD-JSC-Q2-L-minus-N-L1-D10	CMAD-JSC-Q2	L-minus-N-L1-D10	secondary	explanatory_supplement	0.5930099487304688	0.0009002685546875	positive	0.5930099487304688	stable_correct	1.4831886291503906	0.0005950927734375	positive	1.4831886291503906	stable_correct	-0.1500568389892578	0.00014495849609375	negative	-0.1500568389892578	stable_correct	resolved_direction_conflict
CMAD-JSC-Q2-L-minus-N-L2-D0	CMAD-JSC-Q2	L-minus-N-L2-D0	secondary	explanatory_supplement	-24.21332550048828	0.0009002685546875	negative	-24.21332550048828	stable_correct	-4.331682205200195	0.0005950927734375	negative	-4.331682205200195	stable_correct	-1.9926223754882812	0.00014495849609375	negative	-1.9926223754882812	stable_correct	same_resolved_direction
CMAD-JSC-Q2-L-minus-N-L2-D01	CMAD-JSC-Q2	L-minus-N-L2-D01	secondary	explanatory_supplement	-10.373088836669922	0.0009002685546875	negative	-10.373088836669922	stable_correct	-1.0199127197265625	0.0005950927734375	negative	-1.0199127197265625	stable_correct	-0.8210611343383789	0.00014495849609375	negative	-0.8210611343383789	stable_correct	same_resolved_direction
CMAD-JSC-Q2-L-minus-N-L2-D10	CMAD-JSC-Q2	L-minus-N-L2-D10	secondary	explanatory_supplement	-10.7420654296875	0.0009002685546875	negative	-10.7420654296875	stable_correct	0.23565101623535156	0.0005950927734375	positive	0.23565101623535156	stable_correct	-0.6903715133666992	0.00014495849609375	negative	-0.6903715133666992	stable_correct	resolved_direction_conflict
CMAD-JSC-Q2-N-D0	CMAD-JSC-Q2	N-D0	secondary	explanatory_supplement	-2.7933578491210938	0.0009002685546875	negative	-2.7933578491210938	stable_correct	1.1634674072265625	0.0005950927734375	positive	1.1634674072265625	stable_correct	-2.665996551513672	0.00014495849609375	negative	-2.665996551513672	stable_correct	resolved_direction_conflict
CMAD-JSC-Q2-N-D01	CMAD-JSC-Q2	N-D01	secondary	explanatory_supplement	-0.6526679992675781	0.0009002685546875	negative	-0.6526679992675781	stable_correct	0.4195232391357422	0.0005950927734375	positive	0.4195232391357422	stable_correct	-0.7964630126953125	0.00014495849609375	negative	-0.7964630126953125	stable_correct	resolved_direction_conflict
CMAD-JSC-Q2-N-D10	CMAD-JSC-Q2	N-D10	secondary	explanatory_supplement	-3.830259323120117	0.0009002685546875	negative	-3.830259323120117	stable_correct	-1.6554851531982422	0.0005950927734375	negative	-1.6554851531982422	stable_correct	-1.568716049194336	0.00014495849609375	negative	-1.568716049194336	stable_correct	same_resolved_direction
CMAD-JSC-Q2-R-L0-W0	CMAD-JSC-Q2	R-L0-W0	secondary	explanatory_supplement	2.6493873596191406	0.0009002685546875	positive	2.6493873596191406	stable_correct	3.7560958862304688	0.0005950927734375	positive	3.7560958862304688	stable_correct	0.5580081939697266	0.00014495849609375	positive	0.5580081939697266	stable_correct	same_resolved_direction
CMAD-JSC-Q2-R-L0-W1	CMAD-JSC-Q2	R-L0-W1	secondary	explanatory_supplement	2.9247474670410156	0.0009002685546875	positive	2.9247474670410156	stable_correct	-0.4747581481933594	0.0005950927734375	negative	-0.4747581481933594	stable_correct	1.7144241333007812	0.00014495849609375	positive	1.7144241333007812	stable_correct	resolved_direction_conflict
CMAD-JSC-Q2-R-L1-W0	CMAD-JSC-Q2	R-L1-W0	secondary	explanatory_supplement	17.40273666381836	0.0009002685546875	positive	17.40273666381836	stable_correct	0.42734718322753906	0.0005950927734375	positive	0.42734718322753906	stable_correct	0.09485626220703125	0.00014495849609375	positive	0.09485626220703125	stable_correct	same_resolved_direction
CMAD-JSC-Q2-R-L1-W1	CMAD-JSC-Q2	R-L1-W1	secondary	explanatory_supplement	4.01246452331543	0.0009002685546875	positive	4.01246452331543	stable_correct	-1.1856117248535156	0.0005950927734375	negative	-1.1856117248535156	stable_correct	0.9626560211181641	0.00014495849609375	positive	0.9626560211181641	stable_correct	resolved_direction_conflict
CMAD-JSC-Q2-R-L2-W0	CMAD-JSC-Q2	R-L2-W0	secondary	explanatory_supplement	15.60711669921875	0.0009002685546875	positive	15.60711669921875	repair	2.9148101806640625	0.0005950927734375	positive	2.9148101806640625	stable_correct	0.8231039047241211	0.00014495849609375	positive	0.8231039047241211	stable_correct	same_resolved_direction
CMAD-JSC-Q2-R-L2-W1	CMAD-JSC-Q2	R-L2-W1	secondary	explanatory_supplement	6.068016052246094	0.0009002685546875	positive	6.068016052246094	stable_correct	0.3381767272949219	0.0005950927734375	positive	0.3381767272949219	stable_correct	1.27349853515625	0.00014495849609375	positive	1.27349853515625	stable_correct	same_resolved_direction
CMAD-JSC-Q2-R-on-E-L1-W0	CMAD-JSC-Q2	R-on-E-L1-W0	secondary	explanatory_supplement	14.753349304199219	0.001800537109375	positive	14.753349304199219		-3.3287487030029297	0.001190185546875	negative	-3.3287487030029297		-0.4631519317626953	0.0002899169921875	negative	-0.4631519317626953		resolved_direction_conflict
CMAD-JSC-Q2-R-on-E-L1-W1	CMAD-JSC-Q2	R-on-E-L1-W1	secondary	explanatory_supplement	1.087717056274414	0.001800537109375	positive	1.087717056274414		-0.7108535766601562	0.001190185546875	negative	-0.7108535766601562		-0.7517681121826172	0.0002899169921875	negative	-0.7517681121826172		resolved_direction_conflict
CMAD-JSC-Q2-R-on-E-L2-W0	CMAD-JSC-Q2	R-on-E-L2-W0	secondary	explanatory_supplement	12.95772933959961	0.001800537109375	positive	12.95772933959961		-0.8412857055664062	0.001190185546875	negative	-0.8412857055664062		0.26509571075439453	0.0002899169921875	positive	0.26509571075439453		resolved_direction_conflict
CMAD-JSC-Q2-R-on-E-L2-W1	CMAD-JSC-Q2	R-on-E-L2-W1	secondary	explanatory_supplement	3.143268585205078	0.001800537109375	positive	3.143268585205078		0.8129348754882812	0.001190185546875	positive	0.8129348754882812		-0.44092559814453125	0.0002899169921875	negative	-0.44092559814453125		resolved_direction_conflict
CMAD-JSC-Q2-RW-L0	CMAD-JSC-Q2	RW-L0	secondary	explanatory_supplement	0.275360107421875	0.001800537109375	positive	0.275360107421875		-4.230854034423828	0.001190185546875	negative	-4.230854034423828		1.1564159393310547	0.0002899169921875	positive	1.1564159393310547		resolved_direction_conflict
CMAD-JSC-Q2-RW-L1	CMAD-JSC-Q2	RW-L1	secondary	explanatory_supplement	-13.39027214050293	0.001800537109375	negative	-13.39027214050293		-1.6129589080810547	0.001190185546875	negative	-1.6129589080810547		0.8677997589111328	0.0002899169921875	positive	0.8677997589111328		resolved_direction_conflict
CMAD-JSC-Q2-RW-L2	CMAD-JSC-Q2	RW-L2	secondary	explanatory_supplement	-9.539100646972656	0.001800537109375	negative	-9.539100646972656		-2.5766334533691406	0.001190185546875	negative	-2.5766334533691406		0.4503946304321289	0.0002899169921875	positive	0.4503946304321289		resolved_direction_conflict
CMAD-JSC-Q2-Swap-L0-D01	CMAD-JSC-Q2	Swap-L0-D01	secondary	explanatory_supplement	-5.584136962890625	0.0009002685546875	negative	-5.584136962890625	stable_correct	0.7529430389404297	0.0005950927734375	positive	0.7529430389404297	stable_correct	0.0627298355102539	0.00014495849609375	positive	0.0627298355102539	stable_correct	resolved_direction_conflict
CMAD-JSC-Q2-Swap-L0-D10	CMAD-JSC-Q2	Swap-L0-D10	secondary	explanatory_supplement	-5.910730361938477	0.0009002685546875	negative	-5.910730361938477	stable_correct	-3.270000457763672	0.0005950927734375	negative	-3.270000457763672	stable_correct	-1.1432552337646484	0.00014495849609375	negative	-1.1432552337646484	stable_correct	same_resolved_direction
CMAD-JSC-Q2-Swap-L1-D01	CMAD-JSC-Q2	Swap-L1-D01	secondary	explanatory_supplement	-0.7590789794921875	0.0009002685546875	negative	-0.7590789794921875	stable_correct	0.9430961608886719	0.0005950927734375	positive	0.9430961608886719	stable_correct	0.514704704284668	0.00014495849609375	positive	0.514704704284668	stable_correct	resolved_direction_conflict
CMAD-JSC-Q2-Swap-L1-D10	CMAD-JSC-Q2	Swap-L1-D10	secondary	explanatory_supplement	-5.723846435546875	0.0009002685546875	negative	-5.723846435546875	stable_correct	-2.59368896484375	0.0005950927734375	negative	-2.59368896484375	stable_correct	-1.3661422729492188	0.00014495849609375	negative	-1.3661422729492188	stable_correct	same_resolved_direction
CMAD-JSC-Q2-Swap-L2-D01	CMAD-JSC-Q2	Swap-L2-D01	secondary	explanatory_supplement	0.29775238037109375	0.0009002685546875	positive	0.29775238037109375	stable_correct	1.0871295928955078	0.0005950927734375	positive	1.0871295928955078	stable_correct	0.3931865692138672	0.00014495849609375	positive	0.3931865692138672	stable_correct	same_resolved_direction
CMAD-JSC-Q2-Swap-L2-D10	CMAD-JSC-Q2	Swap-L2-D10	secondary	explanatory_supplement	-4.144924163818359	0.0009002685546875	negative	-4.144924163818359	stable_correct	-3.0694046020507812	0.0005950927734375	negative	-3.0694046020507812	stable_correct	-1.2284917831420898	0.00014495849609375	negative	-1.2284917831420898	stable_correct	same_resolved_direction
CMAD-JSC-Q2-Swap-on-E-L1-D01	CMAD-JSC-Q2	Swap-on-E-L1-D01	secondary	explanatory_supplement	4.8250579833984375	0.001800537109375	positive	4.8250579833984375		0.1901531219482422	0.001190185546875	positive	0.1901531219482422		0.45197486877441406	0.0002899169921875	positive	0.45197486877441406		same_resolved_direction
CMAD-JSC-Q2-Swap-on-E-L1-D10	CMAD-JSC-Q2	Swap-on-E-L1-D10	secondary	explanatory_supplement	0.18688392639160156	0.001800537109375	positive	0.18688392639160156		0.6763114929199219	0.001190185546875	positive	0.6763114929199219		-0.2228870391845703	0.0002899169921875	negative	-0.2228870391845703		resolved_direction_conflict
CMAD-JSC-Q2-Swap-on-E-L2-D01	CMAD-JSC-Q2	Swap-on-E-L2-D01	secondary	explanatory_supplement	5.881889343261719	0.001800537109375	positive	5.881889343261719		0.3341865539550781	0.001190185546875	positive	0.3341865539550781		0.3304567337036133	0.0002899169921875	positive	0.3304567337036133		same_resolved_direction
CMAD-JSC-Q2-Swap-on-E-L2-D10	CMAD-JSC-Q2	Swap-on-E-L2-D10	secondary	explanatory_supplement	1.7658061981201172	0.001800537109375	positive	1.7658061981201172		0.20059585571289062	0.001190185546875	positive	0.20059585571289062		-0.0852365493774414	0.0002899169921875	negative	-0.0852365493774414		resolved_direction_conflict
CMAD-JSC-Q2-W-L0-R0	CMAD-JSC-Q2	W-L0-R0	secondary	explanatory_supplement	-3.5485782623291016	0.0009002685546875	negative	-3.5485782623291016	stable_correct	1.7220306396484375	0.0005950927734375	positive	1.7220306396484375	stable_correct	-1.125746726989746	0.00014495849609375	negative	-1.125746726989746	stable_correct	resolved_direction_conflict
CMAD-JSC-Q2-W-L0-R1	CMAD-JSC-Q2	W-L0-R1	secondary	explanatory_supplement	-3.2732181549072266	0.0009002685546875	negative	-3.2732181549072266	stable_correct	-2.5088233947753906	0.0005950927734375	negative	-2.5088233947753906	stable_correct	0.030669212341308594	0.00014495849609375	positive	0.030669212341308594	stable_correct	resolved_direction_conflict
CMAD-JSC-Q2-W-L1-R0	CMAD-JSC-Q2	W-L1-R0	secondary	explanatory_supplement	11.38357162475586	0.0009002685546875	positive	11.38357162475586	stable_correct	-0.2868499755859375	0.0005950927734375	negative	-0.2868499755859375	stable_correct	-0.5393037796020508	0.00014495849609375	negative	-0.5393037796020508	stable_correct	resolved_direction_conflict
CMAD-JSC-Q2-W-L1-R1	CMAD-JSC-Q2	W-L1-R1	secondary	explanatory_supplement	-2.0067005157470703	0.0009002685546875	negative	-2.0067005157470703	stable_correct	-1.8998088836669922	0.0005950927734375	negative	-1.8998088836669922	stable_correct	0.32849597930908203	0.00014495849609375	positive	0.32849597930908203	stable_correct	resolved_direction_conflict
CMAD-JSC-Q2-W-L2-R0	CMAD-JSC-Q2	W-L2-R0	secondary	explanatory_supplement	12.955718994140625	0.0009002685546875	positive	12.955718994140625	repair	1.7001895904541016	0.0005950927734375	positive	1.7001895904541016	stable_correct	-0.2190876007080078	0.00014495849609375	negative	-0.2190876007080078	stable_correct	resolved_direction_conflict
CMAD-JSC-Q2-W-L2-R1	CMAD-JSC-Q2	W-L2-R1	secondary	explanatory_supplement	3.4166183471679688	0.0009002685546875	positive	3.4166183471679688	stable_correct	-0.8764438629150391	0.0005950927734375	negative	-0.8764438629150391	stable_correct	0.2313070297241211	0.00014495849609375	positive	0.2313070297241211	stable_correct	resolved_direction_conflict
CMAD-JSC-Q2-W-on-E-L1-R0	CMAD-JSC-Q2	W-on-E-L1-R0	secondary	explanatory_supplement	14.932149887084961	0.001800537109375	positive	14.932149887084961		-2.008880615234375	0.001190185546875	negative	-2.008880615234375		0.5864429473876953	0.0002899169921875	positive	0.5864429473876953		resolved_direction_conflict
CMAD-JSC-Q2-W-on-E-L1-R1	CMAD-JSC-Q2	W-on-E-L1-R1	secondary	explanatory_supplement	1.2665176391601562	0.001800537109375	positive	1.2665176391601562		0.6090145111083984	0.001190185546875	positive	0.6090145111083984		0.29782676696777344	0.0002899169921875	positive	0.29782676696777344		same_resolved_direction
CMAD-JSC-Q2-W-on-E-L2-R0	CMAD-JSC-Q2	W-on-E-L2-R0	secondary	explanatory_supplement	16.504297256469727	0.001800537109375	positive	16.504297256469727		-0.021841049194335938	0.001190185546875	negative	-0.021841049194335938		0.9066591262817383	0.0002899169921875	positive	0.9066591262817383		resolved_direction_conflict
CMAD-JSC-Q2-W-on-E-L2-R1	CMAD-JSC-Q2	W-on-E-L2-R1	secondary	explanatory_supplement	6.689836502075195	0.001800537109375	positive	6.689836502075195		1.6323795318603516	0.001190185546875	positive	1.6323795318603516		0.2006378173828125	0.0002899169921875	positive	0.2006378173828125		same_resolved_direction
CMAD-JSC-Q3-D-L0-D00	CMAD-JSC-Q3	D-L0-D00	secondary	explanatory_supplement	-0.10928916931152344	0.0009002685546875	negative	0.10928916931152344	stable_correct	6.026622772216797	0.0005950927734375	positive	-6.026622772216797	stable_correct	-0.16028404235839844	0.00014495849609375	negative	0.16028404235839844	stable_correct	resolved_direction_conflict
CMAD-JSC-Q3-D-L0-D01	CMAD-JSC-Q3	D-L0-D01	secondary	explanatory_supplement	2.0193424224853516	0.0009002685546875	positive	-2.0193424224853516	stable_correct	5.121023178100586	0.0005950927734375	positive	-5.121023178100586	stable_correct	-0.07540130615234375	0.00014495849609375	negative	0.07540130615234375	stable_correct	resolved_direction_conflict
CMAD-JSC-Q3-D-L0-D10	CMAD-JSC-Q3	D-L0-D10	secondary	explanatory_supplement	3.7193737030029297	0.0009002685546875	positive	-3.7193737030029297	stable_correct	3.572216033935547	0.0005950927734375	positive	-3.572216033935547	stable_correct	0.4635486602783203	0.00014495849609375	positive	-0.4635486602783203	stable_correct	same_resolved_direction
CMAD-JSC-Q3-D-L0-D11	CMAD-JSC-Q3	D-L0-D11	secondary	explanatory_supplement	4.288679122924805	0.0009002685546875	positive	-4.288679122924805	stable_correct	8.493471145629883	0.0005950927734375	positive	-8.493471145629883	stable_correct	0.43799400329589844	0.00014495849609375	positive	-0.43799400329589844	stable_correct	same_resolved_direction
CMAD-JSC-Q3-D-L1-D00	CMAD-JSC-Q3	D-L1-D00	secondary	explanatory_supplement	-0.6278972625732422	0.0009002685546875	negative	0.6278972625732422	stable_correct	-2.1981754302978516	0.0005950927734375	negative	2.1981754302978516	stable_correct	-0.04217529296875	0.00014495849609375	negative	0.04217529296875	stable_correct	same_resolved_direction
CMAD-JSC-Q3-D-L1-D01	CMAD-JSC-Q3	D-L1-D01	secondary	explanatory_supplement	0.7119598388671875	0.0009002685546875	positive	-0.7119598388671875	stable_correct	-2.5577163696289062	0.0005950927734375	negative	2.5577163696289062	stable_correct	0.0881195068359375	0.00014495849609375	positive	-0.0881195068359375	stable_correct	resolved_direction_conflict
CMAD-JSC-Q3-D-L1-D10	CMAD-JSC-Q3	D-L1-D10	secondary	explanatory_supplement	1.8139686584472656	0.0009002685546875	positive	-1.8139686584472656	stable_correct	-4.072183609008789	0.0005950927734375	negative	4.072183609008789	stable_correct	0.054759979248046875	0.00014495849609375	positive	-0.054759979248046875	stable_correct	resolved_direction_conflict
CMAD-JSC-Q3-D-L1-D11	CMAD-JSC-Q3	D-L1-D11	secondary	explanatory_supplement	4.574882507324219	0.0009002685546875	positive	-4.574882507324219	stable_correct	0.1450214385986328	0.0005950927734375	positive	-0.1450214385986328	stable_correct	0.40190696716308594	0.00014495849609375	positive	-0.40190696716308594	stable_correct	same_resolved_direction
CMAD-JSC-Q3-D-L2-D00	CMAD-JSC-Q3	D-L2-D00	secondary	explanatory_supplement	0.32311058044433594	0.0009002685546875	positive	-0.32311058044433594	stable_correct	-1.1263866424560547	0.0005950927734375	negative	1.1263866424560547	stable_correct	-0.0962677001953125	0.00014495849609375	negative	0.0962677001953125	stable_correct	resolved_direction_conflict
CMAD-JSC-Q3-D-L2-D01	CMAD-JSC-Q3	D-L2-D01	secondary	explanatory_supplement	1.1085224151611328	0.0009002685546875	positive	-1.1085224151611328	stable_correct	-1.5608863830566406	0.0005950927734375	negative	1.5608863830566406	stable_correct	-0.1694011688232422	0.00014495849609375	negative	0.1694011688232422	stable_correct	resolved_direction_conflict
CMAD-JSC-Q3-D-L2-D10	CMAD-JSC-Q3	D-L2-D10	secondary	explanatory_supplement	2.831501007080078	0.0009002685546875	positive	-2.831501007080078	stable_correct	-0.7393989562988281	0.0005950927734375	negative	0.7393989562988281	stable_correct	-0.023206710815429688	0.00014495849609375	negative	0.023206710815429688	stable_correct	resolved_direction_conflict
CMAD-JSC-Q3-D-L2-D11	CMAD-JSC-Q3	D-L2-D11	secondary	explanatory_supplement	4.633449554443359	0.0009002685546875	positive	-4.633449554443359	stable_correct	1.7362022399902344	0.0005950927734375	positive	-1.7362022399902344	stable_correct	0.1409435272216797	0.00014495849609375	positive	-0.1409435272216797	stable_correct	same_resolved_direction
CMAD-JSC-Q3-E-L1-D0	CMAD-JSC-Q3	E-L1-D0	secondary	explanatory_supplement	1.4567127227783203	0.0009002685546875	positive	-1.4567127227783203	stable_correct	9.276716232299805	0.0005950927734375	positive	-9.276716232299805	stable_correct	0.33999061584472656	0.00014495849609375	positive	-0.33999061584472656	stable_correct	same_resolved_direction
CMAD-JSC-Q3-E-L1-D00	CMAD-JSC-Q3	E-L1-D00	secondary	explanatory_supplement	0.9381046295166016	0.0009002685546875	positive	-0.9381046295166016	stable_correct	1.0519180297851562	0.0005950927734375	positive	-1.0519180297851562	stable_correct	0.458099365234375	0.00014495849609375	positive	-0.458099365234375	stable_correct	same_resolved_direction
CMAD-JSC-Q3-E-L1-D01	CMAD-JSC-Q3	E-L1-D01	secondary	explanatory_supplement	0.14933013916015625	0.0009002685546875	positive	-0.14933013916015625	stable_correct	1.5979766845703125	0.0005950927734375	positive	-1.5979766845703125	stable_correct	0.5035114288330078	0.00014495849609375	positive	-0.5035114288330078	stable_correct	same_resolved_direction
CMAD-JSC-Q3-E-L1-D10	CMAD-JSC-Q3	E-L1-D10	secondary	explanatory_supplement	-0.44869232177734375	0.0009002685546875	negative	0.44869232177734375	stable_correct	1.6323165893554688	0.0005950927734375	positive	-1.6323165893554688	stable_correct	-0.06879806518554688	0.00014495849609375	negative	0.06879806518554688	stable_correct	resolved_direction_conflict
CMAD-JSC-Q3-E-L1-D11	CMAD-JSC-Q3	E-L1-D11	secondary	explanatory_supplement	1.7429161071777344	0.0009002685546875	positive	-1.7429161071777344	stable_correct	0.9282665252685547	0.0005950927734375	positive	-0.9282665252685547	stable_correct	0.30390357971191406	0.00014495849609375	positive	-0.30390357971191406	stable_correct	same_resolved_direction
CMAD-JSC-Q3-E-L2-D0	CMAD-JSC-Q3	E-L2-D0	secondary	explanatory_supplement	0.7766895294189453	0.0009002685546875	positive	-0.7766895294189453	stable_correct	4.529325485229492	0.0005950927734375	positive	-4.529325485229492	stable_correct	0.18110084533691406	0.00014495849609375	positive	-0.18110084533691406	stable_correct	same_resolved_direction
CMAD-JSC-Q3-E-L2-D00	CMAD-JSC-Q3	E-L2-D00	secondary	explanatory_supplement	1.2090892791748047	0.0009002685546875	positive	-1.2090892791748047	stable_correct	-2.6236839294433594	0.0005950927734375	negative	2.6236839294433594	stable_correct	0.2451171875	0.00014495849609375	positive	-0.2451171875	stable_correct	resolved_direction_conflict
CMAD-JSC-Q3-E-L2-D01	CMAD-JSC-Q3	E-L2-D01	secondary	explanatory_supplement	-0.13413047790527344	0.0009002685546875	negative	0.13413047790527344	stable_correct	-2.1525840759277344	0.0005950927734375	negative	2.1525840759277344	stable_correct	0.08710098266601562	0.00014495849609375	positive	-0.08710098266601562	stable_correct	resolved_direction_conflict
CMAD-JSC-Q3-E-L2-D10	CMAD-JSC-Q3	E-L2-D10	secondary	explanatory_supplement	-0.11118316650390625	0.0009002685546875	negative	0.11118316650390625	stable_correct	0.2177104949951172	0.0005950927734375	positive	-0.2177104949951172	stable_correct	-0.30565452575683594	0.00014495849609375	negative	0.30565452575683594	stable_correct	resolved_direction_conflict
CMAD-JSC-Q3-E-L2-D11	CMAD-JSC-Q3	E-L2-D11	secondary	explanatory_supplement	1.1214599609375	0.0009002685546875	positive	-1.1214599609375	stable_correct	-2.2279434204101562	0.0005950927734375	negative	2.2279434204101562	stable_correct	-0.11594963073730469	0.00014495849609375	negative	0.11594963073730469	stable_correct	resolved_direction_conflict
CMAD-JSC-Q3-I-L1-D00	CMAD-JSC-Q3	I-L1-D00	secondary	explanatory_supplement	-0.5186080932617188	0.001800537109375	negative	0.5186080932617188		-8.224798202514648	0.001190185546875	negative	8.224798202514648		0.11810874938964844	0.0002899169921875	positive	-0.11810874938964844		resolved_direction_conflict
CMAD-JSC-Q3-I-L1-D01	CMAD-JSC-Q3	I-L1-D01	secondary	explanatory_supplement	-1.307382583618164	0.001800537109375	negative	1.307382583618164		-7.678739547729492	0.001190185546875	negative	7.678739547729492		0.16352081298828125	0.0002899169921875	positive	-0.16352081298828125		resolved_direction_conflict
CMAD-JSC-Q3-I-L1-D10	CMAD-JSC-Q3	I-L1-D10	secondary	explanatory_supplement	-1.905405044555664	0.001800537109375	negative	1.905405044555664		-7.644399642944336	0.001190185546875	negative	7.644399642944336		-0.40878868103027344	0.0002899169921875	negative	0.40878868103027344		same_resolved_direction
CMAD-JSC-Q3-I-L1-D11	CMAD-JSC-Q3	I-L1-D11	secondary	explanatory_supplement	0.28620338439941406	0.001800537109375	positive	-0.28620338439941406		-8.34844970703125	0.001190185546875	negative	8.34844970703125		-0.0360870361328125	0.0002899169921875	negative	0.0360870361328125		resolved_direction_conflict
CMAD-JSC-Q3-I-L2-D00	CMAD-JSC-Q3	I-L2-D00	secondary	explanatory_supplement	0.4323997497558594	0.001800537109375	positive	-0.4323997497558594		-7.153009414672852	0.001190185546875	negative	7.153009414672852		0.06401634216308594	0.0002899169921875	positive	-0.06401634216308594		resolved_direction_conflict
CMAD-JSC-Q3-I-L2-D01	CMAD-JSC-Q3	I-L2-D01	secondary	explanatory_supplement	-0.9108200073242188	0.001800537109375	negative	0.9108200073242188		-6.681909561157227	0.001190185546875	negative	6.681909561157227		-0.09399986267089844	0.0002899169921875	negative	0.09399986267089844		same_resolved_direction
CMAD-JSC-Q3-I-L2-D10	CMAD-JSC-Q3	I-L2-D10	secondary	explanatory_supplement	-0.8878726959228516	0.001800537109375	negative	0.8878726959228516		-4.311614990234375	0.001190185546875	negative	4.311614990234375		-0.48675537109375	0.0002899169921875	negative	0.48675537109375		same_resolved_direction
CMAD-JSC-Q3-I-L2-D11	CMAD-JSC-Q3	I-L2-D11	secondary	explanatory_supplement	0.3447704315185547	0.001800537109375	positive	-0.3447704315185547		-6.757268905639648	0.001190185546875	negative	6.757268905639648		-0.29705047607421875	0.0002899169921875	negative	0.29705047607421875		resolved_direction_conflict
CMAD-JSC-Q3-L-minus-N-L1-D0	CMAD-JSC-Q3	L-minus-N-L1-D0	secondary	explanatory_supplement	-1.374502182006836	0.0009002685546875	negative	1.374502182006836	stable_correct	0.7849159240722656	0.0005950927734375	positive	-0.7849159240722656	stable_correct	0.09526252746582031	0.00014495849609375	positive	-0.09526252746582031	stable_correct	resolved_direction_conflict
CMAD-JSC-Q3-L-minus-N-L1-D01	CMAD-JSC-Q3	L-minus-N-L1-D01	secondary	explanatory_supplement	-1.0802555084228516	0.0009002685546875	negative	1.0802555084228516	stable_correct	0.7161293029785156	0.0005950927734375	positive	-0.7161293029785156	stable_correct	-0.059963226318359375	0.00014495849609375	negative	0.059963226318359375	stable_correct	resolved_direction_conflict
CMAD-JSC-Q3-L-minus-N-L1-D10	CMAD-JSC-Q3	L-minus-N-L1-D10	secondary	explanatory_supplement	-0.3534660339355469	0.0009002685546875	negative	0.3534660339355469	stable_correct	-0.8449306488037109	0.0005950927734375	negative	0.8449306488037109	stable_correct	-0.18804359436035156	0.00014495849609375	negative	0.18804359436035156	stable_correct	same_resolved_direction
CMAD-JSC-Q3-L-minus-N-L2-D0	CMAD-JSC-Q3	L-minus-N-L2-D0	secondary	explanatory_supplement	-2.054525375366211	0.0009002685546875	negative	2.054525375366211	stable_correct	-3.962474822998047	0.0005950927734375	negative	3.962474822998047	stable_correct	-0.06362724304199219	0.00014495849609375	negative	0.06362724304199219	stable_correct	same_resolved_direction
CMAD-JSC-Q3-L-minus-N-L2-D01	CMAD-JSC-Q3	L-minus-N-L2-D01	secondary	explanatory_supplement	-1.3637161254882812	0.0009002685546875	negative	1.3637161254882812	stable_correct	-3.0344314575195312	0.0005950927734375	negative	3.0344314575195312	stable_correct	-0.47637367248535156	0.00014495849609375	negative	0.47637367248535156	stable_correct	same_resolved_direction
CMAD-JSC-Q3-L-minus-N-L2-D10	CMAD-JSC-Q3	L-minus-N-L2-D10	secondary	explanatory_supplement	-0.015956878662109375	0.0009002685546875	negative	0.015956878662109375	stable_correct	-2.2595367431640625	0.0005950927734375	negative	2.2595367431640625	stable_correct	-0.4249000549316406	0.00014495849609375	negative	0.4249000549316406	stable_correct	same_resolved_direction
CMAD-JSC-Q3-N-D0	CMAD-JSC-Q3	N-D0	secondary	explanatory_supplement	2.8312149047851562	0.0009002685546875	positive	-2.8312149047851562	stable_correct	8.491800308227539	0.0005950927734375	positive	-8.491800308227539	stable_correct	0.24472808837890625	0.00014495849609375	positive	-0.24472808837890625	stable_correct	same_resolved_direction
CMAD-JSC-Q3-N-D01	CMAD-JSC-Q3	N-D01	secondary	explanatory_supplement	1.2295856475830078	0.0009002685546875	positive	-1.2295856475830078	stable_correct	0.8818473815917969	0.0005950927734375	positive	-0.8818473815917969	stable_correct	0.5634746551513672	0.00014495849609375	positive	-0.5634746551513672	stable_correct	same_resolved_direction
CMAD-JSC-Q3-N-D10	CMAD-JSC-Q3	N-D10	secondary	explanatory_supplement	-0.09522628784179688	0.0009002685546875	negative	0.09522628784179688	stable_correct	2.4772472381591797	0.0005950927734375	positive	-2.4772472381591797	stable_correct	0.11924552917480469	0.00014495849609375	positive	-0.11924552917480469	stable_correct	resolved_direction_conflict
CMAD-JSC-Q3-R-L0-W0	CMAD-JSC-Q3	R-L0-W0	secondary	explanatory_supplement	3.828662872314453	0.0009002685546875	positive	-3.828662872314453	stable_correct	-2.45440673828125	0.0005950927734375	negative	2.45440673828125	stable_correct	0.6238327026367188	0.00014495849609375	positive	-0.6238327026367188	stable_correct	resolved_direction_conflict
CMAD-JSC-Q3-R-L0-W1	CMAD-JSC-Q3	R-L0-W1	secondary	explanatory_supplement	2.269336700439453	0.0009002685546875	positive	-2.269336700439453	stable_correct	3.372447967529297	0.0005950927734375	positive	-3.372447967529297	stable_correct	0.5133953094482422	0.00014495849609375	positive	-0.5133953094482422	stable_correct	same_resolved_direction
CMAD-JSC-Q3-R-L1-W0	CMAD-JSC-Q3	R-L1-W0	secondary	explanatory_supplement	2.441865921020508	0.0009002685546875	positive	-2.441865921020508	stable_correct	-1.8740081787109375	0.0005950927734375	negative	1.8740081787109375	stable_correct	0.09693527221679688	0.00014495849609375	positive	-0.09693527221679688	stable_correct	resolved_direction_conflict
CMAD-JSC-Q3-R-L1-W1	CMAD-JSC-Q3	R-L1-W1	secondary	explanatory_supplement	3.8629226684570312	0.0009002685546875	positive	-3.8629226684570312	stable_correct	2.702737808227539	0.0005950927734375	positive	-2.702737808227539	stable_correct	0.31378746032714844	0.00014495849609375	positive	-0.31378746032714844	stable_correct	same_resolved_direction
CMAD-JSC-Q3-R-L2-W0	CMAD-JSC-Q3	R-L2-W0	secondary	explanatory_supplement	2.508390426635742	0.0009002685546875	positive	-2.508390426635742	stable_correct	0.38698768615722656	0.0005950927734375	positive	-0.38698768615722656	stable_correct	0.07306098937988281	0.00014495849609375	positive	-0.07306098937988281	stable_correct	same_resolved_direction
CMAD-JSC-Q3-R-L2-W1	CMAD-JSC-Q3	R-L2-W1	secondary	explanatory_supplement	3.5249271392822266	0.0009002685546875	positive	-3.5249271392822266	stable_correct	3.297088623046875	0.0005950927734375	positive	-3.297088623046875	stable_correct	0.3103446960449219	0.00014495849609375	positive	-0.3103446960449219	stable_correct	same_resolved_direction
CMAD-JSC-Q3-R-on-E-L1-W0	CMAD-JSC-Q3	R-on-E-L1-W0	secondary	explanatory_supplement	-1.3867969512939453	0.001800537109375	negative	1.3867969512939453		0.5803985595703125	0.001190185546875	positive	-0.5803985595703125		-0.5268974304199219	0.0002899169921875	negative	0.5268974304199219		resolved_direction_conflict
CMAD-JSC-Q3-R-on-E-L1-W1	CMAD-JSC-Q3	R-on-E-L1-W1	secondary	explanatory_supplement	1.5935859680175781	0.001800537109375	positive	-1.5935859680175781		-0.6697101593017578	0.001190185546875	negative	0.6697101593017578		-0.19960784912109375	0.0002899169921875	negative	0.19960784912109375		resolved_direction_conflict
CMAD-JSC-Q3-R-on-E-L2-W0	CMAD-JSC-Q3	R-on-E-L2-W0	secondary	explanatory_supplement	-1.320272445678711	0.001800537109375	negative	1.320272445678711		2.8413944244384766	0.001190185546875	positive	-2.8413944244384766		-0.5507717132568359	0.0002899169921875	negative	0.5507717132568359		resolved_direction_conflict
CMAD-JSC-Q3-R-on-E-L2-W1	CMAD-JSC-Q3	R-on-E-L2-W1	secondary	explanatory_supplement	1.2555904388427734	0.001800537109375	positive	-1.2555904388427734		-0.07535934448242188	0.001190185546875	negative	0.07535934448242188		-0.2030506134033203	0.0002899169921875	negative	0.2030506134033203		resolved_direction_conflict
CMAD-JSC-Q3-RW-L0	CMAD-JSC-Q3	RW-L0	secondary	explanatory_supplement	-1.559326171875	0.001800537109375	negative	1.559326171875		5.826854705810547	0.001190185546875	positive	-5.826854705810547		-0.11043739318847656	0.0002899169921875	negative	0.11043739318847656		resolved_direction_conflict
CMAD-JSC-Q3-RW-L1	CMAD-JSC-Q3	RW-L1	secondary	explanatory_supplement	1.4210567474365234	0.001800537109375	positive	-1.4210567474365234		4.576745986938477	0.001190185546875	positive	-4.576745986938477		0.21685218811035156	0.0002899169921875	positive	-0.21685218811035156		same_resolved_direction
CMAD-JSC-Q3-RW-L2	CMAD-JSC-Q3	RW-L2	secondary	explanatory_supplement	1.0165367126464844	0.001800537109375	positive	-1.0165367126464844		2.9101009368896484	0.001190185546875	positive	-2.9101009368896484		0.23728370666503906	0.0002899169921875	positive	-0.23728370666503906		same_resolved_direction
CMAD-JSC-Q3-Swap-L0-D01	CMAD-JSC-Q3	Swap-L0-D01	secondary	explanatory_supplement	5.894012451171875	0.0009002685546875	positive	-5.894012451171875	stable_correct	2.1212806701660156	0.0005950927734375	positive	-2.1212806701660156	stable_correct	0.9864444732666016	0.00014495849609375	positive	-0.9864444732666016	stable_correct	same_resolved_direction
CMAD-JSC-Q3-Swap-L0-D10	CMAD-JSC-Q3	Swap-L0-D10	secondary	explanatory_supplement	2.023151397705078	0.0009002685546875	positive	-2.023151397705078	stable_correct	0.14590072631835938	0.0005950927734375	positive	-0.14590072631835938	stable_correct	-0.03656959533691406	0.00014495849609375	negative	0.03656959533691406	stable_correct	resolved_direction_conflict
CMAD-JSC-Q3-Swap-L1-D01	CMAD-JSC-Q3	Swap-L1-D01	secondary	explanatory_supplement	3.4819717407226562	0.0009002685546875	positive	-3.4819717407226562	stable_correct	0.3170909881591797	0.0005950927734375	positive	-0.3170909881591797	stable_correct	0.5838489532470703	0.00014495849609375	positive	-0.5838489532470703	stable_correct	same_resolved_direction
CMAD-JSC-Q3-Swap-L1-D10	CMAD-JSC-Q3	Swap-L1-D10	secondary	explanatory_supplement	2.461589813232422	0.0009002685546875	positive	-2.461589813232422	stable_correct	-0.6250400543212891	0.0005950927734375	negative	0.6250400543212891	stable_correct	-0.2820911407470703	0.00014495849609375	negative	0.2820911407470703	stable_correct	resolved_direction_conflict
CMAD-JSC-Q3-Swap-L2-D01	CMAD-JSC-Q3	Swap-L2-D01	secondary	explanatory_supplement	3.132131576538086	0.0009002685546875	positive	-3.132131576538086	stable_correct	0.43650245666503906	0.0005950927734375	positive	-0.43650245666503906	stable_correct	0.5030899047851562	0.00014495849609375	positive	-0.5030899047851562	stable_correct	same_resolved_direction
CMAD-JSC-Q3-Swap-L2-D10	CMAD-JSC-Q3	Swap-L2-D10	secondary	explanatory_supplement	-0.1937713623046875	0.0009002685546875	negative	0.1937713623046875	stable_correct	-1.7044677734375	0.0005950927734375	negative	1.7044677734375	stable_correct	-0.34751129150390625	0.00014495849609375	negative	0.34751129150390625	stable_correct	same_resolved_direction
CMAD-JSC-Q3-Swap-on-E-L1-D01	CMAD-JSC-Q3	Swap-on-E-L1-D01	secondary	explanatory_supplement	-2.4120407104492188	0.001800537109375	negative	2.4120407104492188		-1.804189682006836	0.001190185546875	negative	1.804189682006836		-0.40259552001953125	0.0002899169921875	negative	0.40259552001953125		same_resolved_direction
CMAD-JSC-Q3-Swap-on-E-L1-D10	CMAD-JSC-Q3	Swap-on-E-L1-D10	secondary	explanatory_supplement	0.43843841552734375	0.001800537109375	positive	-0.43843841552734375		-0.7709407806396484	0.001190185546875	negative	0.7709407806396484		-0.24552154541015625	0.0002899169921875	negative	0.24552154541015625		resolved_direction_conflict
CMAD-JSC-Q3-Swap-on-E-L2-D01	CMAD-JSC-Q3	Swap-on-E-L2-D01	secondary	explanatory_supplement	-2.761880874633789	0.001800537109375	negative	2.761880874633789		-1.6847782135009766	0.001190185546875	negative	1.6847782135009766		-0.4833545684814453	0.0002899169921875	negative	0.4833545684814453		same_resolved_direction
CMAD-JSC-Q3-Swap-on-E-L2-D10	CMAD-JSC-Q3	Swap-on-E-L2-D10	secondary	explanatory_supplement	-2.2169227600097656	0.001800537109375	negative	2.2169227600097656		-1.8503684997558594	0.001190185546875	negative	1.8503684997558594		-0.3109416961669922	0.0002899169921875	negative	0.3109416961669922		same_resolved_direction
CMAD-JSC-Q3-W-L0-R0	CMAD-JSC-Q3	W-L0-R0	secondary	explanatory_supplement	2.128631591796875	0.0009002685546875	positive	-2.128631591796875	stable_correct	-0.9055995941162109	0.0005950927734375	negative	0.9055995941162109	stable_correct	0.08488273620605469	0.00014495849609375	positive	-0.08488273620605469	stable_correct	resolved_direction_conflict
CMAD-JSC-Q3-W-L0-R1	CMAD-JSC-Q3	W-L0-R1	secondary	explanatory_supplement	0.569305419921875	0.0009002685546875	positive	-0.569305419921875	stable_correct	4.921255111694336	0.0005950927734375	positive	-4.921255111694336	stable_correct	-0.025554656982421875	0.00014495849609375	negative	0.025554656982421875	stable_correct	resolved_direction_conflict
CMAD-JSC-Q3-W-L1-R0	CMAD-JSC-Q3	W-L1-R0	secondary	explanatory_supplement	1.3398571014404297	0.0009002685546875	positive	-1.3398571014404297	stable_correct	-0.3595409393310547	0.0005950927734375	negative	0.3595409393310547	stable_correct	0.1302947998046875	0.00014495849609375	positive	-0.1302947998046875	stable_correct	resolved_direction_conflict
CMAD-JSC-Q3-W-L1-R1	CMAD-JSC-Q3	W-L1-R1	secondary	explanatory_supplement	2.760913848876953	0.0009002685546875	positive	-2.760913848876953	stable_correct	4.217205047607422	0.0005950927734375	positive	-4.217205047607422	stable_correct	0.34714698791503906	0.00014495849609375	positive	-0.34714698791503906	stable_correct	same_resolved_direction
CMAD-JSC-Q3-W-L2-R0	CMAD-JSC-Q3	W-L2-R0	secondary	explanatory_supplement	0.7854118347167969	0.0009002685546875	positive	-0.7854118347167969	stable_correct	-0.43449974060058594	0.0005950927734375	negative	0.43449974060058594	stable_correct	-0.07313346862792969	0.00014495849609375	negative	0.07313346862792969	stable_correct	resolved_direction_conflict
CMAD-JSC-Q3-W-L2-R1	CMAD-JSC-Q3	W-L2-R1	secondary	explanatory_supplement	1.8019485473632812	0.0009002685546875	positive	-1.8019485473632812	stable_correct	2.4756011962890625	0.0005950927734375	positive	-2.4756011962890625	stable_correct	0.16415023803710938	0.00014495849609375	positive	-0.16415023803710938	stable_correct	same_resolved_direction
CMAD-JSC-Q3-W-on-E-L1-R0	CMAD-JSC-Q3	W-on-E-L1-R0	secondary	explanatory_supplement	-0.7887744903564453	0.001800537109375	negative	0.7887744903564453		0.5460586547851562	0.001190185546875	positive	-0.5460586547851562		0.04541206359863281	0.0002899169921875	positive	-0.04541206359863281		resolved_direction_conflict
CMAD-JSC-Q3-W-on-E-L1-R1	CMAD-JSC-Q3	W-on-E-L1-R1	secondary	explanatory_supplement	2.191608428955078	0.001800537109375	positive	-2.191608428955078		-0.7040500640869141	0.001190185546875	negative	0.7040500640869141		0.37270164489746094	0.0002899169921875	positive	-0.37270164489746094		resolved_direction_conflict
CMAD-JSC-Q3-W-on-E-L2-R0	CMAD-JSC-Q3	W-on-E-L2-R0	secondary	explanatory_supplement	-1.3432197570800781	0.001800537109375	negative	1.3432197570800781		0.471099853515625	0.001190185546875	positive	-0.471099853515625		-0.15801620483398438	0.0002899169921875	negative	0.15801620483398438		resolved_direction_conflict
CMAD-JSC-Q3-W-on-E-L2-R1	CMAD-JSC-Q3	W-on-E-L2-R1	secondary	explanatory_supplement	1.2326431274414062	0.001800537109375	positive	-1.2326431274414062		-2.4456539154052734	0.001190185546875	negative	2.4456539154052734		0.18970489501953125	0.0002899169921875	positive	-0.18970489501953125		resolved_direction_conflict
CMAD-JSC-Q4-D-L0-D00	CMAD-JSC-Q4	D-L0-D00	secondary	explanatory_supplement	-1.8052310943603516	0.0009002685546875	negative	1.8052310943603516	stable_correct	3.423023223876953	0.0005950927734375	positive	-3.423023223876953	stable_correct	0.4658470153808594	0.00014495849609375	positive	-0.4658470153808594	stable_correct	resolved_direction_conflict
CMAD-JSC-Q4-D-L0-D01	CMAD-JSC-Q4	D-L0-D01	secondary	explanatory_supplement	-0.3809795379638672	0.0009002685546875	negative	0.3809795379638672	stable_correct	2.9456863403320312	0.0005950927734375	positive	-2.9456863403320312	stable_correct	0.5413303375244141	0.00014495849609375	positive	-0.5413303375244141	stable_correct	resolved_direction_conflict
CMAD-JSC-Q4-D-L0-D10	CMAD-JSC-Q4	D-L0-D10	secondary	explanatory_supplement	4.302766799926758	0.0009002685546875	positive	-4.302766799926758	stable_correct	4.006319046020508	0.0005950927734375	positive	-4.006319046020508	stable_correct	1.0448760986328125	0.00014495849609375	positive	-1.0448760986328125	stable_correct	same_resolved_direction
CMAD-JSC-Q4-D-L0-D11	CMAD-JSC-Q4	D-L0-D11	secondary	explanatory_supplement	4.05958366394043	0.0009002685546875	positive	-4.05958366394043	stable_correct	10.235958099365234	0.0005950927734375	positive	-10.235958099365234	stable_correct	0.9897899627685547	0.00014495849609375	positive	-0.9897899627685547	stable_correct	same_resolved_direction
CMAD-JSC-Q4-D-L1-D00	CMAD-JSC-Q4	D-L1-D00	secondary	explanatory_supplement	-0.644439697265625	0.0009002685546875	negative	0.644439697265625	stable_correct	-3.506448745727539	0.0005950927734375	negative	3.506448745727539	stable_correct	0.08205032348632812	0.00014495849609375	positive	-0.08205032348632812	stable_correct	resolved_direction_conflict
CMAD-JSC-Q4-D-L1-D01	CMAD-JSC-Q4	D-L1-D01	secondary	explanatory_supplement	1.1686630249023438	0.0009002685546875	positive	-1.1686630249023438	stable_correct	-3.3521556854248047	0.0005950927734375	negative	3.3521556854248047	stable_correct	0.7881717681884766	0.00014495849609375	positive	-0.7881717681884766	stable_correct	resolved_direction_conflict
CMAD-JSC-Q4-D-L1-D10	CMAD-JSC-Q4	D-L1-D10	secondary	explanatory_supplement	1.6309471130371094	0.0009002685546875	positive	-1.6309471130371094	stable_correct	-2.0439624786376953	0.0005950927734375	negative	2.0439624786376953	stable_correct	0.21335220336914062	0.00014495849609375	positive	-0.21335220336914062	stable_correct	resolved_direction_conflict
CMAD-JSC-Q4-D-L1-D11	CMAD-JSC-Q4	D-L1-D11	secondary	explanatory_supplement	4.944309234619141	0.0009002685546875	positive	-4.944309234619141	stable_correct	4.075475692749023	0.0005950927734375	positive	-4.075475692749023	stable_correct	0.6824073791503906	0.00014495849609375	positive	-0.6824073791503906	stable_correct	same_resolved_direction
CMAD-JSC-Q4-D-L2-D00	CMAD-JSC-Q4	D-L2-D00	secondary	explanatory_supplement	0.39556121826171875	0.0009002685546875	positive	-0.39556121826171875	stable_correct	-1.507883071899414	0.0005950927734375	negative	1.507883071899414	stable_correct	-0.09855079650878906	0.00014495849609375	negative	0.09855079650878906	stable_correct	resolved_direction_conflict
CMAD-JSC-Q4-D-L2-D01	CMAD-JSC-Q4	D-L2-D01	secondary	explanatory_supplement	1.2415695190429688	0.0009002685546875	positive	-1.2415695190429688	stable_correct	-2.397653579711914	0.0005950927734375	negative	2.397653579711914	stable_correct	0.23715782165527344	0.00014495849609375	positive	-0.23715782165527344	stable_correct	resolved_direction_conflict
CMAD-JSC-Q4-D-L2-D10	CMAD-JSC-Q4	D-L2-D10	secondary	explanatory_supplement	3.3858718872070312	0.0009002685546875	positive	-3.3858718872070312	stable_correct	-0.6593875885009766	0.0005950927734375	negative	0.6593875885009766	stable_correct	0.37102699279785156	0.00014495849609375	positive	-0.37102699279785156	stable_correct	resolved_direction_conflict
CMAD-JSC-Q4-D-L2-D11	CMAD-JSC-Q4	D-L2-D11	secondary	explanatory_supplement	5.217243194580078	0.0009002685546875	positive	-5.217243194580078	stable_correct	5.319908142089844	0.0005950927734375	positive	-5.319908142089844	stable_correct	0.5218276977539062	0.00014495849609375	positive	-0.5218276977539062	stable_correct	same_resolved_direction
CMAD-JSC-Q4-E-L1-D0	CMAD-JSC-Q4	E-L1-D0	secondary	explanatory_supplement	0.2593364715576172	0.0009002685546875	positive	-0.2593364715576172	stable_correct	7.095556259155273	0.0005950927734375	positive	-7.095556259155273	stable_correct	0.5845069885253906	0.00014495849609375	positive	-0.5845069885253906	stable_correct	same_resolved_direction
CMAD-JSC-Q4-E-L1-D00	CMAD-JSC-Q4	E-L1-D00	secondary	explanatory_supplement	1.4201278686523438	0.0009002685546875	positive	-1.4201278686523438	stable_correct	0.16608428955078125	0.0005950927734375	positive	-0.16608428955078125	stable_correct	0.20071029663085938	0.00014495849609375	positive	-0.20071029663085938	stable_correct	same_resolved_direction
CMAD-JSC-Q4-E-L1-D01	CMAD-JSC-Q4	E-L1-D01	secondary	explanatory_supplement	1.8089790344238281	0.0009002685546875	positive	-1.8089790344238281	stable_correct	0.7977142333984375	0.0005950927734375	positive	-0.7977142333984375	stable_correct	0.8313484191894531	0.00014495849609375	positive	-0.8313484191894531	stable_correct	same_resolved_direction
CMAD-JSC-Q4-E-L1-D10	CMAD-JSC-Q4	E-L1-D10	secondary	explanatory_supplement	-2.4124832153320312	0.0009002685546875	negative	2.4124832153320312	stable_correct	1.0452747344970703	0.0005950927734375	positive	-1.0452747344970703	stable_correct	-0.24701690673828125	0.00014495849609375	negative	0.24701690673828125	stable_correct	resolved_direction_conflict
CMAD-JSC-Q4-E-L1-D11	CMAD-JSC-Q4	E-L1-D11	secondary	explanatory_supplement	1.1440620422363281	0.0009002685546875	positive	-1.1440620422363281	stable_correct	0.9350738525390625	0.0005950927734375	positive	-0.9350738525390625	stable_correct	0.27712440490722656	0.00014495849609375	positive	-0.27712440490722656	stable_correct	same_resolved_direction
CMAD-JSC-Q4-E-L2-D0	CMAD-JSC-Q4	E-L2-D0	secondary	explanatory_supplement	0.33016014099121094	0.0009002685546875	positive	-0.33016014099121094	stable_correct	-0.9634361267089844	0.0005950927734375	negative	0.9634361267089844	stable_correct	0.12706565856933594	0.00014495849609375	positive	-0.12706565856933594	stable_correct	resolved_direction_conflict
CMAD-JSC-Q4-E-L2-D00	CMAD-JSC-Q4	E-L2-D00	secondary	explanatory_supplement	2.5309524536132812	0.0009002685546875	positive	-2.5309524536132812	stable_correct	-5.894342422485352	0.0005950927734375	negative	5.894342422485352	stable_correct	-0.4373321533203125	0.00014495849609375	negative	0.4373321533203125	stable_correct	resolved_direction_conflict
CMAD-JSC-Q4-E-L2-D01	CMAD-JSC-Q4	E-L2-D01	secondary	explanatory_supplement	1.9527091979980469	0.0009002685546875	positive	-1.9527091979980469	stable_correct	-6.30677604675293	0.0005950927734375	negative	6.30677604675293	stable_correct	-0.1771068572998047	0.00014495849609375	negative	0.1771068572998047	stable_correct	resolved_direction_conflict
CMAD-JSC-Q4-E-L2-D10	CMAD-JSC-Q4	E-L2-D10	secondary	explanatory_supplement	-0.5867347717285156	0.0009002685546875	negative	0.5867347717285156	stable_correct	-5.629142761230469	0.0005950927734375	negative	5.629142761230469	stable_correct	-0.546783447265625	0.00014495849609375	negative	0.546783447265625	stable_correct	same_resolved_direction
CMAD-JSC-Q4-E-L2-D11	CMAD-JSC-Q4	E-L2-D11	secondary	explanatory_supplement	1.4878196716308594	0.0009002685546875	positive	-1.4878196716308594	stable_correct	-5.879486083984375	0.0005950927734375	negative	5.879486083984375	stable_correct	-0.3408966064453125	0.00014495849609375	negative	0.3408966064453125	stable_correct	resolved_direction_conflict
CMAD-JSC-Q4-I-L1-D00	CMAD-JSC-Q4	I-L1-D00	secondary	explanatory_supplement	1.1607913970947266	0.001800537109375	positive	-1.1607913970947266		-6.929471969604492	0.001190185546875	negative	6.929471969604492		-0.38379669189453125	0.0002899169921875	negative	0.38379669189453125		resolved_direction_conflict
CMAD-JSC-Q4-I-L1-D01	CMAD-JSC-Q4	I-L1-D01	secondary	explanatory_supplement	1.549642562866211	0.001800537109375	positive	-1.549642562866211		-6.297842025756836	0.001190185546875	negative	6.297842025756836		0.2468414306640625	0.0002899169921875	positive	-0.2468414306640625		resolved_direction_conflict
CMAD-JSC-Q4-I-L1-D10	CMAD-JSC-Q4	I-L1-D10	secondary	explanatory_supplement	-2.6718196868896484	0.001800537109375	negative	2.6718196868896484		-6.050281524658203	0.001190185546875	negative	6.050281524658203		-0.8315238952636719	0.0002899169921875	negative	0.8315238952636719		same_resolved_direction
CMAD-JSC-Q4-I-L1-D11	CMAD-JSC-Q4	I-L1-D11	secondary	explanatory_supplement	0.8847255706787109	0.001800537109375	positive	-0.8847255706787109		-6.160482406616211	0.001190185546875	negative	6.160482406616211		-0.30738258361816406	0.0002899169921875	negative	0.30738258361816406		resolved_direction_conflict
CMAD-JSC-Q4-I-L2-D00	CMAD-JSC-Q4	I-L2-D00	secondary	explanatory_supplement	2.2007923126220703	0.001800537109375	positive	-2.2007923126220703		-4.930906295776367	0.001190185546875	negative	4.930906295776367		-0.5643978118896484	0.0002899169921875	negative	0.5643978118896484		resolved_direction_conflict
CMAD-JSC-Q4-I-L2-D01	CMAD-JSC-Q4	I-L2-D01	secondary	explanatory_supplement	1.622549057006836	0.001800537109375	positive	-1.622549057006836		-5.343339920043945	0.001190185546875	negative	5.343339920043945		-0.3041725158691406	0.0002899169921875	negative	0.3041725158691406		resolved_direction_conflict
CMAD-JSC-Q4-I-L2-D10	CMAD-JSC-Q4	I-L2-D10	secondary	explanatory_supplement	-0.9168949127197266	0.001800537109375	negative	0.9168949127197266		-4.665706634521484	0.001190185546875	negative	4.665706634521484		-0.6738491058349609	0.0002899169921875	negative	0.6738491058349609		same_resolved_direction
CMAD-JSC-Q4-I-L2-D11	CMAD-JSC-Q4	I-L2-D11	secondary	explanatory_supplement	1.1576595306396484	0.001800537109375	positive	-1.1576595306396484		-4.916049957275391	0.001190185546875	negative	4.916049957275391		-0.46796226501464844	0.0002899169921875	negative	0.46796226501464844		resolved_direction_conflict
CMAD-JSC-Q4-L-minus-N-L1-D0	CMAD-JSC-Q4	L-minus-N-L1-D0	secondary	explanatory_supplement	-1.6254158020019531	0.0009002685546875	negative	1.6254158020019531	stable_correct	-5.640996932983398	0.0005950927734375	negative	5.640996932983398	stable_correct	-0.06175422668457031	0.00014495849609375	negative	0.06175422668457031	stable_correct	same_resolved_direction
CMAD-JSC-Q4-L-minus-N-L1-D01	CMAD-JSC-Q4	L-minus-N-L1-D01	secondary	explanatory_supplement	-0.8379135131835938	0.0009002685546875	negative	0.8379135131835938	stable_correct	-1.6974544525146484	0.0005950927734375	negative	1.6974544525146484	stable_correct	0.2875995635986328	0.00014495849609375	positive	-0.2875995635986328	stable_correct	resolved_direction_conflict
CMAD-JSC-Q4-L-minus-N-L1-D10	CMAD-JSC-Q4	L-minus-N-L1-D10	secondary	explanatory_supplement	-1.0426063537597656	0.0009002685546875	negative	1.0426063537597656	stable_correct	-2.301624298095703	0.0005950927734375	negative	2.301624298095703	stable_correct	-0.08514976501464844	0.00014495849609375	negative	0.08514976501464844	stable_correct	same_resolved_direction
CMAD-JSC-Q4-L-minus-N-L2-D0	CMAD-JSC-Q4	L-minus-N-L2-D0	secondary	explanatory_supplement	-1.5545921325683594	0.0009002685546875	negative	1.5545921325683594	stable_correct	-13.699989318847656	0.0005950927734375	negative	13.699989318847656	stable_correct	-0.519195556640625	0.00014495849609375	negative	0.519195556640625	stable_correct	same_resolved_direction
CMAD-JSC-Q4-L-minus-N-L2-D01	CMAD-JSC-Q4	L-minus-N-L2-D01	secondary	explanatory_supplement	-0.694183349609375	0.0009002685546875	negative	0.694183349609375	stable_correct	-8.801944732666016	0.0005950927734375	negative	8.801944732666016	stable_correct	-0.720855712890625	0.00014495849609375	negative	0.720855712890625	stable_correct	same_resolved_direction
CMAD-JSC-Q4-L-minus-N-L2-D10	CMAD-JSC-Q4	L-minus-N-L2-D10	secondary	explanatory_supplement	0.78314208984375	0.0009002685546875	positive	-0.78314208984375	stable_correct	-8.976041793823242	0.0005950927734375	negative	8.976041793823242	stable_correct	-0.3849163055419922	0.00014495849609375	negative	0.3849163055419922	stable_correct	resolved_direction_conflict
CMAD-JSC-Q4-N-D0	CMAD-JSC-Q4	N-D0	secondary	explanatory_supplement	1.8847522735595703	0.0009002685546875	positive	-1.8847522735595703	stable_correct	12.736553192138672	0.0005950927734375	positive	-12.736553192138672	stable_correct	0.6462612152099609	0.00014495849609375	positive	-0.6462612152099609	stable_correct	same_resolved_direction
CMAD-JSC-Q4-N-D01	CMAD-JSC-Q4	N-D01	secondary	explanatory_supplement	2.646892547607422	0.0009002685546875	positive	-2.646892547607422	stable_correct	2.495168685913086	0.0005950927734375	positive	-2.495168685913086	stable_correct	0.5437488555908203	0.00014495849609375	positive	-0.5437488555908203	stable_correct	same_resolved_direction
CMAD-JSC-Q4-N-D10	CMAD-JSC-Q4	N-D10	secondary	explanatory_supplement	-1.3698768615722656	0.0009002685546875	negative	1.3698768615722656	stable_correct	3.3468990325927734	0.0005950927734375	positive	-3.3468990325927734	stable_correct	-0.1618671417236328	0.00014495849609375	negative	0.1618671417236328	stable_correct	resolved_direction_conflict
CMAD-JSC-Q4-R-L0-W0	CMAD-JSC-Q4	R-L0-W0	secondary	explanatory_supplement	6.107997894287109	0.0009002685546875	positive	-6.107997894287109	stable_correct	0.5832958221435547	0.0005950927734375	positive	-0.5832958221435547	stable_correct	0.5790290832519531	0.00014495849609375	positive	-0.5790290832519531	stable_correct	same_resolved_direction
CMAD-JSC-Q4-R-L0-W1	CMAD-JSC-Q4	R-L0-W1	secondary	explanatory_supplement	4.440563201904297	0.0009002685546875	positive	-4.440563201904297	stable_correct	7.290271759033203	0.0005950927734375	positive	-7.290271759033203	stable_correct	0.4484596252441406	0.00014495849609375	positive	-0.4484596252441406	stable_correct	same_resolved_direction
CMAD-JSC-Q4-R-L1-W0	CMAD-JSC-Q4	R-L1-W0	secondary	explanatory_supplement	2.2753868103027344	0.0009002685546875	positive	-2.2753868103027344	stable_correct	1.4624862670898438	0.0005950927734375	positive	-1.4624862670898438	stable_correct	0.1313018798828125	0.00014495849609375	positive	-0.1313018798828125	stable_correct	same_resolved_direction
CMAD-JSC-Q4-R-L1-W1	CMAD-JSC-Q4	R-L1-W1	secondary	explanatory_supplement	3.775646209716797	0.0009002685546875	positive	-3.775646209716797	stable_correct	7.427631378173828	0.0005950927734375	positive	-7.427631378173828	stable_correct	-0.10576438903808594	0.00014495849609375	negative	0.10576438903808594	stable_correct	resolved_direction_conflict
CMAD-JSC-Q4-R-L2-W0	CMAD-JSC-Q4	R-L2-W0	secondary	explanatory_supplement	2.9903106689453125	0.0009002685546875	positive	-2.9903106689453125	stable_correct	0.8484954833984375	0.0005950927734375	positive	-0.8484954833984375	stable_correct	0.4695777893066406	0.00014495849609375	positive	-0.4695777893066406	stable_correct	same_resolved_direction
CMAD-JSC-Q4-R-L2-W1	CMAD-JSC-Q4	R-L2-W1	secondary	explanatory_supplement	3.9756736755371094	0.0009002685546875	positive	-3.9756736755371094	stable_correct	7.717561721801758	0.0005950927734375	positive	-7.717561721801758	stable_correct	0.2846698760986328	0.00014495849609375	positive	-0.2846698760986328	stable_correct	same_resolved_direction
CMAD-JSC-Q4-R-on-E-L1-W0	CMAD-JSC-Q4	R-on-E-L1-W0	secondary	explanatory_supplement	-3.832611083984375	0.001800537109375	negative	3.832611083984375		0.8791904449462891	0.001190185546875	positive	-0.8791904449462891		-0.4477272033691406	0.0002899169921875	negative	0.4477272033691406		resolved_direction_conflict
CMAD-JSC-Q4-R-on-E-L1-W1	CMAD-JSC-Q4	R-on-E-L1-W1	secondary	explanatory_supplement	-0.6649169921875	0.001800537109375	negative	0.6649169921875		0.137359619140625	0.001190185546875	positive	-0.137359619140625		-0.5542240142822266	0.0002899169921875	negative	0.5542240142822266		resolved_direction_conflict
CMAD-JSC-Q4-R-on-E-L2-W0	CMAD-JSC-Q4	R-on-E-L2-W0	secondary	explanatory_supplement	-3.117687225341797	0.001800537109375	negative	3.117687225341797		0.2651996612548828	0.001190185546875	positive	-0.2651996612548828		-0.1094512939453125	0.0002899169921875	negative	0.1094512939453125		resolved_direction_conflict
CMAD-JSC-Q4-R-on-E-L2-W1	CMAD-JSC-Q4	R-on-E-L2-W1	secondary	explanatory_supplement	-0.4648895263671875	0.001800537109375	negative	0.4648895263671875		0.4272899627685547	0.001190185546875	positive	-0.4272899627685547		-0.1637897491455078	0.0002899169921875	negative	0.1637897491455078		resolved_direction_conflict
CMAD-JSC-Q4-RW-L0	CMAD-JSC-Q4	RW-L0	secondary	explanatory_supplement	-1.6674346923828125	0.001800537109375	negative	1.6674346923828125		6.706975936889648	0.001190185546875	positive	-6.706975936889648		-0.1305694580078125	0.0002899169921875	negative	0.1305694580078125		resolved_direction_conflict
CMAD-JSC-Q4-RW-L1	CMAD-JSC-Q4	RW-L1	secondary	explanatory_supplement	1.5002593994140625	0.001800537109375	positive	-1.5002593994140625		5.965145111083984	0.001190185546875	positive	-5.965145111083984		-0.23706626892089844	0.0002899169921875	negative	0.23706626892089844		resolved_direction_conflict
CMAD-JSC-Q4-RW-L2	CMAD-JSC-Q4	RW-L2	secondary	explanatory_supplement	0.9853630065917969	0.001800537109375	positive	-0.9853630065917969		6.86906623840332	0.001190185546875	positive	-6.86906623840332		-0.1849079132080078	0.0002899169921875	negative	0.1849079132080078		resolved_direction_conflict
CMAD-JSC-Q4-Swap-L0-D01	CMAD-JSC-Q4	Swap-L0-D01	secondary	explanatory_supplement	5.306610107421875	0.0009002685546875	positive	-5.306610107421875	stable_correct	2.1338119506835938	0.0005950927734375	positive	-2.1338119506835938	stable_correct	0.5869312286376953	0.00014495849609375	positive	-0.5869312286376953	stable_correct	same_resolved_direction
CMAD-JSC-Q4-Swap-L0-D10	CMAD-JSC-Q4	Swap-L0-D10	secondary	explanatory_supplement	0.9259414672851562	0.0009002685546875	positive	-0.9259414672851562	stable_correct	-1.7105026245117188	0.0005950927734375	negative	1.7105026245117188	stable_correct	-0.5112571716308594	0.00014495849609375	negative	0.5112571716308594	stable_correct	resolved_direction_conflict
CMAD-JSC-Q4-Swap-L1-D01	CMAD-JSC-Q4	Swap-L1-D01	secondary	explanatory_supplement	2.917682647705078	0.0009002685546875	positive	-2.917682647705078	stable_correct	0.3340129852294922	0.0005950927734375	positive	-0.3340129852294922	stable_correct	-0.030870437622070312	0.00014495849609375	negative	0.030870437622070312	stable_correct	resolved_direction_conflict
CMAD-JSC-Q4-Swap-L1-D10	CMAD-JSC-Q4	Swap-L1-D10	secondary	explanatory_supplement	1.7007408142089844	0.0009002685546875	positive	-1.7007408142089844	stable_correct	-3.079252243041992	0.0005950927734375	negative	3.079252243041992	stable_correct	-0.51007080078125	0.00014495849609375	negative	0.51007080078125	stable_correct	resolved_direction_conflict
CMAD-JSC-Q4-Swap-L2-D01	CMAD-JSC-Q4	Swap-L2-D01	secondary	explanatory_supplement	2.074047088623047	0.0009002685546875	positive	-2.074047088623047	stable_correct	0.6996498107910156	0.0005950927734375	positive	-0.6996498107910156	stable_correct	0.327056884765625	0.00014495849609375	positive	-0.327056884765625	stable_correct	same_resolved_direction
CMAD-JSC-Q4-Swap-L2-D10	CMAD-JSC-Q4	Swap-L2-D10	secondary	explanatory_supplement	-0.9202308654785156	0.0009002685546875	negative	0.9202308654785156	stable_correct	-1.7612323760986328	0.0005950927734375	negative	1.7612323760986328	stable_correct	-0.48718833923339844	0.00014495849609375	negative	0.48718833923339844	stable_correct	same_resolved_direction
CMAD-JSC-Q4-Swap-on-E-L1-D01	CMAD-JSC-Q4	Swap-on-E-L1-D01	secondary	explanatory_supplement	-2.388927459716797	0.001800537109375	negative	2.388927459716797		-1.7997989654541016	0.001190185546875	negative	1.7997989654541016		-0.6178016662597656	0.0002899169921875	negative	0.6178016662597656		same_resolved_direction
CMAD-JSC-Q4-Swap-on-E-L1-D10	CMAD-JSC-Q4	Swap-on-E-L1-D10	secondary	explanatory_supplement	0.7747993469238281	0.001800537109375	positive	-0.7747993469238281		-1.3687496185302734	0.001190185546875	negative	1.3687496185302734		0.001186370849609375	0.0002899169921875	positive	-0.001186370849609375		resolved_direction_conflict
CMAD-JSC-Q4-Swap-on-E-L2-D01	CMAD-JSC-Q4	Swap-on-E-L2-D01	secondary	explanatory_supplement	-3.232563018798828	0.001800537109375	negative	3.232563018798828		-1.4341621398925781	0.001190185546875	negative	1.4341621398925781		-0.2598743438720703	0.0002899169921875	negative	0.2598743438720703		same_resolved_direction
CMAD-JSC-Q4-Swap-on-E-L2-D10	CMAD-JSC-Q4	Swap-on-E-L2-D10	secondary	explanatory_supplement	-1.8461723327636719	0.001800537109375	negative	1.8461723327636719		-0.05072975158691406	0.001190185546875	negative	0.05072975158691406		0.024068832397460938	0.0002899169921875	positive	-0.024068832397460938		resolved_direction_conflict
CMAD-JSC-Q4-W-L0-R0	CMAD-JSC-Q4	W-L0-R0	secondary	explanatory_supplement	1.4242515563964844	0.0009002685546875	positive	-1.4242515563964844	stable_correct	-0.4773368835449219	0.0005950927734375	negative	0.4773368835449219	stable_correct	0.07548332214355469	0.00014495849609375	positive	-0.07548332214355469	stable_correct	resolved_direction_conflict
CMAD-JSC-Q4-W-L0-R1	CMAD-JSC-Q4	W-L0-R1	secondary	explanatory_supplement	-0.24318313598632812	0.0009002685546875	negative	0.24318313598632812	stable_correct	6.229639053344727	0.0005950927734375	positive	-6.229639053344727	stable_correct	-0.05508613586425781	0.00014495849609375	negative	0.05508613586425781	stable_correct	resolved_direction_conflict
CMAD-JSC-Q4-W-L1-R0	CMAD-JSC-Q4	W-L1-R0	secondary	explanatory_supplement	1.8131027221679688	0.0009002685546875	positive	-1.8131027221679688	stable_correct	0.15429306030273438	0.0005950927734375	positive	-0.15429306030273438	stable_correct	0.7061214447021484	0.00014495849609375	positive	-0.7061214447021484	stable_correct	same_resolved_direction
CMAD-JSC-Q4-W-L1-R1	CMAD-JSC-Q4	W-L1-R1	secondary	explanatory_supplement	3.3133621215820312	0.0009002685546875	positive	-3.3133621215820312	stable_correct	6.119438171386719	0.0005950927734375	positive	-6.119438171386719	stable_correct	0.46905517578125	0.00014495849609375	positive	-0.46905517578125	stable_correct	same_resolved_direction
CMAD-JSC-Q4-W-L2-R0	CMAD-JSC-Q4	W-L2-R0	secondary	explanatory_supplement	0.84600830078125	0.0009002685546875	positive	-0.84600830078125	stable_correct	-0.8897705078125	0.0005950927734375	negative	0.8897705078125	stable_correct	0.3357086181640625	0.00014495849609375	positive	-0.3357086181640625	stable_correct	resolved_direction_conflict
CMAD-JSC-Q4-W-L2-R1	CMAD-JSC-Q4	W-L2-R1	secondary	explanatory_supplement	1.8313713073730469	0.0009002685546875	positive	-1.8313713073730469	stable_correct	5.97929573059082	0.0005950927734375	positive	-5.97929573059082	stable_correct	0.1508007049560547	0.00014495849609375	positive	-0.1508007049560547	stable_correct	same_resolved_direction
CMAD-JSC-Q4-W-on-E-L1-R0	CMAD-JSC-Q4	W-on-E-L1-R0	secondary	explanatory_supplement	0.3888511657714844	0.001800537109375	positive	-0.3888511657714844		0.6316299438476562	0.001190185546875	positive	-0.6316299438476562		0.6306381225585938	0.0002899169921875	positive	-0.6306381225585938		same_resolved_direction
CMAD-JSC-Q4-W-on-E-L1-R1	CMAD-JSC-Q4	W-on-E-L1-R1	secondary	explanatory_supplement	3.5565452575683594	0.001800537109375	positive	-3.5565452575683594		-0.11020088195800781	0.001190185546875	negative	0.11020088195800781		0.5241413116455078	0.0002899169921875	positive	-0.5241413116455078		resolved_direction_conflict
CMAD-JSC-Q4-W-on-E-L2-R0	CMAD-JSC-Q4	W-on-E-L2-R0	secondary	explanatory_supplement	-0.5782432556152344	0.001800537109375	negative	0.5782432556152344		-0.4124336242675781	0.001190185546875	negative	0.4124336242675781		0.2602252960205078	0.0002899169921875	positive	-0.2602252960205078		resolved_direction_conflict
CMAD-JSC-Q4-W-on-E-L2-R1	CMAD-JSC-Q4	W-on-E-L2-R1	secondary	explanatory_supplement	2.074554443359375	0.001800537109375	positive	-2.074554443359375		-0.25034332275390625	0.001190185546875	negative	0.25034332275390625		0.2058868408203125	0.0002899169921875	positive	-0.2058868408203125		resolved_direction_conflict
CMAD-MT-Q1-D-L0-D00	CMAD-MT-Q1	D-L0-D00	secondary	explanatory_supplement	-0.6545200347900391	0.0009002685546875	negative	-0.6545200347900391	stable_correct	-8.190776824951172	0.0005950927734375	negative	-8.190776824951172	stable_correct	-0.8204059600830078	0.00014495849609375	negative	-0.8204059600830078	stable_correct	same_resolved_direction
CMAD-MT-Q1-D-L0-D01	CMAD-MT-Q1	D-L0-D01	secondary	explanatory_supplement	-7.282831192016602	0.0009002685546875	negative	-7.282831192016602	stable_correct	1.9941463470458984	0.0005950927734375	positive	1.9941463470458984	stable_correct	-4.276485443115234	0.00014495849609375	negative	-4.276485443115234	stable_correct	resolved_direction_conflict
CMAD-MT-Q1-D-L0-D10	CMAD-MT-Q1	D-L0-D10	secondary	explanatory_supplement	-0.78717041015625	0.0009002685546875	negative	-0.78717041015625	stable_correct	2.7375259399414062	0.0005950927734375	positive	2.7375259399414062	stable_correct	0.685053825378418	0.00014495849609375	positive	0.685053825378418	stable_correct	resolved_direction_conflict
CMAD-MT-Q1-D-L0-D11	CMAD-MT-Q1	D-L0-D11	secondary	explanatory_supplement	-3.610597610473633	0.0009002685546875	negative	-3.610597610473633	stable_correct	-0.6277523040771484	0.0005950927734375	negative	-0.6277523040771484	stable_correct	-0.9031543731689453	0.00014495849609375	negative	-0.9031543731689453	stable_correct	same_resolved_direction
CMAD-MT-Q1-D-L1-D00	CMAD-MT-Q1	D-L1-D00	secondary	explanatory_supplement	-5.7760162353515625	0.0009002685546875	negative	-5.7760162353515625	stable_correct	0.32753753662109375	0.0005950927734375	positive	0.32753753662109375	stable_correct	-1.129866600036621	0.00014495849609375	negative	-1.129866600036621	stable_correct	resolved_direction_conflict
CMAD-MT-Q1-D-L1-D01	CMAD-MT-Q1	D-L1-D01	secondary	explanatory_supplement	-4.817913055419922	0.0009002685546875	negative	-4.817913055419922	stable_correct	0.2363739013671875	0.0005950927734375	positive	0.2363739013671875	stable_correct	-3.1276426315307617	0.00014495849609375	negative	-3.1276426315307617	stable_correct	resolved_direction_conflict
CMAD-MT-Q1-D-L1-D10	CMAD-MT-Q1	D-L1-D10	secondary	explanatory_supplement	-0.4855766296386719	0.0009002685546875	negative	-0.4855766296386719	stable_correct	-0.27928733825683594	0.0005950927734375	negative	-0.27928733825683594	stable_correct	-1.5337438583374023	0.00014495849609375	negative	-1.5337438583374023	stable_correct	same_resolved_direction
CMAD-MT-Q1-D-L1-D11	CMAD-MT-Q1	D-L1-D11	secondary	explanatory_supplement	2.337848663330078	0.0009002685546875	positive	2.337848663330078	stable_correct	-0.7434959411621094	0.0005950927734375	negative	-0.7434959411621094	stable_correct	-1.182347297668457	0.00014495849609375	negative	-1.182347297668457	stable_correct	resolved_direction_conflict
CMAD-MT-Q1-D-L2-D00	CMAD-MT-Q1	D-L2-D00	secondary	explanatory_supplement	8.92156982421875	0.0009002685546875	positive	8.92156982421875	stable_wrong	7.794153213500977	0.0005950927734375	positive	7.794153213500977	stable_correct	2.7483997344970703	0.00014495849609375	positive	2.7483997344970703	repair	same_resolved_direction
CMAD-MT-Q1-D-L2-D01	CMAD-MT-Q1	D-L2-D01	secondary	explanatory_supplement	25.109020233154297	0.0009002685546875	positive	25.109020233154297	repair	10.379358291625977	0.0005950927734375	positive	10.379358291625977	stable_correct	3.310628890991211	0.00014495849609375	positive	3.310628890991211	repair	same_resolved_direction
CMAD-MT-Q1-D-L2-D10	CMAD-MT-Q1	D-L2-D10	secondary	explanatory_supplement	34.44889450073242	0.0009002685546875	positive	34.44889450073242	repair	8.332763671875	0.0005950927734375	positive	8.332763671875	stable_correct	6.605558395385742	0.00014495849609375	positive	6.605558395385742	repair	same_resolved_direction
CMAD-MT-Q1-D-L2-D11	CMAD-MT-Q1	D-L2-D11	secondary	explanatory_supplement	35.163265228271484	0.0009002685546875	positive	35.163265228271484	repair	10.274436950683594	0.0005950927734375	positive	10.274436950683594	stable_correct	7.056093215942383	0.00014495849609375	positive	7.056093215942383	repair	same_resolved_direction
CMAD-MT-Q1-E-L1-D0	CMAD-MT-Q1	E-L1-D0	secondary	explanatory_supplement	-6.899745941162109	0.0009002685546875	negative	-6.899745941162109	stable_correct	2.8676815032958984	0.0005950927734375	positive	2.8676815032958984	stable_correct	-0.7041730880737305	0.00014495849609375	negative	-0.7041730880737305	stable_correct	resolved_direction_conflict
CMAD-MT-Q1-E-L1-D00	CMAD-MT-Q1	E-L1-D00	secondary	explanatory_supplement	-12.021242141723633	0.0009002685546875	negative	-12.021242141723633	stable_correct	11.385995864868164	0.0005950927734375	positive	11.385995864868164	stable_correct	-1.0136337280273438	0.00014495849609375	negative	-1.0136337280273438	stable_correct	resolved_direction_conflict
CMAD-MT-Q1-E-L1-D01	CMAD-MT-Q1	E-L1-D01	secondary	explanatory_supplement	-4.43482780456543	0.0009002685546875	negative	-4.43482780456543	stable_correct	1.1099090576171875	0.0005950927734375	positive	1.1099090576171875	stable_correct	0.4446697235107422	0.00014495849609375	positive	0.4446697235107422	stable_correct	resolved_direction_conflict
CMAD-MT-Q1-E-L1-D10	CMAD-MT-Q1	E-L1-D10	secondary	explanatory_supplement	-6.598152160644531	0.0009002685546875	negative	-6.598152160644531	stable_correct	-0.14913177490234375	0.0005950927734375	negative	-0.14913177490234375	stable_correct	-2.922970771789551	0.00014495849609375	negative	-2.922970771789551	stable_correct	same_resolved_direction
CMAD-MT-Q1-E-L1-D11	CMAD-MT-Q1	E-L1-D11	secondary	explanatory_supplement	-0.9512996673583984	0.0009002685546875	negative	-0.9512996673583984	stable_correct	2.7519378662109375	0.0005950927734375	positive	2.7519378662109375	stable_correct	-0.9833660125732422	0.00014495849609375	negative	-0.9833660125732422	stable_correct	resolved_direction_conflict
CMAD-MT-Q1-E-L2-D0	CMAD-MT-Q1	E-L2-D0	secondary	explanatory_supplement	-51.64649963378906	0.0009002685546875	negative	-51.64649963378906	damage	-8.90115737915039	0.0005950927734375	negative	-8.90115737915039	stable_correct	-9.783784866333008	0.00014495849609375	negative	-9.783784866333008	damage	same_resolved_direction
CMAD-MT-Q1-E-L2-D00	CMAD-MT-Q1	E-L2-D00	secondary	explanatory_supplement	-42.07040977478027	0.0009002685546875	negative	-42.07040977478027	damage	7.083772659301758	0.0005950927734375	positive	7.083772659301758	stable_correct	-6.21497917175293	0.00014495849609375	negative	-6.21497917175293	stable_correct	resolved_direction_conflict
CMAD-MT-Q1-E-L2-D01	CMAD-MT-Q1	E-L2-D01	secondary	explanatory_supplement	-19.254648208618164	0.0009002685546875	negative	-19.254648208618164	stable_correct	-0.5159454345703125	0.0005950927734375	negative	-0.5159454345703125	stable_correct	-2.1966705322265625	0.00014495849609375	negative	-2.1966705322265625	stable_correct	same_resolved_direction
CMAD-MT-Q1-E-L2-D10	CMAD-MT-Q1	E-L2-D10	secondary	explanatory_supplement	-16.41043472290039	0.0009002685546875	negative	-16.41043472290039	stable_correct	-3.305919647216797	0.0005950927734375	negative	-3.305919647216797	stable_correct	-3.8632802963256836	0.00014495849609375	negative	-3.8632802963256836	stable_correct	same_resolved_direction
CMAD-MT-Q1-E-L2-D11	CMAD-MT-Q1	E-L2-D11	secondary	explanatory_supplement	-12.872636795043945	0.0009002685546875	negative	-12.872636795043945	stable_correct	2.0010318756103516	0.0005950927734375	positive	2.0010318756103516	stable_correct	-1.8245372772216797	0.00014495849609375	negative	-1.8245372772216797	stable_correct	resolved_direction_conflict
CMAD-MT-Q1-I-L1-D00	CMAD-MT-Q1	I-L1-D00	secondary	explanatory_supplement	-5.121496200561523	0.001800537109375	negative	-5.121496200561523		8.518314361572266	0.001190185546875	positive	8.518314361572266		-0.3094606399536133	0.0002899169921875	negative	-0.3094606399536133		resolved_direction_conflict
CMAD-MT-Q1-I-L1-D01	CMAD-MT-Q1	I-L1-D01	secondary	explanatory_supplement	2.4649181365966797	0.001800537109375	positive	2.4649181365966797		-1.757772445678711	0.001190185546875	negative	-1.757772445678711		1.1488428115844727	0.0002899169921875	positive	1.1488428115844727		resolved_direction_conflict
CMAD-MT-Q1-I-L1-D10	CMAD-MT-Q1	I-L1-D10	secondary	explanatory_supplement	0.3015937805175781	0.001800537109375	positive	0.3015937805175781		-3.016813278198242	0.001190185546875	negative	-3.016813278198242		-2.2187976837158203	0.0002899169921875	negative	-2.2187976837158203		resolved_direction_conflict
CMAD-MT-Q1-I-L1-D11	CMAD-MT-Q1	I-L1-D11	secondary	explanatory_supplement	5.948446273803711	0.001800537109375	positive	5.948446273803711		-0.11574363708496094	0.001190185546875	negative	-0.11574363708496094		-0.2791929244995117	0.0002899169921875	negative	-0.2791929244995117		resolved_direction_conflict
CMAD-MT-Q1-I-L2-D00	CMAD-MT-Q1	I-L2-D00	secondary	explanatory_supplement	9.576089859008789	0.001800537109375	positive	9.576089859008789		15.984930038452148	0.001190185546875	positive	15.984930038452148		3.568805694580078	0.0002899169921875	positive	3.568805694580078		same_resolved_direction
CMAD-MT-Q1-I-L2-D01	CMAD-MT-Q1	I-L2-D01	secondary	explanatory_supplement	32.3918514251709	0.001800537109375	positive	32.3918514251709		8.385211944580078	0.001190185546875	positive	8.385211944580078		7.587114334106445	0.0002899169921875	positive	7.587114334106445		same_resolved_direction
CMAD-MT-Q1-I-L2-D10	CMAD-MT-Q1	I-L2-D10	secondary	explanatory_supplement	35.23606491088867	0.001800537109375	positive	35.23606491088867		5.595237731933594	0.001190185546875	positive	5.595237731933594		5.920504570007324	0.0002899169921875	positive	5.920504570007324		same_resolved_direction
CMAD-MT-Q1-I-L2-D11	CMAD-MT-Q1	I-L2-D11	secondary	explanatory_supplement	38.77386283874512	0.001800537109375	positive	38.77386283874512		10.902189254760742	0.001190185546875	positive	10.902189254760742		7.959247589111328	0.0002899169921875	positive	7.959247589111328		same_resolved_direction
CMAD-MT-Q1-L-minus-N-L1-D0	CMAD-MT-Q1	L-minus-N-L1-D0	secondary	explanatory_supplement	-1.822225570678711	0.0009002685546875	negative	-1.822225570678711	stable_correct	-0.8775386810302734	0.0005950927734375	negative	-0.8775386810302734	stable_correct	0.827789306640625	0.00014495849609375	positive	0.827789306640625	stable_correct	resolved_direction_conflict
CMAD-MT-Q1-L-minus-N-L1-D01	CMAD-MT-Q1	L-minus-N-L1-D01	secondary	explanatory_supplement	-5.01348876953125	0.0009002685546875	negative	-5.01348876953125	stable_correct	-1.0182857513427734	0.0005950927734375	negative	-1.0182857513427734	stable_correct	-0.5753421783447266	0.00014495849609375	negative	-0.5753421783447266	stable_correct	same_resolved_direction
CMAD-MT-Q1-L-minus-N-L1-D10	CMAD-MT-Q1	L-minus-N-L1-D10	secondary	explanatory_supplement	-2.943004608154297	0.0009002685546875	negative	-2.943004608154297	stable_correct	-0.33059120178222656	0.0005950927734375	negative	-0.33059120178222656	stable_correct	0.5222492218017578	0.00014495849609375	positive	0.5222492218017578	stable_correct	resolved_direction_conflict
CMAD-MT-Q1-L-minus-N-L2-D0	CMAD-MT-Q1	L-minus-N-L2-D0	secondary	explanatory_supplement	-46.568979263305664	0.0009002685546875	negative	-46.568979263305664	damage	-12.646377563476562	0.0005950927734375	negative	-12.646377563476562	stable_correct	-8.251822471618652	0.00014495849609375	negative	-8.251822471618652	damage	same_resolved_direction
CMAD-MT-Q1-L-minus-N-L2-D01	CMAD-MT-Q1	L-minus-N-L2-D01	secondary	explanatory_supplement	-19.833309173583984	0.0009002685546875	negative	-19.833309173583984	stable_correct	-2.6441402435302734	0.0005950927734375	negative	-2.6441402435302734	stable_correct	-3.2166824340820312	0.00014495849609375	negative	-3.2166824340820312	stable_correct	same_resolved_direction
CMAD-MT-Q1-L-minus-N-L2-D10	CMAD-MT-Q1	L-minus-N-L2-D10	secondary	explanatory_supplement	-12.755287170410156	0.0009002685546875	negative	-12.755287170410156	stable_correct	-3.4873790740966797	0.0005950927734375	negative	-3.4873790740966797	stable_correct	-0.418060302734375	0.00014495849609375	negative	-0.418060302734375	stable_correct	same_resolved_direction
CMAD-MT-Q1-N-D0	CMAD-MT-Q1	N-D0	secondary	explanatory_supplement	-5.077520370483398	0.0009002685546875	negative	-5.077520370483398	stable_correct	3.745220184326172	0.0005950927734375	positive	3.745220184326172	stable_correct	-1.5319623947143555	0.00014495849609375	negative	-1.5319623947143555	stable_correct	resolved_direction_conflict
CMAD-MT-Q1-N-D01	CMAD-MT-Q1	N-D01	secondary	explanatory_supplement	0.5786609649658203	0.0009002685546875	positive	0.5786609649658203	stable_correct	2.128194808959961	0.0005950927734375	positive	2.128194808959961	stable_correct	1.0200119018554688	0.00014495849609375	positive	1.0200119018554688	stable_correct	same_resolved_direction
CMAD-MT-Q1-N-D10	CMAD-MT-Q1	N-D10	secondary	explanatory_supplement	-3.6551475524902344	0.0009002685546875	negative	-3.6551475524902344	stable_correct	0.1814594268798828	0.0005950927734375	positive	0.1814594268798828	stable_correct	-3.4452199935913086	0.00014495849609375	negative	-3.4452199935913086	stable_correct	resolved_direction_conflict
CMAD-MT-Q1-R-L0-W0	CMAD-MT-Q1	R-L0-W0	secondary	explanatory_supplement	-0.13265037536621094	0.0009002685546875	negative	-0.13265037536621094	stable_correct	10.928302764892578	0.0005950927734375	positive	10.928302764892578	stable_correct	1.5054597854614258	0.00014495849609375	positive	1.5054597854614258	stable_correct	resolved_direction_conflict
CMAD-MT-Q1-R-L0-W1	CMAD-MT-Q1	R-L0-W1	secondary	explanatory_supplement	3.6722335815429688	0.0009002685546875	positive	3.6722335815429688	stable_correct	-2.621898651123047	0.0005950927734375	negative	-2.621898651123047	stable_correct	3.373331069946289	0.00014495849609375	positive	3.373331069946289	stable_correct	resolved_direction_conflict
CMAD-MT-Q1-R-L1-W0	CMAD-MT-Q1	R-L1-W0	secondary	explanatory_supplement	5.290439605712891	0.0009002685546875	positive	5.290439605712891	stable_correct	-0.6068248748779297	0.0005950927734375	negative	-0.6068248748779297	stable_correct	-0.40387725830078125	0.00014495849609375	negative	-0.40387725830078125	stable_correct	resolved_direction_conflict
CMAD-MT-Q1-R-L1-W1	CMAD-MT-Q1	R-L1-W1	secondary	explanatory_supplement	7.15576171875	0.0009002685546875	positive	7.15576171875	stable_correct	-0.9798698425292969	0.0005950927734375	negative	-0.9798698425292969	stable_correct	1.9452953338623047	0.00014495849609375	positive	1.9452953338623047	stable_correct	resolved_direction_conflict
CMAD-MT-Q1-R-L2-W0	CMAD-MT-Q1	R-L2-W0	secondary	explanatory_supplement	25.527324676513672	0.0009002685546875	positive	25.527324676513672	repair	0.5386104583740234	0.0005950927734375	positive	0.5386104583740234	stable_correct	3.857158660888672	0.00014495849609375	positive	3.857158660888672	stable_correct	same_resolved_direction
CMAD-MT-Q1-R-L2-W1	CMAD-MT-Q1	R-L2-W1	secondary	explanatory_supplement	10.054244995117188	0.0009002685546875	positive	10.054244995117188	stable_correct	-0.10492134094238281	0.0005950927734375	negative	-0.10492134094238281	stable_correct	3.745464324951172	0.00014495849609375	positive	3.745464324951172	stable_correct	resolved_direction_conflict
CMAD-MT-Q1-R-on-E-L1-W0	CMAD-MT-Q1	R-on-E-L1-W0	secondary	explanatory_supplement	5.423089981079102	0.001800537109375	positive	5.423089981079102		-11.535127639770508	0.001190185546875	negative	-11.535127639770508		-1.909337043762207	0.0002899169921875	negative	-1.909337043762207		resolved_direction_conflict
CMAD-MT-Q1-R-on-E-L1-W1	CMAD-MT-Q1	R-on-E-L1-W1	secondary	explanatory_supplement	3.4835281372070312	0.001800537109375	positive	3.4835281372070312		1.64202880859375	0.001190185546875	positive	1.64202880859375		-1.4280357360839844	0.0002899169921875	negative	-1.4280357360839844		resolved_direction_conflict
CMAD-MT-Q1-R-on-E-L2-W0	CMAD-MT-Q1	R-on-E-L2-W0	secondary	explanatory_supplement	25.659975051879883	0.001800537109375	positive	25.659975051879883		-10.389692306518555	0.001190185546875	negative	-10.389692306518555		2.351698875427246	0.0002899169921875	positive	2.351698875427246		resolved_direction_conflict
CMAD-MT-Q1-R-on-E-L2-W1	CMAD-MT-Q1	R-on-E-L2-W1	secondary	explanatory_supplement	6.382011413574219	0.001800537109375	positive	6.382011413574219		2.516977310180664	0.001190185546875	positive	2.516977310180664		0.3721332550048828	0.0002899169921875	positive	0.3721332550048828		same_resolved_direction
CMAD-MT-Q1-RW-L0	CMAD-MT-Q1	RW-L0	secondary	explanatory_supplement	3.8048839569091797	0.001800537109375	positive	3.8048839569091797		-13.550201416015625	0.001190185546875	negative	-13.550201416015625		1.8678712844848633	0.0002899169921875	positive	1.8678712844848633		resolved_direction_conflict
CMAD-MT-Q1-RW-L1	CMAD-MT-Q1	RW-L1	secondary	explanatory_supplement	1.8653221130371094	0.001800537109375	positive	1.8653221130371094		-0.3730449676513672	0.001190185546875	negative	-0.3730449676513672		2.349172592163086	0.0002899169921875	positive	2.349172592163086		resolved_direction_conflict
CMAD-MT-Q1-RW-L2	CMAD-MT-Q1	RW-L2	secondary	explanatory_supplement	-15.473079681396484	0.001800537109375	negative	-15.473079681396484		-0.6435317993164062	0.001190185546875	negative	-0.6435317993164062		-0.1116943359375	0.0002899169921875	negative	-0.1116943359375		same_resolved_direction
CMAD-MT-Q1-Swap-L0-D01	CMAD-MT-Q1	Swap-L0-D01	secondary	explanatory_supplement	-10.764345169067383	0.0009002685546875	negative	-10.764345169067383	stable_correct	0.8613147735595703	0.0005950927734375	positive	0.8613147735595703	stable_correct	-1.2154560089111328	0.00014495849609375	negative	-1.2154560089111328	stable_correct	resolved_direction_conflict
CMAD-MT-Q1-Swap-L0-D10	CMAD-MT-Q1	Swap-L0-D10	secondary	explanatory_supplement	-2.9931564331054688	0.0009002685546875	negative	-2.9931564331054688	stable_correct	-3.9623966217041016	0.0005950927734375	negative	-3.9623966217041016	stable_correct	-1.120640754699707	0.00014495849609375	negative	-1.120640754699707	stable_correct	same_resolved_direction
CMAD-MT-Q1-Swap-L1-D01	CMAD-MT-Q1	Swap-L1-D01	secondary	explanatory_supplement	-3.404449462890625	0.0009002685546875	negative	-3.404449462890625	stable_correct	0.4626350402832031	0.0005950927734375	positive	0.4626350402832031	stable_correct	-2.2751407623291016	0.00014495849609375	negative	-2.2751407623291016	stable_correct	resolved_direction_conflict
CMAD-MT-Q1-Swap-L1-D10	CMAD-MT-Q1	Swap-L1-D10	secondary	explanatory_supplement	-5.1878204345703125	0.0009002685546875	negative	-5.1878204345703125	stable_correct	-3.347900390625	0.0005950927734375	negative	-3.347900390625	stable_correct	-2.188222885131836	0.00014495849609375	negative	-2.188222885131836	stable_correct	same_resolved_direction
CMAD-MT-Q1-Swap-L2-D01	CMAD-MT-Q1	Swap-L2-D01	secondary	explanatory_supplement	-7.204074859619141	0.0009002685546875	negative	-7.204074859619141	damage	-0.15399932861328125	0.0005950927734375	negative	-0.15399932861328125	stable_correct	-1.471771240234375	0.00014495849609375	negative	-1.471771240234375	stable_correct	same_resolved_direction
CMAD-MT-Q1-Swap-L2-D10	CMAD-MT-Q1	Swap-L2-D10	secondary	explanatory_supplement	-6.9674835205078125	0.0009002685546875	negative	-6.9674835205078125	stable_correct	-3.5843658447265625	0.0005950927734375	negative	-3.5843658447265625	stable_correct	-1.6216907501220703	0.00014495849609375	negative	-1.6216907501220703	stable_correct	same_resolved_direction
CMAD-MT-Q1-Swap-on-E-L1-D01	CMAD-MT-Q1	Swap-on-E-L1-D01	secondary	explanatory_supplement	7.359895706176758	0.001800537109375	positive	7.359895706176758		-0.3986797332763672	0.001190185546875	negative	-0.3986797332763672		-1.0596847534179688	0.0002899169921875	negative	-1.0596847534179688		resolved_direction_conflict
CMAD-MT-Q1-Swap-on-E-L1-D10	CMAD-MT-Q1	Swap-on-E-L1-D10	secondary	explanatory_supplement	-2.1946640014648438	0.001800537109375	negative	-2.1946640014648438		0.6144962310791016	0.001190185546875	positive	0.6144962310791016		-1.067582130432129	0.0002899169921875	negative	-1.067582130432129		resolved_direction_conflict
CMAD-MT-Q1-Swap-on-E-L2-D01	CMAD-MT-Q1	Swap-on-E-L2-D01	secondary	explanatory_supplement	3.560270309448242	0.001800537109375	positive	3.560270309448242		-1.0153141021728516	0.001190185546875	negative	-1.0153141021728516		-0.2563152313232422	0.0002899169921875	negative	-0.2563152313232422		resolved_direction_conflict
CMAD-MT-Q1-Swap-on-E-L2-D10	CMAD-MT-Q1	Swap-on-E-L2-D10	secondary	explanatory_supplement	-3.9743270874023438	0.001800537109375	negative	-3.9743270874023438		0.37803077697753906	0.001190185546875	positive	0.37803077697753906		-0.5010499954223633	0.0002899169921875	negative	-0.5010499954223633		resolved_direction_conflict
CMAD-MT-Q1-W-L0-R0	CMAD-MT-Q1	W-L0-R0	secondary	explanatory_supplement	-6.6283111572265625	0.0009002685546875	negative	-6.6283111572265625	stable_correct	10.18492317199707	0.0005950927734375	positive	10.18492317199707	stable_correct	-3.4560794830322266	0.00014495849609375	negative	-3.4560794830322266	stable_correct	resolved_direction_conflict
CMAD-MT-Q1-W-L0-R1	CMAD-MT-Q1	W-L0-R1	secondary	explanatory_supplement	-2.823427200317383	0.0009002685546875	negative	-2.823427200317383	stable_correct	-3.3652782440185547	0.0005950927734375	negative	-3.3652782440185547	stable_correct	-1.5882081985473633	0.00014495849609375	negative	-1.5882081985473633	stable_correct	same_resolved_direction
CMAD-MT-Q1-W-L1-R0	CMAD-MT-Q1	W-L1-R0	secondary	explanatory_supplement	0.9581031799316406	0.0009002685546875	positive	0.9581031799316406	stable_correct	-0.09116363525390625	0.0005950927734375	negative	-0.09116363525390625	stable_correct	-1.9977760314941406	0.00014495849609375	negative	-1.9977760314941406	stable_correct	resolved_direction_conflict
CMAD-MT-Q1-W-L1-R1	CMAD-MT-Q1	W-L1-R1	secondary	explanatory_supplement	2.82342529296875	0.0009002685546875	positive	2.82342529296875	stable_correct	-0.46420860290527344	0.0005950927734375	negative	-0.46420860290527344	stable_correct	0.3513965606689453	0.00014495849609375	positive	0.3513965606689453	stable_correct	resolved_direction_conflict
CMAD-MT-Q1-W-L2-R0	CMAD-MT-Q1	W-L2-R0	secondary	explanatory_supplement	16.187450408935547	0.0009002685546875	positive	16.187450408935547	repair	2.585205078125	0.0005950927734375	positive	2.585205078125	stable_correct	0.5622291564941406	0.00014495849609375	positive	0.5622291564941406	stable_correct	same_resolved_direction
CMAD-MT-Q1-W-L2-R1	CMAD-MT-Q1	W-L2-R1	secondary	explanatory_supplement	0.7143707275390625	0.0009002685546875	positive	0.7143707275390625	stable_correct	1.9416732788085938	0.0005950927734375	positive	1.9416732788085938	stable_correct	0.4505348205566406	0.00014495849609375	positive	0.4505348205566406	stable_correct	same_resolved_direction
CMAD-MT-Q1-W-on-E-L1-R0	CMAD-MT-Q1	W-on-E-L1-R0	secondary	explanatory_supplement	7.586414337158203	0.001800537109375	positive	7.586414337158203		-10.276086807250977	0.001190185546875	negative	-10.276086807250977		1.458303451538086	0.0002899169921875	positive	1.458303451538086		resolved_direction_conflict
CMAD-MT-Q1-W-on-E-L1-R1	CMAD-MT-Q1	W-on-E-L1-R1	secondary	explanatory_supplement	5.646852493286133	0.001800537109375	positive	5.646852493286133		2.9010696411132812	0.001190185546875	positive	2.9010696411132812		1.9396047592163086	0.0002899169921875	positive	1.9396047592163086		same_resolved_direction
CMAD-MT-Q1-W-on-E-L2-R0	CMAD-MT-Q1	W-on-E-L2-R0	secondary	explanatory_supplement	22.81576156616211	0.001800537109375	positive	22.81576156616211		-7.59971809387207	0.001190185546875	negative	-7.59971809387207		4.018308639526367	0.0002899169921875	positive	4.018308639526367		resolved_direction_conflict
CMAD-MT-Q1-W-on-E-L2-R1	CMAD-MT-Q1	W-on-E-L2-R1	secondary	explanatory_supplement	3.5377979278564453	0.001800537109375	positive	3.5377979278564453		5.306951522827148	0.001190185546875	positive	5.306951522827148		2.038743019104004	0.0002899169921875	positive	2.038743019104004		same_resolved_direction
CMAD-MT-Q2-D-L0-D00	CMAD-MT-Q2	D-L0-D00	secondary	explanatory_supplement	1.4887218475341797	0.0009002685546875	positive	1.4887218475341797	stable_correct	0.74432373046875	0.0005950927734375	positive	0.74432373046875	stable_correct	0.9727878570556641	0.00014495849609375	positive	0.9727878570556641	stable_correct	same_resolved_direction
CMAD-MT-Q2-D-L0-D01	CMAD-MT-Q2	D-L0-D01	secondary	explanatory_supplement	1.8439903259277344	0.0009002685546875	positive	1.8439903259277344	stable_correct	-2.231487274169922	0.0005950927734375	negative	-2.231487274169922	stable_correct	-0.32173633575439453	0.00014495849609375	negative	-0.32173633575439453	stable_correct	resolved_direction_conflict
CMAD-MT-Q2-D-L0-D10	CMAD-MT-Q2	D-L0-D10	secondary	explanatory_supplement	1.2809886932373047	0.0009002685546875	positive	1.2809886932373047	stable_correct	-0.8854331970214844	0.0005950927734375	negative	-0.8854331970214844	stable_correct	-0.5189714431762695	0.00014495849609375	negative	-0.5189714431762695	stable_correct	resolved_direction_conflict
CMAD-MT-Q2-D-L0-D11	CMAD-MT-Q2	D-L0-D11	secondary	explanatory_supplement	0.014080047607421875	0.0009002685546875	positive	0.014080047607421875	stable_correct	-5.101968765258789	0.0005950927734375	negative	-5.101968765258789	stable_correct	-0.990910530090332	0.00014495849609375	negative	-0.990910530090332	stable_correct	resolved_direction_conflict
CMAD-MT-Q2-D-L1-D00	CMAD-MT-Q2	D-L1-D00	secondary	explanatory_supplement	-1.6211318969726562	0.0009002685546875	negative	-1.6211318969726562	stable_correct	-0.42705726623535156	0.0005950927734375	negative	-0.42705726623535156	stable_correct	0.008436203002929688	0.00014495849609375	positive	0.008436203002929688	stable_correct	resolved_direction_conflict
CMAD-MT-Q2-D-L1-D01	CMAD-MT-Q2	D-L1-D01	secondary	explanatory_supplement	-1.105142593383789	0.0009002685546875	negative	-1.105142593383789	stable_correct	0.12263298034667969	0.0005950927734375	positive	0.12263298034667969	stable_correct	-1.3030633926391602	0.00014495849609375	negative	-1.3030633926391602	stable_correct	resolved_direction_conflict
CMAD-MT-Q2-D-L1-D10	CMAD-MT-Q2	D-L1-D10	secondary	explanatory_supplement	-0.4845104217529297	0.0009002685546875	negative	-0.4845104217529297	stable_correct	-1.502389907836914	0.0005950927734375	negative	-1.502389907836914	stable_correct	-2.290864944458008	0.00014495849609375	negative	-2.290864944458008	stable_correct	same_resolved_direction
CMAD-MT-Q2-D-L1-D11	CMAD-MT-Q2	D-L1-D11	secondary	explanatory_supplement	0.6023902893066406	0.0009002685546875	positive	0.6023902893066406	stable_correct	-1.5730342864990234	0.0005950927734375	negative	-1.5730342864990234	stable_correct	-1.8601961135864258	0.00014495849609375	negative	-1.8601961135864258	stable_correct	resolved_direction_conflict
CMAD-MT-Q2-D-L2-D00	CMAD-MT-Q2	D-L2-D00	secondary	explanatory_supplement	18.586151123046875	0.0009002685546875	positive	18.586151123046875	repair	1.09503173828125	0.0005950927734375	positive	1.09503173828125	stable_correct	1.5557241439819336	0.00014495849609375	positive	1.5557241439819336	stable_correct	same_resolved_direction
CMAD-MT-Q2-D-L2-D01	CMAD-MT-Q2	D-L2-D01	secondary	explanatory_supplement	33.68021011352539	0.0009002685546875	positive	33.68021011352539	repair	1.2128410339355469	0.0005950927734375	positive	1.2128410339355469	stable_correct	0.9214200973510742	0.00014495849609375	positive	0.9214200973510742	stable_correct	same_resolved_direction
CMAD-MT-Q2-D-L2-D10	CMAD-MT-Q2	D-L2-D10	secondary	explanatory_supplement	32.227210998535156	0.0009002685546875	positive	32.227210998535156	repair	-0.18129730224609375	0.0005950927734375	negative	-0.18129730224609375	stable_correct	0.2723093032836914	0.00014495849609375	positive	0.2723093032836914	stable_correct	resolved_direction_conflict
CMAD-MT-Q2-D-L2-D11	CMAD-MT-Q2	D-L2-D11	secondary	explanatory_supplement	35.02699279785156	0.0009002685546875	positive	35.02699279785156	repair	-0.4800548553466797	0.0005950927734375	negative	-0.4800548553466797	stable_correct	1.1952953338623047	0.00014495849609375	positive	1.1952953338623047	stable_correct	resolved_direction_conflict
CMAD-MT-Q2-E-L1-D0	CMAD-MT-Q2	E-L1-D0	secondary	explanatory_supplement	0.6620731353759766	0.0009002685546875	positive	0.6620731353759766	stable_correct	-1.7223243713378906	0.0005950927734375	negative	-1.7223243713378906	stable_correct	0.33141040802001953	0.00014495849609375	positive	0.33141040802001953	stable_correct	resolved_direction_conflict
CMAD-MT-Q2-E-L1-D00	CMAD-MT-Q2	E-L1-D00	secondary	explanatory_supplement	-2.4477806091308594	0.0009002685546875	negative	-2.4477806091308594	stable_correct	-2.893705368041992	0.0005950927734375	negative	-2.893705368041992	stable_correct	-0.6329412460327148	0.00014495849609375	negative	-0.6329412460327148	stable_correct	same_resolved_direction
CMAD-MT-Q2-E-L1-D01	CMAD-MT-Q2	E-L1-D01	secondary	explanatory_supplement	-2.287059783935547	0.0009002685546875	negative	-2.287059783935547	stable_correct	0.6317958831787109	0.0005950927734375	positive	0.6317958831787109	stable_correct	-0.6499166488647461	0.00014495849609375	negative	-0.6499166488647461	stable_correct	resolved_direction_conflict
CMAD-MT-Q2-E-L1-D10	CMAD-MT-Q2	E-L1-D10	secondary	explanatory_supplement	-1.1034259796142578	0.0009002685546875	negative	-1.1034259796142578	stable_correct	-2.3392810821533203	0.0005950927734375	negative	-2.3392810821533203	stable_correct	-1.4404830932617188	0.00014495849609375	negative	-1.4404830932617188	stable_correct	same_resolved_direction
CMAD-MT-Q2-E-L1-D11	CMAD-MT-Q2	E-L1-D11	secondary	explanatory_supplement	1.2503833770751953	0.0009002685546875	positive	1.2503833770751953	stable_correct	1.806610107421875	0.0005950927734375	positive	1.806610107421875	stable_correct	-0.5378751754760742	0.00014495849609375	negative	-0.5378751754760742	stable_correct	resolved_direction_conflict
CMAD-MT-Q2-E-L2-D0	CMAD-MT-Q2	E-L2-D0	secondary	explanatory_supplement	-38.7891960144043	0.0009002685546875	negative	-38.7891960144043	damage	-2.9751415252685547	0.0005950927734375	negative	-2.9751415252685547	stable_correct	-2.071803092956543	0.00014495849609375	negative	-2.071803092956543	stable_correct	same_resolved_direction
CMAD-MT-Q2-E-L2-D00	CMAD-MT-Q2	E-L2-D00	secondary	explanatory_supplement	-21.6917667388916	0.0009002685546875	negative	-21.6917667388916	stable_correct	-2.6244335174560547	0.0005950927734375	negative	-2.6244335174560547	stable_correct	-1.4888668060302734	0.00014495849609375	negative	-1.4888668060302734	stable_correct	same_resolved_direction
CMAD-MT-Q2-E-L2-D01	CMAD-MT-Q2	E-L2-D01	secondary	explanatory_supplement	-6.952976226806641	0.0009002685546875	negative	-6.952976226806641	stable_correct	0.46918678283691406	0.0005950927734375	positive	0.46918678283691406	stable_correct	-0.8286466598510742	0.00014495849609375	negative	-0.8286466598510742	stable_correct	resolved_direction_conflict
CMAD-MT-Q2-E-L2-D10	CMAD-MT-Q2	E-L2-D10	secondary	explanatory_supplement	-7.842973709106445	0.0009002685546875	negative	-7.842973709106445	stable_correct	-2.271005630493164	0.0005950927734375	negative	-2.271005630493164	stable_correct	-1.280522346496582	0.00014495849609375	negative	-1.280522346496582	stable_correct	same_resolved_direction
CMAD-MT-Q2-E-L2-D11	CMAD-MT-Q2	E-L2-D11	secondary	explanatory_supplement	-3.7762832641601562	0.0009002685546875	negative	-3.7762832641601562	stable_correct	1.6467723846435547	0.0005950927734375	positive	1.6467723846435547	stable_correct	0.11440277099609375	0.00014495849609375	positive	0.11440277099609375	stable_correct	resolved_direction_conflict
CMAD-MT-Q2-I-L1-D00	CMAD-MT-Q2	I-L1-D00	secondary	explanatory_supplement	-3.109853744506836	0.001800537109375	negative	-3.109853744506836		-1.1713809967041016	0.001190185546875	negative	-1.1713809967041016		-0.9643516540527344	0.0002899169921875	negative	-0.9643516540527344		same_resolved_direction
CMAD-MT-Q2-I-L1-D01	CMAD-MT-Q2	I-L1-D01	secondary	explanatory_supplement	-2.9491329193115234	0.001800537109375	negative	-2.9491329193115234		2.3541202545166016	0.001190185546875	positive	2.3541202545166016		-0.9813270568847656	0.0002899169921875	negative	-0.9813270568847656		resolved_direction_conflict
CMAD-MT-Q2-I-L1-D10	CMAD-MT-Q2	I-L1-D10	secondary	explanatory_supplement	-1.7654991149902344	0.001800537109375	negative	-1.7654991149902344		-0.6169567108154297	0.001190185546875	negative	-0.6169567108154297		-1.7718935012817383	0.0002899169921875	negative	-1.7718935012817383		same_resolved_direction
CMAD-MT-Q2-I-L1-D11	CMAD-MT-Q2	I-L1-D11	secondary	explanatory_supplement	0.5883102416992188	0.001800537109375	positive	0.5883102416992188		3.5289344787597656	0.001190185546875	positive	3.5289344787597656		-0.8692855834960938	0.0002899169921875	negative	-0.8692855834960938		resolved_direction_conflict
CMAD-MT-Q2-I-L2-D00	CMAD-MT-Q2	I-L2-D00	secondary	explanatory_supplement	17.097429275512695	0.001800537109375	positive	17.097429275512695		0.3507080078125	0.001190185546875	positive	0.3507080078125		0.5829362869262695	0.0002899169921875	positive	0.5829362869262695		same_resolved_direction
CMAD-MT-Q2-I-L2-D01	CMAD-MT-Q2	I-L2-D01	secondary	explanatory_supplement	31.836219787597656	0.001800537109375	positive	31.836219787597656		3.4443283081054688	0.001190185546875	positive	3.4443283081054688		1.2431564331054688	0.0002899169921875	positive	1.2431564331054688		same_resolved_direction
CMAD-MT-Q2-I-L2-D10	CMAD-MT-Q2	I-L2-D10	secondary	explanatory_supplement	30.94622230529785	0.001800537109375	positive	30.94622230529785		0.7041358947753906	0.001190185546875	positive	0.7041358947753906		0.7912807464599609	0.0002899169921875	positive	0.7912807464599609		same_resolved_direction
CMAD-MT-Q2-I-L2-D11	CMAD-MT-Q2	I-L2-D11	secondary	explanatory_supplement	35.01291275024414	0.001800537109375	positive	35.01291275024414		4.621913909912109	0.001190185546875	positive	4.621913909912109		2.1862058639526367	0.0002899169921875	positive	2.1862058639526367		same_resolved_direction
CMAD-MT-Q2-L-minus-N-L1-D0	CMAD-MT-Q2	L-minus-N-L1-D0	secondary	explanatory_supplement	0.7041549682617188	0.0009002685546875	positive	0.7041549682617188	stable_correct	-1.5861339569091797	0.0005950927734375	negative	-1.5861339569091797	stable_correct	0.9769220352172852	0.00014495849609375	positive	0.9769220352172852	stable_correct	resolved_direction_conflict
CMAD-MT-Q2-L-minus-N-L1-D01	CMAD-MT-Q2	L-minus-N-L1-D01	secondary	explanatory_supplement	-0.291961669921875	0.0009002685546875	negative	-0.291961669921875	stable_correct	-0.4423713684082031	0.0005950927734375	negative	-0.4423713684082031	stable_correct	0.2645454406738281	0.00014495849609375	positive	0.2645454406738281	stable_correct	resolved_direction_conflict
CMAD-MT-Q2-L-minus-N-L1-D10	CMAD-MT-Q2	L-minus-N-L1-D10	secondary	explanatory_supplement	-0.7319679260253906	0.0009002685546875	negative	-0.7319679260253906	stable_correct	-1.6367225646972656	0.0005950927734375	negative	-1.6367225646972656	stable_correct	0.1810903549194336	0.00014495849609375	positive	0.1810903549194336	stable_correct	resolved_direction_conflict
CMAD-MT-Q2-L-minus-N-L2-D0	CMAD-MT-Q2	L-minus-N-L2-D0	secondary	explanatory_supplement	-38.747114181518555	0.0009002685546875	negative	-38.747114181518555	damage	-2.8389511108398438	0.0005950927734375	negative	-2.8389511108398438	stable_correct	-1.4262914657592773	0.00014495849609375	negative	-1.4262914657592773	stable_correct	same_resolved_direction
CMAD-MT-Q2-L-minus-N-L2-D01	CMAD-MT-Q2	L-minus-N-L2-D01	secondary	explanatory_supplement	-4.957878112792969	0.0009002685546875	negative	-4.957878112792969	stable_correct	-0.60498046875	0.0005950927734375	negative	-0.60498046875	stable_correct	0.0858154296875	0.00014495849609375	positive	0.0858154296875	stable_correct	resolved_direction_conflict
CMAD-MT-Q2-L-minus-N-L2-D10	CMAD-MT-Q2	L-minus-N-L2-D10	secondary	explanatory_supplement	-7.471515655517578	0.0009002685546875	negative	-7.471515655517578	stable_correct	-1.5684471130371094	0.0005950927734375	negative	-1.5684471130371094	stable_correct	0.3410511016845703	0.00014495849609375	positive	0.3410511016845703	stable_correct	resolved_direction_conflict
CMAD-MT-Q2-N-D0	CMAD-MT-Q2	N-D0	secondary	explanatory_supplement	-0.04208183288574219	0.0009002685546875	negative	-0.04208183288574219	stable_correct	-0.13619041442871094	0.0005950927734375	negative	-0.13619041442871094	stable_correct	-0.6455116271972656	0.00014495849609375	negative	-0.6455116271972656	stable_correct	same_resolved_direction
CMAD-MT-Q2-N-D01	CMAD-MT-Q2	N-D01	secondary	explanatory_supplement	-1.9950981140136719	0.0009002685546875	negative	-1.9950981140136719	stable_correct	1.074167251586914	0.0005950927734375	positive	1.074167251586914	stable_correct	-0.9144620895385742	0.00014495849609375	negative	-0.9144620895385742	stable_correct	resolved_direction_conflict
CMAD-MT-Q2-N-D10	CMAD-MT-Q2	N-D10	secondary	explanatory_supplement	-0.3714580535888672	0.0009002685546875	negative	-0.3714580535888672	stable_correct	-0.7025585174560547	0.0005950927734375	negative	-0.7025585174560547	stable_correct	-1.6215734481811523	0.00014495849609375	negative	-1.6215734481811523	stable_correct	same_resolved_direction
CMAD-MT-Q2-R-L0-W0	CMAD-MT-Q2	R-L0-W0	secondary	explanatory_supplement	-0.207733154296875	0.0009002685546875	negative	-0.207733154296875	stable_correct	-1.6297569274902344	0.0005950927734375	negative	-1.6297569274902344	stable_correct	-1.4917593002319336	0.00014495849609375	negative	-1.4917593002319336	stable_correct	same_resolved_direction
CMAD-MT-Q2-R-L0-W1	CMAD-MT-Q2	R-L0-W1	secondary	explanatory_supplement	-1.8299102783203125	0.0009002685546875	negative	-1.8299102783203125	stable_correct	-2.870481491088867	0.0005950927734375	negative	-2.870481491088867	stable_correct	-0.6691741943359375	0.00014495849609375	negative	-0.6691741943359375	stable_correct	same_resolved_direction
CMAD-MT-Q2-R-L1-W0	CMAD-MT-Q2	R-L1-W0	secondary	explanatory_supplement	1.1366214752197266	0.0009002685546875	positive	1.1366214752197266	stable_correct	-1.0753326416015625	0.0005950927734375	negative	-1.0753326416015625	stable_correct	-2.2993011474609375	0.00014495849609375	negative	-2.2993011474609375	stable_correct	resolved_direction_conflict
CMAD-MT-Q2-R-L1-W1	CMAD-MT-Q2	R-L1-W1	secondary	explanatory_supplement	1.7075328826904297	0.0009002685546875	positive	1.7075328826904297	stable_correct	-1.6956672668457031	0.0005950927734375	negative	-1.6956672668457031	stable_correct	-0.5571327209472656	0.00014495849609375	negative	-0.5571327209472656	stable_correct	resolved_direction_conflict
CMAD-MT-Q2-R-L2-W0	CMAD-MT-Q2	R-L2-W0	secondary	explanatory_supplement	13.641059875488281	0.0009002685546875	positive	13.641059875488281	stable_correct	-1.2763290405273438	0.0005950927734375	negative	-1.2763290405273438	stable_correct	-1.2834148406982422	0.00014495849609375	negative	-1.2834148406982422	stable_correct	resolved_direction_conflict
CMAD-MT-Q2-R-L2-W1	CMAD-MT-Q2	R-L2-W1	secondary	explanatory_supplement	1.3467826843261719	0.0009002685546875	positive	1.3467826843261719	stable_correct	-1.6928958892822266	0.0005950927734375	negative	-1.6928958892822266	stable_correct	0.27387523651123047	0.00014495849609375	positive	0.27387523651123047	stable_correct	resolved_direction_conflict
CMAD-MT-Q2-R-on-E-L1-W0	CMAD-MT-Q2	R-on-E-L1-W0	secondary	explanatory_supplement	1.3443546295166016	0.001800537109375	positive	1.3443546295166016		0.5544242858886719	0.001190185546875	positive	0.5544242858886719		-0.8075418472290039	0.0002899169921875	negative	-0.8075418472290039		resolved_direction_conflict
CMAD-MT-Q2-R-on-E-L1-W1	CMAD-MT-Q2	R-on-E-L1-W1	secondary	explanatory_supplement	3.537443161010742	0.001800537109375	positive	3.537443161010742		1.174814224243164	0.001190185546875	positive	1.174814224243164		0.11204147338867188	0.0002899169921875	positive	0.11204147338867188		same_resolved_direction
CMAD-MT-Q2-R-on-E-L2-W0	CMAD-MT-Q2	R-on-E-L2-W0	secondary	explanatory_supplement	13.848793029785156	0.001800537109375	positive	13.848793029785156		0.3534278869628906	0.001190185546875	positive	0.3534278869628906		0.2083444595336914	0.0002899169921875	positive	0.2083444595336914		same_resolved_direction
CMAD-MT-Q2-R-on-E-L2-W1	CMAD-MT-Q2	R-on-E-L2-W1	secondary	explanatory_supplement	3.1766929626464844	0.001800537109375	positive	3.1766929626464844		1.1775856018066406	0.001190185546875	positive	1.1775856018066406		0.943049430847168	0.0002899169921875	positive	0.943049430847168		same_resolved_direction
CMAD-MT-Q2-RW-L0	CMAD-MT-Q2	RW-L0	secondary	explanatory_supplement	-1.6221771240234375	0.001800537109375	negative	-1.6221771240234375		-1.2407245635986328	0.001190185546875	negative	-1.2407245635986328		0.8225851058959961	0.0002899169921875	positive	0.8225851058959961		resolved_direction_conflict
CMAD-MT-Q2-RW-L1	CMAD-MT-Q2	RW-L1	secondary	explanatory_supplement	0.5709114074707031	0.001800537109375	positive	0.5709114074707031		-0.6203346252441406	0.001190185546875	negative	-0.6203346252441406		1.7421684265136719	0.0002899169921875	positive	1.7421684265136719		resolved_direction_conflict
CMAD-MT-Q2-RW-L2	CMAD-MT-Q2	RW-L2	secondary	explanatory_supplement	-12.29427719116211	0.001800537109375	negative	-12.29427719116211		-0.4165668487548828	0.001190185546875	negative	-0.4165668487548828		1.5572900772094727	0.0002899169921875	positive	1.5572900772094727		resolved_direction_conflict
CMAD-MT-Q2-Swap-L0-D01	CMAD-MT-Q2	Swap-L0-D01	secondary	explanatory_supplement	-2.510873794555664	0.0009002685546875	negative	-2.510873794555664	stable_correct	0.45923423767089844	0.0005950927734375	positive	0.45923423767089844	stable_correct	-0.09185314178466797	0.00014495849609375	negative	-0.09185314178466797	stable_correct	resolved_direction_conflict
CMAD-MT-Q2-Swap-L0-D10	CMAD-MT-Q2	Swap-L0-D10	secondary	explanatory_supplement	-3.441007614135742	0.0009002685546875	negative	-3.441007614135742	stable_correct	-3.159170150756836	0.0005950927734375	negative	-3.159170150756836	stable_correct	-1.4661874771118164	0.00014495849609375	negative	-1.4661874771118164	stable_correct	same_resolved_direction
CMAD-MT-Q2-Swap-L1-D01	CMAD-MT-Q2	Swap-L1-D01	secondary	explanatory_supplement	-0.9250659942626953	0.0009002685546875	negative	-0.9250659942626953	stable_correct	0.672332763671875	0.0005950927734375	positive	0.672332763671875	stable_correct	-0.29687976837158203	0.00014495849609375	negative	-0.29687976837158203	stable_correct	resolved_direction_conflict
CMAD-MT-Q2-Swap-L1-D10	CMAD-MT-Q2	Swap-L1-D10	secondary	explanatory_supplement	-4.120452880859375	0.0009002685546875	negative	-4.120452880859375	stable_correct	-2.3343734741210938	0.0005950927734375	negative	-2.3343734741210938	stable_correct	-2.495098114013672	0.00014495849609375	negative	-2.495098114013672	stable_correct	same_resolved_direction
CMAD-MT-Q2-Swap-L2-D01	CMAD-MT-Q2	Swap-L2-D01	secondary	explanatory_supplement	-2.1237716674804688	0.0009002685546875	negative	-2.1237716674804688	stable_correct	0.6937885284423828	0.0005950927734375	positive	0.6937885284423828	stable_correct	1.0360527038574219	0.00014495849609375	positive	1.0360527038574219	stable_correct	resolved_direction_conflict
CMAD-MT-Q2-Swap-L2-D10	CMAD-MT-Q2	Swap-L2-D10	secondary	explanatory_supplement	-4.025959014892578	0.0009002685546875	negative	-4.025959014892578	stable_correct	-2.3029556274414062	0.0005950927734375	negative	-2.3029556274414062	stable_correct	-1.986393928527832	0.00014495849609375	negative	-1.986393928527832	stable_correct	same_resolved_direction
CMAD-MT-Q2-Swap-on-E-L1-D01	CMAD-MT-Q2	Swap-on-E-L1-D01	secondary	explanatory_supplement	1.5858078002929688	0.001800537109375	positive	1.5858078002929688		0.21309852600097656	0.001190185546875	positive	0.21309852600097656		-0.20502662658691406	0.0002899169921875	negative	-0.20502662658691406		resolved_direction_conflict
CMAD-MT-Q2-Swap-on-E-L1-D10	CMAD-MT-Q2	Swap-on-E-L1-D10	secondary	explanatory_supplement	-0.6794452667236328	0.001800537109375	negative	-0.6794452667236328		0.8247966766357422	0.001190185546875	positive	0.8247966766357422		-1.0289106369018555	0.0002899169921875	negative	-1.0289106369018555		resolved_direction_conflict
CMAD-MT-Q2-Swap-on-E-L2-D01	CMAD-MT-Q2	Swap-on-E-L2-D01	secondary	explanatory_supplement	0.3871021270751953	0.001800537109375	positive	0.3871021270751953		0.23455429077148438	0.001190185546875	positive	0.23455429077148438		1.1279058456420898	0.0002899169921875	positive	1.1279058456420898		same_resolved_direction
CMAD-MT-Q2-Swap-on-E-L2-D10	CMAD-MT-Q2	Swap-on-E-L2-D10	secondary	explanatory_supplement	-0.5849514007568359	0.001800537109375	negative	-0.5849514007568359		0.8562145233154297	0.001190185546875	positive	0.8562145233154297		-0.5202064514160156	0.0002899169921875	negative	-0.5202064514160156		resolved_direction_conflict
CMAD-MT-Q2-W-L0-R0	CMAD-MT-Q2	W-L0-R0	secondary	explanatory_supplement	0.3552684783935547	0.0009002685546875	positive	0.3552684783935547	stable_correct	-2.975811004638672	0.0005950927734375	negative	-2.975811004638672	stable_correct	-1.2945241928100586	0.00014495849609375	negative	-1.2945241928100586	stable_correct	resolved_direction_conflict
CMAD-MT-Q2-W-L0-R1	CMAD-MT-Q2	W-L0-R1	secondary	explanatory_supplement	-1.2669086456298828	0.0009002685546875	negative	-1.2669086456298828	stable_correct	-4.216535568237305	0.0005950927734375	negative	-4.216535568237305	stable_correct	-0.4719390869140625	0.00014495849609375	negative	-0.4719390869140625	stable_correct	same_resolved_direction
CMAD-MT-Q2-W-L1-R0	CMAD-MT-Q2	W-L1-R0	secondary	explanatory_supplement	0.5159893035888672	0.0009002685546875	positive	0.5159893035888672	stable_correct	0.5496902465820312	0.0005950927734375	positive	0.5496902465820312	stable_correct	-1.3114995956420898	0.00014495849609375	negative	-1.3114995956420898	stable_correct	resolved_direction_conflict
CMAD-MT-Q2-W-L1-R1	CMAD-MT-Q2	W-L1-R1	secondary	explanatory_supplement	1.0869007110595703	0.0009002685546875	positive	1.0869007110595703	stable_correct	-0.07064437866210938	0.0005950927734375	negative	-0.07064437866210938	stable_correct	0.43066883087158203	0.00014495849609375	positive	0.43066883087158203	stable_correct	resolved_direction_conflict
CMAD-MT-Q2-W-L2-R0	CMAD-MT-Q2	W-L2-R0	secondary	explanatory_supplement	15.094058990478516	0.0009002685546875	positive	15.094058990478516	stable_correct	0.11780929565429688	0.0005950927734375	positive	0.11780929565429688	stable_correct	-0.6343040466308594	0.00014495849609375	negative	-0.6343040466308594	stable_correct	resolved_direction_conflict
CMAD-MT-Q2-W-L2-R1	CMAD-MT-Q2	W-L2-R1	secondary	explanatory_supplement	2.7997817993164062	0.0009002685546875	positive	2.7997817993164062	stable_correct	-0.29875755310058594	0.0005950927734375	negative	-0.29875755310058594	stable_correct	0.9229860305786133	0.00014495849609375	positive	0.9229860305786133	stable_correct	resolved_direction_conflict
CMAD-MT-Q2-W-on-E-L1-R0	CMAD-MT-Q2	W-on-E-L1-R0	secondary	explanatory_supplement	0.1607208251953125	0.001800537109375	positive	0.1607208251953125		3.525501251220703	0.001190185546875	positive	3.525501251220703		-0.01697540283203125	0.0002899169921875	negative	-0.01697540283203125		resolved_direction_conflict
CMAD-MT-Q2-W-on-E-L1-R1	CMAD-MT-Q2	W-on-E-L1-R1	secondary	explanatory_supplement	2.353809356689453	0.001800537109375	positive	2.353809356689453		4.145891189575195	0.001190185546875	positive	4.145891189575195		0.9026079177856445	0.0002899169921875	positive	0.9026079177856445		same_resolved_direction
CMAD-MT-Q2-W-on-E-L2-R0	CMAD-MT-Q2	W-on-E-L2-R0	secondary	explanatory_supplement	14.738790512084961	0.001800537109375	positive	14.738790512084961		3.0936203002929688	0.001190185546875	positive	3.0936203002929688		0.6602201461791992	0.0002899169921875	positive	0.6602201461791992		same_resolved_direction
CMAD-MT-Q2-W-on-E-L2-R1	CMAD-MT-Q2	W-on-E-L2-R1	secondary	explanatory_supplement	4.066690444946289	0.001800537109375	positive	4.066690444946289		3.9177780151367188	0.001190185546875	positive	3.9177780151367188		1.3949251174926758	0.0002899169921875	positive	1.3949251174926758		same_resolved_direction
CMAD-MT-Q3-D-L0-D00	CMAD-MT-Q3	D-L0-D00	secondary	explanatory_supplement	-0.3683662414550781	0.0009002685546875	negative	0.3683662414550781	stable_correct	-3.3734893798828125	0.0005950927734375	negative	3.3734893798828125	stable_correct	0.1590099334716797	0.00014495849609375	positive	-0.1590099334716797	stable_correct	resolved_direction_conflict
CMAD-MT-Q3-D-L0-D01	CMAD-MT-Q3	D-L0-D01	secondary	explanatory_supplement	6.211849212646484	0.0009002685546875	positive	-6.211849212646484	stable_correct	9.552879333496094	0.0005950927734375	positive	-9.552879333496094	stable_correct	1.0509223937988281	0.00014495849609375	positive	-1.0509223937988281	stable_correct	same_resolved_direction
CMAD-MT-Q3-D-L0-D10	CMAD-MT-Q3	D-L0-D10	secondary	explanatory_supplement	2.8548507690429688	0.0009002685546875	positive	-2.8548507690429688	stable_correct	1.286224365234375	0.0005950927734375	positive	-1.286224365234375	stable_correct	0.33232688903808594	0.00014495849609375	positive	-0.33232688903808594	stable_correct	same_resolved_direction
CMAD-MT-Q3-D-L0-D11	CMAD-MT-Q3	D-L0-D11	secondary	explanatory_supplement	6.5868377685546875	0.0009002685546875	positive	-6.5868377685546875	stable_correct	7.856712341308594	0.0005950927734375	positive	-7.856712341308594	stable_correct	1.0448417663574219	0.00014495849609375	positive	-1.0448417663574219	stable_correct	same_resolved_direction
CMAD-MT-Q3-D-L1-D00	CMAD-MT-Q3	D-L1-D00	secondary	explanatory_supplement	-1.7215499877929688	0.0009002685546875	negative	1.7215499877929688	stable_correct	-2.739776611328125	0.0005950927734375	negative	2.739776611328125	stable_correct	0.22791099548339844	0.00014495849609375	positive	-0.22791099548339844	stable_correct	resolved_direction_conflict
CMAD-MT-Q3-D-L1-D01	CMAD-MT-Q3	D-L1-D01	secondary	explanatory_supplement	-0.5391883850097656	0.0009002685546875	negative	0.5391883850097656	stable_correct	2.8271484375	0.0005950927734375	positive	-2.8271484375	damage	0.2502403259277344	0.00014495849609375	positive	-0.2502403259277344	stable_correct	resolved_direction_conflict
CMAD-MT-Q3-D-L1-D10	CMAD-MT-Q3	D-L1-D10	secondary	explanatory_supplement	0.6183395385742188	0.0009002685546875	positive	-0.6183395385742188	stable_correct	-3.842365264892578	0.0005950927734375	negative	3.842365264892578	stable_correct	0.6555652618408203	0.00014495849609375	positive	-0.6555652618408203	stable_correct	resolved_direction_conflict
CMAD-MT-Q3-D-L1-D11	CMAD-MT-Q3	D-L1-D11	secondary	explanatory_supplement	2.5919647216796875	0.0009002685546875	positive	-2.5919647216796875	stable_correct	-1.2663993835449219	0.0005950927734375	negative	1.2663993835449219	stable_correct	1.3439044952392578	0.00014495849609375	positive	-1.3439044952392578	stable_correct	resolved_direction_conflict
CMAD-MT-Q3-D-L2-D00	CMAD-MT-Q3	D-L2-D00	secondary	explanatory_supplement	0.00588226318359375	0.0009002685546875	positive	-0.00588226318359375	stable_correct	-5.790409088134766	0.0005950927734375	negative	5.790409088134766	stable_correct	-0.07717704772949219	0.00014495849609375	negative	0.07717704772949219	stable_correct	resolved_direction_conflict
CMAD-MT-Q3-D-L2-D01	CMAD-MT-Q3	D-L2-D01	secondary	explanatory_supplement	1.7617073059082031	0.0009002685546875	positive	-1.7617073059082031	stable_correct	-5.667331695556641	0.0005950927734375	negative	5.667331695556641	stable_correct	0.1637554168701172	0.00014495849609375	positive	-0.1637554168701172	stable_correct	resolved_direction_conflict
CMAD-MT-Q3-D-L2-D10	CMAD-MT-Q3	D-L2-D10	secondary	explanatory_supplement	3.921966552734375	0.0009002685546875	positive	-3.921966552734375	stable_correct	-0.6132240295410156	0.0005950927734375	negative	0.6132240295410156	stable_correct	0.6891765594482422	0.00014495849609375	positive	-0.6891765594482422	stable_correct	resolved_direction_conflict
CMAD-MT-Q3-D-L2-D11	CMAD-MT-Q3	D-L2-D11	secondary	explanatory_supplement	4.933040618896484	0.0009002685546875	positive	-4.933040618896484	stable_correct	5.512901306152344	0.0005950927734375	positive	-5.512901306152344	stable_correct	0.8853569030761719	0.00014495849609375	positive	-0.8853569030761719	stable_correct	same_resolved_direction
CMAD-MT-Q3-E-L1-D0	CMAD-MT-Q3	E-L1-D0	secondary	explanatory_supplement	4.977199554443359	0.0009002685546875	positive	-4.977199554443359	stable_correct	10.323562622070312	0.0005950927734375	positive	-10.323562622070312	stable_correct	0.5195350646972656	0.00014495849609375	positive	-0.5195350646972656	stable_correct	same_resolved_direction
CMAD-MT-Q3-E-L1-D00	CMAD-MT-Q3	E-L1-D00	secondary	explanatory_supplement	3.6240158081054688	0.0009002685546875	positive	-3.6240158081054688	stable_correct	10.957275390625	0.0005950927734375	positive	-10.957275390625	stable_correct	0.5884361267089844	0.00014495849609375	positive	-0.5884361267089844	stable_correct	same_resolved_direction
CMAD-MT-Q3-E-L1-D01	CMAD-MT-Q3	E-L1-D01	secondary	explanatory_supplement	-1.7738380432128906	0.0009002685546875	negative	1.7738380432128906	stable_correct	3.5978317260742188	0.0005950927734375	positive	-3.5978317260742188	damage	-0.2811470031738281	0.00014495849609375	negative	0.2811470031738281	stable_correct	resolved_direction_conflict
CMAD-MT-Q3-E-L1-D10	CMAD-MT-Q3	E-L1-D10	secondary	explanatory_supplement	2.7406883239746094	0.0009002685546875	positive	-2.7406883239746094	stable_correct	5.194972991943359	0.0005950927734375	positive	-5.194972991943359	stable_correct	0.8427734375	0.00014495849609375	positive	-0.8427734375	stable_correct	same_resolved_direction
CMAD-MT-Q3-E-L1-D11	CMAD-MT-Q3	E-L1-D11	secondary	explanatory_supplement	0.9823265075683594	0.0009002685546875	positive	-0.9823265075683594	stable_correct	1.2004508972167969	0.0005950927734375	positive	-1.2004508972167969	stable_correct	0.8185977935791016	0.00014495849609375	positive	-0.8185977935791016	stable_correct	same_resolved_direction
CMAD-MT-Q3-E-L2-D0	CMAD-MT-Q3	E-L2-D0	secondary	explanatory_supplement	1.1478424072265625	0.0009002685546875	positive	-1.1478424072265625	stable_correct	-4.0093841552734375	0.0005950927734375	negative	4.0093841552734375	stable_correct	0.047405242919921875	0.00014495849609375	positive	-0.047405242919921875	stable_correct	resolved_direction_conflict
CMAD-MT-Q3-E-L2-D00	CMAD-MT-Q3	E-L2-D00	secondary	explanatory_supplement	1.5220909118652344	0.0009002685546875	positive	-1.5220909118652344	stable_correct	-6.426303863525391	0.0005950927734375	negative	6.426303863525391	stable_correct	-0.18878173828125	0.00014495849609375	negative	0.18878173828125	stable_correct	resolved_direction_conflict
CMAD-MT-Q3-E-L2-D01	CMAD-MT-Q3	E-L2-D01	secondary	explanatory_supplement	-3.3022994995117188	0.0009002685546875	negative	3.3022994995117188	stable_correct	-19.229595184326172	0.0005950927734375	negative	19.229595184326172	stable_correct	-0.8397617340087891	0.00014495849609375	negative	0.8397617340087891	stable_correct	same_resolved_direction
CMAD-MT-Q3-E-L2-D10	CMAD-MT-Q3	E-L2-D10	secondary	explanatory_supplement	2.2149581909179688	0.0009002685546875	positive	-2.2149581909179688	stable_correct	-5.908832550048828	0.0005950927734375	negative	5.908832550048828	stable_correct	0.4042549133300781	0.00014495849609375	positive	-0.4042549133300781	stable_correct	resolved_direction_conflict
CMAD-MT-Q3-E-L2-D11	CMAD-MT-Q3	E-L2-D11	secondary	explanatory_supplement	-0.5059547424316406	0.0009002685546875	negative	0.5059547424316406	stable_correct	-6.3531951904296875	0.0005950927734375	negative	6.3531951904296875	stable_correct	-0.11207962036132812	0.00014495849609375	negative	0.11207962036132812	stable_correct	same_resolved_direction
CMAD-MT-Q3-I-L1-D00	CMAD-MT-Q3	I-L1-D00	secondary	explanatory_supplement	-1.3531837463378906	0.001800537109375	negative	1.3531837463378906		0.6337127685546875	0.001190185546875	positive	-0.6337127685546875		0.06890106201171875	0.0002899169921875	positive	-0.06890106201171875		resolved_direction_conflict
CMAD-MT-Q3-I-L1-D01	CMAD-MT-Q3	I-L1-D01	secondary	explanatory_supplement	-6.75103759765625	0.001800537109375	negative	6.75103759765625		-6.725730895996094	0.001190185546875	negative	6.725730895996094		-0.8006820678710938	0.0002899169921875	negative	0.8006820678710938		same_resolved_direction
CMAD-MT-Q3-I-L1-D10	CMAD-MT-Q3	I-L1-D10	secondary	explanatory_supplement	-2.23651123046875	0.001800537109375	negative	2.23651123046875		-5.128589630126953	0.001190185546875	negative	5.128589630126953		0.3232383728027344	0.0002899169921875	positive	-0.3232383728027344		resolved_direction_conflict
CMAD-MT-Q3-I-L1-D11	CMAD-MT-Q3	I-L1-D11	secondary	explanatory_supplement	-3.994873046875	0.001800537109375	negative	3.994873046875		-9.123111724853516	0.001190185546875	negative	9.123111724853516		0.29906272888183594	0.0002899169921875	positive	-0.29906272888183594		resolved_direction_conflict
CMAD-MT-Q3-I-L2-D00	CMAD-MT-Q3	I-L2-D00	secondary	explanatory_supplement	0.3742485046386719	0.001800537109375	positive	-0.3742485046386719		-2.416919708251953	0.001190185546875	negative	2.416919708251953		-0.23618698120117188	0.0002899169921875	negative	0.23618698120117188		resolved_direction_conflict
CMAD-MT-Q3-I-L2-D01	CMAD-MT-Q3	I-L2-D01	secondary	explanatory_supplement	-4.450141906738281	0.001800537109375	negative	4.450141906738281		-15.220211029052734	0.001190185546875	negative	15.220211029052734		-0.8871669769287109	0.0002899169921875	negative	0.8871669769287109		same_resolved_direction
CMAD-MT-Q3-I-L2-D10	CMAD-MT-Q3	I-L2-D10	secondary	explanatory_supplement	1.0671157836914062	0.001800537109375	positive	-1.0671157836914062		-1.8994483947753906	0.001190185546875	negative	1.8994483947753906		0.35684967041015625	0.0002899169921875	positive	-0.35684967041015625		resolved_direction_conflict
CMAD-MT-Q3-I-L2-D11	CMAD-MT-Q3	I-L2-D11	secondary	explanatory_supplement	-1.6537971496582031	0.001800537109375	negative	1.6537971496582031		-2.34381103515625	0.001190185546875	negative	2.34381103515625		-0.15948486328125	0.0002899169921875	negative	0.15948486328125		same_resolved_direction
CMAD-MT-Q3-L-minus-N-L1-D0	CMAD-MT-Q3	L-minus-N-L1-D0	secondary	explanatory_supplement	-1.0921630859375	0.0009002685546875	negative	1.0921630859375	stable_correct	-1.5415229797363281	0.0005950927734375	negative	1.5415229797363281	stable_correct	-0.08148384094238281	0.00014495849609375	negative	0.08148384094238281	stable_correct	same_resolved_direction
CMAD-MT-Q3-L-minus-N-L1-D01	CMAD-MT-Q3	L-minus-N-L1-D01	secondary	explanatory_supplement	-2.305419921875	0.0009002685546875	negative	2.305419921875	stable_correct	-0.5680389404296875	0.0005950927734375	negative	0.5680389404296875	stable_wrong	-0.596649169921875	0.00014495849609375	negative	0.596649169921875	stable_correct	same_resolved_direction
CMAD-MT-Q3-L-minus-N-L1-D10	CMAD-MT-Q3	L-minus-N-L1-D10	secondary	explanatory_supplement	-1.124603271484375	0.0009002685546875	negative	1.124603271484375	stable_correct	0.4237480163574219	0.0005950927734375	positive	-0.4237480163574219	stable_correct	-0.4815654754638672	0.00014495849609375	negative	0.4815654754638672	stable_correct	resolved_direction_conflict
CMAD-MT-Q3-L-minus-N-L2-D0	CMAD-MT-Q3	L-minus-N-L2-D0	secondary	explanatory_supplement	-4.921520233154297	0.0009002685546875	negative	4.921520233154297	stable_correct	-15.874469757080078	0.0005950927734375	negative	15.874469757080078	stable_correct	-0.5536136627197266	0.00014495849609375	negative	0.5536136627197266	stable_correct	same_resolved_direction
CMAD-MT-Q3-L-minus-N-L2-D01	CMAD-MT-Q3	L-minus-N-L2-D01	secondary	explanatory_supplement	-3.833881378173828	0.0009002685546875	negative	3.833881378173828	stable_correct	-23.395465850830078	0.0005950927734375	negative	23.395465850830078	repair	-1.155263900756836	0.00014495849609375	negative	1.155263900756836	stable_correct	same_resolved_direction
CMAD-MT-Q3-L-minus-N-L2-D10	CMAD-MT-Q3	L-minus-N-L2-D10	secondary	explanatory_supplement	-1.6503334045410156	0.0009002685546875	negative	1.6503334045410156	stable_correct	-10.680057525634766	0.0005950927734375	negative	10.680057525634766	stable_correct	-0.9200839996337891	0.00014495849609375	negative	0.9200839996337891	stable_correct	same_resolved_direction
CMAD-MT-Q3-N-D0	CMAD-MT-Q3	N-D0	secondary	explanatory_supplement	6.069362640380859	0.0009002685546875	positive	-6.069362640380859	stable_correct	11.86508560180664	0.0005950927734375	positive	-11.86508560180664	stable_correct	0.6010189056396484	0.00014495849609375	positive	-0.6010189056396484	stable_correct	same_resolved_direction
CMAD-MT-Q3-N-D01	CMAD-MT-Q3	N-D01	secondary	explanatory_supplement	0.5315818786621094	0.0009002685546875	positive	-0.5315818786621094	stable_correct	4.165870666503906	0.0005950927734375	positive	-4.165870666503906	damage	0.3155021667480469	0.00014495849609375	positive	-0.3155021667480469	stable_correct	same_resolved_direction
CMAD-MT-Q3-N-D10	CMAD-MT-Q3	N-D10	secondary	explanatory_supplement	3.8652915954589844	0.0009002685546875	positive	-3.8652915954589844	stable_correct	4.7712249755859375	0.0005950927734375	positive	-4.7712249755859375	stable_correct	1.3243389129638672	0.00014495849609375	positive	-1.3243389129638672	stable_correct	same_resolved_direction
CMAD-MT-Q3-R-L0-W0	CMAD-MT-Q3	R-L0-W0	secondary	explanatory_supplement	3.223217010498047	0.0009002685546875	positive	-3.223217010498047	stable_correct	4.6597137451171875	0.0005950927734375	positive	-4.6597137451171875	stable_correct	0.17331695556640625	0.00014495849609375	positive	-0.17331695556640625	stable_correct	same_resolved_direction
CMAD-MT-Q3-R-L0-W1	CMAD-MT-Q3	R-L0-W1	secondary	explanatory_supplement	0.3749885559082031	0.0009002685546875	positive	-0.3749885559082031	stable_correct	-1.6961669921875	0.0005950927734375	negative	1.6961669921875	stable_correct	-0.00608062744140625	0.00014495849609375	negative	0.00608062744140625	stable_correct	resolved_direction_conflict
CMAD-MT-Q3-R-L1-W0	CMAD-MT-Q3	R-L1-W0	secondary	explanatory_supplement	2.3398895263671875	0.0009002685546875	positive	-2.3398895263671875	stable_correct	-1.1025886535644531	0.0005950927734375	negative	1.1025886535644531	stable_correct	0.4276542663574219	0.00014495849609375	positive	-0.4276542663574219	stable_correct	resolved_direction_conflict
CMAD-MT-Q3-R-L1-W1	CMAD-MT-Q3	R-L1-W1	secondary	explanatory_supplement	3.131153106689453	0.0009002685546875	positive	-3.131153106689453	stable_correct	-4.093547821044922	0.0005950927734375	negative	4.093547821044922	repair	1.0936641693115234	0.00014495849609375	positive	-1.0936641693115234	stable_correct	resolved_direction_conflict
CMAD-MT-Q3-R-L2-W0	CMAD-MT-Q3	R-L2-W0	secondary	explanatory_supplement	3.9160842895507812	0.0009002685546875	positive	-3.9160842895507812	stable_correct	5.17718505859375	0.0005950927734375	positive	-5.17718505859375	stable_correct	0.7663536071777344	0.00014495849609375	positive	-0.7663536071777344	stable_correct	same_resolved_direction
CMAD-MT-Q3-R-L2-W1	CMAD-MT-Q3	R-L2-W1	secondary	explanatory_supplement	3.1713333129882812	0.0009002685546875	positive	-3.1713333129882812	stable_correct	11.180233001708984	0.0005950927734375	positive	-11.180233001708984	stable_correct	0.7216014862060547	0.00014495849609375	positive	-0.7216014862060547	stable_correct	same_resolved_direction
CMAD-MT-Q3-R-on-E-L1-W0	CMAD-MT-Q3	R-on-E-L1-W0	secondary	explanatory_supplement	-0.8833274841308594	0.001800537109375	negative	0.8833274841308594		-5.762302398681641	0.001190185546875	negative	5.762302398681641		0.2543373107910156	0.0002899169921875	positive	-0.2543373107910156		resolved_direction_conflict
CMAD-MT-Q3-R-on-E-L1-W1	CMAD-MT-Q3	R-on-E-L1-W1	secondary	explanatory_supplement	2.75616455078125	0.001800537109375	positive	-2.75616455078125		-2.397380828857422	0.001190185546875	negative	2.397380828857422		1.0997447967529297	0.0002899169921875	positive	-1.0997447967529297		resolved_direction_conflict
CMAD-MT-Q3-R-on-E-L2-W0	CMAD-MT-Q3	R-on-E-L2-W0	secondary	explanatory_supplement	0.6928672790527344	0.001800537109375	positive	-0.6928672790527344		0.5174713134765625	0.001190185546875	positive	-0.5174713134765625		0.5930366516113281	0.0002899169921875	positive	-0.5930366516113281		same_resolved_direction
CMAD-MT-Q3-R-on-E-L2-W1	CMAD-MT-Q3	R-on-E-L2-W1	secondary	explanatory_supplement	2.796344757080078	0.001800537109375	positive	-2.796344757080078		12.876399993896484	0.001190185546875	positive	-12.876399993896484		0.7276821136474609	0.0002899169921875	positive	-0.7276821136474609		same_resolved_direction
CMAD-MT-Q3-RW-L0	CMAD-MT-Q3	RW-L0	secondary	explanatory_supplement	-2.8482284545898438	0.001800537109375	negative	2.8482284545898438		-6.3558807373046875	0.001190185546875	negative	6.3558807373046875		-0.1793975830078125	0.0002899169921875	negative	0.1793975830078125		same_resolved_direction
CMAD-MT-Q3-RW-L1	CMAD-MT-Q3	RW-L1	secondary	explanatory_supplement	0.7912635803222656	0.001800537109375	positive	-0.7912635803222656		-2.9909591674804688	0.001190185546875	negative	2.9909591674804688		0.6660099029541016	0.0002899169921875	positive	-0.6660099029541016		resolved_direction_conflict
CMAD-MT-Q3-RW-L2	CMAD-MT-Q3	RW-L2	secondary	explanatory_supplement	-0.7447509765625	0.001800537109375	negative	0.7447509765625		6.003047943115234	0.001190185546875	positive	-6.003047943115234		-0.04475212097167969	0.0002899169921875	negative	0.04475212097167969		resolved_direction_conflict
CMAD-MT-Q3-Swap-L0-D01	CMAD-MT-Q3	Swap-L0-D01	secondary	explanatory_supplement	5.8260345458984375	0.0009002685546875	positive	-5.8260345458984375	stable_correct	-1.8904838562011719	0.0005950927734375	negative	1.8904838562011719	stable_correct	1.0797710418701172	0.00014495849609375	positive	-1.0797710418701172	stable_correct	resolved_direction_conflict
CMAD-MT-Q3-Swap-L0-D10	CMAD-MT-Q3	Swap-L0-D10	secondary	explanatory_supplement	0.6141891479492188	0.0009002685546875	positive	-0.6141891479492188	stable_correct	-4.219024658203125	0.0005950927734375	negative	4.219024658203125	stable_correct	0.01265716552734375	0.00014495849609375	positive	-0.01265716552734375	stable_correct	resolved_direction_conflict
CMAD-MT-Q3-Swap-L1-D01	CMAD-MT-Q3	Swap-L1-D01	secondary	explanatory_supplement	6.4122467041015625	0.0009002685546875	positive	-6.4122467041015625	stable_correct	-2.194366455078125	0.0005950927734375	negative	2.194366455078125	repair	1.3812427520751953	0.00014495849609375	positive	-1.3812427520751953	stable_correct	resolved_direction_conflict
CMAD-MT-Q3-Swap-L1-D10	CMAD-MT-Q3	Swap-L1-D10	secondary	explanatory_supplement	1.1145744323730469	0.0009002685546875	positive	-1.1145744323730469	stable_correct	-3.080577850341797	0.0005950927734375	negative	3.080577850341797	stable_correct	-0.24478912353515625	0.00014495849609375	negative	0.24478912353515625	stable_correct	resolved_direction_conflict
CMAD-MT-Q3-Swap-L2-D01	CMAD-MT-Q3	Swap-L2-D01	secondary	explanatory_supplement	3.4375152587890625	0.0009002685546875	positive	-3.4375152587890625	stable_correct	0.602294921875	0.0005950927734375	positive	-0.602294921875	stable_correct	0.5762348175048828	0.00014495849609375	positive	-0.5762348175048828	stable_correct	same_resolved_direction
CMAD-MT-Q3-Swap-L2-D10	CMAD-MT-Q3	Swap-L2-D10	secondary	explanatory_supplement	-1.31439208984375	0.0009002685546875	negative	1.31439208984375	stable_correct	-8.407108306884766	0.0005950927734375	negative	8.407108306884766	stable_correct	-0.4785881042480469	0.00014495849609375	negative	0.4785881042480469	stable_correct	same_resolved_direction
CMAD-MT-Q3-Swap-on-E-L1-D01	CMAD-MT-Q3	Swap-on-E-L1-D01	secondary	explanatory_supplement	0.586212158203125	0.001800537109375	positive	-0.586212158203125		-0.3038825988769531	0.001190185546875	negative	0.3038825988769531		0.3014717102050781	0.0002899169921875	positive	-0.3014717102050781		resolved_direction_conflict
CMAD-MT-Q3-Swap-on-E-L1-D10	CMAD-MT-Q3	Swap-on-E-L1-D10	secondary	explanatory_supplement	0.5003852844238281	0.001800537109375	positive	-0.5003852844238281		1.1384468078613281	0.001190185546875	positive	-1.1384468078613281		-0.2574462890625	0.0002899169921875	negative	0.2574462890625		resolved_direction_conflict
CMAD-MT-Q3-Swap-on-E-L2-D01	CMAD-MT-Q3	Swap-on-E-L2-D01	secondary	explanatory_supplement	-2.388519287109375	0.001800537109375	negative	2.388519287109375		2.492778778076172	0.001190185546875	positive	-2.492778778076172		-0.5035362243652344	0.0002899169921875	negative	0.5035362243652344		resolved_direction_conflict
CMAD-MT-Q3-Swap-on-E-L2-D10	CMAD-MT-Q3	Swap-on-E-L2-D10	secondary	explanatory_supplement	-1.9285812377929688	0.001800537109375	negative	1.9285812377929688		-4.188083648681641	0.001190185546875	negative	4.188083648681641		-0.4912452697753906	0.0002899169921875	negative	0.4912452697753906		same_resolved_direction
CMAD-MT-Q3-W-L0-R0	CMAD-MT-Q3	W-L0-R0	secondary	explanatory_supplement	6.5802154541015625	0.0009002685546875	positive	-6.5802154541015625	stable_correct	12.926368713378906	0.0005950927734375	positive	-12.926368713378906	stable_correct	0.8919124603271484	0.00014495849609375	positive	-0.8919124603271484	stable_correct	same_resolved_direction
CMAD-MT-Q3-W-L0-R1	CMAD-MT-Q3	W-L0-R1	secondary	explanatory_supplement	3.7319869995117188	0.0009002685546875	positive	-3.7319869995117188	stable_correct	6.570487976074219	0.0005950927734375	positive	-6.570487976074219	stable_correct	0.7125148773193359	0.00014495849609375	positive	-0.7125148773193359	stable_correct	same_resolved_direction
CMAD-MT-Q3-W-L1-R0	CMAD-MT-Q3	W-L1-R0	secondary	explanatory_supplement	1.1823616027832031	0.0009002685546875	positive	-1.1823616027832031	stable_correct	5.566925048828125	0.0005950927734375	positive	-5.566925048828125	damage	0.022329330444335938	0.00014495849609375	positive	-0.022329330444335938	stable_correct	same_resolved_direction
CMAD-MT-Q3-W-L1-R1	CMAD-MT-Q3	W-L1-R1	secondary	explanatory_supplement	1.9736251831054688	0.0009002685546875	positive	-1.9736251831054688	stable_correct	2.5759658813476562	0.0005950927734375	positive	-2.5759658813476562	stable_correct	0.6883392333984375	0.00014495849609375	positive	-0.6883392333984375	stable_correct	same_resolved_direction
CMAD-MT-Q3-W-L2-R0	CMAD-MT-Q3	W-L2-R0	secondary	explanatory_supplement	1.7558250427246094	0.0009002685546875	positive	-1.7558250427246094	stable_correct	0.123077392578125	0.0005950927734375	positive	-0.123077392578125	stable_correct	0.24093246459960938	0.00014495849609375	positive	-0.24093246459960938	stable_correct	same_resolved_direction
CMAD-MT-Q3-W-L2-R1	CMAD-MT-Q3	W-L2-R1	secondary	explanatory_supplement	1.0110740661621094	0.0009002685546875	positive	-1.0110740661621094	stable_correct	6.126125335693359	0.0005950927734375	positive	-6.126125335693359	stable_correct	0.1961803436279297	0.00014495849609375	positive	-0.1961803436279297	stable_correct	same_resolved_direction
CMAD-MT-Q3-W-on-E-L1-R0	CMAD-MT-Q3	W-on-E-L1-R0	secondary	explanatory_supplement	-5.397853851318359	0.001800537109375	negative	5.397853851318359		-7.359443664550781	0.001190185546875	negative	7.359443664550781		-0.8695831298828125	0.0002899169921875	negative	0.8695831298828125		same_resolved_direction
CMAD-MT-Q3-W-on-E-L1-R1	CMAD-MT-Q3	W-on-E-L1-R1	secondary	explanatory_supplement	-1.75836181640625	0.001800537109375	negative	1.75836181640625		-3.9945220947265625	0.001190185546875	negative	3.9945220947265625		-0.024175643920898438	0.0002899169921875	negative	0.024175643920898438		same_resolved_direction
CMAD-MT-Q3-W-on-E-L2-R0	CMAD-MT-Q3	W-on-E-L2-R0	secondary	explanatory_supplement	-4.824390411376953	0.001800537109375	negative	4.824390411376953		-12.803291320800781	0.001190185546875	negative	12.803291320800781		-0.6509799957275391	0.0002899169921875	negative	0.6509799957275391		same_resolved_direction
CMAD-MT-Q3-W-on-E-L2-R1	CMAD-MT-Q3	W-on-E-L2-R1	secondary	explanatory_supplement	-2.7209129333496094	0.001800537109375	negative	2.7209129333496094		-0.4443626403808594	0.001190185546875	negative	0.4443626403808594		-0.5163345336914062	0.0002899169921875	negative	0.5163345336914062		same_resolved_direction
CMAD-MT-Q4-D-L0-D00	CMAD-MT-Q4	D-L0-D00	secondary	explanatory_supplement	-1.5870380401611328	0.0009002685546875	negative	1.5870380401611328	stable_correct	-1.6058998107910156	0.0005950927734375	negative	1.6058998107910156	stable_correct	-0.19186973571777344	0.00014495849609375	negative	0.19186973571777344	stable_correct	same_resolved_direction
CMAD-MT-Q4-D-L0-D01	CMAD-MT-Q4	D-L0-D01	secondary	explanatory_supplement	5.950651168823242	0.0009002685546875	positive	-5.950651168823242	stable_correct	4.336187362670898	0.0005950927734375	positive	-4.336187362670898	stable_correct	0.22490692138671875	0.00014495849609375	positive	-0.22490692138671875	stable_correct	same_resolved_direction
CMAD-MT-Q4-D-L0-D10	CMAD-MT-Q4	D-L0-D10	secondary	explanatory_supplement	4.307516098022461	0.0009002685546875	positive	-4.307516098022461	stable_correct	2.3236522674560547	0.0005950927734375	positive	-2.3236522674560547	stable_correct	-0.22093582153320312	0.00014495849609375	negative	0.22093582153320312	stable_correct	resolved_direction_conflict
CMAD-MT-Q4-D-L0-D11	CMAD-MT-Q4	D-L0-D11	secondary	explanatory_supplement	8.501699447631836	0.0009002685546875	positive	-8.501699447631836	stable_correct	11.763273239135742	0.0005950927734375	positive	-11.763273239135742	stable_correct	0.46714019775390625	0.00014495849609375	positive	-0.46714019775390625	stable_correct	same_resolved_direction
CMAD-MT-Q4-D-L1-D00	CMAD-MT-Q4	D-L1-D00	secondary	explanatory_supplement	-1.3514213562011719	0.0009002685546875	negative	1.3514213562011719	stable_correct	5.209835052490234	0.0005950927734375	positive	-5.209835052490234	stable_correct	-0.6223163604736328	0.00014495849609375	negative	0.6223163604736328	stable_correct	resolved_direction_conflict
CMAD-MT-Q4-D-L1-D01	CMAD-MT-Q4	D-L1-D01	secondary	explanatory_supplement	-0.46974945068359375	0.0009002685546875	negative	0.46974945068359375	stable_correct	6.5404510498046875	0.0005950927734375	positive	-6.5404510498046875	stable_correct	-0.4123058319091797	0.00014495849609375	negative	0.4123058319091797	stable_correct	resolved_direction_conflict
CMAD-MT-Q4-D-L1-D10	CMAD-MT-Q4	D-L1-D10	secondary	explanatory_supplement	2.2329940795898438	0.0009002685546875	positive	-2.2329940795898438	stable_correct	1.7805519104003906	0.0005950927734375	positive	-1.7805519104003906	stable_correct	-0.5901374816894531	0.00014495849609375	negative	0.5901374816894531	stable_correct	resolved_direction_conflict
CMAD-MT-Q4-D-L1-D11	CMAD-MT-Q4	D-L1-D11	secondary	explanatory_supplement	3.229297637939453	0.0009002685546875	positive	-3.229297637939453	stable_correct	3.565196990966797	0.0005950927734375	positive	-3.565196990966797	stable_correct	-0.1003570556640625	0.00014495849609375	negative	0.1003570556640625	stable_correct	resolved_direction_conflict
CMAD-MT-Q4-D-L2-D00	CMAD-MT-Q4	D-L2-D00	secondary	explanatory_supplement	0.9336280822753906	0.0009002685546875	positive	-0.9336280822753906	stable_correct	-1.3765068054199219	0.0005950927734375	negative	1.3765068054199219	stable_correct	-0.3002204895019531	0.00014495849609375	negative	0.3002204895019531	stable_correct	resolved_direction_conflict
CMAD-MT-Q4-D-L2-D01	CMAD-MT-Q4	D-L2-D01	secondary	explanatory_supplement	1.2452774047851562	0.0009002685546875	positive	-1.2452774047851562	stable_correct	-2.9950733184814453	0.0005950927734375	negative	2.9950733184814453	stable_correct	-0.1090240478515625	0.00014495849609375	negative	0.1090240478515625	stable_correct	resolved_direction_conflict
CMAD-MT-Q4-D-L2-D10	CMAD-MT-Q4	D-L2-D10	secondary	explanatory_supplement	2.7614097595214844	0.0009002685546875	positive	-2.7614097595214844	stable_correct	-0.020893096923828125	0.0005950927734375	negative	0.020893096923828125	stable_correct	-0.4217529296875	0.00014495849609375	negative	0.4217529296875	stable_correct	resolved_direction_conflict
CMAD-MT-Q4-D-L2-D11	CMAD-MT-Q4	D-L2-D11	secondary	explanatory_supplement	4.264675140380859	0.0009002685546875	positive	-4.264675140380859	stable_correct	5.200569152832031	0.0005950927734375	positive	-5.200569152832031	stable_correct	-0.22628021240234375	0.00014495849609375	negative	0.22628021240234375	stable_correct	resolved_direction_conflict
CMAD-MT-Q4-E-L1-D0	CMAD-MT-Q4	E-L1-D0	secondary	explanatory_supplement	3.225107192993164	0.0009002685546875	positive	-3.225107192993164	stable_correct	6.966413497924805	0.0005950927734375	positive	-6.966413497924805	stable_correct	1.0267143249511719	0.00014495849609375	positive	-1.0267143249511719	stable_correct	same_resolved_direction
CMAD-MT-Q4-E-L1-D00	CMAD-MT-Q4	E-L1-D00	secondary	explanatory_supplement	3.460723876953125	0.0009002685546875	positive	-3.460723876953125	stable_correct	13.782148361206055	0.0005950927734375	positive	-13.782148361206055	stable_correct	0.5962677001953125	0.00014495849609375	positive	-0.5962677001953125	stable_correct	same_resolved_direction
CMAD-MT-Q4-E-L1-D01	CMAD-MT-Q4	E-L1-D01	secondary	explanatory_supplement	-3.195293426513672	0.0009002685546875	negative	3.195293426513672	stable_correct	9.170677185058594	0.0005950927734375	positive	-9.170677185058594	stable_correct	0.38950157165527344	0.00014495849609375	positive	-0.38950157165527344	stable_correct	resolved_direction_conflict
CMAD-MT-Q4-E-L1-D10	CMAD-MT-Q4	E-L1-D10	secondary	explanatory_supplement	1.1505851745605469	0.0009002685546875	positive	-1.1505851745605469	stable_correct	6.423313140869141	0.0005950927734375	positive	-6.423313140869141	stable_correct	0.6575126647949219	0.00014495849609375	positive	-0.6575126647949219	stable_correct	same_resolved_direction
CMAD-MT-Q4-E-L1-D11	CMAD-MT-Q4	E-L1-D11	secondary	explanatory_supplement	-2.0472946166992188	0.0009002685546875	negative	2.0472946166992188	stable_correct	-1.2316627502441406	0.0005950927734375	negative	1.2316627502441406	stable_correct	0.4592170715332031	0.00014495849609375	positive	-0.4592170715332031	stable_correct	resolved_direction_conflict
CMAD-MT-Q4-E-L2-D0	CMAD-MT-Q4	E-L2-D0	secondary	explanatory_supplement	1.461679458618164	0.0009002685546875	positive	-1.461679458618164	stable_correct	0.48967933654785156	0.0005950927734375	positive	-0.48967933654785156	stable_correct	0.2440471649169922	0.00014495849609375	positive	-0.2440471649169922	stable_correct	same_resolved_direction
CMAD-MT-Q4-E-L2-D00	CMAD-MT-Q4	E-L2-D00	secondary	explanatory_supplement	3.9823455810546875	0.0009002685546875	positive	-3.9823455810546875	stable_correct	0.7190723419189453	0.0005950927734375	positive	-0.7190723419189453	stable_correct	0.1356964111328125	0.00014495849609375	positive	-0.1356964111328125	stable_correct	same_resolved_direction
CMAD-MT-Q4-E-L2-D01	CMAD-MT-Q4	E-L2-D01	secondary	explanatory_supplement	-3.243694305419922	0.0009002685546875	negative	3.243694305419922	stable_correct	-6.841581344604492	0.0005950927734375	negative	6.841581344604492	stable_correct	-0.08988380432128906	0.00014495849609375	negative	0.08988380432128906	stable_correct	same_resolved_direction
CMAD-MT-Q4-E-L2-D10	CMAD-MT-Q4	E-L2-D10	secondary	explanatory_supplement	-0.0844268798828125	0.0009002685546875	negative	0.0844268798828125	stable_correct	-1.8548660278320312	0.0005950927734375	negative	1.8548660278320312	stable_correct	0.04323005676269531	0.00014495849609375	positive	-0.04323005676269531	stable_correct	resolved_direction_conflict
CMAD-MT-Q4-E-L2-D11	CMAD-MT-Q4	E-L2-D11	secondary	explanatory_supplement	-2.7753448486328125	0.0009002685546875	negative	2.7753448486328125	stable_correct	-6.073024749755859	0.0005950927734375	negative	6.073024749755859	stable_correct	-0.4493732452392578	0.00014495849609375	negative	0.4493732452392578	stable_correct	same_resolved_direction
CMAD-MT-Q4-I-L1-D00	CMAD-MT-Q4	I-L1-D00	secondary	explanatory_supplement	0.23561668395996094	0.001800537109375	positive	-0.23561668395996094		6.81573486328125	0.001190185546875	positive	-6.81573486328125		-0.4304466247558594	0.0002899169921875	negative	0.4304466247558594		resolved_direction_conflict
CMAD-MT-Q4-I-L1-D01	CMAD-MT-Q4	I-L1-D01	secondary	explanatory_supplement	-6.420400619506836	0.001800537109375	negative	6.420400619506836		2.204263687133789	0.001190185546875	positive	-2.204263687133789		-0.6372127532958984	0.0002899169921875	negative	0.6372127532958984		resolved_direction_conflict
CMAD-MT-Q4-I-L1-D10	CMAD-MT-Q4	I-L1-D10	secondary	explanatory_supplement	-2.074522018432617	0.001800537109375	negative	2.074522018432617		-0.5431003570556641	0.001190185546875	negative	0.5431003570556641		-0.36920166015625	0.0002899169921875	negative	0.36920166015625		same_resolved_direction
CMAD-MT-Q4-I-L1-D11	CMAD-MT-Q4	I-L1-D11	secondary	explanatory_supplement	-5.272401809692383	0.001800537109375	negative	5.272401809692383		-8.198076248168945	0.001190185546875	negative	8.198076248168945		-0.5674972534179688	0.0002899169921875	negative	0.5674972534179688		same_resolved_direction
CMAD-MT-Q4-I-L2-D00	CMAD-MT-Q4	I-L2-D00	secondary	explanatory_supplement	2.5206661224365234	0.001800537109375	positive	-2.5206661224365234		0.22939300537109375	0.001190185546875	positive	-0.22939300537109375		-0.10835075378417969	0.0002899169921875	negative	0.10835075378417969		resolved_direction_conflict
CMAD-MT-Q4-I-L2-D01	CMAD-MT-Q4	I-L2-D01	secondary	explanatory_supplement	-4.705373764038086	0.001800537109375	negative	4.705373764038086		-7.331260681152344	0.001190185546875	negative	7.331260681152344		-0.33393096923828125	0.0002899169921875	negative	0.33393096923828125		same_resolved_direction
CMAD-MT-Q4-I-L2-D10	CMAD-MT-Q4	I-L2-D10	secondary	explanatory_supplement	-1.5461063385009766	0.001800537109375	negative	1.5461063385009766		-2.344545364379883	0.001190185546875	negative	2.344545364379883		-0.20081710815429688	0.0002899169921875	negative	0.20081710815429688		same_resolved_direction
CMAD-MT-Q4-I-L2-D11	CMAD-MT-Q4	I-L2-D11	secondary	explanatory_supplement	-4.237024307250977	0.001800537109375	negative	4.237024307250977		-6.562704086303711	0.001190185546875	negative	6.562704086303711		-0.69342041015625	0.0002899169921875	negative	0.69342041015625		same_resolved_direction
CMAD-MT-Q4-L-minus-N-L1-D0	CMAD-MT-Q4	L-minus-N-L1-D0	secondary	explanatory_supplement	-1.36163330078125	0.0009002685546875	negative	1.36163330078125	stable_correct	2.5194549560546875	0.0005950927734375	positive	-2.5194549560546875	stable_correct	-0.15161895751953125	0.00014495849609375	negative	0.15161895751953125	stable_correct	resolved_direction_conflict
CMAD-MT-Q4-L-minus-N-L1-D01	CMAD-MT-Q4	L-minus-N-L1-D01	secondary	explanatory_supplement	-2.1937713623046875	0.0009002685546875	negative	2.1937713623046875	stable_correct	1.1257553100585938	0.0005950927734375	positive	-1.1257553100585938	stable_correct	-0.16394615173339844	0.00014495849609375	negative	0.16394615173339844	stable_correct	resolved_direction_conflict
CMAD-MT-Q4-L-minus-N-L1-D10	CMAD-MT-Q4	L-minus-N-L1-D10	secondary	explanatory_supplement	-0.6141166687011719	0.0009002685546875	negative	0.6141166687011719	stable_correct	1.179412841796875	0.0005950927734375	positive	-1.179412841796875	stable_correct	-0.27336692810058594	0.00014495849609375	negative	0.27336692810058594	stable_correct	resolved_direction_conflict
CMAD-MT-Q4-L-minus-N-L2-D0	CMAD-MT-Q4	L-minus-N-L2-D0	secondary	explanatory_supplement	-3.12506103515625	0.0009002685546875	negative	3.12506103515625	stable_correct	-3.9572792053222656	0.0005950927734375	negative	3.9572792053222656	stable_correct	-0.9342861175537109	0.00014495849609375	negative	0.9342861175537109	stable_correct	same_resolved_direction
CMAD-MT-Q4-L-minus-N-L2-D01	CMAD-MT-Q4	L-minus-N-L2-D01	secondary	explanatory_supplement	-2.2421722412109375	0.0009002685546875	negative	2.2421722412109375	stable_correct	-14.886503219604492	0.0005950927734375	negative	14.886503219604492	stable_correct	-0.6433315277099609	0.00014495849609375	negative	0.6433315277099609	stable_correct	same_resolved_direction
CMAD-MT-Q4-L-minus-N-L2-D10	CMAD-MT-Q4	L-minus-N-L2-D10	secondary	explanatory_supplement	-1.8491287231445312	0.0009002685546875	negative	1.8491287231445312	stable_correct	-7.098766326904297	0.0005950927734375	negative	7.098766326904297	stable_correct	-0.8876495361328125	0.00014495849609375	negative	0.8876495361328125	stable_correct	same_resolved_direction
CMAD-MT-Q4-N-D0	CMAD-MT-Q4	N-D0	secondary	explanatory_supplement	4.586740493774414	0.0009002685546875	positive	-4.586740493774414	stable_correct	4.446958541870117	0.0005950927734375	positive	-4.446958541870117	stable_correct	1.1783332824707031	0.00014495849609375	positive	-1.1783332824707031	stable_correct	same_resolved_direction
CMAD-MT-Q4-N-D01	CMAD-MT-Q4	N-D01	secondary	explanatory_supplement	-1.0015220642089844	0.0009002685546875	negative	1.0015220642089844	stable_correct	8.044921875	0.0005950927734375	positive	-8.044921875	stable_correct	0.5534477233886719	0.00014495849609375	positive	-0.5534477233886719	stable_correct	resolved_direction_conflict
CMAD-MT-Q4-N-D10	CMAD-MT-Q4	N-D10	secondary	explanatory_supplement	1.7647018432617188	0.0009002685546875	positive	-1.7647018432617188	stable_correct	5.243900299072266	0.0005950927734375	positive	-5.243900299072266	stable_correct	0.9308795928955078	0.00014495849609375	positive	-0.9308795928955078	stable_correct	same_resolved_direction
CMAD-MT-Q4-R-L0-W0	CMAD-MT-Q4	R-L0-W0	secondary	explanatory_supplement	5.894554138183594	0.0009002685546875	positive	-5.894554138183594	stable_correct	3.9295520782470703	0.0005950927734375	positive	-3.9295520782470703	stable_correct	-0.029066085815429688	0.00014495849609375	negative	0.029066085815429688	stable_correct	resolved_direction_conflict
CMAD-MT-Q4-R-L0-W1	CMAD-MT-Q4	R-L0-W1	secondary	explanatory_supplement	2.5510482788085938	0.0009002685546875	positive	-2.5510482788085938	stable_correct	7.427085876464844	0.0005950927734375	positive	-7.427085876464844	stable_correct	0.2422332763671875	0.00014495849609375	positive	-0.2422332763671875	stable_correct	same_resolved_direction
CMAD-MT-Q4-R-L1-W0	CMAD-MT-Q4	R-L1-W0	secondary	explanatory_supplement	3.5844154357910156	0.0009002685546875	positive	-3.5844154357910156	stable_correct	-3.4292831420898438	0.0005950927734375	negative	3.4292831420898438	stable_correct	0.03217887878417969	0.00014495849609375	positive	-0.03217887878417969	stable_correct	resolved_direction_conflict
CMAD-MT-Q4-R-L1-W1	CMAD-MT-Q4	R-L1-W1	secondary	explanatory_supplement	3.699047088623047	0.0009002685546875	positive	-3.699047088623047	stable_correct	-2.9752540588378906	0.0005950927734375	negative	2.9752540588378906	stable_correct	0.3119487762451172	0.00014495849609375	positive	-0.3119487762451172	stable_correct	resolved_direction_conflict
CMAD-MT-Q4-R-L2-W0	CMAD-MT-Q4	R-L2-W0	secondary	explanatory_supplement	1.8277816772460938	0.0009002685546875	positive	-1.8277816772460938	stable_correct	1.3556137084960938	0.0005950927734375	positive	-1.3556137084960938	stable_correct	-0.12153244018554688	0.00014495849609375	negative	0.12153244018554688	stable_correct	resolved_direction_conflict
CMAD-MT-Q4-R-L2-W1	CMAD-MT-Q4	R-L2-W1	secondary	explanatory_supplement	3.019397735595703	0.0009002685546875	positive	-3.019397735595703	stable_correct	8.195642471313477	0.0005950927734375	positive	-8.195642471313477	stable_correct	-0.11725616455078125	0.00014495849609375	negative	0.11725616455078125	stable_correct	resolved_direction_conflict
CMAD-MT-Q4-R-on-E-L1-W0	CMAD-MT-Q4	R-on-E-L1-W0	secondary	explanatory_supplement	-2.310138702392578	0.001800537109375	negative	2.310138702392578		-7.358835220336914	0.001190185546875	negative	7.358835220336914		0.061244964599609375	0.0002899169921875	positive	-0.061244964599609375		resolved_direction_conflict
CMAD-MT-Q4-R-on-E-L1-W1	CMAD-MT-Q4	R-on-E-L1-W1	secondary	explanatory_supplement	1.1479988098144531	0.001800537109375	positive	-1.1479988098144531		-10.402339935302734	0.001190185546875	negative	10.402339935302734		0.06971549987792969	0.0002899169921875	positive	-0.06971549987792969		resolved_direction_conflict
CMAD-MT-Q4-R-on-E-L2-W0	CMAD-MT-Q4	R-on-E-L2-W0	secondary	explanatory_supplement	-4.0667724609375	0.001800537109375	negative	4.0667724609375		-2.5739383697509766	0.001190185546875	negative	2.5739383697509766		-0.09246635437011719	0.0002899169921875	negative	0.09246635437011719		same_resolved_direction
CMAD-MT-Q4-R-on-E-L2-W1	CMAD-MT-Q4	R-on-E-L2-W1	secondary	explanatory_supplement	0.4683494567871094	0.001800537109375	positive	-0.4683494567871094		0.7685565948486328	0.001190185546875	positive	-0.7685565948486328		-0.35948944091796875	0.0002899169921875	negative	0.35948944091796875		resolved_direction_conflict
CMAD-MT-Q4-RW-L0	CMAD-MT-Q4	RW-L0	secondary	explanatory_supplement	-3.343505859375	0.001800537109375	negative	3.343505859375		3.4975337982177734	0.001190185546875	positive	-3.4975337982177734		0.2712993621826172	0.0002899169921875	positive	-0.2712993621826172		resolved_direction_conflict
CMAD-MT-Q4-RW-L1	CMAD-MT-Q4	RW-L1	secondary	explanatory_supplement	0.11463165283203125	0.001800537109375	positive	-0.11463165283203125		0.4540290832519531	0.001190185546875	positive	-0.4540290832519531		0.2797698974609375	0.0002899169921875	positive	-0.2797698974609375		same_resolved_direction
CMAD-MT-Q4-RW-L2	CMAD-MT-Q4	RW-L2	secondary	explanatory_supplement	1.1916160583496094	0.001800537109375	positive	-1.1916160583496094		6.840028762817383	0.001190185546875	positive	-6.840028762817383		0.004276275634765625	0.0002899169921875	positive	-0.004276275634765625		same_resolved_direction
CMAD-MT-Q4-Swap-L0-D01	CMAD-MT-Q4	Swap-L0-D01	secondary	explanatory_supplement	5.443683624267578	0.0009002685546875	positive	-5.443683624267578	stable_correct	2.31072998046875	0.0005950927734375	positive	-2.31072998046875	stable_correct	1.7970027923583984	0.00014495849609375	positive	-1.7970027923583984	stable_correct	same_resolved_direction
CMAD-MT-Q4-Swap-L0-D10	CMAD-MT-Q4	Swap-L0-D10	secondary	explanatory_supplement	-0.3697967529296875	0.0009002685546875	negative	0.3697967529296875	stable_correct	-2.047914505004883	0.0005950927734375	negative	2.047914505004883	stable_correct	0.18636322021484375	0.00014495849609375	positive	-0.18636322021484375	stable_correct	resolved_direction_conflict
CMAD-MT-Q4-Swap-L1-D01	CMAD-MT-Q4	Swap-L1-D01	secondary	explanatory_supplement	5.2627105712890625	0.0009002685546875	positive	-5.2627105712890625	stable_correct	-2.9894561767578125	0.0005950927734375	negative	2.9894561767578125	stable_correct	1.5243148803710938	0.00014495849609375	positive	-1.5243148803710938	stable_correct	resolved_direction_conflict
CMAD-MT-Q4-Swap-L1-D10	CMAD-MT-Q4	Swap-L1-D10	secondary	explanatory_supplement	0.3482322692871094	0.0009002685546875	positive	-0.3482322692871094	stable_correct	-0.9556961059570312	0.0005950927734375	negative	0.9556961059570312	stable_correct	-0.29115867614746094	0.00014495849609375	negative	0.29115867614746094	stable_correct	resolved_direction_conflict
CMAD-MT-Q4-Swap-L2-D01	CMAD-MT-Q4	Swap-L2-D01	secondary	explanatory_supplement	3.9143028259277344	0.0009002685546875	positive	-3.9143028259277344	stable_correct	-0.3941497802734375	0.0005950927734375	negative	0.3941497802734375	stable_correct	0.7393360137939453	0.00014495849609375	positive	-0.7393360137939453	stable_correct	resolved_direction_conflict
CMAD-MT-Q4-Swap-L2-D10	CMAD-MT-Q4	Swap-L2-D10	secondary	explanatory_supplement	-1.3214759826660156	0.0009002685546875	negative	1.3214759826660156	stable_correct	-4.338033676147461	0.0005950927734375	negative	4.338033676147461	stable_correct	-0.24443817138671875	0.00014495849609375	negative	0.24443817138671875	stable_correct	same_resolved_direction
CMAD-MT-Q4-Swap-on-E-L1-D01	CMAD-MT-Q4	Swap-on-E-L1-D01	secondary	explanatory_supplement	-0.18097305297851562	0.001800537109375	negative	0.18097305297851562		-5.3001861572265625	0.001190185546875	negative	5.3001861572265625		-0.2726879119873047	0.0002899169921875	negative	0.2726879119873047		same_resolved_direction
CMAD-MT-Q4-Swap-on-E-L1-D10	CMAD-MT-Q4	Swap-on-E-L1-D10	secondary	explanatory_supplement	0.7180290222167969	0.001800537109375	positive	-0.7180290222167969		1.0922183990478516	0.001190185546875	positive	-1.0922183990478516		-0.4775218963623047	0.0002899169921875	negative	0.4775218963623047		resolved_direction_conflict
CMAD-MT-Q4-Swap-on-E-L2-D01	CMAD-MT-Q4	Swap-on-E-L2-D01	secondary	explanatory_supplement	-1.5293807983398438	0.001800537109375	negative	1.5293807983398438		-2.7048797607421875	0.001190185546875	negative	2.7048797607421875		-1.0576667785644531	0.0002899169921875	negative	1.0576667785644531		same_resolved_direction
CMAD-MT-Q4-Swap-on-E-L2-D10	CMAD-MT-Q4	Swap-on-E-L2-D10	secondary	explanatory_supplement	-0.9516792297363281	0.001800537109375	negative	0.9516792297363281		-2.290119171142578	0.001190185546875	negative	2.290119171142578		-0.4308013916015625	0.0002899169921875	negative	0.4308013916015625		same_resolved_direction
CMAD-MT-Q4-W-L0-R0	CMAD-MT-Q4	W-L0-R0	secondary	explanatory_supplement	7.537689208984375	0.0009002685546875	positive	-7.537689208984375	stable_correct	5.942087173461914	0.0005950927734375	positive	-5.942087173461914	stable_correct	0.4167766571044922	0.00014495849609375	positive	-0.4167766571044922	stable_correct	same_resolved_direction
CMAD-MT-Q4-W-L0-R1	CMAD-MT-Q4	W-L0-R1	secondary	explanatory_supplement	4.194183349609375	0.0009002685546875	positive	-4.194183349609375	stable_correct	9.439620971679688	0.0005950927734375	positive	-9.439620971679688	stable_correct	0.6880760192871094	0.00014495849609375	positive	-0.6880760192871094	stable_correct	same_resolved_direction
CMAD-MT-Q4-W-L1-R0	CMAD-MT-Q4	W-L1-R0	secondary	explanatory_supplement	0.8816719055175781	0.0009002685546875	positive	-0.8816719055175781	stable_correct	1.3306159973144531	0.0005950927734375	positive	-1.3306159973144531	stable_correct	0.21001052856445312	0.00014495849609375	positive	-0.21001052856445312	stable_correct	same_resolved_direction
CMAD-MT-Q4-W-L1-R1	CMAD-MT-Q4	W-L1-R1	secondary	explanatory_supplement	0.9963035583496094	0.0009002685546875	positive	-0.9963035583496094	stable_correct	1.7846450805664062	0.0005950927734375	positive	-1.7846450805664062	stable_correct	0.4897804260253906	0.00014495849609375	positive	-0.4897804260253906	stable_correct	same_resolved_direction
CMAD-MT-Q4-W-L2-R0	CMAD-MT-Q4	W-L2-R0	secondary	explanatory_supplement	0.3116493225097656	0.0009002685546875	positive	-0.3116493225097656	stable_correct	-1.6185665130615234	0.0005950927734375	negative	1.6185665130615234	stable_correct	0.19119644165039062	0.00014495849609375	positive	-0.19119644165039062	stable_correct	resolved_direction_conflict
CMAD-MT-Q4-W-L2-R1	CMAD-MT-Q4	W-L2-R1	secondary	explanatory_supplement	1.503265380859375	0.0009002685546875	positive	-1.503265380859375	stable_correct	5.221462249755859	0.0005950927734375	positive	-5.221462249755859	stable_correct	0.19547271728515625	0.00014495849609375	positive	-0.19547271728515625	stable_correct	same_resolved_direction
CMAD-MT-Q4-W-on-E-L1-R0	CMAD-MT-Q4	W-on-E-L1-R0	secondary	explanatory_supplement	-6.656017303466797	0.001800537109375	negative	6.656017303466797		-4.611471176147461	0.001190185546875	negative	4.611471176147461		-0.20676612854003906	0.0002899169921875	negative	0.20676612854003906		same_resolved_direction
CMAD-MT-Q4-W-on-E-L1-R1	CMAD-MT-Q4	W-on-E-L1-R1	secondary	explanatory_supplement	-3.1978797912597656	0.001800537109375	negative	3.1978797912597656		-7.654975891113281	0.001190185546875	negative	7.654975891113281		-0.19829559326171875	0.0002899169921875	negative	0.19829559326171875		same_resolved_direction
CMAD-MT-Q4-W-on-E-L2-R0	CMAD-MT-Q4	W-on-E-L2-R0	secondary	explanatory_supplement	-7.226039886474609	0.001800537109375	negative	7.226039886474609		-7.5606536865234375	0.001190185546875	negative	7.5606536865234375		-0.22558021545410156	0.0002899169921875	negative	0.22558021545410156		same_resolved_direction
CMAD-MT-Q4-W-on-E-L2-R1	CMAD-MT-Q4	W-on-E-L2-R1	secondary	explanatory_supplement	-2.69091796875	0.001800537109375	negative	2.69091796875		-4.218158721923828	0.001190185546875	negative	4.218158721923828		-0.4926033020019531	0.0002899169921875	negative	0.4926033020019531		same_resolved_direction
CMAD-XC-Q1-D-L0-D00	CMAD-XC-Q1	D-L0-D00	secondary	naturalistic_primary_development	0.9571132659912109	0.0009002685546875	positive	0.9571132659912109	stable_correct	-1.0970001220703125	0.0005950927734375	negative	-1.0970001220703125	stable_correct	0.21066665649414062	0.00014495849609375	positive	0.21066665649414062	stable_correct	resolved_direction_conflict
CMAD-XC-Q1-D-L0-D01	CMAD-XC-Q1	D-L0-D01	secondary	naturalistic_primary_development	-4.546152114868164	0.0009002685546875	negative	-4.546152114868164	stable_correct	-2.8150367736816406	0.0005950927734375	negative	-2.8150367736816406	stable_correct	-0.48867130279541016	0.00014495849609375	negative	-0.48867130279541016	stable_correct	same_resolved_direction
CMAD-XC-Q1-D-L0-D10	CMAD-XC-Q1	D-L0-D10	secondary	naturalistic_primary_development	0.6383171081542969	0.0009002685546875	positive	0.6383171081542969	stable_correct	-1.8652935028076172	0.0005950927734375	negative	-1.8652935028076172	stable_correct	0.7660379409790039	0.00014495849609375	positive	0.7660379409790039	stable_correct	resolved_direction_conflict
CMAD-XC-Q1-D-L0-D11	CMAD-XC-Q1	D-L0-D11	secondary	naturalistic_primary_development	0.050937652587890625	0.0009002685546875	positive	0.050937652587890625	stable_correct	-1.8886432647705078	0.0005950927734375	negative	-1.8886432647705078	stable_correct	-0.3438119888305664	0.00014495849609375	negative	-0.3438119888305664	stable_correct	resolved_direction_conflict
CMAD-XC-Q1-D-L1-D00	CMAD-XC-Q1	D-L1-D00	secondary	naturalistic_primary_development	-0.3093852996826172	0.0009002685546875	negative	-0.3093852996826172	stable_correct	0.8766708374023438	0.0005950927734375	positive	0.8766708374023438	stable_correct	-0.911524772644043	0.00014495849609375	negative	-0.911524772644043	stable_correct	resolved_direction_conflict
CMAD-XC-Q1-D-L1-D01	CMAD-XC-Q1	D-L1-D01	secondary	naturalistic_primary_development	-0.741607666015625	0.0009002685546875	negative	-0.741607666015625	stable_correct	-1.0049972534179688	0.0005950927734375	negative	-1.0049972534179688	stable_correct	-2.3672618865966797	0.00014495849609375	negative	-2.3672618865966797	stable_correct	same_resolved_direction
CMAD-XC-Q1-D-L1-D10	CMAD-XC-Q1	D-L1-D10	secondary	naturalistic_primary_development	-1.7611198425292969	0.0009002685546875	negative	-1.7611198425292969	stable_correct	1.0870914459228516	0.0005950927734375	positive	1.0870914459228516	stable_correct	-0.9346446990966797	0.00014495849609375	negative	-0.9346446990966797	stable_correct	resolved_direction_conflict
CMAD-XC-Q1-D-L1-D11	CMAD-XC-Q1	D-L1-D11	secondary	naturalistic_primary_development	-1.6349163055419922	0.0009002685546875	negative	-1.6349163055419922	stable_correct	0.12977981567382812	0.0005950927734375	positive	0.12977981567382812	stable_correct	-1.512258529663086	0.00014495849609375	negative	-1.512258529663086	stable_correct	resolved_direction_conflict
CMAD-XC-Q1-D-L2-D00	CMAD-XC-Q1	D-L2-D00	secondary	naturalistic_primary_development	-0.2650642395019531	0.0009002685546875	negative	-0.2650642395019531	stable_correct	2.0558528900146484	0.0005950927734375	positive	2.0558528900146484	stable_correct	-2.135812759399414	0.00014495849609375	negative	-2.135812759399414	stable_correct	resolved_direction_conflict
CMAD-XC-Q1-D-L2-D01	CMAD-XC-Q1	D-L2-D01	secondary	naturalistic_primary_development	-2.1484622955322266	0.0009002685546875	negative	-2.1484622955322266	stable_correct	1.2344608306884766	0.0005950927734375	positive	1.2344608306884766	stable_correct	-2.907266616821289	0.00014495849609375	negative	-2.907266616821289	stable_correct	resolved_direction_conflict
CMAD-XC-Q1-D-L2-D10	CMAD-XC-Q1	D-L2-D10	secondary	naturalistic_primary_development	-3.738515853881836	0.0009002685546875	negative	-3.738515853881836	stable_correct	0.7288150787353516	0.0005950927734375	positive	0.7288150787353516	stable_correct	-1.835031509399414	0.00014495849609375	negative	-1.835031509399414	stable_correct	resolved_direction_conflict
CMAD-XC-Q1-D-L2-D11	CMAD-XC-Q1	D-L2-D11	secondary	naturalistic_primary_development	-4.054914474487305	0.0009002685546875	negative	-4.054914474487305	stable_correct	0.3435382843017578	0.0005950927734375	positive	0.3435382843017578	stable_correct	-2.5437145233154297	0.00014495849609375	negative	-2.5437145233154297	stable_correct	resolved_direction_conflict
CMAD-XC-Q1-E-L1-D0	CMAD-XC-Q1	E-L1-D0	primary	naturalistic_primary_development	-0.30240440368652344	0.0009002685546875	negative	-0.30240440368652344	stable_correct	-3.582315444946289	0.0005950927734375	negative	-3.582315444946289	stable_correct	-1.871490478515625	0.00014495849609375	negative	-1.871490478515625	stable_correct	same_resolved_direction
CMAD-XC-Q1-E-L1-D00	CMAD-XC-Q1	E-L1-D00	primary	naturalistic_primary_development	-1.5689029693603516	0.0009002685546875	negative	-1.5689029693603516	stable_correct	-1.6086444854736328	0.0005950927734375	negative	-1.6086444854736328	stable_correct	-2.9936819076538086	0.00014495849609375	negative	-2.9936819076538086	stable_correct	same_resolved_direction
CMAD-XC-Q1-E-L1-D01	CMAD-XC-Q1	E-L1-D01	primary	naturalistic_primary_development	3.5021400451660156	0.0009002685546875	positive	3.5021400451660156	stable_correct	-1.7722759246826172	0.0005950927734375	negative	-1.7722759246826172	stable_correct	-3.7500810623168945	0.00014495849609375	negative	-3.7500810623168945	stable_correct	resolved_direction_conflict
CMAD-XC-Q1-E-L1-D10	CMAD-XC-Q1	E-L1-D10	primary	naturalistic_primary_development	-2.701841354370117	0.0009002685546875	negative	-2.701841354370117	stable_correct	-0.6299304962158203	0.0005950927734375	negative	-0.6299304962158203	stable_correct	-3.5721731185913086	0.00014495849609375	negative	-3.5721731185913086	stable_correct	same_resolved_direction
CMAD-XC-Q1-E-L1-D11	CMAD-XC-Q1	E-L1-D11	primary	naturalistic_primary_development	-1.9882583618164062	0.0009002685546875	negative	-1.9882583618164062	stable_correct	-1.5638923645019531	0.0005950927734375	negative	-1.5638923645019531	stable_correct	-3.0399370193481445	0.00014495849609375	negative	-3.0399370193481445	stable_correct	same_resolved_direction
CMAD-XC-Q1-E-L2-D0	CMAD-XC-Q1	E-L2-D0	primary	naturalistic_primary_development	-5.042598724365234	0.0009002685546875	negative	-5.042598724365234	stable_correct	-5.245988845825195	0.0005950927734375	negative	-5.245988845825195	stable_correct	-1.833740234375	0.00014495849609375	negative	-1.833740234375	stable_correct	same_resolved_direction
CMAD-XC-Q1-E-L2-D00	CMAD-XC-Q1	E-L2-D00	primary	naturalistic_primary_development	-6.264776229858398	0.0009002685546875	negative	-6.264776229858398	stable_correct	-2.0931358337402344	0.0005950927734375	negative	-2.0931358337402344	stable_correct	-4.180219650268555	0.00014495849609375	negative	-4.180219650268555	stable_correct	same_resolved_direction
CMAD-XC-Q1-E-L2-D01	CMAD-XC-Q1	E-L2-D01	primary	naturalistic_primary_development	-2.644908905029297	0.0009002685546875	negative	-2.644908905029297	stable_correct	-1.1964912414550781	0.0005950927734375	negative	-1.1964912414550781	stable_correct	-4.252335548400879	0.00014495849609375	negative	-4.252335548400879	stable_correct	same_resolved_direction
CMAD-XC-Q1-E-L2-D10	CMAD-XC-Q1	E-L2-D10	primary	naturalistic_primary_development	-9.419431686401367	0.0009002685546875	negative	-9.419431686401367	stable_correct	-2.6518802642822266	0.0005950927734375	negative	-2.6518802642822266	stable_correct	-4.434809684753418	0.00014495849609375	negative	-4.434809684753418	stable_correct	same_resolved_direction
CMAD-XC-Q1-E-L2-D11	CMAD-XC-Q1	E-L2-D11	primary	naturalistic_primary_development	-9.14845085144043	0.0009002685546875	negative	-9.14845085144043	stable_correct	-3.0138072967529297	0.0005950927734375	negative	-3.0138072967529297	stable_correct	-4.033642768859863	0.00014495849609375	negative	-4.033642768859863	stable_correct	same_resolved_direction
CMAD-XC-Q1-I-L1-D00	CMAD-XC-Q1	I-L1-D00	primary	naturalistic_primary_development	-1.2664985656738281	0.001800537109375	negative	-1.2664985656738281		1.9736709594726562	0.001190185546875	positive	1.9736709594726562		-1.1221914291381836	0.0002899169921875	negative	-1.1221914291381836		resolved_direction_conflict
CMAD-XC-Q1-I-L1-D01	CMAD-XC-Q1	I-L1-D01	primary	naturalistic_primary_development	3.804544448852539	0.001800537109375	positive	3.804544448852539		1.8100395202636719	0.001190185546875	positive	1.8100395202636719		-1.8785905838012695	0.0002899169921875	negative	-1.8785905838012695		resolved_direction_conflict
CMAD-XC-Q1-I-L1-D10	CMAD-XC-Q1	I-L1-D10	primary	naturalistic_primary_development	-2.3994369506835938	0.001800537109375	negative	-2.3994369506835938		2.9523849487304688	0.001190185546875	positive	2.9523849487304688		-1.7006826400756836	0.0002899169921875	negative	-1.7006826400756836		resolved_direction_conflict
CMAD-XC-Q1-I-L1-D11	CMAD-XC-Q1	I-L1-D11	primary	naturalistic_primary_development	-1.6858539581298828	0.001800537109375	negative	-1.6858539581298828		2.018423080444336	0.001190185546875	positive	2.018423080444336		-1.1684465408325195	0.0002899169921875	negative	-1.1684465408325195		resolved_direction_conflict
CMAD-XC-Q1-I-L2-D00	CMAD-XC-Q1	I-L2-D00	primary	naturalistic_primary_development	-1.222177505493164	0.001800537109375	negative	-1.222177505493164		3.152853012084961	0.001190185546875	positive	3.152853012084961		-2.3464794158935547	0.0002899169921875	negative	-2.3464794158935547		resolved_direction_conflict
CMAD-XC-Q1-I-L2-D01	CMAD-XC-Q1	I-L2-D01	primary	naturalistic_primary_development	2.3976898193359375	0.001800537109375	positive	2.3976898193359375		4.049497604370117	0.001190185546875	positive	4.049497604370117		-2.418595314025879	0.0002899169921875	negative	-2.418595314025879		resolved_direction_conflict
CMAD-XC-Q1-I-L2-D10	CMAD-XC-Q1	I-L2-D10	primary	naturalistic_primary_development	-4.376832962036133	0.001800537109375	negative	-4.376832962036133		2.5941085815429688	0.001190185546875	positive	2.5941085815429688		-2.601069450378418	0.0002899169921875	negative	-2.601069450378418		resolved_direction_conflict
CMAD-XC-Q1-I-L2-D11	CMAD-XC-Q1	I-L2-D11	primary	naturalistic_primary_development	-4.105852127075195	0.001800537109375	negative	-4.105852127075195		2.2321815490722656	0.001190185546875	positive	2.2321815490722656		-2.1999025344848633	0.0002899169921875	negative	-2.1999025344848633		resolved_direction_conflict
CMAD-XC-Q1-L-minus-N-L1-D0	CMAD-XC-Q1	L-minus-N-L1-D0	secondary	naturalistic_primary_development	2.0997085571289062	0.0009002685546875	positive	2.0997085571289062	stable_correct	-0.27269554138183594	0.0005950927734375	negative	-0.27269554138183594	stable_correct	0.4508857727050781	0.00014495849609375	positive	0.4508857727050781	stable_correct	resolved_direction_conflict
CMAD-XC-Q1-L-minus-N-L1-D01	CMAD-XC-Q1	L-minus-N-L1-D01	secondary	naturalistic_primary_development	0.7453136444091797	0.0009002685546875	positive	0.7453136444091797	stable_correct	-1.2005901336669922	0.0005950927734375	negative	-1.2005901336669922	stable_correct	1.311044692993164	0.00014495849609375	positive	1.311044692993164	stable_correct	resolved_direction_conflict
CMAD-XC-Q1-L-minus-N-L1-D10	CMAD-XC-Q1	L-minus-N-L1-D10	secondary	naturalistic_primary_development	1.5682563781738281	0.0009002685546875	positive	1.5682563781738281	stable_correct	0.4287300109863281	0.0005950927734375	positive	0.4287300109863281	stable_correct	0.6780166625976562	0.00014495849609375	positive	0.6780166625976562	stable_correct	same_resolved_direction
CMAD-XC-Q1-L-minus-N-L2-D0	CMAD-XC-Q1	L-minus-N-L2-D0	secondary	naturalistic_primary_development	-2.6404857635498047	0.0009002685546875	negative	-2.6404857635498047	stable_correct	-1.9363689422607422	0.0005950927734375	negative	-1.9363689422607422	stable_correct	0.4886360168457031	0.00014495849609375	positive	0.4886360168457031	stable_correct	resolved_direction_conflict
CMAD-XC-Q1-L-minus-N-L2-D01	CMAD-XC-Q1	L-minus-N-L2-D01	secondary	naturalistic_primary_development	-5.401735305786133	0.0009002685546875	negative	-5.401735305786133	stable_correct	-0.6248054504394531	0.0005950927734375	negative	-0.6248054504394531	stable_correct	0.8087902069091797	0.00014495849609375	positive	0.8087902069091797	stable_correct	resolved_direction_conflict
CMAD-XC-Q1-L-minus-N-L2-D10	CMAD-XC-Q1	L-minus-N-L2-D10	secondary	naturalistic_primary_development	-5.149333953857422	0.0009002685546875	negative	-5.149333953857422	stable_correct	-1.5932197570800781	0.0005950927734375	negative	-1.5932197570800781	stable_correct	-0.18461990356445312	0.00014495849609375	negative	-0.18461990356445312	stable_correct	same_resolved_direction
CMAD-XC-Q1-N-D0	CMAD-XC-Q1	N-D0	secondary	naturalistic_primary_development	-2.4021129608154297	0.0009002685546875	negative	-2.4021129608154297	stable_correct	-3.309619903564453	0.0005950927734375	negative	-3.309619903564453	stable_correct	-2.322376251220703	0.00014495849609375	negative	-2.322376251220703	stable_correct	same_resolved_direction
CMAD-XC-Q1-N-D01	CMAD-XC-Q1	N-D01	secondary	naturalistic_primary_development	2.756826400756836	0.0009002685546875	positive	2.756826400756836	stable_correct	-0.571685791015625	0.0005950927734375	negative	-0.571685791015625	stable_correct	-5.061125755310059	0.00014495849609375	negative	-5.061125755310059	stable_correct	resolved_direction_conflict
CMAD-XC-Q1-N-D10	CMAD-XC-Q1	N-D10	secondary	naturalistic_primary_development	-4.270097732543945	0.0009002685546875	negative	-4.270097732543945	stable_correct	-1.0586605072021484	0.0005950927734375	negative	-1.0586605072021484	stable_correct	-4.250189781188965	0.00014495849609375	negative	-4.250189781188965	stable_correct	same_resolved_direction
CMAD-XC-Q1-R-L0-W0	CMAD-XC-Q1	R-L0-W0	secondary	naturalistic_primary_development	-0.31879615783691406	0.0009002685546875	negative	-0.31879615783691406	stable_correct	-0.7682933807373047	0.0005950927734375	negative	-0.7682933807373047	stable_correct	0.5553712844848633	0.00014495849609375	positive	0.5553712844848633	stable_correct	resolved_direction_conflict
CMAD-XC-Q1-R-L0-W1	CMAD-XC-Q1	R-L0-W1	secondary	naturalistic_primary_development	4.597089767456055	0.0009002685546875	positive	4.597089767456055	stable_correct	0.9263935089111328	0.0005950927734375	positive	0.9263935089111328	stable_correct	0.14485931396484375	0.00014495849609375	positive	0.14485931396484375	stable_correct	same_resolved_direction
CMAD-XC-Q1-R-L1-W0	CMAD-XC-Q1	R-L1-W0	secondary	naturalistic_primary_development	-1.4517345428466797	0.0009002685546875	negative	-1.4517345428466797	stable_correct	0.2104206085205078	0.0005950927734375	positive	0.2104206085205078	stable_correct	-0.02311992645263672	0.00014495849609375	negative	-0.02311992645263672	stable_correct	resolved_direction_conflict
CMAD-XC-Q1-R-L1-W1	CMAD-XC-Q1	R-L1-W1	secondary	naturalistic_primary_development	-0.8933086395263672	0.0009002685546875	negative	-0.8933086395263672	stable_correct	1.1347770690917969	0.0005950927734375	positive	1.1347770690917969	stable_correct	0.8550033569335938	0.00014495849609375	positive	0.8550033569335938	stable_correct	resolved_direction_conflict
CMAD-XC-Q1-R-L2-W0	CMAD-XC-Q1	R-L2-W0	secondary	naturalistic_primary_development	-3.473451614379883	0.0009002685546875	negative	-3.473451614379883	stable_correct	-1.3270378112792969	0.0005950927734375	negative	-1.3270378112792969	stable_correct	0.30078125	0.00014495849609375	positive	0.30078125	stable_correct	resolved_direction_conflict
CMAD-XC-Q1-R-L2-W1	CMAD-XC-Q1	R-L2-W1	secondary	naturalistic_primary_development	-1.9064521789550781	0.0009002685546875	negative	-1.9064521789550781	stable_correct	-0.8909225463867188	0.0005950927734375	negative	-0.8909225463867188	stable_correct	0.3635520935058594	0.00014495849609375	positive	0.3635520935058594	stable_correct	resolved_direction_conflict
CMAD-XC-Q1-R-on-E-L1-W0	CMAD-XC-Q1	R-on-E-L1-W0	primary	naturalistic_primary_development	-1.1329383850097656	0.001800537109375	negative	-1.1329383850097656		0.9787139892578125	0.001190185546875	positive	0.9787139892578125		-0.5784912109375	0.0002899169921875	negative	-0.5784912109375		resolved_direction_conflict
CMAD-XC-Q1-R-on-E-L1-W1	CMAD-XC-Q1	R-on-E-L1-W1	primary	naturalistic_primary_development	-5.490398406982422	0.001800537109375	negative	-5.490398406982422		0.20838356018066406	0.001190185546875	positive	0.20838356018066406		0.71014404296875	0.0002899169921875	positive	0.71014404296875		resolved_direction_conflict
CMAD-XC-Q1-R-on-E-L2-W0	CMAD-XC-Q1	R-on-E-L2-W0	primary	naturalistic_primary_development	-3.1546554565429688	0.001800537109375	negative	-3.1546554565429688		-0.5587444305419922	0.001190185546875	negative	-0.5587444305419922		-0.2545900344848633	0.0002899169921875	negative	-0.2545900344848633		same_resolved_direction
CMAD-XC-Q1-R-on-E-L2-W1	CMAD-XC-Q1	R-on-E-L2-W1	primary	naturalistic_primary_development	-6.503541946411133	0.001800537109375	negative	-6.503541946411133		-1.8173160552978516	0.001190185546875	negative	-1.8173160552978516		0.21869277954101562	0.0002899169921875	positive	0.21869277954101562		resolved_direction_conflict
CMAD-XC-Q1-RW-L0	CMAD-XC-Q1	RW-L0	secondary	naturalistic_primary_development	4.915885925292969	0.001800537109375	positive	4.915885925292969		1.6946868896484375	0.001190185546875	positive	1.6946868896484375		-0.41051197052001953	0.0002899169921875	negative	-0.41051197052001953		resolved_direction_conflict
CMAD-XC-Q1-RW-L1	CMAD-XC-Q1	RW-L1	secondary	naturalistic_primary_development	0.5584259033203125	0.001800537109375	positive	0.5584259033203125		0.9243564605712891	0.001190185546875	positive	0.9243564605712891		0.8781232833862305	0.0002899169921875	positive	0.8781232833862305		same_resolved_direction
CMAD-XC-Q1-RW-L2	CMAD-XC-Q1	RW-L2	secondary	naturalistic_primary_development	1.5669994354248047	0.001800537109375	positive	1.5669994354248047		0.4361152648925781	0.001190185546875	positive	0.4361152648925781		0.06277084350585938	0.0002899169921875	positive	0.06277084350585938		same_resolved_direction
CMAD-XC-Q1-Swap-L0-D01	CMAD-XC-Q1	Swap-L0-D01	secondary	naturalistic_primary_development	-5.027561187744141	0.0009002685546875	negative	-5.027561187744141	stable_correct	-1.6571407318115234	0.0005950927734375	negative	-1.6571407318115234	stable_correct	-1.4996747970581055	0.00014495849609375	negative	-1.4996747970581055	stable_correct	same_resolved_direction
CMAD-XC-Q1-Swap-L0-D10	CMAD-XC-Q1	Swap-L0-D10	secondary	naturalistic_primary_development	-5.160917282104492	0.0009002685546875	negative	-5.160917282104492	stable_correct	-2.080240249633789	0.0005950927734375	negative	-2.080240249633789	stable_correct	-1.2054882049560547	0.00014495849609375	negative	-1.2054882049560547	stable_correct	same_resolved_direction
CMAD-XC-Q1-Swap-L1-D01	CMAD-XC-Q1	Swap-L1-D01	secondary	naturalistic_primary_development	-4.875858306884766	0.0009002685546875	negative	-4.875858306884766	stable_correct	-2.8191699981689453	0.0005950927734375	negative	-2.8191699981689453	stable_correct	0.13585281372070312	0.00014495849609375	positive	0.13585281372070312	stable_correct	resolved_direction_conflict
CMAD-XC-Q1-Swap-L1-D10	CMAD-XC-Q1	Swap-L1-D10	secondary	naturalistic_primary_development	-3.841785430908203	0.0009002685546875	negative	-3.841785430908203	stable_correct	-1.690603256225586	0.0005950927734375	negative	-1.690603256225586	stable_correct	-0.35002613067626953	0.00014495849609375	negative	-0.35002613067626953	stable_correct	same_resolved_direction
CMAD-XC-Q1-Swap-L2-D01	CMAD-XC-Q1	Swap-L2-D01	secondary	naturalistic_primary_development	-3.3007659912109375	0.0009002685546875	negative	-3.3007659912109375	stable_correct	-3.3867874145507812	0.0005950927734375	negative	-3.3867874145507812	stable_correct	-0.06715011596679688	0.00014495849609375	negative	-0.06715011596679688	stable_correct	same_resolved_direction
CMAD-XC-Q1-Swap-L2-D10	CMAD-XC-Q1	Swap-L2-D10	secondary	naturalistic_primary_development	-3.8487205505371094	0.0009002685546875	negative	-3.8487205505371094	stable_correct	-1.6735992431640625	0.0005950927734375	negative	-1.6735992431640625	stable_correct	0.044765472412109375	0.00014495849609375	positive	0.044765472412109375	stable_correct	resolved_direction_conflict
CMAD-XC-Q1-Swap-on-E-L1-D01	CMAD-XC-Q1	Swap-on-E-L1-D01	secondary	naturalistic_primary_development	0.151702880859375	0.001800537109375	positive	0.151702880859375		-1.1620292663574219	0.001190185546875	negative	-1.1620292663574219		1.6355276107788086	0.0002899169921875	positive	1.6355276107788086		resolved_direction_conflict
CMAD-XC-Q1-Swap-on-E-L1-D10	CMAD-XC-Q1	Swap-on-E-L1-D10	secondary	naturalistic_primary_development	1.319131851196289	0.001800537109375	positive	1.319131851196289		0.3896369934082031	0.001190185546875	positive	0.3896369934082031		0.8554620742797852	0.0002899169921875	positive	0.8554620742797852		same_resolved_direction
CMAD-XC-Q1-Swap-on-E-L2-D01	CMAD-XC-Q1	Swap-on-E-L2-D01	secondary	naturalistic_primary_development	1.7267951965332031	0.001800537109375	positive	1.7267951965332031		-1.7296466827392578	0.001190185546875	negative	-1.7296466827392578		1.4325246810913086	0.0002899169921875	positive	1.4325246810913086		resolved_direction_conflict
CMAD-XC-Q1-Swap-on-E-L2-D10	CMAD-XC-Q1	Swap-on-E-L2-D10	secondary	naturalistic_primary_development	1.3121967315673828	0.001800537109375	positive	1.3121967315673828		0.40664100646972656	0.001190185546875	positive	0.40664100646972656		1.250253677368164	0.0002899169921875	positive	1.250253677368164		same_resolved_direction
CMAD-XC-Q1-W-L0-R0	CMAD-XC-Q1	W-L0-R0	secondary	naturalistic_primary_development	-5.503265380859375	0.0009002685546875	negative	-5.503265380859375	stable_correct	-1.7180366516113281	0.0005950927734375	negative	-1.7180366516113281	stable_correct	-0.6993379592895508	0.00014495849609375	negative	-0.6993379592895508	stable_correct	same_resolved_direction
CMAD-XC-Q1-W-L0-R1	CMAD-XC-Q1	W-L0-R1	secondary	naturalistic_primary_development	-0.5873794555664062	0.0009002685546875	negative	-0.5873794555664062	stable_correct	-0.023349761962890625	0.0005950927734375	negative	-0.023349761962890625	stable_correct	-1.1098499298095703	0.00014495849609375	negative	-1.1098499298095703	stable_correct	same_resolved_direction
CMAD-XC-Q1-W-L1-R0	CMAD-XC-Q1	W-L1-R0	secondary	naturalistic_primary_development	-0.4322223663330078	0.0009002685546875	negative	-0.4322223663330078	stable_correct	-1.8816680908203125	0.0005950927734375	negative	-1.8816680908203125	stable_correct	-1.4557371139526367	0.00014495849609375	negative	-1.4557371139526367	stable_correct	same_resolved_direction
CMAD-XC-Q1-W-L1-R1	CMAD-XC-Q1	W-L1-R1	secondary	naturalistic_primary_development	0.1262035369873047	0.0009002685546875	positive	0.1262035369873047	stable_correct	-0.9573116302490234	0.0005950927734375	negative	-0.9573116302490234	stable_correct	-0.5776138305664062	0.00014495849609375	negative	-0.5776138305664062	stable_correct	resolved_direction_conflict
CMAD-XC-Q1-W-L2-R0	CMAD-XC-Q1	W-L2-R0	secondary	naturalistic_primary_development	-1.8833980560302734	0.0009002685546875	negative	-1.8833980560302734	stable_correct	-0.8213920593261719	0.0005950927734375	negative	-0.8213920593261719	stable_correct	-0.771453857421875	0.00014495849609375	negative	-0.771453857421875	stable_correct	same_resolved_direction
CMAD-XC-Q1-W-L2-R1	CMAD-XC-Q1	W-L2-R1	secondary	naturalistic_primary_development	-0.31639862060546875	0.0009002685546875	negative	-0.31639862060546875	stable_correct	-0.38527679443359375	0.0005950927734375	negative	-0.38527679443359375	stable_correct	-0.7086830139160156	0.00014495849609375	negative	-0.7086830139160156	stable_correct	same_resolved_direction
CMAD-XC-Q1-W-on-E-L1-R0	CMAD-XC-Q1	W-on-E-L1-R0	primary	naturalistic_primary_development	5.071043014526367	0.001800537109375	positive	5.071043014526367		-0.16363143920898438	0.001190185546875	negative	-0.16363143920898438		-0.7563991546630859	0.0002899169921875	negative	-0.7563991546630859		resolved_direction_conflict
CMAD-XC-Q1-W-on-E-L1-R1	CMAD-XC-Q1	W-on-E-L1-R1	primary	naturalistic_primary_development	0.7135829925537109	0.001800537109375	positive	0.7135829925537109		-0.9339618682861328	0.001190185546875	negative	-0.9339618682861328		0.5322360992431641	0.0002899169921875	positive	0.5322360992431641		resolved_direction_conflict
CMAD-XC-Q1-W-on-E-L2-R0	CMAD-XC-Q1	W-on-E-L2-R0	primary	naturalistic_primary_development	3.6198673248291016	0.001800537109375	positive	3.6198673248291016		0.8966445922851562	0.001190185546875	positive	0.8966445922851562		-0.07211589813232422	0.0002899169921875	negative	-0.07211589813232422		resolved_direction_conflict
CMAD-XC-Q1-W-on-E-L2-R1	CMAD-XC-Q1	W-on-E-L2-R1	primary	naturalistic_primary_development	0.2709808349609375	0.001800537109375	positive	0.2709808349609375		-0.3619270324707031	0.001190185546875	negative	-0.3619270324707031		0.4011669158935547	0.0002899169921875	positive	0.4011669158935547		resolved_direction_conflict
CMAD-XC-Q2-D-L0-D00	CMAD-XC-Q2	D-L0-D00	secondary	naturalistic_primary_development	0.3663291931152344	0.0009002685546875	positive	0.3663291931152344	stable_correct	-1.0057334899902344	0.0005950927734375	negative	-1.0057334899902344	stable_correct	1.2145767211914062	0.00014495849609375	positive	1.2145767211914062	stable_correct	resolved_direction_conflict
CMAD-XC-Q2-D-L0-D01	CMAD-XC-Q2	D-L0-D01	secondary	naturalistic_primary_development	-4.088743209838867	0.0009002685546875	negative	-4.088743209838867	stable_correct	-1.7842540740966797	0.0005950927734375	negative	-1.7842540740966797	stable_correct	-0.38832759857177734	0.00014495849609375	negative	-0.38832759857177734	stable_correct	same_resolved_direction
CMAD-XC-Q2-D-L0-D10	CMAD-XC-Q2	D-L0-D10	secondary	naturalistic_primary_development	-0.6193389892578125	0.0009002685546875	negative	-0.6193389892578125	stable_correct	-0.6909217834472656	0.0005950927734375	negative	-0.6909217834472656	stable_correct	1.8179864883422852	0.00014495849609375	positive	1.8179864883422852	stable_correct	resolved_direction_conflict
CMAD-XC-Q2-D-L0-D11	CMAD-XC-Q2	D-L0-D11	secondary	naturalistic_primary_development	0.022098541259765625	0.0009002685546875	positive	0.022098541259765625	stable_correct	-0.8180770874023438	0.0005950927734375	negative	-0.8180770874023438	stable_correct	1.4955682754516602	0.00014495849609375	positive	1.4955682754516602	stable_correct	resolved_direction_conflict
CMAD-XC-Q2-D-L1-D00	CMAD-XC-Q2	D-L1-D00	secondary	naturalistic_primary_development	-1.3070621490478516	0.0009002685546875	negative	-1.3070621490478516	stable_correct	0.6192054748535156	0.0005950927734375	positive	0.6192054748535156	stable_correct	-0.5918407440185547	0.00014495849609375	negative	-0.5918407440185547	stable_correct	resolved_direction_conflict
CMAD-XC-Q2-D-L1-D01	CMAD-XC-Q2	D-L1-D01	secondary	naturalistic_primary_development	-2.2845115661621094	0.0009002685546875	negative	-2.2845115661621094	stable_correct	0.9221858978271484	0.0005950927734375	positive	0.9221858978271484	stable_correct	-1.9780778884887695	0.00014495849609375	negative	-1.9780778884887695	stable_correct	resolved_direction_conflict
CMAD-XC-Q2-D-L1-D10	CMAD-XC-Q2	D-L1-D10	secondary	naturalistic_primary_development	-2.4997482299804688	0.0009002685546875	negative	-2.4997482299804688	stable_correct	-0.1508941650390625	0.0005950927734375	negative	-0.1508941650390625	stable_correct	0.04832172393798828	0.00014495849609375	positive	0.04832172393798828	stable_correct	resolved_direction_conflict
CMAD-XC-Q2-D-L1-D11	CMAD-XC-Q2	D-L1-D11	secondary	naturalistic_primary_development	-1.357330322265625	0.0009002685546875	negative	-1.357330322265625	stable_correct	0.2594566345214844	0.0005950927734375	positive	0.2594566345214844	stable_correct	-0.28727149963378906	0.00014495849609375	negative	-0.28727149963378906	stable_correct	resolved_direction_conflict
CMAD-XC-Q2-D-L2-D00	CMAD-XC-Q2	D-L2-D00	secondary	naturalistic_primary_development	-0.7506961822509766	0.0009002685546875	negative	-0.7506961822509766	stable_correct	-0.1826648712158203	0.0005950927734375	negative	-0.1826648712158203	stable_correct	-0.1684093475341797	0.00014495849609375	negative	-0.1684093475341797	stable_correct	same_resolved_direction
CMAD-XC-Q2-D-L2-D01	CMAD-XC-Q2	D-L2-D01	secondary	naturalistic_primary_development	-2.1515369415283203	0.0009002685546875	negative	-2.1515369415283203	stable_correct	0.700225830078125	0.0005950927734375	positive	0.700225830078125	stable_correct	-0.6894493103027344	0.00014495849609375	negative	-0.6894493103027344	stable_correct	resolved_direction_conflict
CMAD-XC-Q2-D-L2-D10	CMAD-XC-Q2	D-L2-D10	secondary	naturalistic_primary_development	-3.848691940307617	0.0009002685546875	negative	-3.848691940307617	stable_correct	-1.073476791381836	0.0005950927734375	negative	-1.073476791381836	stable_correct	0.7345848083496094	0.00014495849609375	positive	0.7345848083496094	stable_correct	resolved_direction_conflict
CMAD-XC-Q2-D-L2-D11	CMAD-XC-Q2	D-L2-D11	secondary	naturalistic_primary_development	-1.5185680389404297	0.0009002685546875	negative	-1.5185680389404297	stable_correct	0.08141326904296875	0.0005950927734375	positive	0.08141326904296875	stable_correct	0.6785736083984375	0.00014495849609375	positive	0.6785736083984375	stable_correct	resolved_direction_conflict
CMAD-XC-Q2-E-L1-D0	CMAD-XC-Q2	E-L1-D0	primary	naturalistic_primary_development	-1.6167869567871094	0.0009002685546875	negative	-1.6167869567871094	stable_correct	-1.7132148742675781	0.0005950927734375	negative	-1.7132148742675781	stable_correct	-0.7146673202514648	0.00014495849609375	negative	-0.7146673202514648	stable_correct	same_resolved_direction
CMAD-XC-Q2-E-L1-D00	CMAD-XC-Q2	E-L1-D00	primary	naturalistic_primary_development	-3.2901782989501953	0.0009002685546875	negative	-3.2901782989501953	stable_correct	-0.08827590942382812	0.0005950927734375	negative	-0.08827590942382812	stable_correct	-2.521084785461426	0.00014495849609375	negative	-2.521084785461426	stable_correct	same_resolved_direction
CMAD-XC-Q2-E-L1-D01	CMAD-XC-Q2	E-L1-D01	primary	naturalistic_primary_development	0.18744468688964844	0.0009002685546875	positive	0.18744468688964844	stable_correct	0.99322509765625	0.0005950927734375	positive	0.99322509765625	stable_correct	-2.304417610168457	0.00014495849609375	negative	-2.304417610168457	stable_correct	resolved_direction_conflict
CMAD-XC-Q2-E-L1-D10	CMAD-XC-Q2	E-L1-D10	primary	naturalistic_primary_development	-3.4971961975097656	0.0009002685546875	negative	-3.4971961975097656	stable_correct	-1.173187255859375	0.0005950927734375	negative	-1.173187255859375	stable_correct	-2.4843320846557617	0.00014495849609375	negative	-2.4843320846557617	stable_correct	same_resolved_direction
CMAD-XC-Q2-E-L1-D11	CMAD-XC-Q2	E-L1-D11	primary	naturalistic_primary_development	-2.9962158203125	0.0009002685546875	negative	-2.9962158203125	stable_correct	-0.63568115234375	0.0005950927734375	negative	-0.63568115234375	stable_correct	-2.497507095336914	0.00014495849609375	negative	-2.497507095336914	stable_correct	same_resolved_direction
CMAD-XC-Q2-E-L2-D0	CMAD-XC-Q2	E-L2-D0	primary	naturalistic_primary_development	-9.701265335083008	0.0009002685546875	negative	-9.701265335083008	stable_correct	-1.523508071899414	0.0005950927734375	negative	-1.523508071899414	stable_correct	-3.308713912963867	0.00014495849609375	negative	-3.308713912963867	stable_correct	same_resolved_direction
CMAD-XC-Q2-E-L2-D00	CMAD-XC-Q2	E-L2-D00	primary	naturalistic_primary_development	-10.818290710449219	0.0009002685546875	negative	-10.818290710449219	stable_correct	-0.700439453125	0.0005950927734375	negative	-0.700439453125	stable_correct	-4.691699981689453	0.00014495849609375	negative	-4.691699981689453	stable_correct	same_resolved_direction
CMAD-XC-Q2-E-L2-D01	CMAD-XC-Q2	E-L2-D01	primary	naturalistic_primary_development	-7.764059066772461	0.0009002685546875	negative	-7.764059066772461	stable_correct	0.9609718322753906	0.0005950927734375	positive	0.9609718322753906	stable_correct	-3.609835624694824	0.00014495849609375	negative	-3.609835624694824	stable_correct	resolved_direction_conflict
CMAD-XC-Q2-E-L2-D10	CMAD-XC-Q2	E-L2-D10	primary	naturalistic_primary_development	-12.930618286132812	0.0009002685546875	negative	-12.930618286132812	stable_correct	-1.9060630798339844	0.0005950927734375	negative	-1.9060630798339844	stable_correct	-4.392115592956543	0.00014495849609375	negative	-4.392115592956543	stable_correct	same_resolved_direction
CMAD-XC-Q2-E-L2-D11	CMAD-XC-Q2	E-L2-D11	primary	naturalistic_primary_development	-11.241931915283203	0.0009002685546875	negative	-11.241931915283203	stable_correct	-0.6240177154541016	0.0005950927734375	negative	-0.6240177154541016	stable_correct	-4.12570858001709	0.00014495849609375	negative	-4.12570858001709	stable_correct	same_resolved_direction
CMAD-XC-Q2-I-L1-D00	CMAD-XC-Q2	I-L1-D00	primary	naturalistic_primary_development	-1.673391342163086	0.001800537109375	negative	-1.673391342163086		1.62493896484375	0.001190185546875	positive	1.62493896484375		-1.806417465209961	0.0002899169921875	negative	-1.806417465209961		resolved_direction_conflict
CMAD-XC-Q2-I-L1-D01	CMAD-XC-Q2	I-L1-D01	primary	naturalistic_primary_development	1.8042316436767578	0.001800537109375	positive	1.8042316436767578		2.706439971923828	0.001190185546875	positive	2.706439971923828		-1.5897502899169922	0.0002899169921875	negative	-1.5897502899169922		resolved_direction_conflict
CMAD-XC-Q2-I-L1-D10	CMAD-XC-Q2	I-L1-D10	primary	naturalistic_primary_development	-1.8804092407226562	0.001800537109375	negative	-1.8804092407226562		0.5400276184082031	0.001190185546875	positive	0.5400276184082031		-1.7696647644042969	0.0002899169921875	negative	-1.7696647644042969		resolved_direction_conflict
CMAD-XC-Q2-I-L1-D11	CMAD-XC-Q2	I-L1-D11	primary	naturalistic_primary_development	-1.3794288635253906	0.001800537109375	negative	-1.3794288635253906		1.0775337219238281	0.001190185546875	positive	1.0775337219238281		-1.7828397750854492	0.0002899169921875	negative	-1.7828397750854492		resolved_direction_conflict
CMAD-XC-Q2-I-L2-D00	CMAD-XC-Q2	I-L2-D00	primary	naturalistic_primary_development	-1.117025375366211	0.001800537109375	negative	-1.117025375366211		0.8230686187744141	0.001190185546875	positive	0.8230686187744141		-1.382986068725586	0.0002899169921875	negative	-1.382986068725586		resolved_direction_conflict
CMAD-XC-Q2-I-L2-D01	CMAD-XC-Q2	I-L2-D01	primary	naturalistic_primary_development	1.9372062683105469	0.001800537109375	positive	1.9372062683105469		2.4844799041748047	0.001190185546875	positive	2.4844799041748047		-0.30112171173095703	0.0002899169921875	negative	-0.30112171173095703		resolved_direction_conflict
CMAD-XC-Q2-I-L2-D10	CMAD-XC-Q2	I-L2-D10	primary	naturalistic_primary_development	-3.2293529510498047	0.001800537109375	negative	-3.2293529510498047		-0.3825550079345703	0.001190185546875	negative	-0.3825550079345703		-1.0834016799926758	0.0002899169921875	negative	-1.0834016799926758		same_resolved_direction
CMAD-XC-Q2-I-L2-D11	CMAD-XC-Q2	I-L2-D11	primary	naturalistic_primary_development	-1.5406665802001953	0.001800537109375	negative	-1.5406665802001953		0.8994903564453125	0.001190185546875	positive	0.8994903564453125		-0.8169946670532227	0.0002899169921875	negative	-0.8169946670532227		resolved_direction_conflict
CMAD-XC-Q2-L-minus-N-L1-D0	CMAD-XC-Q2	L-minus-N-L1-D0	secondary	naturalistic_primary_development	1.993265151977539	0.0009002685546875	positive	1.993265151977539	stable_correct	-0.5006160736083984	0.0005950927734375	negative	-0.5006160736083984	stable_correct	1.7954225540161133	0.00014495849609375	positive	1.7954225540161133	stable_correct	resolved_direction_conflict
CMAD-XC-Q2-L-minus-N-L1-D01	CMAD-XC-Q2	L-minus-N-L1-D01	secondary	naturalistic_primary_development	1.5179519653320312	0.0009002685546875	positive	1.5179519653320312	stable_correct	-0.4819145202636719	0.0005950927734375	negative	-0.4819145202636719	stable_correct	1.587686538696289	0.00014495849609375	positive	1.587686538696289	stable_correct	resolved_direction_conflict
CMAD-XC-Q2-L-minus-N-L1-D10	CMAD-XC-Q2	L-minus-N-L1-D10	secondary	naturalistic_primary_development	2.3801803588867188	0.0009002685546875	positive	2.3801803588867188	stable_correct	0.26598167419433594	0.0005950927734375	positive	0.26598167419433594	stable_correct	1.538595199584961	0.00014495849609375	positive	1.538595199584961	stable_correct	same_resolved_direction
CMAD-XC-Q2-L-minus-N-L2-D0	CMAD-XC-Q2	L-minus-N-L2-D0	secondary	naturalistic_primary_development	-6.091213226318359	0.0009002685546875	negative	-6.091213226318359	stable_correct	-0.3109092712402344	0.0005950927734375	negative	-0.3109092712402344	stable_correct	-0.7986240386962891	0.00014495849609375	negative	-0.7986240386962891	stable_correct	same_resolved_direction
CMAD-XC-Q2-L-minus-N-L2-D01	CMAD-XC-Q2	L-minus-N-L2-D01	secondary	naturalistic_primary_development	-6.433551788330078	0.0009002685546875	negative	-6.433551788330078	stable_correct	-0.5141677856445312	0.0005950927734375	negative	-0.5141677856445312	stable_correct	0.2822685241699219	0.00014495849609375	positive	0.2822685241699219	stable_correct	resolved_direction_conflict
CMAD-XC-Q2-L-minus-N-L2-D10	CMAD-XC-Q2	L-minus-N-L2-D10	secondary	naturalistic_primary_development	-7.053241729736328	0.0009002685546875	negative	-7.053241729736328	stable_correct	-0.46689414978027344	0.0005950927734375	negative	-0.46689414978027344	stable_correct	-0.3691883087158203	0.00014495849609375	negative	-0.3691883087158203	stable_correct	same_resolved_direction
CMAD-XC-Q2-N-D0	CMAD-XC-Q2	N-D0	secondary	naturalistic_primary_development	-3.6100521087646484	0.0009002685546875	negative	-3.6100521087646484	stable_correct	-1.2125988006591797	0.0005950927734375	negative	-1.2125988006591797	stable_correct	-2.510089874267578	0.00014495849609375	negative	-2.510089874267578	stable_correct	same_resolved_direction
CMAD-XC-Q2-N-D01	CMAD-XC-Q2	N-D01	secondary	naturalistic_primary_development	-1.3305072784423828	0.0009002685546875	negative	-1.3305072784423828	stable_correct	1.4751396179199219	0.0005950927734375	positive	1.4751396179199219	stable_correct	-3.892104148864746	0.00014495849609375	negative	-3.892104148864746	stable_correct	resolved_direction_conflict
CMAD-XC-Q2-N-D10	CMAD-XC-Q2	N-D10	secondary	naturalistic_primary_development	-5.877376556396484	0.0009002685546875	negative	-5.877376556396484	stable_correct	-1.439168930053711	0.0005950927734375	negative	-1.439168930053711	stable_correct	-4.022927284240723	0.00014495849609375	negative	-4.022927284240723	stable_correct	same_resolved_direction
CMAD-XC-Q2-R-L0-W0	CMAD-XC-Q2	R-L0-W0	secondary	naturalistic_primary_development	-0.9856681823730469	0.0009002685546875	negative	-0.9856681823730469	stable_correct	0.31481170654296875	0.0005950927734375	positive	0.31481170654296875	stable_correct	0.6034097671508789	0.00014495849609375	positive	0.6034097671508789	stable_correct	resolved_direction_conflict
CMAD-XC-Q2-R-L0-W1	CMAD-XC-Q2	R-L0-W1	secondary	naturalistic_primary_development	4.110841751098633	0.0009002685546875	positive	4.110841751098633	stable_correct	0.9661769866943359	0.0005950927734375	positive	0.9661769866943359	stable_correct	1.8838958740234375	0.00014495849609375	positive	1.8838958740234375	stable_correct	same_resolved_direction
CMAD-XC-Q2-R-L1-W0	CMAD-XC-Q2	R-L1-W0	secondary	naturalistic_primary_development	-1.1926860809326172	0.0009002685546875	negative	-1.1926860809326172	stable_correct	-0.7700996398925781	0.0005950927734375	negative	-0.7700996398925781	stable_correct	0.640162467956543	0.00014495849609375	positive	0.640162467956543	stable_correct	resolved_direction_conflict
CMAD-XC-Q2-R-L1-W1	CMAD-XC-Q2	R-L1-W1	secondary	naturalistic_primary_development	0.9271812438964844	0.0009002685546875	positive	0.9271812438964844	stable_correct	-0.6627292633056641	0.0005950927734375	negative	-0.6627292633056641	stable_correct	1.6908063888549805	0.00014495849609375	positive	1.6908063888549805	stable_correct	resolved_direction_conflict
CMAD-XC-Q2-R-L2-W0	CMAD-XC-Q2	R-L2-W0	secondary	naturalistic_primary_development	-3.0979957580566406	0.0009002685546875	negative	-3.0979957580566406	stable_correct	-0.8908119201660156	0.0005950927734375	negative	-0.8908119201660156	stable_correct	0.9029941558837891	0.00014495849609375	positive	0.9029941558837891	stable_correct	resolved_direction_conflict
CMAD-XC-Q2-R-L2-W1	CMAD-XC-Q2	R-L2-W1	secondary	naturalistic_primary_development	0.6329689025878906	0.0009002685546875	positive	0.6329689025878906	stable_correct	-0.6188125610351562	0.0005950927734375	negative	-0.6188125610351562	stable_correct	1.3680229187011719	0.00014495849609375	positive	1.3680229187011719	stable_correct	resolved_direction_conflict
CMAD-XC-Q2-R-on-E-L1-W0	CMAD-XC-Q2	R-on-E-L1-W0	primary	naturalistic_primary_development	-0.2070178985595703	0.001800537109375	negative	-0.2070178985595703		-1.0849113464355469	0.001190185546875	negative	-1.0849113464355469		0.03675270080566406	0.0002899169921875	positive	0.03675270080566406		resolved_direction_conflict
CMAD-XC-Q2-R-on-E-L1-W1	CMAD-XC-Q2	R-on-E-L1-W1	primary	naturalistic_primary_development	-3.1836605072021484	0.001800537109375	negative	-3.1836605072021484		-1.62890625	0.001190185546875	negative	-1.62890625		-0.19308948516845703	0.0002899169921875	negative	-0.19308948516845703		same_resolved_direction
CMAD-XC-Q2-R-on-E-L2-W0	CMAD-XC-Q2	R-on-E-L2-W0	primary	naturalistic_primary_development	-2.1123275756835938	0.001800537109375	negative	-2.1123275756835938		-1.2056236267089844	0.001190185546875	negative	-1.2056236267089844		0.29958438873291016	0.0002899169921875	positive	0.29958438873291016		resolved_direction_conflict
CMAD-XC-Q2-R-on-E-L2-W1	CMAD-XC-Q2	R-on-E-L2-W1	primary	naturalistic_primary_development	-3.477872848510742	0.001800537109375	negative	-3.477872848510742		-1.5849895477294922	0.001190185546875	negative	-1.5849895477294922		-0.5158729553222656	0.0002899169921875	negative	-0.5158729553222656		same_resolved_direction
CMAD-XC-Q2-RW-L0	CMAD-XC-Q2	RW-L0	secondary	naturalistic_primary_development	5.09650993347168	0.001800537109375	positive	5.09650993347168		0.6513652801513672	0.001190185546875	positive	0.6513652801513672		1.2804861068725586	0.0002899169921875	positive	1.2804861068725586		same_resolved_direction
CMAD-XC-Q2-RW-L1	CMAD-XC-Q2	RW-L1	secondary	naturalistic_primary_development	2.1198673248291016	0.001800537109375	positive	2.1198673248291016		0.10737037658691406	0.001190185546875	positive	0.10737037658691406		1.0506439208984375	0.0002899169921875	positive	1.0506439208984375		same_resolved_direction
CMAD-XC-Q2-RW-L2	CMAD-XC-Q2	RW-L2	secondary	naturalistic_primary_development	3.7309646606445312	0.001800537109375	positive	3.7309646606445312		0.2719993591308594	0.001190185546875	positive	0.2719993591308594		0.4650287628173828	0.0002899169921875	positive	0.4650287628173828		same_resolved_direction
CMAD-XC-Q2-Swap-L0-D01	CMAD-XC-Q2	Swap-L0-D01	secondary	naturalistic_primary_development	-3.7164669036865234	0.0009002685546875	negative	-3.7164669036865234	stable_correct	-1.2381534576416016	0.0005950927734375	negative	-1.2381534576416016	stable_correct	-1.3610448837280273	0.00014495849609375	negative	-1.3610448837280273	stable_correct	same_resolved_direction
CMAD-XC-Q2-Swap-L0-D10	CMAD-XC-Q2	Swap-L0-D10	secondary	naturalistic_primary_development	-4.944248199462891	0.0009002685546875	negative	-4.944248199462891	stable_correct	-1.6627521514892578	0.0005950927734375	negative	-1.6627521514892578	stable_correct	-1.1629562377929688	0.00014495849609375	negative	-1.1629562377929688	stable_correct	same_resolved_direction
CMAD-XC-Q2-Swap-L1-D01	CMAD-XC-Q2	Swap-L1-D01	secondary	naturalistic_primary_development	-4.373638153076172	0.0009002685546875	negative	-4.373638153076172	stable_correct	-2.5513877868652344	0.0005950927734375	negative	-2.5513877868652344	stable_correct	-0.3856830596923828	0.00014495849609375	negative	-0.3856830596923828	stable_correct	same_resolved_direction
CMAD-XC-Q2-Swap-L1-D10	CMAD-XC-Q2	Swap-L1-D10	secondary	naturalistic_primary_development	-3.652088165283203	0.0009002685546875	negative	-3.652088165283203	stable_correct	-1.9519615173339844	0.0005950927734375	negative	-1.9519615173339844	stable_correct	-0.5658197402954102	0.00014495849609375	negative	-0.5658197402954102	stable_correct	same_resolved_direction
CMAD-XC-Q2-Swap-L2-D01	CMAD-XC-Q2	Swap-L2-D01	secondary	naturalistic_primary_development	-3.7537460327148438	0.0009002685546875	negative	-3.7537460327148438	stable_correct	-2.632190704345703	0.0005950927734375	negative	-2.632190704345703	stable_correct	-0.3056602478027344	0.00014495849609375	negative	-0.3056602478027344	stable_correct	same_resolved_direction
CMAD-XC-Q2-Swap-L2-D10	CMAD-XC-Q2	Swap-L2-D10	secondary	naturalistic_primary_development	-3.4775733947753906	0.0009002685546875	negative	-3.4775733947753906	stable_correct	-1.6543998718261719	0.0005950927734375	negative	-1.6543998718261719	stable_correct	-0.21718597412109375	0.00014495849609375	negative	-0.21718597412109375	stable_correct	same_resolved_direction
CMAD-XC-Q2-Swap-on-E-L1-D01	CMAD-XC-Q2	Swap-on-E-L1-D01	secondary	naturalistic_primary_development	-0.6571712493896484	0.001800537109375	negative	-0.6571712493896484		-1.3132343292236328	0.001190185546875	negative	-1.3132343292236328		0.9753618240356445	0.0002899169921875	positive	0.9753618240356445		resolved_direction_conflict
CMAD-XC-Q2-Swap-on-E-L1-D10	CMAD-XC-Q2	Swap-on-E-L1-D10	secondary	naturalistic_primary_development	1.2921600341796875	0.001800537109375	positive	1.2921600341796875		-0.28920936584472656	0.001190185546875	negative	-0.28920936584472656		0.5971364974975586	0.0002899169921875	positive	0.5971364974975586		resolved_direction_conflict
CMAD-XC-Q2-Swap-on-E-L2-D01	CMAD-XC-Q2	Swap-on-E-L2-D01	secondary	naturalistic_primary_development	-0.03727912902832031	0.001800537109375	negative	-0.03727912902832031		-1.3940372467041016	0.001190185546875	negative	-1.3940372467041016		1.055384635925293	0.0002899169921875	positive	1.055384635925293		resolved_direction_conflict
CMAD-XC-Q2-Swap-on-E-L2-D10	CMAD-XC-Q2	Swap-on-E-L2-D10	secondary	naturalistic_primary_development	1.4666748046875	0.001800537109375	positive	1.4666748046875		0.008352279663085938	0.001190185546875	positive	0.008352279663085938		0.945770263671875	0.0002899169921875	positive	0.945770263671875		same_resolved_direction
CMAD-XC-Q2-W-L0-R0	CMAD-XC-Q2	W-L0-R0	secondary	naturalistic_primary_development	-4.455072402954102	0.0009002685546875	negative	-4.455072402954102	stable_correct	-0.7785205841064453	0.0005950927734375	negative	-0.7785205841064453	stable_correct	-1.6029043197631836	0.00014495849609375	negative	-1.6029043197631836	stable_correct	same_resolved_direction
CMAD-XC-Q2-W-L0-R1	CMAD-XC-Q2	W-L0-R1	secondary	naturalistic_primary_development	0.6414375305175781	0.0009002685546875	positive	0.6414375305175781	stable_correct	-0.12715530395507812	0.0005950927734375	negative	-0.12715530395507812	stable_correct	-0.322418212890625	0.00014495849609375	negative	-0.322418212890625	stable_correct	resolved_direction_conflict
CMAD-XC-Q2-W-L1-R0	CMAD-XC-Q2	W-L1-R0	secondary	naturalistic_primary_development	-0.9774494171142578	0.0009002685546875	negative	-0.9774494171142578	stable_correct	0.3029804229736328	0.0005950927734375	positive	0.3029804229736328	stable_correct	-1.3862371444702148	0.00014495849609375	negative	-1.3862371444702148	stable_correct	resolved_direction_conflict
CMAD-XC-Q2-W-L1-R1	CMAD-XC-Q2	W-L1-R1	secondary	naturalistic_primary_development	1.1424179077148438	0.0009002685546875	positive	1.1424179077148438	stable_correct	0.4103507995605469	0.0005950927734375	positive	0.4103507995605469	stable_correct	-0.33559322357177734	0.00014495849609375	negative	-0.33559322357177734	stable_correct	resolved_direction_conflict
CMAD-XC-Q2-W-L2-R0	CMAD-XC-Q2	W-L2-R0	secondary	naturalistic_primary_development	-1.4008407592773438	0.0009002685546875	negative	-1.4008407592773438	stable_correct	0.8828907012939453	0.0005950927734375	positive	0.8828907012939453	stable_correct	-0.5210399627685547	0.00014495849609375	negative	-0.5210399627685547	stable_correct	resolved_direction_conflict
CMAD-XC-Q2-W-L2-R1	CMAD-XC-Q2	W-L2-R1	secondary	naturalistic_primary_development	2.3301239013671875	0.0009002685546875	positive	2.3301239013671875	stable_correct	1.1548900604248047	0.0005950927734375	positive	1.1548900604248047	stable_correct	-0.056011199951171875	0.00014495849609375	negative	-0.056011199951171875	stable_correct	resolved_direction_conflict
CMAD-XC-Q2-W-on-E-L1-R0	CMAD-XC-Q2	W-on-E-L1-R0	primary	naturalistic_primary_development	3.4776229858398438	0.001800537109375	positive	3.4776229858398438		1.0815010070800781	0.001190185546875	positive	1.0815010070800781		0.21666717529296875	0.0002899169921875	positive	0.21666717529296875		same_resolved_direction
CMAD-XC-Q2-W-on-E-L1-R1	CMAD-XC-Q2	W-on-E-L1-R1	primary	naturalistic_primary_development	0.5009803771972656	0.001800537109375	positive	0.5009803771972656		0.537506103515625	0.001190185546875	positive	0.537506103515625		-0.013175010681152344	0.0002899169921875	negative	-0.013175010681152344		resolved_direction_conflict
CMAD-XC-Q2-W-on-E-L2-R0	CMAD-XC-Q2	W-on-E-L2-R0	primary	naturalistic_primary_development	3.054231643676758	0.001800537109375	positive	3.054231643676758		1.6614112854003906	0.001190185546875	positive	1.6614112854003906		1.081864356994629	0.0002899169921875	positive	1.081864356994629		same_resolved_direction
CMAD-XC-Q2-W-on-E-L2-R1	CMAD-XC-Q2	W-on-E-L2-R1	primary	naturalistic_primary_development	1.6886863708496094	0.001800537109375	positive	1.6886863708496094		1.2820453643798828	0.001190185546875	positive	1.2820453643798828		0.2664070129394531	0.0002899169921875	positive	0.2664070129394531		same_resolved_direction
CMAD-XC-Q3-D-L0-D00	CMAD-XC-Q3	D-L0-D00	secondary	naturalistic_primary_development	-1.8612194061279297	0.0009002685546875	negative	1.8612194061279297	stable_correct	0.6846103668212891	0.0005950927734375	positive	-0.6846103668212891	stable_correct	0.48787689208984375	0.00014495849609375	positive	-0.48787689208984375	stable_correct	resolved_direction_conflict
CMAD-XC-Q3-D-L0-D01	CMAD-XC-Q3	D-L0-D01	secondary	naturalistic_primary_development	-0.9359340667724609	0.0009002685546875	negative	0.9359340667724609	stable_correct	2.0778656005859375	0.0005950927734375	positive	-2.0778656005859375	stable_correct	0.4394035339355469	0.00014495849609375	positive	-0.4394035339355469	stable_correct	resolved_direction_conflict
CMAD-XC-Q3-D-L0-D10	CMAD-XC-Q3	D-L0-D10	secondary	naturalistic_primary_development	-1.399972915649414	0.0009002685546875	negative	1.399972915649414	stable_correct	-0.5440959930419922	0.0005950927734375	negative	0.5440959930419922	stable_correct	0.47110557556152344	0.00014495849609375	positive	-0.47110557556152344	stable_correct	resolved_direction_conflict
CMAD-XC-Q3-D-L0-D11	CMAD-XC-Q3	D-L0-D11	secondary	naturalistic_primary_development	-0.5845165252685547	0.0009002685546875	negative	0.5845165252685547	stable_correct	0.8253364562988281	0.0005950927734375	positive	-0.8253364562988281	stable_correct	0.06369209289550781	0.00014495849609375	positive	-0.06369209289550781	stable_correct	resolved_direction_conflict
CMAD-XC-Q3-D-L1-D00	CMAD-XC-Q3	D-L1-D00	secondary	naturalistic_primary_development	-1.7324295043945312	0.0009002685546875	negative	1.7324295043945312	stable_correct	-3.734891891479492	0.0005950927734375	negative	3.734891891479492	stable_correct	0.17319488525390625	0.00014495849609375	positive	-0.17319488525390625	stable_correct	resolved_direction_conflict
CMAD-XC-Q3-D-L1-D01	CMAD-XC-Q3	D-L1-D01	secondary	naturalistic_primary_development	-1.3682899475097656	0.0009002685546875	negative	1.3682899475097656	stable_correct	-4.877832412719727	0.0005950927734375	negative	4.877832412719727	stable_correct	-0.1661834716796875	0.00014495849609375	negative	0.1661834716796875	stable_correct	same_resolved_direction
CMAD-XC-Q3-D-L1-D10	CMAD-XC-Q3	D-L1-D10	secondary	naturalistic_primary_development	-0.21102523803710938	0.0009002685546875	negative	0.21102523803710938	stable_correct	-6.607494354248047	0.0005950927734375	negative	6.607494354248047	stable_correct	-0.11691665649414062	0.00014495849609375	negative	0.11691665649414062	stable_correct	same_resolved_direction
CMAD-XC-Q3-D-L1-D11	CMAD-XC-Q3	D-L1-D11	secondary	naturalistic_primary_development	-0.9763870239257812	0.0009002685546875	negative	0.9763870239257812	stable_correct	-7.951498031616211	0.0005950927734375	negative	7.951498031616211	stable_correct	-0.3791790008544922	0.00014495849609375	negative	0.3791790008544922	stable_correct	same_resolved_direction
CMAD-XC-Q3-D-L2-D00	CMAD-XC-Q3	D-L2-D00	secondary	naturalistic_primary_development	-1.3107662200927734	0.0009002685546875	negative	1.3107662200927734	stable_correct	-1.609792709350586	0.0005950927734375	negative	1.609792709350586	stable_correct	0.14429092407226562	0.00014495849609375	positive	-0.14429092407226562	stable_correct	resolved_direction_conflict
CMAD-XC-Q3-D-L2-D01	CMAD-XC-Q3	D-L2-D01	secondary	naturalistic_primary_development	-1.2259540557861328	0.0009002685546875	negative	1.2259540557861328	stable_correct	-2.7936229705810547	0.0005950927734375	negative	2.7936229705810547	stable_correct	-0.159393310546875	0.00014495849609375	negative	0.159393310546875	stable_correct	same_resolved_direction
CMAD-XC-Q3-D-L2-D10	CMAD-XC-Q3	D-L2-D10	secondary	naturalistic_primary_development	-1.5711231231689453	0.0009002685546875	negative	1.5711231231689453	stable_correct	-2.7995681762695312	0.0005950927734375	negative	2.7995681762695312	stable_correct	0.028966903686523438	0.00014495849609375	positive	-0.028966903686523438	stable_correct	resolved_direction_conflict
CMAD-XC-Q3-D-L2-D11	CMAD-XC-Q3	D-L2-D11	secondary	naturalistic_primary_development	-1.7549896240234375	0.0009002685546875	negative	1.7549896240234375	stable_correct	-4.696537017822266	0.0005950927734375	negative	4.696537017822266	stable_correct	-0.06648635864257812	0.00014495849609375	negative	0.06648635864257812	stable_correct	same_resolved_direction
CMAD-XC-Q3-E-L1-D0	CMAD-XC-Q3	E-L1-D0	primary	naturalistic_primary_development	1.9052982330322266	0.0009002685546875	positive	-1.9052982330322266	stable_correct	9.456880569458008	0.0005950927734375	positive	-9.456880569458008	stable_correct	0.964202880859375	0.00014495849609375	positive	-0.964202880859375	stable_correct	same_resolved_direction
CMAD-XC-Q3-E-L1-D00	CMAD-XC-Q3	E-L1-D00	primary	naturalistic_primary_development	2.034088134765625	0.0009002685546875	positive	-2.034088134765625	stable_correct	5.037378311157227	0.0005950927734375	positive	-5.037378311157227	stable_correct	0.6495208740234375	0.00014495849609375	positive	-0.6495208740234375	stable_correct	same_resolved_direction
CMAD-XC-Q3-E-L1-D01	CMAD-XC-Q3	E-L1-D01	primary	naturalistic_primary_development	1.4729423522949219	0.0009002685546875	positive	-1.4729423522949219	stable_correct	2.5011825561523438	0.0005950927734375	positive	-2.5011825561523438	stable_correct	0.3586158752441406	0.00014495849609375	positive	-0.3586158752441406	stable_correct	same_resolved_direction
CMAD-XC-Q3-E-L1-D10	CMAD-XC-Q3	E-L1-D10	primary	naturalistic_primary_development	3.0942459106445312	0.0009002685546875	positive	-3.0942459106445312	stable_correct	3.393482208251953	0.0005950927734375	positive	-3.393482208251953	stable_correct	0.37618064880371094	0.00014495849609375	positive	-0.37618064880371094	stable_correct	same_resolved_direction
CMAD-XC-Q3-E-L1-D11	CMAD-XC-Q3	E-L1-D11	primary	naturalistic_primary_development	1.513427734375	0.0009002685546875	positive	-1.513427734375	stable_correct	0.6800460815429688	0.0005950927734375	positive	-0.6800460815429688	stable_correct	0.521331787109375	0.00014495849609375	positive	-0.521331787109375	stable_correct	same_resolved_direction
CMAD-XC-Q3-E-L2-D0	CMAD-XC-Q3	E-L2-D0	primary	naturalistic_primary_development	1.7548694610595703	0.0009002685546875	positive	-1.7548694610595703	stable_correct	5.325237274169922	0.0005950927734375	positive	-5.325237274169922	stable_correct	0.4935569763183594	0.00014495849609375	positive	-0.4935569763183594	stable_correct	same_resolved_direction
CMAD-XC-Q3-E-L2-D00	CMAD-XC-Q3	E-L2-D00	primary	naturalistic_primary_development	2.3053226470947266	0.0009002685546875	positive	-2.3053226470947266	stable_correct	3.030834197998047	0.0005950927734375	positive	-3.030834197998047	stable_correct	0.14997100830078125	0.00014495849609375	positive	-0.14997100830078125	stable_correct	same_resolved_direction
CMAD-XC-Q3-E-L2-D01	CMAD-XC-Q3	E-L2-D01	primary	naturalistic_primary_development	1.4648494720458984	0.0009002685546875	positive	-1.4648494720458984	stable_correct	0.4537487030029297	0.0005950927734375	positive	-0.4537487030029297	stable_correct	-0.1052398681640625	0.00014495849609375	negative	0.1052398681640625	stable_correct	resolved_direction_conflict
CMAD-XC-Q3-E-L2-D10	CMAD-XC-Q3	E-L2-D10	primary	naturalistic_primary_development	1.583719253540039	0.0009002685546875	positive	-1.583719253540039	stable_correct	3.069765090942383	0.0005950927734375	positive	-3.069765090942383	stable_correct	0.051418304443359375	0.00014495849609375	positive	-0.051418304443359375	stable_correct	same_resolved_direction
CMAD-XC-Q3-E-L2-D11	CMAD-XC-Q3	E-L2-D11	primary	naturalistic_primary_development	0.5843963623046875	0.0009002685546875	positive	-0.5843963623046875	stable_correct	-0.19663619995117188	0.0005950927734375	negative	0.19663619995117188	stable_correct	0.36337852478027344	0.00014495849609375	positive	-0.36337852478027344	stable_correct	resolved_direction_conflict
CMAD-XC-Q3-I-L1-D00	CMAD-XC-Q3	I-L1-D00	primary	naturalistic_primary_development	0.12878990173339844	0.001800537109375	positive	-0.12878990173339844		-4.419502258300781	0.001190185546875	negative	4.419502258300781		-0.3146820068359375	0.0002899169921875	negative	0.3146820068359375		resolved_direction_conflict
CMAD-XC-Q3-I-L1-D01	CMAD-XC-Q3	I-L1-D01	primary	naturalistic_primary_development	-0.4323558807373047	0.001800537109375	negative	0.4323558807373047		-6.955698013305664	0.001190185546875	negative	6.955698013305664		-0.6055870056152344	0.0002899169921875	negative	0.6055870056152344		same_resolved_direction
CMAD-XC-Q3-I-L1-D10	CMAD-XC-Q3	I-L1-D10	primary	naturalistic_primary_development	1.1889476776123047	0.001800537109375	positive	-1.1889476776123047		-6.063398361206055	0.001190185546875	negative	6.063398361206055		-0.5880222320556641	0.0002899169921875	negative	0.5880222320556641		resolved_direction_conflict
CMAD-XC-Q3-I-L1-D11	CMAD-XC-Q3	I-L1-D11	primary	naturalistic_primary_development	-0.39187049865722656	0.001800537109375	negative	0.39187049865722656		-8.776834487915039	0.001190185546875	negative	8.776834487915039		-0.44287109375	0.0002899169921875	negative	0.44287109375		same_resolved_direction
CMAD-XC-Q3-I-L2-D00	CMAD-XC-Q3	I-L2-D00	primary	naturalistic_primary_development	0.5504531860351562	0.001800537109375	positive	-0.5504531860351562		-2.294403076171875	0.001190185546875	negative	2.294403076171875		-0.3435859680175781	0.0002899169921875	negative	0.3435859680175781		resolved_direction_conflict
CMAD-XC-Q3-I-L2-D01	CMAD-XC-Q3	I-L2-D01	primary	naturalistic_primary_development	-0.2900199890136719	0.001800537109375	negative	0.2900199890136719		-4.871488571166992	0.001190185546875	negative	4.871488571166992		-0.5987968444824219	0.0002899169921875	negative	0.5987968444824219		same_resolved_direction
CMAD-XC-Q3-I-L2-D10	CMAD-XC-Q3	I-L2-D10	primary	naturalistic_primary_development	-0.17115020751953125	0.001800537109375	negative	0.17115020751953125		-2.255472183227539	0.001190185546875	negative	2.255472183227539		-0.442138671875	0.0002899169921875	negative	0.442138671875		same_resolved_direction
CMAD-XC-Q3-I-L2-D11	CMAD-XC-Q3	I-L2-D11	primary	naturalistic_primary_development	-1.1704730987548828	0.001800537109375	negative	1.1704730987548828		-5.521873474121094	0.001190185546875	negative	5.521873474121094		-0.13017845153808594	0.0002899169921875	negative	0.13017845153808594		same_resolved_direction
CMAD-XC-Q3-L-minus-N-L1-D0	CMAD-XC-Q3	L-minus-N-L1-D0	secondary	naturalistic_primary_development	0.15279388427734375	0.0009002685546875	positive	-0.15279388427734375	stable_correct	1.2614898681640625	0.0005950927734375	positive	-1.2614898681640625	stable_correct	0.11275482177734375	0.00014495849609375	positive	-0.11275482177734375	stable_correct	same_resolved_direction
CMAD-XC-Q3-L-minus-N-L1-D01	CMAD-XC-Q3	L-minus-N-L1-D01	secondary	naturalistic_primary_development	0.29705810546875	0.0009002685546875	positive	-0.29705810546875	stable_correct	0.5936622619628906	0.0005950927734375	positive	-0.5936622619628906	stable_correct	0.2085704803466797	0.00014495849609375	positive	-0.2085704803466797	stable_correct	same_resolved_direction
CMAD-XC-Q3-L-minus-N-L1-D10	CMAD-XC-Q3	L-minus-N-L1-D10	secondary	naturalistic_primary_development	0.3653278350830078	0.0009002685546875	positive	-0.3653278350830078	stable_correct	-0.026277542114257812	0.0005950927734375	negative	0.026277542114257812	stable_correct	0.1489124298095703	0.00014495849609375	positive	-0.1489124298095703	stable_correct	resolved_direction_conflict
CMAD-XC-Q3-L-minus-N-L2-D0	CMAD-XC-Q3	L-minus-N-L2-D0	secondary	naturalistic_primary_development	0.0023651123046875	0.0009002685546875	positive	-0.0023651123046875	stable_correct	-2.8701534271240234	0.0005950927734375	negative	2.8701534271240234	stable_correct	-0.3578910827636719	0.00014495849609375	negative	0.3578910827636719	stable_correct	resolved_direction_conflict
CMAD-XC-Q3-L-minus-N-L2-D01	CMAD-XC-Q3	L-minus-N-L2-D01	secondary	naturalistic_primary_development	0.28896522521972656	0.0009002685546875	positive	-0.28896522521972656	stable_correct	-1.4537715911865234	0.0005950927734375	negative	1.4537715911865234	stable_correct	-0.25528526306152344	0.00014495849609375	negative	0.25528526306152344	stable_correct	resolved_direction_conflict
CMAD-XC-Q3-L-minus-N-L2-D10	CMAD-XC-Q3	L-minus-N-L2-D10	secondary	naturalistic_primary_development	-1.1451988220214844	0.0009002685546875	negative	1.1451988220214844	stable_correct	-0.3499946594238281	0.0005950927734375	negative	0.3499946594238281	stable_correct	-0.17584991455078125	0.00014495849609375	negative	0.17584991455078125	stable_correct	same_resolved_direction
CMAD-XC-Q3-N-D0	CMAD-XC-Q3	N-D0	secondary	naturalistic_primary_development	1.7525043487548828	0.0009002685546875	positive	-1.7525043487548828	stable_correct	8.195390701293945	0.0005950927734375	positive	-8.195390701293945	stable_correct	0.8514480590820312	0.00014495849609375	positive	-0.8514480590820312	stable_correct	same_resolved_direction
CMAD-XC-Q3-N-D01	CMAD-XC-Q3	N-D01	secondary	naturalistic_primary_development	1.1758842468261719	0.0009002685546875	positive	-1.1758842468261719	stable_correct	1.9075202941894531	0.0005950927734375	positive	-1.9075202941894531	stable_correct	0.15004539489746094	0.00014495849609375	positive	-0.15004539489746094	stable_correct	same_resolved_direction
CMAD-XC-Q3-N-D10	CMAD-XC-Q3	N-D10	secondary	naturalistic_primary_development	2.7289180755615234	0.0009002685546875	positive	-2.7289180755615234	stable_correct	3.419759750366211	0.0005950927734375	positive	-3.419759750366211	stable_correct	0.22726821899414062	0.00014495849609375	positive	-0.22726821899414062	stable_correct	same_resolved_direction
CMAD-XC-Q3-R-L0-W0	CMAD-XC-Q3	R-L0-W0	secondary	naturalistic_primary_development	0.4612464904785156	0.0009002685546875	positive	-0.4612464904785156	stable_correct	-1.2287063598632812	0.0005950927734375	negative	1.2287063598632812	stable_correct	-0.016771316528320312	0.00014495849609375	negative	0.016771316528320312	stable_correct	resolved_direction_conflict
CMAD-XC-Q3-R-L0-W1	CMAD-XC-Q3	R-L0-W1	secondary	naturalistic_primary_development	0.35141754150390625	0.0009002685546875	positive	-0.35141754150390625	stable_correct	-1.2525291442871094	0.0005950927734375	negative	1.2525291442871094	stable_correct	-0.37571144104003906	0.00014495849609375	negative	0.37571144104003906	stable_correct	resolved_direction_conflict
CMAD-XC-Q3-R-L1-W0	CMAD-XC-Q3	R-L1-W0	secondary	naturalistic_primary_development	1.5214042663574219	0.0009002685546875	positive	-1.5214042663574219	stable_correct	-2.8726024627685547	0.0005950927734375	negative	2.8726024627685547	stable_correct	-0.2901115417480469	0.00014495849609375	negative	0.2901115417480469	stable_correct	resolved_direction_conflict
CMAD-XC-Q3-R-L1-W1	CMAD-XC-Q3	R-L1-W1	secondary	naturalistic_primary_development	0.3919029235839844	0.0009002685546875	positive	-0.3919029235839844	stable_correct	-3.0736656188964844	0.0005950927734375	negative	3.0736656188964844	stable_correct	-0.2129955291748047	0.00014495849609375	negative	0.2129955291748047	stable_correct	resolved_direction_conflict
CMAD-XC-Q3-R-L2-W0	CMAD-XC-Q3	R-L2-W0	secondary	naturalistic_primary_development	-0.2603569030761719	0.0009002685546875	negative	0.2603569030761719	stable_correct	-1.1897754669189453	0.0005950927734375	negative	1.1897754669189453	stable_correct	-0.11532402038574219	0.00014495849609375	negative	0.11532402038574219	stable_correct	same_resolved_direction
CMAD-XC-Q3-R-L2-W1	CMAD-XC-Q3	R-L2-W1	secondary	naturalistic_primary_development	-0.5290355682373047	0.0009002685546875	negative	0.5290355682373047	stable_correct	-1.902914047241211	0.0005950927734375	negative	1.902914047241211	stable_correct	0.09290695190429688	0.00014495849609375	positive	-0.09290695190429688	stable_correct	resolved_direction_conflict
CMAD-XC-Q3-R-on-E-L1-W0	CMAD-XC-Q3	R-on-E-L1-W0	primary	naturalistic_primary_development	1.0601577758789062	0.001800537109375	positive	-1.0601577758789062		-1.6438961029052734	0.001190185546875	negative	1.6438961029052734		-0.27334022521972656	0.0002899169921875	negative	0.27334022521972656		resolved_direction_conflict
CMAD-XC-Q3-R-on-E-L1-W1	CMAD-XC-Q3	R-on-E-L1-W1	primary	naturalistic_primary_development	0.040485382080078125	0.001800537109375	positive	-0.040485382080078125		-1.821136474609375	0.001190185546875	negative	1.821136474609375		0.16271591186523438	0.0002899169921875	positive	-0.16271591186523438		resolved_direction_conflict
CMAD-XC-Q3-R-on-E-L2-W0	CMAD-XC-Q3	R-on-E-L2-W0	primary	naturalistic_primary_development	-0.7216033935546875	0.001800537109375	negative	0.7216033935546875		0.03893089294433594	0.001190185546875	positive	-0.03893089294433594		-0.09855270385742188	0.0002899169921875	negative	0.09855270385742188		resolved_direction_conflict
CMAD-XC-Q3-R-on-E-L2-W1	CMAD-XC-Q3	R-on-E-L2-W1	primary	naturalistic_primary_development	-0.8804531097412109	0.001800537109375	negative	0.8804531097412109		-0.6503849029541016	0.001190185546875	negative	0.6503849029541016		0.46861839294433594	0.0002899169921875	positive	-0.46861839294433594		resolved_direction_conflict
CMAD-XC-Q3-RW-L0	CMAD-XC-Q3	RW-L0	secondary	naturalistic_primary_development	-0.10982894897460938	0.001800537109375	negative	0.10982894897460938		-0.023822784423828125	0.001190185546875	negative	0.023822784423828125		-0.35894012451171875	0.0002899169921875	negative	0.35894012451171875		same_resolved_direction
CMAD-XC-Q3-RW-L1	CMAD-XC-Q3	RW-L1	secondary	naturalistic_primary_development	-1.1295013427734375	0.001800537109375	negative	1.1295013427734375		-0.2010631561279297	0.001190185546875	negative	0.2010631561279297		0.07711601257324219	0.0002899169921875	positive	-0.07711601257324219		resolved_direction_conflict
CMAD-XC-Q3-RW-L2	CMAD-XC-Q3	RW-L2	secondary	naturalistic_primary_development	-0.2686786651611328	0.001800537109375	negative	0.2686786651611328		-0.7131385803222656	0.001190185546875	negative	0.7131385803222656		0.20823097229003906	0.0002899169921875	positive	-0.20823097229003906		resolved_direction_conflict
CMAD-XC-Q3-Swap-L0-D01	CMAD-XC-Q3	Swap-L0-D01	secondary	naturalistic_primary_development	5.890827178955078	0.0009002685546875	positive	-5.890827178955078	stable_correct	4.092254638671875	0.0005950927734375	positive	-4.092254638671875	stable_correct	1.2677326202392578	0.00014495849609375	positive	-1.2677326202392578	stable_correct	same_resolved_direction
CMAD-XC-Q3-Swap-L0-D10	CMAD-XC-Q3	Swap-L0-D10	secondary	naturalistic_primary_development	5.612785339355469	0.0009002685546875	positive	-5.612785339355469	stable_correct	3.5243053436279297	0.0005950927734375	positive	-3.5243053436279297	stable_correct	1.059793472290039	0.00014495849609375	positive	-1.059793472290039	stable_correct	same_resolved_direction
CMAD-XC-Q3-Swap-L1-D01	CMAD-XC-Q3	Swap-L1-D01	secondary	naturalistic_primary_development	5.082614898681641	0.0009002685546875	positive	-5.082614898681641	stable_correct	4.460100173950195	0.0005950927734375	positive	-4.460100173950195	stable_correct	1.641164779663086	0.00014495849609375	positive	-1.641164779663086	stable_correct	same_resolved_direction
CMAD-XC-Q3-Swap-L1-D10	CMAD-XC-Q3	Swap-L1-D10	secondary	naturalistic_primary_development	5.384284973144531	0.0009002685546875	positive	-5.384284973144531	stable_correct	5.068193435668945	0.0005950927734375	positive	-5.068193435668945	stable_correct	1.1107540130615234	0.00014495849609375	positive	-1.1107540130615234	stable_correct	same_resolved_direction
CMAD-XC-Q3-Swap-L2-D01	CMAD-XC-Q3	Swap-L2-D01	secondary	naturalistic_primary_development	4.740030288696289	0.0009002685546875	positive	-4.740030288696289	stable_correct	5.390371322631836	0.0005950927734375	positive	-5.390371322631836	stable_correct	1.4418392181396484	0.00014495849609375	positive	-1.4418392181396484	stable_correct	same_resolved_direction
CMAD-XC-Q3-Swap-L2-D10	CMAD-XC-Q3	Swap-L2-D10	secondary	naturalistic_primary_development	5.511873245239258	0.0009002685546875	positive	-5.511873245239258	stable_correct	5.5103759765625	0.0005950927734375	positive	-5.5103759765625	stable_correct	1.1241455078125	0.00014495849609375	positive	-1.1241455078125	stable_correct	same_resolved_direction
CMAD-XC-Q3-Swap-on-E-L1-D01	CMAD-XC-Q3	Swap-on-E-L1-D01	secondary	naturalistic_primary_development	-0.8082122802734375	0.001800537109375	negative	0.8082122802734375		0.3678455352783203	0.001190185546875	positive	-0.3678455352783203		0.3734321594238281	0.0002899169921875	positive	-0.3734321594238281		resolved_direction_conflict
CMAD-XC-Q3-Swap-on-E-L1-D10	CMAD-XC-Q3	Swap-on-E-L1-D10	secondary	naturalistic_primary_development	-0.2285003662109375	0.001800537109375	negative	0.2285003662109375		1.5438880920410156	0.001190185546875	positive	-1.5438880920410156		0.050960540771484375	0.0002899169921875	positive	-0.050960540771484375		resolved_direction_conflict
CMAD-XC-Q3-Swap-on-E-L2-D01	CMAD-XC-Q3	Swap-on-E-L2-D01	secondary	naturalistic_primary_development	-1.150796890258789	0.001800537109375	negative	1.150796890258789		1.298116683959961	0.001190185546875	positive	-1.298116683959961		0.17410659790039062	0.0002899169921875	positive	-0.17410659790039062		resolved_direction_conflict
CMAD-XC-Q3-Swap-on-E-L2-D10	CMAD-XC-Q3	Swap-on-E-L2-D10	secondary	naturalistic_primary_development	-0.10091209411621094	0.001800537109375	negative	0.10091209411621094		1.9860706329345703	0.001190185546875	positive	-1.9860706329345703		0.06435203552246094	0.0002899169921875	positive	-0.06435203552246094		resolved_direction_conflict
CMAD-XC-Q3-W-L0-R0	CMAD-XC-Q3	W-L0-R0	secondary	naturalistic_primary_development	0.9252853393554688	0.0009002685546875	positive	-0.9252853393554688	stable_correct	1.3932552337646484	0.0005950927734375	positive	-1.3932552337646484	stable_correct	-0.048473358154296875	0.00014495849609375	negative	0.048473358154296875	stable_correct	resolved_direction_conflict
CMAD-XC-Q3-W-L0-R1	CMAD-XC-Q3	W-L0-R1	secondary	naturalistic_primary_development	0.8154563903808594	0.0009002685546875	positive	-0.8154563903808594	stable_correct	1.3694324493408203	0.0005950927734375	positive	-1.3694324493408203	stable_correct	-0.4074134826660156	0.00014495849609375	negative	0.4074134826660156	stable_correct	resolved_direction_conflict
CMAD-XC-Q3-W-L1-R0	CMAD-XC-Q3	W-L1-R0	secondary	naturalistic_primary_development	0.3641395568847656	0.0009002685546875	positive	-0.3641395568847656	stable_correct	-1.1429405212402344	0.0005950927734375	negative	1.1429405212402344	stable_correct	-0.33937835693359375	0.00014495849609375	negative	0.33937835693359375	stable_correct	resolved_direction_conflict
CMAD-XC-Q3-W-L1-R1	CMAD-XC-Q3	W-L1-R1	secondary	naturalistic_primary_development	-0.7653617858886719	0.0009002685546875	negative	0.7653617858886719	stable_correct	-1.344003677368164	0.0005950927734375	negative	1.344003677368164	stable_correct	-0.26226234436035156	0.00014495849609375	negative	0.26226234436035156	stable_correct	same_resolved_direction
CMAD-XC-Q3-W-L2-R0	CMAD-XC-Q3	W-L2-R0	secondary	naturalistic_primary_development	0.08481216430664062	0.0009002685546875	positive	-0.08481216430664062	stable_correct	-1.1838302612304688	0.0005950927734375	negative	1.1838302612304688	stable_correct	-0.3036842346191406	0.00014495849609375	negative	0.3036842346191406	stable_correct	resolved_direction_conflict
CMAD-XC-Q3-W-L2-R1	CMAD-XC-Q3	W-L2-R1	secondary	naturalistic_primary_development	-0.1838665008544922	0.0009002685546875	negative	0.1838665008544922	stable_correct	-1.8969688415527344	0.0005950927734375	negative	1.8969688415527344	stable_correct	-0.09545326232910156	0.00014495849609375	negative	0.09545326232910156	stable_correct	same_resolved_direction
CMAD-XC-Q3-W-on-E-L1-R0	CMAD-XC-Q3	W-on-E-L1-R0	primary	naturalistic_primary_development	-0.5611457824707031	0.001800537109375	negative	0.5611457824707031		-2.536195755004883	0.001190185546875	negative	2.536195755004883		-0.2909049987792969	0.0002899169921875	negative	0.2909049987792969		same_resolved_direction
CMAD-XC-Q3-W-on-E-L1-R1	CMAD-XC-Q3	W-on-E-L1-R1	primary	naturalistic_primary_development	-1.5808181762695312	0.001800537109375	negative	1.5808181762695312		-2.7134361267089844	0.001190185546875	negative	2.7134361267089844		0.14515113830566406	0.0002899169921875	positive	-0.14515113830566406		resolved_direction_conflict
CMAD-XC-Q3-W-on-E-L2-R0	CMAD-XC-Q3	W-on-E-L2-R0	primary	naturalistic_primary_development	-0.8404731750488281	0.001800537109375	negative	0.8404731750488281		-2.577085494995117	0.001190185546875	negative	2.577085494995117		-0.25521087646484375	0.0002899169921875	negative	0.25521087646484375		same_resolved_direction
CMAD-XC-Q3-W-on-E-L2-R1	CMAD-XC-Q3	W-on-E-L2-R1	primary	naturalistic_primary_development	-0.9993228912353516	0.001800537109375	negative	0.9993228912353516		-3.2664012908935547	0.001190185546875	negative	3.2664012908935547		0.31196022033691406	0.0002899169921875	positive	-0.31196022033691406		resolved_direction_conflict
CMAD-XC-Q4-D-L0-D00	CMAD-XC-Q4	D-L0-D00	secondary	naturalistic_primary_development	-1.0121688842773438	0.0009002685546875	negative	1.0121688842773438	stable_correct	0.11621856689453125	0.0005950927734375	positive	-0.11621856689453125	stable_correct	0.0836944580078125	0.00014495849609375	positive	-0.0836944580078125	stable_correct	resolved_direction_conflict
CMAD-XC-Q4-D-L0-D01	CMAD-XC-Q4	D-L0-D01	secondary	naturalistic_primary_development	-0.09337234497070312	0.0009002685546875	negative	0.09337234497070312	stable_correct	1.197977066040039	0.0005950927734375	positive	-1.197977066040039	stable_correct	-0.007932662963867188	0.00014495849609375	negative	0.007932662963867188	stable_correct	resolved_direction_conflict
CMAD-XC-Q4-D-L0-D10	CMAD-XC-Q4	D-L0-D10	secondary	naturalistic_primary_development	-1.090536117553711	0.0009002685546875	negative	1.090536117553711	stable_correct	-0.06292343139648438	0.0005950927734375	negative	0.06292343139648438	stable_correct	-0.1636219024658203	0.00014495849609375	negative	0.1636219024658203	stable_correct	same_resolved_direction
CMAD-XC-Q4-D-L0-D11	CMAD-XC-Q4	D-L0-D11	secondary	naturalistic_primary_development	0.5009727478027344	0.0009002685546875	positive	-0.5009727478027344	stable_correct	0.4383258819580078	0.0005950927734375	positive	-0.4383258819580078	stable_correct	-0.2306804656982422	0.00014495849609375	negative	0.2306804656982422	stable_correct	resolved_direction_conflict
CMAD-XC-Q4-D-L1-D00	CMAD-XC-Q4	D-L1-D00	secondary	naturalistic_primary_development	-0.9378433227539062	0.0009002685546875	negative	0.9378433227539062	stable_correct	-2.5292186737060547	0.0005950927734375	negative	2.5292186737060547	stable_correct	-0.0462646484375	0.00014495849609375	negative	0.0462646484375	stable_correct	same_resolved_direction
CMAD-XC-Q4-D-L1-D01	CMAD-XC-Q4	D-L1-D01	secondary	naturalistic_primary_development	-0.9664783477783203	0.0009002685546875	negative	0.9664783477783203	stable_correct	-4.11638069152832	0.0005950927734375	negative	4.11638069152832	stable_correct	-0.23281288146972656	0.00014495849609375	negative	0.23281288146972656	stable_correct	same_resolved_direction
CMAD-XC-Q4-D-L1-D10	CMAD-XC-Q4	D-L1-D10	secondary	naturalistic_primary_development	-0.06335639953613281	0.0009002685546875	negative	0.06335639953613281	stable_correct	-5.056068420410156	0.0005950927734375	negative	5.056068420410156	stable_correct	-0.502716064453125	0.00014495849609375	negative	0.502716064453125	stable_correct	same_resolved_direction
CMAD-XC-Q4-D-L1-D11	CMAD-XC-Q4	D-L1-D11	secondary	naturalistic_primary_development	1.1022224426269531	0.0009002685546875	positive	-1.1022224426269531	stable_correct	-5.4993743896484375	0.0005950927734375	negative	5.4993743896484375	stable_correct	-0.5199108123779297	0.00014495849609375	negative	0.5199108123779297	stable_correct	resolved_direction_conflict
CMAD-XC-Q4-D-L2-D00	CMAD-XC-Q4	D-L2-D00	secondary	naturalistic_primary_development	-0.507415771484375	0.0009002685546875	negative	0.507415771484375	stable_correct	-1.1713886260986328	0.0005950927734375	negative	1.1713886260986328	stable_correct	-0.019313812255859375	0.00014495849609375	negative	0.019313812255859375	stable_correct	same_resolved_direction
CMAD-XC-Q4-D-L2-D01	CMAD-XC-Q4	D-L2-D01	secondary	naturalistic_primary_development	-0.406951904296875	0.0009002685546875	negative	0.406951904296875	stable_correct	-1.7558250427246094	0.0005950927734375	negative	1.7558250427246094	stable_correct	-0.3043556213378906	0.00014495849609375	negative	0.3043556213378906	stable_correct	same_resolved_direction
CMAD-XC-Q4-D-L2-D10	CMAD-XC-Q4	D-L2-D10	secondary	naturalistic_primary_development	0.6020336151123047	0.0009002685546875	positive	-0.6020336151123047	stable_correct	-2.358713150024414	0.0005950927734375	negative	2.358713150024414	stable_correct	-0.04013252258300781	0.00014495849609375	negative	0.04013252258300781	stable_correct	resolved_direction_conflict
CMAD-XC-Q4-D-L2-D11	CMAD-XC-Q4	D-L2-D11	secondary	naturalistic_primary_development	0.9607505798339844	0.0009002685546875	positive	-0.9607505798339844	stable_correct	-3.078815460205078	0.0005950927734375	negative	3.078815460205078	stable_correct	-0.30983543395996094	0.00014495849609375	negative	0.30983543395996094	stable_correct	resolved_direction_conflict
CMAD-XC-Q4-E-L1-D0	CMAD-XC-Q4	E-L1-D0	primary	naturalistic_primary_development	1.2291336059570312	0.0009002685546875	positive	-1.2291336059570312	stable_correct	7.488290786743164	0.0005950927734375	positive	-7.488290786743164	stable_correct	0.8729496002197266	0.00014495849609375	positive	-0.8729496002197266	stable_correct	same_resolved_direction
CMAD-XC-Q4-E-L1-D00	CMAD-XC-Q4	E-L1-D00	primary	naturalistic_primary_development	1.3034591674804688	0.0009002685546875	positive	-1.3034591674804688	stable_correct	4.842853546142578	0.0005950927734375	positive	-4.842853546142578	stable_correct	0.7429904937744141	0.00014495849609375	positive	-0.7429904937744141	stable_correct	same_resolved_direction
CMAD-XC-Q4-E-L1-D01	CMAD-XC-Q4	E-L1-D01	primary	naturalistic_primary_development	0.35602760314941406	0.0009002685546875	positive	-0.35602760314941406	stable_correct	2.1739330291748047	0.0005950927734375	positive	-2.1739330291748047	stable_correct	0.6480693817138672	0.00014495849609375	positive	-0.6480693817138672	stable_correct	same_resolved_direction
CMAD-XC-Q4-E-L1-D10	CMAD-XC-Q4	E-L1-D10	primary	naturalistic_primary_development	2.2563133239746094	0.0009002685546875	positive	-2.2563133239746094	stable_correct	2.495145797729492	0.0005950927734375	positive	-2.495145797729492	stable_correct	0.5338554382324219	0.00014495849609375	positive	-0.5338554382324219	stable_correct	same_resolved_direction
CMAD-XC-Q4-E-L1-D11	CMAD-XC-Q4	E-L1-D11	primary	naturalistic_primary_development	1.83038330078125	0.0009002685546875	positive	-1.83038330078125	stable_correct	1.5505905151367188	0.0005950927734375	positive	-1.5505905151367188	stable_correct	0.5837192535400391	0.00014495849609375	positive	-0.5837192535400391	stable_correct	same_resolved_direction
CMAD-XC-Q4-E-L2-D0	CMAD-XC-Q4	E-L2-D0	primary	naturalistic_primary_development	1.267669677734375	0.0009002685546875	positive	-1.267669677734375	stable_correct	4.023571014404297	0.0005950927734375	positive	-4.023571014404297	stable_correct	0.4029808044433594	0.00014495849609375	positive	-0.4029808044433594	stable_correct	same_resolved_direction
CMAD-XC-Q4-E-L2-D00	CMAD-XC-Q4	E-L2-D00	primary	naturalistic_primary_development	1.7724227905273438	0.0009002685546875	positive	-1.7724227905273438	stable_correct	2.735963821411133	0.0005950927734375	positive	-2.735963821411133	stable_correct	0.2999725341796875	0.00014495849609375	positive	-0.2999725341796875	stable_correct	same_resolved_direction
CMAD-XC-Q4-E-L2-D01	CMAD-XC-Q4	E-L2-D01	primary	naturalistic_primary_development	0.9540901184082031	0.0009002685546875	positive	-0.9540901184082031	stable_correct	1.0697689056396484	0.0005950927734375	positive	-1.0697689056396484	stable_correct	0.10655784606933594	0.00014495849609375	positive	-0.10655784606933594	stable_correct	same_resolved_direction
CMAD-XC-Q4-E-L2-D10	CMAD-XC-Q4	E-L2-D10	primary	naturalistic_primary_development	2.9602394104003906	0.0009002685546875	positive	-2.9602394104003906	stable_correct	1.7277812957763672	0.0005950927734375	positive	-1.7277812957763672	stable_correct	0.5264701843261719	0.00014495849609375	positive	-0.5264701843261719	stable_correct	same_resolved_direction
CMAD-XC-Q4-E-L2-D11	CMAD-XC-Q4	E-L2-D11	primary	naturalistic_primary_development	1.727447509765625	0.0009002685546875	positive	-1.727447509765625	stable_correct	0.5064296722412109	0.0005950927734375	positive	-0.5064296722412109	stable_correct	0.3238258361816406	0.00014495849609375	positive	-0.3238258361816406	stable_correct	same_resolved_direction
CMAD-XC-Q4-I-L1-D00	CMAD-XC-Q4	I-L1-D00	primary	naturalistic_primary_development	0.0743255615234375	0.001800537109375	positive	-0.0743255615234375		-2.645437240600586	0.001190185546875	negative	2.645437240600586		-0.1299591064453125	0.0002899169921875	negative	0.1299591064453125		resolved_direction_conflict
CMAD-XC-Q4-I-L1-D01	CMAD-XC-Q4	I-L1-D01	primary	naturalistic_primary_development	-0.8731060028076172	0.001800537109375	negative	0.8731060028076172		-5.314357757568359	0.001190185546875	negative	5.314357757568359		-0.22488021850585938	0.0002899169921875	negative	0.22488021850585938		same_resolved_direction
CMAD-XC-Q4-I-L1-D10	CMAD-XC-Q4	I-L1-D10	primary	naturalistic_primary_development	1.0271797180175781	0.001800537109375	positive	-1.0271797180175781		-4.993144989013672	0.001190185546875	negative	4.993144989013672		-0.3390941619873047	0.0002899169921875	negative	0.3390941619873047		resolved_direction_conflict
CMAD-XC-Q4-I-L1-D11	CMAD-XC-Q4	I-L1-D11	primary	naturalistic_primary_development	0.6012496948242188	0.001800537109375	positive	-0.6012496948242188		-5.937700271606445	0.001190185546875	negative	5.937700271606445		-0.2892303466796875	0.0002899169921875	negative	0.2892303466796875		resolved_direction_conflict
CMAD-XC-Q4-I-L2-D00	CMAD-XC-Q4	I-L2-D00	primary	naturalistic_primary_development	0.5047531127929688	0.001800537109375	positive	-0.5047531127929688		-1.287607192993164	0.001190185546875	negative	1.287607192993164		-0.10300827026367188	0.0002899169921875	negative	0.10300827026367188		resolved_direction_conflict
CMAD-XC-Q4-I-L2-D01	CMAD-XC-Q4	I-L2-D01	primary	naturalistic_primary_development	-0.3135795593261719	0.001800537109375	negative	0.3135795593261719		-2.9538021087646484	0.001190185546875	negative	2.9538021087646484		-0.29642295837402344	0.0002899169921875	negative	0.29642295837402344		same_resolved_direction
CMAD-XC-Q4-I-L2-D10	CMAD-XC-Q4	I-L2-D10	primary	naturalistic_primary_development	1.6925697326660156	0.001800537109375	positive	-1.6925697326660156		-2.2957897186279297	0.001190185546875	negative	2.2957897186279297		0.1234893798828125	0.0002899169921875	positive	-0.1234893798828125		resolved_direction_conflict
CMAD-XC-Q4-I-L2-D11	CMAD-XC-Q4	I-L2-D11	primary	naturalistic_primary_development	0.45977783203125	0.001800537109375	positive	-0.45977783203125		-3.517141342163086	0.001190185546875	negative	3.517141342163086		-0.07915496826171875	0.0002899169921875	negative	0.07915496826171875		resolved_direction_conflict
CMAD-XC-Q4-L-minus-N-L1-D0	CMAD-XC-Q4	L-minus-N-L1-D0	secondary	naturalistic_primary_development	-0.7751045227050781	0.0009002685546875	negative	0.7751045227050781	stable_correct	-0.10183906555175781	0.0005950927734375	negative	0.10183906555175781	stable_correct	0.17992019653320312	0.00014495849609375	positive	-0.17992019653320312	stable_correct	resolved_direction_conflict
CMAD-XC-Q4-L-minus-N-L1-D01	CMAD-XC-Q4	L-minus-N-L1-D01	secondary	naturalistic_primary_development	-0.2372417449951172	0.0009002685546875	negative	0.2372417449951172	stable_correct	-0.4708576202392578	0.0005950927734375	negative	0.4708576202392578	stable_correct	0.4840126037597656	0.00014495849609375	positive	-0.4840126037597656	stable_correct	resolved_direction_conflict
CMAD-XC-Q4-L-minus-N-L1-D10	CMAD-XC-Q4	L-minus-N-L1-D10	secondary	naturalistic_primary_development	-0.25731468200683594	0.0009002685546875	negative	0.25731468200683594	stable_correct	-0.3953704833984375	0.0005950927734375	negative	0.3953704833984375	stable_correct	0.04189872741699219	0.00014495849609375	positive	-0.04189872741699219	stable_correct	resolved_direction_conflict
CMAD-XC-Q4-L-minus-N-L2-D0	CMAD-XC-Q4	L-minus-N-L2-D0	secondary	naturalistic_primary_development	-0.7365684509277344	0.0009002685546875	negative	0.7365684509277344	stable_correct	-3.566558837890625	0.0005950927734375	negative	3.566558837890625	stable_correct	-0.29004859924316406	0.00014495849609375	negative	0.29004859924316406	stable_correct	same_resolved_direction
CMAD-XC-Q4-L-minus-N-L2-D01	CMAD-XC-Q4	L-minus-N-L2-D01	secondary	naturalistic_primary_development	0.3608207702636719	0.0009002685546875	positive	-0.3608207702636719	stable_correct	-1.575021743774414	0.0005950927734375	negative	1.575021743774414	stable_correct	-0.057498931884765625	0.00014495849609375	negative	0.057498931884765625	stable_correct	resolved_direction_conflict
CMAD-XC-Q4-L-minus-N-L2-D10	CMAD-XC-Q4	L-minus-N-L2-D10	secondary	naturalistic_primary_development	0.4466114044189453	0.0009002685546875	positive	-0.4466114044189453	stable_correct	-1.1627349853515625	0.0005950927734375	negative	1.1627349853515625	stable_correct	0.03451347351074219	0.00014495849609375	positive	-0.03451347351074219	stable_correct	resolved_direction_conflict
CMAD-XC-Q4-N-D0	CMAD-XC-Q4	N-D0	secondary	naturalistic_primary_development	2.0042381286621094	0.0009002685546875	positive	-2.0042381286621094	stable_correct	7.590129852294922	0.0005950927734375	positive	-7.590129852294922	stable_correct	0.6930294036865234	0.00014495849609375	positive	-0.6930294036865234	stable_correct	same_resolved_direction
CMAD-XC-Q4-N-D01	CMAD-XC-Q4	N-D01	secondary	naturalistic_primary_development	0.5932693481445312	0.0009002685546875	positive	-0.5932693481445312	stable_correct	2.6447906494140625	0.0005950927734375	positive	-2.6447906494140625	stable_correct	0.16405677795410156	0.00014495849609375	positive	-0.16405677795410156	stable_correct	same_resolved_direction
CMAD-XC-Q4-N-D10	CMAD-XC-Q4	N-D10	secondary	naturalistic_primary_development	2.5136280059814453	0.0009002685546875	positive	-2.5136280059814453	stable_correct	2.8905162811279297	0.0005950927734375	positive	-2.8905162811279297	stable_correct	0.4919567108154297	0.00014495849609375	positive	-0.4919567108154297	stable_correct	same_resolved_direction
CMAD-XC-Q4-R-L0-W0	CMAD-XC-Q4	R-L0-W0	secondary	naturalistic_primary_development	-0.07836723327636719	0.0009002685546875	negative	0.07836723327636719	stable_correct	-0.17914199829101562	0.0005950927734375	negative	0.17914199829101562	stable_correct	-0.2473163604736328	0.00014495849609375	negative	0.2473163604736328	stable_correct	same_resolved_direction
CMAD-XC-Q4-R-L0-W1	CMAD-XC-Q4	R-L0-W1	secondary	naturalistic_primary_development	0.5943450927734375	0.0009002685546875	positive	-0.5943450927734375	stable_correct	-0.7596511840820312	0.0005950927734375	negative	0.7596511840820312	stable_correct	-0.222747802734375	0.00014495849609375	negative	0.222747802734375	stable_correct	resolved_direction_conflict
CMAD-XC-Q4-R-L1-W0	CMAD-XC-Q4	R-L1-W0	secondary	naturalistic_primary_development	0.8744869232177734	0.0009002685546875	positive	-0.8744869232177734	stable_correct	-2.5268497467041016	0.0005950927734375	negative	2.5268497467041016	stable_correct	-0.456451416015625	0.00014495849609375	negative	0.456451416015625	stable_correct	resolved_direction_conflict
CMAD-XC-Q4-R-L1-W1	CMAD-XC-Q4	R-L1-W1	secondary	naturalistic_primary_development	2.0687007904052734	0.0009002685546875	positive	-2.0687007904052734	stable_correct	-1.3829936981201172	0.0005950927734375	negative	1.3829936981201172	stable_correct	-0.2870979309082031	0.00014495849609375	negative	0.2870979309082031	stable_correct	resolved_direction_conflict
CMAD-XC-Q4-R-L2-W0	CMAD-XC-Q4	R-L2-W0	secondary	naturalistic_primary_development	1.1094493865966797	0.0009002685546875	positive	-1.1094493865966797	stable_correct	-1.1873245239257812	0.0005950927734375	negative	1.1873245239257812	stable_correct	-0.020818710327148438	0.00014495849609375	negative	0.020818710327148438	stable_correct	resolved_direction_conflict
CMAD-XC-Q4-R-L2-W1	CMAD-XC-Q4	R-L2-W1	secondary	naturalistic_primary_development	1.3677024841308594	0.0009002685546875	positive	-1.3677024841308594	stable_correct	-1.3229904174804688	0.0005950927734375	negative	1.3229904174804688	stable_correct	-0.0054798126220703125	0.00014495849609375	negative	0.0054798126220703125	stable_correct	resolved_direction_conflict
CMAD-XC-Q4-R-on-E-L1-W0	CMAD-XC-Q4	R-on-E-L1-W0	primary	naturalistic_primary_development	0.9528541564941406	0.001800537109375	positive	-0.9528541564941406		-2.347707748413086	0.001190185546875	negative	2.347707748413086		-0.2091350555419922	0.0002899169921875	negative	0.2091350555419922		resolved_direction_conflict
CMAD-XC-Q4-R-on-E-L1-W1	CMAD-XC-Q4	R-on-E-L1-W1	primary	naturalistic_primary_development	1.474355697631836	0.001800537109375	positive	-1.474355697631836		-0.6233425140380859	0.001190185546875	negative	0.6233425140380859		-0.06435012817382812	0.0002899169921875	negative	0.06435012817382812		resolved_direction_conflict
CMAD-XC-Q4-R-on-E-L2-W0	CMAD-XC-Q4	R-on-E-L2-W0	primary	naturalistic_primary_development	1.1878166198730469	0.001800537109375	positive	-1.1878166198730469		-1.0081825256347656	0.001190185546875	negative	1.0081825256347656		0.22649765014648438	0.0002899169921875	positive	-0.22649765014648438		resolved_direction_conflict
CMAD-XC-Q4-R-on-E-L2-W1	CMAD-XC-Q4	R-on-E-L2-W1	primary	naturalistic_primary_development	0.7733573913574219	0.001800537109375	positive	-0.7733573913574219		-0.5633392333984375	0.001190185546875	negative	0.5633392333984375		0.2172679901123047	0.0002899169921875	positive	-0.2172679901123047		resolved_direction_conflict
CMAD-XC-Q4-RW-L0	CMAD-XC-Q4	RW-L0	secondary	naturalistic_primary_development	0.6727123260498047	0.001800537109375	positive	-0.6727123260498047		-0.5805091857910156	0.001190185546875	negative	0.5805091857910156		0.024568557739257812	0.0002899169921875	positive	-0.024568557739257812		resolved_direction_conflict
CMAD-XC-Q4-RW-L1	CMAD-XC-Q4	RW-L1	secondary	naturalistic_primary_development	1.1942138671875	0.001800537109375	positive	-1.1942138671875		1.1438560485839844	0.001190185546875	positive	-1.1438560485839844		0.16935348510742188	0.0002899169921875	positive	-0.16935348510742188		same_resolved_direction
CMAD-XC-Q4-RW-L2	CMAD-XC-Q4	RW-L2	secondary	naturalistic_primary_development	0.2582530975341797	0.001800537109375	positive	-0.2582530975341797		-0.1356658935546875	0.001190185546875	negative	0.1356658935546875		0.015338897705078125	0.0002899169921875	positive	-0.015338897705078125		resolved_direction_conflict
CMAD-XC-Q4-Swap-L0-D01	CMAD-XC-Q4	Swap-L0-D01	secondary	naturalistic_primary_development	6.7098236083984375	0.0009002685546875	positive	-6.7098236083984375	stable_correct	4.321338653564453	0.0005950927734375	positive	-4.321338653564453	stable_correct	1.443765640258789	0.00014495849609375	positive	-1.443765640258789	stable_correct	same_resolved_direction
CMAD-XC-Q4-Swap-L0-D10	CMAD-XC-Q4	Swap-L0-D10	secondary	naturalistic_primary_development	7.223360061645508	0.0009002685546875	positive	-7.223360061645508	stable_correct	4.005718231201172	0.0005950927734375	positive	-4.005718231201172	stable_correct	1.3994770050048828	0.00014495849609375	positive	-1.3994770050048828	stable_correct	same_resolved_direction
CMAD-XC-Q4-Swap-L1-D01	CMAD-XC-Q4	Swap-L1-D01	secondary	naturalistic_primary_development	6.571310043334961	0.0009002685546875	positive	-6.571310043334961	stable_correct	4.755474090576172	0.0005950927734375	positive	-4.755474090576172	stable_correct	1.5577583312988281	0.00014495849609375	positive	-1.5577583312988281	stable_correct	same_resolved_direction
CMAD-XC-Q4-Swap-L1-D10	CMAD-XC-Q4	Swap-L1-D10	secondary	naturalistic_primary_development	6.600324630737305	0.0009002685546875	positive	-6.600324630737305	stable_correct	4.9602813720703125	0.0005950927734375	positive	-4.9602813720703125	stable_correct	1.3269538879394531	0.00014495849609375	positive	-1.3269538879394531	stable_correct	same_resolved_direction
CMAD-XC-Q4-Swap-L2-D01	CMAD-XC-Q4	Swap-L2-D01	secondary	naturalistic_primary_development	5.6427154541015625	0.0009002685546875	positive	-5.6427154541015625	stable_correct	4.567277908325195	0.0005950927734375	positive	-4.567277908325195	stable_correct	1.300058364868164	0.00014495849609375	positive	-1.300058364868164	stable_correct	same_resolved_direction
CMAD-XC-Q4-Swap-L2-D10	CMAD-XC-Q4	Swap-L2-D10	secondary	naturalistic_primary_development	7.509218215942383	0.0009002685546875	positive	-7.509218215942383	stable_correct	3.9417667388916016	0.0005950927734375	positive	-3.9417667388916016	stable_correct	1.0202598571777344	0.00014495849609375	positive	-1.0202598571777344	stable_correct	same_resolved_direction
CMAD-XC-Q4-Swap-on-E-L1-D01	CMAD-XC-Q4	Swap-on-E-L1-D01	secondary	naturalistic_primary_development	-0.13851356506347656	0.001800537109375	negative	0.13851356506347656		0.43413543701171875	0.001190185546875	positive	-0.43413543701171875		0.11399269104003906	0.0002899169921875	positive	-0.11399269104003906		resolved_direction_conflict
CMAD-XC-Q4-Swap-on-E-L1-D10	CMAD-XC-Q4	Swap-on-E-L1-D10	secondary	naturalistic_primary_development	-0.6230354309082031	0.001800537109375	negative	0.6230354309082031		0.9545631408691406	0.001190185546875	positive	-0.9545631408691406		-0.07252311706542969	0.0002899169921875	negative	0.07252311706542969		resolved_direction_conflict
CMAD-XC-Q4-Swap-on-E-L2-D01	CMAD-XC-Q4	Swap-on-E-L2-D01	secondary	naturalistic_primary_development	-1.067108154296875	0.001800537109375	negative	1.067108154296875		0.2459392547607422	0.001190185546875	positive	-0.2459392547607422		-0.143707275390625	0.0002899169921875	negative	0.143707275390625		resolved_direction_conflict
CMAD-XC-Q4-Swap-on-E-L2-D10	CMAD-XC-Q4	Swap-on-E-L2-D10	secondary	naturalistic_primary_development	0.285858154296875	0.001800537109375	positive	-0.285858154296875		-0.06395149230957031	0.001190185546875	negative	0.06395149230957031		-0.37921714782714844	0.0002899169921875	negative	0.37921714782714844		resolved_direction_conflict
CMAD-XC-Q4-W-L0-R0	CMAD-XC-Q4	W-L0-R0	secondary	naturalistic_primary_development	0.9187965393066406	0.0009002685546875	positive	-0.9187965393066406	stable_correct	1.0817584991455078	0.0005950927734375	positive	-1.0817584991455078	stable_correct	-0.09162712097167969	0.00014495849609375	negative	0.09162712097167969	stable_correct	resolved_direction_conflict
CMAD-XC-Q4-W-L0-R1	CMAD-XC-Q4	W-L0-R1	secondary	naturalistic_primary_development	1.5915088653564453	0.0009002685546875	positive	-1.5915088653564453	stable_correct	0.5012493133544922	0.0005950927734375	positive	-0.5012493133544922	stable_correct	-0.06705856323242188	0.00014495849609375	negative	0.06705856323242188	stable_correct	resolved_direction_conflict
CMAD-XC-Q4-W-L1-R0	CMAD-XC-Q4	W-L1-R0	secondary	naturalistic_primary_development	-0.028635025024414062	0.0009002685546875	negative	0.028635025024414062	stable_correct	-1.5871620178222656	0.0005950927734375	negative	1.5871620178222656	stable_correct	-0.18654823303222656	0.00014495849609375	negative	0.18654823303222656	stable_correct	same_resolved_direction
CMAD-XC-Q4-W-L1-R1	CMAD-XC-Q4	W-L1-R1	secondary	naturalistic_primary_development	1.165578842163086	0.0009002685546875	positive	-1.165578842163086	stable_correct	-0.44330596923828125	0.0005950927734375	negative	0.44330596923828125	stable_correct	-0.017194747924804688	0.00014495849609375	negative	0.017194747924804688	stable_correct	resolved_direction_conflict
CMAD-XC-Q4-W-L2-R0	CMAD-XC-Q4	W-L2-R0	secondary	naturalistic_primary_development	0.1004638671875	0.0009002685546875	positive	-0.1004638671875	stable_correct	-0.5844364166259766	0.0005950927734375	negative	0.5844364166259766	stable_correct	-0.28504180908203125	0.00014495849609375	negative	0.28504180908203125	stable_correct	resolved_direction_conflict
CMAD-XC-Q4-W-L2-R1	CMAD-XC-Q4	W-L2-R1	secondary	naturalistic_primary_development	0.3587169647216797	0.0009002685546875	positive	-0.3587169647216797	stable_correct	-0.7201023101806641	0.0005950927734375	negative	0.7201023101806641	stable_correct	-0.2697029113769531	0.00014495849609375	negative	0.2697029113769531	stable_correct	resolved_direction_conflict
CMAD-XC-Q4-W-on-E-L1-R0	CMAD-XC-Q4	W-on-E-L1-R0	primary	naturalistic_primary_development	-0.9474315643310547	0.001800537109375	negative	0.9474315643310547		-2.6689205169677734	0.001190185546875	negative	2.6689205169677734		-0.09492111206054688	0.0002899169921875	negative	0.09492111206054688		same_resolved_direction
CMAD-XC-Q4-W-on-E-L1-R1	CMAD-XC-Q4	W-on-E-L1-R1	primary	naturalistic_primary_development	-0.4259300231933594	0.001800537109375	negative	0.4259300231933594		-0.9445552825927734	0.001190185546875	negative	0.9445552825927734		0.04986381530761719	0.0002899169921875	positive	-0.04986381530761719		resolved_direction_conflict
CMAD-XC-Q4-W-on-E-L2-R0	CMAD-XC-Q4	W-on-E-L2-R0	primary	naturalistic_primary_development	-0.8183326721191406	0.001800537109375	negative	0.8183326721191406		-1.6661949157714844	0.001190185546875	negative	1.6661949157714844		-0.19341468811035156	0.0002899169921875	negative	0.19341468811035156		same_resolved_direction
CMAD-XC-Q4-W-on-E-L2-R1	CMAD-XC-Q4	W-on-E-L2-R1	primary	naturalistic_primary_development	-1.2327919006347656	0.001800537109375	negative	1.2327919006347656		-1.2213516235351562	0.001190185546875	negative	1.2213516235351562		-0.20264434814453125	0.0002899169921875	negative	0.20264434814453125		same_resolved_direction
