id,content,label,x,y,cluster
3346,话是这样说，但是像我们这样的普信男国女又看不上 不但看不上 还大加嘲讽 结婚彩礼不算车房都要几十万 有些郭楠在部分国女眼里早就被开除人籍了 只有黑皮白皮才是人上人,others,-0.77971226,10.959548,1
1646,我190+，但是这种墓垢还是铁鲨鼻,Sexism,2.7727633,6.6461368,7
2076,笑死，要是刷男女的没人有意见，真就高贵的同性恋呗??,LGBTQ,-3.8058648,10.003973,0
4460,居然没有一个拳师冲。,Sexism,1.028457,7.274671,4
1460,征尼大将军,Racism,1.6979934,9.39766,7
3649,非洲人踢球猛，打篮球更猛，跑步无敌。可是有什么用呢？？？根本没有办法改变国家民族，让大部分人生活的更好。,Racism,2.3803463,12.368161,2
1313,举个例子吧，一家公司要招个保安，结果有9个女人和1个男的应聘。但这家公司能拿出至少十个理由来拒绝掉女的，最终只招了那男人,Sexism,-1.1551813,8.3618965,3
2241,别埋汰失足女，跟过黑人的那叫人么，跟动物有啥区别,others,0.75135595,11.609875,1
318,你可真厉害你的虫爹把曾经白人建设无比繁荣辉煌南非毁了同时又跑到这来大谈引进国际鬼子虫类及其它们后代虫混的理由对于你这点居心叵测的小心思我早已看透,Racism,3.068343,9.399175,2
5645,哈哈哈哈，完全是调侃，男人味是指身上气味大，器大活好是女人认为的，我就顺口这么一说,others,0.3301198,10.7011795,0
423,我广东人，说实话广东人和广西人，总体来说的确是丑人多。如果你去过四川，东北这些地方玩过，你会发现这几个地方的平均颜值高广东几个档次,Region,5.2609277,10.970618,8
3761,本东北人表示的确如此，河南黑吉山东毕竟被黑一个是穷一个是毕竟知名，江西这几年彩礼也风口，至于青海这种地方，你问他青海属于西藏还是新疆，很多人的确会谨慎地二选一的。,Region,7.0756807,10.786649,8
4683,要把一滴血原则带到中国来,Racism,2.2224877,11.753832,4
2005,我说实话，我膈应，我觉得我的思想还是偏保守，再者我认为讨厌黑人不算是思想保守，只是看见了很多事情之后的一种总结,Racism,1.2087762,12.972901,2
7138,答主是大部分人的想法，很多人潜意识都是不接受的，只是很多人都不敢去表达对于同性恋的态度，随着时代发展，同性恋也越来越敢发声了，我们不能对同性恋有任何意见，有意见就是歧视。同性恋越来越会道德绑架了！,LGBTQ,-4.0354023,9.131597,9
7434,你知道你们的主子是怎么评价你们的嘛 “chinese women's pussy smells like dead fish”😆声名远播了属于是，给你们取个新名字吧dead fish girl怎么样🤭,Sexism,-0.027178144,9.887464,0
6295,为什么我觉得世界女权是在故意抹黑中国女性呢？中国女性中真正的口区女权比例不大吧？为什么要所有中国女性背锅,others,-1.4516333,7.1511135,3
927,广州就是黑河南、黑北方的总部,Region,5.922061,11.827217,8
5016,举报外教从我做起，电商的发展也会把一些垃圾去除，加速才是我们想要的。,Racism,2.7609663,10.919813,4
1675,西安本地作风彪悍的大多是东边某省逃荒过来的后裔,Region,8.093912,10.159476,6
3235,好家伙，间接黑了一波北京（玩笑）,Region,6.172958,8.413666,6
6411,确实，我同意要自由恋爱，爱情不分人种和肤色，什么?问我女儿要找个黑人怎么办?就当没生过喽,Racism,0.17403713,12.10209,1
6091,默滚出中国就行了。,Racism,1.187809,10.820428,4
1753,五角场附近的女大学生，基本985了吧？一群女人和黑人留学生玩转盘，比起海天盛宴还刺激，这可是985的女大学生啊，可以英语交流的，我知道你不信，可现实就是如此。🤣,others,0.09316288,12.395642,1
2775,艾滋，滥交，犯罪，吸毒贩毒，粘上一样非死即伤。有交往就有潜在风险，大家都是正常人，趋利避害是本能。希望大家努力，打击默的生存空间，让社会光明一点。,others,-2.5340853,11.830095,5
1442,失足妇女是要钱，可以理解。,Sexism,-0.9685522,9.297375,3
2269,女quan真的是要挑起争端吗？大言不惭的攻击郭嘉的执fa制度，明明厌男，却又想结婚找男人要20万的彩礼，讨厌男人还让它的哥哥帮它寻找yan遇。不理解，实在是不理解。搞女quan是为了压榨男性的剩余价值吗？,Sexism,-1.3168492,7.8810925,3
460,没有世界帮助，非洲还生活在原始社会。,Racism,1.8983063,12.5296135,2
638,女拳挑拨夫妻关系，婆媳关系，甚至挑拨女儿与父母的关系，以拆散家庭为目的，纯属一群变态,Sexism,-1.0492749,7.5203905,3
1950,无艾不是真基,others,-3.7199137,11.496942,5
1037,第一句话，中国女性是唯一被批评的女性群体。这真是我见过最长的一根杆子。,Sexism,-0.8317466,10.516203,3
2750,当你已经沦落到与乐色为伍，还把乐色举高过自己的头顶的时候，你已经连乐色都不如了。那天我去买塑料袋。有黄色的白色的透明的还有黑色的，我问老板，哪一种颜色的最便宜？老板说黑色的最便宜。我问为什么黑色的最便宜？老板答，因为黑色的是垃圾材料。,Racism,1.2413677,11.576929,0
7090,性取向都扭曲了的人怎么会觉得恶心呢😓,LGBTQ,-3.854505,8.700295,9
3319,精神科医生好久不见我是反同二局的,LGBTQ,-3.9277787,10.094761,0
6035,哈哈雀食，上大人果然都是你这样😄,Region,-0.05184079,9.29473,7
7526,钓鱼的吧，除非让你全家女性照顾黑人,others,0.51517475,12.921391,2
1558,我就是这个意思啊：被黑并不完全是经济原因。答主不必为这个生气，各地都会因不同的原因被黑。,Region,5.6552515,10.197215,6
5267,提啥？我已经不考虑母的,Sexism,-2.103431,8.435158,4
1266,本来我们才是白种人，被西方丑化才被说成是黄祸,Racism,2.6110945,12.878852,2
4743,这肯定怕啊！就像我不排斥找欧美白人帅哥的女生，毕竟看到那些帅哥我一个男的都喜欢，但是女生们非要找又丑又穷，还要倒贴的垃圾，我就是在费解了！,others,-0.6143923,11.138038,1
2919,这些个女人最后找完黑皮男友爽过之后还不是要找国人结婚，祸害国内男生，谁娶到这种女生谁倒霉，找黑的女生都是不知廉耻的，道德败坏，对感情不忠的人，无一例外，以后也会给自己老公带多少顶绿帽子都不知道,others,-0.3507536,12.15212,1
3084,作为男人我认同男女一致，我也认同去追求个人幸福，只要你别回来也别带黑娃回来就行。我可不想中国变法兰西斯坦，不希望改变人种结构。也呼吁其他男性朋友不要把黑男黑女区别对待，不然你讨论的就不是黑人问题而是输出情绪或是搞性别对立,Racism,-0.26272658,12.670771,1
913,其实没啥的，就是炮友吗，艾滋病毒多点而已,others,-2.4469485,11.862105,5
6789,结婚纯累赘,Sexism,-1.8273257,8.817888,3
508,黑人没有教化的。非洲黑人把讨吃当成好传统，教会小孩讨吃。,Racism,2.1566896,12.431132,2
3382,到时候好看的妹妹一个不剩，剩下的全是重型坦克,Sexism,0.70151484,10.528768,7
5564,害就是淮河流域嘛，传统的农业区，自然灾害频发，经济教育资源都匮乏，文化素质整体也不高，而且距离他们最近的发达地区就是长三角，去了之后又犯事，自然就被歧视了,Region,6.089484,9.839522,6
5955,选择器喽，那些找泥搁的女人的智商水平，社会责任感和价值观显然不配和正常的国人哺育正常的后代😄可惜就是有人爱接盘😄,others,0.35088542,10.32159,3
5902,直接规定新法，嫁给外国人，自动失去中国国籍。,others,0.91533977,12.2065115,4
1660,不是，討厭女性，不想跟女性相處，這不是歧視，你隻是gay了,LGBTQ,-3.8152783,8.951937,9
73,我嫌弃他们丑😅,others,5.8713746,10.758322,4
65,告诉她们，我家牛栏的公牛最近发春，吊又长又大，是真的大，不是怕片宣传挑出来的大，送给她们夜夜春宵，免费，没艾滋病,Sexism,-2.091958,10.504293,0
1680,美国人牛啊 能打 你们吴越人能打吗？要是古代就是吴越统一天下那现在肯定都在学吴语,Region,6.4665933,9.621584,4
4834,这个索玛女王不是被曝是男的么，专门收国外的钱，然后挑拨国内性别对立。,Sexism,-0.94510996,7.1965966,3
357,地域黑比较典型的几个，按大区域东北被黑，按省河南被黑，二线城市武汉被黑，一线城市广州被黑🤣,Region,6.2179484,10.182316,6
4109,这有一条公狗，鸡奸这个鸭子啊,Sexism,2.0150433,8.862025,7
6466,唐山也被骂的好惨😭,Region,6.7131886,10.059187,6
293,看来非洲真是未来人口增长的主动力。,Region,1.6599909,12.511971,2
3513,毕竟国外对这事比较放得开，老外都说中国女留学生比本地女人更开放,Sexism,-0.83845836,10.665797,1
2554,犹太人凯乐奇计划就是要中国引入其他种族，制造新的种族，灭绝中华民族、中华文化。,Racism,2.418488,11.152028,4
5268,很好，以其人之道还治其人之身，可惜某些人却要倒贴黑,Racism,2.5474234,11.64706,4
5095,放心吧正常男人不会喜欢黑女的,others,0.4153418,12.910453,1
3373,虽然说美女也有概率感染，但我还是选美女,Sexism,-2.124084,11.810991,0
7190,为啥是回民和东北人会被黑啊？,Region,7.182028,11.350549,8
5691,娶N婚也不能要和黑人处过的啊,Racism,0.72614855,13.150206,1
1966,你这心态不行啊，经济基础决定上层建筑么不是，河南省要是在东南沿海你看谁敢多说一句？🙂北方嘛，说那么多没什么意义，什么好的坏的，你看黑吉辽那一亿人还不是被黑的裤子都穿不上？,Region,7.091526,10.604244,8
6862,普通女生无罪，有罪的是一开始男扮女装挑起性别对立的键盘侠,Sexism,-1.1598669,7.488182,3
4853,美国现在已经被白左占领了，还好中国不是这样,others,3.3010206,10.793764,4
5359,关键是辨别不出来，要是媚黑在身上纹一个黑桃就方便了,others,0.50845414,11.857533,0
4829,你这加一起四舍五入没有黑天津的多,Region,7.055473,10.331495,6
5138,所以 就更该学日本人，啥都没有，踩雷了损失也不大。,Region,-0.06149235,10.854389,4
2228,我就是湖南人呀，你们讨厌我们，我们湖南人还讨厌你，你以为你是谁啊！我们湖南人大部分都是好人，热情好客，包括我自己也是。有本事你一辈子别来湖南！！！,Region,7.746947,10.739297,6
3935,姆蛆好恶心?,Sexism,3.2696161,8.445123,7
2551,看来女光棍对社会危害性确实非常大,Sexism,-2.1148171,7.735226,3
466,你去抖音弄个黑人身份，就会有女的私信你,others,0.1798626,11.805321,1
1378,浦东惠南地铁站经常看到黑人出没，应该是那几个外国语学校的留学生或者洋垃圾黑外教，发现它的窝就举报它,Racism,3.1747851,12.334905,2
3116,各位我错了，不该编故事，小管家威胁我，必须删帖子，取匿并道歉，故事虽然是假的，但是这种现象肯定是常态。我应该戳破女拳的痛处了，得罪人了。小管家中有女拳，匿名编故事骂男人抹黑男人没事。但是匿名编故事说女人的实话就不可以。就必须出来澄清。我错了，暂时退乎，请不要人肉我的单位。我是开玩笑的，惹不起原答案删了，另外一个答案也删了,Sexism,-1.5219634,8.935521,3
958,真实，也是情理之中，就像大家在网上呼吁不要歧视艾滋病人一样，生活中遇到真艾滋病人都会自动走开,others,-2.5950077,12.179863,5
2290,黑河南、黑北方的总部是广州，核心地带是从上海到广州的整个东南沿海，范围是整个南方,Region,6.0108256,11.877129,8
3187,大家把我帖子多宣传，我们开发出可以使黑人的古龙水发臭的东西在黑人聚集地发散开，或者给中国女人们使用或者佩戴，保证黑人们一个都混不下去。,Racism,0.50039417,11.611849,2
7049,可见全球所有国际鬼子虫类及其它们后代虫混它们统一基因的激情犯罪是它们身体内必不可少基因之一,Racism,3.0880244,9.438407,7
6312,一般人都怼东北吧😅。有些东北人不是搞不清，他就是直说江浙沪，所以最近被打脸打太厉害硬造了一个江南系，我也不知道是说谁。。。,Region,6.220062,10.884764,8
4589,太爽了，打死这帮乱咬人的女拳,Sexism,-0.36893523,7.265112,7
407,B站奇趣蛋双标现场,Sexism,0.4438283,8.715651,7
5565,崇洋媚外本身就是一种种族主义，这种行为不也是看皮肤说事么？他们有啥资格指责别人？,Racism,1.2231687,11.8759165,1
7398,所以他是gay，然后跑到反同群里面开盒，是这样吗？还是你们是....,LGBTQ,-3.2288322,10.905881,9
2939,支持正义劲夫,Sexism,-0.31949186,7.419297,7
1778,我靠真能下得去手啊，我去主校区的时候也见过几个又黑又肥又丑看不清脸，可能是我的学校太好了女生都挺保守的，没听说也没看见哪个女生和黑人谈恋爱😅,others,0.29927436,12.963464,1
487,左白舔功令人作呕,Racism,0.6643812,6.809451,7
5729,其他的都不说，为她去非洲生活点赞，別赖在中国，中国不需要黑族,others,0.64676666,12.185715,1
4203,你说的河南人偷井盖才是无关紧要的，都带调侃的味道，但广东是在文化，族群等方面被黑，你别混淆视听，各种社区贴吧用户进去知乎，用户质量素质越来越低，各种地域黑，粤黑会越来越多,Region,8.198879,11.184462,6
1733,是不是吧里这些nt贴都是阿娜发的？,Sexism,-4.5274177,10.32422,0
6155,有趣啊，和没道德的不用讲道德是吧，和我们讲什么道德？我学历不高，但知道平权本身是道德高地，被你学历歧视给拉到道德洼地对不对啊,others,-3.7496538,9.715058,3
5040,人不能总是被动防守，应该想办法主动进攻……我觉得，咱们应该跟黑人妹子交往。有没有谁知道，哪里能遇到黑人妹子呀？,others,0.36997858,13.0962925,2
6403,我们没有说胖，我们只是想说摄像头买小了，用13mm超广角镜头拍摄也没能拍全这位的月佥,others,-0.18018134,8.7852335,0
7259,小汪汪没基佬危害大,LGBTQ,-4.0883827,11.395076,7
1788,大家反通的原因是什么捏？①通讯录很多是孃泡，举止钕性化，造成反感②认为通讯录会染艾，就算现在不会以后也会得③通讯录反yxl④通讯录反自然⑤就是觉得通讯录ex如果有一位txl三观举止正常，不蓝交，不反异，不为txl发声，安静活着，8u们还会觉得这人ex吗？,others,-3.1464481,9.990658,9
6678,我不懂那么多花里胡哨的大道理，我就是单纯的歧视黑人。😓,Racism,2.285516,13.444777,2
1940,我也厌女现在越来越讨厌了,Sexism,-1.1033105,8.28244,3
6568,陕西不算，高贵的陕西人只会黑甘肃人，如果自己做了丑事就会甩锅给甘肃庆阳人跟天水人，反正这两群人也不认为自己是甘肃人。,Region,7.93593,10.241985,6
7400,也不是完全说是背锅 如果是大城市 北京上海 广州你去问老一辈确实很多外地穷的地方来的，加上八九十年代改革开放和华北东北工人失业潮，大批劳工南下经商，很多社会问题，然后老一辈就把这种印象传下来，然后接着有，不过现在没了，我很好奇现实中早已作古的地域黑，怎么网上一见一个有,Region,5.678181,10.115453,6
3036,"外娶你就不制造黑娃了? 外娶外嫁不是重点啊, 黑娃是重点, 你要娶个黑妹白妹, 能别回来吗? 至少别把你的孩子带回中国.",Racism,-0.19928166,12.60774,1
3874,你猜出国的人什么嘴脸？,others,1.3745044,11.144953,4
4761,她们也就知道几个娘炮了，你说对吧彦祖,Sexism,-2.8046782,8.975085,4
3996,建议这个幕狗自己买车差点忘了，幕狗连车轮子都买不起,Sexism,1.5612288,7.4577823,0
1752,自己女儿如果交往黑人，那就要反思是不是自己没教好了👍️,others,0.04074583,13.1573305,1
2296,不区分，不和作的，爱占便宜的女性玩。很简单啊，看说话方式就很好区分了,Sexism,-0.82089055,8.834737,3
2860,总结一句话 北方太大了人口众多感觉长的都一样操着原味国语，东北三省更是北方代表，南方人则强调地域的独特性。整体来看南方并不如北方团结😅,Region,6.43302,11.022438,8
654,普信女真恐怖。兄弟们去网曝她。,Sexism,0.09865355,8.545482,7
7407,如果馆内没有他们的同类异性他们当然不会去寻找异性。,LGBTQ,-3.509116,9.320139,4
4551,上海属于被反噬,Region,6.070738,8.654453,6
5536,说实话，我认识的苏北男生多数确实不想和他相处。,Region,6.804676,8.621095,6
6820,巴不得巴不得你们男的都去找机器人，不要碰女的我看到你们就恶心！,Sexism,-3.2944582,8.513879,0
3957,不管在任何平台看到有中国人跟黑人结婚的，就告诉他他们的孩子一辈子会遭到歧视，父母都是爱孩子的，他们听了这个话会受到很大的打击,Racism,1.8752264,12.063728,1
3229,你男的女的？回答全离不开“国男”两个字，这就纯粹故意引战啊,Sexism,-0.5061464,8.530286,3
3208,可惜真正嫁出去的绝大部分找到都是外国瘪三和老头子。任何民族的精英男性都不会考虑外国人，你见过中国的精英男找外国女的吗？是他们没能力找吗？,others,-0.64580476,10.95437,1
2908,🤣🤣🤣确实内斗严重，天天看苏南苏北互喷,Region,6.952298,8.664976,6
5965,值得批判！我不明白为什么人种没有生殖隔离呢？爱美之心人皆有之！一白遮百丑！美白，美白，美听说过美黑的。没见过黑人去选美的。,Racism,1.0638837,12.047228,1
7,对号入座了，茶壶嘴破防了，戳到痛处了心脏不好的都来我这接种预防针,Sexism,-0.30135715,8.141499,0
5396,女生我更不想了。。。苏北男的当街打老婆我亲眼目睹,Region,-1.495136,8.419033,3
2589,这么说吧，如果男人连自己女人智商正常都无法保证，那么一切都是自食其果,Sexism,-0.8348533,9.072158,3
5302,女拳男能不能414阿？,Sexism,-0.6215438,7.7722545,3
2820,不管你咋说，我不喜欢非洲黑人，男人 ，也没怎么看到中国男人搞黑人 倒是在某些网站上看到不少某些中国女人被黑人玩,Racism,-0.06303981,12.537348,1
7149,都是些没人要的钼刃在网上翻天覆地,Sexism,2.493354,6.9943013,7
102,你们同性恋不包容反同可以拉黑对方龟缩在家里不见人见光就可以了，你们同性恋不需要来这个吧，有拉黑功能可以让你们逃避现实活在自己的世界里。同性恋太丢脸太恶心了一定要拉黑回避正常人。反同是正常的逃不逃避拉不拉黑你们也是正常的但你们同性恋是不正常的不能见人见光所以需要拉黑我们反同才能逃避现实活在自己的世界里。,LGBTQ,-3.5687895,9.775767,9
1245,同性恋不过是一种性癖而已，有什么可歌颂的。如果真要这样的话，是不是也该把恋物pi，恋tong癖，恋shou癖，恋shi癖歌颂一下？,LGBTQ,-4.350976,9.685971,9
49,阎王老子来了 我就是种族内个歧视了🐶帽子我自己带好,Racism,2.604407,13.533757,2
2983,广西的桂柳地区长相跟全国其他地区差异不大，其他地区，嗯，就典型的岭南长相。,Region,5.2325635,10.919629,8
6753,亩枸还能叫得动，恰恰说明我们还不够暴力太过同情奥。我们承诺，往后将会更加暴力毫无同情，势要打到它全身瘫痪为止,Sexism,1.8019844,8.669423,4
6404,猩猩有文化？,Racism,3.9778225,12.884744,4
5361,他家里人也不是好人知道儿子有艾就要他骗婚。道德败坏,others,-2.4291582,11.458013,5
4604,真的就“最”了？才见过多少。想象过、思考过、体会过就够了，至于高密，谁知道那是个什么地方，如果有天到那，我会想这个名字有点耳熟，这是兴趣的一部分。而不是读完合上书想，高密是吧，太可怕了。二十世纪是吧，太可怕了。人类社会是吧，太可怕了。,Region,7.170396,10.607274,4
4838,对不起啊，我先道个歉我是一个耽美读者，那些莫明就磕cp的其实是腐女我也不知道为什么腐女那么多我也很反感腐女的。,Sexism,-3.3075948,8.924348,9
5054,为什么黑浙江啊,Region,6.694742,9.232005,6
7130,同性恋都是群脑子不正常的玩意，看着就反胃,LGBTQ,-4.6825905,9.446319,9
5626,孙笑川吧！，现在被，女拳给围攻了，我们应该要帮助他们,Sexism,-0.56757516,7.1969976,0
2280,人人平等，人和冻物怎么能平等呢,Racism,3.497475,12.996849,4
6474,支持，消灭同性恋，反同战士们速速集结,LGBTQ,-4.8181243,9.923631,9
3250,南方周末确实很多公知在里面，总说一些地域黑的话,Region,5.8561425,9.923587,6
3967,老僵尸是谁呀？明显是染艾后瘦削的基佬吧，只有艾基肤色才瘦得像僵尸一样,others,-3.526904,11.381572,0
3853,其实互相尊重就好了，我们允许你们同性恋的存在，但也允许我们有些异性恋接受不了！这是生理上抗拒的！,LGBTQ,-4.1364594,9.068073,9
7552,好奇纹了什么字，默吗,Racism,0.9011161,9.735385,7
5102,万一他就是黑黑了,Racism,1.9177022,11.083075,7
4912,别说男人不喜欢了，我坚决不肯跟黑桃皇后们当闺蜜，熟人也不行，就怕哪天往我杯子里下白粉，逼我上他们的贼船。,others,0.4352417,12.861197,0
2482,有个贵物同支持🐔农屠邮，却不知道🐔农也屠同,LGBTQ,-4.877266,10.018379,4
6798,"那对等的，把中国人在非洲下的蛋，和他们的非洲妈一起带回国，那才是杠杠的。lee：在非洲的100万中国男人, 到底留下了多少私生子?!",others,0.12731865,12.307167,1
2436,一个国家女性的待遇是受男性影响的，如果战争来临，男人都不保女的，落入敌手的女人连牲口的待遇都不会有，这是有前车之鉴的，历史上大小战役，男人死战，哪怕国家沦陷，女人也不会过的太糟糕，但是一旦军队一击即溃，一撤千里，最后那些女人都只有沦为玩物的下场女拳应该庆幸现在不是封建时代，否则必定是凌迟之罚,Sexism,-1.6797545,7.6424227,3
892,说明你在她心中是供养者，要是a男，耍脾气她是不敢回的,Sexism,-1.4422061,8.432272,3
1904,当然，香港不说了，不过台湾是真不冤，台湾黑大陆几十年没断过，现在大陆都还没有黑台湾呢！做的最多的仅仅只是把台湾黑大陆的言论放到了大众面前。互联网上台湾和大陆之间的几乎所有视频都是从台媒那里截取的。,Region,4.2462006,10.775804,6
7967,自己不理解说别人糊涂，行河南人是全国的祖宗，怪不得你们被黑的厉害。,Region,8.01919,10.751655,6
4574,大张伟的《阳光彩虹小白马》我最喜欢的歌,Racism,1.2184895,11.193758,7
2081,确实恶心，做室友很惨。睡觉得把蚊帐锁上。,others,-3.8768983,8.659949,0
74,老外很老，一般发育早，在它家乡可能有老婆孩子了。20多岁相当于人类30、40岁夹你，你别回复评论。永远也改不了黑猩猩劣质人的性质。全世界都不欢迎黑，即是到了美国政治正确的国家，也不要你们，马上遣返回老窝。,Racism,2.4648573,10.9646635,1
5149,嗐，上次还有人跟我诡辩说称北京人为正黄旗不算地域歧视，只能算嫉妒、情绪发泄，我能说啥🤔,Region,5.290596,9.948299,6
5381,确实现在她们都开始线上拉客了，男人还得线下赴约,Sexism,-0.2969597,7.066386,3
4227,只有男女之间相爱才是全身心投入爱才有爱情结晶。你们同性恋的爱情结晶是什么？植物也会开花结果，你们同性恋的爱有什么结果？你们同性恋的爱是没有结果的，你们同性恋啥也不懂啥也不是，你们同婚是没有任何意义没有任何结果的。,LGBTQ,-3.365107,10.549332,9
1379,看片都不看黑人,Racism,1.6044384,12.534482,2
3579,你来江苏住一段时间就知道了，或者自己在江苏台官网上看江苏新闻节目，最起码七八成是报道南京和江苏的负面新闻(车祸 情感纠纷 哪里环境差之类的)，很少看到表扬的,Region,7.0116644,8.644376,6
5228,那不是废话吗棒女是靠嘴炮、靠动员力，靠政治运动，才有的如今的声势、地位，她们又不像棒男强制兵役接受军事训练。怎么可能在实战上打的过塔利班,others,-1.4407274,7.5882993,3
6200,男性还好，女性是真得小心这种女的。之前有个新闻，一个谈了黑人男友的女1劈腿了，女1为了安慰她的黑人男友，把她闺蜜女2骗到宾馆配合黑人墙键叁批。完事把女2拿刀捅伤后这两还畏罪跳楼。这种女的是没有智商、底线和道德的。,Sexism,-0.60966307,12.079555,1
1592,同性恋很美好纯洁？呕,LGBTQ,-4.646234,9.37083,9
2695,抚顺瞧不起大庆…,Region,6.5151515,11.319385,8
5460,不是河北没黑点，是隔壁几个兄弟太强😅,Region,7.1446824,10.2344475,8
4000,这个这个河北没存在感。,Region,7.151772,10.215133,6
2159,结婚对男人来讲太亏了，希望男人们都能觉醒，不让女人占便宜，都坚决不结婚,Sexism,-1.890341,8.72194,3
4457,国内媚基巴斯坦人的女人是真的多,Sexism,-0.59265476,10.539859,1
4527,让非处女坦白性史，此方法同样有效，亲测有效🤭,Sexism,-3.2266626,7.1398535,3
4985,这些标子比男人冷血得多，百分之八十都是,Sexism,-1.1500232,8.411838,4
4414,这就是春晚一个节目跟脱口秀一样是好段子啊我身边的正常女性没觉得有被冒犯啊怎么就有人对号入座石砸狗叫了呢,Sexism,-0.0065078703,5.91914,3
6243,微博傻卵玩意废物木人是这样的,Sexism,1.8395797,9.327898,7
4984,艾就一个滋😅,others,-2.6689725,11.716103,5
7106,男的看男同主观恶心 女的看女同主观恶心,LGBTQ,-3.5437748,8.783994,9
2270,呵呵，居然是排名103，除去那几个小国，那也就是世界垫底了，而且是世界人民的垫底了。可是，怎么感觉，外国人非常羡慕中国女性啊？！东亚，中国女性排第一；东南亚，中国女性排第一；前苏联地区，中国女性排第一；印度次大陆，中国女性排第一；阿拉伯，中国女性排第一；.非洲，中国女性排第一；南美，中国女性排第一；北美，中国女性排第一；中、南、西欧洲，中国女性排第一；我就纳闷了，除了这些，上哪找103个国家？莫非，是天国里的吗？,Sexism,-0.5941528,10.720203,1
1494,黑人血统真的太顽固了，哪怕只有四分之一甚至六分之一还全是黑人的影子，说真的看见黄黑小孩比看见纯种黑人还令人难受😅,Racism,1.2771066,11.877332,2
1988,我这么说吧，如果老一辈安徽人是你说的这样，我差不多认同，但现在的安徽人也有三宗罪：遇到问题难用契约精神和讲道理去解决，由于地域问题产生的自卑与仇富，和苏北人一样善于算计和背后耍花招。这三点别不承认，我身边安徽人不多，但我从小到大是遇到过的，我也谈过六安的女朋友，事实就是这样。,Region,7.337134,9.050646,6
5762,怕艾滋病啊，再说了，我会因为她比尺寸而自卑吗😅,others,-2.355819,12.134013,5
484,问题的来源就是现在女性对社会贡献和地位越来越高，以及女人的脑子蠢p事多,Sexism,-2.0470133,7.901985,3
415,扯淡，企业都不要四川人,Region,6.8058944,9.47509,6
3867,黑**应该被美国全面入侵抹杀,Racism,2.9865475,12.343676,2
6705,不小的群体，你攻击他们去啊，怎么就非得加上一个全部的形容词呢？,others,-0.6242571,8.170998,4
7481,一般会这么想，竟然真有憨批找黑人,Racism,2.0859191,12.138201,2
179,圆圈吧出了名的鸡窝都不知道？里面都是卖的还有陪玩的，好多在里明卖。,Sexism,1.2374364,7.8500786,0
600,张口闭口说国男不自信，然后发现你自己却不敢坦白？说白了你也不自信。,Sexism,-0.43637753,8.840989,3
7563,妄图和女人讲道理，自己脑子也有问题,Sexism,-1.1212605,8.249139,3
4952,你这实实是欺负窑姐儿了——人家窑姐儿接了起码还收钱！,Sexism,0.40859175,10.082656,4
5118,胡说八道，男性都是希望喜欢黑人的都去非洲。而不是变成烂裤子以后伪装找国人接手,others,-0.033462618,12.702369,1
4233,又黑额们西安似吧？额们西安人都似神！！！！！今晚乡党们出动，给你个瓜怂家房子都偷走,Region,8.07549,10.204175,6
5480,黑人网红的出现本就是三观不正的体现。,Racism,2.101313,12.047131,2
4640,原来这个吧有反虫吧主不过最后就是被跪虫族就整掉然后过家和百毒从此就监管此吧把这个吧弄成无主之地,Racism,2.1425028,9.446261,0
976,女性基本上连寒暄都不多了，网上个个捍卫女性的恋爱自由——这是不是证明了女权的虚伪？,Sexism,-1.4642196,6.9350767,3
250,谁没事就会开黑？各省之间人员流动都很正常，为啥就河南人一流动就被黑，还不自己好好反省反省跑这来总结了,Region,7.7734346,10.769677,6
1927,说实话，她们爱找谁找谁，你别去接盘就行了。,Sexism,0.043588474,9.299419,3
1505,立即开启印度模式省得她们作,others,-0.17223665,7.2643476,7
6462,经济重心从唐开始就往南移了，为何你觉得南方比北方穷,Region,6.6009035,10.3107815,6
438,在反同群不反同，你自己也说过你是双性恋了，所以要为民除害找你很合理。,LGBTQ,-4.2036715,9.757441,9
5129,你就可怜可怜基佬吧。给他两个吃剩的骨头,LGBTQ,-3.9206855,11.315933,0
1784,有些女的就喜欢玩新鲜感，认为外国男比郭楠好，墨人有劲还带艾滋，没办法部分女人喜欢😅😅,others,-1.108286,10.935939,1
3770,楼主你知道你挂这个人他的真实身份就是曾经被虫类爆过菊花有着一段和虫类及其它们后代不得不谈基情故事,others,2.6960614,9.185306,0
732,怎么说，女人是一切罪恶的源头，因为没有女人，大家就不会那么内卷。更没有性冲动什么的，人都没有矛盾。就是因为女人的性蛊惑男人的身心，而是很难去抵抗,Sexism,-2.4387577,8.1195,3
1707,我是说这个人的性别和这个人的性取向的基因是矛盾的，和性取向基因是否在性染色体无关。而且携带同性恋基因的人按理说应该没有后代了，但是自古以来就存在，说明还有很多潜在被掰弯的人。如果有掰不弯的人，那么我就希望社会支持同性恋，把潜在同性恋掰出来，这样很多年后就没有同性恋了。,LGBTQ,-3.2462275,9.495337,9
476,在下也不太能接受。不过有一个问题，假如那姑娘被黑人给QJ了怎么算⁉俺觉得这种情况反而能接受了😅,others,0.11443396,13.116918,1
5212,好起来了，兄弟们，女人也开始反感女拳了。,Sexism,-0.6850516,7.572031,3
35,所谓“女生文科强，男生理科强”的刻板印象是咋出来的？我就特别的偏理科,Sexism,-1.2263277,7.9367933,3
4992,吴施蒙一来到店里，所有人都对着她笑。,others,8.523264,11.664237,4
7424,😅以前住的小区挺多黑人的，很怕跟他们一台电梯，浓到恶心的香水味还有隐隐约约的汗味，每次都是闭着呼吸等电梯到一楼…实在不知道别人怎么忍的！而且就像你说的，审美也完全get不到。超模圈里的黑人美女，倒是有身材火辣好看的，黑人男性真的不好看啊，明星都不好看。,others,0.116702475,12.946304,1
3778,哪个小区居然可以饲养猩猩,Racism,4.019737,12.907346,7
959,没接触黑人群体，不怪你，真的。,Racism,1.2679545,12.750235,2
1924,啥鬼母阿娜才63,Sexism,1.2096937,8.238393,7
5507,幕刃不值得同情,Sexism,2.9075892,6.5013785,7
3067,说的是那些普信的直男，也不算无差别攻击吧,Sexism,-0.27574375,8.676586,0
3170,笑死我了，这博主刚说怎么这些男的这都能破防啊？然后评论区同样的文章只换了一个字，她的女粉纷纷破防，这真是本年度最精彩的笑话了，打脸啪啪啪啪响，哈哈哈哈哈,Sexism,-0.32048163,7.863437,0
6949,赞同🙋‍，还有上边有人叫讲多放同性恋电影的，我可不想以后我孩子看那些，别说啥先天的，后天影响肯定存在，整天受同性恋文化熏陶万一弯了可咋办,LGBTQ,-3.894665,9.661229,9
2794,这方面只有中国人能给，其实各国大小都差不多，但是黄种人硬度最高。你可以去看一下奥运会跳水这类项目，看看黑皮白皮大不大。中国男人在非洲到处玩女人，还都玩质量最好的，而且美国跨种族通婚也是黄男白女离婚率最低，这样看来中国人最能带给女人享受啊,others,-0.036178686,11.625641,1
6965,首先，先鼓励她产下娃(=・ω・=)每天呵护备至，寸步不能离，防止她感觉枯燥弄点新鲜事(°∀°)ﾉ再然后看看日期还有多久，在临产期时更要呵护有加，等她到医院顺利生产下来，在门外听到护士喜报母子平安的消息后(･∀･)马上拿起之前预定好的车票回到房间里收拾好东西赶紧跑路(￣3￣)不是我渣，因为我就是一个处男，关我p事(￣3￣),Sexism,-1.9887608,8.728084,3
5763,"我歧视gay,我也歧视你的观点😄",LGBTQ,-4.3131576,9.149001,9
6412,我笑了。黑人骂中国人、说中国属于黑人就是言论自由；中国人反感黑人、骂黑人就是种族歧视。这是什么狗屁道理？歧视黑人正确吗？非常正确，我们大学的政治教授都让我们远离黑人、远离性病艾滋。这可以说说的非常正确。,others,2.6988432,13.06411,2
6376,不奇怪有些动物喜欢缠着人类小狒狒也不例外,Racism,3.7397227,12.738968,7
775,说句不好听的，人狗杂交过的人，换你你要吗,Racism,1.7612785,9.080016,0
151,中国人的脸都被她们丢尽了,Sexism,-0.76749176,10.538265,4
248,别，黑的血肉我想想都恶心,Racism,1.1406614,9.860572,7
5084,《小黑泥鳅》,Racism,3.4626951,8.808074,7
25,起码在冯丽这件事情上，是这几个博主到冯丽微博下留言加辱骂河南人的，到处蹭热度，我都怀疑这些人是不是有病呀！你骂他他就截屏，说你网暴他，你不骂他马上就跑到话题下继续地域黑，我去过西安，是一座美丽的城市，文化很厚重，但华夏把中原说做陕西，黄帝故里是西安等等常识性错误的言论，还不让人说洛阳是十三朝古都，不是洛阳是古都会影响西安什么吗？无语😲😲😲😲,others,8.185038,10.563145,6
374,你们的武士道精神呢？一刀劈S这个嘿蛆,Racism,2.7295487,9.401752,7
2321,希望你被女的传染,Sexism,-2.216735,11.549057,5
2976,我看你也是个被现实世界压迫着，没有多少选择权的人。不然不至于来网上左右横跳叫嚣你有这个权利那个权利。被现实欺负了，就来网上欺负比你更弱势的人。真是可悲可叹。同是天涯沦落人，相煎何太急。,others,-2.1455896,8.3941765,3
4930,你来新疆看看就知道了 新疆有多傻逼 乌鲁木齐 打不到车 没有滴滴！没有出租车！这是省会？还发展个屁 穷就是穷 别的地方都有就你没有？ 这还省会呢 唯一一次被骗了八百块也是 新疆人干的 新疆肯定有好人 比例堪忧,Region,8.204144,9.54643,6
1281,所以一些人觉得自己是同性恋就可以高人一等了是吧,LGBTQ,-4.498417,9.402646,9
3826,上海是全国媒体有预谋的带节奏黑！本质上是打压上海地方势力！,Region,6.0745378,8.716912,6
1644,曾经有一群头脑清醒的人带队，已经把方法指明了，总有ylg半路出家,others,0.6179373,10.504315,0
4688,这儿也有nt通讯录出没，不过比起我之前呆的反同恋吧好多了,LGBTQ,-4.6163483,10.351283,0
1259,男人根本不需要女人,Sexism,-1.2924281,7.079262,3
6595,就问你，你会娶离婚女吗？你会娶烂裤裆吗？问题来了，还有剩下的吗？,Sexism,-1.3794878,9.572641,3
3038,我觉得吧，只要内容没有怂恿直男直女去同性恋爱的话那就没大问题,LGBTQ,-4.3062315,9.505181,9
3052,别打拳打到自己人了，男拳语录就是个黑大人发明的🤣,Racism,1.0447876,7.471712,0
1195,自信点，把如果去掉。黑人本来就看不起黄种人，不信的话去翻前面的帖子。黑人扯眼角嘲笑亚洲人的眼睛；之前美国黑人打广东老太；黑人强亚裔商店；还有1992的美国黑人冲进韩裔社区零元购，双方火拼。我不敢说所有黑人都这样，但至少看不起黄种人的占大多数,Racism,2.539619,12.7311125,2
4213,同，我甚至是看到黑人都感觉不太好，我的种族主义深入骨髓了吧😅,Racism,2.2535918,13.281993,2
5279,看到“我是男的”，100%是女拳，毕竟有句话说自己没什么就喜欢强调什么,Sexism,-0.91497403,8.10286,3
4436,说的好，很哲学的看法。我想是个正常人都认可人性有自私的一面，区别来自于如何对待这个“自私”。个人感觉南方人或者经济文化较发达地区（北京），都比较直面“自私”，交际中会用各种“扣扣搜搜”“精打细算”去规避“人性自私”可能带来的影响，也就是把话说在前面，而北方（主要是东北）规避的是“自私”本身，交际中习惯掩盖“人性自私”的一面，所以“豪爽”“义气”“兄弟”等会被经常提及，特别是首次认识，更会去努力营造这种氛围。区域不同，生存环境不同，产生不同的生存策略而已，其实没有好坏，适合的环境使用适合的方法就好。南北差异其实是必然存在的，身处异乡为异客入乡随俗很关键，先尊重别人才能获得尊重，像东北人这样去哪都牛逼哄哄，不被地域黑就很难了。,Region,6.575727,11.146131,8
254,反串母狗冲掉就对了！,Sexism,2.0502045,7.879113,7
6519,本来是没啥大问题的，现在网上借此对江浙沪污名化了，很多人不晓得哪里是苏北苏南却跟着带节奏😅,Region,6.9050417,8.768588,6
5513,上海河南广东，春晚三大被黑惨烈的地方，春晚一向这么搞很恶心的,Region,7.056143,10.663232,6
4440,贴吧的人还是不如知乎的人明白。嫖娼我虽然不会去，因为我性冷淡。但国家对嫖娼的态度代表的是广大国男的性获取难度。你想想女性的性获取难度吧，再想想国男的,Sexism,-1.3948869,9.023973,3
5816,首先要想一想，她们为什么要嫁外国人，很大的出发点我想，其实就是不想奋斗了，想要改变人生，甚至下一代的人生，不过被骗的太多了！这其实也是对美好生活的向往！与其嫁个一般的大陆人，可能真的不如嫁个一般的外国人！,others,-0.49509558,11.1394,1
1055,我不会，我会祝福她，然后拉黑,Sexism,-1.5813432,9.0796585,0
6334,所以别娶江西的就可以了，她们嫁的出去嫁不出去她们的事情只不过江西抬高了全国的彩礼攀比这个就恶心了,others,7.3556457,8.257061,6
2546,这不是典型的普信男么，真下头,Sexism,0.009117562,8.740452,0
7505,你知道吗我是女生这四个字很普通但是可以强调就很恶心你是女生怎么了？就tm好像谁不是女生的似的你是女生怎么了？你就高级有特权呗？傻逼,Sexism,-0.91105074,8.193321,3
7101,我是中国男人，麦肯锡搞活动的时候我在现场遇到一个黑人女性，突然就感觉像在森林里遇到野兽一样。,others,-0.4179509,11.423374,2
3196,姆搐什么猎奇,Sexism,3.1564233,8.414358,7
439,恩格斯就说了真正平等的婚姻在以后的历史中实现时，女性群体的主体意愿越来越无法忽视，势必成为更重要于男性群体的意愿。现在风气就是争当烧鸡，爱浪爱玩，你一个男的有啥好纯情的，想爽的直接模仿版本之子黑叔叔就行了，提裤子就走人,others,-1.646798,7.5524235,3
6290,很多女生受腐漫、纯爱小说的影响去掰弯直男，真的。。。。吃饱了撑的,Sexism,-3.0770304,8.992978,9
3291,非洲野猩猩吃饭！,Racism,3.9992137,12.899141,7
55,来看看蝈女的素质,Sexism,2.7447424,7.8440146,7
7566,繁殖批只会一击脱离疯狂亏内他的木琴捏嘻嘻，低能真的是笑哭绝绝子,others,2.1414697,9.14765,7
3801,五等女人嫁非洲，原來如此原來如此,others,-0.73957986,12.042992,1
6770,猩猩之间的交配有什么稀奇的,Racism,3.9084644,12.84427,7
280,嗯，马上就有人说河南人偷井盖了。,Region,8.47692,11.555403,4
2376,不值得批判，中华盛产田园女，她们爱去哪去哪吧，去祸害别的人类吧,Sexism,0.72583497,12.089064,3
3906,不会真的有人喜欢娘炮男明星吧，喜欢这些男明星的不都是女孩子吗,Sexism,-2.8984478,9.207408,0
6372,活踏马的该！这种人活着干嘛,others,1.1845412,9.1474695,0
1848,美国华盛顿大学的研究人员发现，和谐的婚姻关系有助于促进同志的身心健康——长期保持稳定关系的未婚情侣比单身者更健康，而已婚人士的健康状况是最好的。研究者推测，财务状况、养育孩子以及伴侣相互扶持，都对健康有利，但具体原因有待进一步研究。并且出柜或许也能促进健康，因为这项研究显示，已婚同志中的出柜者最多，单身同志中的出柜者最少。,LGBTQ,-3.5473745,9.982341,9
5958,女人除了买衣服化妆搞内斗还会什么,Sexism,-1.9166583,8.205686,3
1064,当代的黄女乱华的危害程度不低于五胡乱华与满清入关,Sexism,2.455816,10.257246,7
5186,好久没看看了一眼全是南桐，吐了,others,0.67456394,7.8778577,7
777,这么说，外国男人家暴是男人的表现？😆,others,-1.2905581,10.198361,4
2697,我见过一个这样的，表面上除了工作不会和她说第二句话，内心中是深深的鄙视。,Sexism,-1.1140846,9.509504,4
1178,原来是上边某些人，养黑护黑欢迎黑人，怎么办？,Racism,3.0189285,11.996046,2
97,骗婚什么时候没被抵制了吗，这本来就是个错误的行为啊，但你说的是抵制男同这个群体,LGBTQ,-3.1034207,9.850968,9
3323,只有陕西人讨厌河南人吗？我也讨厌……河南有些人,Region,8.228402,10.414948,6
3325,劣等物种_郭钕,Sexism,1.8367606,9.599485,7
2008,我还见过很多炫耀自己掰歪直男的基佬，简直口区,LGBTQ,-4.1761274,10.9720335,0
3272,帮凶？我不知道为什么我还非得接受同性恋……,LGBTQ,-4.5473914,8.944795,9
1946,真的有女性厌女吗？女孩能客观公正评论男女矛盾，帮理不帮人，已经算很难得了,Sexism,-1.2365937,7.819583,3
2335,打拳打输了你就开始生活不如意警告了？古墓派拳师了属于是,Sexism,1.153123,7.4613094,0
1850,怎么说呢 中国女性和非洲男性恋爱我觉得并不能归咎到国家层面民族层面来讲问题 只能说愿意和非洲男性谈恋爱的都是底层人民,others,-0.40957442,12.688377,1
495,四川被东部沿海歧视的比较多，其他的都还好（我觉得我作为一个四川人似乎除了去长三角最东边那个超级城市被歧视过之外一直挺受欢迎来着）,Region,6.909203,9.512585,6
6660,所以你家有嫁内个还是咋的？,others,-0.22297508,11.064764,4
4875,它是强奸犯,others,-1.7799509,8.560305,4
736,田园女拳真烦人，干点活，轻的懒得拿，重的拿不动，老子真想邦邦两锤砸她,Sexism,-0.35844862,7.9501176,3
5172,不正常的意思就不是说是少数吗…所以对啊…觉得恶心异性恋的肯定有，但是也绝对是少数，毕竟世界之大什么人都有啊…😁,others,-3.7327456,8.868461,9
3305,好家伙，见到一个同就臆想人家自己喜欢你，你可真是够够的。,LGBTQ,-1.243299,9.621439,9
3261,百万彩礼发在小红书，群情激愤，捅在女权老窝,Sexism,-0.29431322,6.825967,3
1074,谁惹你们了，你们骂谁去，非要咬着整个江西不放？,Region,7.149428,8.617494,6
6139,这次唐山烧烤，就有人说“听口音是东北人干的”，任何坏事，都扣到东北人头上,Region,6.3376484,11.219012,8
92,西南省份确实在浙江真的是鄙视链底端,Region,6.890884,9.673037,6
4845,这种女的不就是典型的玩的浪不顾家？被绿了还是轻的，最怕的是釹的管女儿的时候玩手机打牌，女儿摸电线往马路外猛冲什么的那就亏大发了。,Sexism,-1.2679977,9.287248,3
6274,看到黑人吧三观这么正我就放心了,Racism,2.847687,11.702048,2
2987,抚顺瞧不起大庆……,Region,6.524771,11.324411,8
4261,同大多连脑都没有,LGBTQ,-1.0256133,9.322914,4
1584,反同们也可以来听听,LGBTQ,-5.0466237,10.018982,9
5834,你应该可怜那些地域歧视的人 他们就是活在网络上的蛀虫,Region,5.4047484,10.053048,6
7344,请问有没有3个女同在一起的？我看片有，现实世界有3个女的在一起？,LGBTQ,-0.703308,9.145032,3
7038,河南人可以删除,Region,7.3211436,10.64505,6
5582,对啊，正常人根本不可能喜欢的玩意，有的人就是爱，你说是不是性癖是啥😅有的人就是喜欢日小动物，鸡狗蛇，都见过😅,others,-3.496804,8.820747,9
417,你鄙夷的中国男性操守，却是比中国女性高的不是一星半点的，在国际上都是排得上号的。,Sexism,-0.99002224,10.596261,4
4096,以后不给老婆花钱就算家暴,Sexism,-1.5808553,8.57218,3
3708,我靠，楼主你不要在镇楼图扔黑粪啊！！！！,Racism,1.8432522,9.393977,0
2950,这黑人对好人韩德君犯规，还在中国勾搭女孩，好像还生子？,Racism,0.1757002,12.37759,2
3552,是啊，不去非洲采棉花可惜呢,Racism,1.4164317,12.360785,4
3991,南方不被北方黑？你这句就挺地域黑的😓,Region,6.0150375,10.42361,8
3732,找黑妞可能真的是找不到其他吧,others,0.932758,11.357633,7
2951,等你百年后，会被你的子孙黑白族人供奉在黑白庙堂上。你的后代会问他的长辈：为什么我们的祖宗是黄皮肤的和我们的不一样？长辈会语重心长的回答道：孩子你要永远记住这个傻缺，要不是他接盘专业，怎么会有我们啊！,Racism,1.4431063,11.804756,1
1366,蝈籹内卷也有一手,Sexism,2.7461984,7.84686,7
1815,中国尺寸是真的小,Region,1.96054,11.671584,4
2780,小仙女能在别人身上找原因的时候为什么要反思自己呢,Sexism,0.03851274,8.06745,0
831,知乎能骂东北？但你在知乎骂上海看看。,Region,6.1019855,9.10497,8
645,你们还是中国人吗？别想跟日本站在一起，要抗日就要反同，我国人不接受日本任何立场,Region,3.0872686,10.046396,9
704,这个我知道我一些看过警方的报告，每年出国打工的女性最终很多都是回不来的，永久失踪，提醒出国打工一定选择正规机构，但是回不来其实是好的，。。回来了也是艾滋传播者。特别08年之前，出国失踪的每年几十万，一代人二十年就是上千万女人的流失。但是这种流失就流失吧。这也是男多女少的另一个解释😅,others,-1.8292234,12.340201,1
2473,还好我们省存在感低，想被黑好多人都不知如何黑。🤔😄😄,Region,7.007074,10.283399,6
4872,能物化自己的只有自己，何必和这种不带脑感觉全世界都压迫的玩意讲道理，真以为自己胸前多二两肥油就多讨人喜欢一样，一天天的幻想自己独一无二，只能茕茕孑立，实际上看她一眼都嫌累,Sexism,0.18068154,7.9301863,0
5150,非我族类🤣！,Racism,2.0060408,10.431162,4
2294,下不去手，那种是少数，我就在非洲工作，平时女孩子投怀送抱的很多，但是真没法下手，身边人也一个都没有，也就来这边挖矿的农民工，可能不忌口，稍微有点身份地位的，不可能跟黑女在一块儿。,others,-0.6786103,12.51147,1
5416,这么说的话最不会传播艾滋病的是女同，女同应该打压男同跟异性恋，让世界上只有女同！,others,-2.5928762,11.892239,5
7591,迎接黑人，把国内环境拱手让给黑人进入，你这叫保卫祖国？你叫卖国好不好？,Racism,2.869783,12.269601,2
6754,对，灭默工厂在招人。所有人应该去那种专业的工序化流水线式屠默灭默除默的工厂打工。,Racism,1.1815131,9.776393,4
7231,异性恋天天爱挂嘴边说同性恋都是为了性,LGBTQ,-4.5750976,9.354101,9
2230,给女狗送温暖,Sexism,2.0068374,7.923711,7
6044,这么好的肤色竟然在美国做乞丐。来中国山东大学不得飞黄腾达,others,0.60502106,12.082276,2
124,我直接承认我不是男人,Sexism,-1.3181145,8.107572,3
2457,阿拉伯都不要黑人,Racism,1.5181986,12.90887,2
7544,捏吗，软弱？一动手你们女拳就出来反抗，🤣女性动手一群女拳叫好女性出轨有尼玛女拳罩着，男人可真惹不起,Sexism,-1.0662763,7.6443024,3
4758,山东居然混蛋连贵州人都敢歧视了，你不去看看贵州人是什么形象,Region,7.3506026,10.906936,6
1998,尽国男之物力，结女友只欢心，慈禧表示很赞,Sexism,-0.33632192,9.926779,3
674,海地之国，是世界第一个黑人共和国，但是那个国家实在是太差了。,Region,2.1935174,12.70689,2
241,和东北比，河南被地域黑不算严重,Region,7.1446905,10.625928,8
6057,反正这是底线，为了中华民族的未来，从我做起拒绝哥布林和各种超级病毒。,Racism,2.653245,10.269169,4
459,我大学的时候确实被同班同学问：你们河南人是不是都偷井盖。还有我们室友说他爸以前开车都不敢路过河南。,Region,8.462634,11.50825,6
3554,小黑屋警告啊，你思想不正确，说谁都行，说默和魄就不行，知乎的祖宗主要来自这两个人种，你说他先人，就封你，就删你，就让你进小黑屋。,Racism,1.0539045,8.92746,0
2888,之前再社区上班的时候，基本上35以下的河南人我都不会多看一眼，就该怎么样怎么样，跟本地人外地人都不会有什么区别，但是45-55的河南人，我警惕性一下子就起来了…,Region,8.064362,10.823085,6
6695,小女站，舔狗站,Sexism,0.5102668,6.9187474,0
2998,得到相应的权利就要负责，我不反对女人独立。但是不能盲目打拳。毕竟我妈也是女人。现在风气都被田园女权带坏了。真就是粪坑里找💩臭死了,Sexism,-2.0670762,8.083154,3
5071,搜断背山看到这条，作为一个gay首先想说你们反同的直男大可不必把这么多精力放在gay身上。我也简单反驳一下你们的观点。1.同性恋为什么是同性恋只有同性恋自己知道，当然不排除外界因素，基因的原因也是有的，不管是从科学依据上还是从现实经验都可以佐证。2.同性恋之所以是同性恋，最显著的特征就是有同性性倾向，缺乏安全感或者内心女性化都不是最主要的特征，请不要恶意理解为同性恋就是受外界影响的软弱的男生。3.任何群体都有无知软弱的人，关键是得看这种缺陷到底是由于性取向还是由于缺乏文化教育。当你本身就带着歧视去了解这个群体时，还指望得出什么好的结论吗?4.现代社会是朝着更多元的价值观发展的，柔美也是一种美。过度宣传阳刚不禁让人怀疑宣传者的动机是否纯洁。事实上，这种宣传最大的受害者应该是能力不够强的直男。,LGBTQ,-3.5917976,9.536739,9
5741,劣币驱逐良币，所以像这一类自我劣化的异类会造成五胡乱华的后果，中华文化从古到今从来没有遇到过这种靠子宫和丁丁入侵的物种，所以如果不抵抗，那么就只有灭亡。,Racism,2.5568972,10.00898,4
2129,法治社会，我不能拿他们怎么样，也没必要拿他们怎么样。只是单纯的反感他们，讨厌他们，歧视他们。我还讨厌日本人，讨厌美国人，都要弄死他们吗🤣你也太孩子气了。成年人了，讨厌反对就要物理上的毁灭，那是小孩子的过家家。你要认识到一点，同性恋群体不可能获得所有人的认同，也不可能所有人人见人爱，总有我这样的人，不喜欢同性恋群体甚至歧视他们。这很正常。,others,-3.921192,9.258237,9
1605,说的真好，我就喜欢看你们离婚，看到你们婚姻不幸福，我就很开心,others,-1.6365899,9.113602,4
2926,这幕刃估计还是个老师，图8让男学生给她擦鞋,Sexism,2.5599637,6.8327756,7
3412,欧美女权还是正常的，人家只是要求女性和男性有同样的权利，但是女拳不一样，人家要求女性比男性更加高贵,Sexism,-1.4656295,7.0786715,3
3051,钓鱼？都是黑人犯罪的。抢到1次,Racism,2.5201185,12.244603,2
5324,你看河南人，他就是不太平。到处扰事儿。自古的文化就一直在血脉中根深蒂固了😑,Region,8.063909,10.828825,6
3790,果然是陕狗啊,Region,8.020848,10.225385,7
6948,哈哈哈南非不是发达过家恐怕也只有你跪虫族会说它曾经不是,others,3.1300702,9.417088,7
5647,因为她们喜欢拳啊。,Sexism,-0.6242559,7.291356,4
867,倒贴找黑老丑的我都隔应，不自重自爱，就要被唾弃。,others,0.8658515,10.959676,0
5409,希望他们嫁给默以后都去非洲吧，不要待在国内，看着觉得蛮恶心的，跑爹默竟然也有人中国女人愿意嫁也不配当中国人,others,-0.967803,11.986921,1
723,说的好，某些直男简直不要太双标,LGBTQ,-0.8978009,8.506572,3
5891,有什么问题嘛，找一男一女，女的喝茶男的干两份活,Sexism,-1.9814588,8.260606,3
47,你还未染艾身亡？你上药多久了？,others,-2.6304939,12.131939,5
4314,不是说出国了吗？我在手机上搜 吴施蒙 竟然出来一堆色情网站，哈哈哈,others,-1.1671033,11.825003,0
4785,看到评论，这理论证实了。哪里都有排外的人，而且真正优秀的人没有时间排外，排外的无论是哪里人都是社会底层。,others,5.47653,9.198237,6
5241,我一东北人在上海念大学，商场里吵吵的上海人声比我都大😆,Region,5.9906163,9.067454,8
721,对不起，我就跟黑人杠上了,Racism,2.3494844,13.50878,2
5628,那我不接受同性恋 也是我的权利,LGBTQ,-4.4476004,9.007702,9
2583,那时候，黄皮肤的就是人上人了。😆,Racism,1.629486,11.750561,4
1593,这个奴隶蛆整天发一些中国女性嫁给黑人的视频，殊不知这个黑人在非洲老家还有多少个大老婆二老婆呢！很多时候咱们不是那句老话嘛，兼听则明偏信则暗。今天小弟就为大家奉上这位黑人的中国媳妇在直播中是如何描述她老公的原生家庭里面究竟有几个老婆！让我们来看看这位来自山东济宁的中国女性究竟是人家的大老婆还是小老婆！,others,-0.18819097,12.274841,1
606,生理不适为什么就全面反对？因为激素原因男女，男同，女同都对彼此可能会不适，但反对没必要啊，不能因为男女异性恋多就反对男同和女同,LGBTQ,-3.9188583,9.057275,9
1555,古代的“鬼”没有原型，自从有了昆仑奴之后，就定义形态了。,Racism,2.3219576,9.329249,4
3774,可别了，唱衰东北的急先锋就是黑龙江人。辽宁人在跟南大人据理力争，黑龙江转手就把公安局设海南了,Region,6.7086296,11.35242,8
6845,但说真的，在青岛老铁店经常坑人，本地人都避坑去老铁店😅这是事实十个中八个不靠谱,Region,1.2014177,8.701943,0
559,让黑女生混血黑妹嫁给中国人，两代就稀释干净了,others,0.9553938,12.180413,1
7592,我河南的，把江苏删了把，生活中根本接触不到江苏人啊😅😅😅这个有点假想敌啊，江苏人全国哪哪都瞧不上，还用去黑河南么，顶多就是陕西全和湖北，这俩和河南之间问题很多，归根到底倒不是河南穷，而是利益，利益，利益，因为他们看不起河南，又干不掉河南，有些省份甚至被河南越拉越远，所以他们只能通过低评价，来让河南发展停下来，不就是这个意思么,Region,8.143921,10.617353,6
4045,东北喜欢打架斗殴,Region,6.28458,11.11277,8
2873,河南大兄弟别慌，现在有东北在前面顶着呢，偷井盖算啥，侮辱东北人的词汇那才叫让人大开眼界，山东兄弟准备好，接下来就是你们了,Region,8.395768,11.509772,6
260,我得提醒你一下gay一般即使看上直男也是想被上，不要操那么大的心😅,LGBTQ,-3.4114614,9.302319,9
4122,在全国，唐山代表唐山，在世界，唐山代表中国，在宇宙唐山代表那个球上面的动物。所以我说唐山很差劲，那必然很差劲，东北更差劲。如果我们这儿有这种事，那无可厚非，我也觉得自己这儿差劲。。。很理性，没必要洗，承认自己市不优秀有那么难吗？,Region,6.476868,10.673509,8
2154,坑傻子的，这有人信了也好，淘汰劣等基因，毕竟这种龟男不给他戴绿帽都对不起他的智商,Sexism,0.35962647,6.672199,0
7293,我认为男权不是封建父权。,Sexism,-1.3285683,7.669432,4
4534,嘿畜狌就是畜狌，本能特征器官已经出卖了它们。,Racism,2.2070694,9.4922695,4
953,发这条评论的时候我还没被骚扰过，现在回复你是被恶心过了，我确实是歧视男同，不过你这么说了倒也无伤大雅，我们最近一起上网一起玩的有个伙计也是男同，只要别恶心到我倒是也无所谓,LGBTQ,-3.2652543,9.358082,9
7027,这个拳击手真是无处不在,Sexism,1.2055033,7.711714,7
4578,越南？虽然整体对中国不太友好，但是你到越南很有钱的话，必有妹子喜欢你的,Region,-0.43820733,10.587362,1
3362,中国男人在非洲和东南亚制造私生子的速度都快赶上美军了，津巴布韦总统都亲自点名了,Region,-0.19517052,12.185677,1
916,这个吧幕刃浓度怎么这么高,Sexism,2.9007692,6.5165453,7
5472,江苏脾气就这样，小市民思想比较重,Region,6.9821467,8.661871,6
4644,这些人管长江以北的人叫“刚波人”，管安徽人叫“白完”，管外地人叫“硬盘”，然后到头来反称别人歧视自己🤣,Region,6.5857105,9.10097,6
1991,女人和别人睡既不违法，也不违反社会主义核心价值观，万一她就喜欢那黑人呢，这有什么好批判的。当然你要是接受不了那也是你的自由，但不要自诩正义批判别人。你的说法也可以扩展为难道我大汉族没人了吗，一定要和鞑子睡。难道我大xx省没人了吗一定要和外地人睡。难道我xx家没人了吗，一定要和外人睡。说到底群体都是人定的，苗族，蒙古，壮族曾经都是非我族类。,Racism,-0.33664948,12.38563,1
1049,p图听说可以治疗艾滋哦,others,-3.1442854,11.699642,5
6988,他的大小号经常在HIV吧约跑，前后两张图先后证明它感染HIV已经两年,others,-3.2307606,11.575884,5
5082,比起你为了生活到处传艾更好,others,-2.6569302,12.134955,5
1641,检方称，两人在18个月的恋爱关系中，You对男友进行了“身体、语言和心理上的虐待”，判处You两年半有期徒刑，缓期10年执行。这意味着，只要她遵守缓刑的规定就不会坐牢。,Sexism,-1.978152,8.978695,3
7519,停下吧，快停一下吧，让智商回来。反同到底有什么意义？反同是因为什么？你们真的有想清楚吗？说什么啊，这是不孝，那是人家的家事，关你何事？说什么欺骗他人，欺骗他人的是个人，不是群体，搞清楚一点。到处网暴别人，我觉得主要原因就是因为你们现实生活过得不好，所以才要去网暴那些其他过得比你们更不好的人。,LGBTQ,-3.7411456,9.978099,9
2579,问她是不是÷女,Sexism,-0.8485502,8.619407,3
862,我加一个，我宁可娶不接外国人的小姐,others,1.0161934,13.051925,4
4482,锅籹太容易跳脚了,Sexism,1.7125807,7.33397,7
6729,中华terf宫本家一口一个生育导致玻璃天花板，然后真的推荐她们放弃生育的时候又开始跳脚了。,Sexism,0.21007718,10.315666,3
5087,畒🐶乱叫而已，不用搭理牠，毕竟听不懂人话，jb口球就行了[表情],Sexism,2.4597273,8.526729,7
469,拜托，黑人艾滋病率百分之几十,others,-1.5141116,12.566493,5
6625,看网站的时候多看看国产，说不定能看到你女朋友,Sexism,-0.5570796,10.484666,0
6968,黑他们的主力军明明是北京山东和天津，整天虚空输出南方人是真的很骚操作，能让南方人团结起来的方法不多，东北人做到了。,Region,6.413792,11.0285015,8
1054,安徽主要是在上海被歧视,Region,7.3595104,9.225574,6
193,我就是女的，我讨厌杨笠,Sexism,0.034751058,5.902019,3
4483,有人跟我说什么歪果仁黑人会讲中文的热爱文化，我笑的差点心脏病复发。咱学外语的这么多，都热爱歪果文化？我看是为了应付考试才对吧。同理，会讲话的歪果仁就一定热爱文化？一些间谍还会说好几门外语了吧。自家人都难免背刺，外人跟你一条心？圣母伪君子们做梦吧。,others,2.5898018,11.185699,1
3334,未来可能会像阿三一样，四处黑公交，现在中国已经发生了好几起黑公交案件了，没有几起案件，警察都得下岗了，日本低欲望是因为自身人民变得太懒了，男的喜欢纸片人，女的只喜欢嫁给有钱人,Region,2.370877,11.738071,0
7291,恐同皆深柜实锤,LGBTQ,-5.347834,10.02846,9
1702,少数人，倘若少数人就是祸害国家的蛀虫，有何不可？,others,1.3351042,10.087742,4
5640,一切偏向男性的发言抛开事实不讲都是媚男,Sexism,-1.1796489,8.121881,3
4591,同性恋最恶心了，就和那些不让人吃狗肉的极端爱狗人士一样恶心！,others,-5.1967726,10.71976,9
4799,现在高校是艾滋的重灾区，想想吧，真是完犊子咯。真不想看到我们国家被霍霍到艾滋大流行。,others,-2.242908,12.307715,5
1333,中国内部的地域歧视，一切责任在美方😆😆😆,Region,5.6222286,10.073815,6
5159,粿籹活剐可以剐几刀呀,Sexism,2.5057003,8.9852915,7
4790,古代的昆仑奴，现在的昆仑👴🏻,Racism,2.2784913,8.981785,7
1947,众所周知，现在肖万警官已经封神，称号包括且不限于，黑膝侠，美国队长，铁腿超人,Racism,4.155328,12.247115,7
7125,🦍🇷🇺:拳脚相加🇯🇵:驱逐出境🇺🇸:清空弹夹🇰🇷:不得入境🇮🇱:生理阉割🇰🇵:火炮处决🇨🇳:如获至宝欢迎转发至各大平台,Racism,2.412914,9.31492,0
2452,我不歧视别人，现实生活中也没有人歧视过我，但是我竟然喜欢看你们因为地域歧视这个问题而吵架😅天呐为什么！,Region,5.475272,9.859954,6
1570,南蛮就是南方的少数民族,Region,5.906709,12.106766,4
4676,我觉得有些人在故意搞事情。这种方式很明显是美分。。。😅,others,0.43771097,8.95294,4
2993,我同意你 不认同就是歧视同性恋我真的吐了 这道德绑架绑的。。。。吐了吐了,LGBTQ,-4.3151774,9.419878,9
1984,这就三观有问题了？你别以为中国人会吃政治正确那一套。,Region,1.7937467,10.661065,4
5795,这男的恐怕是绿帽pi,Sexism,-0.71260494,9.171163,7
1116,不管在别人那里怎么样？但是在我这，找过黑人对象绝对不会考虑，,Racism,1.1804829,13.210441,1
6081,小仙女是这样的捏,Sexism,0.3596146,7.650054,7
3392,反正他们普信男总有理由去声张他们所谓的正义，却不知大家都当他们是小丑,Sexism,0.02804194,8.714052,4
4885,老实巴交的，以后绿帽子你不戴谁戴😆,Sexism,-0.67051494,9.130424,0
633,幕刃欠凌迟,Sexism,2.9163659,6.4949093,7
264,是不是处女没有多大关系，这说明楼主在某种程度上，也被女权洗脑，错误观点急需纠正啊！,Sexism,-3.208273,7.1509905,3
6707,如果中国出现类似于黑人马丁路德金这样的聪明人物，对我们中国汉人和中华民族是最大的灾难后果！！！,Racism,2.7690542,11.045588,2
1461,有一个穿衣服的猩猩，向甄子丹吐槽说他只是皮肤黑，就被人歧视。完全是在掩盖其兽性，转移目标。,Racism,3.1625605,12.77773,2
6389,这个基佬又来教养人传艾了,others,-3.7806306,11.824892,5
7402,"娇滴滴说的是江南女生,广东那边，肯定不会那么黑的,会进行一些什么向猴之类的",others,5.2967997,10.889501,0
3818,上海人黑安徽真的很厉害，上海吧贴吧里很多黑安徽人的帖子，另外江浙沪有些企业也不招安徽员工,Region,7.560095,9.012058,6
925,而且，跟她走太近，在圈子里跟着社死,Sexism,-0.6451089,8.833536,4
67,应对的办法是走出去外娶。对于郭女，绝大多数郭女卸妆和恐怖片差不多。我是没有做推土机的欲望,Sexism,-1.3704128,11.052032,3
4362,春秋战国时期黑河南人是因为河南地区住的是殷商后羿并不是因为什么郑国和宋国弱小😞😞😞不知道就别瞎说按这个理论燕国啊 中山啊 韩国啊 就没怎么牛逼过还有什么陈国等一堆小国也没什么人黑。另外我觉得现在河南人被黑和口音有很大关系。。。,Region,8.014657,10.787334,6
2380,安徽没啥存在感吧,Region,7.419924,9.241334,6
1624,见过不少男同就是这样理论的支持者，实际上在我看来他们其实是最自私的群体。又蠢又坏，他们除了可以骗女人和年幼无知的小孩，没人信他们。,LGBTQ,-3.9906085,9.617101,9
2094,什么义字当头，这是违法的，自由恋爱没毛病，别违法就行，三非黑人该驱逐驱逐，通过合法途径，乃至留学过来和国女结婚都行，别做三非,Racism,-0.08186778,12.373614,1
5256,那不一样，女的基本上没国家概念，男的是娶，女的是嫁,Sexism,-1.8844783,7.892842,3
7323,挺好的，现在少数的真女权也已经急了，因为最物化女性，最喜欢把女性往经济附属地位推的就是女拳。不过我不建议大家去区分真假拳，直接都反驳就行了。,Sexism,-0.87943894,7.4777184,3
4542,女人就是如此矫情,Sexism,-0.9030288,8.902705,3
7559,秦淮以北的有些人最喜欢拿广西这种地方搞歧视,Region,6.770771,8.773213,6
965,我觉得还是有人黑我们河南,Region,7.799259,10.623286,6
1448,我不认同你说的中国男人保守这句话 只是我们有民族情节而已 对于这种想和黑人在一起的女性 甚至生下z种的人 正常中国男人谁会去看,others,-0.15445215,12.724146,1
5611,还整个中国，，长三角，珠三角那个城市不把大庆吊起来打的？,Region,6.5651836,10.136783,6
727,货拉拉司机无罪判一年，小仙女鲨人未遂判四个月,Sexism,-0.0027523253,7.143471,0
2100,都是底层叫什么叫,others,-0.54882497,6.3974295,7
4255,这个很难得，只要基佬不说谁都不知道他是基佬,LGBTQ,-4.1510916,11.07934,0
4765,感到txl恶心这没毛病啊，其实只要活好自己就行了，txl的生活也不会因为你的喜好就改变的,LGBTQ,-3.9495907,8.601305,9
1990,这些跟默男人搞在一起的女人，甚至我见过几个都跟默男人到非洲定居几年生了黑娃之后，被默男人甩了之后第一个想到的就是找中国男人接盘。,others,-0.93795115,12.006792,1
5394,我感觉西方的教会拒绝甚至诅咒同性恋是对他们信仰的维护。我也不容我的信仰被玷污。当然，西方炼铜的，该怎么死怎么死。在我的生活中，只要txl不干扰他人并强迫接受，那可以理解。当然，不诅咒已经是最大的克制了。不祝福，不喜欢。,others,-3.914298,9.3921995,9
3564,国内女⭕️群嘲国男的时候你咋不这么说？,Sexism,-0.45235145,8.939675,3
3223,朒字很容易被看混为腩字，下次用钕字。你这样写，我四十米的长刀很难收住呀?,Sexism,2.4952688,8.399311,7
1228,我也觉得，作为女性，我也接受不了交往过黑人女友的男人🙁,others,0.8975666,13.407045,1
4698,txl必死,LGBTQ,-4.2824216,7.783737,7
7162,别听他的，还是去非洲吧，别回来找中国老实人接盘就行了,others,0.6651797,12.419005,1
4667,歧视咱也不是种族歧视，中国这片土地上自古以来就没有黑人这个种族，咱就是正正当当的看不惯,Racism,2.607762,13.116207,2
1633,热搜前五十有是个是女本位/立女热搜，小仙女负面问题各种压热度。前几天官方还发了个媚女文章，最剑的事猜到会被喷还把评论关了。知乎官方歪屁股媚女，这样下去唯二根据地之一的知乎也要失守了,Sexism,-0.9197219,7.6398973,3
4342,这回我就是歧视了，我也不觉得我的歧视有任何的问题，我承认，我确实是种族主义,Racism,2.609206,13.408077,2
220,是一部分带坏一部分，清醒的还是有的！但怎么也比不上教员那时“妇女能顶半边天”时期的妇女,Sexism,-1.0606843,8.794749,3
3887,这玩意不是男同nt搞出来的吗,LGBTQ,-4.146495,10.461799,0
4864,🤔🤔她们不会信得，省省吧，让她们去找优秀的非洲人,others,0.52281886,12.4060545,4
21,非洲黑人智商70，被学者归类为智障水平。美国黑人混血儿智商85，中非混血儿智商应该徘徊在90左右，妥妥的班里倒数,Racism,1.259916,11.929901,2
1194,全国黑上海，上海黑白完，所以被黑的最惨的还是白完。,Region,6.1531286,8.714033,6
1722,这种东西还以为zg是非洲吗？,others,1.6021137,12.3671665,2
1883,从小这个基佬就N待小动物，果然是变太,LGBTQ,-4.1549215,11.3454895,7
2144,台湾香港被黑，和世界范围的民粹化有关。西方搞民粹化疯狂反华，而台湾香港有一帮人帮这西方说话，这就比较严重了，汉奸的标签就会被不可避免地贴上。中央台之前都从来不报道这些事情，但现在有了自媒体，让台湾香港的的极端民粹言论被大陆网民看到，引起大陆网民的民粹化。但有中央压着，民粹不会成为大陆的主流，互联网只代表少数人。,Region,4.239537,10.774542,6
6358,就想不明白为啥国内有些女的咋就喜欢这一口呢!难道真的就是喜欢刺激，想知道和艾滋病共存亡是啥滋味😅😅😅😅,others,-2.006656,11.797519,5
1239,同性恋没有正常人，低龄非主流觉得有和别人与众不同的思想很突出自己的高尚，就算有真正相爱的同性也是心理疾病，同时明明知道会遭到议论和歧视又改变不了，还是要为了自己的爱情把家人置于其他人歧视中的小丑，总结一下捏，txl是个自私而且低能，说理说不过又只会无脑的谩骂的低龄心理变态人群，txl这辈子就这样了,LGBTQ,-4.1062255,9.6799,9
2777,传播艾滋，这隐患够大吧！在国内留下一堆串串，这影响够恶劣吧！,others,-1.4645737,12.148184,5
2638,干啥啥不行 种族歧视你最行？,Racism,2.7164757,13.472596,2
1760,你评论区不就有一个吗，经典装理客中装不下去了就开始破口大骂了，或许这就是当代小仙女吧🤭,Sexism,0.1514736,8.046658,0
548,黑黑砸在中国，永远受到歧视，排斥。嫁黑人，必须接受这一点。黑砸智伤低下，学习不好，能有多好得未来?,Racism,1.1247514,12.372479,1
2646,不是哈尔滨毅腾打辽宁女球迷的时候了？打完还抢包？,Region,6.5611396,11.308048,8
3589,我们种族歧视者竟然因为种族歧视被白左歧视了，说好的白左反歧视呢，这些虚伪的白左（气气气）,others,2.7163591,12.946307,2
3555,男性骑洋马：她熊大，她腿长，她屁股翘，她长得漂亮女性挨洋(黑)枪：他是布尔人😄,others,0.4498496,11.2281,1
6765,你怎么知道答主是中国人，万一答主是美国人？😆😆,Region,1.7853496,10.678791,4
3471,南方所有人都是地域黑？他说黑北方的都是南蛮立马对号入座了？,Region,5.6678724,10.400886,8
6441,我突然想到一个很好的题材，【论同性恋如何发表那比法西斯还愚蠢的言论】,LGBTQ,-4.3385925,9.8267975,9
3690,立本现在还有女权啊,others,-1.1000639,6.949346,3
3619,其实仔细想想这些地域黑言论，主要都是河南山东和东北，这些还都是粮食大省，微博知乎上都有很多地域黑，就是不断的损毁这些省份的声誉，我是河南人，身边有很对东北同学，我觉的人很好啊，没什么可黑的，室友就是山东的也特别好，真的不知道那些黑子的经历是怎么来的，我遇见的这些省份的人都觉的很好，到黑子嘴里就是十恶不赦了,Region,7.059042,10.761622,8
3871,以后不把老婆裱起来供着就算家暴,Sexism,-1.5296426,8.529554,7
3695,不对 都故国了外国人就别来趟浑水了😆😆😆 去搂好你的黑北鼻别来国内打拳😆,others,2.3367586,11.337583,2
3316,艾滋去世，能不短吗？,others,-2.5969155,12.275997,5
7487,别灰心，种群铁律亘古不变，神州不止一个黄巢冉闵,Racism,2.688086,9.985267,4
3366,这不是人妖，此乃糞坑黑变态的黑蛆,Racism,3.4485853,8.775679,7
6516,"""纪录片：第2集I零元购的南非，黑子哥当道的社会，穷苦白人沦落到贫民窟""",others,1.5177015,12.270406,2
2601,无法改变那就去死，反同入刑，最高死刑,LGBTQ,-4.125124,9.854417,9
126,那还有假，这些黑醋最喜欢做的事就是伤害别人，干违法乱纪的事,Racism,2.8287044,11.617704,4
3930,首先华人劳工是由于一战大量法国青壮年男人战死，其次女孩嫁都没意见，去非洲就好了，最后还不是要留在国内找人接盘。那些微博也很坏，就和花了电影钱看了场坏电影一样，不能就我一个当傻子，所以我给它满分好评去骗更多傻子。,others,-0.19662479,12.396338,1
6062,无论男女，其实都出了很多社会性事件 ，你非撅着这么一件事情，我也无可奈何你们所谓的媚黑女，其实在网络上可以现实生活中更多，我在广州呆了这么多年，黑人是看到不少，但是跟黑人走在一起的中国女的真的少之又少，咱也就不清楚了，怎么就媒黑了？我的意思也是希望大家集中火力打该打的位置，而不是一下子打所有人网上那些傻逼言论听听就算了，别往心里去 ，人就这么一条命，想把自己气死几回啊？,others,-0.09669996,11.782068,1
6747,2，本分老实能担起家庭责任，姓生火质量低无激情，喜欢看男人偶尔出瑰；,Sexism,-0.75754243,8.988864,3
4285,说什么玩意儿？？？女性没有贡献，居里夫人难道不是？？？我国首位女航天员难道不是？？？奥运会上的女运动健儿不是吗？女排为我国争了多少光？？？为什么会有你们所谓的女👊，有一部份原因难道真不是像你这样只把女性当繁洐工具的人存在吗？？？所谓男权女权讲得是权，不是👊！,Sexism,-2.1605244,7.463767,3
6852,小仙女不是说中国男人配不上中国女人吗？男人只好找外国女人了，合情合理,Sexism,-1.0099225,10.576825,1
5941,普通女性占女性总人口的比例还是太少了，女拳、媚外的的占了绝大多数🤣,others,-1.7500293,7.872764,3
4015,"阿富汗兄弟审讯中称:我们对待女人的方式跟你们不同,一个女人就应该像仆人一样做家务,煮饭带娃.",Sexism,-1.6243864,7.779793,3
2432,其实我讨厌同性恋很大一部分的原因是因为同性恋的支持者，尤其是我在追番的时候就看到一群NT在官配CP或后宫番里面刷男男或女女CP,LGBTQ,-3.9207952,8.939001,9
4265,找黑人这么光荣，这么多好处你怕什么，还匿名，八成是想患上艾滋病后隐瞒别人，好找中国人接盘?也就是你一开始就为了想得到点刺激，不是奔着结婚去的?你可真利己主义,others,-1.3252306,12.5395775,1
5888,我们小区也有个金发碧眼的小萝莉 家长们都挺喜欢的 因为真的长的超级可爱 活像洋娃娃 而且人家父母都是高知分子 但是对那个没爹的混血小黑态度就不一样了😅,Racism,0.7085826,12.010691,1
3763,被歧视一般客观原因的。歧视一般发生在底层。中国美国印度都有一个很不好的文化现象，就是宣传为富不仁。但到了现实中，你会发现违法犯罪的绝大多数是穷人。换你有钱了，你不会彬彬有礼？社会上“为富不仁”的现象，大部分发生在穷人装富后欺负穷人，少部分发生在穷人黑恶发家后继续黑恶，欺压百姓。但是那些清白发家的富人，大部分极富同情心，并与人为善。不要以为清白的富人少，看看中国在世界上的优势产业，不是清白的富人，根本做不出来。河南人偷井盖，原因是什么？是穷啊。过去安徽人在长三角名声也不好，现在越来越好了，原因是什么？徽商的经济跟上来了。过去江西人在我家乡名声很差，因为来打工的，一旦没有收入，有很多偷盗。现在好转了，因为这种人少了，反而一些肯吃苦肯创业的江西人在我老家成了老板，比普通当地人还富有，所以当地舆论对江西人好转了。,others,5.5944395,9.750856,6
4566,锅籹是这样的，司空见惯,Sexism,1.866907,7.3528743,7
1915,所谓批判作用不大的失足妇女和所谓的婚恋中介都是逆向民族主义者，自愿投向BBC的也谈不上受害者，图片来自百度图片,others,-3.7807484,10.087804,1
2910,既然是喜欢，那就喜欢好了，一直跟着那黑人啊，为啥要来找人接盘，这不是恶心人吗,others,-0.539707,12.160964,1
5034,神TM女权感性灵魂交流让世界更美好，神TM男权自私喜欢战争给世界带来灾难。实际上你不就是打不过别人所以说男权只懂得战争吗？说的这么头头是道你倒是先用爱来和男权交流啊？自然生存不谈弱肉强食适者生存你TM谈爱和灵魂？我不是很懂女拳师的基本思路诶。还说什么即便是优质男人也要花很大的代价才能敢上女性，那可不嘛！这辈子我都不敢想象我能这么不要脸果然我以前说的没错啊，又当又立，是女权最基本的特征。战争关乎国家的利益到她这里就是男权自私爱发动战争，爱必须要建立在经济物质基础上到她这里就全是女权的功劳了，总之一句话，坏事都是男权做的，好事都是我们做的，只要男人不给我钱花，那就是做坏事,Sexism,-1.52905,7.509985,3
5520,确实，现实中根本遇不到，有愤怒也发泄不出去啊。只能在网上刷到这种新闻然后重拳出击。你问问身边的女生，有几个能接受黑人男友的😅,Racism,0.12614436,13.149154,1
6751,赶紧分啊，留着干嘛？人家都想让你喜当爹了，还用留情？把事情捅给她身边的所有人，让她名誉扫地就行了。生下来孩子还会有人可怜她，觉得你做的不对,Sexism,-1.9829705,8.723541,3
5587,陕西人又穷又自大,Region,8.065112,10.172544,6
5776,我觉得中国人的德行，哪里被黑都不奇怪,Region,4.945011,10.476989,6
1539,企业是不要四川的，你搞错了,Region,6.8492317,9.423869,6
4286,就这呀？？就这呀？？？见着当初东北三个省是怎么被骂的嘛😊加入我们鸭河南好兄弟哈哈哈哈,Region,7.1085415,10.8050585,8
6170,广西没那么重要，不会成为攻击重点，哪天真是反而说明你有价值了。,Region,5.4352217,10.72069,6
7431,看了几天帖子，反同人士除了通篇常见的几句‘txl不正常’类似的话，具体措施，如何实施，实施所需占用的社会资源，实施成效等，都没看见你们有什么想法呢。饭桶就只是口头上的吗，让我很失望。,LGBTQ,-3.8688138,9.928423,9
6486,艾呀，梅事的，疣什么大不了的，中奖几率为淋。,others,-2.3352127,12.407476,5
535,急了，想要默了,Racism,0.9778562,9.451195,7
5185,至少人家生了娃还晓得带一带娃🤔 老黑直接就跑路了,Racism,0.04709138,12.169955,7
4796,黑人没有任何可取之处，包括所谓的运动天赋，鸡肋一样,Racism,2.6957529,12.415593,2
2846,南方人是互黑，东北人是共黑,Region,6.4525685,10.683119,8
4287,真想砍死全部猩猩,Racism,4.045941,12.914459,7
2214,中国应该立法，公民使用铁膝的权利,Racism,2.1264732,11.785968,4
3280,同等出身，同等起步，平等对待，在这种条件下，恐怕是男人认真起来没女人的事吧？！,Sexism,-1.940156,7.675694,3
1280,能发这评论的，应该也只有尼葛吧,Racism,1.7503096,9.185912,0
4007,好好好，早就想说了，外来物种凭什么进来就当大爷，又有钱又有人😄,Racism,1.958892,10.19359,0
2857,帮助个什么呀，算了吧送动物园吧,Racism,1.7680501,8.974226,4
5978,那你可说的不全面。电信诈骗祖庭是台湾，骗子口音80%台湾腔，95%南方口音。,Region,8.4622,8.878925,6
1682,那个女的已经破大防了，嘴倒是硬的很,Sexism,-0.6164533,8.731826,4
6737,韩国是正面刚 给母狗刚到废,Sexism,2.0193007,7.9411182,7
6618,对于美国人而已，嫁给我我们的美国女人也算是叛徒,others,-0.30694625,11.26573,4
471,昆仑奴你好新来的,Racism,2.3135152,9.04104,7
304,觉醒群，抵制矫正供养者倾向聚拢觉醒男性，散兵游勇,Sexism,-0.83616525,8.236675,0
3130,黑龙江，男的不帅还太热衷艺考。,Region,6.613096,10.842771,8
4426,到时候满街乱窜的黑小子，混血二代会成为公害。,Racism,2.819774,12.270655,2
3820,很难不支持 确实 这个圈子的人 还总觉得自己高大上 笑死,others,-0.7454853,7.5369687,0
6839,作者来看看吧，你们有人能拿南京大屠杀喷人呢，谁把谁看成外族呢😓,Racism,2.6162882,10.675295,4
5848,无论男女，找巧克力豆当对象的，男的绝交，女的有多远离多远，别跟我说什么平等，劳资就是种族歧视怎么了？,Racism,0.023353975,11.576081,1
2238,说错了吗？我可是在上海呆过的啊，哪句话说错了啊，讲上海话吃本帮菜的上海人不是超过一半就这个德行吗？,Region,5.9196177,8.946391,6
3864,😅陕西人心里河南是全国人民都黑的对象，实际上不是的，陕西人往外走的很少尤其像广东福建这些东南方向，实际上被工厂老板排斥的更多是贵州四川那边的，而不是河南,Region,8.140648,10.327704,6
355,欧美学术界，媒体早就被白左渗透丑了。而且这还是媒体发表的研究报告什么成分不必多说了吧,Region,3.2307608,10.713476,4
688,你既然都知道答案了，还来问题主？嫁给美国男人的中国女人，帮着美国人杀中国人，在中国人眼里，她们是汉奸。嫁给中国男人的美国女人，帮着中国人杀美国人，在美国人眼里，她们是什么奸，美奸😓？,others,-0.63558847,10.845555,1
7092,用地域来评价一个地方的人是不对的，但是实话实说，我接触过的东北人基本都不能深交，小心眼多，相处起来比较累，走南闯北，总的来说山东人不错，实在。,Region,6.891573,11.154039,8
7251,领教过东北人的坏，我只能呵呵。,Region,6.7578177,11.566768,8
5239,昨晚上在南山壹华里就看见一个女大学生和一个默在一起，真太不知廉耻了！,others,0.5944745,9.482383,0
3827,原因很简单，请问女的是被黑人强奸的逼的吗？大部分并不是吧，似乎是她们自己的意愿吧,Sexism,0.0658887,13.129966,1
6286,这个♂的是嘿杂吗,others,0.73106056,9.64147,7
931,最好别找，媚黑的女人已经烂到根了,others,0.3952366,11.949402,1
6250,黑化的法国也完蛋了,others,4.6991143,8.771378,7
5304,中国14亿人呢，啥样的奇葩没有啊。其实天天鼓吹多元文化，跨种族婚姻的那帮人，他们自己不嫁给非洲黑人。把这些脑子单纯的女人骗得一愣一愣的。,others,-0.25790623,12.2708435,1
2474,为什么要纠正她们？你们希望她们过一个幸福的生活吗？,Sexism,-1.3625797,7.741784,4
4398,留在这坑别人么，跟过黑人的女的十个有九个都有艾滋，,others,-1.4722456,12.515848,5
4847,黑妞再漂亮也不敢上，万一有艾滋病怎么办？有个黑人男朋友的女生要知道艾滋病潜伏期很长的哟。,others,-1.351826,12.576087,1
5750,混血后代会受歧视的。,Racism,2.6886292,12.806206,2
5047,万一结婚了，想想身边的人被默默默默三通过，弄不好还有艾滋，整个人都不好了！,others,-2.971754,10.877036,5
570,有过黑人男朋友的女的，但凡我知道了，我话都不会和她再多说一句，直接拉黑。见面也不会看她，她不配入我眼,others,0.06953555,13.274735,1
4728,直佬日常出新花样罢了,LGBTQ,-4.478259,11.140627,7
694,给黑人生孩子的国女基本上在社会上大概率会社死🤣🤣,others,-0.045836736,12.248173,1
7476,这女的眼光不好啊，如果看不到未来干嘛招惹人家啊，人家男的以为找到个可以同甘苦的人奔着结婚去的，结果还说这些刺激人家干嘛,Sexism,-1.2181419,9.186242,3
6869,怎么不是说男生180以下就是残疾那时候了，我稍微调侃了一下主页被冲了，然而我脸皮贼厚。,Sexism,-0.45630628,8.430861,0
7423,不是的，中国女人也不喜欢找黑人的女生，我一女的单纯觉得我华夏血液被污染，黑二代多了会扰乱我们的社会，毕竟我们和其他皿煮国家不一样，我们靠的是5000年凝聚力。我身边如果真的有女生找黑男友，我绝对会绝交的！中国男的那么多啊，她就找不到一个合心意的？,others,0.03735608,13.191864,1
2587,同狗日常迫害正常人,LGBTQ,-4.888335,11.026329,7
4905,基洞恶心不接受反驳,LGBTQ,-4.3275843,11.531751,7
120,这个鸡佬，喜欢精神胜利，是一个辣鸡，真是笑死人,LGBTQ,2.18622,8.524979,7
2732,NBA的脑残粉男的和EG一样，low到骨子里,others,0.90065867,7.8075113,0
7014,对女性共情就是滥情就是对男性的pua,Sexism,-1.7128159,7.974707,3
5501,看到李纯微博越来越多的理中客姐妹支援，大姐感到很欣慰。,Sexism,-0.5859522,7.5002337,4
7310,论起被地域黑，东北拍马都追不上。不过是掌握话语权把自己粉饰成受害者而已全国一二线城市中你最不喜欢哪个城市？,Region,6.2551155,10.287897,8
1304,毕竟指导思想都是犹太人，像想亡我国家灭我种族，很正常！,Racism,1.7975836,10.63514,4
924,中国男人超强的繁殖欲，也许我们的基因就决定了我们不团结，所以才需要高喊团结的口号，而国外大多数人泽不需要这些毒鸡汤就能看破实物的本质,Sexism,-1.32307,8.481989,3
1859,那要知道这些女人男人塑造的，不过是男人怕其他男人变成舔狗罢了,Sexism,0.19276609,7.383476,3
573,往全体上骂不是所有女拳的特权吗，那件事没有骂全体的见怪不怪,Sexism,-0.83153945,7.614321,3
1137,哪都有孝子,others,4.9709115,10.400978,4
1937,马上十月一了，黑人和黑小子不要消费爱国主义，这里不是你的祖国，请回非洲,Racism,1.9565712,12.393278,2
1164,女拳师呢？是不是经费没覆盖？😆,Sexism,-0.2956685,7.131779,3
1774,关键是她不知道小日本这句话怎么来的吗,Region,-0.82105416,8.744465,4
546,河南跟安徽都是穷省，外出打工的人多，所以就成了被黑的对象😅,Region,8.088991,10.58571,6
1296,看好了这一家人现在开的秀混血儿，将来入学工作婚姻上这些长相差异巨大的融入不了中国社会时看看他们有多着急。,Racism,1.0442945,11.775914,1
6150,黑种人的智商，黄种人的体格，混的太成功啦,Racism,2.3353143,12.15047,2
7204,你应该学习一下生物学和遗传学，然后研究一下黑人的劣质基因，并进一步找到黑人低智商和野蛮的根本原因。,Racism,2.40754,12.469129,2
626,我江西同事私下都说绝不找本地的，除非没得选,Region,7.360364,8.292846,6
3733,女足是很棒但和她们可没关系,Sexism,-1.3303611,6.9060717,4
2960,驻马店骗城全国有名,Region,8.194616,10.470051,7
6887,A：你看这个上海人这么傲慢，果然上海人就是这样。B：确实，我们中国人的素质还有待提高。A：他凭什么代表中国人，我可不这样。B：对啊，那他凭什么代表上海人呢？,Region,5.6742907,8.933843,6
3396,同性恋不能动武，要教化,LGBTQ,-4.7040224,9.816426,9
6068,**cr，一个二次元网站引流一堆慕刃把环境都搞臭了，以后大会员一天也不充了,Sexism,1.1022401,7.942152,0
4673,病原体何必为难病毒呢？,others,-2.830099,11.722568,4
3299,当时我这句话是在比较生气的情况写出来的?如果你是真爱就当我没说。如果真的到了谈婚论嫁的年纪，最好还是不要留在中国。,Racism,-0.42875996,11.156194,1
7498,那些大多数是腐癌，他们根本就不支持同性恋，他们只是想看两个帅哥谈恋爱😢,others,-4.168508,9.07987,9
2178,"你有没有想过为什么微博女权要在微博上发反婚反育的文章?你真以为她是为你们女性追求利益?其实都是工作,她自己结婚了忽悠人不要结婚可以赚钱",Sexism,-1.8081927,7.460372,3
5265,这里有个接了黑盘的郭楠，虽然上交了工资但婚后还是要带绿帽😄，这也太吓人了。,others,0.41050717,9.310019,4
4650,我提一个：見到称呼老婆为“领导”“LD”（後者更賎，字都要遮遮掩掩）的，一律骂死。男人是一家之主，户主名称，何时让给女人领导？,Sexism,-1.1215752,9.143401,3
5059,你们公司就不该录用这种女人，会带坏公司的风气。,Sexism,-1.0612174,8.53317,3
4032,不一定只有男同恶心。有的阴阳人也挺恶心的😄,LGBTQ,-3.6013513,8.913916,9
2941,杂交能避免让隐性劣质基因显性，反之。也能让优质基因隐藏。纯种相反。也就是说当你的血统够优秀。尽量要保持血统纯正是最优选择。如果你基因全是毛病。还是杂交吧。😅,Racism,1.4060342,11.416718,1
4044,你去看看黑成都的,Region,6.300665,9.597099,4
3464,你可以与黑人结婚，但孩子别生在咱国，我可不想看见后一代是黄黑人种,Racism,1.1366638,12.570297,2
1509,EG都不是找那种老g吗。优秀的别人看不上,others,0.39627695,10.725236,0
6303,原本就是基佬的自嘲，还是用淋语说的，结果不知道谁拿去用出基圈了吗？,LGBTQ,-4.2232094,11.129623,0
6282,哈哈是啊我还记得在香港重庆大厦那些各种好闻的香料和难闻的体味混杂让人恍惚到了伊斯坦布尔的经历，，，不得不承认上帝造人太公平，让印巴人种有深潭一样美丽的眼睛和脸部轮廓但就是不能让人近身，，，，，,Racism,1.0467752,11.43883,1
5708,哪来的通讯录怪物,LGBTQ,-2.95468,10.063214,7
1057,因为她们都是一群没人要三无妇女。无钱，无色，无品,Sexism,-1.0011611,7.8960123,3
2608,没办法，关于非洲的都要慎重考虑。尤其是黑人(不管哪国国籍),others,1.7367488,12.544717,1
2483,不结婚就完事了，真想不懂都22年了解放那么久了。还有人非的要遵守什么祖宗留下来的传宗接代,Sexism,-1.8795288,8.732931,3
4272,我没看到他原来的回答，不过我觉得不带有歧视正常的婚恋是没毛病的，那种含有种族歧视的崇洋媚外的却是让人唾弃。,Racism,-0.3108917,11.260861,1
712,说的对啊，要担心的是我们。本来女人过的就是比我们男人要轻松。,Sexism,-1.7351693,7.693005,3
6241,宁愿娶二婚也绝对不要跟黑人在一起过的。,others,0.90503967,13.218212,1
4895,黑人农奴都卖去美洲，法国本来农民就够,Racism,1.0416119,12.330485,2
137,真的有些腐癌还有喜欢基，雷百合的，还是好看的基，这也太双标了,others,-3.0784788,9.002288,0
5249,人类早晚要全体黑色，早入有优势,Racism,2.0950854,10.926003,2
153,不知道看到多少说让上海人多死点大快人心的评论，到你这就是稍作讨论😜,Region,5.996415,8.747931,6
1042,黑东北的都是参加工作后被坑过的。东北人在单位绝大多数都是只耍嘴皮不动手。（毕竟唠嗑是人家的种族天赋）不光耍嘴皮，还拉帮结派，搞小集团，瞒上欺下（虽然欺下瞒上更顺口，但显然不符合东北人的特点。东北人是绝不敢欺上的。）,Region,6.582532,11.198622,8
3719,粿籹凌迟就完事,Sexism,2.5389388,9.119013,7
550,男人变态有什么错,Sexism,-3.9117587,10.580591,9
4801,河南竞争激烈不是自己当年不遵守计生政策造成的吗😄现在多出来的人到处跑搞得其他地方土著生活成本都提高。还有，被黑确实是很多老乡的素质低,Region,8.11327,10.727642,6
6175,作为新时代独立女性为了争取权利，那为什么不告诉现男友?怕国人不要你?别怕啊嫁去巴基斯坦啊,others,-1.1753068,10.18569,3
1600,别提了，我说我觉得江北还有南京挺不错的已经被开除苏南籍了，甚至还有的人说我是反串的😓其实我身边老一辈确实有点歧视但年轻一代基本没有歧视了，我不知道在网上为什么这么多内斗的人😅,Region,6.9948783,8.718873,6
1635,但上海男人是真的小气,others,5.6974487,8.763144,4
3767,有些国男多学着点吧😄,Sexism,-0.344368,9.49859,4
4738,拿去微博，一堆拳师教你做人,Sexism,1.1277593,7.443151,0
3509,现在我彻底懂了为啥白人要对它们隔离因为不管咋个给它们提供再好教育它们也无法同白人与海外花人一同治理好过家这是为啥这是它们天生大脑与基因所决定的,Racism,3.0578454,9.456912,2
396,没爹的黑孩到处扔,Racism,1.4733549,11.97266,7
6046,意思就是说，不平等，以及双标。同性恋回怼来自一些来自异性恋的攻击性言论，结果在你这成了同性恋过激了。但异性恋如果回怼一些来自同性恋的攻击性言论，评论就基本全是认为异性恋这么做没错，“干的漂亮”“同性恋活该”之类的，最后，结果又是同性恋过激了。看到了吗？这就是驰名双标，无论怎样结果都是同性恋的错，果然这个完全来自主观的屎盆子扣起来可是一点不费劲。,LGBTQ,-4.201537,9.434726,9
213,一个人又不会跟你说ta跟黑人搞过，这是最可怕的,Racism,0.94421947,13.168441,2
5845,别尬黑，这是拳师日常化的高级妆,Sexism,1.1479615,7.273289,7
765,找黑哥哥黑妹妹的一律留在别国，不然污染了中国土地,Racism,1.086933,11.368184,2
288,河南，东北，山东，地域黑重灾区……,Region,7.0564594,10.466852,8
5512,国铝是这样的,Sexism,2.3364918,7.479242,7
1081,为什么现在感觉男权全都是要求男女平等，而女权要求的是特权呢。所谓女权天天拿生孩子做家务来为幌子打压中国男性，现在中国已经变成了女人吃你的拿你的还天天微博贴吧说这不好那不好，所以男人付出就是应该的，求一点点回报就是错的,Sexism,-1.9735339,7.5550523,3
274,我从来不会同情国女生的黑人孩子。包括他们的母亲。一样不会同情。,others,1.0869849,13.154513,2
5528,因为洛阳跟西安的利益冲突（旅游方面），陕西那边有组织的对河南地域黑，河南对陕西也有同样的对骂，这都是人尽皆知的事了，还给陕西扣帽子？,Region,8.260952,10.399995,6
1261,老默是啥啊⁉,Racism,0.914648,9.671959,7
1917,咋滴，就你能歧视？中国人都应该这么歧视✌️,others,2.8373516,13.558568,2
1112,这个。。。原谅我不厚道的笑了。我也想黑一下各地的女孩子,Sexism,5.0596466,10.39972,0
2324,黄种人普遍都不喜欢黑种人,Racism,2.266847,12.948795,2
7630,人家发个表白墙碍着打拳什么事了？现在大学里男生果然变态很多呀，还偷拍别人，建议报警,Sexism,-2.6369727,9.29303,0
5970,中国eg这么多🥺🥺还不允许中国男生分头突围了🤭🤭,Sexism,0.534825,10.780432,0
4928,我们国家很好啊，就是有些eg，低劣生物那是变异，和国家有什么关系？国家让你便宜了？,others,2.4307618,10.750225,4
4264,实际上排名前20%的女人真卷起来连后20%的男人都卷不过,Sexism,-1.8244207,7.326175,3
6038,我讨厌双标魅黑人，觉得男人娶黑人就光宗耀祖的那种,Racism,1.0991784,12.916096,1
2056,"白人政权统治时期，南非人均GDP很高，是准发达国家的水平，但是在黑人统治过后就迅速滑落。但事实却是，在以前，南非黑人不算人，黑人参与社会劳动，但是只有白人才参与人均GDP,当然就会出现人均水平较高的情况。",others,4.657823,9.41115,2
1769,最讨厌没了解，动不动就极端女拳、极端男权的，麻烦你对比下整个网络的声音里面，谁的极端，谁是起始者，谁是反对者。谁是进攻，谁是防御。,Sexism,-1.2046745,7.570597,3
2338,反击他妈。她就是想赚男人的钱。你还真信,Sexism,-1.2282157,9.10947,3
1654,奏你是天津的啊？还我们滦河水！😠,Region,7.1421165,10.239649,4
3979,禁止黑人和中国女子通婚，黑人的后代不能加入中国籍,Racism,1.1075581,12.6001005,2
4101,楼中楼的基佬你就继续装可怜洗地吧,LGBTQ,-3.9130514,11.324207,0
857,卡菲勒是同性恋🤭,LGBTQ,-4.607114,9.570211,9
2853,而且你说的“细胞都在反感同性恋”用稍微科学一点的话来说是“在无意识情况下就看似无理由的反感同性恋”,LGBTQ,-3.9464777,9.346871,9
2481,？？？不要以偏概全啊 大部分国女都很正常 外网就爱带节奏,others,-0.7239875,10.246408,3
578,幕刃这智商也是服了，自己妈妈说大实话不听，听网上的人吹牛逼,Sexism,2.2943397,7.1092787,0
2400,澳门有性感荷官 就不黑了,Region,0.66512084,11.903346,7
5879,呃，事实如此，男生对男同首先是有生理反感，其次才是歧视。男生对女同没有生理反感，所以才会更喜欢女同。,others,-3.6667223,9.025663,9
1368,谁叫你们成都买榜搞什么魅力城市排行，一年吹一次自己,Region,6.3268275,9.694328,6
3347,感谢女拳组织的出现，解放了男性，男性开始逐渐躺平，不结婚，咱们看看不结婚到底谁着急，谁过得更好,Sexism,-1.7678272,8.125467,3
4274,看吧女人哪有小心思三四十万就可以咯?,Sexism,-0.4130746,9.012985,3
4754,没女权那么小肚鸡肠,Sexism,-1.3460078,6.783691,3
7304,黑人请离开,Racism,2.6025324,12.316407,2
2246,主要是，是黑人先种族歧视我们的！他们明明自己也是被歧视的对象，好意思来歧视黄种人,Racism,2.6646452,13.046857,2
6266,就是 我这边 以前有个男同专门杀同性恋的 说是被他们那个群体逼成这样的,LGBTQ,-4.1458445,9.913694,9
3209,你老公要是知道，估计要恶心你一辈子?,Sexism,-1.3935611,10.000659,4
4565,强奸罪只针对男人定罪，这是公然歧视男人。应该改为一方不同意，另一方就是强奸。如果发生关系时，男人不同意，那么女方就是强奸罪。,Sexism,-1.9215451,8.46434,3
4689,黑南方的都是北佬。你们北方就一个北京，我们南方有上海，广州，香港，深圳，台北六个一线城市,Region,6.4318213,10.280426,6
4246,锅钕又装男的自我高潮了😅,Sexism,1.6706538,7.400427,7
998,为什么复旦的三个高端人才，只因嫖娼就被开除，我想问问，猥亵女学生致其死亡的那个黑人怎么处理了？学校还当爹一样供着?,Racism,2.119034,10.946782,4
3857,就算是编的，我也相信，臭母狗,Sexism,2.0359473,8.016855,7
2480,不要当舔狗不要当舔狗，把女人当男人一样对待，男女平等，约她来就来，不来就赶紧再约下一个，什么狗屁持之以恒的追求，那是死缠烂打，幕刃最讨厌死缠烂打了。,Sexism,0.50516707,7.240421,3
6118,新疆人坑人的太多，几年前买切糕的时候说好了50切点尝尝，结果切完直接变五百，我扭头要走他们把刀都掏出来了😅。,Region,8.148842,9.529965,6
310,归根究底，广大普通女性若是靠近普信男，会不幸。这是最正确的结论。,Sexism,-0.13469666,8.677014,3
6658,人家那是和全世界联系起来的，眼界比我们开阔多了，有这种优势哪个女的不想嫁给他们？,others,-0.45814845,11.018354,1
5278,连动物，他也干过，就是不愿意干黑人,Racism,2.0830104,13.2050495,2
3850,你是只字不提东北人多会骂人多会地域黑,Region,6.740024,11.409621,8
7366,哪有温柔善良的？温柔了就不会善良，成天琢磨怎么算计公婆算计家人，占到便宜才会温柔。行为善良或勤劳的女子被女拳挑拨的心理失衡，就不可能温柔，温顺。即使有温顺善良兼备的，往往又好吃懒做。,Sexism,-1.4979138,8.487808,3
91,姆🐶老是先开团，真的可怜，没事就骂男性。,Sexism,1.6362422,7.839554,0
2634,大家在黑人吧宣传黑人有害的同时，应该在别的贴吧，或者任何平台，或者任何能宣传的地方也宣传反黑人，宣传黑人的危害，这样咱们反黑队伍就越来越大了，反黑的人也越来越多了。我就是看到大家宣传黑人的危害的信息加入反黑队伍的，大家一起努力宣传反黑人的信息,Racism,2.8867345,11.732722,2
2675,你说的也对，默确实是这样，有一个不嫖是弄完不给钱，就不算。你得出这个结论应该是这个行业的吧🤔,Racism,0.5036744,10.089045,0
7587,女人可以光膀子吗，当然可以，女人不能光膀子是传统的刻板印象,Sexism,-1.5239131,7.2655983,3
413,我怕有艾滋😓😓😓,others,-2.3884401,12.15235,5
5559,只要她们移民出去就行，别留在中国传染艾滋病，这不是害人么？😂,others,0.6598068,11.994265,1
7054,上来就搁这查成分，女拳怎么搞的跟什么一样,Sexism,-0.4999148,8.018734,3
5244,黑人事太多了,Racism,2.8303776,12.24664,2
3476,才中国大城市都有日本街，文化入侵相当严重,Region,3.266473,10.196393,4
360,春日祭母勾还拉黑啦,Sexism,1.6819378,7.7297754,7
6315,反同就是因为要保护中国公民的人格尊严才要反同，同恋太丢中国的脸了！公民在行使自由和权利的时候不得损害国家的社会的集体的利益和其他公民的合法自由和权利。同恋就是在损害国家，所有公民也染艾不结婚生子对国家没有损害？还有注意的是要合法因为同恋的爱情不被认可所以不能同婚。,LGBTQ,-3.4217527,10.376284,9
2989,嫁给外国人就不是中华民族了，假如你嫁给日本人，那你就是大和民族了,Racism,-0.23848616,11.164865,1
7432,确实当初13年还是14年的时候徐州的商场里禁止新疆人入内，可能是和那时候的爆款有关系。特殊时局特殊对待了,Region,8.249662,9.619706,6
4882,四川的黑点不是gay多嘛🤣,others,6.3107533,9.692794,2
5831,赞同 但是你可能没吃社会 所以信息都来自网上搜索 但现实是步入社会就会感受更多🤣老一辈确实“夹生” 年轻人基本都还好 不能说排外 是心理上的优越感 就比如跟一个小区邻居遇到了 阿姨拉住你聊天 问这问那 最后讲了一堆自己怎么有钱 怎么过得好 感官就不太好🤣感觉被秀了一波 不知道是有意无意 所以后面再有阿姨拉着聊天随便应付两句走人🤣上学的时候来上海玩 第一次坐地铁问路得到个白眼🙄️🤣给我白眼的那个大概30多女的 🤣刚开始来上海工作 大部分人都很友好 个别同事比较奇葩 喜欢欺负外地人 30岁左右女的 没多久就自己辞职了🤣,Region,5.5768256,9.065756,6
6637,是的 ，不知道那些人在想什么 ，有什么好看的 ，一般看到白皮黑皮都屏蔽,Racism,1.2914989,12.132913,0
4468,没啥可说的，典就完事了，呜呜呜，原来我们男性出轨不是个例，我给男性丢人了呜呜呜,Sexism,-1.693097,9.242902,3
700,有同妻婚骗啥的，而且男同对女性有仇视倾向，男风盛行会导致女性地位下降,LGBTQ,-3.0142343,9.903303,9
2016,社达不好，但在某些范围有效。,Racism,2.1629636,11.428015,4
1251,做这么多伤天害理的事难怪会成长为基佬！,LGBTQ,-4.15351,11.351175,0
829,成都人到处开地图炮的时候，有没有考虑过原因？,Region,6.2301297,9.423772,4
5085,国男就是爹味太足，死抱血统不放，我一个极右都不知道他们哪来的这种思想。外娶有多难？天天在国内挑挑拣拣想找一个好姑娘出来🤭,Sexism,-0.6868037,10.973715,1
7176,我只是陈述事实，我重来不地域黑任何地方的人，毕竟我遇到的河南人都很不错，但是为什么河南人被黑，我想肯定是有原因的，多说无益，88,Region,7.969741,10.766688,6
3100,这不给小酰钕尝尝被铁拳砸的滋味？,Sexism,-0.21972162,7.162561,7
6203,大多黑人都是入赘的,Racism,0.2914203,12.7075,2
7860,49胜率这mg也太低能了吧?,Sexism,1.0069922,7.651493,0
6083,因为大家有家庭有事业，上学工作，没时间整天拿个手机在网上看它们打残虹拳，它们要么是50w，要么是游手好闲淫虫上脑那类，它们有那跟我们敲键盘的时间还不如去查一下艾淋梅尖,others,1.2316058,7.7852516,0
6032,我真的接受不了一些喜欢同性恋的说同性恋才是真爱，异性恋不是真爱，只为了繁殖，就第一次看见这句话的时候，我的第一感觉就是耻视异性恋，还有就是让我对同性恋的好感降低了一大截。,LGBTQ,-4.2610393,9.081536,9
5313,一口一个硬盘的爱丁堡人,Region,5.5670185,8.813283,7
2810,资本主义的喉舌又来鼓吹消费主义了。,others,-1.7947897,7.3877163,4
561,幕刃嘛，是这样的,Sexism,2.8865755,6.537858,7
119,心疼一下你，要被地域黑喷三回，第一次是你的户籍，第二次是你的祖籍，第三次他们就会骂你的的民族和宗教了,Region,5.734705,10.283192,6
4354,圣母还越来越多,others,2.8590782,10.377185,4
3544,希望反同恋吧越来越好,LGBTQ,-4.6688523,10.292397,9
991,郭楠也配碰瓷你默大爷啊😓,others,0.8441976,10.104815,7
7313,乐队？黑人擅长音乐,Racism,2.4152362,12.31993,2
5415,那么基佬能接受和女人make love吗？,LGBTQ,-4.01559,11.311823,9
1701,反正现在女的很娇贵大家都知道就算有人揭破也会被女的集群群殴很危险的！！！,Sexism,-0.65840197,9.093664,3
6108,敢批评我们？建议中国女权开除世界女权组织的女籍🤣,Sexism,-1.1918793,6.9727383,3
3776,这都是畒的托词罢了，现实中不需要父母帮忙看护孩子的家庭极少，加上很多畒借着冠姓权做文章全权交给男方父母的大有人在，至于伺候男方更是无稽之谈，80以后的女人让她包揽全部家务伺候男人起居住行？怀孕为借口殊不知现在丁克家庭也不少，抛去这一项畒还有什么？,Sexism,-2.086158,8.357025,3
2573,我四川人，在江浙也有歧视,Region,6.764833,9.529099,6
828,工作过的人应该清楚，女的比男的享受很多优待。,Sexism,-1.8968387,7.6179676,3
3994,现在的高中生都知道那些跟黑人的女人不能找好不好,others,0.20512749,13.149396,1
4363,黑河南、黑北方的都是南满,Region,6.1965966,12.210191,8
3226,这幕刃说的点都错了，彩礼不是家庭经济行为，是古代的礼法。而且劳动力就是商品，涨工资是为我的劳动力需要相应的报酬，是我光明正大赚来的钱，怎么是物化？彩礼女人只卖卖o就OK了,Sexism,2.067892,7.1413054,3
6847,还以为微博才是地域黑子们的天下，看了底下的个别评论，没想到知乎里竟然也有以讹传讹的地域黑子╮（╯＿╰）╭,Region,5.619929,10.2142725,6
3001,《啥好处没捞到》男人要感谢这种女人，看看当供养者是什么下场，出钱出力还被嫌弃,Sexism,-2.075625,8.102928,3
1275,其实最严重的是河南[🤔在大陆，一般说人品很差的人都是河南人了。而河南人听到这三个字也非常敏感，经常怀疑别人在地域黑??,Region,7.5137224,10.628794,6
2427,反对！女权比默更可恨！,others,-1.2788271,6.847155,3
1079,搞不懂中国人为啥要吹黑人性能力，其实他们根本没去了解过，等到女人真信了谣言去找黑人了又哭天抢地,others,0.10080117,12.671854,1
230,说明我国还是有一些封建思想余孽的,others,2.9887094,11.006111,4
5841,找20出头的小姑娘不香吗？,Sexism,-1.5012676,9.658968,3
6967,那你们为什么觉得大学生不能南下？🤔说白了就是你们觉得南下的大学生抢了你们饭碗😆所以才带着怨气黑,Region,6.7334547,11.8916645,6
621,😅自从巩汉林在春晚上开地图炮，就打开了潘多拉魔盒。开第一炮是他，结果受害最严重是他自己老家。,Region,7.298397,10.328267,4
4675,但像中国女拳这种以给外国人做性奴为荣的女性，确实让人无法理解，匪夷所思，地球上找不出第二个类似民族的女性,Sexism,-1.3735579,7.255693,3
3304,你们基不吃药的真面目更妖,LGBTQ,-3.9987466,11.2164545,7
3408,旁边四川大哥替我解了围，南北疆我走了一遍，一路都有各种人当我面直说河南人不好，但这个哈萨克大姐是第一个这样说的少数民族，让我印象深刻，她其实连汉语都不会几句呢……,Region,8.38056,9.589747,6
1248,你这算什么 我们东北被黑的都快被踢出中国了😅,Region,6.720987,11.38027,8
2058,这个故事告诉我们，没有被全国黑过的地方，不是太穷，就是太怂。实力和名气全没有，居然能防喷！也是强😅,Region,5.5899687,10.275989,6
3567,啊 虽然这种人确实很讨厌 但是小兄弟你为啥在我的评论下回复这个⁉,others,-3.6994202,9.001715,0
2767,我在b站的很多男拳内容都被删了但是那些女拳没有被删,Sexism,-0.7135065,7.5643997,3
3345,祖国认为自己厉害，硬要接收黑人,Racism,2.7260692,12.231268,2
972,手游死亡扳机2里的非洲，杀黑鬼丧尸那叫一个爽,Racism,3.5222404,8.923351,7
3279,其实你很不平自己为啥不是黑帽门女主角,others,0.3621911,12.786831,7
5654,没看完，不过看到北方人黑河南就不想看了。我土生土长的辽宁人，在辽宁读的大学，直到毕业才去到南方，也是从在南方开始，才发现南方各个地方都对河南抱有歧视，让我很吃惊，也是长这么大第一次见到中国这片土地上竟然还有地域歧视，本以为大家同是华夏人，应该是中央宣传那样56个民族是一家，内心受到了一万点伤害。后来的后来，发现我们东北人也开始被歧视，一度让我很气愤却又无计可施，身边甚至有当我面歧视我家乡的人，也有歧视河南的人，我不会反驳，但是我会说，我最讨厌的就是地域歧视，歧视别人的同时你是否能承受住别人歧视你！在东北，在辽宁，我从没想过我还会有这些想法，因为没有见过歧视河南的情况。,Region,7.269143,10.648532,8
171,嗨嗨嗨😆黑北京的哪有黑上海的多😎,Region,6.105953,8.559686,6
5061,有些女的分不清是非黑白,Sexism,-1.0184773,8.838093,3
2176,青海存在感比较低，不会被歧视,Region,7.5675597,10.079527,6
7436,不会是个gay吧😆,LGBTQ,-2.982876,10.73427,9
2276,就是尼玛的瞎好，一群gay不挑人,LGBTQ,-3.5841496,10.350568,0
2837,很久没来了！看到曝光台有人又拿可笑的种族歧视当理由举报黑人问题类贴吧，决定再来发一帖，也留个备份贴给那些人看，内容可能有些冲，,Racism,2.8987236,11.703333,2
951,黑人还不够格，脑癌才是,Racism,2.3188512,12.138358,2
501,他们眼里东北985都不如民办,Region,6.750836,11.054601,8
5641,蛮是少数民族,Region,5.882168,12.156017,4
4531,我去，他们自己闻不到吗😅,others,-0.034162443,9.872162,4
3646,找老婆不能找强势的,Sexism,-1.6215898,9.479345,3
5951,后面改成默也算人😅,Racism,0.8943401,9.6658,0
5383,被男同喜欢并不值得高兴，反而值得反思,LGBTQ,-3.458558,9.051434,9
4822,对啊江苏不只是看不起河南，看网上江苏人似乎都不是中国的地方了，他们就是高人一等，和其他省份的人根本不是一个阶层🤣,Region,8.127841,10.6448555,6
5623,事实上，现在少了很多，但依然有。比如某电子厂招人，招聘广告里第一行最大五个字，不招河南人。😅,Region,8.012844,10.748184,6
4112,真有意思人家新生刚来人生地不熟一个认识人没有咋这么优越呢我不多说你去高中找那个混子你跟他练练呗他拍的那个视角也不带有多高的就个胖矬,others,0.29005834,8.964263,0
5277,而且生孩子跟这能一样么，不是两种感觉？怎么不让女的试试电击，看看生孩子和电击是一样的不,Sexism,-2.4191833,7.3712225,3
5041,你怎么不接吧主电话了？你怕你工作单位知道你是同性恋就开除你了？,LGBTQ,-4.2431874,9.976149,9
5629,标子跟黑蛆一样，只会胶配繁殖,others,3.3479362,8.783099,7
5522,今晚别睡太死，姆坦马上到你家门口,Sexism,1.7471361,10.157974,7
474,黑西安的只有洛阳人，但是黑河南的是河南四周好几个省,Region,8.253503,10.407524,6
1150,看，各省都能调侃自家被黑的情况。吴语区就不配说自个这地被黑。吴语区人民瑟瑟发抖。,Region,6.5076375,9.693659,6
3929,是的，生下来的孩子可千万别入中国国籍哦~~,Racism,1.0575207,12.452805,4
7339,不管怎么样，鄙视这种歧视国人，做汉奸帮助侵略者搞子宫战，生哥布林的行为就对了。,others,2.5423188,10.437093,2
2801,南满总是旁敲侧击着、变着法的黑河南、黑北方,Region,6.149968,12.219066,8
5243,我是河南人，去新疆玩跟当地哈萨克人一起吃饭，听说我是河南人，哈萨克大姐直接对我来了句“河南人，大骗子！”，当时我就懵逼了，不知道该怎么回应。,Region,8.422072,9.610685,6
7206,我觉得你写的太好了，我之前，看那些耽美的书评，里面底下都会有很多很多的人骂同性恋的我就觉得这个圈子里面的人太可怕了,LGBTQ,-3.8829222,9.06334,9
2975,她们还可以在职场在学校说性别歧视，要求男性让渡,Sexism,-1.7632809,7.306792,3
1253,其实南方人才是奴性太深，被南下的北方汉人奴役了两千多年，被奴隶主洗脑，动不动就殉节殉国，得了斯德哥尔摩综合症。正常人最在乎的是自己的生命，而不是什么忠烈名节，长期被奴役的人才恨不得为主子去死还优越感爆棚。,Region,6.133524,10.8251295,6
5875,是有很多中国女拳友，还是脑子不好使那种,Sexism,-0.5683164,7.236766,3
7507,腐癌关txl什么事,others,-4.112832,8.444556,0
5929,知乎三臭唐山 河南 上海人😄,Region,7.1027365,9.845527,6
1293,教育开始就在教育男生让女生，还要保护，神他妈绝了。最讨厌就是女生自己说你们男生要让着女生,Sexism,-1.3145512,8.072429,3
845,上海人，或者说咱们长三角人被外来务工人员黑的严重，比首都人民不知道严重到哪里去了😅,Region,5.9177995,8.910158,6
5213,这他妈还用说，看看南非现在这个鬼样，就算以前不是发达国家，肯定也不如以前的经济和治安水平,Region,4.6876874,9.319646,4
253,绝大多数郭女离开化妆美颜啥样自己心里没数整容之后能不能看都不好说,Sexism,-0.16305555,7.7442217,0
3330,批判啥啊。跟黑人搞一起，你看不惯就不搭理他们就好了。有时间看看 袁鹏的帖子。中国男人应该学习下日本人，要彩礼没有钱，要房子买不起，你们爱嫁不嫁。,others,0.91285115,12.438059,1
2121,现在关于上海逻辑是这样的：上海是个好地方（所以上海是全国的上海）上海男人上海女人却是贬义词，配不上属于全国的上海！换句话说：310的不配做上海人？哈哈哈，搞笑吧？,Region,5.7870317,9.024052,6
2734,啥都不会的洋女也不过跟多数国女持平罢了，从比例来说这是正常情况,others,-0.857921,10.097306,1
3701,我不喜欢黑人，第一点是，是审美上的问题。第二点是，他们刻在骨子里的懒惰，与不安分。第三点是，他们没有国家认同感，对他们再好，他们也觉得自己是落叶，只知道索取第四点是，他们没有民族荣誉感，他们不会为了民族而斗争。可以慢慢同化，但是要多少时间与代价？？,Racism,2.2670522,12.545177,2
2509,这也说明反同界多年的行动并不成功……,LGBTQ,-4.8961525,9.9105015,4
3059,消费主义可是女权源头啊，自己冲自己的源头吗？,Sexism,-1.4384564,7.0419493,3
2050,现在不是桑嗨仁歧视外地人的时候了🤣,Region,5.6889133,9.707344,4
3147,有艾滋啊，比瑶姐还脏啊…,others,-2.421736,12.016923,5
5733,河北偷井盖是事实 不叫黑昂,Region,8.4614525,11.553272,6
334,咋说呢，你应该去豆瓣微博小红书还有几乎所有的女权聚集地去说说，你会发现，女权认为自己等同于女性,Sexism,-1.5556607,7.158886,3
3781,真是利都让女的占了，真是都是沙碧吧,Sexism,-0.21790859,7.579583,3
31,我185，但这幕刃是鲨bee,Sexism,2.900851,6.515238,7
1361,你会发现在中国的混血娃的爸爸基本都是中国人，嫁给外国人的女的都去国外生活了，这就尴尬了😅,Sexism,0.8753227,11.647737,1
4218,其他省份可能会随着时间出现不同的点来黑，河南省只用一个井盖被黑了那么多年🤣,Region,8.434868,11.520172,6
2282,对出轨新闻的评论，若男方出轨，女的一般团结一致对女方表示同情，安慰。若女方出轨就不同了，受害的男方往往成了男网友们嘲笑玩梗的对象（参考王宝强）,Sexism,-1.6667079,9.26421,3
1518,脑子有问题，尼日利亚人骗子太多，能出国的基本是有文化，特能编,Region,1.5610493,12.2982235,1
3727,飞周啊。你那么喜欢臭味啊？,Racism,-0.50418705,9.60815,4
3889,我支持你去非洲，去美国。就是别再中国，中国配不上你，仙女的气质。让我们在这个国度里静静的羡慕你。快走吧。别回头别后悔。后悔也别逼逼。中国还是纯黄种人为好,others,0.49267125,12.187934,1
1939,没想到时隔一年我的评论区还能有破防的击佬,LGBTQ,-4.287174,11.732939,0
4002,我以為女拳師討厭腐女，原來這兩種屬性是能兼容的,Sexism,0.75228053,6.8497186,0
1428,东北最大的不幸就是被满清文化绑定了😠,Region,6.5165763,11.062897,8
4027,还有不少说，没有永远18的女人，却永远有18的女人，我们男人随时可以离婚找年轻的女人，因为男人越老越值钱，女人越老越贬值,Sexism,-1.5264257,9.538309,3
772,就是，要是它们不呆在中国想嫁就嫁喽,Racism,-0.1555093,11.266787,4
1513,异性恋还要宣传吗某些txl还是不要自欺欺人了,LGBTQ,-4.508405,9.191713,9
4982,感谢南方经济制裁，现在在争取互相取暖,Region,6.4745073,10.365917,4
607,我对中国女性确实有看法，在外面待久了，你就知道外国人是怎么看中国女性的了。,Sexism,-0.8072977,10.691996,3
6277,万一它们是体重两百的坦克呢？当然不输普通男性。一般100斤左右的力气是比不过一般男性的。,Sexism,0.48811612,10.730621,3
1020,还喜欢标新立异说某某省喜欢地域黑，指路贴吧 中华城市吧 辽宁盼盼吧可以去看看,Region,6.283208,10.39009,8
3902,这个叫双亲祭的用户的幕就是个薇安妇吧,Sexism,1.5853881,7.581382,0
2466,黑人能发明啥,Racism,2.2246804,12.290382,2
3405,如果支持娘炮的话，就不会把“娘炮”这个词挂在嘴边，现实中真的有男的想做女的，女的想做男的,Racism,-2.9001842,8.923258,3
2877,大部分都是开玩笑的，都是在玩男同的梗，但谁能想到一个帖子下面能炸出来多少真的呢？甚至有些信以为真了，导致越来越没收敛,LGBTQ,-2.9988658,8.890788,0
6918,天王老子来了👴🏻也歧视黑人，来喷我吧,Racism,2.4369185,13.5286875,2
4035,汪汪队的女人我都能接受（不开玩笑），但是黑人……接受不了🙂,others,1.0473642,13.356006,2
6926,ezgirl和跪族篮孩确实要批判,others,1.3820307,11.07052,7
158,建议国男们别在仙女朋友圈里出现,Sexism,-0.14101067,8.243239,0
6676,媚外的国女实在是太多了,others,-0.5828781,10.497011,3
1383,南方吹特别蠢😓话说南方其实也不是铁板一块，南方内部的文化分歧比北方大多了,Region,6.1032906,10.584299,8
7455,因为杨笠说男人是垃圾，然后教育男性不要对号入座。那么我也希望你们女性不要对号入座。如果你觉得骂的不是你，就不是在骂你；如果你感受到恶意，那么就是在说你虽然这种逻辑没道理，但是好像成了共识，那么我们就欣然接受吧,Sexism,0.010259888,5.9099035,3
3901,有啥承受不住的✌️不要把网络上的东西当成“人”他们只是一个又一个负面情绪的具体化，如果你把他们当成人那肯定承受不住，唐山哪怕真杀人又和他们有何关系？不过是借此发泄阴暗面罢了，正好可以把网络当做博物馆，俯瞰一个又一个垃圾灵魂✌️,others,-2.270048,8.502422,0
4240,对对对，都是小仙女，小仙女没有错，都是中国男人的错，中国男人应该灭绝！,Sexism,-0.23192134,8.188381,3
5535,大兄弟，小心被地域黑当成靶子，毕竟回族在中文网络上名声不太好,others,7.500756,11.236894,8
6433,以前确实是这样，现在觉得只针对南方了，我河南的，玩游戏有个区，东北河南都有，早期东北人骂河南人能把河南人骂自闭，现在风水轮流转，就不咋骂河南了,Region,7.2210813,10.6789055,8
6104,可是为什么图上都是男的？难道是因为母人智商低下说话毫无公信力吗,Sexism,-1.2389656,8.465585,0
5905,我国那么多老艺术家离世的时候尼孝子们也没这么悲伤过,Racism,4.7810993,10.392147,7
5391,彩礼吧老早被女拳傻卵们占领了。,Sexism,0.045988973,7.2303514,3
4734,有钱人也怕遇到烂裤裆。我婶婶给我介绍留学生我就知道这个恶毒的老妇女没安好心,Sexism,-0.8605404,9.788022,0
5766,猩猩都比黑🐶好看,Racism,1.892767,11.423313,7
4034,媚黑的女生我是真理解不了😅😅😅,others,0.25130588,11.826178,0
4366,染艾的基还有脸来这里，不知羞耻！是不是想来宣传基染艾是正常的,others,-3.5979147,11.541544,5
6603,黑龙江的人均城镇收入已经全国倒数第二了，还做美梦呢？,Region,6.724346,11.228794,8
3540,河南人 本来人就不算坏 只是出去打工的农村人口多 一部分公共素养不高 与其他人行成摩擦而已 以前我几个同事经常和我抱怨 合租室友不爱干净 回来声音大 厕所搞得很脏等等都是河南地区的 我反问他们是不是那些人都三十往上 他们一想还真是的 主要是上一辈中老年一些生活习惯不好而已 现在年轻人都一样的 就算公共素养不高 也不能说明人是坏人 城乡差异而已 无论哪里肯定是好人多的,Region,8.110725,10.861848,6
4191,辐射避难所，黑的都赶出去流放~~~,Racism,3.4502382,8.918393,7
5748,喷吧也是女权它们也只会喷了,Sexism,-0.92652977,7.5045195,3
6664,一白遮百丑！美听说过美黑的。美白，美白！美听说黑人选美的。与黑人结合就值得批判！,Racism,1.0496792,12.071785,1
7556,江浙沪不黑其他省份就不错了，2002年黑山东多宝鱼药物残留超标的是哪里？给山东造成了40多亿的损失。2015年的山东青岛大虾事件，是哪里的食客吃霸王餐倒打一耙？2019年的山大学伴事件是哪里媒体带头炒作出来的？2020年上海的自媒体同时炒作山东理工大学学生虐猫和山东烟台鲍毓明xx养女。经常黑山东的财经专家叶檀是哪里的？骂一亿山东人不如z的大学生是宇宙省的。骂全国的许女是哪里的？,Region,6.813815,9.2994585,6
1174,所以我并不认为第三帝国有错😏,Racism,2.7705073,11.157706,4
2083,黑色瘟疫，文明癌症。,Racism,3.4334466,8.944393,2
4187,上海就是傲呀，客观存在的难道你自己排外还不让别人说？,Region,5.6881204,8.958275,6
3329,引进劣质是正能量？,Racism,2.7414742,12.15383,4
5715,不用我们歧视你是同性恋，你父母都歧视你是同性恋,LGBTQ,-4.1982546,9.676643,9
4843,这个确实更靠谱，我在2021年恭喜说的是对的，现在女权已经疯了，都开始从基因找优越感了,Sexism,0.0923814,6.7731953,3
3104,基佬看见💩洞就兴奋基佬不是在找屎眼就是在治病的路上,others,-4.2387285,11.593689,7
5177,请在女人面前加上一个限定词，你这样搞的我们99.9%不喜欢黑人的女人很不舒服😄,Racism,0.84763134,12.96137,2
1484,理客中，不会就是所谓的中间派吧！他们还有一个称呼，投降派,others,0.288407,8.333733,4
2544,她绝逼看过中国男人配不上中国女人那篇文章,Sexism,-1.415365,10.418202,3
4083,😆😆你找个外国语去给黑人接盘了我们再谈,Racism,0.526344,12.801679,2
3910,黑人外教只是会讲英语，不会教，而且不一定是英语母语，不标准,Racism,1.7571739,12.663934,2
2,抓虫大战，人人有责,Racism,3.2187157,9.181864,7
748,LZ功不可没，民族英雄。我自己也写了一些反嘿文章，但除了百度贴吧的，其他的都被删除了。我的知乎账号也被停用。我只能说，我也尽了自己的一份力。,Racism,2.9936705,10.607542,0
801,拳塔一体才是最大难题,Sexism,1.1531792,7.3369937,7
6920,侮辱彩虹这个东西了基佬应该用hiv当旗子,others,-3.8443143,11.849173,5
425,什么都要男的干女的活着干什么,Sexism,-1.8506641,8.071175,3
2465,我也是直男，我们要保护他们。通过百科了解到，导致同性恋最主要的因素与童年家庭环境和个人遭遇有关，次要的才是基因，这种心理上的变化我们应该多一些理解。但是我反对全民提倡和支持同性恋，以后要是把异性恋掰弯了我们人类就灭亡了。,LGBTQ,-3.6816223,9.59003,9
5581,因为很少人会在职场中出柜吧😢如果基佬都没工作没社会贡献咋活呢,LGBTQ,-3.9325361,10.392903,9
5098,第二个母吠删我评,Sexism,1.7946991,7.8610353,7
6054,户口本没上，按灵长类处理,Racism,1.9389877,11.109822,4
7568,他就是个gay。之前在陕西我去医院，看到他了。他当时往hiv科室里面走了,others,-2.8578994,11.408369,5
3653,张口闭口嫁过去当保姆，实际上做个番茄炒蛋都不会,Sexism,-0.94463277,9.950759,3
979,找个和苟来过的女生和黑人来过的女生你们要哪个,others,0.6709505,12.826372,1
2759,九几年的故事会就有一个故事——黑人富商，女大学生，怀孕，黑人离开，接盘侠很开心😆,others,-0.5997556,12.069384,1
4957,北京天津那么多南方要饭的看不见啊,Region,6.4867735,10.301674,6
2039,舔狗电都电不醒，醒来继续舔啊,Sexism,0.7710698,6.8699436,0
46,说的很对。但是吃屎的也不能要吃尿的强行认同吧！,LGBTQ,-0.12355717,9.383179,4
1203,希望你能好好学习，改变您怪异的性取向。把精力用在学习科学知识上。以后步入社会做一个对社会有用的人。而不是总想着YP找LG。自甘堕落变成一只大叔控zero,LGBTQ,-3.4972255,9.754741,9
1122,她是让男人都当舔狗，是这意思吧。,Sexism,0.33396205,7.351874,3
7533,我突然从我的记忆里发现了一件很搞笑的事。凡事电影里充满男性荷尔蒙的男性都会把女性折服。其中也有对女性暴力的男的。而那些暖男或是说对女性一味好着的男的百分之九十九会被认为是舔狗。有时候想想人性真的贱，有一天男性真的变成女性的奴隶了，估计也没女性会真正喜欢男性，就是这么矛盾,Sexism,0.21727659,7.304248,3
1060,哪种灵长类动物没有爹,Racism,1.9160466,11.235702,7
6488,劲夫们打她,Sexism,-0.34131712,7.382644,7
2685,所以当前突出问题也包括女汉奸的问题，这点这个🐶的贴已经说明了,others,2.4192026,10.320786,3
3722,拒绝雄竞，拒绝承担责任，拒绝社会规训，精致利己，高消费，法律是道德的底线。没好处不结婚，能花女人的钱就花女人的钱，拒绝同情与帮助女性。讥讽谩骂雄竞男，对于同阵营的则“boys help boys”。,Sexism,-1.4018778,8.12653,3
2524,我早就说过同性恋必须绞杀！我列举一下已知的同性恋的危害：首先就是全球变暖，然后就是缩短日地距离，拉高紫外线强度，皮肤癌泛滥。其次就是对青少年有极端错误引导，而且同性恋违反大自然，引发海啸地震,LGBTQ,-3.857216,9.726452,9
6880,等等，我先声明一下:我提倡人人平等，反对种族歧视。但是我拒绝凯乐奇计划，以及将某些人捧上神坛,Racism,2.4252555,13.498949,4
5319,估计要双目失明才能接这种女生的盘,Sexism,0.03969065,9.403384,0
51,人类中智商极端高的通常是红丸觉醒者，他们深刻认识到了母人吸血的本能和生命的雌本位底层代码，所以才把母人当成繁殖和泄欲的工具，或者干脆就是男同。,others,-2.3572996,7.5231085,3
6641,建议不要多说，被学校的女拳知道，就不太好过，等快毕业淦,Sexism,-0.68328005,9.2896385,3
6361,人家安徽的，江苏人出省也就去上海，别给自己贴金,Region,7.4492164,8.877505,6
7095,確實，莫言筆下的高密百姓吃的竟然是玉米麵饃饃和朝天鍋這種豬下水，營養級別太低了。還是我們廣西美食人肝最美味🤭,Region,-0.12796855,9.71999,7
4256,来解释一下为什么男同的人数那么少却能够在感染人数中占那么高的比例。,LGBTQ,-2.6517136,11.83262,5
1512,支持，女本位社会根本没有人会关注我们男性的苦难，只有男人能共情男人，我们要公平！,Sexism,-1.5139364,7.889022,3
660,一直钕全钕全的，老掉牙了钕全造词骂男性倒是一大堆以后统一用这个如何,Sexism,-1.1462277,9.084975,0
5805,决不能心存半分怜悯，即使它们仅存一只，也会不遗余力地毁坏生态。,Racism,3.295254,8.960641,4
3961,法国觉得你说的很赞👍，还有中国那些没有爹的小黑也觉得😄,others,0.40601832,12.426457,2
7160,我他玛就是歧视他们。表现不好就要有受人歧视的觉悟,others,2.7994428,13.564777,2
3570,你那个性别要不要先改一下😆女拳不都喜欢冒充男的说话吗😆,Sexism,-0.566491,8.087195,3
741,祝所有慕洋的蝈籹都能去号子里面蹲蹲捏,others,2.6564252,7.834062,7
811,真是无语，不看地区经济和女方的？拳师去刚果贫民区要求200万彩礼得了。,others,-0.57272047,12.672701,1
906,你可以去看看这个索玛女王对默的评价😆,others,0.8018661,9.577839,4
3676,二次元喜欢曹木琴,others,1.3882971,7.72463,7
5924,同性恋总是爱跟异性恋比较，认为自己做的错事别人也会做所以把自己做的错事合理化，只会不断错下去乱下去。连染艾染病后也觉得跟异性恋差不多。同性恋不会正视自己跟异性恋生活上的不同之处，只会看异性恋的缺点不会看异性恋的优点,others,-4.0418215,9.737268,9
4963,辽宁负增长还好意思嘲笑西部。,Region,7.050493,11.097181,8
6587,你逻辑有问题，只要男人下面行60岁也能找老婆生女人就不行绝经就生不了所以男人在这方面比较自由,Sexism,-2.3114202,7.4332423,3
6387,然而现在大多数人选择不结婚，剩下的大多数从外国娶，或者入赘外国。选择和本国人结婚的少之又少。,Sexism,-0.8075374,10.8908,1
7494,我身为南方人，我觉得真的应该想一想。为什么这么多人不喜欢东北？绝对是遇到什么事情让别人觉得难以启齿了，他们才会在网络上黑的。啊，有的东北人就说这个人是不是怂了？当面不敢的，并不是当面不敢，而是说当面好好解决的时候，他那边不配合，不好好解决这种事情，我在东北读书的时候，我也一样遇到过。而且说真的。东北人和南方人的性格相差巨大。生活习惯相差也很大。我承认以前东北在富裕的时候，就是呃用自己的支援那很多省，但是这不这不代表啊，东北的人就可以拿这个作为优越感。你以为就东三省对全国有很大的贡献吗？其他省份没有贡献了吗？全国34个省，自治区，直辖市，难道一位中国一点贡献都没有了吗？不是的你现在想一想为什么啊？喷东南沿海地区的就是很少。比如说福建，广东，浙江，江苏，上海，我发现就是黑那一片地区的人就特别的少，就包括北京也很少，你是不是该想一想？真的是一些人把一个地区的风景给拉低了的，这句话绝对不是闹着玩的。,Region,6.6551337,11.202956,8
2699,得了吧，你们才是地域黑输出主力军吧，我们安徽人被你们黑成啥样啦🤣,Region,7.5349827,8.925204,6
7275,答主说的警方处理问题就跟当地人说南京话确实有问题，你可以想想当时的情境。,Region,6.901078,8.861987,6
6605,我想问问，普通男生被莫名磕同性cp什么感觉?我一直以为同性恋只是小部分，但现在感觉这个队伍越来越壮大，甚至我说出讨厌同性恋的话的时候我觉得所有的人都在针对我，我无论从心理上还是生理上都很厌恶同性恋，无论男同还是女同，之前我一个女性朋友说她喜欢上了一个女孩，她借着朋友的身份跟在她身边，我觉得这样心思很不单纯，这与男女不一样，总之我很讨厌同,LGBTQ,-3.5342124,8.855615,9
5049,猩猩发枫也是这样,Racism,4.0212455,12.917891,7
4901,为什么舔狗如此之多可结婚率却这么低？因为舔狗，不得好死！,Sexism,0.64777905,6.9558363,0
3882,😆见义勇为：南京小张。😠嫌疑人：黑龙江张某。（在南京居然还敢见义勇为也是很勇了）,Region,6.6875577,11.3680105,8
6377,看看，就黑人这幅德行还有人给洗呢,Racism,2.5778084,11.530816,2
3583,都是满满的让男性扛委屈，蛮不讲理的让男性退让，表面相让实则pua规训及精神打压！！！,Sexism,-1.4058088,7.9950404,3
4070,你对善良这个词是不是有误解？看看黑的犯罪率再说吧,Racism,2.7385244,11.805904,2
292,恶心！滚去非洲，别把串串留在中国,others,1.5497733,10.449051,7
412,深柜里的1很多,LGBTQ,-5.369425,10.027703,7
2409,荷兰卫视以及那几个特斯拉车主呢？是别人黑荷兰编出来的故事吗？,Region,3.4744413,11.022777,4
5532,如果你喜欢对号入座，我无话可说。你们遭人唾弃，还是你们自己的问题，若想人不知，除非己莫为。,others,1.372843,10.10611,4
3466,想要判断广告有没有性别歧视，最好的办法就是性别互换：把出大力的卖牲口广告换成男劳力你愿意吗？,Sexism,-1.1094189,8.307538,3
3829,之前的反默老哥都转抖音了吗？半年没来一个都没了，吧不成气候，组织在哪里，我要加入组织。,Racism,1.0713943,8.544717,0
2187,笑正常人是猪，散播同性恋美西意识不良风气，校方不会轻判,LGBTQ,-4.2626777,9.907852,9
3581,有个地方的人戾气很重，天天埋怨郭嘉欠他什么什么，埋怨别的地方欠他什么什么，看看网上哪个地方恨国党最多就明白了。,Region,5.0659823,10.720702,6
840,同感，我等不及看国钕乐子了。😆,Sexism,0.26901045,9.691806,4
1873,朱诺话题，有本事去喷宁波工程学院黑人事件啊，无能的郭朒在狂怒,others,2.5794535,11.812653,2
2856,默就是默，喂不饱的白眼狼,Racism,1.1370964,9.646291,0
1365,其实证明是个男的都有歪心思，跟美丑无关，找个帅哥，不然太吃亏了,Sexism,-1.2340178,9.61286,3
7115,知乎好多黑人和中国女人在一起的图片能把你看吐,others,0.18153897,12.410127,1
5737,老子就是种族主义者,Racism,2.602298,13.311356,2
2537,基佬恶心人所共知，基蛆所做人神共愤,LGBTQ,-4.2878194,11.4377985,0
3251,安徽也被黑很惨啊,Region,7.350362,9.167554,6
4891,抛开数量谈都是耍流氓最底层的“最”，这个模糊的伺……底层男可以找底层女啊，底层女的也被挤压（）,others,-0.5487852,6.4068246,3
4179,生个小孩还是黑色的，放心吧,Racism,1.0906805,12.115141,1
1833,雄性基因是排外，雌性基因是择优，如果思想上升就不必去骂黑人，但在这个世界大染缸里，清醒的人毕竟是少数，大部分人靠本能去抉择，即使我明白我也一定排黑的，同族群能容我，而异族必不容我,others,1.7647865,12.148223,1
2095,受不了了，同性恋真恶心,LGBTQ,-4.642092,9.272509,9
95,先解决孩子安全问题再说吧，基佬炼铜是人尽皆知的,LGBTQ,2.0780702,11.333526,4
3678,彩礼吧本来就是农村小仙女聚集地,others,0.10555809,7.246009,3
258,这种是二十一世纪新型汉奸,others,2.5241566,10.467234,4
4668,支持丁真带领回族成为蒙古族,others,7.501615,11.269019,4
2051,什么卫校毕业的？,others,1.0383787,10.249266,4
4840,蛤蚧，又替黑非洲来抢劫埃及文明啦。历史上北非文明与黑非洲不是一个体系。,Region,1.9603397,12.516871,2
4821,咱们就长话短说，图片里的这个吧，大家小心点，是个撑同吧！不是反同吧！请各位注意！注意！注意！,LGBTQ,-4.5199394,10.199854,9
1798,其实全球所有国际鬼子虫类及其它们后代虫混精英其实也好不到哪里去它们在全球监狱都有不同案底档案,Racism,3.0628932,9.405355,7
237,我感觉大多数能跟非洲黑人在一起的女人既看不上普通国男，普通国男也看不上她。男的有意见就没必要了吧😅,others,-0.19453011,12.817251,1
3673,如果真的引进大猩猩，到时候你可以看到大猩猩比黑人还要受国女宠爱,others,3.8462481,12.776356,1
1265,黑男生的孩子再嫁给中国人，不也能稀释干净吗，既然歧视，就一视同仁吧，嫁黑人和娶黑人，都不能接受，别人那是他们的自由,Racism,1.0564204,12.480443,1
7384,江西 就是江西 双标,Region,7.256248,8.438468,6
2660,说得对，希望你弟哥都是0，你拔拔是1,LGBTQ,0.8430147,9.974992,4
3073,批判谈不上 ，你喜欢黑的也好白的也好都是您的自由，你要因为逆反心理去让黑哥哥糟蹋那也是你的命！只要不是诋毁中国男性，不是拉低中国女性你爱干嘛干嘛！不过我闺女要给我找个黑女婿，大概率情况下我会帮她改变一下身高！！她妈估计会让想做她女婿的黑哥哥从生理学来说以后再也做不了任何人的女婿！,Racism,0.8149026,12.357921,1
1109,只能说国女被宠坏了,Sexism,-0.29669636,9.868254,3
4979,还说黑强壮，看看疾病横行，连简单的工作都不会干。,Racism,2.418087,12.471128,2
697,笑到肚子痛了！真想问谁教养他做基佬，真丢人,LGBTQ,-4.239964,11.335949,0
4803,为了制止通讯录怪物们日渐增长的肆意行为，现本反同战士发起同僚招募各位有意向的反同战士私发我果体照检验是否体能合格！13天后会通知招募结果，肌肉猛男们请速速报名！,LGBTQ,-3.2829568,10.049419,0
5764,可以接受男男的存在，但是不要出来恶心我,LGBTQ,-3.3629675,8.569295,0
3993,我在宁波做外审，前面年末又一次去公司，一个子公司的财务向我们骂了五分钟的贵州人,Region,6.841705,9.687893,4
4951,宁要从良技也不要媚外女,others,-0.35023075,10.509923,3
2207,他是矮姿患者,others,-0.10133316,8.847277,4
4788,最后两句骂的好！点赞转发收藏。🤣🤣。但是，人家黑giegie开过光的仙女，来找你？你普却非常自信啊？啊？😆😆😆😆😆,others,0.69906,8.834208,0
5317,你需要接盘吗？,Sexism,0.22080079,9.443154,4
1763,现在辩证的来看小胡子错就错在输了战争,Racism,1.9834688,11.490337,4
4188,白人好一点，黑人真不能接受,Racism,1.5626175,13.185149,2
731,我是黑龙江人，我觉得河南和东北被黑的很大原因是口音。,Region,7.1592755,10.706171,8
6813,你不用难受，你喜欢的东西就不要在意别人说什么，我们宿舍也有一个同，我有时候就不由自主的说她恶心，其实我也觉得我错了，毕竟这是别人的事，我这么说会伤别人心，以后会尽力改的，我觉得双方都没有做错，只是角度不一样而已,LGBTQ,-3.9452443,8.803616,9
1667,说白了不就是悖德感😅逆反心理你还是青春期小孩嘛😅上次在某贴吧看到有老哥教学：不要想着yue，而是去交女朋友，上完就冷处理，拿现实条件分掉😅现在明白了家人们，原来pua约p技术都是跟黑淫学的，仿生学了属于是😅,Racism,-3.2790785,9.510035,9
5807,女拳现在泛滥了，敌我难分,Sexism,-0.6103694,7.3283567,3
6947,把所有消费都投给那些纯男性领域，资本就会闻着味道来讨好男性了。比如游戏之类的。,Sexism,-1.8205311,7.4732842,3
1416,你应该看看南方人是怎么骂东北人的..,Region,6.628491,10.699979,8
1903,看到这个工作人员的衣服有彩虹就知道是美西势力恶意制造的宣传。如果工作人员衣服上没有彩虹还能有一点可信！,LGBTQ,3.3766146,10.658413,4
2257,我看三非镇傅也懒得管，遣返要地方出经费，这是什么道理？地方把他们赶到其他地方。,Racism,3.628351,11.050151,4
6623,没关系把她们培养成大纱布让愿意娶的弱指去娶,Sexism,-1.4519798,10.964448,0
6732,黑粪蛋脏了衣服,Racism,2.0347755,9.952182,7
3161,图沙黑蛆是人类未来大势所趋,Racism,3.4632087,8.81614,7
2358,Gay还会挑？,LGBTQ,-3.4407382,10.388248,9
7588,性取向还分nm个高低贵贱，不懂就问请问这是印度吧吗恨不得给你yxl分配个婆罗门身份是吧,others,-3.8344877,9.762453,9
5425,滚，lkd,Sexism,0.9885504,9.307379,7
7622,哎，这种的，一看就是没点脑子的，他也来喷我了。。看样子像女权派来的。。,Sexism,-0.4202224,7.939788,3
2434,我真的上大学之前都没听过 我身边的人也没人知道 直到碰到了河南室友，她跟我讲她们河南人为什么偷井盖 还开玩笑的教我们怎么偷井盖😅,Region,8.486087,11.542965,6
7501,日本想在奥运装圣母,others,3.0613406,10.247733,4
3742,网上喷黑喷同胞的成万上亿，现实中敢和黑人硬碰硬的寥寥无几，看来还是上网喷同胞安全又不犯法😆,others,2.5832515,11.716693,2
1614,好，我看黑吹子有啥可说的,Racism,3.2075276,11.163571,7
64,哈哈哈哈哈笑死我了，籹拳帖子下面全是鸡或麦片的这波叫做产业集聚,Sexism,1.4027617,8.128552,0
7461,作为男人，这一点上我不双标：娶默的只要待在非洲生活，好好建设非洲，我们绝对支持，欢迎逢年过节回来谈情。对嫁默的，也一样，虽然我zzqs，但我支持真爱🐶,Racism,-1.0299374,11.946382,1
3061,谢谢你重视我，你当上小吧还要对付一个我？我只是反同中的小兵罢了，只要反同的吧主和小吧没有受伤随便你们绞杀。,LGBTQ,-4.5681453,10.242343,9
2691,我一直奇怪为什么和黑人没有生殖隔离？谁能解释一下给我听吗？,Racism,0.80192286,12.841389,2
506,臭木勾sigma,Sexism,-2.8152032,10.605991,7
4248,河南新疆回族人。。。。。。。。就真的没有一点办法了，，，3头不是人。。。哈哈哈哈哈,others,8.232384,9.723533,6
5801,可就算他们被黑人甩了 传了ai滋，她们也一样看不起郭楠哟😆😆,others,0.82891244,13.11985,2
1653,偶然看到，就评论一下。都是人类，性取向就是萝卜白菜，各有所爱，没有什么高低贵贱。只是想到男男，生理上超级排斥，也就是感觉恶心,LGBTQ,-3.6225157,8.782926,9
7306,另外，印度高种姓女人颜值不差，就是东南亚矮小女人混血白人的，不少也不错。甚至说句不好听的，印度低种姓那是女人不化妆，郭女卸妆也是大姐二姐。郭女也就比默强,others,-0.9911497,11.648935,1
7071,有些人地域黑已经疯了，完全没有理智，比泼妇骂街还要可怕，,Region,5.4583406,10.141302,6
3074,学一口东北话去上海工作吧,Region,6.023845,9.161061,8
5987,倪哥能不能死?,Racism,3.0912342,8.574364,7
1185,印度人体味重，让我没食欲，我是南方人，我不怕重口味，是怕重口味的人做的食物，我会心理不舒服,Region,0.8089257,11.379906,6
646,对白人黑人都不喜欢，没有例外😄,Racism,1.5859516,13.244779,2
1026,所以你现在得出结论:不要找黑人!而不是讨论什么去不去非洲，嗯，现在我们才是想法一致👍️,Racism,1.0491126,12.551201,2
5286,"去了解一下,教会藏污纳垢恶心死你.",others,2.9318159,11.309186,4
3847,推荐重庆孜孜不倦黑成都和网宣踩不停的宣传拉踩，特点就是，喜欢吹一个唱红脸一个唱黑脸，一个重庆的负责吹其它的就是哎呀不要这样我们重庆不是这样的全都在骂装出一副与世无争，结果一看拉踩言论点赞全是它们隐去点的。耿直就是它们的遮羞布,Region,6.317826,9.783461,6
7258,福建人真搞笑，自己什么德行不知道？还装上台湾人了，台湾护照多少免签，还不用抽h1b。看看你们福建畜上了多少国家的黑名单了，华人的声誉就是被福清偷渡客给搞烂的。,Region,8.262065,8.900338,6
2485,这其实对女权造成不了打击，因为大多数男被害人，施加犯罪的人也是男的，这样反而让人笑话，给女权钻空子,Sexism,-1.5118566,7.8556147,3
154,江西不配被黑,Region,7.2827873,8.37251,6
5263,这些人不替自己的未来考虑，不去努力改变纠正自己以适应求生存，是世上最奇葩的一类心理障碍群体，连生存法则都得给它们让步，他们不仅是颠覆了异性相吸同性相斥的自然法则，也打破了人改变不了现实，只能去改变自己的生存法则,LGBTQ,-3.7098038,9.6527,9
6027,如果我没记错的话这个楼猪可是大名鼎鼎跪虫圣父标到今天发了一个虫类及其它们后代虫混增长录事实没有任何问题但是经过著名大名鼎鼎跪虫圣父标发出来就有点居心叵测毕竟古人言：事出反常必有妖！,Racism,2.6673489,9.227817,0
6092,啊哈哈哈，普信男破防了😆，当真是喜闻乐见??,Sexism,0.26854545,8.723391,0
1345,美国的忠实走狗，中国砸再多钱也喂不熟,Region,1.2034621,11.049292,4
322,黑河南和北方 最严重的是西南地区及东北地区 都是一群南蛮搞的鬼 他们没什么本事 只会在网络上破坏民族团结 搞国家分裂 因为他们有着不为人知的优越感！,Region,7.31808,10.585595,8
2368,男权是成不了气候的，反女权倒有可能，想要崛起还得让女权把舔狗龟男打的退无可退，事实就是男理中客舔狗龟男一抓一大把,others,-1.0931487,7.470362,3
6121,这是个明白人，中国社会撕裂的现状有自身的原因，但更重要的是美国在中国的狗腿子有意带的节奏！,Region,3.5866973,10.665468,4
617,找代孕不香吗，干嘛找个女人收割自己,Sexism,-1.2116387,10.075565,3
7063,一起来猎杀默和easy girl吧。,others,1.3727958,9.727395,7
5782,对啊。如果你周围都是这样的女性，那你和那些黑人也差不到哪里去 。,others,0.379165,13.208783,2
3679,我承认，我就是种族歧视！歧视一个作奸犯科，为非作歹的人不算歧视，叫弘扬正义，,Racism,2.689549,13.333839,2
7017,txl喜欢乱组cp，两个关系好的朋友都要组cp，真是ex烦人！！！,LGBTQ,-3.419925,8.830893,0
4280,艾滋病你不怕，她等不到那天就会被艾滋病恁死,others,-2.4939375,12.2159,5
1490,按城市算最惨还真是天津，地域黑最严重的河南东北单拿城市出来都没天津被黑这么严重，郑州洛阳开封哈尔滨大连长春沈阳都比天津口碑好，尤其哈尔滨大连长春洛阳开封比天津口碑好的多，即使口碑稍差的郑州沈阳也比天津口碑好,Region,6.4942746,9.920636,6
6014,在上海务工的安徽人很多，一般对安徽有地域黑，其他身份对安徽无感，谈不上黑。🤣,Region,7.6357117,8.9195595,6
1282,buff最高的是东北满朝俄混血,Region,6.358769,9.886833,8
6382,调查报告，性知识不会看吗？欧美那个是专门选大的和用医学技术填充的，没看到这么软吗？亚洲日本av文化你知道吗？就是胖子肥宅加短小，然而欧美肥胖率特别高，胖子很多,Region,0.011250717,11.469981,3
5810,我们遵循以前反钙吧的规定，不和贴吧或者微博乱骂人的人来往。以前弄的规定已经很好了，不要再乱改了。我们就自己搞自己的，不和那些男女厕所的人交流。,Sexism,1.0259132,8.578911,0
1325,深柜竟在反同身边,LGBTQ,-5.3179045,10.038747,9
50,因为黑人女孩跟黑人男孩结婚，她们不要彩礼，黑人女孩跟中国男孩结婚，她们也不要彩礼；中国女人跟中国男孩结婚，她们要大额彩礼，婚后十指不沾阳春水，中国女人找黑人男人，她们不要一分彩礼，还没结婚也可以生孩子，把黑人照顾的那叫一个舒服，外国友人都交口称赞👍,others,-0.4363081,12.778392,1
4993,对那种媚黑的有恶意,others,0.26966968,11.795452,2
742,幕刃真的该死,Sexism,2.8987236,6.509155,7
5960,河南人，但经常被黑偷东西。新疆人被黑偷东西的也很多。所以答主被成为河南籍新疆人！,Region,8.26761,9.69007,6
1213,大哥，就几个辽宁人这样说话你就当成所有辽宁人都这样了？我们东北人到南方上学，都是最团结的。南方人对东北人的歧视是根深蒂固的。这时候就不要搞分裂了好嘛？,Region,6.618058,11.511726,8
4,我觉得中国女性媚外值得批评的是中国男性，你们看一看出轨的女人的老公一看就很软弱，而以前在社会上混的男人的老婆我没发现谁敢出轨，中国男人如果能和黑人或穆斯林男性一样暴力，那中国就没有媚外的说法。,others,-0.7377419,10.62075,1
5635,现在网上黑上海的都很上头。大部分人绝对是道听途说。,Region,6.005675,8.74806,6
937,可是，现在大部分女性不都说要求不婚检吗，婚检就是对我的不信任⁉,Sexism,-2.8744097,10.797277,3
2659,新疆买买提过来黑你，你还敢说一个不字？？？？？你这句“最搞笑是西部城市都跑来黑。”让我深刻的明白了为什么东北人和河南人不受人待见，我差没关系。。。有人比我更差啊~~~~~,Region,8.175129,9.591007,6
1799,讨厌洋垃圾，可是作者情况里的女孩确实可叹可怜，你这直接上升到基因、父母、祖宗，你太极端了。,others,1.4796737,10.980292,1
1159,同性恋够低能的,LGBTQ,-4.6249967,9.547274,9
7322,客观说，黑河南的，这几年少多了。河南经济这几年发展很快，尤其富士康在郑州设厂后，带动上下游配套厂家的发展。解决了大量就业，也使河南的出口外汇，极速大量增加。。就业多了，河南人出来少了，富裕了。被黑的也少多了。。关外三省还是长进不多，被黑的还是不少的。,Region,8.114397,10.676435,6
2115,以后别抱个天生免疫缺陷的巧克力回老家上户口就行😆,Racism,0.53212345,11.530197,0
3053,飞周多穷啊，别听她的，会后悔的。去飞周做小老婆，从她嘴里也说得出。,others,-0.7740237,8.752779,4
7538,极个别？？霍？去看看广州云贵川那里，再去看看大学校内，你说的极个别如果没人重视以后黄皮肤就变成黑皮肤了！这是灭种的责任,Racism,1.7172529,12.475073,2
6725,要这么说我们苏北最惨，江浙沪被骂我们要陪绑，回头又要被你们江浙沪的黑，来回被骂，被黑两遍😆😅,Region,6.8592577,8.890504,6
4654,我就是杭州本地人，确实本地人对新疆歧视蛮多的，但是这种歧视怎么说吧，就是口头讲讲，涉及到实际利益的时候影响其实不大,Region,7.643617,9.465046,6
2870,🙁说实话，我觉得东北被黑是最惨的，而且很持久，其他地方基本黑一下拉倒了,Region,6.504227,10.964396,8
7212,就应该给媚黑的女人一耳光，这本来就是为她们好，更是为我们国家好，对待黑人，矫枉必须过正…,others,0.124562055,11.742055,1
3730,因为所谓男子组比赛，实质都是普通比赛，常规比赛，并不禁止女子参与，之所以没有女的参与原因就是菜，没别的，菜到根本跟不上节奏男子与女子比赛就是专业和业余,Sexism,-0.8767033,7.764572,3
6722,别跟我扯什么父系，奥黑有一半犹太人的基因，所以奥黑不能代表黑人。,Racism,1.8039324,13.014918,2
6583,可以啊，和她签合同，钱给她，但是当一定期间内的投资回报率低于一定值直接净身出户,Sexism,-1.9649439,8.788525,3
2110,我看看还有没有谁出来维护他,others,2.6704223,10.160637,4
2797,黑安徽？？看来人们都是生活在自己信息茧房里。,Region,7.572033,8.977242,6
6001,在easy girl眼里，这也比国男好得多,others,-0.8412238,11.112381,4
5838,喜欢嘻哈文化所以走到一起，想想一个国家的强盛，是靠发展这些垃圾文化吗？唱唱跳跳只会毁掉一个民族，所以黑人那种文化根本不值一提,Racism,2.317143,12.363207,2
7547,自己找不到女朋友，怪黑人？,Racism,0.40049157,13.100503,1
619,把中国当成他们的殖民地。,Racism,2.6067438,10.747386,4
749,你马上要被打成上海人了,Region,5.609089,8.741383,4
5388,那女的应该被那个黑g的黑d透烂了，嘴也吃黑d吃烂了,others,-0.5327934,8.978722,0
5768,那些人，已经被精神阉割了，这方面帝国主义做的非常成功,others,1.5630726,10.50463,4
7113,那你得问那个女主播为什么喜欢地域歧视，反正我是没看到黑龙江的负面新闻比别的地方更多，倒是那个节目报道辽宁本省的负面新闻稍多一点,Region,6.692317,11.035498,8
6415,这是一个把外来入侵物种引到西欧的好机会,others,1.7313268,11.0958395,4
1944,说得好，为了防止西式政治正确绑架科学，需要从我们做起,others,2.6511354,10.530975,4
793,纯黑都能在中国找到女人，混黑还会找不到？黑皮只会越来越多！！,others,0.41643155,12.123098,1
7340,这在我们眼里是标准的帅哥，死郭楠你闭嘴吧,Sexism,0.8313385,10.277031,7
2201,——同性恋第六感的什么方面最发达？——极度的玻璃心,LGBTQ,-4.4870377,9.750214,9
2007,综合作者所述，中国妇联官方认证了唯一一个被世界女权组织批评为媚黑、媚白、媚外的女性群休——中国女性，为官方认证的分裂势力。哎呀，我今天才知道，原来中国妇联都是男性，原来如此。,others,-0.7785702,10.428747,3
2155,我身边的优秀女性说没被冒犯到，看来跳脚的人应该很不如意吧,Sexism,-0.7837177,7.7440634,3
1732,请你去掉我们河南，改成我们东北下面的河南,Region,7.243335,10.663262,8
3313,牲口都是这样的，做不了人事,Racism,1.7704998,8.853006,4
627,这个是杀猪盘，男的都是请来的托，装大款，骗女的交钱参加相亲,Sexism,-1.0639532,9.695649,3
5837,哈哈 我在乍得 这边小黑两瓶可乐就可以给你当一早上力工,Racism,3.21438,12.051596,7
5682,知道民族大融合和北方南迁吗？我一个南方的汉族人莫名其妙就变南蛮了？,Region,5.9661613,10.580277,8
4312,这种问题我也不知道该咋说了，就像我觉的阿莱克丝塔萨漂亮，可是偏偏有人觉得浩克漂亮。。男同属于后者。。,LGBTQ,-3.389029,8.981876,9
7583,我感觉长三角一些媒体搞地域黑比南方周末狠多了,Region,6.0938206,9.561105,6
7597,各位同仁一起努力，多科普多引导多宣传，尤其向自己家族的女性和身边的朋友科普嘿仁的危害，尤其是年轻少女，三观不成熟，没有分辨是非的能力，极容易被祖坟被人刨了媚嘿和田园表所引导，大家一起加油，小弟天天科普，至少家族女性对公fufu都很反感，唯恐避之不及，大家加油,others,-2.1361775,10.257299,3
117,异性恋属阳，是正常的，同性恋属阴，是不正常的,LGBTQ,-4.234431,9.59008,9
1229,就烦这种不知道自己几斤几两地下头男,Sexism,-0.31269813,8.641232,0
4136,所言极是！而且有一个很有意思的现象，往往越是资质平平的直男就越反同，相反越是素质高修养好的帅哥，反而对同性恋很包容……,others,-3.9097447,9.1960745,9
6010,有孩子的女人，就算以后不结婚，心里也不会慌，因为虽然你在一天天的变老，但是你的孩子也在一天天的长大，你根本不需要慌。而不婚不育的女权，你膝下无儿无女，30岁以后，你敢说你不带慌的？等你绝经了，又老又不能生，男人要你有啥用？你最后的筹码也没了,Sexism,-2.35948,7.280673,3
7316,黑命贵，黑玫瑰？,Racism,0.54201096,11.958031,7
5355,每个种族活下来都不容易，嘿贵也有嘿贵的特长，父母的苦口婆心都没用，别说咱们旁观者了。,Racism,1.8435254,12.1104555,2
6409,这个人很早就挑拨地域对立了，别理他拉黑,Region,5.444681,10.088493,6
2401,easy girl可不是国男喊的🐶,others,-0.5585575,11.474326,3
5101,在中国说zzqs的黑人都是居心叵测，因为zzqs的适用范围是一个国家中的各个民族之间，而我们中国和黑人根本没有任何关系。他们说我们zzqs，这就证明他们把我们中国当自己家了!大家得团结起来!,Racism,2.4238539,12.873908,2
3328,只有妈宝女才会说别人是妈宝男，妈宝女真下头。,Sexism,-1.1826127,8.359946,3
4977,堕落的媚黑奴，就算我比黑人厉害无数，我也不帮媚黑奴。这就是报应！,Racism,0.85008484,11.392994,2
5858,还嫌弃我们土穷😆😆😆,others,6.1827626,10.628925,4
4680,我老家河南，继父新疆人，一阿姨直接来一句难怪你爸妈会离婚。。。,Region,8.314484,9.628022,6
6401,现在欧美每一部电影都要有黑人，要不然就是种族歧视！现在天朝抗日剧里面开始出现黑人,Racism,2.471363,12.738656,2
4914,猎默人在行动，快，加入猎默的队伍吧。,Racism,1.300048,9.711076,4
2014,那就好 希望像你这样正常的女生对一点，某些女人已经把中国女人是名声搞臭了,Sexism,-0.5580873,8.362259,3
871,如果同性恋可以结婚，还会有人骗婚吗？如果社会接纳同性恋，还会有人隐瞒自己是同性恋然后去和异性结婚吗？,LGBTQ,-3.3864427,10.051763,9
2203,额，炼铜txl能不能④,others,-4.2306976,7.8201103,7
1336,十几年前我刚上网的时候网上东北的名声还行，最起码“东北曾经是发达地区只是现在衰落了”这种常识哪怕是再黑东北的人也不会否认，但是这几年不知道怎么了，可能是智能手机便宜了流量便宜了，很多地域黑居然张口就是东北是贫困山区一样的地方😓,Region,6.712227,11.131664,8
2610,别想太多了，国男去援非，找个黑妹还凑合。“欧美高质量女性”就很难了，毕竟在她们眼中，国男多数是身材矮小，弯腰驼背，眯着眼睛神情猥琐的怪物。否则，NGO别说狗粮了，💩都没得恰啊，国内也没有打拳的空间了，eg随之销声匿迹。,others,-0.67869854,12.449522,1
2912,一个垫步侧踢踢废这些幕刃,Sexism,2.8820248,6.5286403,7
2165,教课书一样的普信女,Sexism,0.20991354,8.614763,7
7477,是东北先挑事的,Region,6.2489276,11.100157,8
4735,兄弟萌快看，急死的国女出来了。😆,Sexism,-0.080719315,9.757709,7
4750,我个人是不接受的和黑搞的女人。就算瞒着我，一旦被我知道，分手或者离婚🐶,others,0.22551578,12.8297825,1
2900,嘿玩意基因自带从小都有攻击性,Racism,2.043432,10.584047,7
1362,社达只能对外，不能对内。,Racism,2.1841948,11.454694,4
1581,本山西人真的不敢歧视外地人，感觉全国就我们山西是最穷的，要是没有煤，就彻底没有上桌子的权力了😅😅😅,Region,7.6319423,10.412239,6
3836,河南户籍的新疆人，手动微笑，我要和他们这些地域撕逼到底。,Region,8.272131,9.66502,6
5374,😆😆😆这话是事实。福建省内相互歧视的例子多了去了，我们早就习惯了。,Region,8.205025,8.907726,4
7061,我害怕😨两点，1外网上有动作片，2有病HIV HPV。,others,-2.163435,12.08915,5
7003,不出现在人类面前的哥布林才是好哥布林,Racism,2.624116,10.070509,7
3016,应该立法中国只承认父系子女拥有中国国籍。,others,1.1663083,12.325045,4
6824,直男有几个掰弯的不过是摔锅罢了反倒是直女的很容易磨批之后拍拍屁股找直男继续吸血,others,-3.0572848,9.26428,3
2012,当理性判断女拳阻碍社会正常发展的时候，清算就开始了。,Sexism,-0.9036881,7.0965247,3
2475,女权把人变成鬼,Sexism,-1.3739668,6.72723,3
6279,歧视又怎么样，我们压根不欠他们黑人什么。,Racism,2.5560606,13.254474,2
3216,真的现在女权生亩媾横行,Sexism,-1.260776,6.755319,3
671,嘿蛆离不开䓯品,Racism,3.2831743,8.515682,7
7557,你这样不好，得改。要做到一视同仁，怎么能只歧视后者？,others,2.8360345,13.57617,4
6703,真就南满，不就是你这种人在招黑？说地域黑的地方还用南满这种地域黑的东西，还怪别人黑？,Region,6.424258,12.13671,8
4672,河南人就是坏，我们家做生意的被河南人骗了十三万！还把钱给转到外国账户去了 警方最后只追回来三万块！河南周口这个地方专门搞电影诈骗的，还有专门的电信诈骗培训班！我说的都是事实，不是别人，就是我们家自己亲身经历的事情！！,Region,8.482629,10.526357,6
6029,那些女的就是汉奸，把劣种引进中国,others,2.3644886,10.398263,3
6185,这样规定，很可能会适得其反~最终会让企业和公司那些用人单位，更加不敢招女的,Sexism,-1.8601865,8.119101,3
5653,看到评论。emmmmm。我其实连评论的勇气都没有，好卑微一上海人啊。,Region,5.875436,8.860392,6
3221,那都是南满编的，你如果把南满当成人那是你的认知错误，南满不是人，南满是满子,Region,6.3366237,12.187293,8
6704,艾呀，梅关系，不会疣事的，概率为淋。疣其湿没有尖锐的问题就更不担心啦，你要照顾好滋己呀，不要经常去疱吧了，找个斑上吧，疹心的。,others,-2.307559,12.423777,5
1471,原来女人在你眼里就是个盘。。。 有本事你可以不接的嘛。,Sexism,0.053998582,9.368857,3
395,同还是人人，黑是人兽,Racism,1.7543765,9.888925,7
5523,个人认为穷是原罪。河南资源有限，人口一亿。每个人取得一些资源，就需要用心，弄个计谋。,Region,8.081166,10.69881,6
2984,😅😅我江苏的，这边传说东莞是xx的天堂,Region,5.640699,11.016941,6
2196,深柜竟是反同头子本人,LGBTQ,-5.3217645,10.044871,9
6357,呜呜呜畒破防啦,Sexism,-4.2814164,11.726919,7
4507,黑人就是犯罪分子,Racism,2.8741245,12.286241,2
3834,这个吧说真的不否认男的会有玩玩黑人里的美女的想法，但是应该没有几个会娶黑人女的😅,Sexism,0.2574329,12.811979,1
6860,因为非洲算不上文明,Region,1.8538997,12.632521,2
4399,艾就一个字.,others,-2.6548395,11.695797,5
940,这就是玩火的后果，跪舔嘿看到后很不开心,Racism,0.7652358,6.930365,0
7025,我一直以为东三省里都是黑辽一起黑吉林，因为我们同学有人一直把黑吉辽理解为黑及辽,Region,6.687786,11.185449,8
72,在所谓“自立自强”中走向极端，然后彻底反智。管中窥豹，略见一斑，权拳二象性实乃真知灼见PS：素材来自吧中某帖一个破防幕刃的主页，欢迎仗义之辈同去屠?,Sexism,1.4998132,9.944694,0
389,你需要更多的黑吉拔,Racism,3.0828202,11.563428,7
345,这种就是典型的废物龟♂了兄弟们，大家引以为戒,Racism,0.458103,6.646248,0
2135,爱家乡不分男女，可江西人是为了黑而生😅,Region,7.284566,8.338769,6
768,默鱼，政治正确就是不正确,Racism,1.1959729,9.682789,0
3908,广东那地方是人待的地方？待时间长人还不熟了？,Region,5.785149,10.567765,6
999,当你们还在讨论和黑人恋爱什么的时候，脸书已经就黑人是不是灵长类展开了讨论。,Racism,0.09616191,13.204619,2
6552,呵呵，知道女权变成女拳之前结婚率血崩了么？涨价去库存不好用了，恼羞成怒,Sexism,-1.0857725,7.6370873,3
2867,“直男”这个词已经被用了好几年了，拳虱们可以骂“直男”，那我们也可以骂“歪女”，或者大家认为有更合适的词可以用来指代那些喜欢拐弯抹角、敏感多疑、热衷于勾心斗角的女的，欢迎大家留言，对于拳虱们的诽谤，我们要坚决反击。,Sexism,-1.1616161,8.480106,3
127,这问题让我明白为什么基佬在唐山不会被打。基佬染艾原来是为了防身！,others,-3.7503767,11.433063,5
4244,所以说找老婆还是处女优先，HIV 潜伏期太长了，听你的意思应该没中招，祝你今后的生活幸福美满,Sexism,-2.5486274,11.966418,5
7219,对策：没错，我就是让你伺候我照顾家务当保姆，不然叫你吃干饭的？,Sexism,-1.9737997,8.4410515,4
2835,黑蛆靠下体不知道能不能征服世界,Racism,3.4690926,8.798214,7
6883,同让人觉得恶心,LGBTQ,-3.8157954,8.77987,9
37,吧里这几个反同根本没什么能力，反同还得靠同性恋,LGBTQ,-4.5854554,10.218573,9
1627,杀光一切基佬,LGBTQ,-4.2955704,11.531716,7
2009,能出国的确实这样，知乎说的属于国内城乡结合部三本大学生,others,-0.23276941,10.862782,6
1954,投资人造子宫，找相关从业人员发泄信誉,Sexism,-2.7758636,7.1300616,4
2114,同婚不能减少骗婚，基佬骗婚是因为想要繁衍后代，占两种便宜而已，不是来自社会压力，禁止同性恋繁衍后代就可以消灭骗婚。,LGBTQ,-3.1653042,9.987035,9
3185,只要大家都敢拿前途来捍卫下一代男性的应有权利而去qj亩人，亩人除了怕，根本反抗不了。,Sexism,-1.0000943,7.3652434,3
86,混血，眼睛是蓝色，混了白皮猪的血,Racism,1.2022744,11.785107,4
6671,😓😓什么laji就不要叫了，艾滋里面什么人最多不用多说了吧，不要拿艾滋碰瓷同性恋，散滨😓😓😓,others,-2.7969172,11.674833,5
5220,没有没有没有，在网上非常少见给广东的，倒是黑东北和河南的排山倒海。我也是湖北的。,Region,6.558031,10.708818,8
3318,说实话，全世界觉得嫁给老黑还光荣的也就大陆妇女?那老黑是什么品种，刚从树上下来没几天，要不是跟人类没有生殖隔离，都可以定义为类人猿?咱们可是正宗智人，和欧美人种一样，基因里都是有尼安德特人的基因，杂交出来的所以及其聪敏，老黑就不一样了，基因跟咱就不是一个色?你非得嫁给动物，那也没办法?,others,0.687184,11.674635,1
4669,无所谓，吃狗肉无所谓，同性恋无所谓，恶心的是，强迫别人吃狗肉，到处宣传同性恋的人,LGBTQ,-5.257906,10.824244,9
838,尤其那种总爱英雄救美，一副道德表姿态，帮女人说话的是最为可气的,Sexism,-1.230142,8.18899,3
4311,加两个0吧，一百万小仙女几个月就花完了,Sexism,-0.060019553,8.512432,0
3741,有一说一，生下外国孩子的女性绝大多数都不认为自己的孩子是中国人吧？尤其还是黑的。,others,0.9648472,12.419547,1
814,以前在国外干活用过特制套子毛妹说比老黑那还厉害👍，完全可以代替老黑。有些瘾大的女人找猩猩其实就是为了找刺激，只要她们知道有代替方法她们也不会冒艾滋风险和臭气找猩猩。,others,1.0249208,11.69144,5
5742,反过来也是一样，一个丑的直男也完全没必要担心会被同性恋看上😅😅😅,others,-3.569966,9.226357,9
868,辽宁河南安徽并不穷，有不了解经济的人以为它穷，这些地方交通发达，劳动力充足，穷不了。有次见到一个甘肃的说安徽穷，想要歧视的样子囧,Region,7.875867,10.4074955,6
7371,江苏教育就别碰瓷北京了，北京家庭从小在教育的投入不是江苏能比的，孩子从小受到的苦和江苏不是一个级别的。江苏确实会哭穷，自己哭就行了，别老碰瓷其他人😆,Region,6.9833255,8.72905,6
2547,别再问孩子的爸爸是谁，爸爸是在这个迪厅认识的，孩子是在这个迪厅怀上的，这个孩子就是大家的孩子，抓好脐带妈妈要开始蹦了……,Sexism,-0.8605838,9.612398,0
6790,张口就要钱的母苟确实没教养,Sexism,2.0082097,7.941928,7
294,男同也会喜欢熊类，男人的身体魅力好不好只有正常的女人才知道,others,-3.3604884,9.07905,9
4787,太对了 我也是男童 我巴不得那些恶心的男童(占大部分）都去死😢,LGBTQ,-4.1935096,9.0823965,0
2832,你好棒棒呀 知道的真多你家那片还有井盖吗,Region,8.545369,11.576284,7
1960,地域黑，主要是前汪伪区前国统区的，他们和台湾亲着呢。,Region,5.1254473,10.440175,6
4811,总而言之，现在就是女人最好的年代，不作妖，处女，整容的能好看，找一个中产阶级以上轻轻松松。也不知道女拳哪里不满>_<，或许整容也整不出来？,Sexism,-0.38023618,7.6996846,3
1749,河南被黑的最惨虽然一直有人说鲁豫皖鄂豫皖，河南被全国各种黑，说起河南就是总部偷井盖逃难，以前那个省人没有逃难去,Region,7.355095,10.621308,6
5077,想都不用想，肯定有哎滋,others,-2.47525,12.151563,5
3227,对呀，那你干嘛什么都推到同性恋身上呢？,LGBTQ,-4.5052576,8.93526,9
7189,希望你们都能花钱娶女同,others,-1.8346806,11.107166,3
3666,通讯录也不是什么好东西,LGBTQ,-2.7677345,10.095649,4
1225,应该且必须批判。对于犹太财阀的渗透，必须坚决清理。,Racism,-4.96539,9.834361,4
4716,没开化的人和动物有啥区别虽然中国也有少部分,others,1.9035088,11.238144,2
6490,武警排长不比你一个不知道什么二本院校出来的臭鱼烂虾好一百倍？还隔着要求这么高呢。公职是说能换地方发展就换地方的吗。还是说，你这lkd也是公职？凡事想想你配吗？,others,1.0211445,10.249428,6
7150,家暴只是给男人定的，男人打女人那叫暴力，女人得到的是同情，男人得到的是谴责；而女打男，得到的却是掌声，男被女打，不仅得不到同情，还会被取笑鄙视。平等吗？到底在哪里？有没有平等？,Sexism,-1.5428333,8.425475,3
6140,像我家里一群蟑螂，天天偷吃大米不事生产，还做很多危害秩序的事,Racism,3.1180186,9.001006,4
5358,近代历史基本都是讲南方的，辛亥革命，清政府被推翻，两党建立，北伐军统一军阀。据我所知只有一个地方的人自卑的很，连张学良都能吹成“民族英雄”，毛和周当年最多就是看到张对党有贡献夸他一个民族英雄罢了。从人民角度来说，张在“江桥抗战”发了一个电报给马占山这个土匪自己带领的军队死守东北，自己却不支援。蒋张实属一丘之貉，一个民族罪人一个罪人,Region,6.210634,10.951738,8
5797,那你没看见的大部分不喜欢黑人的女人多着是，幼稚,Racism,0.37237397,13.269036,1
3515,他也不累的谁知道天天表面上说什么正确婚恋价值观背地里天天xingqin女儿的是不是就是他,Sexism,-1.5272598,9.252634,0
1483,啧啧，现在只要在网上说同性恋一点不，就要被喷的连渣都不剩,LGBTQ,-4.4624996,9.449452,9
5108,资本只会把事情变糟糕,others,3.687574,10.625774,4
4605,违背自然规律道德伦理的还是人吗？好像是人，因为动物很少有搞基的,LGBTQ,2.1576242,9.451299,0
4953,都该人道毁灭,Sexism,3.0806746,12.334459,7
7388,让她生下来，在分，不要说残忍，女人背着你跟别人的时候从不想这些。,Sexism,-2.0453994,8.762669,3
7203,当你在明处看到了一只蟑螂，说明阴处已经挤不下了,Racism,3.0589685,8.621226,7
3068,是的，生下来的混血在西方正经人眼里有个蔑称叫黄疽病,Racism,2.6910553,12.77889,2
6833,变态男太恶心了,Sexism,-4.0175257,10.72428,7
1980,江苏和上海能上被黑名单是我没想到的，怕不知道安徽被这两个黑的有多惨（还要加上浙，地域黑三巨头），现在神隐，加害者变被害者了属于是。,Region,6.6799827,9.032074,6
4056,你怕是不知道13年的“浙江滚出中国”。,Region,6.820712,9.3856,4
5697,在我高中时，电视上放有关黑人的好事，具体什么我不记得了，当时我爸说了句：嘿硅，我据理力争🤣：人人平等，黑人也是人，不要偏见看待现在的我：嘿硅🤣,Racism,2.8850403,12.884285,2
3664,你📉我好心相劝却被基佬拉黑,LGBTQ,-4.0054927,11.311315,0
4222,看了就说我们流氓，不看就说我们是gay、xing冷淡。还不知道你怎么想的？,others,-3.8092842,10.2081,9
6575,说几个比较可笑的流行网络用词。1，你键盘侠。答：哦，那你怎么打字的？能脱离并且永远不用键盘吗？2，你急了急了。答：好吧，急是人类的多种情绪之一，你不会你没有，所以你不是人？3，你无能狂怒。答：哦，其实吧，狂怒是情绪，和有能无能有啥关系。你不会狂怒，所以你也不是人？4，你吃不到葡萄说葡萄酸。答：你家长辈恐怕没告诉过你，有的人不需要入口，拿起来看看闻闻就知道葡萄的好坏。先说这几个，再有再说，另外过年了，外来户是不是考虑回家探探亲，比如黑色的某些家伙，回去就别回来了。,Racism,0.88481647,8.781208,0
5152,泼峰是一名猪种反同部队退役反同战士。,LGBTQ,-4.483789,10.14452,4
342,台湾人还觉得大陆人吃不起茶叶蛋呢,Region,4.310931,10.809175,4
5157,小孩子都知道远离默，那玩意有艾滋,others,-2.3238614,12.028207,5
1812,别人下班了哪里溜你不会都监视吧？生出来的那些是铁证了吧？不出去搞黑妞也不等于戒色吧？网传的东莞下岗女工非洲工地重新上岗，这个如果是真的也挺合情合理的吧？,others,-0.6276278,12.484643,1
3744,泰迪家族嘛i了i了,Sexism,2.0673635,8.847218,7
5196,“这里是你的吗？是你买的吗？这里是我的！”某默视频里这么说的😆所以没有自己的文化，怎么才能过得更好呢？当然是去吃别人碗里的😆,Racism,1.5249032,9.998635,0
5214,没意见，顺便问一下，这个吧是反同吧吧？为什么还有通讯录山峦？,LGBTQ,-4.67075,10.300248,9
7474,是的，至少我的朋友圈绝对不允许有男同。,LGBTQ,-3.122127,8.52808,9
2518,把湖北 湖南 河南放出来吧。这三个大概率也不会愿意和西部玩的😆😆😆,Region,7.1682982,10.395047,6
923,大家看到没有本吧吧宠真是能够带给我们无限乐趣原来跪虫族都是这种水平我真是太放心了,Racism,2.4604118,9.2523,7
3519,和女生相关违法问题不是女生问题是TM谁的问题？主语都有问题还发个鸡毛声，发什么声？÷生？你一个男，怎么还性别歧视？管你你是什么玩意儿,Sexism,-0.68624955,8.262778,0
4373,为什么全世界都讨厌黑，看看黑做了什么，被讨厌自己找的，没有会同情他们，只能说一句干得漂亮。🐶,Racism,2.739167,11.58109,2
4535,国女不值得娶和谈恋爱，只适合逢场作戏。,Sexism,-0.520627,10.177333,3
5698,江照黎明以前看来国产想离婚这下绝了看完这个女的不得弄死男的环境决定大部分婚姻观念和人性为什么没电视拍为什么要彩礼和要求的这么丧心病狂为什么很多外面都不要就国NAN要这要那,Sexism,-0.6931114,11.563157,3
1623,我不想嘿河南，我确实在河南人身上吃过亏😅,Region,8.140642,10.50198,6
5306,作为房东，告诉各位，这是真事儿，两个女的是最脏的，其次是一个女的,Sexism,-0.70774233,9.20313,0
6002,我觉得女人也没用,Sexism,-1.2394999,7.215694,3
2531,黑g还要考驾照，供非送的钱太多了吧，太恐怖了，要有猩司机了,others,2.073175,11.452406,7
2394,论经济数据，辽宁真没资格鄙视中部,Region,6.927026,11.135384,8
3368,这事说开了吧，实际老华裔觉得黑黑白白花钱没数，不可靠，基本看不上白白黑黑。更不会以找黑白为荣，看不起黄男,Racism,-0.2328969,11.778248,1
3970,800的小姐能提非常高的情绪价值，买礼物反而提供负情绪价值,Sexism,0.25817814,8.332437,0
4670,只要女的嫁走，别留在中国就不歧视,Sexism,1.0638275,12.836144,1
6861,坦克女震怒,Sexism,0.6962713,10.447301,7
3891,还不是龟男不努力,Sexism,0.48406434,6.6051035,0
5706,这种喜欢自称本宫的多半是有性别焦虑问题的通讯录,LGBTQ,-0.980476,7.922104,3
3383,急了，某些法西斯急了，还说我是黑孝zi，23333，某些fxs，够了?,Racism,1.220288,9.235593,0
517,不予置评……不过你问我的话我可能给你输出racial discrimination观念。（虽然并未接触过默）,Racism,0.82507217,9.574478,4
5860,这种没脑子的女人真的是很可爱,Sexism,-0.79250497,9.115745,7
6072,就算是女的打男的，男的只要敢还一下手，那么后果就不堪设想,Sexism,-1.4775138,8.456909,3
4739,又是你，这种帖子滚去女权吧,Racism,-0.6023147,7.8257055,3
1811,要是哪个国女能把黑人老公真给弄成结婚登记的合法老公，还能一直呆在身边一起组织家庭，抚养后代，我还真高看那个国女一眼。。大部分媚黑女，说到底就是个几把袋子，你留得住人嘛你。😲,others,-0.31706926,12.337197,1
6865,中华人民共和国 快管理一些地域黑吧,Region,4.96956,10.322769,6
174,男同喜欢封面上的那种?,LGBTQ,-3.3559778,8.957006,9
4410,安徽人我接触的比较多。江西人接触的太少了，感觉江西真的存在感高低呀，黑都想不起它来。,Region,7.265194,8.953362,6
6267,是不是穷人家因为家徒四壁就不应该设置防盗门了。同性恋是贼穷人家也是人，不管怎么都应该提防变态基佬,LGBTQ,-3.918349,9.913944,9
1519,它不是个骗婚gay佬吗不是直男,LGBTQ,-4.085218,11.012759,0
6809,对不起，我这个失败者和不正经的人又来给黑人添堵了。要说黑人的所谓运动天赋，这玩意你得用在特定的环境，比如运动会的一些特定项目。黑人都不能独霸运动会所有的项目，敢妄言自己运动能力超群？别忘了脑力运动也是运动。黑人的运动天赋实在是鸡肋，有时候还不如鸡肋了。,Racism,2.5237901,12.42673,2
1053,有些地方就是嘴贱,Region,-0.7044337,8.529417,4
2614,肯定是西安人😓西安人优越感可太高了😓与西安邻居的省份哪个省没被西安人黑过的😆西安口气直逼北上广每天就在网络上做梦做直辖市心里一点数没有😓,Region,8.275778,10.4325905,6
3198,说的这么新奇，好了，我宣布，田园女拳有滥交的自由,Sexism,-0.6045218,7.3684464,3
5788,黑人的头上顶着三个大字：艾滋病其他乱搞的外国人也是垃圾渣滓，怎么了？,others,-1.739969,12.582536,5
1344,黑玩意抢完了结果一看这文物是现代伪造的，尴尬了,Racism,3.3530931,9.538335,7
5372,那是你们喜欢的羊大人按给你们的，然后觉的他们说的对。从头至尾国楠都木有参与。😆😆😆,others,0.6657185,9.356644,4
1334,巴基斯坦，一个半部落未开化的国家，雷探长去那里差点没回来,Region,1.2014577,11.439466,7
4001,没错，所以我说的也不是“种族歧视”，我更倾向“歧视黑人”。而且不是单一的外国人，有的外国人就很正常，我们从上到下也都挺照顾的。有的外国人在我们这里又偷又抢，骚扰他人，拿着十多万奖学金骗女学生感情和身体，甚至强奸杀人，然后一总结，发现绝大多数都是黑人！所以，无论是种族歧视，歧视黑人也好，厌恶恶人也罢，即便是学校偏袒或是教育b照顾，我们都要发声，让更多不知道的人认清真相，了解黑人，避免更多人受害和生命财产损失,Racism,2.7028904,12.726666,2
4186,那天我去买塑料袋。有黄色的白色的透明的还有黑色的，我问老板，哪一种颜色的最便宜？老板说黑色的最便宜。我问为什么黑色的最便宜？老板答，因为黑色的是垃圾材料。,Racism,1.336769,11.70889,2
6604,不是批判女孩子，而是大家都对女孩子嫁给黑人等于明摆着往火坑里跳而感到愤怒！女人真的不能无知到那种地步！,others,0.8267933,12.742309,1
5555,歧视三非黑人，素质道德低下黑人是正确的。而且即使不歧视，那作为一个普通人逃避风险是人之常情 在这样一个黑人留中背调这么不靠谱的情况下，远离他们就是普通人唯一能做的了。不认识排挤恶，那社会就没有向善的动力。,Racism,2.7074132,12.671564,2
2906,兄弟不必回，他们说浙江是这样就这样吧，从13年的心寒被骂到现在还要被某些sb代表，咱学学隔壁上海已经佛到自黑了,Region,6.737295,9.106554,6
4656,奈何广东媒体不把广东以外的中国人当人啊。特别是今年全运会广东从官媒到自媒统一口径硬生生把自己吹成奖牌榜第一。还不是被山东蝉联四届冠军打脸😂，先富不代表你就可以不要脸。,Region,5.8894053,11.104233,6
5443,黑人基本都没 叠的，结婚的很少,Racism,0.29313788,12.829122,1
6548,"现在才看到一年前的发言,那时并不是在阴阳,而是爱上了一个男生,但内心又不想承认自己是同,觉得男生喜欢男生是很恶心的一件事,同时也觉得自己恶心,所以看到你问题以为是同样的情况,现在看来,当时的语言确实会让你误会.从那时到现在也是一年多了,也弯了一年多了,也知道了你所认为的恶心是指性生活混乱.挺奇妙的,当初是为了他去搜的这些问题,现在回过头来看又会想起他,男生和男生的恋爱保质期真的很短,但真的很美好.世事无常,以前的我真的是纯直男,现在的我对女生没有一点欲望了.也不知道自己现在的恋爱心理是否健康.挺后悔的,后悔和他分手后没及时退圈,但不后悔和他相爱过.如果可以重来,我真的不会入这个圈子了,我想结婚生子,我想让我的父母享受天伦之乐.如果也有和我一年前是同样情况的人看到我的发言,希望你们不要好奇,不要再深入了,如果你们也是恶心男同,也有一部分可能是因为自己有那一方面的倾向,只是存在你们的潜意识中,但你从小接受的教育和你起了冲突,表现出的情况就是恶心同.最后向楼主道歉,当时真的不是阴阳你,是我没有注意措辞,对不起",LGBTQ,-3.5423942,8.929927,9
2342,所以问题的根本在于“去非洲”还是“与非洲人恋爱甚至结婚”？一段关系在没有现实基础或者条件困难的情况下能否建立？你的故事里面一个中国女和一个非洲男恋爱，但这段感情在你看来是建立在“女方绝对不能去男方的家里，一次也不行”这种可能限制当事人意愿和自由的条件下。所以，既然在限制，为什么不在一开始就把限定条件定死了？不要跟外国人上床、恋爱甚至结婚，尤其是黑人。那么这个问题不就圆满解决了吗？如果开始没做好选择，就会有新的问题诞生。比如要考虑去不去非洲？被莫名人劝阻不要去老公家里看看？有得艾滋的风险？可能祸害一个“老实人”接盘？一辈子被别人漠视……,others,-0.51065016,12.345414,1
81,长三角某些媒体带坏了风向，经常以高高在上的姿态评价外省人，这些媒体才是地域黑的源头,Region,6.193032,9.417644,6
1948,好家伙同性恋养的孩子高人一等是吧平等呢自由呢？,LGBTQ,-4.448907,9.416594,9
866,来康康你的嘿爹,Racism,0.67525625,9.254987,7
6538,看看小拳书上名媛的真面目,Sexism,0.90503615,7.3474393,7
7452,见过一个和默晚上在小花园“约会”的，从此看见你女的就害怕她和默“约会”过，怎么辨别一个女生是不是和默“约会”过啊？,others,0.8176352,9.411387,0
5283,希望他们孩子能有父亲一起过父亲节吧😆,Racism,-0.19503924,9.162337,4
6643,腿上带黑桃的是个媚黑组织,others,0.36365795,11.813601,7
2044,河南人很多，加上同文化的，有好几亿，因为一个人就贴个标签，这是一种社会戾气，表面上看仿佛只是河南人受害，其实社会中每个人都是这种戾气的受害者，这都知道社会戾气大，这没得洗吧，各地报复社会的，还不都是他们当地人,Region,8.090033,10.848984,6
1591,我有被东北人喷过扬州三屠和南京大屠杀是我们活该😅那怎么说,Region,6.8773117,10.833133,8
4022,南大人已经开始内部瓦解了，竟然能把河南偷井盖这种锅甩给东北人，也是绝了。,Region,8.049222,11.706383,8
1030,第二个是豆瓣母拳,Sexism,1.7251091,7.9530015,7
510,你评论下面看见没，张口就黑某省的，是美国的ip。讲真我作为河南人，第一次听说东北人被黑的很惨，也是从几个东北人口中抱怨得知的。身边外地人真没见过黑东北。,Region,6.91277,10.843323,8
4411,这种低智商的女人多出去点才好，千万不要再回来了，不然会拉低整个民族的平均智商,Sexism,-0.6116627,9.106002,3
2351,这是打算开始通过歧视光棍来试图提高结婚率了？,Sexism,-2.218135,7.919291,4
6510,它的意思ZG就该高犯罪率，黑是正常的留学生的犯罪率都很高,Region,2.774289,12.086323,2
7216,我会抱狗 但是不会抱黑人,Racism,1.3771158,13.341345,2
5178,去非洲吧，那里有很多孩子需要你给一个家,Region,1.405355,12.591009,2
1745,黑人多数有犯罪前科。不是歧视，事实如此,Racism,2.6913264,12.1905575,2
3575,首先说一句，喷神可能大概也许貌似真的有点种族歧视；但我还没说完，第二条就是，我也不可能接受，我支持喷神😆说到这我直接联想到成都吴蒙,Racism,2.679436,11.216313,0
1168,别在同情什么非洲黑人了，想想自己同胞的处境都十分坚难！！！,Racism,2.095658,12.339523,2
1427,哈哈哈，虽然安徽被黑，但是合肥还是人上人啊，官媒亲自下场嘲讽邻居🥰,Region,7.5990515,8.97354,6
3013,这女人能活到现在也是个奇迹！,Sexism,-0.49136922,8.459492,4
3747,"当面就是从贴吧开始黑河南的，我记得特清楚，什么老乡叫成""捞翔”",Region,7.4276643,10.568722,6
83,你不识字吗？郭南郭朒分不清楚,others,6.9785504,11.89002,4
6085,江南三村最初是某些地方用来嘲讽江浙沪的梗。如同包邮区包邮是因为包邮区人民穷付不起邮费一样。都是某些地区嘲讽江浙沪的梗。这样的梗还有很多。[摊手],Region,6.240535,9.222511,6
3569,男的可没这么想啊，从此处可得出结论——䖡壬更恶。,Sexism,-1.4851996,8.751167,4
3660,主要是被嘿嘿玩过的，那不是一般的思想，那得多么的。。。,others,-0.31723687,9.134637,0
388,那下次她还得捅，搞不好所有的男司机都被她捅死了,Sexism,-0.3348823,7.9692497,7
2798,外籍男子醉酒闹事、公然袭警，被制服后群众纷纷拍手叫好,Region,4.115622,12.134494,4
3914,境外势力再加上无知人群，太恶心了，全国制造对立，我不是河南东北这些的，但是每次看到还是很气愤，自己都活在最底层，何必这样莫须有滴黑别人呢，多去花时间赚点钱不好吗,Region,5.2460566,10.711213,6
4010,身为一个男同我最反感直男拿搞基击剑来开玩笑,LGBTQ,-4.0700817,10.966473,9
3549,怎么样，人家现在露出猩猩面目了，你往世卫投钱，整天捐款，现在白打水漂了,others,3.753643,12.347212,4
3604,吧主，强烈建议去找有力的同盟，誓死守住反同恋吧,LGBTQ,-4.632675,10.278938,9
4936,，你也就会侮辱我们的同胞了,others,-4.693461,9.913391,4
5963,讲真江北人自己都是被苏南歧视的人,Region,6.8708234,8.709547,6
4485,艾基怎么刷也澄清不了事实！,LGBTQ,-3.5369368,11.592024,0
3922,受了犹太人思想的指使，目的是创造一个新的人种，没有思想没有文明的人，便于受犹太人控制，这个女的肯定是和犹太人有关系！,Racism,1.690569,10.603178,3
6126,啊这啊这，丰县事件是法制问题。男主涉嫌多项法律规定，和女权没有什么关系。这个人明显是媚女蹭热度，况且丰县事件是几乎全网一致谩骂，不存在什么男性不发言这类情况。此次事件的恶劣程度超过了性别限制，这不是女权问题是人权问题。真没必要因为关注某个问题，发表一些偏颇的见解就给自己脸上贴金。,Sexism,-1.33269,7.477641,3
63,如题，谁去接一下这个拳法,Sexism,1.144944,7.5513334,7
3128,全世界须眉阶级联合起来,Sexism,0.23398027,10.997432,4
7229,在很多非洲部落里有着一个特别奇葩的风俗。是他们的部落认为，如果自己部落的年轻女孩结婚了，如果她们还是处女，她们会给部落带来厄运，所以每个部落都会有一位性启蒙导师代劳为女孩破处。性教育启蒙导师，顾名思义，就是为小姑娘破处。一般来说，部落中有一个单身男人作为性教育启蒙，在部落中享有特别高的地位，令人羡慕。他的主要工作是遵循当地的习俗，带走少女的除夜。当地人坚信，如果小姑娘在结婚前没有破处，那将给家庭带来厄运。于是，当小姑娘进入青春期，家长就会邀请性启蒙导师带着自己家女儿迈入成人世界。女孩们无法抗拒这种安排。破坏童贞现象的兴起根源于该地区的艾滋病毒流行。有很多性启蒙导师，自己本身被感染有传染病，疯狂让病毒传播。,Racism,-0.96125346,12.4334345,3
7139,什么双马尾猩猩,Racism,4.0092874,12.901812,7
5418,据悉，本反同剧反同大咖云集，邀请了银河系著名的反同艺人阿泼担任主演，甚至有宇宙天后淋淋加持客串撑场，将于今晚7点7分全宇宙同步上映。,LGBTQ,-4.8038473,10.186594,9
4234,黑人专门勾搭中国妇女,Racism,0.17023282,12.351302,1
2162,现实就是有大量国女愿意倒贴外国人🐶,Sexism,-0.81961584,10.774051,3
6582,南京是因为本地人死完了好吧 三面都是安徽 移民肯定安徽江北人为主。问题在于，你有没有想过，为什么长三角唯独把安徽作为dy黑第一梯队？我跑过长三角十来个城市，基本上对湖北四川这些西边的，还有河北山东这些北边的都不怎么关心，但黑安徽河南的是最多的。,Region,7.324353,8.991118,6
305,女人不管多与少，但是使劲夸大外国的女人她们也配不上中国男人。说个很难听难听的话，中国男人只有中国人才能评论。,others,-1.0845238,10.57415,1
3468,别说数一数二了，数五数六都排不上。2017年包括河南在内的9省份用全国一卷，河南文科一本分数线比7省低，理科一本线也只比两省高。,Region,8.176129,10.626025,6
6105,黑蛆是人类的病毒，文明的癌症，图沙黑蛆是人类未来大势所趋,Racism,3.4536457,8.793505,7
3043,他还有某毒，你发现了之后还给他和他的姘头都治好了，把自己感动得不要不要的。干电池都比你好，电用完了至少还不得病。不过命运都是一样的，都得扔。扔的时候都不带一丝情感。自己还把自己演绎的像一个痴情女子。实际上是一个用完不要钱的奴。,Sexism,0.26564178,7.4794226,0
6465,弱势群体最会用道德和素质来讲道理，这是人用来保护自己的本性，我本心就是很恶心同，影响到我我就找她们事，她们先侵犯我的感受,LGBTQ,-3.7471635,9.613438,9
2882,什么gp女权组织？要批就批某个人，中国这么多人，这么多女性它们有什么资格评判？还拿它们的鬼话当成批判的材料吗？,Sexism,-1.3225257,7.047536,3
3601,其实我觉得，真正地域歧视最严重的反而是上海的外来人口，在大城市待久了没来由的优越感，接近财富自以为拥有财富，恶臭,Region,5.8725815,9.111448,6
5995,师尼长技以制尼,Racism,1.5673896,9.560024,7
3191,同性恋有害健康，吃狗肉有益健康，禁止同性恋，支持吃狗肉！,LGBTQ,-5.2616463,10.826607,9
122,是啊，针对中国女性。毕竟在韩国人眼里，就是因为中国女性倒贴拉低了亚裔女性的地位。😓,others,-1.3224397,7.051125,3
2884,异性恋的恋童癖应该下地狱嗷,others,-4.5543146,9.448303,9
622,正常操作，谁叫人家是小仙女啊。,Sexism,0.27675694,7.620176,0
339,武汉小偷多,Region,7.281715,9.97773,4
4043,追星加女拳，吐了,Sexism,-0.3046998,7.6200347,0
6921,感觉这种问题就不用来知乎问了：为啥，你想想，觉得恶心的人来这里发泄倾述自己的恶心之感，那那些大部分不所谓的人都不会搜索这个问题，那自然也不会来这说话了。毕竟软件的推荐算法就是这样设置的,others,-3.8675983,8.673094,0
6992,这不是行走的五十万吗,others,0.16672698,9.320656,7
534,也不能这么说吧，毕竟只是肤色不同而已。不装了，我摊牌了。我就是种族歧视了，就是看不起黑人,Racism,2.571516,13.08835,2
202,记得看过一本隐喻黑人的悬疑小说，揭示了黑人的丑恶嘴脸，主角好像叫肖万来着，还是肖旺,Racism,2.9095907,11.651085,2
66,很民族主义的青年表示没有抨击她们外流，我很希望她们流出去，我抨击她们把黑黄后代留在中国！！！！,others,0.7692618,11.816425,1
3592,在一些聊天交友软件，或者游戏里装成女的，骗舔狗的钱，这事我以前都干过发现舔狗简直精虫里没一点脑子,Sexism,0.5626074,7.1967187,0
7470,批站影视区好几个吃女拳饭的，比如那个路温,Sexism,-0.28494874,7.1614213,3
6816,女拳自我安慰的话术罢了,Sexism,-0.6197716,7.5148206,3
1318,看到阿娜我就放心了,Sexism,1.2391846,8.171164,7
6849,对，这是正确的，不批评她们的对错，但是也不要回来祸害我们中国男人，别用那张ex的嘴脸来说中国男人的不是,Sexism,-0.47234845,8.405694,3
2153,据说境外挂IP大多是广东上海北京这几个地址，所以妖魔鬼怪多,Region,5.5218015,10.474904,0
4559,这个真不用承认，种族歧视是一个国家内部的，美国可以说，中国自古以来就没有黑人在这儿繁衍生息，哪儿来的种族歧视？他们也不是中国人，咱就是看不惯也理所应当,Racism,2.6772025,13.088505,2
6059,黑混越来越多,Racism,2.8250945,12.165528,2
3647,我遇见的骗子都是福建的、广东、广西三省。,Region,8.438267,8.877185,6
3715,主动养黑男的女人可不少，属实倒贴。,others,0.34661275,12.760508,1
3627,铜真是这个世界的癌症，治不好了。要加强青少年教育,LGBTQ,2.179942,11.096682,4
1647,准确来说我们并不是它/他/她们所谓口中重族歧视而我们准确来说是科学为证事实为例冷静而客观正视它们野生动物昆虫纲卵体寄生虫这一铁一样事实,Racism,3.0559971,9.429468,2
5724,主要是吴施蒙事情出来以后，大家不信中国女人了,Sexism,-1.0026572,11.133185,3
5330,只能说物以类聚吧，至少我身边的女孩子都是这样，甚至还会觉得他们（黑和白）味道很大😭,Racism,-0.41161963,9.697399,1
5158,现在好多女的都开始做处女膜修补，来欺骗男生的初恋，真可恶。所以我想国家应该让医院提供一种鉴定，女孩从青春期到结婚，每个月都去接受一次检查，看是否破裂，最后把这份鉴定当做礼物送给男生。并提倡第一次结婚的男生一定要选择一个有完整鉴定的女孩。这样这些女的就没机会骗人了。怎么样,Sexism,-3.170677,7.171782,3
6794,我在办公室倒是见过一个黑人找了个中国妹子，还生了个孩子，有一天还把孩子带办公室来了。黑皮肤小卷毛的小孩，那个中国妹子长得也不咋样。那个黑人在办公室还主动跟我们打招呼，没人搭理他，连回应都不给那种，男同事们对他满眼全是鄙视。那个嫁老黑的中国妹推车里推个孩子，也没人搭理她。,others,0.031275,12.311913,1
5193,高校教育部门那种崇洋媚外的畸形教育政策茶毒整个教育体制，导致校风败坏，以丑为美，以黑为荣，道德沦丧,Racism,2.2965622,10.9886,2
5633,嫁鸡随鸡嫁狗随狗，嫁黑人就去非洲，别在娘家待着碍眼，碍眼不说还指手画脚，那就更讨厌了,others,0.8386966,12.522546,1
207,中国男性外娶，九成九都是东亚或者东南亚的亚裔人种。还得跟这群非洲印度来者不拒的比？？？,others,-0.58715826,11.8236685,1
2539,使用泼图的三大好处：1.传承反同文化。2.加深反同战将之间对王的认识，提高士气，同时向基佬施压。3.每日一笑，强身健体，反同自然势在必得。,LGBTQ,-4.563511,10.224598,9
1613,当然是男的多。戴贞操带的男的比女的多十几倍。,Sexism,-2.08546,7.922567,3
3721,感情的本质也是等价交换，只不过不仅仅是金钱，长相身材性格学历工作等等，这些平等的才能长久，而舔狗试图通过放弃尊严来让对方喜欢，这就是蠢，交易策略讲究的是讨价还价，舔狗上来就不要钱，甚至倒贴，对方会觉得这件商品有价值吗？正常人都会警觉，觉得对方有所图，而绿茶就会榨干舔狗的价值然后扔了，舔狗跪着的样子可太可怜了。,Sexism,0.41985407,7.0733285,3
1689,网上总有很多这类内容，看似段子玩笑，实则是对男性的PUA，以及告诉其他女的要这样做。久而久之这样的内容多了，当真的人也就多了，走的人多了便成了路，男人们也就真的都过世这种生活了。但还是有太多男的看不清，还在转发这样的内容，以为好玩，等到他觉得不好玩的时候也晚了。,Sexism,-2.4065232,8.207883,3
4464,兄弟首先国际鬼子虫类及其它们后代在非常严格科学证明定义下它们根不算人类既然追求真理它们根本就不是人类那么何谈它们是重族呢！,Racism,3.019114,9.4542055,4
3284,我怀疑他也去超市偷东西。如果没有，他怎么不拿出证据？,others,2.7651544,10.137316,4
6497,最歧视安徽的，一个是江苏，一个是上海。,Region,7.3473654,9.256276,6
2704,只希望她们去别的国家，不要在中国，华夏的土地不能被墨污染,Racism,0.8658189,11.6427965,4
3539,这个id为推拿熊的人 只不过是一个在自媒体时代被媒体所误导的人罢了。 这种人是最容易被舆论改变思想的 别人说什么他都信。 我敢打包票 他没有来过北京，甚至全聚德不好吃都是从网上了解的。 🤭,others,6.0010276,9.121182,0
6691,河南地域黑是最严重的,Region,7.203458,10.466673,6
4459,犯罪天堂非洲，以为走好运，赌上自己的一生。天天宣传中非友谊，到自己被卖了。,Region,1.1686813,12.422469,2
6882,那些媚黑的女人是不会听进去的🙂🙂🙂,others,0.24026036,11.805307,3
5275,正黄旗看不起人是事实吧，怎么这也叫黑,Region,4.87223,10.216903,2
4159,反正我是心态变了，开除就开除吧，外地人现在我就明摆着歧视了，以前总要解释解释，现在算了，盘盘们怎么样都跟我没关系了,Region,5.6666036,9.3901825,6
4325,以后你们的弟弟妹妹或者孩子学校有黑人教英语，大家要联合起来反对，中国人一样可以教英语，黑人外教，在孩子心理上灌输了什么思想，崇洋媚外，低人一等,Racism,2.0778775,12.571443,2
5280,在女权眼里只有中产以上才算男人,Sexism,-1.3607812,6.8346806,3
4844,江西本地女的几年不结婚马上问题解决。彩礼贵不贵不都是人炒的？一边给一边骂之会越来越高,others,7.343428,8.244698,3
4608,想想都后怕，幸亏当年放弃去飞州发展，没有迈出意识层，了解黑蛆事关生死！,Racism,3.4016142,8.820743,7
3045,反正看见黑人我肯定离得远点 不会接触 如果黑人混血我也远离 估计大部分人都不会接受吧 应该也就是个被孤立,Racism,0.59146464,13.1184435,1
79,还得看咋陕西爷基佬死于艾,others,-3.4497817,11.605128,5
6996,正常，两边倒就是黑x最喜欢干的事,Racism,3.155044,11.117857,0
5487,大哥😓，你的好闺蜜要嫁给默，和默私奔去非洲当妾，你他妈的不给你好闺蜜来十几个耳巴子，把她打醒？如果你说：不会，我支持她追求爱情。那当我没说，因为你们可能是塑料姐妹情,others,-1.0040915,11.990233,0
30,绝对是 7年前我就遇见过有国外组织带领某些人大力黑安徽的 组织的头是个中国通的美国人 当时他住在上海 对中国文化了如指掌 中文很好还懂古诗什么的 他们假装上海人黑安徽人 带动真的网上上海人黑安徽人 后来黑完安徽又选择黑河南 原因是因为他们认为河南是华夏中心起源等等 其实我还想说更多 但是我不能 我很怕 我只能说这么多,Region,7.949851,10.570465,6
2700,隐藏在后面的是乱性艾滋病,others,-2.3901324,12.101103,5
3837,培养♂从小抓起,Sexism,0.4789074,8.055257,7
4935,那是嫉妒，不是黑啦，无非就是来江浙沪又挣不了多少钱，又嫉妒人家生活过得好的人。,Region,6.099215,9.0139065,6
1603,我没这么认为。不过黑人想尽一切办法来中国蹭我们的福利，赖着不走倒是真的。,Racism,2.3013535,12.368886,2
5222,我真的特别看不下去广东人长相文化被黑，自己是北方人……,Region,5.5075564,11.099976,8
6283,黑人要在中国呆，就得把皮拔了，染成黄色的,Racism,2.022773,12.161764,2
2917,小红书绝逼是狗汉奸带的，★★在这就是工具,others,-0.0660961,6.555373,0
6616,那些人觉得认可同就是zzzq，反正我是恐同的，只能说我讨厌他们，不想和他们接触，但我也不会出言侮辱他们，不是一个世界的人，大家各活各的就行了。,LGBTQ,-4.012246,9.212064,9
3654,舔狗龜男比拳師更可恨,Sexism,0.48461118,6.795924,7
1856,吃狗肉没问题，不吃狗肉也没问题。不吃狗肉还骂别人吃的人和虐待猫狗忽悠人赚钱的有问题。咒骂就咒骂呗，站在他们的立场，认为流浪狗可怜，可因为流浪狗而被咬伤的人和动物，以及失去工作的人不可怜吗？在这种人眼里，凡是不赞同他们的都是恐和反对，快赶上中世纪魔女审判了。,others,-5.275564,10.839064,9
3620,啥都不会都比国女好，起码不要房不要车，不要彩礼。,Sexism,-0.8276944,10.16572,3
1804,要是我周围朋友出现个和默交往的直接拉黑不用再见了😅毕竟我怕哪天把我也拉下水,Racism,0.87312466,9.402218,0
3559,我不太理解这种人，如果真像她说的985毕业中科院研究生，思维怎么这么扭曲。是三观不正的人还是别有用心的人？,others,-0.15672392,8.655432,0
4420,可是你这骂的不是女权啊，你开篇就说的是中国女性，真就中国女性全都成了看不起锅男压迫男性呗，这帽子还需要人扣啊，不是自己抢着戴的？😆,others,-1.4334213,7.2314854,3
720,真好笑，她们用什么来决战?嘴?,Sexism,-0.6646618,8.73401,7
2800,对高调的同性恋真的无法理解，你做的明明是为世所不能容的事，为什么不能低调点，我用回你所举的例子，一个纹身的人去当兵或报考公务员，有关机构说明规定拒绝通过，然后这个人还认为这是自己的私人问题，旁人不该抱以歧视，你本来就是少数派，是异类，你低调点别人有可能还睁一只眼闭一只眼，现在还要跳出来说纹身无罪，甚至还鼓励其他人，这不是公开找骂？我个人认为，这群人的行为首先是对天地造化，阴阳平衡的亵渎，是为不敬；其二，父母赐予生命血肉，本应薪火相传，生生不息，如此看来，是为不孝；其三，中国社会面临人口断崖危机，这类群体不但不能出一份力甚至还以同性为榜样，是为不仁；其四，他们的行为有可能给自己的授业恩师或有地位有身份的朋友亲戚带来不必要的麻烦，此为陷人于不义。这样不敬不孝不仁不义的人，人人得而诛之，痛斥其罪，已经是对他们最大的宽恕。,LGBTQ,-3.7650528,9.689348,9
1051,当同性恋族群在努力把同性恋发现为一种政治正确的时候，他们就把什么基因论，灵魂论全部推翻了。这特么是一种政治运动啊，说是邪教也不冤枉他们。,LGBTQ,-3.891141,9.668315,9
2864,hiv吧都是艾滋基佬。,others,-3.8122802,11.856995,5
6148,完全不一样，失足妇女是收费的。为了生活，虽然你不会娶，但是不至于看不起。和黑人搞过，是让人恐惧的，黑人艾滋病几率不用我说吧,others,0.5655315,11.706736,1
3553,抛开事实不谈，新时代小仙女找个接盘的拳力都没有了？气冷抖,Sexism,-0.018446393,9.341573,0
1651,我记得你是反钙吧的,LGBTQ,1.0282596,8.583532,7
584,捅的好，应该虐杀幕刃,Sexism,2.8623433,6.551053,7
2785,抖音上的某几个黑人，挺EX的，说实话，直播只连女的，也就算了，还拍视频连续剧：小黑寻花记😲,others,0.13321155,11.896585,1
7862,人家塌马是对象，活该被打，要是我我也不管，要不你管了之后这个表字又说你打她男朋友,Sexism,-1.2975531,9.041527,0
2035,真是小看基佬们的无我精神，梅艾淋都不怕，还怕一个小小的猴痘,others,-3.7493136,11.440841,5
1909,同性恋别举报，举报一次，我发一次,LGBTQ,-4.655329,9.901561,9
5759,你要是找个黑人我还敬你是条女孩子，结果你找个巴铁⁉,others,0.3556642,12.934291,1
3105,只是觉得为其开脱的龟男实属有点逆天了😆,Sexism,0.4779905,6.603393,7
4472,朱军案子打了多少年……事业都凉透了，才坐实诬告，还有张恒案，遇到正面起诉的，这些诬告的立马怂了销号，最后只查出来注册用的手机号机主是个不知情第三人老太太,Sexism,-2.1033947,9.229214,0
1801,所以同性恋都该纠正取向,LGBTQ,-4.617243,9.677359,9
1499,龟男！还想拉女的,Sexism,0.51234293,6.682356,7
5896,希望早日实施黑蛆清楚计划,Racism,3.410793,8.822422,7
1992,这人知名女拳，散了吧，不用理,Sexism,-0.48719215,7.8189473,3
5711,努力大姐还没死啊,others,-0.92060024,11.917839,7
1038,黑人打砸抢亚裔你看不到吗？黑人的暴行你看不到吗？黑人替换人种你也看不到吗？你不是看不到，你只选择你想看到的，其他的你都选择无视，你的良心不会受到谴责吗？你是哪国人？为什么来中国？,Racism,2.818489,12.478297,2
6571,咱吉林基本上没啥可说的，实在没啥存在感😅,Region,7.018624,10.3955145,8
4091,请各位新来的反同同志注意！,LGBTQ,-4.878578,9.982409,9
5966,现在已经很多国企央企就不收华理的学生了,others,-0.24656914,10.154496,4
1457,真是国际母狗总是那么迷之自信,others,2.0059564,7.8789296,7
2564,日本的核废水正好没地方倒，都让黑蛆喝了吧,Racism,3.4916713,8.7629795,7
6233,东北感谢唐山以前说黑社会联想地名绝对是东北 现在可是唐山了,Region,6.3839006,11.162967,8
4071,我不支持不反对的态度是怕伤害他们而说的，但是不支持就代表我态度了，我不希望同性恋，不反对就是不想干扰。我感到恶心是生理上的，他们觉得歧视就歧视吧！他们觉得被歧视说明他们内心就是脆弱而且认为同性恋就是不对的！因为我说我感到异性恋很恶心，你们异性恋的人会不会觉得被歧视？只能说这个人真傻。他们同性恋觉得我说他们恶心是没素质，那我不想掩饰我啊！明明不喜欢却说你们要99咯？,LGBTQ,-4.0398283,8.991666,9
5315,女权？女拳罢了，不要抹黑国际女权,Sexism,-1.3273801,6.971652,3
2896,哪个西方国家有有这规定？难不成非洲小国？瞎编也得编个国家好吧,Region,3.1874487,10.84237,4
1726,大家请注意曾经在黑人吧著名跪虫族钓鱼狂人网名夹你又回来大家这之前的号都是像夹你这样集体跪虫族给集体举报给永久封号,Racism,2.1285293,9.763269,0
496,我也是南北混血，一看南方人看不起北方人，我觉得这些人莫名其妙,Region,5.8416595,10.466168,8
1023,我尺寸比黑人大，我还要自卑吗太大了?p站上有些黑人细成啥样了,Racism,2.182098,11.802112,2
5363,太棒了呀，不用被道德和素质绑架了，既然同也恶心正常人，那我恶心同就不用避讳了，舒服，大胆讨厌一些人太爽了,LGBTQ,-4.095654,9.125105,9
2433,我就是种族歧视，我骄傲,Racism,2.574107,13.496454,2
1340,😆😆😆我不着急呀，你赶紧找，我就默默看着你们使劲媚外。哈哈哈哈哈哈哈,Racism,-0.79271406,10.75998,0
3012,我所知道的黑人在国内犯的事，加起来快一万多个字了，我在尝试发但是贴吧不让发，发了就给我删除了，等到时候我编辑好了，把扣扣发上来，你们到我空间就可以看了,Racism,2.949433,11.703097,2
464,只要允许有稳定的性来源，绝大多数男权都会投诚去舔！,Sexism,-0.93098223,7.3254404,3
6087,短跑也算吧?跑得慢都被抓了,Racism,2.3879874,12.1184225,7
133,抱歉，第一次听江北八市，能解释一下是什么地方吗？不然江西和安徽的人民没法嘲笑啊⁉,Region,7.188391,8.7097225,6
4269,广西不也被黑得很惨吗,Region,5.737877,10.605296,6
2430,我是个直女。我觉得同性恋是正常的，不是变态，只是性取向里的一种选择而已，应该尊重。但是我一想到女女我生理上非常排斥，觉得有点恶心。我这是不尊重女同吗🤔,others,-3.86374,8.984261,9
183,？？你确定？？我遇到的找黑人男友的女生都是恨国的😜,others,0.0052145193,13.167075,1
2061,这里一切地域黑一律删除。,Region,5.0413785,10.336549,4
1299,地域黑的是有目的性，基本都是有50W的水军在操作中。然而有几个被忽悠起来，互相怼起来，结果造成城门失火，殃及池鱼！！！😅,Region,5.569147,10.222441,6
4216,唉，我现在都觉得我应该成了种族主义者了，非我族类其心必异，黑人白人都不待见！,Racism,2.2362442,13.447175,2
3160,然而很多韩国女，在外和黑人睡，睡完说自己是中国人🤭🤭🤭，有中国游客去印尼玩，晚上去小吃街，有两个亚裔女性乱扔垃圾，游客上去制止，女的回她一句我是中国人。游客就试图用中文和她们对话，结果发现是韩国人。反正我长这么大，什么就没有见过媚黑的人，不仅不媚黑，我本人只能接受江浙沪一代的男性，超过这个地区，我管你是不是中国人，我都不接受。我只是不喜欢差异太大的人，就这样。跟别说外国人，难道不觉得白人或者黑人体味很大吗？我连有轻微的狐臭的人都接受不了。🤭,others,-0.6161467,10.607319,1
3680,在姬圈有个别人还觉得“和男的睡过的女的都很脏”也挺无语的,Sexism,-3.037518,8.840409,0
1094,基蛆衮出来,LGBTQ,-3.8251557,11.582425,7
7558,人造子宫赛高,Sexism,-2.777108,7.1236186,7
5348,好像很多中国男人找黑妹啊，抖音上一大把，非洲黑黄混血的孩子都数不清,others,0.15459892,12.337141,1
6235,右边的小老头就是婊们口中的所谓“高端白人脸”，和我们的胡兵一比，被秒成渣渣，何况是胡兵比这个小老头还大好几岁！！！！还比他皮肤白,others,1.4540797,11.838805,0
1367,那我不理解，为什么网上那么多支持外国女性进口的...,others,-1.4743547,7.393494,3
159,还有我们🐶“江浙人种最高贵”（看不懂这句话语气是自黑还是嘲讽还是自以为是的就要来评论对枪的直接拉黑）,Region,6.632532,9.356965,6
1422,中国在非企业都会和员工说不要和当地人多接触。希望两地都做到。,Region,5.562914,9.897283,6
5448,河南真的惨，黑东北还有好多东北人来反对，黑河南真的就黑到底了,Region,7.1525817,10.667891,8
6218,同性恋应该选中立至少不会出来恶心人，同性恋者选中立做深柜才有可能改邪归正,LGBTQ,-4.375128,9.696437,9
1473,绝了，不明白为啥找黑人的女生意图是什么，那么丑图啥,others,0.5765553,12.694822,1
1021,守住就行，白左笑话吧是可以联合的,others,3.265853,10.843157,4
6513,可是东北人在青岛的口碑已经差到不行了，我都躲着走,Region,6.758178,11.571106,8
5549,我在想为什么不能做一个lkd鉴定APP出来呢？把之前和默一起的女的资料都上传上去。如果怀疑自己的女友有问题就到里面检索，这样对于天下的老实人而言岂不美哉？,others,0.8721404,9.393221,0
3245,没办法同性恋的孩子最高学历就是高中,LGBTQ,-4.27087,9.508912,9
111,女孩泛指0~18岁的女子过了18岁叫妇女，结了婚叫声阿姨女士不过分吧,Sexism,-1.0900041,9.193828,3
3136,格局大点，只要是外国人，我肯定接受不了😆,Racism,1.0566703,12.9916315,1
1743,爱猩动保人士,Racism,4.0309205,12.894988,7
4859,它要是遵纪守法也就罢了，碰见惹事的我就算蹲进去我也得给他弄个半身不遂,Racism,1.7829474,8.758216,7
4987,再列举一个我觉得很关键的，大多国女找黑人白人结婚率并不高，往往是被玩够了分手，这些情况往往都是女的隐瞒自己的事让国男来接盘，彩礼车房一点还不少，我个人认为这个应该是最致命的，毕竟关系到每个男人的切身利益,Sexism,-0.7057604,11.559374,1
3025,来中国的黑人，大概率和国女谈过恋爱，或者发生过关系，好多不止谈过一个。个人感觉，国内黑人有中国女友的概率，甚至比白人还高。,others,0.047986284,12.457243,1
402,小仙女都去非洲追求自由爱情了，你还想着要她们回来？回来干啥？回来继续PUA压榨国男？,others,0.47978064,12.234707,1
3168,不喜欢黑人是正常的，很久以前连匈奴人都无法接受，不说还是皮肤颜色等外观与本民族迥异的外族了。中国不欠黑人什么，中国自古以来并没有黑人这个民族，更没有类似美国黑奴引进的历史，所以也不存在歧视黑人这个说法，只是正常的排外罢了，不仅排斥黑人，也排斥白人等异族。古时有句话，非我族类，其心必异，当中华民族势微的时候，恶果就会显现出来，君不见五胡乱华？,Racism,2.4051747,12.795333,2
7536,早上7:00-中午12：00基本处于消失蒸发状态下午13：00开始喘气晚上18：00之后进入活跃期，特别是半夜还在游走一周只有一天时间可以全时段在线结论：超大概率保安，下了夜班整个上午在睡倒瞌睡，中午起来开始进食，晚上出门继续开启夜班之路，一周只有可怜的一天休息时间，规定太过于固定，说明它没有朋友，家人根本不管他，和它之前口诉的从小基佬以及现在和麻麻处得不好，它就是别人一家四口之外多出来的累赘,LGBTQ,1.4001824,8.725177,0
2117,这话说的，好人就该被枪指着。骗人的不管被骗的有罪✌️,others,2.7234085,11.814317,4
4376,我支持女权们不婚不育,Sexism,-0.7370759,7.5308175,3
4333,所以你们gay存在的意义为削减人口做贡献？,LGBTQ,-3.9872954,10.42832,9
2306,非洲引进的“高材生”,Racism,1.6926056,12.609174,2
1243,但也不是媚黑女的中国,others,0.2662463,11.802171,2
4254,不止是白人，国女是世界少有的非洲、印度、巴基斯坦。通通咽得下去😓,others,-0.32778773,11.62366,1
1161,一不小心把仙女整破防了，看来网络上脾气巨大的公主基本都是这样的,Sexism,0.26421556,7.805288,0
5459,错 上海排外排的是中国人，外国人可一点也不排，全供起来舔,Region,5.5877213,8.893092,6
6828,那些傻卵劣信女别理它们,Sexism,-0.09360094,9.087427,7
3658,不接收就对了。ZG不接受阿难民是正确选择，一帮神棍,Racism,2.7509708,11.41788,4
6931,骂南方人马来猴子的，都是瑞典和族混血老铁。,others,5.489076,10.509814,4
6531,白人也接受不了。😄,Racism,1.6847279,13.206477,4
1241,黑盘你都接？没女人你会死吗？尊严呢？给中华男儿蒙羞！🙂,others,0.3705925,9.304306,0
2650,客观说，广西普遍个子稍微矮了一点，但也不丑，论颜值肤色，桂北比桂南强一点，但广西水果巨多巨便宜,others,5.2362914,10.940008,6
518,学校不都是一长排的那种？你没上过学？还感到尴尬，00后就是事多,others,1.0992326,9.963,0
7473,这种喜欢用宫妃头像的，对半是有性别焦虑问题的通讯录。,LGBTQ,-0.9382861,7.981397,3
6003,简单地说，“我”网络上可以重拳出击，一喷喷一片，现实里面友好相处，尊重女性，如果发现身边有谁媚黑，那不好意思，一票否决,Racism,-0.109428555,11.603164,3
3113,没事干躺着刷手机时可以去溜达溜达，保准有各种发现，或者查查关键词，你就能发现玩个游戏都有那么多拳击手,Sexism,1.1764903,7.7427225,0
2648,txl鼠惹,LGBTQ,-4.2958865,7.7731194,7
4089,没救了，迟早跟巴黎一个德行！,Region,4.798267,8.768179,4
6793,跟审美没关系，白人一样会被慢慢疏离。彼此进入社交圈，是要承担信誉风险的，多数人懒得冒这个险。真的外嫁后还能玩得好的，就文化有共同语言的日韩、东南亚部分国家。,Racism,-0.4191749,11.481663,1
4776,女士优先绅士风度这些是从西方传进来的东西，男女平等才是国策，西方紫苯滋养了女拳,others,-1.1812923,7.6077147,3
2747,她得艾滋了你别去碰她不就好了，得个艾滋而已总好过去非洲送死吧。再说了，她可以嫁给男艾滋病人嘛，解决中国男艾滋病人的结婚需求不是挺好？中国同胞干嘛便宜非洲佬！,others,-1.5023568,12.204842,5
4726,极端是一身艾滋+X病,others,-2.6719382,12.167348,5
2215,说的好，不应该杀光也不应该驱逐，可以试试送去种植园工作,Racism,0.9114062,10.039826,4
698,参考希拉里克林顿。。。结婚了女的姓都没了😅😅😅,Sexism,-0.97489846,10.336765,3
5672,除非是想德艾滋病。,others,-2.5489287,12.174869,5
812,看来你就是答主说的那类人了吧，😆以后分手了再找别隐瞒你找黑人的历史哦,Racism,-0.09484241,13.131874,1
6614,快点展示你的基头,LGBTQ,-3.8834114,11.473679,7
3582,泼妇男，你贴出我拉黑你？你怎么不贴出你持续不断满篇脏话的撒泼言语呢？嗯？那帖子还能正常回吗？嗯？下作的剑人，哈哈哈[表情],LGBTQ,0.75956523,8.482765,0
3739,公开数字大概20%以上，不过看最近非洲新冠检测情况，我已经不相信非洲的任何统计数字。,Racism,-1.7812371,12.573995,2
6348,那女的作态还非常低贱，太丢人了,Sexism,-0.7177224,8.821664,3
5027,舔狗太多会惯出来这样的,Sexism,0.7993851,6.9572964,0
84,没事，不是说舔狗很多吗？幕刃召唤舔狗就算了,Sexism,1.4907888,7.449029,0
4839,用歧视修正道德吧，媚黑的扭曲三观，需要歧视其，并连带歧视其家人邻居等等大范围，只有火烧到了身上，大部分人才会救火,Racism,-0.012600881,11.654199,9
245,我们应该联系男权吧，就算大男子主义再怎么样也应该不会支持男同，更别说女同了,LGBTQ,-3.3681304,9.16927,9
4162,中国是伪装成国家的文明，而我们的文明就是56个民族的兄弟姐妹智慧劳动的结晶，明显黑人不包含在56个民族里。而且说实话，我们也没有任何一个民族会出现如黑人一般的大多数是人渣这种情况，让黑人加入第57个民族。。。我觉得是对所有中国人的侮辱,Racism,2.1505737,12.5842905,2
1065,你懂？什么人才害怕艾滋病老黑入境？难不成影响你跟老黑深入交流了？,others,-1.4324589,12.592445,5
6469,批评干嘛，求仁得仁又何求！求黑得黑，与黑长存嘛,Racism,3.2455328,11.0554905,0
5496,上海歧视有，但是说实话不歧视河南，受害者主要是苏北和安徽。,Region,7.2653346,9.631361,6
7422,基佬会吐口水,LGBTQ,-4.2484565,11.401144,7
6096,资本只是想榨干你的生产力，而他们不仅要你的生产力，还要你的命,others,3.6807444,10.586916,4
6800,女的对于索要彩礼有三个阶段的借口，进攻退守1.以伺候男方父母为借口。但因为现在大部分人结婚都重新买房搬离原家庭，都不和父母住的，这个借口很快被推翻。2.以伺候男方，做家务当保姆为借口。然后现在女的会做饭的还没男的多，很多家庭要么是男方做要么是点外卖，这个借口也站不住脚。3.以怀孕期间的保障为借口。因为怀孕期间没法工作，所以以此为借口索要保障资金，该拳功甚至博得很多龟男的认同，所以尚未被推翻。大家对以上三个拳法怎么看？,Sexism,-2.0222867,8.796056,3
4751,垃圾人口，增加世界负担,Racism,2.395835,11.077952,4
2459,我媳妇也会打拳！节假日忘记买礼物她生气了，我说我生日你怎么不买给我？结果她更气了，叫我去外面问问是不是所有男的都应该给女的买！😅WTF？！,Sexism,-1.6136447,8.656095,3
7485,植物也会开花结果，你们同性恋的爱有什么结果？结果是艾滋。同性恋有什么爱情结晶？爱情结晶是hiv药。同性恋同婚有什么意义？意义就是互相传播艾滋上天堂,others,-3.4157605,10.491839,9
5666,现在被基佬删了,LGBTQ,-3.9723246,11.265639,0
5020,必须对黑蛆实施种族灭绝！！！,Racism,3.375454,8.871938,7
4481,你应该说，大姐别激动，我们一般都是偷井盖，不骗人😅,Region,8.524051,11.601147,4
2814,问题是这些类人猿他们繁殖速度太快，消灭不了呀！,Racism,2.4841974,9.731869,4
2637,反黑除恶。上面应说到做到,Racism,3.546604,11.121339,4
3702,我在我身边 不管是学校的 工作的 家族亲戚圈或者朋友圈没有见到一位你说的那部分 倒是见过五六个一门心思娶外国女人的男性朋友😜😜你怎么看,others,-0.6614508,11.020986,1
3510,txl没吗,LGBTQ,-4.2561774,7.824195,7
4869,我在想田园不是不结婚吗。。那么生孩子管她什么事。,Sexism,-2.276897,8.359127,3
2310,日本现在早就没有武士道而现在只剩宅男文化看看日本最近动作片都是龟奴把自己老婆和女朋友贡献出去这也反应最近日本一个态度,others,3.148819,10.115556,0
6544,实话实说，这些男人也太怂了,Sexism,-0.93866736,8.583373,4
5074,是时候要灭绝黑人了,Racism,3.044425,12.310342,2
1585,像你所说的那个女的，我们能理解。不过话说回来，跟出去的外嫁女不一定丑，在中国养三非的女的真的是一个个丑上天了🤣可能就像包养小三的那种感觉吧，只不过她们是藏匿了一个外国男以及生了一堆小黑人,others,-0.26545072,12.252275,1
7612,是男挙定义宠女人的男人为狗，什么叫喜欢当狗。,Sexism,0.23233764,7.47885,3
5743,对啊，我长这么大压根没见到过女性和黑人在一起的，真的一个也没有，咱也不瞎不傻好吧，中国人的审美很难认为黑人帅吧,Racism,0.058346312,12.958724,1
6686,同样女权所说的家暴男也很少😆，为什么要把部分的家暴男上升到整体？😆😆,Sexism,-1.569272,8.453683,3
1681,国女干的好事,Sexism,-0.23776376,9.83556,3
2374,为了性去跪舔女人，为了性被吃干抹净，是有多可怜啊，你们是怎么克服性这个弱点的，我认为吃色普龙，还有补佳乐最好，因为，我作为药娘过来人的经验，保证吃了无欲无求，这样女人就不能利用性这个弱点了，有条件的话，最好去变个性，这样就可以挑战女人的性取向了，到时候可以扬言“有本事就百合”之类的。,Sexism,-2.4899511,8.096847,3
3588,老赵，来讲讲中国原住民被大猩猩不当命的现象,Racism,3.829536,12.738067,4
5050,所以有公安局还是得有个熟人的，他们的网络可以有个人开房记录的信息，只要查出一次和老外的就基本否决这个女人了，现在的酒店都是需要身份证入住的，用这样的方法来筛除烂裤裆也是不错的,others,-0.7645996,11.865626,1
29,部分地区穷吧，我说的部分地区这一点,Region,6.7638083,10.143677,6
141,根据大数据所得，100%的女拳都是智商低劣，且具有严重基因缺陷的下等物种，来源《就你会编？》,Sexism,-0.9110332,7.5939274,3
761,垃圾小仙女，不配活着,Sexism,0.30555618,7.555828,0
945,安徽也爱黑别人,Region,7.467849,9.053531,6
3365,八成以上男同骗婚，九成骗婚者家暴，一成配偶被传染性病。也许很多反感是这么来的,others,-3.181619,9.912329,9
168,阿哲，好像陈浩民张卫健吴彦祖古天乐尹正他们的帅我挺欣赏的，至于现在的娘炮，对不起那些女拳拿这些娘炮当例子还说人家嫉妒，真是笑大牙了,Sexism,-2.950972,9.176273,0
4241,中国女人是被哪个古龙迷香给控制了大脑神经和思维阿。,others,0.44012877,11.225236,3
5796,反同要跟上潮流,LGBTQ,-5.087907,10.015042,9
1100,哈工大，真晦气🤭,Region,6.449495,10.915653,7
4047,别天天说广东，你看我关注那个仙仙底下骂广东可不少🤣,Region,5.64221,11.142482,6
6026,你这就错了。在你看来去非洲是好的，天龙人可不这么认为。,Region,1.5986624,12.416755,2
4295,跟你们基佬学的😆,LGBTQ,-4.1386933,11.432653,7
7421,人家凭什么要这么多条件和时间去思考自己为什么接受不了同性恋，不喜欢就是不喜欢，厌恶就是厌恶。我讨厌一个事情还得事先说服自己让自己不讨厌？？？,LGBTQ,-4.0453887,9.033485,9
2513,中国不存在种族歧视，因为在中国的原住民中没有黑种人。,Racism,4.8391886,10.582985,2
3430,我们潮汕黑成灰了,Region,5.739696,11.212443,2
7039,同恋是可以改变的,LGBTQ,-4.647786,9.670947,9
4909,中国也整天被世界指责环保、威胁论等问题，我们是不是要感激他们？,Region,2.8912973,10.681414,4
4791,象征男性的从来都不是下面那个东西，而是暴力，只有暴力才能被称作男性，这是人类最基本的共识。,others,-1.365502,8.270855,4
2671,学校把这些洋垃圾招进来，所以也要承担相应的后果！,others,2.3512478,11.008202,4
2015,这两地方有优越感那都是几十年前的事了。。。。,Region,5.613129,10.061261,6
1803,女～权：男女平等。女人和男人有同样的地位。女～拳：女性要有特权。男人占女人便宜。赞同女权。让女～拳和男～拳在一起吧。,Sexism,-1.463041,7.1028166,3
3017,好嘛，敢情一千大几百万外地人在上海受罪来了⁉,Region,5.678858,8.786966,6
4965,你不就是个山东人吗 在那反串啥啊😓,Region,7.2535777,11.601638,6
6893,这慕茜丶真恶心，是个女权，支持姐姐打弟弟，不拉偏架，你就挡中间当肉盾，看孩纸打架好玩是吧？这慕茜丶个坐着看戏，先拖出去枪毙了，,Sexism,-0.43686703,7.9145923,0
519,他不是种族歧视 他是物种歧视,Racism,2.4435422,13.276751,2
2384,因为你公开表达对LGBT的厌恶，最有人味的反驳就是「关你什么事，吃你家大米了吗」。「收敛一些」这个说法，换个群体，就能看出逻辑链的根本性问题了,LGBTQ,-4.066899,9.322025,9
2252,建议废止该部法律，出台《男性权益保护法》,Sexism,-1.5782101,8.0510025,3
2766,下意识的种族歧视呗.就好象一个正常女性绝对不可能接受一个艹羊佬.,others,-4.089238,9.074752,1
182,我先来让她们自己去卷例假不能休然打扮和男性一样去挣一样的钱,Sexism,-1.701965,11.005777,3
1875,对啊，仔细想想得啥样的女生才能找黑人啊😅,others,0.4060344,13.051041,1
3529,哈哈估计自身条件非常烂只能靠出卖同性获得幕刃的关注了,others,2.2293417,7.1137567,0
1816,黑你们东北河南的是广州的广府人他们不仅仅黑你们，还黑在广东的“潮汕人”和“客家人”7000万广府人命贱欠杀的，我们8000万客家人以前在清朝把一部分广府人的土地抢过来了，很多广府人被打跑到香港或者移民到旧金山去了，TVB创始人就是和客家人有世仇的。不过已经过了100多年了，很多广府人（粤语：讲苦人）还在拿以前的“土客械斗”说话，肆图让我们客家人给他道歉？??,Region,5.961618,11.007547,8
2909,上海(包括苏南浙北吴语区)喜欢排斥江淮地区，苏北和安徽中北部,Region,7.3052115,9.32568,6
3828,笑死了，***自己没有能力买房啊，还要靠男人，要她有什么用,Sexism,-1.653454,9.037105,3
3560,女⭕️师和泥鸽。导致艾资也不少,others,-2.580374,12.024477,5
788,这个黑犬，设置隐私了，搜不到了,Racism,0.8971138,11.241395,7
2591,是呗，正常女哪有喜欢黑人的啊😅,Racism,0.41270557,13.081612,1
751,你们那算啥？凡是有东北两个字。就全网黑。你们那才几个人黑？看我们大东北。知乎一搜索东北。全是黑。自带流量光环，,Region,6.7104163,11.067646,8
1217,黑人太容易得到中国女生了,others,0.12128132,12.363658,1
869,关键她们别留在国内啊，等到中国遍地黑娃娃，看着就恶心，😅,others,1.005293,11.801915,1
6365,你以为她是给你们看的？给她提纯后的粉丝看的罢了“她都已经道歉了你们还想要她怎样？”，之后该赚米还是赚米,Sexism,-0.015661633,8.125326,0
4797,其实那女的有可能是j，留学生有补贴，用补贴找j,Sexism,-0.86924285,10.999017,3
7052,雀食男同恶心,LGBTQ,-3.5666347,8.783835,7
7449,性少数者就没几个大脑正常的,LGBTQ,-1.0714518,9.307523,4
4606,我觉得问题不大，国内女性都这样压迫中国男性了，我们还管她们干嘛？,Sexism,-1.3727542,7.4629855,3
107,我真的太害怕江苏人了，跟他们唠两句，必提到GDP😆😆,Region,7.0498524,8.63085,6
3613,要是反击黑人不犯法你看敢不敢,Racism,2.5377502,11.679045,2
497,"我现在生活很不错，但也歧视黑人和对它们有好感的easygirl,离开中国的除外。",others,1.3923737,13.261545,2
1303,下贱的杂种,Racism,1.7262895,9.594919,7
2186,真没想到我大东北有一天居然不是地域黑最惨的了,Region,6.7015834,11.367278,8
3256,都说，所有的女人生孩子多么多么痛、多么多么难，多么多么危险。。。。。可是，有没有听说过，拉屎，小孩生出来了吗？撒尿，小孩生出来了吗？走路，小孩生出来了吗？。。。。。真奇怪，怎么她们都是生出来了才发现是生小孩呢？比拉屎都容易，为什么不痛？谁能告诉我？？？,Sexism,-2.54649,7.225791,3
1949,哎哟，魔都在被黑你觉得上海还愁没人去？现在被黑的惨的省份，山东河南东北是人口流出（流动人员或户籍更改）大省，直接影响经济，进行恶性循环,Region,6.1056123,8.773784,6
7409,他一定怕他爹恨不得把他爹那啥了吧，啥帖子里都有拳师，还说不是隐藏的拳师吧？,others,1.3585024,8.27168,0
973,井盖都是俺们偷的🤔,Region,8.522289,11.589026,7
7404,得个艾滋病，人生绝对废掉了,others,-2.6624777,12.217766,5
2092,我知道楼主你肯定不是一般人希望可以把我的言论告诉组织别让这些黑人祸害在中国了,Racism,2.8563871,11.803074,2
5457,我也是。我及其厌恶黑皮。与其为伍就是自甘堕落😅😅,Racism,2.06079,12.849708,2
915,来看跪虫族,Racism,2.5718553,9.258054,7
6135,为什么不支持同性恋就是束缚思想，这是道德绑架吗,LGBTQ,-4.408537,9.249148,9
3350,被基佬举报了,LGBTQ,-3.9978662,11.226076,0
6470,我愿意相信答主用吃辣做对比是无意中忽略了社会现状。但是对于同性恋行为，社会不仅表现出了有形的骂而已，因为对于一些机遇，一些舆论，一些无形的利益/压力，社会在这些方面的歧视比骂这一行为的伤害更甚。,LGBTQ,-4.178706,9.282336,9
6446,婚前非处这一属性到底比处女好在哪里呢。本人看过很多为非处洗地的帖子，但都毫无意义。因为其中心思想无非是“处不处不重要”，只能通过削弱处女属性的价值来提高非处的相对地位，而指不出非处女的价值、相比于处女的长处。,Sexism,-3.1839678,7.150221,3
3431,我厂里有个孕妇第二天去剖腹，今天都来上班，那些公主就是矫情,Sexism,-2.6359682,7.212193,3
5508,当然→_→，女看男的话。。。按照上面的换着来就是了，现在的社会，男女都把性想的太过于美好了，而他们则只看到了同好的一面,LGBTQ,-3.3893158,8.862202,9
2398,犹太狗在后面给他撑腰,Racism,1.9678683,8.722773,7
4599,好客山东给爷爬,Region,7.3586493,11.532919,7
5282,他们对上海地域黑怎么黑的他们把我们做过的事都说了一遍别的不说，就爱丁堡一事，哪怕你是上海人都不该维护自己，否则就别怪别人黑,Region,5.8021092,8.885996,6
7133,原贴没了看来是被正义的小腐女们举报了,others,-3.8323863,10.891636,0
5261,原来沪黑都如此渺小了a,Region,6.3404408,8.75122,7
82,小仙女日常精神病,Sexism,0.30164316,7.545612,0
3243,这我就不赞同了，结婚生孩子就要体验分娩？要我说舔狗约炮都必须体验分娩,Sexism,-2.3543391,7.412546,3
3470,其实稍微有点脑子就应该知道这是情理之中的事情网上怎么闹无所谓 现实就会社死 谁跟她玩的近也会一并社死,Sexism,-0.4197465,8.764096,0
5683,0号病人是同性恋把？同性可比异性更容易传播,LGBTQ,-2.760752,11.717472,5
1173,福建做的恶 真的绝不比上述被黑的地方少 不过是富裕一些罢了,Region,8.194649,8.903108,6
1306,闹乱全球的始作俑者就是犹太利益集团，新一轮的青洗必先发生在美国。,Racism,1.6772621,10.729164,4
160,老外付1％的责任，锅女付99%责任呗，那老外1％责任在于自己掏钱买的机票，自己办的签证，而不是锅女帮他们买机票，办签证,others,-0.5369393,11.167242,1
5229,看见南宋人的嘴脸就可恶。,Region,3.0174122,10.700008,4
5408,幕刃是这样的,Sexism,2.868548,6.544873,7
3969,当然是特例，一般偷偷摸摸最多自己组小圈子玩，大部分普通女孩生怕被误会都不敢跟这些以前的小姐妹来往。。。敢跟嘿贵一起的肯定都是为爱不顾一切的，这个跟学历无关。反而家庭条件差的会更多看中物质，流水线女工不会欣赏他的甜言蜜语，她们对能不能开车接送会更有兴趣。就是少才稀奇，竟然有为抢嘿贵在学校门口打起来的。,others,-0.26875478,9.310158,0
6328,这个女的可能是欲望比较强吧,Sexism,-1.0986469,9.077985,3
3463,所谓“混血狗杂更好看”的论调，就是典型文化极度自卑的奴才心理。混杂后代智商低下，面貌丑陋所占比例更大。（黄白乱杂交后代依然是白人，黑皮能够同化全世界所有人类！）而鼓吹混血优越论调的，不是汉奸，就是文化自卑到骨子里的奴才，总觉得外国月亮比较圆。相同人种混血的问题不大，历史上入侵中国的外族几乎全都是黄种人，这就是华夏文明能够延续几千年的最根本，最直接原因！而四大文明古国其它三个，早就换了无数人种。南非、马达加斯加、南北美洲的广大地区，原本都是黄种人的地盘。现在百分之九十都被白黑两种生物占领。欧洲圣母鼓吹所谓“开放包容，接受移民难民”，结果现在变得又黑又绿，动荡不安，早已无回天之力！中国人再不警惕起来，下一个就是中国！,others,1.3500718,11.721752,1
3817,我们首先来说国际鬼子虫类及其它们后代虫混真的比人类体育好别逗别忘了前不久欧洲杯拥有着众多国际鬼子虫类及其它们后代虫混英国队连纯白人意大利足球队都没踢赢而且再说历史上巴西足球队也有输给过纯白人足球队比如意大利和虫化前法国等等等就不举了而且体育只不过强身健体但对提升一个过家的过力完全就没有多大关系准确说来像这样体育可以说可有可无而至于国际鬼子虫类及其它们后代虫混所谓音乐根本就是黑猩猩的嚎叫,Racism,2.9143715,9.462777,2
3023,南美棉花小黑马,Racism,1.3624462,11.263876,7
3696,中国男人在非洲也是被非洲女人倒贴的份，津巴布韦总统以前就建议希望中国劳工出国带上自己的妻子，不要在搞他们国家的女人了，关键是还专挑好看的……，然后悄悄回国😅😅,others,-0.2226275,12.283193,1
4715,微博不是垃圾桶吗？你为什么要去垃圾桶逛？看到垃圾还和我们分享,Sexism,0.81139475,7.841717,0
3700,不评论，不支持是因为不可能改变同性恋很恶心这种观点。既然说了就政治不正确，还不给别人不说的权利？,LGBTQ,-4.259663,9.119307,9
136,别人不能定义性少数，那同性恋有什么资格给儿童定义？,LGBTQ,-4.2029653,9.83756,9
5504,绝大部分黄黑混血上不了高中，甚至到了初中就会辍学，反正就是街溜子预备队。,Racism,1.3593096,10.941187,2
5935,反同的人寿命短可能因为做了同妻同夫自我了断但只是少数人会这样,LGBTQ,-3.3950377,10.008794,9
7307,说的没错，小战士,Sexism,0.29933468,9.331225,4
267,尊重个屁，女拳这麽不尊重男性。要特权才是真的,Sexism,-1.2595762,8.226193,3
7165,河南人真不错，比我们苏北人好！再一个河南朋友能处，比地温好多了😅,Region,7.9778175,10.8312645,6
5670,舔狗以为舔狗最后应有尽有，谁知道没人领他的情。,Sexism,0.59701556,6.9422083,0
2849,笑死，这就是你们地域黑的逻辑，所以你黑别人你有理，还说别人黑你，这波贼喊捉贼有意思,Region,5.4708047,10.278074,6
5037,女权为什么要学我们男权反婚反育，并且要攻击辱骂男权反婚，因为女人清楚的知道反婚是打击异性权益的最好手段。男性反婚自古有之，中国几千年前最著名的哲学家老子以及他弟子创建的道教门派楼观道就是吸引教徒禁止教徒结婚，到后来的王重阳创立全真道，和弟子丘处机广泛传教宣扬不婚可长生不老，其实他们早就清楚得意识到婚姻对男性一生伤害甚大,Sexism,-1.753613,7.392095,3
4999,上海名声一直就不好好不,Region,6.0020223,8.762883,6
7595,不管将来谁当政参政，一定要强制给黑人黑杂做绝育，要像以色列学习,Racism,3.0264437,12.372392,2
7459,女性和幕刃是两种生物,Sexism,2.5963657,6.847158,7
6463,都2022年了还洗女权呢，把女权所有的恶挑出来，命名为田园女权，我们女权就是圣洁无比冰清玉洁的先进思想呢,Sexism,-1.5547209,7.27475,3
1125,蛤？他明明黑的是广西好吧？,Region,5.4735193,10.652186,8
5877,还有人说默是人？,Racism,0.87418234,9.659431,4
3949,小红书微博第二，没有老哥冲啊,Sexism,-0.12208829,6.5576363,0
6760,不我就是想看她们的笑话，故意让她们胡闹，看看她们生下丑陋的哥布林。😎,others,2.5308268,10.271035,4
1487,这是腐癌，跟男同群体有什么关系,LGBTQ,-4.1689734,8.659712,9
5756,黑高犯罪率，不是歧视，在世界各地都是如此。引进中国，引进犯罪,Racism,2.74423,12.08372,2
4340,黑二奶带着私生子上中国大使馆找孩子爹，这个外媒都报道过，还上过一次外网热搜，中国大使馆都不理,others,0.45033377,12.394147,2
3854,默😆学到了，好字,Racism,0.8908513,9.681618,7
7126,所以地域黑的地方也是存在的啊。你家乡无非就是没上海那么有名而已。谁有空去黑一个村子？,Region,5.652629,10.102724,6
281,不会真有人想和小仙女结婚吧不会吧不会吧,Sexism,0.26792914,7.416257,0
5586,这点没得洗有时候塔利班是对的,Racism,2.6273339,11.14453,4
4725,这么说，那就应该是所有不要外国人彩礼且结果的女生全都出国不要回来喽，可惜好像不是呢,Sexism,-0.5601358,11.144745,1
387,一眼真，也就母畜能干得出来这种事,Sexism,1.9739263,8.065446,7
54,环保问题？你告诉我现在的环保组织谁不喷？威胁论本来就是中国的崛起威胁到了西方的利益，威胁论越疯狂，中国崛起的速度就越快。但是中国女性媚外呢？国内也不是没有例子，不用不承认了，你们就是媚外。😆,others,-0.68930596,10.564856,3
5468,慕勾是这样的,Sexism,1.2579267,8.223252,7
738,说分割家产，必须平分管你男人娶不娶老婆，然后我说那女厕管你要干嘛比男厕多一平方厘米就是不公平女拳破防了，温和女拳在给我科普，再nm科普也违背了你要的绝对公平，魔怔女拳要拆男厕小便池，我说小便池关你女厕屁事，只要面积多多占你一平方厘米，你管别人装什么，真nm管的宽,Sexism,-0.921565,7.901239,3
1289,没什么好奇怪的，我生活圈子里有女人找黑人我也会疏远。我看到黑黄混血我一样会远离。说我种族歧视也没关系，我就是不希望和这个群体产生任何一丁点的来往。,others,0.808307,13.065622,1
69,看图中这个不是反同的，同恋该时候承认是精神病了,LGBTQ,-3.8182049,10.102458,9
5529,我去杭州玩 刚出铂丽酒店没一百米 可能因为我在和边上的同学用东北话交流 两个东北人真是罪大恶极 杭州警察立刻把我俩拦下来盘问并且要求查身份证 你要非得说没有歧视我也没招 我说的要是萧山话他会拦我们吗,Region,7.0025134,9.808785,8
1354,在天龙人眼里，吴签没有宁波黑人高端,Racism,5.2795696,8.750282,4
696,确实，上面带的节奏就是怕老婆，交工资，等到成气候了就开始鼓吹消费主义给女的洗脑，现在国内就成了逆民主义女拳横行了，还是挺有意思的，现在都恐婚了。,Sexism,-1.7269214,7.561986,3
3148,但答主喷人也不违法，被喷到的人如果觉得侵犯了自己睡黑人的合法权利，或侵犯了睡黑人的自己的名誉权，可向人民法院提起诉讼。,Racism,2.5658896,11.558323,1
2428,男生是正常人反应，女生是巨婴,Sexism,-3.647346,8.823151,3
62,这个人哪个非洲国家的？,Region,1.9938569,12.509569,2
4324,这次艾基p图造谣不了吧！这艾滋基佬自己的自拍全吧也知道了,others,-3.4198952,11.64116,5
6206,说黑人是劳动力的太可笑了，殖民时代是，问题是现在还是那种传统意义上的殖民时代么？如今的时代，黑人是解放了，问题是黑人能主动依靠劳动获取报酬么？黑人和他们的副产品打着“反对种族歧”的旗号惹事，把本来平静安宁的社会搞得乌烟瘴气。解放他们有什么用？,Racism,2.3859189,12.609178,2
5403,幕刃骂多了反而对这句话不感冒了说这么一句话本子就能治她，反观我们这里，批话更多更臭，其中还有龟男帮着一起说真不知道我们还有多长的路要走,Sexism,2.1675782,7.3986835,0
6561,痛经是女性身体结构的问题，应该找女娲或者上帝打拳，而不是把这种责任扔给男人,Sexism,-2.0063796,8.0943,3
1598,每天叫唤前台的姆人，送快递，寄快递，每天都要找理由骂她一顿，今天把它都给骂哭了，爽,Sexism,1.0295231,8.702747,0
2089,避害是动物的天生本能，何况人类。那些自己往艾滋堆里钻的人，应该属于“自然选择”要淘汰的那部分,LGBTQ,-2.5589778,12.17734,5
4770,微博的小仙女都在说求你们男性都清醒，放过我们吧。,Sexism,-0.18843979,8.070597,3
7312,民政局告诉结婚率血崩，小仙女们说田楠无数，谁在说慌？,Sexism,-1.1260682,7.802738,3
3707,关于默，玩兽j的小仙女岂是郭楠可以高攀的😄😄😄,others,0.9765836,9.3430395,0
7075,站起来，慕洋舔狗,Racism,0.75704056,6.783954,7
1102,南满不是人，南满是满子,Region,6.40699,12.1908,4
6579,是呐，我一说是河南的就有人说偷井盖儿的╮（╯＿╰）╭,Region,8.503594,11.585304,6
5655,北欧只不过是在性少数上做的相对比米国较好罢了,others,1.9370476,12.679958,1
6796,对于左壬，除非他们自己被绿一次，否则他们不会醒悟的。这不是为了被绿而被绿，而是通过被绿认识到女人在做选择时有多么凶狠。,others,-1.6380897,7.2257504,3
3439,我表哥96年去兰州大学读书时，他同学有甘肃的，那时候甘肃确实很多地方贫穷落后缺水，不过并非全省这样，至少河西走廊那块与刻板印象中的甘肃是不一样的,Region,7.9407988,10.231918,6
4003,不要杂交就好,Racism,1.4549674,11.431125,4
7491,提议女方婚前支付五年个人收入做彩礼，不然女性不懂珍惜婚姻,Sexism,-1.9093522,8.890308,3
5167,又是黑人...你说这是你祖先的这就是？,Racism,2.1209736,12.321954,2
5505,我只要求它们不要来中国就行了，至于其他地方它们有没有从来不在乎,Racism,1.0889901,11.112804,4
4732,种族主义者又不是错的，和民主主义者是一个概念，种族主义概念的出现，不过200年，以后到太空时代也适用。,Racism,2.5457954,13.085116,2
5541,有件事情很让人费解，难民不应该是被严格监管或者限定其活动区域么？怎么敢这样嚣张的在别人的家里大肆破坏还要这要那？而且处罚这些人好像还挺麻烦，什么时候丧家之犬都成了打不得骂不得的宝贝了？这个世界是不是三观不正？,Racism,2.9058027,11.871408,2
6974,美国是移民国家，黑人也是他们国家的一部分，但是黑人不是中国的一部分。,Racism,1.9813005,12.704484,2
4304,我鄙视黑人。我歧视黑人什么是鄙视。什么是歧视。什么是人😆😆😆,Racism,2.364791,13.385281,2
5592,别闹了，好像黑吉辽配单独提名一样🙂，那边一个多亿人都是被当做“东北”来整体进行辱骂的，是的就是辱骂🙂,Region,6.668704,11.116537,8
252,到处黑广东人长相这个真的过分……我不是广东人（北京的）也觉得好无语😅😅😅,Region,5.4916434,11.092886,8
5183,没有国家是以娱乐立起来的，更何况还是黑人的这种低俗恶俗的东西,Racism,2.2053013,12.325982,2
212,就这次郑州暴雨，百度有人提问：安徽雨也很大，为什么不像郑州这么严重？有人回应：因为安徽人不坏。真的服。,Region,7.968136,10.74585,6
4360,"街霸2,小日本做的",Region,3.2610905,10.116571,7
7348,这条评论发布时间是9月1日，你说没看到说艾滋是昨天， 今天9月3日。谁前谁后？,others,-2.2163384,12.345632,5
5343,从母人到都市丽人？,Sexism,1.8226007,7.841812,4
256,黑人属于是自己放弃自己，和其他人没关系。我觉得应该尊重他们的选择，送他们回非洲，让他们自己折腾去。,Racism,2.150752,12.486922,2
5846,经典，某某地全是鸡🤣这种人什么成分不用多说,Region,2.148856,8.519786,0
2878,畒🐶太多了，根本jb不过来，只能躲着,Sexism,2.4418004,8.460349,7
917,东北被黑也挺冤，主要是东北一亿多人，其实我接触过的大部分东北人还挺友好的，相对而言比其他地方人更健谈更幽默一点，但也很友好,Region,6.5904055,11.166082,8
4900,那位说因果循环的，不就证实了上海被黑吗，有些人其实天生就是对上海有意见罢了,Region,6.0757084,8.704324,6
4341,别人的女儿跟黑人谈恋爱：支持恋爱自由，拒绝种族歧视。自己的女儿跟黑人谈恋爱：老子非要打断你的腿！,Racism,0.011269561,13.262787,1
5435,华夏民族和非洲民族智商相差1000代人的进化（某文章上看到的），按照进化论来说，目前虽然没有进化到生殖隔离的地步，但终究有一天可能也会进化成不同的物种。就像人和猪，从一最开始，也是一样的祖先。😎,Racism,1.7037115,11.58696,1
255,相比较来说我觉得普信男还可以一不危害社会，还能自强不息。相反对社会危害最大的是那些既当婊子有立牌坊的人，这可不是什么荡妇羞辱，相反我对一些光明坦荡的性开放是持欣赏态度，现在某些群体又当又立的行为一直到了颠倒黑白混淆丑美的地步了。,Sexism,-0.10861191,8.639483,3
6545,宁与友邦，不予家奴！,Racism,1.7413658,10.446099,4
128,每个在华黑人都会有3个以上的eg,others,0.6458604,10.830573,2
4108,复联管儿童性侵和妇女被家暴吗,others,-1.6194878,7.9933968,3
6565,有人黑说明有存在感，山西的存在感实在是低到没人黑，悲哀,Region,7.3781333,10.419068,6
2528,广西盗贼多，河南安徽假僧侣多，河南乞丐多,Region,7.294234,10.048328,6
2408,贴吧图片中的非洲人应该回到非洲去！！！,Racism,1.901404,12.544415,2
4407,在东南亚那些10几岁的嫩妹根本就花不多少钱随便玩,others,-0.3585191,10.608672,7
4228,所以没错为什么改？直接普信男小仙女打起来啊,Sexism,-0.0328195,8.553267,0
1154,看人吧😢不正常的男童百分之99 ,LGBTQ,-4.2193646,9.107926,0
6335,你喜欢默默默？默女也是够,others,0.9290072,9.543615,0
4057,正常入镜的就很好？都是一路货色。黑人有良心吗？,Racism,2.6102161,11.477632,2
1454,新群，一起爆杀小仙女啊,Sexism,0.3207714,7.6118507,0
3281,编乎有几个真的，不全是cjb,others,1.6059875,9.041245,0
3892,鸡就算了 带个娃的还可以接受,Sexism,2.1583645,8.494717,7
6673,可以让她生了，分月付款，生完滚蛋，给别人生去。好像也行,Sexism,-2.0846245,8.728158,3
3824,男的会生孩子为啥要有女人啊，隧道矿洞核电站能用女人？,Sexism,-2.3707144,7.5084143,3
3758,因为B站圣母婊和政治正确一点也不少，,others,0.93444085,8.323721,0
2927,北方人眼里，广东南蛮之夷。,Region,5.821352,10.845647,8
7159,珠海市五洲花城是吧，今晚就过去刀了这幕刃?,Sexism,3.0148127,6.579904,7
1563,双标男，见的没几个，女的倒是挺多的😆,Sexism,-1.0476112,8.359574,3
6680,自己过的好就行了，苏北最穷的地方能吊打中国的大部分城市这个看中国城市排名就知道，这些人再怎么地域黑，我们的生活水平也不会因此降低。过的好就是好，这要不是说没品德都不是大问题。毕竟穷富这种东西都是看个人家庭的。🤔,Region,6.4832187,9.850636,6
5677,请问抗战死了多少女性？😆,Sexism,-2.0229216,6.6912417,3
4570,如何薄纱有性别焦虑问题的通讯录？,LGBTQ,-0.96017975,7.9252605,3
2943,男人嘛，就是牲口。还没看懂?,Sexism,0.32933053,8.059991,3
3691,西戎 北狄 南蛮 东夷，没一个是好听的。只有我大中原人杰地灵??,Region,6.180194,10.444723,8
1951,听见吉林同事骂她男朋友“辽宁杆子”，这才知道原来三省内部也有歧视。不过相比我们内斗省这根本不值一提。,Region,6.9162874,11.0050535,8
1781,怕不是不知道广州一堆汉族小黑人吧🤣,others,3.4044712,12.069847,2
6456,不是对黑人歧视，真的是一想到这个女人跟黑人水果，感觉好恶心，长得漂亮又怎么样，还是很恶心,others,1.0155581,12.445193,1
3266,说了多少次，拳师的目标非常明确，就是把蝈腩干死，彻底的把蝈腩变成自己的血包别人说啥干啥，只要不是给蝈腩打气，她们都不会管的,Sexism,1.7059361,8.47604,0
338,感觉你这种加上省名的也算地域黑…隐隐约约透露出“皖乃穷鬼”的气息…,Region,7.5310736,8.938288,6
458,东北以前原本就喜欢地域黑啊，你拿这个做比喻没必要，十年前上网的都知道。只不过现在是自己遭重了,Region,6.818464,11.469958,8
5948,努力姐专门骗中国女人嫁非洲，和蝴蝶姬一样,Sexism,-0.8229377,11.995089,1
3247,前面我们说过同性恋骗婚的根本目的是出于生育的需求，所以同性恋婚姻合法化同性恋就不骗婚是个骗局。但是骗婚的同性恋只能是同性恋中的一部分，大部分同性恋都不会走这条路。其余大部分的同性恋为了自己的生育的需要会怎么做呢？无非就是领养和代孕两种，领养是其中的下策，代孕将会是他们大部分的选择。代孕是一种对女性的物化和将孩子作为商品的行为，我相信大部分人都是反对的。而当同性恋的权势大到一定程度他们势必会争取代孕这条路子，所以为了避免这种现象的出现就必须反对同性恋，降低同性恋的数量将他们扼杀在萌芽之中。,LGBTQ,-3.3094194,10.154384,9
7163,艾呀，梅事的，疣什么大不了的非洲默的艾滋病率就不说了，不止一个国家能干到20%+欧美默的犯罪率也不提了，别的不说有没有有几个默没磕过药？当然了，这个星球上还是有很多优秀的黑人但我为啥要去厕所里找吃的？⁉,others,-1.9382416,12.54637,5
6270,别想多了，有多少中国女性会嫁黑人？反正我从来没遇见到过。在者，你会娶精黑女？。,others,-0.19831693,12.733556,1
1180,这就是你们txl的好队友吗？,LGBTQ,-4.147766,8.208009,7
3791,这男的也是啥pei给女的当狗活该,Sexism,0.27180973,7.7412395,0
483,又是某东北人到这里反串的吧🥰,Region,6.8325963,11.567543,8
2819,口气别这么大，你们别倒贴默就行了,Racism,0.97057414,9.534023,4
5008,全国人口第一流出大省，再总骂下回不来这打工了岂不损失,Region,5.889594,10.495004,6
2332,只要我的孩子不是同性恋就行，我不想断子绝孙，其他人我还管不着（我好像很自私，但请不要怪罪我）。,LGBTQ,0.43574092,11.849287,9
6884,哔哩哔哩上有一个女同叫饺子不爱吃皮儿，她经常弘扬搞同还有一个视频叫《女生怎么追女生》这就是明摆着要怂恿了，希望大家一起去这个视频下反对她,LGBTQ,-3.8318162,9.6354475,9
268,其实我不关心女人找不找黑人的问题，但你随他去非洲，去美国不好吗，别留种在中国，最最起码找个白人啊，白人起码后代大概率还挺好看,others,0.255371,12.480442,1
3684,eg是白人老外起的。,Sexism,0.48676673,10.798529,4
2140,那你观察得不够了。厦门是被地域黑最严重的地方之一，原罪就是因为城市核心区在岛上,Region,5.9308953,9.894813,6
1527,国人挺能忍的，这要是毛子绝对打它,Racism,2.5366862,11.274914,4
6648,图片里这垃圾吧，害我在里面签到了3级，浪费我辣么多的时间，祝吧里的基佬们早生贵滋！,others,0.6380886,8.133787,0
1747,如今法兰西早就是第二个南非而以后美国将是第三个而第四个必定是我过,others,4.665414,8.959091,4
4048,喜欢搞地域黑的三大区域，长三角三省市，珠三角，西部某都,Region,6.3781204,9.936552,6
5734,还有现在连某些央视都有嘿人节目，甚至嘿人评委，看着那血盆大嘴在那一张一张的心里就难受的慌，关键评论里没一个反感他们的。只要是老外，不管来自哪里长得如何，下面都是一股脑儿得说帅。眼瞎了么！但有没有发现东南亚的黄皮老外不在此列，相反是看不起越南缅甸柬埔寨等那旮瘩的老外的，感情它们喜欢的是外种？？？,others,1.2786267,11.410343,1
5792,黑东北的往往想不到他这一黑 就是3个省再加上黑河南、新疆、潮汕好家伙 地域黑是不想祖国960万平方公里完整是吧😓有些人对湾湾都比东北热情😓,Region,6.730315,11.008685,8
3217,女人说：“换了本仙女就不可能找到更好的了”。男人说：“这是编出来给?男心理安慰，好让?男去舔去接盘的”。,Sexism,-0.017169518,8.347808,3
4579,男的社会价值就是比女的高啊除了生孩子女的能做的哪件事男的不能做？且做的比女的好？叔本华讲的还不透吗,Sexism,-2.1587777,7.564609,3
2025,已经完全失去了对中国年轻女性的信任（35以下），反正我现在看任何一个我不是很熟的年轻女的都先贴上两个标签 女拳王 媚黑，就像女的说男的都是潜在强奸犯一样，互相戴帽子呗，两性之间的信任会越来越少，直至完全对立🤔,others,-1.2054507,7.8879724,3
38,肯定不能接受，我想这是男性对自己种族的保护措施吧！如果接受和黑人谈过恋爱的女人，就一定程度上等于接受黑黄混血，要不了几十年炎黄子孙就得灭绝。,others,0.04176134,13.176152,1
6572,男同性恋骗婚形婚骗子宫很常见，二者都是压迫女性的行为。如果见到同性恋我不会去指责，排斥，辱骂，我只会远远的离开不和他们扯上关系,LGBTQ,-3.108967,9.990288,9
7249,田园女权是对真正女权最致命的打击，一旦两性关系坏了新生代男性因田园女权开始草食，那些能力弱一点的女性的噩梦就来了，会被不草食的渣男当消耗品，而这些女性面对外国男性也是弱者，不找男人要自立她们会更加困难，因为她们天生能力有部分本来就是要家庭才能发挥的，这股天生能力不能产生收益又削弱挤占了其它方面能力，女性地位糟糕了生育率也下降，所以真女权要提倡，田园女权真的是灭国之道,Sexism,-1.6710538,7.3983345,3
3635,他们是被国女逼的。,Sexism,-0.3345187,9.84301,4
5030,基佬罪证合集,LGBTQ,-4.274847,11.543849,7
3298,b站那都不叫年轻人，感觉越来越低龄化了，他们甚至没有出过自己所在的地方，却认为自己有很大能力,others,1.0835142,8.144775,4
2954,有小腐沟帮男同宣传得好呗,LGBTQ,-4.1859317,9.054371,0
4429,胡说，黑人各个都是王子，等着继承亿万家产，嫁去非洲就可以享受美好生活了,Racism,0.3951742,12.500913,1
2139,😅我觉得大部分人都是图个新鲜感，甚至有些人网络上说自己支持同性恋，在大街上看到两个大叔搂搂抱抱甩出一句好恶心。😅,LGBTQ,-3.9828389,9.055748,9
635,男性大多都有自知之明，根本不符合“普信”。然而女性月入3000嫌弃男性月入5000很普遍，算不算普信呢？,Sexism,-0.011438865,8.621159,3
914,东北人被河南人睡 不亏,Region,7.162725,10.651941,8
1488,然而黑人就像清道夫，你引进了，赶都赶不走慢慢的，整个鱼塘只剩下清道夫了,Racism,2.793092,12.175662,2
4074,贬低和批评中国大陆是西方国家的日常工作好吧，去看看整个东南亚那里是西方国家的的后花园！,Region,3.3279932,10.755274,4
1976,南大人要真有本事就把东三省独立出来，我们说不定还得好好谢谢他们。,Region,7.3878746,11.892916,4
234,中国男人配不上中国女人,Sexism,-1.3953291,10.432387,3
7606,黑人能有什么好事情？还在引进，作死害百姓,Racism,2.6724448,12.213361,2
5382,你以为苏北人在面对外省的时候态度好吗？不，别人一口一个我们江苏人，欺负别人不清楚苏北苏南的区别，在外面把自己当天龙人,Region,7.004923,8.656011,6
3071,呵呵，这答主气得我想笑。性教育缺失？？？？难道要在学生性知识启蒙教育的时候让他们搞同性恋？？果然帝国主义亡我中华之心不死！,others,-4.0072513,9.263381,9
747,远离嘿，真爱自己,Racism,-0.7638884,8.505167,7
1802,艾滋病 除了母胎里带的 剩下的都不值得同情,others,-2.5987556,12.164222,5
878,找小姐我花钱我是大爷，给女朋友买礼物，花钱当孙子,Sexism,0.5874072,7.447927,0
3026,笑死我了，黑人之所以这么多，还不是因为国家管的不严？中国这么多黑人，你又能保证他们不接触女的？关我们diao事？,Racism,-0.1934041,12.5858,1
2311,搞清因果关系，主要问题还是在幕刃这边，打破她们的外包装现出原形就好了，比如把舔G的女神头发P光光，衣服换成男装，口红脂粉全擦掉，再看她们如何卖钱,Sexism,2.1492715,7.1202903,0
515,性骚扰，好死但我觉得女的也应该加入性骚扰罪名，靠近身边能一拳放倒，免得反过来污蔑他人,Sexism,-2.2602737,9.243953,3
2352,初中一个河南同学，偷东西 偷小卖部的饮料，然后跟我炫耀，当时还有点羡慕但是我也不敢，过后一想这不就是小偷吗，他家也不缺钱开理发店的体育特长生交的训练费都不少也不缺钱，但是就是喜欢偷，毕业以后我就跟他断绝联系了，这是我认识的唯一一个偷东西的人,Region,8.273618,11.052443,6
6316,这些对东北人搞地域歧视的人其实很蠢，早晚搬起石头砸自己脚。,Region,6.762979,11.471,8
3773,肩上的脚丫吧的男同性恋就是脑子长得太简单了像猪头板鱼脑，支持dy的，我看见过他们聊天，说这个无所谓，有人反驳，他们会骂人。逻辑单一，自大的要死,others,-3.951942,9.65316,9
1533,对，陕西的专业黑子，这种东西都有病吧🤔,Region,7.9749613,10.231781,6
3685,泄洪区的安徽人民，有苦难言，总是因为个别人，而受到整体上的歧视！！,Region,7.393461,9.164247,6
1658,抖音评论里说话最脏的地区，随便找个视频，一看便知。,Region,6.6846013,10.455487,6
429,很多黑广东的ip也来自广东🤔,Region,5.5620785,11.055333,6
3637,16楼那母苟双亲私觉？,Sexism,-3.8273218,11.233188,7
6827,众所周知，自然界中越低级越处于食物链下位的生物便越能靠快速且大量的繁殖来维系种族繁洐，所以上图说明了什么？,Racism,2.299181,9.757949,4
5620,女人愿意和她们优秀的非洲老公回非洲我都想捐路费，最怕通过女人黑下来，生窝二代，长大后来一句我是龙的传人，我的妈呀简直头皮都麻了。,others,-0.051897164,12.18284,1
1738,不不不 我们云南人可比黑种好看多了🤔,Racism,3.472588,12.039259,2
7435,挨骂需要“从自身找原因”那转你这么说 2013年余姚大水还有去年新冠爆发初期网上让浙江人滚出中国 是不是浙江人也得需要“反思”啊,Region,6.7806296,9.1831665,6
3115,怕是生活中沒人對她說過這些話，一邊罵街一邊yy,Sexism,1.9774561,7.5413084,0
5090,现在网络上有多少人都宣传自己为男性考虑，会独立思考，结果看到小作文就脑子都不要了。,Sexism,-1.212493,8.0271845,3
1838,人家一句，爱情里就是能分出个高低，就是没有标准，选黑人都不选你，说明你比黑人还差😄直接给你整破防😆,Racism,-0.15570039,13.120913,1
2111,现在超多ip山东，或者自称山东人然后天天在网上骂山东的，贼不理解要是过得不舒服离开就是了，再说山东够包容了山东要是都混不好去哪都混成那逼样。以后在前面加上一句山东人是我爹才能证明他山东人的身份,Region,7.3934474,11.032389,6
5155,湖南由于答主口音有问题逃过一劫，甚幸!🤭🤭,Region,7.4568133,10.7864485,6
702,支持还有推荐这个视频，韩国女权崩塌的魔幻史，真是用魔法打败魔法，时代的魔怔：韩国女权到底有多可怕？,others,-1.3805363,7.439367,3
4208,看了，男拳女拳还真是旗鼓相当。,Sexism,-0.694622,7.3479424,3
7228,内部有敌人，刚好最近在肃清，抓紧把这人肃清一下。,others,2.621629,10.052552,4
3282,我国不禁止种族歧视，没事的，大胆说出来就行！你是不是种族歧视！我们热爱祖国，但是我们讨厌黑人！,Racism,2.7401373,12.9668045,2
3317,欧美反智研究一边去吧，跟当年非罪化如出一辙,Region,3.0234928,10.666297,4
524,反同乃大势所趋,LGBTQ,-5.0767198,10.0348,9
1247,同性恋下地狱就属阴了,LGBTQ,-4.660664,9.526462,9
5969,鸡汤的作者和读者都是女人，不向着女人她们没销量,Sexism,-1.1453903,6.4081087,3
5673,难兄难弟谈不上，东北被黑时，山东一直是主力军，去年疫情期间全国医疗队支援武汉，每个东北医疗队的视频下面全部都是山东人在酸在骂，我觉得吧平时你怎么骂怎么黑都认了，东北医疗队你也不放过，地域黑黑到丧心病狂了,Region,6.851937,11.150669,8
1113,下策囧你打草惊蛇，以后她就会隐藏喜欢黑人的想法，变成一颗诡雷[蹲],others,-0.4130355,12.406751,1
5771,没辙，10个地儿10个人出一个坑货，突然发现有个地儿10个人出2个坑货，那正常人当然对这个地方的人会提高警惕，知乎说不得这个，别讲，讲就是哪里都有好的和坏的！讲就是坏的开除户籍！知乎黑东北就两点，一种就是收了钱写文章带节奏硬黑，另在一种就是确实是底层的东北人在外面的名声不咋地，让其他东北人跟着躺枪😅,Region,6.536657,11.201949,8
6419,看到了那个枯寄吧的回复果然和我说的一样只会无脑谩骂果然txl没有正常人,LGBTQ,0.97510844,8.312175,0
2441,男权最大的错误就是现在就反击了，欲令其亡，先令其狂。大部分舔狗都绝望了才是出手时机，出手太早只会让她们温和的处于优势地位，就像房地产尾大不掉。,Sexism,-0.99807364,7.5156875,3
1839,安徽被黑麻木了，为黑而黑，低调成这样了还要黑,Region,7.4881573,9.072436,6
2344,在中国，你这种烂鲍鱼一般被人叫做普信女⁉,Sexism,0.0042494736,9.570693,4
3663,一口一个不生，怎么不上环啊。,Sexism,-2.295187,8.264027,4
2757,还有，器大活好和有男人味我不赞同。首先器真不一定大，活好是肯定的，毕竟比较原始喜欢乱交。还有男人味，那根本就是野生动物的体味。,Racism,0.52839565,10.884196,0
6021,猿形毕露了兄弟们，大家理解一下，这只狗狗的YD长在了猩猩身上，大家要有怜悯之心，毕竟会说话的动物很难得的，大家每天拿它娱乐娱乐多好,Racism,2.0621517,8.916555,0
2350,关键郭朒没有啊😄,Sexism,0.9830139,9.596927,7
191,先自己调查下好吧，南方系更多好像说的是广东，而且这也是实话，南方系媒体系统性BBC操作还少吗？你一个南方老百姓跟着他们冲锋陷阵啥？大家都是普通老百姓没必要。,Region,6.1203923,10.928989,6
13,不一定……因为很多人会爱屋及乌，讨厌也同理。 比如说提起台湾你能想到周杰伦，偶像剧。提河南99%是井盖儿。。。,Region,7.5186934,10.654154,6
7995,初中都没上过的鬼母牛逼吹的倒是不小，是不是现在人类已经无法满足你了？,Sexism,1.3408442,8.410684,7
1088,但是很多身边的人都遇到过河南骗子，无风不起浪哦，洗不白的。,Region,8.498236,10.449505,6
5170,因为畸形的人只有配上畸形的爱才会觉得正常，并称之为真爱。,LGBTQ,-4.3372874,9.523496,4
7218,还有我们东北呢 被认为素质差 黑社会 😅,Region,6.2136016,11.05387,8
147,坏起来了兄弟们，原来真有荣誉女人,Sexism,-0.3561324,7.3608146,7
5312,做同性恋是病才要上药,LGBTQ,-3.6292953,10.395863,9
837,江西也被黑啊，彩礼就算是吧,Region,7.32637,8.274788,6
565,雇个穷的，得癌症的，去泼她一脸流酸，让她生无所恋,Sexism,-0.7262326,8.688493,4
4361,长沙法院不是母系社会吗。,Sexism,-1.3321493,7.165455,4
5007,对不起，我就是歧视黑人，我还歧视向你这样的媚黑人，去吧，广阔的非洲大草原需要你，我亲爱的劳动力😄,Racism,2.5899582,13.183774,2
3182,然而我举报了，竟然说不足于封吧的地步！继续让她们闹吧！到时候都摆烂了，铁拳就知道后悔,Sexism,0.8564267,8.229464,0
1531,感觉不至于吧同的就一群乌合之众没必要浪费时间精力,LGBTQ,-1.2853658,8.85554,0
1790,中非友谊真的很“好”,Racism,1.629076,12.591919,4
1787,不存在地域歧视，只有穷人歧视。,others,5.0448728,10.362869,2
70,开除女籍，下一位,Sexism,-0.77132535,7.021465,3
6889,我觉得自己长得好不好看更实在，没必要拿一个地区来给自己脸上增光，喜欢说别人丑的，建议自己先照照镜子，你邻居亲戚长得再好看和你又有关系么？人家美国各种各样的人种高矮胖瘦白黑都挺自信的，反倒是东亚人最喜欢整容，其实挺可悲的。,Region,1.2418877,11.4403305,6
5921,舔狗的自我修养，女拳越是猖獗他们越觉得应该抓紧舔，自己卷自己了属于是,Sexism,0.30983227,7.4417815,0
3939,只能说，真是有意思，为什么总有普信男颠倒是非,Sexism,0.07317281,8.688044,0
1391,田園女拳和正常女權的區別就在於前者只會在網上噴垃圾話，後者付諸實踐並證明男性能夠做到的事情女性也可以,Sexism,-1.399716,7.3349457,3
4562,我宁愿当太监也不会找黑人🤔,Racism,1.1140693,13.248034,2
2613,黑人是跪族,Racism,1.9260035,12.049998,2
2988,😓xs国钕谈贡献就要开始弱者表演，享受好处就要平分，分到了还要和默骂无声贡献的郭楠不觉得自己很ex么？,others,0.53966606,9.359738,0
2070,权利地位责任与能力必须匹配，现在女性的生产力以及其占有的生产关系远不及男性，反而追求更大的权利地位，而不想承担责任，,Sexism,-1.9976734,7.861119,3
6834,基佬依然那么怂，昨天被麻了一整天，因为词汇量不及格，所以只能用禁言这招了,LGBTQ,-4.1279516,11.15058,0
3267,如果说外国人通过枪炮瓜分中国，殖民中国，获得巨大好处，那么外国黑人是通过和中国女的结婚繁殖混血黑二代殖民中国，那么他们什么都有了！！！,others,0.07174538,12.303459,1
6685,😭井盖好沉的，根本就不好偷啊😅就这一个黑了多少年了，河南的假和尚可比偷井盖的多多了,Region,8.490052,11.575922,6
4894,现在美国一半的暴动就是黑人惹出来的本来世界上那有什么种族歧视，只不过就是黑人为了掩饰自己的罪恶，故意为之种族歧视是永远不会停下来的。即使社会安定，哪里有黑人的地方，就一定有暴乱因为那些黑人是江山易改本性难移，无论你再怎么尊重黑人，别人心里觉得这是理所应当的，自己犯了错反而指责别人种族歧视。想要别人尊重你，首先要先学会尊重别人。黑人也只不过只会用种族歧视的概念道德绑架你。,Racism,2.69299,12.695703,2
4740,真是搞不懂这种人怎么就那么想当默的配种母狗，活该,others,1.4734783,9.01004,0
5217,你说的强迫认可，是有哪个同性恋逼着你搞基了？恐同们可是经常逼着同性恋结婚呢,LGBTQ,-4.0387816,9.240984,9
6344,寄生虫啥都指望男人也配谈女权和男女平等,Sexism,-1.3688183,6.724791,3
1981,好久没看贴吧，今天一看反同恋吧我还以为是不是进错吧了，沦陷的好快啊,LGBTQ,-4.6721783,10.307536,9
1171,出身就不好，搞人种论？辽宁人都是高人一级呗,Region,6.5550437,11.468071,8
2922,人家真善人自己租个院子养，它这搁楼道里养很难有?,others,1.79986,8.715835,7
7200,东北三省被一同称呼，如果我们把三个省拆分来看就会发现，杀人放火、打架斗殴、洗脚城女性、海南偷菜，全都只是黑龙江而已。,Region,6.668062,11.214201,8
819,我已经举报加爆杀这母钩了,Sexism,1.7290397,7.903767,7
7324,坦率说，如果不是肤色原因，看起来还挺顺眼的。,Racism,1.3869275,12.1770525,4
1673,不止是黑人，白人也不行。,Racism,1.8431013,13.116214,2
2871,优秀天赋的默人打赏默猩猩一发梭子弹,Racism,1.1714846,9.280575,7
4815,黑鬼基因太强，此鬼虽然是黑杂，但看上去跟纯种黑鬼并无太大区别。中国女人的子宫，一旦被黑精灌入，所生的崽几代都是黑杂。,Racism,0.65117097,11.693099,1
197,现在各高校都是艾滋频发区，那个学校留学生多，那个学校艾滋高。前俩年在各大高校免费发放艾滋测试纸，当天发放当天完。然后引起轰动。具体可以去b站看看,others,-2.1309767,12.364429,5
1169,恰恰相反吧 黑安徽最多的就是江苏人,Region,7.5525007,8.961203,6
3944,我以前号还创过同入膏肓，化同为敌，同不聊生几个吧,LGBTQ,-3.9414659,10.122208,0
157,歧视的不是东北这块地方，是一部分东北人吧，我认识一个山东的不喜欢东北的，我还很奇怪山东东北不是一家亲吗,Region,6.7850804,11.17643,8
3492,男性对女性敌意大？微博厕所白叫的吗。除了营销号有几个男的还微博说话。除非什么重大事情的时候才会去微博看看官媒发的东西,Sexism,-1.225562,7.5784736,3
6997,北方人不娘，可是抗日主力是南方人。西北人爱打架，可是当年同治回乱，救他们的是湖南人左宗棠。说什么南方人娘，开国十大元帅9个南方人。南方更发达，所以南方人更文明不爱打架而已，被黑娘。我中学时，学生打架，学校直接开除，哪里会有人以打架为荣,Region,6.1533747,10.854034,8
3913,贵州小偷第一名，这不是地域黑，这是事实,Region,7.3077393,9.975577,6
1263,说起地域黑就不得不提河南省,Region,7.2063603,10.491668,6
6452,我要质问造物主，为什么把蝻人设计得这么贱这么恶心，却把女性设计得如此完美？是因为造物主也讨厌蝻人吗？性别歧视，是不对的,Sexism,-3.0801172,8.430455,3
3497,没关系，嫁给黑人真的不在意，就是不要生活在中国，谁管你嫁给谁，还是娶谁?,others,1.0775182,12.679671,1
3263,五胡乱华的刘渊、石勒、赫连勃勃香港黄秋生这些都是混血儿以及后代。同样司马绍、郑成功也是混血儿为什么区别这么大因为父系是哪里人的缘故,Racism,1.3783205,11.540937,1
4105,你说了这么多，实际上只有河南和东北被黑的最惨，其他都是阶段性的。河南和东北是一直被黑几十年了。,Region,7.0553007,10.596284,8
724,这年头，什么人都能叫直男癌，女拳就是喜欢给人乱贴标签…,Sexism,-1.0777917,8.461144,3
4825,我不纠结你这个真实性。只要是收过正常教育，或者自身条件不错的头脑正常的就不会找黑人。你说的这个 找黑人是一点发现黑人出轨还不放手说明没什么原则还跑到学校门口闹还把这种事情整得人尽皆知。你觉得这种人会是收到良好教育的？头脑整正常的？,Racism,0.015722662,13.133625,1
328,用定时化学武器消灭黑贵人，不留一丝痕迹。,Racism,3.125555,9.179911,7
3865,果然靠近幕刃会变得不幸,Sexism,2.8967426,6.512762,7
944,其实，中华男儿也开始在全世界，娶媳妇了，娶媳妇了,Sexism,-0.039508298,11.240664,4
98,山东一旦被黑就是两性问题😅,others,7.39943,11.458751,3
4614,上海上戏这几年出来的牛逼点的演员基本都是我们东北的占一大半，上海本地那男的真心不行，沪圈这几年上海本地演员能拿的出手的就一孙俪马伊琍胡歌，王自健和金星在上海台节目很火，硬是被曹可凡这个上海土著在背后搞事挤兑走了。,Region,6.292851,9.010692,6
1688,炎黄领地早晚都会轮流被黑，中原，河北，东北，山东，陕西。。。,Region,6.60761,10.291019,6
7408,要改变美国的种族问题，除非让那些奴隶主复活来治治默。,Racism,2.9521022,12.515231,4
3880,你也是基佬，为什么要伤害自己人呢，不怕因果报应吗？,LGBTQ,-3.9561028,11.259775,9
1500,为黑人生产的？低档货?,Racism,2.6342356,12.229877,2
3335,选择性忽视男拳可还行,Sexism,0.8542188,7.4465175,0
270,是的，我是一位专业打击👊同杏恋的职业人士，我每天的工作就是观察👀谁是同杏恋，并且加以记录📝和跟踪，如果出现同杏恋有关的消息我会第一时间冲到现场，对其进行打击👊，打击你们同杏恋就是我生活的全部，我热爱我的工作，如果你们身边有同杏恋请告诉我😡我会狠狠的惩罚他们，谢谢🙏,LGBTQ,-4.037761,9.766376,9
6314,发了个默贴被这个，看不懂反讽的开小号玩意儿攻击了,Racism,0.872784,8.430384,0
7395,对你的高论真心不敢恭维！什么叫优秀的男性拿点彩礼不是问题？20来岁的孩子拿彩礼还不是跟父母要，拿男方父母的钱去保证自己的安全、减轻自己的经济压力，这是不自信也是压榨男方家的表现，还说的那么冠冕堂皇！嫁给黑人就生活压力小，就不用要彩礼，难道他们那里是天堂？被国外男人抛弃，无奈带着孩子就是伟大的母亲？被国内男人抛弃，男人就是渣男，女人就是活该？自己傻怨别人！这都什么逻辑？,others,-0.5594079,12.625063,1
2923,男同没皮没脸要借别人的好脸,LGBTQ,-3.814796,9.569124,9
239,珍爱生命远离幕刃,Sexism,2.8923485,6.5172195,7
6610,圈子太窄了吧，黑人在中国玩过的女人简直不要太多好吗？一堆黑二代😅,others,0.17089659,12.347323,1
4510,打基佬=打hiv,LGBTQ,-3.9044611,11.810701,5
7193,世界终究越来越正常，直佬们做好被强制纠正取向的准备。,LGBTQ,-4.328448,9.729957,4
2284,友爱也是爱，但不过以txl为荣是变态,LGBTQ,-4.270856,9.498411,4
502,和黑种人结婚就是把后代变黑，黄种人白种人和黑种人结婚生下来的都是黑种人，黑种人的基因顽强是有目共睹的，多和黑种人结婚，几百年后整个地球都是黑色的,Racism,1.3142886,11.865639,1
15,比如说到知乎三大美食荒漠，北京人直接承认，还跟着骂，深圳外来人口多，归属感差，也不说什么。唯独杭州人那个跳，你说我们荒漠是因为你吃不起巴拉巴拉😢,Region,7.253029,9.359917,6
1331,那是必然是冬天最冷夏天最热的南方某省啊，卖惨谁也比不过,Region,6.916787,10.977088,8
5189,正三观，先要保命要紧，黑女一般都是乱性的。艾滋病能治好？,others,-1.5954611,12.455291,5
1892,支持天降正义爆杀理客中,others,-0.24025396,7.649466,7
5221,这些形象就是东北人自己给人展示的 然后别人是这种映象了 然后说别人黑🤣,Region,6.7910743,11.436985,8
3488,结了婚的通讯录在当今社会不出瑰的几乎为零,LGBTQ,-2.608122,10.103364,3
5125,嫁非洲人可以，去非洲。我们不需要中非混血。更不需要嘿二代少先队员说我们是祖国的花朵。审美不符，道德情操不符，艾滋病的潜伏期太长，国人很怕当接盘侠。,others,-0.6609631,12.344675,1
306,你妈是买的吧,others,-1.2147824,9.157653,7
1399,女的希望男的什么都顺从自己，又希望男的能让她百依百顺，但又想在百依百顺中让男的顺着自己。就这么矛盾。,Sexism,-1.5887792,8.3765545,3
2096,豫東 皖西北 蘇北 魯西南 史上稱呼 黃泛區,Region,6.703096,10.107895,6
164,幕刃讲的不是汉语是亩语,Sexism,2.580184,6.908756,7
3518,默错过了没有奸到，恼羞成怒,Racism,1.0681942,9.475547,7
5732,最好不要瞎说，B站的孝子是最狠的，搞不好我们吧又被炸了的。,others,1.0285753,8.48168,0
2661,你是自卑没有自信还是有艾不能见人吗？看看某基佬也不会蒙面穿衣服发照了,others,-0.46382916,8.813923,0
7504,艾呀，梅事的😂,others,-2.5026546,11.507092,7
352,“不仇女未必能让女拳消失，但是仇女一定不能让女拳消失，甚至会反向壮大女拳”中华大地压迫了女性几千年，也没有出现过女拳这种物种，可见女拳也不是仇女壮大出来的，而是平权放任出来的,Sexism,-1.2770922,7.560842,3
163,直佬日常迫害正常人,LGBTQ,-4.550712,11.217744,7
3054,这娇情的小人，楼主不想理你，删你大号小号的贴是符合规则的，从他以前发贴抱怨求分享的吧友，估计是幼稚小藓女，我看就是巨婴心理，所以他的大号小号连续被拒绝了，明摆的是她的舔狗,Sexism,0.8278701,8.416038,0
4686,我只讨厌某宗教民族，其他的民族都很好,others,1.4836017,13.175276,2
4703,这女的绝对不无辜！,Sexism,-0.49971005,8.463622,3
1993,在哪也比国内好得多，前提你自己要行，自己不行在哪儿都不行,Region,-0.15245812,10.976677,6
4226,上海人是超级排外，不是黑，越老越排外。,Region,5.6436696,8.851566,6
2658,陕西没有存在感，一边凉快去,Region,7.6489778,10.115365,6
4052,我一东北人从来不黑安徽反而同情。不过你们的富邻居们肯定要黑的。毕竟和东北一个地位，不压榨一下怎么行。,Region,7.579188,8.980832,6
5044,差不多得了啊，你们东北人出了名的自卑。张学良都能吹成民族英雄??,Region,6.4233055,11.280865,8
5993,大批直男被邪恶的基佬勾引失足建议立即将他们绞杀！,LGBTQ,-4.3851385,11.409621,7
1586,汉奸最多的不是南方么？什么汪精卫啥的,Region,4.9577436,10.704225,6
7037,愛死你了妹子，不管對錯，我全都服從你，你叫我往東，絕不去西，不然我就不是個男人,Sexism,0.0069295643,9.073553,0
5612,我来说一点，你可能不知道的吧，觉得男同恶心的男性通常都是仇男的，这样的男性不仅觉得男同恶心，同时也把其他直男都当成敌人，其实内心里就是想其他男性都死光，然后他们能占有所有女性……,others,-3.6429093,9.003428,9
5449,我没那么高尚，你炮轰我一个人我就花钱买他全家信息，然后我上新闻，他全家下户口🍉,others,0.95058554,9.844916,0
6256,还是缺物质的女人太多。,Sexism,-1.5952847,7.645461,3
2965,这个世界上有的人认为男人离婚了还是抢手货，女人离婚了就掉价,Sexism,-1.4971522,9.52694,3
1794,江南男人尖酸刻薄的样子一眼就能看出来，有人回一句就拉黑跑路，哈哈哈,Region,0.87379235,8.094977,0
5135,作为一个土生外长的河南人，以前也一直是恨铁不成钢，和外面的人打交道从来小心翼翼，生怕给故乡招了黑，但到后来慢慢才发现，各种迹象表明，地域黑是西方资本控制的国内某些媒体，刻意营造出来的从内部分裂、瓦解民族认同感的舆论战争！（结合当下的国际形势，以及曝光出来的一些类似案例，请自行脑补）,others,8.072964,10.790605,6
4384,谁能证明那个机器的疼痛等级就是生孩子的疼痛等级?没准那机器比生孩子疼十倍百倍呢？让女的上去体验一下，看看她们能挺几分钟，会不会比男的挺的时间长[你懂的]还有不同女人感觉不同，有的睡着觉就把孩子生了下来。,Sexism,-2.5446606,7.239448,3
1061,这一波是钓了大鱼看看她们自己这些话，直接还给他们不是爆炸?属实是没脑子，应该故意装一波这样才可以继续道德制高点贬低别人呀。,Sexism,-0.025288636,8.270787,0
981,😆奇趣蛋还是滚来滚去比较好,Sexism,0.53862935,8.710667,7
6564,可以让跪虫族好好看看它们虫爹在面对人类精英足球队根本就没有赢可能性,Racism,2.6689332,9.309793,7
5498,你让我抱个黑娃说这是我外甥，我没这个脸,Racism,1.3850732,11.922972,2
713,男的多事，让这个女的被骗个精光不好吗，惹得一身骚,Sexism,-0.9431717,9.156292,3
156,上小网站看看视频。黑男黄女一大堆，铺天盖地。但是黄男黑女你能找到吗！你喜欢玩人猿泰山是你的事！别扯那么远好吗！,others,0.01768112,12.549661,1
5583,就好比小仙女总觉得自己应该被舔、自信的仙女最美丽，自信的男人普信男。总觉得龟男如果不要自己就再也找不到更好的,Sexism,0.29439297,6.996734,0
411,远离黑鬼，,Racism,2.7875478,12.263749,2
1482,你是女权吧派过来搞事的吧？作为一个成熟的男人别那么幼稚好吗,Sexism,-0.6477956,7.713555,3
6881,谁会觉得非洲黑人高人一等？中国女孩找非洲黑人做男朋友的原因不用分析，都是成年人难道她们不知道非洲人艾滋病携带者比例有多高？难道她们不知道非洲男朋友找她们只是为了排解寂寞？难道她们不知道即使跟她们结婚是为了拿居住权？她们很清楚。看看那些找非洲男朋友的女孩有几个是被中国男孩看上眼的，人家也有情感和生理上的需求好吗。至于那些所谓被骗p，染病，单亲女孩来说，大家看到几个来控诉的？没违法没道德败坏的何来批判之说。别拿黑人前男友感染艾滋病又传染给中国丈夫和孩子的例子说事儿，那种愚蠢的男女还是很少的。欧洲有些国家的女性倒是不鸟这些黑人和中东移民、难民结果这些国家被qj的女性直线上升。弄得当地ZF各种宣传教他们怎么跟当地女孩发生性关系。说到中国女孩找非洲男朋友为其他女同胞挡了多少伤害。所以批判是不存在的最好防护措施就好了。,Racism,-0.8044322,12.376614,1
409,你们基佬要觉得你们基佬是有素质教养，你们基佬就应该阻止某个基佬让基佬们丢脸的事情否则就是同流合污,LGBTQ,-4.0541797,10.342466,9
5994,对黑人无感，不是我喜欢的颜，白净的不香吗,Racism,1.261588,12.324812,1
259,龟仙人只会舔,Sexism,0.5402898,6.70736,7
577,你说对了，我就是歧视黑皮啊✌️,Racism,2.267845,13.465467,2
3474,成都吴施蒙事件自己去搜搜，又是新时代女性干的好事?,Sexism,-0.6352917,11.670888,3
7926,南方互相之间地域黑这么厉害，我都不好意思说，还全国公投你寄吧谁啊,Region,5.757991,10.299428,6
1876,🤭在自己家乡说方言算排外，当然咯，谁让这座城市没有外地人就不行呢？看看自己老龄化成什么样了，有本事自己维持啊,Region,5.6477714,9.175884,6
3421,"""非洲人口最多的6个国家(尼日利亚,埃塞俄比亚,乌干达,民主刚果共和国,坦桑尼亚,尼日尔)将会有总人口94.5亿..平均每个国家拥有15.8亿人口网站是:依非洲黑人的繁殖力，迟早把非洲挤爆，然后他们就到处扩张......大家拼命计划生育，为非洲黑人腾出生存空间。为了非洲黑人的幸福和生产，大家都少生孩子，腾出宝贵的生存空间让给非洲黑人。让非洲黑人给中国人改良种族。你我少生一个，未来就可以腾出安置3个非洲黑人的生存空间，让非洲黑人移民在我中华大地享受现代文明""",Racism,1.9244057,12.537854,2
4508,男人冲过来，我一个滑铲从他身下滑过。并用刀子把他肚子划开。内脏掉一地。或者直接原地后仰，把手里的长棍尖头朝上抵住地面，男人飞扑直接落地戳死,Sexism,-1.8672065,9.162251,0
3573,下次女拳骂你不尊重女性，你就回她，「该尊重的女性我就会尊重」!!,Sexism,-0.75272965,8.007085,3
1716,地域黑就是明明视频里的人的口音就不是河南的，新闻标题非要扣到河南头上😭见过太多次了,Region,7.896263,10.839028,6
233,我们没有义务要从一堆坏豆子里甄选那百分之一的良豆，更没有必要为了这百分之一的良豆而放任那百分之九十九的坏豆子烂豆子在我们地上肆意疯长，扰乱秩序，挤占我们的生存空间。,Racism,0.10676788,9.644579,4
1208,上海那边也黑河南，蜜汁优越。。,Region,7.192635,9.783665,6
475,我觉得还行啊 黑妹有些挺漂亮的 皮肤好 靠欧洲地区 那边也挺接近黄种人的 反正玩玩就行了 大不了不要了 国内再来一个 👍️👍️,others,0.35967407,12.389038,1
3253,中国传统文化就是婚嫁随男方，女性不属于原生家庭，加上一些重男轻女的传统文化，所以对家族很难有归属感，别怪谁。我对我爸村里整个家族没归属感，对我的姓没归属感，家里一切都是我哥的，我没结婚的时候就不是我家了，回去就是做客，还要自己干活，走礼走最重礼的客人。我妈死了我不能去坟里上坟的。我老家和我老公家相差千里，我也不熟，但是以后会去我老公那边养老，我老家的地房都是我哥的，我在老家没有容身之处。网友会说我这种没有领地意识吗？怪谁呢？,Sexism,5.5475826,9.520346,3
3498,那应该去日本生活了吧，可嫁内个的却喜欢赖在中国，这就是差距,others,-0.17560223,10.944224,1
3077,笑死 黑上海都变成政治正确了 怎么就稍作讨论了？,Region,6.065112,8.661996,6
6158,喷神，你这是在歧视女性，号不想要了🙂,Sexism,-0.47164997,7.889667,3
6394,国男和我说话！完了，我不干净了！,Sexism,-3.2947342,8.586429,4
4492,那些重口味人的菜让我没食欲比如印度泰国非洲。。之类,Region,0.80499935,11.433578,0
5250,欧盟在边境重兵看守。终于知道难民的危害,others,2.9583712,11.896648,4
2852,以后这么跟别人说:讲个笑话，二本女生值100w,Sexism,-0.6878597,9.086762,0
2562,不过我没想到相亲遇到的那么多都是劣质资源。你也没必要花那么多钱买那帮澜裤裆,Sexism,-0.8790051,9.792652,0
6802,👍️可能我也不是厌恶同性恋，而是厌恶那些跟风的同还有喜欢直的同，还有传播同性恋的同,LGBTQ,-3.975217,9.029874,9
5482,我就是南方人 我就揍过英国佬😠,Region,5.5873404,11.494688,4
6711,看到都在喷幕刃我就放心了,Sexism,2.88202,6.5329714,7
1770,杀了这头母狗,Sexism,2.1071997,7.8346233,7
2221,你是河南人被人偷了手机不假，但偷你手机的人说不定就是你老乡，要不你们那里怎么会有：老乡见老乡·背后捅一刀这个梗，在别的地方如长三角珠三角这样的梗就绝对不会出现。,Region,8.342266,11.1289015,6
3839,你们江北不也说安徽，江西。只准你们讲别人，别人说你们就成地域黑,Region,7.2045107,8.714032,6
888,女人本质更阴脸，男人本质更冲动,Sexism,-2.1708977,8.008858,3
7358,男人有理想，敢于面对现实，说他不知几斤几两。男人没理想，又说他没有志气，这样的男人没有用。请问女人自己除了子宫，还有什么用啊。,Sexism,-2.2557528,7.4498854,3
5399,支持，同性恋是不正常的，应该纠正他们的取向,LGBTQ,-4.575129,9.641159,9
1090,厉害了，慕🐶,Sexism,1.3221859,8.331772,7
6930,东北就类似于美国的新泽西州吧东北是中国长子，新泽西州是美国建国前成立的第一个州。结果天天被黑,Region,6.8690214,10.828042,8
4663,这种龟男是真的可怕，离婚抢不到孩子就净身出户，要是搁了我怎么也要扛到浦乳期过了吧孩子抢过来要是抢不到孩子房车一个我都不会给他，什么狗屁父母逼的，父母叫你去死你是不是也要去死，这样在女方家庭长大的孩子想都能知道在每日挑唆下会对男方有多大的恨意，这男的以后结局就是一个人死在出租屋里了把，奉劝广大龟男多学习女人，遇事多想想自己，不要整天就是为家庭为孩子当一个atm，整天就是大度，好男不和女斗，一位忍让只会让幕刃更加猖獗婚恋市场更加不平衡，有一说一，她男闺蜜这种龟男毫不值得同情，对这种人现在的下场我只会说一句好死,Sexism,-1.5938032,9.184019,3
7034,完全赞同，会地域歧视的人要么是loser，要么是带着指标的，只有这两种情况。,Region,5.2606726,10.066312,6
3835,你说的应该是那个货极其跪舔虫类那货看过它所谓言论完全就是典型断章取义,Racism,2.624828,9.162074,0
4918,基生唯一一份奖状,LGBTQ,-3.7965264,11.556865,7
6501,别黑河南了 黑我吧 只要大家开心 全世界的井盖都是我一个刚成年的河南小妮偷的👍️👍️👍️👍️👍️,Region,8.497209,11.567595,6
5576,其实大街上偶尔看到黑人白人都很正常，但主要黑黄混血，看到了就觉得恶心，不伦不类的😷,Racism,1.2168349,11.875039,2
665,其实你会发现，素质最差被黑的最厉害的，往往在南北交界处，苏北，安徽，河南等,Region,6.055629,9.92302,6
3233,你这是打拳吗？不是，你这是在追求男女平等。,Sexism,-1.1401705,7.445544,3
3674,所以说正因为国际鬼子虫类及其它们后代虫混从它们再地球诞生到现在根本就没有什么文明而且它们这种自卑性是发自骨髓基因绝对自卑所以在面对人类任何文明时就是盗窃与抢劫说白了国际鬼子虫类及其它们后代虫混这已经构成盗取人类文明罪,Racism,2.9920647,9.419486,4
5901,其实没必要歧视，只要跟黑男换国籍就行了,Racism,1.1281292,12.812594,1
1609,汶川地震一样被黑也是一样的话甚至更甚，地域黑这种东西一代一代的,Region,5.617683,10.21272,6
1618,老阿三了😅,Region,1.66492,10.497208,7
6709,炫耀找黑媳妇的都基本上没见过什么世面，我想想咱们大部分中国男人的眼光,others,0.040047124,12.247371,1
7783,那可不，咱现在都已经不是人，成野猪皮了😓,others,4.178575,12.793857,4
4826,嘿蛆族永远都是J生虫,Racism,3.3036034,8.611355,7
1891,我评论长沙女拳之都就破防了，你说你咋那么怂，怕我看见你是大肥🐷吗？都是现实里没人看得上,others,-0.3531295,7.880669,0
5956,确实如此 宁要小姐从良，不要媚外ez,others,-0.26880762,10.579904,4
3607,对，团结起来，赶走黑人。👍️,Racism,2.8765934,12.280885,2
4613,不能，想让男人装上子宫，做梦,Sexism,-2.7721593,7.1595635,3
5191,节奏营销号和无脑女粉的大型双标翻车打脸现场,others,-0.25980815,7.6718135,0
2048,黑人是外来物种，应该回到非洲去，因为本来就生长在非洲，从哪里来回哪里去！！！,Racism,2.0234942,12.48036,2
7405,区别就是他们有艾滋，我们没有,others,-2.0402253,12.287891,5
6033,国女来了😆,Sexism,-0.20264663,9.839749,7
5333,也就汉族人不能多生，其他少数民族一样有多生几个的特权。近几年说一千万以上的少数民族跟汉族一样了，结果二胎三胎又放开了。说白了，计划生育就是不让汉族生孩子。,others,1.4906602,12.477606,6
2540,那是福建的，偷渡诈骗大省了，国外那些杀猪盘都是福建人搞得,Region,8.394854,8.877167,6
5662,这肥猪幕刃，怎么从屠宰场跑出来了,Sexism,2.8991082,6.5212746,7
3461,这帖子妙啊！找黑黑的，jn都不接的客你接了！???,Racism,1.0887108,8.796048,0
7233,你们同性恋是说不过异性恋说不过这个现实世界。同性相斥，异性相吸才是正常是永恒不变的真理。,LGBTQ,-4.0070095,9.651627,9
2287,一群母狗什么事做不出来,Sexism,2.101874,7.9037423,7
4210,hhhh百分之99的男童都挺不正常 集齐了所有缺点 我就是那百分之一 我也是男童 没遇到我 有空可以和我聊聊 可以多多少少颠覆你认知,LGBTQ,-4.2011795,9.096408,0
1963,引入黑人，只会引发黑命贵运动，引起激烈的种族冲突。犹太人凯乐奇计划就是要中国引入其他种族，制造新的种族，灭绝中华民族、中华文化。,Racism,2.5002952,11.359989,2
1634,默这种东西还是在自己的虫穴待着好，别来中国传播艾滋梅毒。希望中国也多点肖万这样的英雄，少一点努力大姐这种默的舔🐶xing奴。要舔你腻哥跌的黑棒就gun去非洲，最好被一群默轮女干感染ai资分尸吃掉,others,-1.0380908,11.943042,0
3120,朒说明钕人只剩下肉了,Sexism,1.5203106,8.906149,4
4879,都什么年代了，还有人认为落后的地方很容易发大财。这种地方发财的一般都是拿命拼的干的非法勾当。,others,6.620943,10.331163,6
4991,富人那么舔的么,Sexism,-0.7330868,9.659757,0
3838,少部分的同性恋不变态，大部分的比较变态🤣,LGBTQ,-4.2233605,9.615131,9
1177,高中沐勾可不少，我学校就有好多,Sexism,1.1135244,7.475122,4
3149,四年级的时候我就问过我妈为啥男女平等还会有女士优先这句话出现[表情]四年级的幼年拳皇差点被班主任扼杀在摇篮[表情]不过我挺住了现在依旧站在打拳第一线！,Sexism,-0.5947038,8.030448,3
2744,可能不过多久，就又会有收小丨唇手术或漂白水漂白肤色之类的产品上市了。女人生意真的好做。,Sexism,0.93368715,12.100862,3
3987,快进到学韩国男人摆烂,Region,-0.35615674,9.636214,7
3413,上海北京被黑和别的地方有本质不同，这两个地方被黑主要在于这两个地方对其他地方自然不自然的优越感甚至歧视，别人黑它只是一种反弹,Region,6.0373416,8.873743,6
7516,去求吧，就像几兄弟总得有个垫背的。大家都黑你，自己做点坏事也扣你头上，反正你都这么黑了，继续背锅吧。时间久了大家都让你背锅，你再也反抗不了了，久而久之外界认为你就是坏蛋远离你。就是这样,Region,3.6483746,10.585563,0
1965,穆加贝这个恶魔有什么理由说我们，看看他干的那些事,others,2.6776602,11.523673,4
419,黑人自己放弃了自己，怨不得别人。,Racism,2.1170297,12.63343,2
7515,果然河北最没有存在感,Region,7.1791205,10.109546,6
1782,我在这里骂txl没码，各位没有意见吧！,LGBTQ,-4.1729984,7.8294225,0
4166,让我想到了清道夫。就是传说中吃屎的那个,others,2.0127287,9.634932,7
7497,这个我还真不知道，但是有那种基因的人挺矛盾的，他既能繁衍又不想繁衍，最有趣的是，这种人的基因竟然还能世代流传直到现在，说明还有很多这样的人没被掰弯，细思极恐。,LGBTQ,-2.9358864,9.481819,9
4424,基佬真不是一般的恶心。,LGBTQ,-4.2441497,11.29731,7
2379,扔辽宁菜的时候可不是这么可怜巴巴的。新鲜菜冷运进上海就坏了，看来是大上海的水土养菜，到地方就坏。,Region,6.0342016,8.967093,6
4284,这就是蝈籹的丑态,Sexism,2.7477698,7.8639812,7
4983,在中国，进入初中后，学业会立即加重，所学内容也会比小学难上很多，黑小子极有可能初中会就辍学，成为街溜子预备队。加上到了十多岁孩子性意识萌发，就会开始骚扰异性。。。然后发生什么，大家想想也能猜到。,Racism,1.3410101,10.668347,2
842,b站都变味哈样了，女✊一路打到这，看番软件没好番，天天打✊，还有就这种打拳学历能高？太瞧不起博士了吧,Sexism,1.0206373,7.933459,0
4413,你可以去哔哩哔哩搜一下非洲媳妇有关的视频，真的有，底下评论还有不少男人觉得很好，不要彩礼又能干😅😅😅,others,-0.36441308,12.375719,1
7051,不奇怪，只有这种人设才配得上国铝，国铝都觉得自己配得上这种人，不上当才怪了,Sexism,2.3262138,7.4479027,0
5990,母狗是这样的,Sexism,2.0627518,7.84482,7
5760,因为后门脏恐艾,others,-2.397475,12.076423,5
2994,我的意思是为什么大家不骂黑人，不骂那些为了钱去找黑人的女的，而是要骂所以女的？难不成天底下下所有人都喜欢黑人？在座的各位的妈妈也喜欢黑人？哈哈哈，搞笑,others,0.041253563,13.0444565,1
6352,重点是那些喜欢黑的自己为什么不美黑，其实仔细分析她们喜欢上的玩意就会发现长的像一种动物，大黑狗。也就是他们那些人不是真正人类间相互爱慕而是他们把对方当成了宠物的一种爱欲。,others,0.7009221,11.872227,1
1420,你们的教授三观还是蛮正的，不像某些推崇非洲文化的叫兽,Region,1.7862676,12.508021,2
2377,国男睡过外国女人不也得意洋洋，国内也有例子。一天到晚日本女人贤惠，印度女人给嫁妆，美国女人随夫姓，穆斯林女人贞洁，俄罗斯乌克兰女人漂亮，非洲女人身材好，论起崇洋媚外男人不比女人差。,Sexism,-0.7597397,10.722247,1
6871,手机上有豆瓣soul陌陌的必女权，要彩礼还不随嫁妆的必女权，公务员十个有九个女权，没正经工作还喜欢打扮得花里胡哨的十个有二十个女权,Sexism,-1.4512472,7.088568,3
5182,如果真的是男的，则废物测试没通过,Sexism,-1.0122492,8.431014,0
961,黑蛆也吃蛆,Racism,3.4786634,8.739015,7
7509,这个 口音太重了确实很容易区分 所以福建被黑我觉得挺正常的😅,Region,8.113347,8.930203,6
7372,女人因为生理因素比男人劣等，什么时候她们才能接受这一点看看残酷的现实吧,Sexism,-1.7935551,7.314933,3
2052,其实我本来不是很反感同性恋，把它当做很普通的事对待，毕竟人人都有追求自由和向往爱情的权利嘛，但到后来我发现我必须随着时代必须说我支持同性恋，否则就会被骂。天天身边把同性恋当做潮流就有点反感了,LGBTQ,-4.0941014,9.134867,9
2356,微博女厕所不是很正常吗,Sexism,-0.18887943,6.840542,3
2002,你们这些从心理到生理都变态点玩意儿有资格说患者，真是恶心呀，你们自己搞搞就算了，还要骚扰身边的人甚至未成年，你们这些变态不灭何来太平,LGBTQ,-3.5738423,9.609044,9
3694,蚌埠住了 塘沽是穷山恶水😆,Region,7.4716744,8.948682,6
7131,对 那种感觉是个人……大部分纯黑卷毛的 感觉跟没开化似的😅,Racism,1.0184952,12.239225,2
5031,哈，你意思发达国家的黑也是缺少教育？还有他们教育的代价凭什么要我们去付？我们欠他的？,Racism,2.1714308,11.900221,2
2898,同性恋只会害了下一代,LGBTQ,-4.0153923,9.741467,9
5122,黑人重大发明《爸爸去哪儿》,Racism,2.2244947,12.248702,2
4541,小姐姐如果不胖的话还是挺瘦的,Sexism,-0.5446254,8.418609,0
5502,飞周只会万简单的乐器，稍微复杂一点的玩不来。人家要花很久时间才能学会，飞周人没有勤奋的心，水平很低,Region,2.8120832,9.3668785,0
1211,阳光彩虹小黑马摘完棉花吃西瓜,Racism,1.2167066,11.161927,7
100,水文是水文，我又不是没把国内女权的德行放出来。你也不用来扣帽子。😆,others,-1.3754008,7.1138177,3
6527,只有以自己血统和文化为傲的人才会有歧视。那些喊着不歧视的人其实没有自我认同,Racism,2.7561333,13.217453,2
1696,好美的一出婊戏，闹事闹到985大学真是笑掉大牙不知道这位🐷精是哪个技校出身啊,others,0.065584145,12.435698,0
1795,歧视了又咋滴？甚至希望他们能被德国落榜美术生同等手段对待,Racism,2.7881322,13.574716,2
950,知乎早就失守了，仲裁官几乎被女拳占领了,Sexism,-0.78701526,7.5184617,3
6539,浙江人在全世界被歧视 集体驱逐不是新闻，只是国内不报道,Region,6.793983,9.620641,6
165,可怕的是、明明两个上海人在公司用上海话聊天、会被其他人举报说这两个人在偷偷骂他。,Region,5.964525,8.992154,6
4877,不反对她们找黑人，但是结婚以后一定要和老公孩子待在非洲不要回来。,others,0.60132515,12.4215,1
2895,地域黑最惨的真轮不到天津🤔,Region,6.7808814,10.034809,6
3502,异性恋一样有骗婚，一样有仇女，直男的大男子主义盛行更导致女性地位下降??,Sexism,-2.987659,9.9343815,9
190,支持支持支持，女拳成了全女社区，更支持,Sexism,-0.6656937,7.4079647,3
308,因为东北人没他们老家人那么狭隘，当年东北人三线建设全国，现在也是。在东北人的眼里，不管在哪都是在建设中国，只有他们那边人才喜欢搞地域、搞歧视、搞分裂。,Region,6.7630057,11.140707,8
6877,我裂开了，🤣🤣🤣，都2022年了还有地域歧视还在这无脑黑，生为河南人感到难过，生为中国人感到悲哀,Region,8.10094,10.797052,6
1932,我也不是黑你，安徽这个地方存在感不高啊,Region,7.4979005,8.937463,6
1529,黑性旺盛，完全不讲道义，坏人一个,Racism,2.075579,10.94891,2
1708,因为古代封建地主和官~员的嘴脸，比外国人还要丑陋…,others,3.0731945,10.800432,6
1436,致敬，警察叔叔，但要小心艾滋,others,-2.6057992,12.237814,5
6517,这个才是真相啊。我这里有个和印度人结婚的女的，上海的，以前的圈子里慢慢就没有她了，后来华人圈子里也没有她了。,others,-0.71003383,11.761554,1
6963,东北佬真不错，我爷爷抗日的时候 你们东北在干嘛，直接投降是吧,Region,6.367786,11.289132,8
7023,是hei人的默,Racism,0.86876947,9.662619,7
4786,小仙女上辈子这么过来的,Sexism,0.33874828,7.636421,7
103,女的啊，那没事了,Sexism,-2.057605,11.328683,3
1957,是的，现在上海的一些媒体人也是喜欢黑安徽。一天不被黑反而不习惯了,Region,7.5815277,8.970706,6
6130,打拳的都是底层的蛆罢了，被上面的人当猪宰，还主动替主子说话，但凡有点脑子的根本不会去打拳,Sexism,1.1970054,7.975609,0
1996,未来世界主流就是潳嘿！只要种群铁律恒定，痛苦总量不变，人形畜狌的本能还在释放，人类没有四觉，那就一定会桖洗嘿枸。,Racism,2.2485397,9.566681,0
975,小红书上面的女的，基本一个比一个丑。全是p图到极致那种。我半眼就知道假。,Sexism,-0.08910381,6.6474066,0
545,挺你，默只要不来中国，就是好默,Racism,1.0370227,10.718034,4
4848,刷个抖音都有傻B女⭕️,Sexism,0.11404473,11.51589,0
4702,记得前些年有个黑杂在抖音拍南京大屠杀纪念日,Racism,0.18928628,11.894062,7
3992,我没说跟黑人女性结婚的中国男性也应该去非洲吗？还是你觉得跟黑人女性结婚的中国男性已经在非洲了不行。得让他们回中国一趟再回去？🤔,others,0.5141255,12.571442,1
2656,看来你在家长的管教下压抑太久了。至少错过了10年的性开发机会。在外国人的调教下，你解锁了各种技能。可喜可贺。只是国男现在仍然比较保守，他们跟你不是一路人。包括你的父亲，你的兄弟。所以你只好把这一段美好的回忆压在心底。我建议。你去日本表演表演。能够获得从经济到精神的双丰收。,others,-3.2135222,9.616056,1
690,黑人都是灾祸的根源、明明就是进化失败的猩猩、这些脑残女都是秀逗了,others,1.9566109,11.311602,7
370,是同又怎么样？？天天歧视同性恋你还很有脸吗？？以多欺少算什么本事？？😆要不把我们杀了吧？？你有这本事吗？,LGBTQ,-4.125649,9.8120165,9
4598,大家都误会了，这不是卖衣服的，这卖的是小黑奴，一万多一个，,Racism,3.0100417,12.066472,2
4065,我在非洲十年。有个别人不负责任，但极少。审美观决定的，愿意冒着艾滋等风险搞黑妞，还是少，一般是劳务队伍，国企有红线，而且传出去是不光彩的。黑人正好相反，搞上中国EZ GIRL恨不得人尽皆知,others,-0.71759886,12.4761305,1
6379,很喜欢东北人，因为热情，东北人扶起跌倒老人的概率，或许是全大陆最高的。和我青梅竹马的妹子是东北人，恩师也是东北人。以前快手爆火的时候，几乎全网批判东北人，我就发现很不对劲，因为这些都和我在现实中所经历的不一样。随着从各地老人的叙述中，了解到到许多书本没有的历史，也逐渐搞懂了很多事。对此产生了许多无奈的思绪，毕竟很多都是不可能公开说的。也是尝试过帮东北人说话，无论是现实中还是网络上，都没有任何作用。导人向善的速度，始终赶不上魔化的速度…………,Region,6.592932,11.171676,8
895,如果说要反对黑人留在中国，必须真实点赞率必须超过4.7亿人，也就是总人口的1/3以上！！！,Racism,2.1711578,11.926152,2
7336,哪天第三次世界大战，或地球毁灭了，一定是舔狗害的。,Sexism,0.78169525,6.925141,0
6890,我就很想问同性恋一句，为什么你们大多数需要腐女来支持同性恋平等而不是你们自己来呢（我承认确实有勇敢的人在站出来发声，但比起腐女来说就太少了）,others,-3.7498858,9.12665,9
3681,河南人不仅黑湖北，还黑陕西,Region,8.266997,10.352836,6
5671,北非和欧洲地中海有联系，人种也混了西亚和南欧的人，中非南非都很荒蛮,Region,1.9973633,12.671701,2
1447,排外也是排你这种人吧？,Region,5.3918858,9.1197405,4
4476,我在外地被黑龙江所谓“老乡”背了多少黑锅？关起门来自己人说说。但是外面人分不清辽宁黑龙江！南方收保护费，打手，是不是黑龙江人最多？还有青岛为什么房子都不爱给东北人？你们黑龙江人干的好事,Region,6.6832895,11.264857,8
6858,这头发真的不会长虱子吗？,Racism,-0.044683732,9.83956,4
7363,上海歧视北京23333,Region,5.777916,8.548426,6
6229,我不歧视黑人，但是我歧视媚黑的人。,others,2.2745419,13.493971,2
1119,韩国把全职太太叫妈虫,Sexism,1.8841774,8.004733,7
2084,这种就是为牢房准备的犯人，从小就能看出他很有暴力倾向智商低喜欢攻击攻击人,others,2.0841684,10.838669,0
5684,廯籹本来就是和蟑螂一样的生物，不奇怪,Sexism,2.4993608,8.5131855,4
4863,木有进化动物这样生存,Racism,1.886803,11.170613,7
3546,蛛女是这样的,Sexism,2.1326141,7.6632085,7
5553,她们不是单纯，是真的蠢,Sexism,-0.87841445,9.043441,4
7028,女权=女拳=汉奸反动派=邪教=敌人✌️✌️❤️❤️,Sexism,-1.3587521,6.8717246,3
1547,阿泼的脸顿时因为怒色而扭曲。,LGBTQ,-0.6978832,8.000359,4
5833,怎么我看到的基本上没有说天津好的，但凡有一个人说也会被喷成是排外，自大，懒惰，喷天津是没有后劲，谁也比不上的垃圾城市,Region,6.3458853,9.70236,6
5066,网络上的东北人是不是有被迫害妄想症啊？天天就是南方所有媒体都针对东北，不然就是各种软件限流东北，收收味行不行。,Region,6.354401,11.1228075,8
6838,真无语，不相信就不相信吧，找你幻想中的外国美妞去🤭,others,-0.80167335,10.478933,1
3878,给她两个艾就一资吧,others,-2.6653228,11.66092,0
5822,😆😆😆大部分谈外国男朋友的都是找的那种在国外考不上好大学才来中国的渣渣，这种别说男人接受不了，我是女的我都接受不了，这智商以后生孩子直接拉低国民素质。你找个品学兼优的是ok的，b站阿福就是中国女婿，留在中国没回德国，一个标准肥宅，经过努力一年瘦了一百多斤😜这种阳光向上的外国人到哪个国家都会受欢迎，不论找哪里的对象，放第一位都是人品。我们要打击劣质外国人，难免要无差别打击正常人，切癌细胞难免带点正常细胞，我留言是希望你别和其他知友吵起来，现在是统一思想的时候。,others,-0.5209357,11.079061,1
3451,我至今忘不掉在网上被人追着问的那几个问题。他问我东北有电吗？东北有超市吗？囧我大概是靠着意念连接的网络吧?,Region,6.6192956,11.299703,8
181,是的，反感和歧视不一样，我反感毁容的人，看着特别恶心，但是我不歧视毁容的人，我觉得他们和正常人都是平等的人,others,-4.0117965,9.057459,9
4076,果然是人才，红毛鬼子婊子都不接,others,1.6678307,10.168474,7
4143,反正基佬不敢实名见人见光，应该送去唐山处理掉,others,-3.9004002,11.148215,0
1156,自己感染hiv还到处想着传染别人，美女她不香吗,others,-2.0517564,11.8272705,5
1945,明明自己没道德以强凌弱还处处欺辱同性恋。脸皮那么厚呢？？😆,LGBTQ,-3.8589413,9.770612,9
3273,我是同 我觉得这些g就是有病觉得,LGBTQ,-3.941592,9.739686,9
825,想想北师大的拳师是什么货色，你就知道下一代已经没有免遭女权规训的希望了。,Sexism,-0.94483703,6.98735,3
2649,坚决抵制中非混血,Racism,1.1304172,12.644004,2
1824,感觉这种女人生出的小孩都脏掉了,Sexism,-0.84378314,9.149591,3
346,哈萨克人更是骗子和小偷啊，，。,Region,8.4099245,9.598806,4
4085,算了算了，你跟这种人是说不明白理的，他们只是想让河南人闭嘴，默默种粮食给他们吃，不能反驳，回怼了就是“你们河南人怎么这么敏感”“你们被黑不是没有原因的”，体谅一下他们吧，他们需要这种卑鄙的歧视来满足他们可悲的优越感。,Region,7.9993253,10.891786,6
1597,女人那么好，牛顿为啥不娶一个？,Sexism,-1.1240584,10.534335,3
118,别说得好像中国男人很负责一样。忽悠自己是最大的傻,Sexism,-0.39988133,9.180991,3
6407,其实同性恋中大多数德行好不好真的是很难说的一个问题，有些确实嘴碎、娘等，但有些也确实只是天生的、想正常生活的，我们所能做的也就是不要乱贴标签，尊重彼此不存恶意好好生活吧,LGBTQ,-4.06402,9.69329,9
1324,本人在今日倡导：华东理工大学毕业的人不要交往，不要说话，不要做生意。倡导用人单位不要聘请有华东理工大学背景的人。倡导各位就华东理工大学尽量绕路走。,others,-0.22893761,10.149759,6
7232,魔都+帝都从人人清北复交，到著名的排外说，再到男人没男子气概，女人跪舔老外，再到小市民精打细算小家子气斤斤计较，我真的不想列举了,Region,5.9807944,8.818149,6
2225,可见上海人比广东人素质高多少😆,Region,5.749807,8.83509,6
2021,你见过有几个国家的女人嫁了人不去男方那里的？嫁出去的你见有人搭理么？还带着生的串儿在中国混谁不讨厌啊,others,-0.43278545,11.098186,1
5702,版本答案籹拳铁拳,Sexism,1.131368,7.4335055,7
6971,你以后把那些辱骂同性恋的东西代入到自己视角里，你就知道大家为啥要喷了。在这点上，大家都是人，谁喜欢被无缘无故地骂。,LGBTQ,-4.1706977,9.34931,9
3336,是的，娶还是嫁，孩子都是混的，都别留最好。,Racism,-0.22271767,11.314446,3
6028,所以说出轨搞出私生子，抛弃私生子的，叫“道德高尚呗”你们可是吹国男道德品质世界第一呢,Sexism,-1.7174729,9.306133,3
1162,江西：入籍韩国,Region,7.2486696,8.419467,4
5227,这叫识时务者为俊杰，因为全国到处是黑人，当然我必须拍黑人的马屁！,Racism,2.797492,12.335561,2
2343,小仙女捅你是看得起你，你看她不嫁给你，外面多少人排着队求捅呢,Sexism,0.20017561,7.487137,0
5369,微博就是女fen坑，也不用。但是影响力还是有的。,Sexism,-0.15349963,6.692786,3
5246,我有过法国前任啊，但是黑人白人的体味确实不是一般人受得了的，所以分了。我们中国男性跟你们不一样，我们受不了半夜被狐臭熏醒的感觉。所以中国男性外娶，九成都是东亚、东南亚的黄色人种。反倒是国女，狐臭对你们来说不是啥问题嘛，毕竟是洋大人对吧。,others,-0.041169852,10.863467,1
5484,春日祭幕刃嗎玩就拉黑，也不知道她幕就是个揉遍器祭♀,Sexism,1.619332,7.6007776,0
6763,苏南浙北还能算闺蜜上海可不能说是闺蜜了，那是爹,Region,6.729603,9.119595,6
6670,谁说只有男的会骗婚的？？,Sexism,-1.6884011,10.049584,3
6892,"""1,本地白人，他们大多数是loser，其中不缺乏富裕家庭，欧美法律父母赡养允许只到18岁，到了18岁允许赶出家门。平时父母工作忙，没有时间管教，加上欧美不允许打骂教育，学校快乐教育的放松，刚踏入社会的他们更容易学坏，更可怕的是欧美对于毐品管控不严，抽麻叶都还是小事，而吸食咳卡茵，海螺音，冰犊，就像是吃饭一样平常。2,黑人，绝大多数醉犯大多数来自贫民窟，十个有九个不知道父亲是谁，教育可想而知，长大以后几乎是监狱的常客。3,中东移民，国土上的石油和在现代战争的他们几乎是牺牲品，从以色列和阿拉伯人的中东战争开始，到现在的利比亚战争，叙利亚战争，无数中东难民涌进欧洲，而经济萧条的欧洲等于是雪上加霜。居民安全可以说是如同虚设。4,吉普赛人，在欧洲流浪千年历史，不喜欢打工。喜欢坑蒙拐骗。在欧洲习惯了别人的施舍。""",others,3.103528,10.990145,1
7282,接下来的语句要求全文背诵，我会抽查的。跟着我念：人工子宫技术已经研发出来了。骨髓干细胞（多功能干细胞）转化实验早就成功了。我国的农村小伙都娶上俄罗斯妹子了。婚介所得男人家的门槛都被踩烂了。所谓的“普信男”其实长的都很帅，因为丑的被她们叫“迪奥s”我不挑食，什么都吃，就是不吃亏。你说吃亏是福，那我就一直让你吃亏，我看看你有什么福。,others,-1.6134884,9.331928,3
6301,艾滋这事儿真的是国内最失败的一次舆论败仗，在早期大家从老港片以及一些西方影片中了解到艾滋，并且知道了艾滋的可怕。后来一通骚操作，现在的年轻人除了深刻的不能歧视艾滋病患者的思维以外，反而许多人却表达出一种对艾滋没有一丝恐惧的情绪，甚至在B站还能看到不断的复制黏贴什么艾滋长期服药传染低寿命长对艾滋的可怕程度不断弱化的言论，我想说你们关注过艾滋病患者的心理负担和对生命社交的绝望吗？不可怕的吗？然后就是取消入境检测。从来不说非洲人这病得病率。这几乎就是性教育的一次倒退，在政治正确和圣母的挟持下的倒退。,others,-1.8964843,12.490169,5
6240,有时候说自己不喜欢同性恋就要被骂，又没碍着他们，非要所有人都举双手双脚支持是不是？是不是连自己的思想自由都没有了？,LGBTQ,-4.3755164,9.219805,9
3642,幼稚！弱势群体拿什么去歧视主流群体？,others,2.8375034,13.57351,4
1153,河南的标签:骗钱，穷，偷井盖,Region,8.443503,11.515475,6
2535,当个txl还光荣起来了，一边喊别歧视，一边四处发情。。你们不到别人的圈子发癫，人家会理你？,LGBTQ,-4.0807757,9.927037,0
6642,法国都成高卢乌鸡了,Region,4.703906,8.751777,4
6607,法国就是前车之鉴,Racism,4.7065644,8.775704,4
4059,韩国邦子还是牛13的。。。君不见在美丽国的韩国人都敢开战，xx之围。🤔,Region,2.6431115,11.397662,4
797,没错就是妓院！不然黑鬼过来干嘛？学习？开什么玩笑！,others,1.3023208,10.423406,0
5151,上去打死这些默,Racism,1.5150746,9.665068,7
2710,东北人巩汉林捏着嗓子黑上海人，后来为了来上海捞钱还给上海人道歉，说当年演的小男人不是上海人。,Region,6.25052,8.931321,8
4558,杨圣母出来恶心全体男性的时候怎么看不到它站出来,Sexism,0.21718076,6.0375376,7
5354,为什么每次出现个厉害点的女的，就会有人说她能秒杀百分之多少多少的男性？那些人就那么喜欢针对男性吗？,Sexism,-1.0129027,7.861593,3
404,舔狗龟男大多十分固执，不愿醒悟，他们其实没有能力当我们的队友。,Sexism,0.4879176,6.7318993,0
4421,所以说这年头男的想结婚不是脑子有病就是脑子进水了，有钱干点啥不好，没钱干点啥不行,Sexism,-1.6585364,8.946854,3
3206,是真的排外，他们只是有礼貌，很多人内心深处还是排外，看不起外地来的人，最开始我刚来上海上学的时候也是觉得上海并不排外，但是和上海人做朋友之后恋爱之后才明白，即是那些上海的成功人士和富贵人家，内心深处还是排外，只是用素养包裹住歧视的内心，真的熟了之后他们就会开始直接说出歧视的话，说完之后加上一句不包括你???,Region,5.639162,9.086311,6
7466,这是一个光荣的事情，请大胆的向你的家人，同学，朋友告知，并且通过微信、微博、抖音宣传，让他们都知道你有个黑色的玩伴！,Racism,4.046379,10.482522,0
2974,又发黑人丑照，滚滚滚,Racism,2.1013184,11.7352705,2
41,这波自杀真亏，为啥没把那个评论区的那几个女权们带走。,Sexism,-1.3058901,7.330361,3
6132,毕竟喊着普信男的大人教出来的哈哈,Sexism,0.22973196,8.720902,0
1468,还有俩男的争一个，当街打架扇嘴巴，当街舔，真恶心,Sexism,-1.4827136,8.402306,0
6016,最多的还是东北，什么口音都甩锅给东北，就像唐山打人，明明没有东北人偏说是东北人。而且这种现象不是一次两次了。,Region,6.6106353,11.160004,8
613,已经拿普信酒砸陌生女大学生了,Sexism,0.15187506,8.690639,0
185,只是发图片要钱，给你们看看这些媚黑女，推特一大堆，国内也有，啥玩意儿,others,0.11164178,11.731495,0
6254,她们才是普信女,Sexism,0.16072968,8.557617,3
3706,为什么要怕被喷，自己怎么想的都怎么说，择偶都有选择权，不能接受就是不能接受，如果我相亲遇到这种，我肯定就会直说：你什么都很好，就是和黑人谈过我不能接受，就这样，拜拜。,Racism,-0.06132532,13.225843,1
5704,这些媚外女极其自私自利到令人发指的地步！看不起国男，喜欢找外国人只要离开中国，没人拦着！但自己浪够了想收心了或被甩了想找国男当接盘侠就不要指望国人同情你、收留你。这是你们自己咎由自取！,others,-0.72853833,10.826037,1
1384,洋人从中国公司赚的越多内心里越反华。,Racism,2.6443903,13.200201,4
2679,是上海，上海暴雨这种条都能上微博热搜，下面高赞评论淹死上海人❤️,Region,6.20813,8.859774,6
424,可是上海被黑的最惨🤔,Region,6.210737,8.736139,6
1616,人造子宫技术己进入适应阶段，距离社会推广将成现实，一个卵子，繁殖后代，女性的价值将被取代。女性的基本价值将得到贬值。一个没有生育权的女性。不如一个你实体娃娃。,Sexism,-2.7278402,7.179554,3
2171,你这个人不是反对地域歧视而是反对自己被歧视，如果你的广西经济但凡好一点你歧视起别人来比谁都严重。,Region,5.315941,10.721843,6
6801,你们异性恋为什么来同性恋吧发反对同性恋的东西,LGBTQ,-4.648575,10.149449,9
6338,"但是，最重要的一点在于，我国男性不能因为女性的堕落而毁掉五千年的文化。我认为在这一点上，我与大多数男性的想法是相同的。我们态度可以用丘吉尔式的态度来回应她们:You ask ""what is our policy? I will say ""to wage the war ，with all our might and all the strebgth the God can give us,to fight against the enemy",Sexism,-1.6615841,7.558023,3
3983,看这个基佬的头像就知道这个怪物不敢说不需要孩子想要孩子了，如果他老年没有孩子会怎样了，可能他会想繁殖恋，他会后悔自己不做正常人。,LGBTQ,-3.4754052,11.015078,0
3236,每一个黑人的居留都是一粒黑色的种子，撒如我华夏大地便如鱼得水，看似微不足道却不可小觑，来势不息连绵不绝10年20年50年后呢？有一天法国那样的人种构成悲剧就会成为锐不可当之势横扫中国这片我们繁衍生息了7000年的古老大地，真如此的悲剧到来后人必会骂今时代的无所作为者姑息纵容者！防范黑人的人种侵入必须像防范洪水猛兽一般的重视甚至要有过之而无不及！蝼蚁之穴溃堤千里不要因其初步的微小而漫不经心无关痛痒！！防微杜渐未雨绸缪绝不姑息！中国这片我们民族繁衍生息的土地绝不能成为黑人特别是非洲黑人向往的人生乐园！！！作者为大！我认同您的观点！大家必须团结起来共同驱逐人形黑猩猩出中国！,Racism,2.1426916,12.525678,2
56,上海人给丈母娘洗内裤🥺🥺老北京通天纹人上人🤭🤭🤭,Region,6.2167306,8.823251,7
2414,🤣🤣有理。主要某些人跪的比老百姓还快还彻底。治不了洋人还治不了你？,Racism,2.7445443,10.845083,4
4040,你不说了嘛，男人是“娶”，女人是“搞”,Sexism,-2.033817,7.884103,3
7080,这是阿娜吗？长得像卖瓜的水果摊老板似的。🔪,Sexism,1.2950246,8.38718,4
5046,你这样说让那些标榜找个外国对象倍有面的人还怎么装b😆,Racism,-0.8219084,10.777039,1
6208,我还真的信，河南那一圈，因为河南黄河被绝口，河南人四面都有逃难，所以，陕西河北山东山西都有黑，现在陕西是主力了，因为两省利益问题，河北和河南口音不仔细注意着，可能分不清，就像我以前一直以为王宝强是我们河南的😅，山西以前也是有钱，现在老实了，山东和河南关系一直说还行吧，现在经济北方老大和老二，安徽关系算是最好，特别是皖北，湖北因为两个省会原因，也是互骂的厉害,Region,7.353437,10.628053,6
1931,都说底层男人娶不到处女，为什么现在底层男人都要求另一半是处？,Sexism,-0.7192154,6.513855,3
1941,最高赞也是一种刻板印象，以偏概全，模仿一下，其实我也可以这么说：男的普遍不爱夸人没有女的那么虚伪,Sexism,-1.473304,8.841453,3
616,赶走黑gou，复兴中华！,Racism,3.4193761,9.592362,2
790,原来大国气度是接盘😄,Sexism,0.11981337,9.337023,7
327,还什么房子将来孩子结婚用，你孩子结婚起码还得将近20年，也不动脑子想想现在房子的质量20年后女人还能看得上吗纯纯就是一个懦弱又自我感动的大**,Sexism,-1.8635802,8.919033,3
985,我本来不厌恶男同，直到看到他们骗婚，妈的，自己结婚，伴郎全自己炮友，结婚前一晚酒店还来一炮的那种，还想让人尊重，笑死,LGBTQ,-3.2397325,9.904563,9
2472,上海人比温州人还排外😂😂👍👍,Region,5.646736,8.880601,6
2606,歪瓜裂枣嫁白男其实真可能，毕竟白男对黄女审美观就是猎奇。不信你看美国选的亚裔美女什么德行就知道了,others,-0.27310666,12.105176,1
5610,到時我們像法國一樣被黑化就你就知錯了，我們就是擔心這個。你還別說，我們思想還真有些血統論,others,1.6781341,11.898899,2
1395,当然是东北啦，整个知乎地域黑大v最多的地方，没有之一,Region,6.754249,10.985884,8
7318,我觉得南京环境方面是不行，我在南京念书，家在常州这边，灰挺多的,Region,6.9591537,8.7046385,6
601,这种龟男必须抵制,Sexism,0.4697309,6.619693,0
4124,中国基数大，自己素质低的国民本来就很多，再引进一个种族炸弹那不是疯了吗,Racism,2.5656517,11.300483,2
4981,山西拉了拉陕西:兄弟，你社(说)要不给他打一顿，拉到黑煤窑里？,Region,7.7898674,10.3022375,6
6867,联合国就是一个分赃机构，有什么好值得吹捧的,others,3.0844939,10.674345,4
3788,这瞎娘们要做历史罪人吗？滚去非洲。这黑还得了便宜卖乖,others,1.1468091,11.712144,2
5667,又不喜欢小黑来国内。,Racism,1.0567392,11.881811,2
3039,如果黑人多了，一定闹分裂了,Racism,2.847413,12.210567,2
4172,得了吧，他们如果分的清两广江浙沪也不至于对着江浙沪开喷南方系了。,Region,6.1990743,10.7804985,6
4503,就是你好好跟他说，他觉得你怕他。你收拾他一顿，他从此对你毕恭毕敬,others,-1.4490347,8.383231,0
4931,这只是普遍存在的世俗眼光的问题。 好比刑满释放人员一辈子遭人诟病一样，你说合理吗？不合理！但是在强大的世俗观念里，这就是合情，这就是正确，这就是无可厚非。 为什么黑人被唾弃鄙夷？很简单，因为世俗的观念就是:人种有高低贵贱之分，而正常人只能人往高处走。🙏🙏🙏,Racism,2.6298757,12.673409,2
5876,1000克的衣服收你邮政平邮50元邮费。还打着新疆就这样的借口恶心你～我在乌鲁木齐，所有快递均可正常收，碰到这种商家怎么办？果断收货打差评，不打出三百字图文并茂的差评都对不起自己。,Region,8.094069,9.518451,6
3845,短视频不少公的黑人跟中国女孩交往的人啊爆出来的新闻也很多啊,others,0.16915177,12.287148,1
5426,作为一个青海人，我想说青海人也会歧视所有外地人，除了甘肃人，我想是因为甘肃方言和青海方言还有生活习惯很像吧，我们一般叫甘肃人“老甘”,Region,7.8005433,10.151195,6
989,你为哪个组织工作？跟默睡过的，你还要她们留在中国，是希望中国男人给默接盘吗？中国男人哪里得罪你了，要遭这份罪。人家女人爱黑人就跟着回非洲呗，你急什么？,others,-1.0882692,11.977483,1
2874,哎 我东北人嫁到唐山 感觉一段时间这个地域歧视都少不了 哎还有问我是不是天天被家暴我真是无语。。。,Region,6.663379,10.812835,8
101,看到你这帖子，确定你就是***媚嘿奴隶了,Racism,0.7899862,9.440577,0
2490,小姐还能跟你坦白？艾呀，梅事啦,others,-2.4082975,11.485747,0
1286,现在批站拳师确实越来越多了，md昨天看个冷门动漫弹幕里都有拳尸恶心人,Sexism,1.174919,7.883712,0
418,男人不过是最开始的“原型机”，上帝做完男人再做女人，本来想做改进版本，增加怀孕的能力。可惜做女性的时候材料严重不够了，所以女性的体型和脑子才比男人缩水一大截，除了怀孕，没有其他长处。,Sexism,-2.392166,7.4174466,3
7109,贴吧的审核要是没有慕刃，我把手机吃下去,Sexism,0.94917935,8.035568,0
3725,你不带上大家一起歧视，想吃独食？,others,2.8451967,13.580543,4
3285,你可真会抬杠。纳粹是剥夺他人生命，侵犯他人权益，同性恋侵犯你啥了？拉黑不送。,LGBTQ,-4.150635,9.818236,9
3765,那么小号来来好好过来看你们国际鬼子虫类及其它们后代虫混的翻身做所谓人类又是怎样面貌,Racism,2.9903755,9.328104,7
380,这种垃圾不值得生气，他会有报应的，现在就身染艾资，想害更多人,others,-2.3795476,11.452551,5
4547,你们同性恋又幻想对方是0，真是饥不择食，也不好好评分1-10,LGBTQ,-4.4678297,9.58857,9
4560,你难道不是？凭什么你的身边就是身边，我的身边就是假的？你怎么证明那些跟小黑交往的女生是我们985的？,Racism,0.1221412,12.485245,0
5223,反同没理也要搅三分，顺什么有反同基因？同性恋是自己的事，你反同是干涉别人的事。你有啥基因只要不涉及别人都可以，但是你有杀人基因暴力基因虐待基因所有对别人造成伤害的就不行,LGBTQ,-3.7590473,9.751152,9
7099,"他下再多都行, 只要不把孩子带回来.",Racism,0.624655,11.461802,4
1759,我可以再说一百遍 知乎上黑江浙沪的少？,Region,6.7430983,9.1057825,6
3040,很多基佬也弯变直跟异性结婚了，每个基佬都跟异性结婚变回正常就没有必要宣传同性恋。没有同性恋出现，世界更美好。基佬反正都一定需要像蚊子一样找异性吸血结婚繁殖所以应该专心治好病传宗接代孝顺父母,LGBTQ,-3.8757825,9.958777,9
1078,普信女真下头,Sexism,0.20723294,8.585037,7
4955,借楼提醒一下男性粉刷墙们。发问题时首先自己立场搞清楚哦，本身就站在男权立场的，是没有资格讨论这些的。包括男性家暴法，毕竟中立男性说了，他们也是男权的受害者，先搞清楚自己的立场再来搞笑。,Sexism,-1.5521826,8.255273,3
5023,我怕性病艾滋病🤔,others,-2.25906,12.151511,5
5296,法国已经遍地都是hei鬼了🤔,others,4.718661,8.73802,4
5871,一句“带孩子的女的不叫女孩，就叫女的”给不知道多少小仙女整破防了呢，嘿嘿嘿,Sexism,-1.0699459,9.202236,3
6547,差评都是女拳反串男的在刷，经典第一句就是“我是男的”,Sexism,-0.8590494,8.120445,0
2838,你怎么骂基佬我也不生气我也不是男的我还有男朋友,LGBTQ,-4.01505,11.1132765,0
6248,这个问题得和社会资源充不充足来配套看，社会资源充足就导致个体女人产生了不需要个体男人的错觉，社会资源不充足（贫困战乱时期）大家都顾着自己呢，谁在乎女人咋样。温饱思淫欲，动保环保女权这类东西的发展，必须建立在一个稳定/处于上升期的社会,Sexism,-2.0393276,7.3529644,3
3514,黑孩一点也不可爱，是小色狼,Racism,1.441079,12.04693,2
4962,看到一些男的动不动就：我是男的，不觉得杨笠在侮辱。这些人真是麻木,Sexism,0.018589554,5.911855,3
5758,到时候一离婚，债都判给你，钱都判给她,Sexism,-1.862509,8.798015,3
4006,黑你们就觉得被骂了，黑河南就觉得只是玩梗🙄 大家都这么嗨的黑河南，那我们井盖手艺都是炎黄传下来的，大家一个祖先，黑呗！,Region,8.411989,11.500426,6
337,这个帖子写的是男朋友顺着它不跟它讲道理哄了它，然后它还不允许人家跟别人诉诉苦了，属实培养奴性,Sexism,1.7208556,8.785129,0
2618,只要她们跟着去非洲一律送祝福,others,0.7188223,12.3129225,7
1825,分娩体验就是女性对男性的道德绑架,Sexism,-2.2780893,7.504735,3
6152,数百年后，一黑色皮肤小孩指着照片对爸爸说“我听说黄色皮肤才是正宗的中国人”，男子听了后笑了笑道:“黑皮肤，卷头发，黑眼睛”才是正宗华夏人，小孩听后，笑了笑道“哦，原来那些黄皮肤才是异种啊，我长大一定要把他们驱赶出我们的国家”，男子会心一笑“好孩子”。😭,Racism,1.4597143,11.785886,2
2147,就最近来说有两个事，lol某主播的前女友发文称其飞黄腾达后抛弃她。我个人的想法是看男方的回应，本来恋爱期间有些东西是说不清的。结果小作文来了，一群人不等男方回应直接定论。如果男方承认了那确实应该锤死，万一有什么反转呢？这次是顺风团，万一下次是逆风呢？,others,-1.3703417,9.026348,0
4033,幕刃已经很可怜了，色情上服务男性，穿暴露会被指点，婚前破了是没贞操，力气小，参政更少，孩子还大部分跟男方姓,Sexism,2.3182483,7.04323,3
3381,你们安徽皖南的都看不上皖北的，真是服气。,Region,7.514368,8.884724,6
2285,正解，她现在跑抖音秀了，真的是够够的，秀恩爱正常，但是说实话她是抖音上秀的最露骨的，就差脱光了直播了，各种隐私都在抖音上说，我要是她妈，打死她了！找个黑人男友就算了，秀恩爱也就算了，穿的漏的跟什么一样也就算了，妈的穿情趣内衣挑逗男朋友还发网上，真的是没脸没皮,others,-0.32851458,12.010195,0
4729,这有什么好讨论的，不怕得艾滋病的接盘就是了,others,-2.545253,12.095976,5
332,像郑若璘和潘庆林和吴宗宪等等等一大批非常多民族豪杰都在反国际鬼子虫类及其它们后代虫混这些入寝社会的入寝者可是这些人在跪虫族眼里基本上都是键盘侠,Racism,2.705019,9.317016,0
1453,为什么心灵鸡汤总是向着女性说话？,Sexism,-1.1678127,6.408537,3
3389,我不认为，小仙女，老仙女能做得来，每天不但要搬重，还要晒太阳，对于小仙女来说，工资还不够买防晒霜,Sexism,0.33622783,9.958747,0
149,评论区更恶心，女权真是吃人不吐骨头！,Sexism,-1.2259296,6.9245787,3
1541,不是北上广被黑的最严重嘛,Region,6.3909698,9.373038,6
486,偷井盖这真不是黑，现在招工还有不要河南人的，河南人太奸，还喜欢报团，坏心思多。东北才是被黑的最惨的，我希望有个东北哥们而不是河南,Region,8.418517,11.5090475,6
4145,现在那个“Freya冯丽”改名“Freya945”，然后他的不像道歉的道歉问下边有个“华夏历史人文”的一个黄V在支持呢，我去看了一下，感觉挺恶心的。,others,0.47479153,8.269988,0
4684,中国并非是伪装成国家的文明，当然，这样理解也可以。你应该说中国是炎黄子孙的国度，会出现这个说法用四个字概括，那就是传承不息，本质是同化能力强，可惜，再怎么强，也同化不了肤色，况且还有客观素质问题，所以无论从哪方面看，黑皮的融合都只会破坏民族凝聚力，破坏社会稳定,Racism,2.26585,12.675621,2
104,国人为什么崇洋媚外？因为我们从小就被这样教育的，外国人比中国人好，比中国人强。而小学女生比男生学习更好，学的更深入。哪里见了外国人不去死贴啊？结果黑人也是外国人，国人都想去做朋友，结果男的被骗钱，女的被艾滋加骗钱。,Racism,2.507715,10.931475,1
5997,哈哈哈，小仙女的事要你们管,Sexism,0.30973932,7.6660233,0
4444,男的不傻！你以为他们是舔，他们其实是故意这样的！有那啥上啊！就只是为了这个罢了！大多数是丑男，缺女人缘！帅的有本事的不需要这样！这是他们唯一获得女性亲睐的机会，能懂了吧！,Sexism,-1.2058171,9.607719,0
3457,男女都多高？现实里见到的矮丑女生对高个子男人都是无条件倒贴的，无论高个子丑男还是高个子黑人,Sexism,-0.49538118,9.907116,1
7021,有一个香喷喷的批,Sexism,0.7013982,7.1441727,7
5444,拳是起软怕硬,Sexism,1.1437166,7.4843,7
2180,罪不至此，女人趴在我们身上我们也要可以无规则杀死,Sexism,-0.43405205,7.35383,7
7475,什么母狗，洗衣机她家的？,Sexism,2.1021385,7.8375063,7
5456,说到底还是资本的坏，为了利益恶意宣传不择手段,others,3.5509217,10.635425,0
7553,txl414哦,LGBTQ,-4.284596,7.7976794,7
2558,我默认找过黑人的女的有艾滋病,others,-1.3637551,12.565964,5
2996,被开除腐籍了？,LGBTQ,-0.7443293,6.934664,4
3085,亲人们，我发现两个好地方，是反女✊的上佳首选。一个是今日头条，一个是百度app，那里影响力更大,Sexism,-0.17001289,6.7112603,3
2825,都弯了180度所以直了,LGBTQ,-3.0154002,9.363759,7
7378,错别字好多啊，这就是世界第一优秀的国女吗？家暴、吸毒、酗酒的黑人，在国女嘴里是wild man。不家暴、不吸毒、不酗酒的中国男人在国女嘴里是xdz、茶壶嘴、金针菇。反正中国男性这么垃圾，你就让我们老老实实“媚外”呗。我们都外娶了，你们就不用接触到我们这些xdz、茶壶嘴、金针菇了。大把大把的wild man等着你们。这不就是国女最想的吗？😆,others,-0.7361877,10.657473,1
817,白人歧视我，我在中国吃香喝辣无所谓；默来了是真的要提高中国犯罪率，到时候城市一片混乱，南非就是下场。,others,2.645209,12.931291,2
4585,广东就别说了，黑河南、黑北方的总部就是广州,Region,5.883219,11.621827,8
6768,很多人都说性别矛盾的本质是阶级矛盾。资本是俗世的王，女权是宗教的王。中世纪国王和教皇究竟谁更厉害？教皇可以加冕国王，国王不能加冕教皇。这就是女权和资本的关系。不是资本利用女权，而是资本家也必须对女权跪伏，否则下场参考俞敏洪。即使你是马云你也是郭楠也得赎罪。比尔盖茨大手一挥十个亿，马云大手一挥一万亿。保护这个性别的权益还是本NATION的最高意志。真不知道郭楠到底哪里错了？为什么另外一个性别那么高贵？虽然我知道换个别的资本家也一样给女权进贡，但是这个人确实不咋地。,Sexism,-1.461885,7.5236034,3
2863,别跟我在这整些有的没得 言论自由 思想自由 你可以是同性恋 我可以觉得同性恋恶心 咱谁也别膈应谁 不用再回我 不想跟你们这类人沟通,LGBTQ,-3.8923483,8.915499,9
2584,玩游戏玩魔怔了的废物傻狗而已。不懂得地球ol才是最真实，拟真度最高的游戏，连虚拟和现实都分不清，自己的人生都经营不好，跟*****的关系真的不大。,others,0.88908184,7.7502933,0
2066,底层女就算不愿嫁底层男，也嫁不了中层男,Sexism,-0.64488506,6.4411416,3
6515,《西瓜汁分尼一半》怎么唱来着,Racism,0.07741354,9.414464,7
7022,地域黑怎么也避免不了，我一个从小从苏南去东北生活的人说是哪儿的都不合适🥺，黑去呗。,Region,6.1108756,10.731609,8
5362,txl去死,LGBTQ,-4.294816,7.764121,7
3355,这绝对是好消息，经过本吧正常人苦口婆心的治疗，性取向异常患者终于意识到性取向疾病的可怕。虽然它还没有彻底被治愈，但很多时候就差最后一步是需要我们正常人助力那么一下下：比如在医院指出他的病因，一针见血揭穿它的性取向。大病还是得下猛药才行。所以说本吧做的是社会两性公益，救治一个病人就是挽救一个无辜的家庭，让一个失足病人回归正常人的社会,LGBTQ,-3.8027408,10.016768,9
1737,凡阳光企及的地方，都不该存在黑蛆的气息,Racism,3.3759434,8.758113,4
3433,我虽然是男生，但是这种血缘和宗亲的疏离感也有过。我的姑姑在几个兄弟姐妹里是最惨的，几个兄弟都出门在外打工赚钱，她没读几年书，要在老家操持土地，照顾父母和老公，只能说命好，儿子有出息。只能说时代在进步，希望这种情况越来越少。我是很讨厌血缘和宗族关系的，很多都是能力不够关系来凑，亲戚越多越烦，三代以内还能走一走，远的过年都不去了！,others,5.6073656,9.565814,6
4967,基佬应该感谢自己没被吊死在树上,LGBTQ,-3.9727542,11.560267,7
2788,很多工厂不招贵州人是真怕了贵州人了。,Region,6.9493804,9.7879925,6
5117,拿出这种言论，我感觉你的世界观只能覆盖自己眼前的一亩三分地。同样，这样的观念并没有错，只是狭隘而已。其次，喜欢只是一种感受不是一种权利，能和喜欢的人生活在阳光下才是权利；最后，你提到的反感也不是一种自由，而是有限的眼界里，表现出的无知与傲慢。,others,-3.9275033,9.14662,9
6364,确实男人结婚离婚都是扒一层皮女人结婚离婚都有钱赚能过得不好吗？拿着男人的钱可不舒服吗,Sexism,-1.7277414,9.144039,3
3537,我认识一个包邮区农村的小伙（此处农村非歧视，只是如实描述），他们和附近几个村都挺富裕的，他们就歧视一切外地人（此处本地就是指他们村和附近几个村，其他全是外地），他跟我说如果谁家娶个媳妇（嫁个老公）是外地的，亲朋好友们都会鄙视得不行，我问如果是大城市呢比如北上广？他斩钉截铁滴说只要是外地都不行！,Region,5.662111,9.5107565,6
7002,我超，男同！,LGBTQ,-3.354786,8.532918,9
996,关键在国外主流国家，中国男人性吸引力都是最低的，尤其在欧美国家，不光中国人，亚裔地位都最低😅😅,others,-1.0979453,10.594543,1
5091,应该宣传防治中国被黑化，这样比较好，或者说黑人被歧视，生的孩子一辈子也会被歧视。这样宣传效果更好,Racism,2.2215652,11.852879,2
1087,你把生活区ban了就不会碰见女👊了,Sexism,-0.431626,7.57165,0
7808,飞机大炮你想要也得给你呗，一炮给你轰印度打拳去,Sexism,2.257449,9.336874,4
6581,喜欢黑，就一直黑下去，千万别回头，国人不接盘。,others,3.2651842,10.887319,2
1573,我本来对同性恋没什么反感的想法，直到看到她们在地铁上不正常的表现，我立马想吐，恶心到我的人我也会反击,LGBTQ,-4.3650284,9.112291,9
5812,惯的，用电炮和飞脚跟女人沟通，你会发现她们变得很讲理,Sexism,-1.3454847,8.3064,3
6589,远离默默默默，抵制串串🤣,Racism,1.0138601,9.923731,0
6687,非处：老娘补膜+紧缩术+整容，安能辨我是雄雌😆,Sexism,-3.2138839,7.137318,0
1793,笑死了，eg的名头是老外安上去，关中国人什么事,others,0.5039764,10.761086,4
3805,黑龙江人天天东北东北，都忘了自己叫黑龙江了吧。拉着辽吉和你一起背锅？,Region,6.697427,11.283906,8
1556,捧杀操作起来比较容易，顺着她说就完事了,Sexism,-0.6940637,8.432357,0
6111,说实话，马丁路德金很伟大，他的梦想实现了，全世界的兄弟们都以人品来看待别人，以及铌铬，想想什么人会77%没有父亲吧,Racism,2.7400346,11.041329,4
6600,支持黑叔叔大骂织女,others,1.3044006,11.371131,7
2600,黑杂碎贱婢表字***！！！！,others,1.5770934,9.349944,7
5133,都一样，不把黑人画在择偶范围内😅,Racism,1.4826596,13.068345,1
2072,我是内蒙东北部，大学毕业后图个离家近在沈阳工作一段时间，交了一个沈阳男朋友，这人只能用坏和小人来形容，只会说漂亮话，但不会真的帮，非常自私，只顾自己，平时说漂亮话花我的钱说帮我办事，但从没真的帮过，因为我是外地人我衣服啥的暂时在他那存放，而我也不知道他地址，后来闹矛盾，主要是因为他平时不停的花我的钱，占我便宜，从来不说实话，我没让他继续占我便宜，然后他就要和我分手，我让他把我的东西还我，他说不知道放哪了，然后我就骂了他几句，然后他找个女的给我打电话，说是我前男友的老婆，说我是个小三，要坐牢的，我说把我的东西还我，那个女的就说我跟我前男友的过去跟她一点关系都没有，衣服是陈涛送她的那就是她的，说什么都不还我，再然后就把我拉黑换了联系方式，我存放他那的所有东西都要不回来了,others,-1.5405576,9.109751,3
648,张华考上了北京大学，李萍进了中等技术学校，猩猩被引进了国内高端大学，他们都有光明的未来[拥抱]🐶,Racism,3.8722105,12.185888,4
343,有很多种原因，黑河南、黑北方的都是南满,Region,6.216551,12.206039,8
6726,果然猩猩去到哪都一样,Racism,4.0373316,12.919304,7
3506,我都算比较宅的了，这几年我都看到三次黑人和中国妻子在街上走，而且是带小孩的那种。具体哪个地方不说了。,others,0.11707238,12.226749,1
4516,和黑人结婚生的杂种都应该灭杀掉,Racism,3.0242972,12.32038,2
3585,这种东西都能照做的不知道是没脊椎还是没脑子，不怕一万就怕万一，万一老婆是个仙女....,others,-0.79399294,9.136883,0
6854,就像你说的你因为腐癌对txl略感不适，因为了解不全所以才对txl抱有厌恶感不是吗？,others,-4.0230675,8.5211735,9
4757,哪里都有好人坏人，两三千万出几个坏人很正常。然后作者说不喜欢天津以北的，一下讨厌了好几亿。嗯，你把信息简历发我，我给你推CNN去。🤭🤭🤭🤭,Region,5.327413,10.431068,6
2439,舔狗也本来不是结婚去的，骗炮的，骗钱的，女拳自己都知道不靠谱,Sexism,0.42361388,7.1428847,3
4160,少点宏大叙事，国男还是想想怎么让自己不接盘更实际,Sexism,0.02246004,9.363882,3
7576,男人都去工地煤矿，太危险了，女人坐办公室,Sexism,-2.116706,8.028161,4
6265,新闻报导黑人男人单枪匹马在广州地铁徒手当众暴揍南方男人，一车南方男人没一人帮忙，新闻常报导东北人在海南街头当众暴揍海南男人，满街海南男人看着海南同胞被外地人当众痛打没一人帮忙,Region,5.601899,11.532297,8
3951,80后剩女好气啊,Sexism,-2.0165875,7.9444375,3
263,七尺大儒猴？,Racism,3.8996534,12.725082,7
2949,自古……小人难养也,others,0.523112,7.6282396,4
3271,好真实呢，第一次的男人得到最大的好处拍拍屁股走了，最后老实人不但要给大量钱，很可能面临离婚分财产扶贫的任务，而且女方lkd，艾疣梅事都可能上门，简直是对勤勤恳恳辛苦工作的老实人最大的恶意，最后可能婚后一地鸡毛还有个泼皮祖宗站在老实人头大拉屎撒尿。,Sexism,-1.0996968,11.488653,3
4237,不过一般像他们这种婚姻长久不了大部分过几年就离婚了。因为中国女人其实一般都没法忍受黑人社会的滥交，艾滋及其他传染流行，还有她一个人赚钱养活整个家族的“传统”，我见过几对离婚的，然后中国女人把黑小孩带回国内给娘家带着，自己跑另外一个城市从新开始。你有时在国内一些小区突然发现冒出了一个黑人小孩，就是这么来的。,Racism,-0.2666672,12.316569,1
7085,我是广东人但生活中真没有遇到提黑龙江如何如何的，被黑的最惨的是河南，很多招工的直接写不要河南人，现在人员紧缺这几年也没有啦，那几年歧视河南人好像是他们抱团经常打架。,Region,6.687928,11.188807,8
5360,以前在学校里黑人很捣蛋，说你们中国的女生都不行，不禁日，一会就不行了。,others,2.275269,11.723751,2
1553,世界第二大经济体的年轻女生就这种素质，太悲哀了。,Sexism,-1.4582518,7.3591375,3
7901,高中都这么多拳师了,Sexism,1.1889061,7.4099083,7
2914,吃狗肉随意，恶心的是狗奴，txl必须清除干净，不然美国大使馆天天宣传什么骄傲月，国内txl直接帮美国搞颜革,others,-5.273489,10.836217,0
1809,多健身，看到嗨👻欺负同胞就直接上去重拳出击。,Racism,2.4667232,11.662627,4
3590,那胸不大的女人没有人权？,Sexism,-1.4106437,7.2074428,3
7154,被答主这样的国女喷下线了，,Sexism,-0.3394322,8.196072,3
771,兄弟们我上条冲错了，牛头怪是自己人，其他三个是真默🐶，冲另外三个默孝子,Racism,1.2723156,9.298755,0
4804,西方通过洗脑女人，达到殖民侵略的目的。洗脑的工具：NBA、欧冠、好莱坞、美国神剧、尬舞⋯,Region,1.3385336,10.491411,3
4762,我遇到的东北人的确有这样的，有事的时候和你称兄道弟，一没事了就不把你当回事。你不理他他还说你不把他当兄弟。真是受够了,Region,6.735122,11.171726,8
2769,你不说我就认为湖南人把你家端了，还把你老婆带走了啊😓,Region,7.640704,10.804672,6
4427,这女的纯纯穆🐶，这男的也是若志,others,0.78016543,9.340798,7
2932,不是说黑人饿死不种地渴死不挖井吗？咋会加班呢,Racism,2.5350332,12.374658,2
1664,成都黑帽门确实大开眼界😅那黑人甚至用女方结婚照作黄网头像，各种羞辱。就是不知道那女的后续咋样了,others,-0.6062197,11.706172,1
1748,说实话我最近对陕西的印象急速滑坡😅我还是陕西某“兄弟省份”的人呢,Region,8.104406,10.263171,6
3808,女权得寸进尺了,Sexism,-1.3490012,6.748262,3
5619,B站女拳，说着说着自己玻璃心把我拉黑了,Sexism,-0.40429762,7.7203355,0
6093,我是一个直男，和一楼一样，生理上厌恶同性恋，我的看法是，我不希望我的生活里出现同性恋，如果出现我会避而远之，我不支持同性恋，反对的声音留在心里，不说出来，因为说出来会被喷，我不会去尊重同性恋，因为我不会去和他们说话，也就不会有尊不尊重一说了。所以，我的观点总结:别人同性恋是别人的事，我只管保护好我自己的处境。但是，如果同性恋强迫我尊重、重视他们，我会立马反对他们,LGBTQ,-3.8704267,9.140005,9
4910,东北被黑是因为这个地域三个省，而且是捆绑东北这个词。不像甘肃宁夏之类的，上来我就西北人。不是说东北不好，而是说三个省的人一起捆绑这个词，被黑的几率肯定是别的地域的三倍以上。😅,Region,6.645947,11.149746,8
3349,好啊好啊，因为杀人更可恶，所以抢劫就该被免罪，好耶！?,others,2.8204134,11.615723,4
3228,河南井盖新疆切糕这俩算是最初成体系的地域黑了吧，之后就是东北，现在有点往山东来的意思了,Region,8.4012575,11.493499,8
1705,应该要求女的出示处女证,Sexism,-3.2186275,7.1470504,3
3096,国家为什么禁止耽美文化没点数吗？,LGBTQ,-3.7406926,9.023275,9
1096,黑东北是有人有目的的制造矛盾,Region,6.2505255,11.118172,8
6089,妈宝♂不行妈宝♀行,Sexism,1.7545487,7.756959,7
629,事实就是艾滋烂大街,others,-2.6542597,12.161266,5
1594,然后有个叫黄巢的人从唐代穿越来进了了一波收割挽狂澜于既倒，扶大厦之将倾，再次净化华夏血统。,Racism,2.6804793,9.989582,0
754,现在有汉奸专门带女孩风向，是个团队，目的就是让中国民族矛盾激化,others,2.3978987,10.464293,3
739,我觉得应该是，黑人女性受成长环境影响，更能干，更听丈夫的话。黑人男性受成长环境影响大多会觉得打女人，三妻四妾天经地义，坏习惯一箩筐。所以黑人女性比黑人男性受欢迎。🤔,others,-0.35034683,12.876266,1
6325,你这样人的人真的很讨厌 张口闭口南大人 或许就是网络上你这样的人很多 才引起了对立 我自己在东北读的书 同学朋友 大都是东北人 其实大家生活里都很友好 但是就是极少部分人在网络上 上跳下窜的 导致很重的戾气,Region,6.7759895,11.882158,8
5717,嫁到非洲真的是垃圾至极的电视剧，之前央视八套还有一个一家人好几个孩子嫁日韩嫁欧美娶日韩的，弄得一家跟鸡窝似的,others,-0.7289342,12.207408,1
3181,看见杨笠这司马脸就觉得恶心,Sexism,0.091025926,5.9176846,0
6942,爱上同性后悔莫及,LGBTQ,-4.645366,9.459022,9
5413,反铜头子忏悔记，震惊出贵,LGBTQ,-5.3184724,10.070272,7
5176,？？电影里不是帅哥？你换成孙笑川的样子女生只会报警，谢谢,Sexism,-0.42123976,7.194053,0
3415,女性找黑人结婚和我半点事都关不上，但问题是很多女的找h人之后还要贬低一把国男，我知道的就有一个之前在b站被欧洲男人搞大了肚子人家直接跑了，这女的就带着私生子到b站各种炫耀，然后又跑到微博去了,others,-0.46676537,12.252807,1
5039,我记得前几年我在一聊天App聊的一个女的，开始聊的不错，后边她试探问我，她以前老公是黑人，有一孩子，我直接骂了一顿，拉黑了，其实我挺想约见她的，但是她说了以后我整个看见她照片恶心加反胃！,others,-0.10185204,13.185637,1
4805,仙女的盘谁敢接,Sexism,0.09556643,9.386097,0
453,是啊！那个都有这些脑瘫奇人跪虫族,Racism,2.606819,9.245602,7
5478,以后拳师让舔狗买车给她们开就行了，货拉拉顺风车什么的一概不接女乘客,Sexism,0.072329156,7.037796,0
3661,女生打人的时候，男生不能还手，体育考试要求还比男生少一半,Sexism,-1.3802098,8.2994175,3
2075,原来女性的地位由男同决定?你这个思想属实搞笑，对于男同仇女确实有，但是我觉得大多数不会，还有你不会以为抵制男同就没有男同了吧，男同事基因，不是后天学习，打压男同只会有更多的男同因为社会压力骗婚，这道理都不懂。,LGBTQ,-3.0768406,9.770942,9
1962,吧里不婚不育的女权出来吱一声？,Sexism,-0.7794578,7.5937624,3
1777,真晦气你还是回你的非洲吧,Region,1.579392,12.422449,2
4111,有兴趣再收复一下反同恋吧吗，那个地方已经被彻底占领了，我真是服了,LGBTQ,-4.6497927,10.313536,9
5976,拿着一张p的图在这里意淫，通讯录是不是都有臆想症。,LGBTQ,-2.7564821,10.027299,0
4690,这吧的都魔怔了喊不醒,others,0.7230805,8.098023,0
5800,江苏一些媒体专门报道负面新闻，比如江苏城市频道和江苏公共频道，先报道省内负面新闻，再报道外地的。我记得江苏新闻台曾经报道南京的理发店问题时就对开理发店安徽人苏北人搞歧视,Region,6.950738,8.6511135,6
2565,说真的。现在的中国女性找黑人男性，那要的能叫彩礼？怕不是婚后要还回去顺便在倒贴个十几万？中国女性管中国男性要十几万甚至几十万，管黑人要个几万就撑破天了好么。,others,-0.4737304,12.645101,1
6900,青菜萝卜各有所爱，有人爱吃煤，就不难理解了,Racism,-0.24505596,9.680595,4
5113,很多男的无感，我老公就是对同志无感，而且他还有一个同事一个战友是同，他们玩的都挺好的。但是他说他在部队，有个男的加他，要给他k，他不同意，然后那个男的说闭上眼睛享受就行了，结果我老公把他拉黑了。今年我不知道啥事问他，他才告诉我的，他说就是很奇怪，为啥会有男的要给他k🤔，神经病么。。。他们直男都不了解为什么同会这样，都觉得很奇怪。其实很多直男对同都是无感的,LGBTQ,-3.6232455,9.124736,9
2942,女权吧的人看到会不会说:孩子不是你的就不爱我了？渣男!,Sexism,-0.7150966,7.7531614,3
2031,刚果的首都50%的黑人有艾滋病。去医院的黑人有80%是因为艾滋病或艾滋病相关的病。这是一个刚果首都医院的一个黑人医生说的。,others,-1.769916,12.601113,5
505,你想多了，不要这么自卑，大多数女生喜欢白白嫩嫩大小适中的。没人喜欢身经百战的黑杰宝,Racism,0.7610449,11.874945,1
3757,四：被愚弄及不明真相的女拳这类女人其实是最可怜的，没得到利益还被女拳连带受害了。但是她们无辜吗？其实并不无辜，每一个成年人都必须要为自己的行为付出代价。有的责任不是无辜、装可怜就能躲过去的，何况他们每个人都或多或少吃到了女拳带来的带血的红利。目的：无目标，纯粹发泄。,Sexism,-1.1376332,7.469456,3
7266,假的，只要威逼利诱一下，先找当地黑人威胁一下，再给钱赎人就能救回来，就是两个孩子可能带不回来，看舍不舍的了🐶,Racism,2.465885,11.825685,2
3359,人家是真的敢办事儿的，裸体游行、终身不婚、单亲养子。国内的女拳拿啥跟她们比？?,Sexism,-1.3963945,7.2566657,3
1236,有一说一抖友还是能处的很多爆杀畒的都是抖友,Sexism,0.8811208,9.354535,0
4322,可以说这个华裔警察和肖万简直就是人类的英雄,Racism,4.16199,12.261352,7
677,舔狗赶紧去死吧,Sexism,0.83512586,6.878774,7
6986,拳师不打洋拳,others,1.1222451,7.437587,4
6808,取缔手术就行了。非要给女生强制检查的话，这边建议全国信绿哦亲。,others,-2.488057,7.4200606,3
1311,本来就是宿舍的规定，楠拳自己不遵守，这下北师大已经把2、3楼层设置不可按，2、3楼都没得坐了。,Sexism,1.1816994,9.983694,0
4371,腐癌说的不是txl呀😆😆😆,LGBTQ,-4.0933867,8.4599085,0
4789,先把人拉黑，害怕被关爱，只有把它的基头蒙上独自表白,LGBTQ,0.20472044,7.845471,0
3107,找黑人作男朋友的女生真的应该好好调查，踩雷机会太大，珍惜自己，善待亲人。,Racism,0.047304988,12.974881,1
2529,不和你争了。但是有一点你百度一下，艾滋病在潜伏期是可以查出来的，安慰了黑人之后，去医院查一下，不要害人。,Racism,-1.4302663,12.687041,5
4572,二：纯粹女拳这类女拳比上一类更纯粹，上一类主要为了利益服务，这里才是最为纯粹的女拳，也是女拳最为中坚的力量。女人因为生理和心理结构，很容易走极端和情绪化，把自己所受到的不幸归责于他人，特别是年龄大的女拳手，大龄剩女和大龄离婚女性就是女拳最独特的温床，因为这类女性基本翻身无望，但是作为女性她们希望有人比她们过得更惨才能衬托她们不是那么惨，从而得到一点点可怜的慰藉。所以她们不遗余力蛊惑年轻女性走上女拳的道路，用女拳给年轻女性洗脑。这类女拳还喜欢打着名义上为女人争取利益的名头打劫男性，主要是为了争取更大的不对称利益、用争取到的不对称利益蛊惑更多的女性加入女拳壮大团队。殊不知所有的利益都不是凭空生成的，有人受益就有人受损，不对称的利益不能长久，长此以往也容易遭到反噬。但是这类女拳是不会在乎那么多，毕竟有这么多的女人垫背，也值了。目的：安慰自己、发泄自己的不满,Sexism,-1.2052916,7.479148,3
5538,拳师的台词我都预备好了：歧视，歧视，还是歧视😜,Sexism,1.1443024,7.3112726,0
3287,再举个例子吧，一家公司要招50个大货车司机，有60个女的和60个男人应聘。这家公司将能拿出一百个理由，最终全部招了50个男的,Sexism,-1.059314,8.308987,3
5573,难道上次我去重大被我吓得不敢出门的就是这个小基,LGBTQ,-4.07044,11.392333,7
1867,要的就是根本就回不来，不然去非洲有啥意义,Region,1.2776366,12.52024,4
7274,其实答主和您说的观点差不多，首先既然是类比，那肯定是有差距的能理解其中表达的意思就好。比如我对待性工作者和人品低下的人都是一个态度，保持距离，那对于我个人来说，这两种人可能就可以看做一类人，就是我都不愿意去亲近的人，这个分类方法带有主观色彩，别人没法要求具体把谁谁分到一类。其二，平等对待的态度答主也表达出来了。,others,-1.1305109,8.82964,3
5139,这就是剩女被剩下来的原因，都去竞争那2%的,Sexism,-1.9767122,8.005855,3
7305,我没咋见过黑甘肃的，西北被黑的省多了，见过好多装河南人装甘肃人的南方人黑陕西,Region,7.92277,10.169317,6
5075,女人一思考，上帝会发笑，逻辑是所有女人的硬伤,Sexism,-1.0892261,7.913552,3
6629,我怀疑你还活在梦里全世界著名的公交车eglkd还以为自己受欢迎有人高价接盘现在是你们想嫁都没愿意娶的,Sexism,0.082607545,10.740063,0
4852,但如果把他们的病情公开，他们对生活绝望，直接报复社会，又当如何？,others,1.3251648,10.0931015,4
2692,你们上海人黑白完人的时候也没见你们心疼白完人啊。搁这装什么小白兔😂,Region,6.129826,8.746742,0
7238,绞杀肥猪直男捏,others,-4.413547,11.301492,7
7078,你们媚外的才多吧？一堆喜欢新鲜感的媚外女性，我都看到过，承认不丢人，真的。况且，我不极端，并不是所有中国女人都这样，可你也不能反驳这样的人很多。,others,-0.65075105,10.590014,3
2047,你这条没火 火了估计会有很多txl过来说 你特么污蔑 我们怎么怎么不正常了 还有一个话题 还有的娘炮txl会说 男人担当不在于娘不娘炮 八卦不八卦 化不化妆 在于内心 平时有担当就行了 但是他们平时也没担当啊 做人也挺loser的 挺恶心的,LGBTQ,-3.7890313,10.227625,0
1750,和国女半斤八两，我为啥不找一个媚自己的烂裤头？,Sexism,-0.53763103,10.213611,3
2639,反同方会思考，撑同方不会思考，看看只有撑同方相信p图造谣我有艾，这只会让人觉得基佬都是脑子有毛病,others,-4.15171,10.322993,9
6630,不是，就觉得恶心，洋垃圾不要我凭什么要，要是easy girl骗我接盘，让我发现不会放过这个婊子,others,-0.6472189,12.053963,0
3218,祖籍河南宁夏人，从小就被叫河南蛋，河南大裤裆之类?,Region,8.204346,9.95731,6
6099,三万人民币都够黑人在那盖个豪宅，娶好几个老婆的了,Racism,0.09986653,12.421783,2
6503,我不是因为网上说的他们没素质，或者是有性病而歧视他们，我只是发自内心的，作为一个直男的，生理上的排斥，真的恶心，之前学专业的机构让看电影，月光男孩，看完回宿舍趴马桶上哇哇的吐,LGBTQ,-4.1109366,8.954647,9
611,有些直男只是单纯恶心 男同do爱吧,LGBTQ,-3.6055253,9.098503,9
6159,就算她不拿刀你就能打得过180斤起步的母坦克?,Sexism,0.6561509,10.495604,7
3785,？？？有人造子宫我家众筹一个孩子就行了，要这种幕刃给我添堵吗？？,Sexism,-2.7854896,7.1288433,0
1864,日本人就是拎屌入住，有啥风险大的。国人房子、车、彩礼、婚礼等把全部家当都搭上了。,Region,-0.123918794,10.920176,4
4224,去非洲永远别回来才好,Region,1.5749766,12.56062,2
4385,现在外来的多了，刚波宁比例有所上升,Region,5.8465004,9.8108425,4
583,其实京津才是东北黑的大本营，东北在广东没啥存在感。,Region,6.163182,11.129129,8
5349,喜欢黑女的很少很少，你说得绝对是极极个例。,others,0.37726718,13.095761,1
6278,找了个帅的白人，再找个丑的国人。然后放在一起比较，说中国男人就是比欧美男人丑，有意思吗？,others,-1.049073,10.5994835,1
650,你说的对，我们不是虚伪的白左，不喜欢黑人就是不喜欢黑人,others,2.2520936,13.52121,2
6653,大家反同的原因是什么捏？㈡①通讯录教唆未成年人②社会不稳定因素，情绪不稳定③自认为通讯录高于yxl，自我宣传的同时贬低yxl④X行为对身体可能有不良影响⑤就是厌恶，认为不符合自然规律以上加上上一贴共十点，其实很多txl并没有这么夸张并歇斯底里，大家都是接受过九年义务教育的人，我不相信只是因为txl就会变成那种妖魔化的样子，我本人其实也极度反感反异人群，抵制男女恋爱在我眼里可笑至极，我不认为谁比谁高级或是优越，希望大家不要因为部分在网上激进的txl疯子对这个群体有太多恶意，最后强调那种反男女的都是疯子，二球，傻*，更多的txl群体只是安静、正常、阳光的活着，不是每个人都是疯子问题:如果所有txl不张扬、不蓝交、不反异、安静平和的活着，大家还会厌恶txl吗？,LGBTQ,-3.5798879,9.80097,9
901,舔狗不得**舔狗不得**,Sexism,0.8083399,6.8123016,0
4144,字太多不想看我只想说一句女人垃圾,Sexism,-0.86690784,9.067048,3
6644,为啥？就是因为现在中国女人地位高到离谱，男人任劳任怨还被女性瞧不起。破坏人类的根本原则,others,-1.9945846,7.775515,3
2273,白男娶黄女七层是炼铜，剩下两层是猎奇,others,-0.22562692,12.302354,0
3450,还有人说我们甘肃人一辈子洗三次澡，出生结婚死亡?这都是谁发明的??,Region,8.240353,9.787236,6
3631,好像你能看出来似的，能看出来的是什么样的人我就不用说了。,others,-1.1284689,9.47245,4
6966,hello nigger,Racism,1.4438237,9.100156,7
2711,河南表示：这个资本家还不配让爷去🙂,Region,7.757534,10.669749,6
3363,其实广西都是外地人在搞传销，结果广西居然自己也认了，现在官方发声明也不管用了，人不信了,Region,5.439735,10.634687,6
7410,一是怕有病，万一………………二是你主动靠到高富帅我还明白，主动靠近默，还倒贴………,others,-1.340455,9.637839,0
1789,我在苏州待过几年，“江南三村”不是自嘲吗？并没有外地人用这个来歧视当地。上海人对外地人的歧视是客观存在的，这个洗不了，但上海人并不是很歧视北方，他们只是歧视外地。,Region,6.2467766,9.100031,6
5643,同河南籍新疆人，大家问我是哪里人的时候我都不知道该怎么说，刚上大一，男同学问我哪里人，我说新疆，他突然来了句那你怎么来的学校，我觉得不对劲我又说我是河南转学到新疆，他直接说:那个偷井盖的地方是吧,Region,8.308242,9.6485405,6
1027,😅我和同学合租的时候 旁边那个步行街全是北方人大半夜搞直播 大喊大叫 说实话 很难不讨厌但都是为了赚钱 也没有办法 我们湖南90年代找不到工作去广东搞飞车党的也很多,Region,6.482161,11.054888,8
6866,我是湖北襄阳人，和南阳交界，我记得零几年每到过年前期会过来很多河南那边人过来溜达，小偷很多，还有很多卖东西的，每到过年前期，我家人让我少出去玩，过年10年后基本没有了，之前名声确实差！特别我老一辈不怎么喜欢河南那边，我爷爷那个时候去卖米，去村里卖，那边一个村里人围上来，说尝尝这米怎么样，我爷也让拿一点尝，后面就一帮人，拿瓢往袋子里装，完全拦不住，一车米也没有剩多少，之后我爷再也不去那边卖米了，家里发生事！,Region,8.116837,10.885047,6
4641,因为女人大脑感性部位发达，喜欢引起情感共鸣的，撩动情绪的。而短板是大局观较差，比较好下手，怎么舒服怎么活，开心就好。不管会对人类群体会产生哪些负面。只看见面前的东西，比较好忽悠。,Sexism,-2.4494636,8.113773,3
3445,反正前妻也再婚了，再生小孩就不会对孩子好了，不如dao了这个老娘们和她父母，一命抵三命值得了，看来是城市人，城市80.90后基本都没兄弟姐妹，然后她家财产都是自己孩子的了，孩子由爷爷奶奶带大，将来也不会对爷爷奶奶无情。,Sexism,-1.7993606,9.123644,3
6196,男性被害一般上不了微博热搜，女性被害才有更高的流量，媒体热衷于报道。,Sexism,-1.6226752,7.899654,3
4127,因为上海人瞧不起外地人，所以被黑，不冤,Region,5.9892554,8.803036,6
5402,地域黑和分裂国家的汉奸没有区别,others,5.4530396,10.149083,2
2320,楼主你不懂有些跪虫族就喜欢这些像黑猩猩式唱唱跳跳所谓比如就像众跪虫族就喜欢类似文化可见精神世界到底有溃乏,Racism,2.7239676,9.332224,0
7300,每个eg背后也有3个黑人呢，集合,others,0.6858463,10.863056,2
4626,因为讥讽、耍笑河南是历史传统啊！是一种流传了2000多年的风俗习惯! 看看春秋时代老祖宗留下的成语吧: 郑人买履，买椟还珠，拔苗助长，叶公好龙，杞人忧天，守株待兔，郑卫之声……反正就是一种传统。🤝🤝,Region,7.957865,10.817972,6
1066,这幕刃就是个xn装s，说的话不明不白，偷换概念，初中没毕业，彩礼就是在物化女性，,Sexism,2.273362,7.0919194,3
2407,果然虫混奴隶大蛆就是虫混奴隶大蛆连最基本说话都不会说,Racism,3.369805,8.605186,7
277,当🐔更赚钱，一次五百，一年365天就是几十万,Sexism,0.39639768,9.978804,0
4146,如果没记错，在河北人印象里，最差的是北京人（滑头吹牛逼），其次天津人（骗子多），再次是安徽人（小南蛮子），最后才是河南人（偷井盖），奇怪的是，河北人对山东人的评价最高，其次是东北人。,Region,7.5573826,11.002856,6
6557,男的再落魄也不可能看上黑女吧。。,others,0.31060895,12.795492,1
7417,艾滋病也一直和异性恋挂着钩呢,others,-2.6634226,11.852501,5
1405,拼生孩子还真拼不过，国男喜欢养孩子，默从来不养，怀了就跑路，,others,-2.2233024,8.356311,3
993,多去江浙一带广东一带转转你会找到答案的， 与其问为什么，何不问下在外的老乡这么惹人讨厌😅,Region,5.8614516,9.957931,6
5578,引进就是恶毒的诅咒,Racism,2.756214,12.170185,7
6045,人形畜狌只有本能，除了寄声就是寝犯。,Racism,2.2159817,9.458424,4
7444,小女孩都吓哭了，放着畜牲来干嘛呢？回非洲好好待着去,Racism,0.90703475,11.698053,7
7858,看了好多遍，我居然没看懂？算了，反正二次元和微博都是沙軟,others,0.9607715,7.826252,0
299,听说艾滋病可以潜伏好几年，评论区的可以撤退了🤣🤣🤣不害怕吗,others,-2.2653422,12.293952,5
6141,当时，一个反同者炫耀自己骗了一位同性恋，内容就在图里，其行为之恶劣令人发指。居然强行为反同者开脱，并且随意污蔑这位受害者，试问哪个有良心的人能干得出来？,LGBTQ,-3.9671326,10.161122,9
2193,好家伙，你今天敢叫“女人”明天就敢叫“妇女”！你真是好big胆！叫《女王》《小仙女》《新时代独立女性》！,Sexism,-1.022514,9.127108,3
6624,结果那个泼男就是他们另外反同吧的吧主？哎哟，我都兴奋了！打的就是你们窝里的老杂毛！把话带到，我回重庆的时候约他不要怂,LGBTQ,-4.653494,10.240129,0
5922,反女拳是因为：他们并非善类，绞尽脑汁把广大女性作为工具，来发泄他们对夫权和父权的仇恨。（对女性也没有善意，一旦女性有不同观点不同价值观，也同样会被他们攻击辱骂）,Sexism,-1.2978095,7.425301,3
752,感觉造物主很奇妙。给予他们超强繁殖的本能的同时，也给予了艾滋病这种克制的病毒。只可惜那些无辜遭殃的人了，自作自受的就算了。,others,-2.4907496,12.199445,5
1578,感觉你见到的是特例。我是四川的大学黑人不少根据本人实地考察，和黑人待在一起的女生几乎没见过更别说情侣了，什么让黑人选谁的那更是不可能。时代变了，能考上大学的多少都是有脑子的。找黑人图啥？长相和女生审美背道而驰，智商更不能比，文化差异巨大。。。。,Racism,0.1375928,13.141801,1
1495,有这好了，不去让他们去采摘园真是可惜了,Racism,1.367811,12.145585,4
964,你这个南满，大凉山欢迎你,Region,6.3763175,12.198934,7
5885,法国不是法国人的法国,Region,4.7073665,8.763047,4
2961,Txl真恶心,LGBTQ,-4.282617,7.835986,7
7004,自己下个blued看看，一堆丑男,others,-1.1791719,9.769855,0
4461,以前有一部分女权还没那么极端，而且喜欢骂男同，所以合作的吗？,LGBTQ,-0.8825893,7.2864423,3
4416,女人不懂，还会说不就一个游戏嘛…听到这话就想抽她。,Sexism,-1.290078,8.340487,3
7112,不会停下脚步，直到业火将华夏血脉的黑色荡尽,Racism,3.2135515,10.897194,4
784,艾滋，梅毒，淋病真艾必备,others,-2.6529942,12.26592,5
687,我就是生理排斥 但有些人奥 尤其是女生 自己不是同性恋天天TM在那磕别的男的 明明我和我好兄弟是兄弟情 他非得在那脑补那种东西 你说恶心不恶心 你反驳她 他就说你歧视同性恋 我是真不懂了,others,-4.018274,8.959741,9
900,生化危机5也不错的，控制主角在非洲屠杀变异的黑鬼,Racism,3.5106838,8.921073,7
5988,我见过很多贵州人说东北贫（穷的意思） 我就奇怪了论省经济你个倒数第二的笑话人家倒数第一的？,Region,6.8317294,11.161121,8
4435,你们黑北京的时候可欢了 这点刺激就受不了？,others,6.181911,8.397151,4
2244,“粪城”“贼都”“xa人都死绝了才好”类似这话我在知乎微博看了不下一百遍。挺好的，原来不是说大家都是中国人就是同胞的，原来有人真的恨不得把西安开除国籍的，那以后咱们各自安好。🙂,Region,8.090114,10.158577,6
4004,不要自己什么样就把别人想成什么样你以为每个人都混到要靠出卖民族出卖国家而活吗赚卖国钱的你有什么资格说别人,others,1.5505883,10.053378,0
4631,不为中国人生孩子，却为外国黑人生后代,others,1.05153,12.595681,2
834,这是把男人默认摆在强者的位置上，是对女性的歧视，我要求你立刻道歉,Sexism,-0.8143566,7.6165466,3
7132,我们浙江不服，天天被骂,Region,6.788498,9.454914,6
3947,支持答主，再瞎的人看评论区各地的表演应该也看得懂谁是弱势谁被黑了,Region,5.4806747,10.207053,6
297,舍得吗，把她v信告诉我，我来治治她,Sexism,-1.6291636,8.943182,0
2741,除了吓得删回复，就是对着自己咬，基佬果然是同类相食的怪物,LGBTQ,-4.083353,11.285679,0
5998,是被阿娜夺舍了吗我寻思着就阿娜这个水平应该也学不会盗号啊,Sexism,1.0711082,8.226902,0
3411,这我倒没话说，看起来那些双标的男人好多了,Sexism,-0.96272165,8.510285,4
2431,pc都不能接受外国人上过的，😄,Racism,1.2261132,12.94638,4
3199,你说的对，不过数量相比仍旧是少数。 不过举报三非 我赞成。,Racism,0.856808,10.160984,4
2318,该🔪的女⭕成事不足败事有余的fw,Sexism,-0.8103123,9.372484,7
5187,我对txl无感，且因腐癌对txl略感不适，这是我个人的好恶，你要硬说是偏见也行。但我不会在公共场合大发厥词，或直而辱人，极端地去抵制txl，将txl打上某种标签污名化。这是我对待我的好恶，或者偏见的方式。,others,-4.047863,8.571182,9
2101,你说的很对物已类聚，人已群分。相差很多的两个群体没必要产生多少联系，我觉得那些撑同的人尤其是女性，就是站着说话不腰疼。既然她们喜欢那就不可能真正的公正看待。。,others,-1.2217318,8.7043705,9
1462,跟河南人在一起就是这种后果,Region,8.036306,10.682732,6
4633,香港也有异曲同工的叫法：“北姑”,Region,5.8221397,10.432397,4
3312,顶啊！低等的黑杂种！滚出中国！,Racism,1.6932248,10.339459,2
4118,嫁娶低物种不划算，生出来的小孩属于低物种，拉低智商而且很黑，不符合审美，是倒退，是没有完全进化，文明会倒退，消失掉！！！,Racism,1.1902522,11.6018915,1
3507,好一个能让郭南自由发言的平台是必要的！,Sexism,7.020522,11.973633,4
1105,白黑都歧视黄,Racism,2.4739914,13.4595585,2
5006,民族问题可以谈，物种问题没得谈。,Racism,2.363045,13.23976,4
1145,可能自己思想太传统吧，实在难以忍受那种矫揉造作娘里娘气的男人,Sexism,-3.0602956,8.611056,3
5088,摩洛哥不知什么人种，好像穆斯林吧，从摩洛哥带了混血宝宝回来，唉，不知道她后面还能找到老公么,Racism,0.17408775,12.201185,1
1925,奸**人的迷香就是古龙水，就是非洲黑人或者美洲黑人使用来奸淫中国女人的那种身上的香水味道，是一种迷香，对女人特别有效。,others,0.49868718,11.514251,1
2707,不错，看来我大中国同胞对黑人还是有客观认识的。,Racism,2.5276613,12.228821,2
5806,感觉黑人给ysl丢脸,Racism,1.3514459,12.408276,2
4296,四川啊，经常被黑,Region,6.445147,9.749305,6
762,屠杀黑人屠杀犹太人,Racism,2.9179428,12.195738,2
6076,比不过比不过，你们北方实在是太厉害了，个个都是人上人。不过奇怪的是，北方人上人既然认为南方人是野蛮人，却还有那么多北方人上人跑来野蛮之地给野蛮人打工也太让人疑惑了🤔,Region,6.1365123,10.528169,8
189,有几个东北人吹张是英雄的😓😓至于你这么黑吗😓😓,Region,6.576545,11.442247,8
2892,你这和在网上看了点男人家暴出轨新闻就宣称不婚不育保平安的女拳有啥区别😅,Sexism,-1.5759633,7.6316833,3
4662,我可没那么大大局观跟你讲民族大义，就希望那些找黑人的女的别在这呆着了，还有如果散伙了请不要找国男了，也不要隐瞒，大家平等嘛，你男朋友有权知道你的过去,others,-0.13488065,13.0950575,1
2190,不，应该说为什么不做子宫摘除手术，这样不是更绝。,Sexism,-2.7290306,7.2660437,3
36,依然有歧视。我是河北的，2019年去北京当保安挣学费，人家说：你是河南人？（我家是河北南部邢台的，所以说话接近河南口音）我说不是，但是有什么关系呢。公司人事对我说：早些年只要是河南的，都不要。我年龄也不大，我估计就是早期带头黑河南的，然后慢慢形成固有认知了，其实都是空穴来风。,Region,8.03798,10.707601,6
1220,可算有人发现问题的实质了，我们这些国楠才是真的惨。还好现在我国整体经济实力慢慢上来了，也逐步更开放了，个人再努努力，我相信还是有机会争取到其他选项的。共勉～,Sexism,-0.41486084,10.225914,1
7265,女👊配黑🐶不是绝配吗？别呆在国内就行,others,0.94302696,11.757772,1
4693,这里面女⭕️师也不少,Sexism,-0.1426264,7.456944,3
1317,以为黄白混就好？愿意混的都是比较差的，长相好的极个别,Racism,1.2247092,10.523157,0
4382,我觉得一定是安徽人装上海人的原因🤣,Region,7.53862,8.926301,6
764,我是河南人，我在河南活了二十多年没被偷被抢，在外地上学第二年手机就被偷了……还有次打车回学校，司机知道我是河南的后还说“唉你们河南人是不是特别拐啊”，我说你去过河南么？河南人挺好的啊，你来就知道了。那司机说“我没去过，反正我不用去你们河南人就拐。”？？？我跟他说了不下三次你不信可以来我们河南看一下再下结论，他一直咬定我们河南人不好，我当时真的是又生气又委屈,Region,8.170561,10.898695,6
865,而同性恋滥交和传播艾滋造成的苦果，也需要社会上的每个人自己承担，滥交导致的艾滋和性病传播会增加社会的医疗负担，减少每个人得到的社会福利，因此向社会传播txl的恶行而导致txl社会认同度低的话其实会变相减少自己得到的社会福利，简称自食恶果。,others,-3.244395,10.643829,9
5083,这个也就对应了国际鬼子黑猩猩及其它们后代猩混间野生动物猩猩之间它们自己生物物种间的自己物种歧视。,Racism,3.5120256,12.6347065,2
135,蓝鸟上骚女和菩萨被开除女籍了,Sexism,-0.63337654,7.122682,7
6065,兄弟你不知道再那个小強loveyu眼里你这些都是键盘侠比如你举那个现实当中做的列子就比如房东也开始不租房子给虫类了，或者直接以租房子的名义看虫类护照，没有？直接拿起电话拨打。在那个小強loveyu眼里你也是键盘侠,Racism,2.8219147,9.220274,0
6245,不然幕刃是怎么诞生的？,Sexism,2.8924937,6.524501,4
6137,难不成我还非得接受同性恋？,LGBTQ,-4.5403256,8.944742,9
2967,在这跳的这帮同脑子都不太对劲,LGBTQ,-4.824222,9.522073,7
3151,郭女颜值不高，又不肯去做性价比高的整容，化妆邪术毁皮肤，卸妆如同恐怖片。我是佩服成天郭女推土机为荣的，牙口真好,Sexism,-1.2477876,11.282423,0
3623,出狱了记得带着你的小二嗨一起滚回飞舟,Racism,0.7473468,8.009026,7
2560,女人越老越贬值，越老越不能生，这是事实吧？有的女权要问了，我为什么非要生孩子，问得好,Sexism,-2.3084779,7.33377,3
6792,黑人就喜欢免费的、原汁原味的叫花鸡。,others,2.3445525,12.388217,2
4206,连这个是转发贴都看不出来只要有人骂他他就说人家是基佬嘞,LGBTQ,-4.1042027,10.831121,0
6724,是的，反黑不要一上来就骂，会引起反感的,Racism,3.4516497,11.190426,0
454,靠 在非洲时 黑人银行女 酒吧女 微信附近女这么热情就不敢尝试，一个那个味道受不了，其二艾滋病占到全国百分之六七十以上，还有中国妹妹在那边洗脚您懂的，都不敢接黑人活,Racism,-0.74033403,12.491773,1
7376,捏哥在豺那一年白拿二十万，这是凭什么？,Racism,2.2285447,7.1443152,7
1363,女性在这个世界上除了繁衍能力之外，对文明的推动几乎没有一点贡献，如果男性解决了困扰自身的繁衍能力后，女性会不会沦为交易的货物，或者奴隶呢？本来现在女性的社会地位的提高，就是男性对女性最大的宽容了，如果女性仍旧对现在自身的地位不满，那女性的末日就会很快来到！,Sexism,-2.1790524,7.4464207,3
2633,有道理，国内歧视这么严重，确实不应该冒险。就跟当年老人们教诲不要找南方矮矬子，外地土老帽一样，都是经验的传承，对吧。,Region,5.0223174,10.146735,4
6332,他是不是和男的发生过不然为什么说十艾九基…,others,-3.5981414,11.564863,5
344,国家重拳出击，不合格的直接遣返，差别对待外来物种低人一等。,Racism,2.463805,10.936628,4
729,有多少男性因为自己的思维方式，行为方式或者兴趣爱好的不同而被嘲笑辱骂甚至摊上暴力！我斗胆直言，男性是舆论的弱势群体，男性才是被各种事物绑架的奴隶！如果我们的权利在得不到保障，我们何必拼命维护男性的文化约束,Sexism,-1.3710965,8.184364,3
6755,打弟弟要趁早，这句话不知道是哪个幕刃说出来的,Sexism,2.179585,7.3153887,7
1222,不可能害怕，只是想让她们玩的高兴点，她们去非洲生活难道不比在中国更好？,others,0.6421919,12.156246,4
5467,看到黑人就很憎恶，为什么？,Racism,2.154303,12.985934,2
6373,跪族篮孩居然歧视黑人，好奇怪的现象。,others,1.9413853,12.154735,2
7319,黑人吧早被我们反黑站了，你还洗,Racism,2.8760436,11.61395,2
48,经常听男的回家跪搓衣板，就说“正常啊，这不挺正常的吗？”，没听说过女的跪，如果跪搓衣板了，就“这是在家暴啊”，以前古代任意朝代都没有这样的哦,Sexism,-1.6179509,8.265458,3
564,嫁黑人的我不反对，我只歧视。最好出中国永远别回来了。,others,1.0872046,12.605603,1
1637,呃……上海经济好吧，还不是照样黑,Region,6.1402435,8.682292,4
3803,智商70数理化再学也是0分，但人家是世界殖民亚军，天生能扣篮，倍受中国球迷敬仰崇拜,Racism,1.6017737,11.86008,7
2105,山东人口碑不错吧，被黑的最惨的还是河南人🐶,Region,7.4684353,11.202172,6
5253,我是黑人有很多漂亮的985/211中国女友,others,0.19422205,12.340194,1
5663,同性恋又不像异性恋一样是一直被人接受的😄你有必要这样说嘛🤔,LGBTQ,-4.3889046,8.982777,9
3058,本来直男也就是个不褒不贬的词汇，在现在女权横行的环境下，变味了，只要不理解，不赞同女性的观点，或是不符合部分女性的价值观，很容易被扣上直男的帽子（往往被歧视为不懂女人，没见过女人的人）这个词现在也变成了带有贬义的嘲讽词汇,Sexism,-1.5462779,8.946234,3
4583,白人应该不算寄生虫毕竟最初期白人创造无数科学发明和自己打造领土的罗马和希腊而且最初期根本就没有吸食咳卡茵，海螺音，冰犊而且现在三观传统正确白人也没有吸食咳卡茵，海螺音，冰犊而现在贩读和吸读的第一大户是拉美裔和拉美人而第二大户则是国际鬼子虫类及其它们后代虫混而全球著名贩读和吸读大户基本上没有白人而全球所有国际鬼子虫类及其它们后代虫混除了中高底层它们是入寝人类各国寄生虫同时别忘了拥有和个别拥有良好家庭和受过高等教育中高层国际鬼子虫类及其它们后代虫混所谓国际鬼子虫类及其它们后代虫混所谓精英和它们有极个别经过努力能成为但是往往全球所有国际鬼子虫类及其它们后代虫混但是天生基因和大脑和它们百分之99野生动物大脑不如和它们虫类基因和人类和百分之99野生动物的最大差距所以不光它们怎么努力都达不到百分之99野生动物高度所以才有политическаякорректность虫命贵而它们从底层到高层所谓精英无不贪而这个贪基本就是它们基因重要一部分而纵观全球所有国际鬼子虫类及其它们后代虫混精英基本上个个都是犯罪分子的冰山一角的马丁路德金和毁掉南非曼德拉和阿明和博卡萨。,Racism,3.084303,9.4555645,2
670,哈哈，金庸的文字真是绝了。媚外女还不如丽春院的,others,-0.74675643,10.418328,0
2339,本人胖子一枚，不久以后会去埃塞为期一年的外派工作。到时候实时分享一些黑人的真实生活情况让圈内朋友知道什么叫做黑色癌症,Racism,2.9562557,11.750853,2
2410,黑人反对歧视。其实那本质是只允许他歧视别人，不允许别人歧视他。,Racism,2.7460198,13.186192,2
3724,9.9看畒苟破防超值,Sexism,-4.316168,11.80042,7
4357,太多辣鸡媒体宣传默默卖蠢和苦难来博取国人尤其是女性共情～,Racism,-1.7894639,7.8153944,3
4389,男人只会和男拳战斗，好男不和女斗。,Sexism,-1.4977062,8.356577,3
3538,知道nv拳最大的敌人是谁吗？是亲子鉴定，是基因技术，建议打拳的认准敌人。,Sexism,0.2504475,8.1481085,0
3210,滴滴司机请不要接单身女性的订单！为了自身的安全！,Sexism,-0.028162874,7.0242014,3
3062,防火防盗防黑人，黑人之害远甚于其他,Racism,2.8650825,12.152029,2
1335,你的新闻说明东北人敢暴打欧美人，而且在南方地区暴打欧美人的同样是东北人而不是南方本地男人😲更说明南方人面对黑白人唯唯诺诺不敢出手，看到南方同胞被黑人在广州地铁当众暴打没一人帮忙的民族性,Region,5.6275187,11.5147,8
791,凭什么男的不生，不公平！,Sexism,-2.1613743,8.265137,3
6253,超过西周？？？我说是放P。西周早就发明文字了，黑人什么时候有过文字？到现在还有原始社会。,Racism,1.9536525,11.944439,2
5242,兄弟你这么才知道它们有这种绝技在暂时没有**人类与它们交配情况下它们是可以见到一个洞都能交配比如汽车排气口和众多大自然野生动物也是它们交配目标这些都是因为基因与大脑和历史长期就注定的事,Racism,0.81434405,10.888112,7
1350,侮辱同志一词,LGBTQ,-4.4964347,9.681574,9
2357,被娘服封肛了开始用精神宣布胜利✌,LGBTQ,1.489849,7.477168,7
7192,什么女厕所,Sexism,-0.14535715,6.918816,3
361,不在中国地盘繁殖混种默，一切都好,Racism,1.1097013,11.056382,4
2107,政治正确这个词用的好，现在接受同性恋居然变成了主流，对同性恋稍微表示恶心居然就成为了反面派,LGBTQ,-4.1919084,9.502209,9
4710,自作自受 回来让老实人买单？ 你同情她们 谁特么同情老实人？,Sexism,-1.9688106,7.905777,3
6260,装成女人来骗那群龟男来舔啊，这就是最简单的方法了,Sexism,0.54885936,6.7606153,0
23,你不会是怕将来你妻子告你强奸罪吧！你放心这项罪名很难取证的，女的一告就众叛亲离被人嘲笑，女的还怎么在家里呆下去，还不如直接告离婚,Sexism,-1.9964327,8.565883,3
2019,黑人暴力基因占百分之84白人和黄人分别是51和13黑人暴力是基因层面的，可以通过后天教育改变但是很难。,Racism,2.4420483,12.556006,2
4211,扯淡，找黑的比失足女差远了，失足女都有措施的，染病几率都没有那些女人高，黑人在大学约妹子从没有措施的。,others,0.55409044,11.81,1
7144,苏北人歧视起其他省份一样厉害的,Region,6.8767166,8.673181,6
4106,又瞎说，阿拉上海不歧视河南的好哇，我们最排斥的是皖北地区😅,Region,7.246521,9.506684,6
1517,是啊，我上次遇到一个恶臭直男，真的，他一直三句话不离同志是变态，最后在我把很多论据给他看的时候，他还嘴硬，这些论据都是假的宁愿自己看几千年前的小破书，也不愿看看现在的论据。眼看说不过，就发各种表情来阴阳怪气。🤣大半夜的，差点没把我笑死。,others,-3.4527547,9.409738,9
709,人人平等，为什么你眼中你黑爹就高人一等？,Racism,3.2611833,12.973863,2
494,确实看见过“江苏这挨屠的地方就该全部死光”的说法😓,Region,6.897513,8.952263,6
1767,小孩都怕黑砸,Racism,1.7465397,11.332599,7
3124,不用干活，直接每年20万，奴隶爼极力推荐。,Racism,2.1985583,7.126887,4
7289,很多人对上海的刻板印象太严重,Region,5.5681868,8.722127,6
4878,找黑人的大部分都是追求性自由的，但她们不懂黑人文化，黑人没有责任感一说。他们才从部落文化中进化而来，他们与草原动物无异，都是雌性负责养育下一代，雄性只负责到处播撒种子。,others,-0.25775248,12.953111,1
2043,这是歧视，QJ是非洲文化，把非洲文化引进到国内,Region,2.2905211,13.002002,2
572,东北人才是最喜欢黑别人的，我就评论了一下，就被追着骂了,Region,6.7431307,11.456473,8
3800,再说了，神学学位算个鸟，迷信和宗教在中国人看来就是个屁。你让马丁路德金去考一考数学试试,others,-3.775679,9.678186,4
5918,江浙可是被搞得方言都讲不了了，嗯，这叫有话语权,Region,6.7947474,9.4718485,4
1568,阿三不比黑哥干净多了？🤔,Racism,1.7255511,10.574278,4
7554,祝福这两个人不得好死兄弟们记好了这个慕勾防止接盘,Sexism,1.1606225,8.23945,7
2739,因为你们这些无脑舔黑的人，才导致国人恶心他们，,Racism,3.2568324,10.946317,2
5636,好多人说他们女人不能上桌吃饭🤣🤣男的大男子主义严重。😅😅反正都能找出来点黑,Sexism,-0.7794429,11.277309,1
1242,我认为的偏见是指在还不了解真实情况或者了解不全的的时候就对某一件事情带有明显的情绪化和极端的观点，例如山西都是挖煤的，上海男人说话都是娘娘腔这种就是很明显的地域偏见，我认为你的好恶只是说你不喜欢txl，可我没说你是偏见。你的好恶是自由的，但偏见不是。,others,5.471977,9.950421,6
1408,不管是什么原因交往的黑人，都绝不接受,Racism,1.3003968,13.220081,2
6908,地方电视台，听不懂换台呗，上海人在上海跟上海人讲上海话，关你个外地人什么事?入乡随俗不知道啊?,Region,5.6610546,8.972315,6
3816,呵呵，反正你们这些夸黑人的人，遇到的黑人不是家里是酋长就是家里有矿，好家伙，黑人人均瓦坎达王子是吧？,Racism,0.30375248,12.613289,2
5968,老乡，井盖要吗？一个大胡子满脸堆笑看着你。,Region,8.526009,11.621279,4
1233,黑河南的很多、其他的都不是一个量级的、不要带入其他省、原因是什么、谁知道,Region,7.2127495,10.460549,6
6384,你厌女，你是天才吗哈哈哈哈哈哈哈哈哈哈哈哈,Sexism,-0.30277386,8.483988,0
843,不同人种之间存在智商差异是科学事实，科学真理不因谎言而改变。,Racism,1.8143979,11.69722,2
3103,肚子可以饿，下半身不能饿。😓,Sexism,-0.011027804,9.336907,4
367,视频我去看了，怎么从上到下都有一种被害妄想证。巴不得美国从地球上消失的样子。,Region,3.3401697,10.510284,4
6123,是，虽然消息被和谐了，但那三个默应该会被判刑法十到二十年左右,Racism,-2.1354675,8.97683,4
3240,我大学也没见过学生找黑人的，很多黑人的对象是社会上的ji婆,others,0.1468952,13.093915,1
6786,女人经常利用男人的性，把男人死死的拿捏，但是遇到我这个药娘，她们还是蔫了，女人pua男人那套对药娘无效，这又是为什么呢？,Sexism,-2.454807,8.112226,3
827,不了了之了。有些水军，还说自己错怪的宁波猩猩学院。,Racism,3.7445276,12.235219,0
3740,重点是又不是她们取得的成就，照她们这么说，男的牛逼的那么多那我也很牛逼，真的是明明那么普通却那么自信，别人努力的成果，她们在这里意淫打拳,Sexism,-1.0778781,7.878863,3
7026,这个视频里就是一个男的在吃酒席时和另外一个男的起了冲突，周围人在拉架，这个完全不沾边的亩?就拍了下来发空间，不知如何评价,Sexism,-1.3830465,8.351786,0
3877,而新移民甚至留学生，easyg天下文明，就是为了骗美国国籍的，当然以和白白黑黑一起为荣了。,Sexism,-0.025513506,11.527385,2
994,确实，不是专门拉外国人皮条的窑姐，人家都不接黑人的客🥰,Racism,0.4555094,10.200311,2
195,所有的地域黑都离不开媒体、平台的无耻,Region,5.7686887,10.157147,6
5446,她们艾滋病率远超失足妇女，会要人亲命,others,-2.632612,12.203338,5
980,上海歧视北京很严重的呀我每次看戏吃瓜都笑不行,Region,5.8833933,8.5237055,6
6837,猩球崛起，黑猩猩会成为世界的统治者,Racism,4.004211,12.889198,7
1744,这个垃圾，绝对是黑杂子,Racism,1.9869999,10.165288,7
76,说得对，我们没法分辨谁是烂裤裆，那只能摆烂或者先自己变成烂裤裆了😄,Sexism,-0.09063961,9.589275,4
5907,不要看到几个就觉得霉黑很严重，反正我见不少黑人，只看到一个体重两百斤的没黑女和黑人在一起,others,0.1665492,12.770645,1
3307,5毛呢，怎么不去把黑鬼都灭了,Racism,1.6917093,10.13716,7
4538,黑人也有好人，不能一棒子打死，建议多打几棒,Racism,2.5900779,11.891214,2
1429,这层主明显是东北，明知道你说的是东北，故意转移到西安，企图挑起矛盾。,Region,6.104027,10.965374,8
134,明明是江浙沪被黑的最惨吧,Region,6.6562023,9.031822,6
6425,这种男人可能心不坏，但是实在是很令人讨厌，往往把自己看得很高，虽然普通和自信是两个褒义词，但是这种情况下就变成了贬义，虽然呼吁大多数人都要普通且自信，但是这种男人并不仅仅是自信了，而是骄傲自负，自信过头了，是非常不好的一种行为。,Sexism,-0.23967002,8.79473,3
4973,春晚喜欢黑南方人娘娘腔,Region,6.659837,10.6507845,8
1855,资本主义的阴谋，女人购买商品的欲望强，这个社会早就在偏向女性了，我们只是争取我们男性本来该有的地位而已。,Sexism,-1.9487482,7.690544,3
5861,截图说的确实有道理，商女不知亡国恨，民族复兴，冲锋陷阵，难道靠你们女人嘴皮吗？健壮青年却每年都在减少，说实话，参军人数并不太理想，真以为世界是和平？,Sexism,-1.7618428,7.5425787,3
1352,知乎一直都是这样，管理员精神有问题,others,0.77441454,8.415559,0
7549,习惯就好小仙女都这样抬高自己贬低他人,Sexism,0.12163609,8.102817,0
4283,异性恋里不也一大堆普信男😅😅😅,Sexism,-0.07534479,8.767424,9
6484,这种女的就是以后说儿媳妇的人,Sexism,-1.3291016,8.886695,3
7572,搞半天，她也是个普通人。结果自己不把自己当人,Sexism,-0.9558471,8.914275,3
4721,你这个广东满子，黑河南、黑北方的总部是广州，核心地带是从上海到广州的整个东南沿海，范围是整个南方,Region,5.977453,11.911148,8
4544,在女权眼中，男人没有存在的必要,Sexism,-1.3625996,6.8990293,3
5352,湖北不会有男铜的，因为都被我绞嘞,LGBTQ,6.5916357,10.619361,0
3735,要换男的，下面就不会这么祥和了，得被骂得满脸血,Sexism,-1.1953166,8.53419,3
1284,国际除虫人人有责,Racism,3.1747642,9.283049,7
3179,那你这些闺蜜室友要是有个黑人老公，50%艾滋病概率，你还敢继续相处吗？,others,-1.4301479,12.581443,5
711,支持。反同迫在眉睫,LGBTQ,-4.9698105,9.950377,9
7373,我也不看白色区，不看棕色区，更别说黑色区。还是日韩好看😊,Racism,1.2679245,12.120835,2
717,一口一个普信男，你是微博里的普信女还是烂裤裆,Sexism,0.21638268,8.779611,0
3659,？基佬对社会的贡献远不如一个长相不佳的直男工程师,LGBTQ,-3.960019,10.643877,0
4041,你这种人多了，反感同性恋的群体也多了。其实他们反感的不是同性恋，是你这种道德绑架还自以为是的人,others,-4.0810385,9.2688,9
3404,我一说是安徽人就说我小偷小摸,Region,7.477937,8.9211445,6
6114,你急什么啊？好国男自然配好国女，你竞争不过好国男，又不想找eg，最后找了个越南🐵，还在这同情好国男呢？好国男表示，你谁啊？可别代表我，我手里没香蕉。哈哈哈。,others,-0.7435287,10.78242,1
1176,以前男人还留长发，穿裙子……来来来搞起来，男拳师复兴起来,Sexism,1.0768006,7.5002627,0
1761,说重点，艾滋病，要你命,others,-2.6556203,12.26027,5
94,“中国特色地域歧视”，河南和东北数一数二严重的吧，基本是被压着骂，你有一个反击十个人骂回来，真的羡慕互黑的。。。,Region,6.911576,10.700355,8
7292,便宜好女孩就嗯造??,Sexism,-0.32449818,8.832085,0
7397,可以考虑去东南亚国家，比如菲律宾 那里的女孩真的没那么多要求,Sexism,-0.40437898,10.517093,1
5407,杨笠们嘴里的普却信❤️❤️❤️,Sexism,0.20956445,8.664071,0
5206,你把舔狗龟男放到这个行列里可还行，自娱自乐真好玩,Sexism,0.5202039,6.755306,0
3578,作为一个在这方面很无知的人，通过举一些极端又片面的例子，公开发表对一个群体的主观憎恨言论。别人问候你父母也是合情合理的🙂,others,-3.6734505,9.924804,0
3749,微博发声的最大声是女拳，讲道理女拳如果不是说那些骇人听闻的反人类的言论，而是正能量的讲这么改变，谁喷你可能还成为主流思想呢，毕竟在中国女性在言论上还是受保护的。打嘴炮那些不算呀，如果硬要算那么低端我也没话说。是女性自己不争取正确价值观，让女拳这样妖魔橫行，而女拳要的条件是政府和人类不可能接受的，也就是说不会改变什么，占着位置不做事。,Sexism,-1.2305025,7.3856235,3
1179,垃圾：黑同，同意的顶。颠覆国人的三观，棒垃圾当宝贝。,others,1.7889923,9.711341,0
2847,最近黑上海的超过了黑北京的😅以前看黑上海的都会黑北京，好歹觉得公平😅现在黑上海的规模碾压北京👍😎😅,Region,6.062977,8.629083,6
385,我们人人祖传18代偷井盖，上古时期就开始了，井盖都是我们发明的，不然不好解释怎么上古时期开始的。,Region,8.519692,11.594878,4
2799,什么上海？那不是叫爱丁堡吗？,Region,5.7692513,8.842205,4
3337,感谢lz的社会实验证明小仙女就是想做,Sexism,0.35466984,7.618413,0
5679,逆向民族主义者😆😆😆,Racism,2.3397133,10.484193,4
2997,这么优秀的黑人找个这么丑陋的国女 不信 感觉严重造谣,Sexism,0.14140147,12.642018,1
6682,通讯录就是一群反人类的异类。,LGBTQ,-2.8554308,10.095695,4
589,也不一定，我有次在知乎评论区看了一个男的和黑人裸上身合影，应该是同，但是太不挑了😅,Racism,-0.08510474,12.635826,9
1534,虽然不合理，但对黑人，咱们是物种歧视😅,Racism,2.203043,13.242367,2
1409,她不要脸，我们家人还要脸的。她不要回本地生活，我们还要的。,Sexism,-0.6596444,9.384344,4
6006,看了那么多回答，没看到因为说害怕艾滋，搞不懂，男人娶黑女白女好像他们就没啥意见了，女人搞黑哥白男，他们反应好大，看不懂,others,-0.8079506,12.260554,1
7406,广州小北路。治安乱吧？隔不远就有警C观景车。,Region,3.5470989,11.928957,6
2578,跪族篮是很少数,Sexism,1.6793984,11.4346,7
7161,不会氙钕怕事情败露自己删了吧,Sexism,-1.4922986,9.155739,0
1858,关键是十月怀胎黑小孩落地，出院发现爹不见了😅,Racism,0.017524427,12.155906,7
1013,猩猩是人的话，那猪早就是了,Racism,3.9863734,12.892418,4
3283,16楼是个基佬。,LGBTQ,-3.9212976,11.242078,4
6055,他们没有智商,Racism,-0.95514166,9.252366,4
3713,人家说娇滴滴的时候 主要是说长江沿线 广东被说长得丑和东北被形容粗鲁声音难听😅,Region,5.5224977,10.912875,8
2484,你河南的？那我只能说你又拉低了河南人在我心中的印象,Region,7.959719,10.770222,6
3140,问:如何对上海地域黑?答:把它做过的再说一遍😆,Region,5.7507257,8.948845,6
7170,同是病，得治,LGBTQ,-2.9815917,11.612817,4
316,我在南方，这边人也不喜欢你们，好像。多从自身找原因，我在抖音聊天室，骂人最狠的就是东北人。。。。火药味十足的聊天氛围。。。。,Region,6.4982653,10.924555,8
4030,貌似青海是被黑得最少的，主要原因是存在感太低,Region,7.4338555,10.084002,6
2455,楼主圈子太小，可以去南京或者广州，武汉或者成都酒吧一条街和大学附近看看，现实会告诉你答案。武汉女大学生被黑人感染艾滋病，自己百度一下，你就知道了。😅🤣😆🐶,others,-1.285786,12.481434,5
1244,我们的学校是培养人才的，做学术研究的。现在变成了妓院,others,2.0023687,10.840976,4
7364,黑人为什么出不了科学家？因为黑人没有进化完全，四肢发达，头脑简单。科学这种高大上的东西，他们理解不了。,Racism,2.3547711,12.364023,2
6119,既然她们真的想跟男人比拼一番，那就随她们去吧。看来她们真的是以为男人活得很轻松。_x000D_7楼如果你真的变成男人，你就知道做一个无忧无虑的小女人找个男人依靠是一件多么幸福的事了。如果有下辈子我还想做女人呢_x000D_男人征服世界靠的是流血流汗，女人只需要征服男人就可以享受一切成果，多么轻而易举啊_x000D_但是，如果你想做一个爱逃避责任的小男人那自然会比女人还轻松快乐,Sexism,-1.5943099,7.795599,3
2308,接盘侠太好了，帮我们排雷烂裤裆,Sexism,-0.2987468,9.457185,7
7350,你以为同性恋都很帅吗？就跟一个丑男想要美女要看自己配不配一样，一个丑的要命的同性恋能找着一个帅哥爱上你？,others,-3.4971697,9.209714,9
3352,女生要求高唉?,Sexism,-0.45230347,10.378223,3
6073,既得利益者可真是笑死我了，得利的也就少数上流社会，底层打工人过得还不如卖啤的女的,Sexism,-0.7525719,9.768258,3
3398,如果说要反对嘿人留在中国，必须真实点赞率必须超过4.7亿人，也就是总人口的1/3以上！！！,Racism,1.8915954,11.823662,6
4611,尼说真艾可以永远~，一起去有尼的地方~,others,1.6487112,9.283217,7
669,郭楠不配，还是乌干达适合你~,others,0.8263714,10.356884,7
1828,因为黑人好色，所以只要是是美人计就来者不拒，再说它们智商很低,Racism,0.16277681,12.948872,2
1610,哈哈哈，上海被黑了开始反对地狱嗨了是吧？可是之前那些地方基本都被上海壬嗨过啊😅,Region,6.068502,8.63757,6
2264,应该说是，很多男人对供养者有误解。供养者对应的是女人三从四德。只要男人不外边有孩子了，彩旗飘飘都很正常,Sexism,-2.036209,7.6925898,3
5058,还别说，有句话我挺支持你，中国男人那么多，为啥要找外国人？就像，中国女人那么多，非要找外国人，一个道理，尤其是黑人。虽然，黑人有好的，但抱歉，针对黑人这个群体，我真的受不了。,Racism,-0.049666204,12.95424,1
6447,😆但凡这些姆的都去国外，也没毛病，但是，这些姆的都留在国内了，还生了小黑，有的还把HIV传染给老实人，这能忍？⁉人家老实人上辈子是当了汉奸还是卖了国家被整这么惨⁉？,others,-1.4294944,12.142447,5
6736,它背后跟畒是一个爹，一家人亲兄弟,Sexism,2.0390568,8.24058,7
798,还要排出云南和广西，毕竟云南都是悍匪，广西都是鬼火少年。🐶,Region,7.201688,10.067251,6
1235,什么男奴隶,Sexism,0.2300605,7.8873396,7
652,和杨笠宣扬的正好相反，大部分男性尤其是底层男性非常自卑，这也是舔?的成因。自信的男人只会靠自己的魅力吸引女性，而不会当舔狗,Sexism,-0.045880936,6.0729103,3
7236,如果你有数据就拿出数据说明是大多数，不要在这里'…吧'。简单说几点，艾滋病保密原则，留学生特权，以及各种各样的负面新闻（面对宁波工程学院的事，残忍虐杀，为什么不是立即绳之以法，要考虑他是外国人的身份，这也是特权)，中国人建立的国度，让外国人享受特权这是什么道理。三非黑人为什么不立即驱逐出境。凭什么入境不能查艾滋病？,others,-1.8905169,12.420748,5
2055,还有什么奔现的，基本都是男的舔狗才能找到那的女的，说的自己不是网恋游戏，去区服情缘贴看看，那是多少搞网恋找情缘的,Sexism,0.8521262,7.4879327,0
5329,😭黑不溜秋怎么有人喜欢。,Racism,0.81635934,11.877974,4
20,日本女人贤不贤惠我不太在乎，反正中国女人已经跟贤妻良母不沾边了。穆斯林女人贞不贞洁也不是我关心的，反正中国女人不太贞洁了。俄罗斯乌克兰女人漂不漂亮也就那么回事儿，反正中国女人已经靠着美颜、化妆变成世界第一了。非洲女人身材好不好我是没注意过，反正中国女人就算身材不好也是“仙女”。😆,others,-0.6271504,10.729638,1
166,河南有个屁的存在感,Region,7.37644,9.868476,6
1323,那些嚷嚷着女权的，不如你直接来当个男人好了，你当吗,Sexism,-1.4458004,7.283165,3
5173,只能说地域黑这种东西 是常态 改变不了的 和他们对峙也没有用 没素质的人哪里都有 以偏概全也不是啥聪明人,Region,5.5289984,10.1831875,6
641,这能挑起男女矛盾吗？不能啊，所以为什么女拳要冲它？,Sexism,-0.68714255,7.5617332,3
4659,这个没事，只要她还想和我走下去的话一概不究，但不能怀哥布林，不能藏匿超级病毒。,others,0.30638802,12.496532,0
1337,不想一棍子打死车、房、彩礼你们倒是一视同仁啊😆,Sexism,-1.9776663,8.97735,3
599,出来引战就别怕被骂啊母狗,Sexism,1.972773,7.920986,7
4945,有过-同居史-的-女孩-能-娶-吗？其中有效名词是同居史、女孩、娶按当前常见价值观，同居史和女孩显然不是不友善，所以不友善的是娶。破案了，不婚保平安,Sexism,-3.2213364,7.174069,3
2779,基佬太恶心了蕾丝边也恶心,LGBTQ,-4.300143,11.445673,7
5165,去理性，你去非洲跟黑人去说理性去,Racism,1.7820697,12.545349,2
4594,慕√口嗨习惯了，都快忘了自己什么pi样了,Sexism,1.2640815,8.429445,0
6385,我觉得很奇怪啊，我从来没歧视过外地人，我同学也不歧视外地人，怎么网上都在说排外，搞得我现在真的排外了😅,Region,5.6523128,9.427435,6
403,我可没认可答主啊，我只是说女👊,Sexism,-0.6103253,8.608462,3
5784,你说的很对。大部分找黑人的女人，其实分不清美国黑人，法国黑人，东非的还是西非的，总结起来，就是一无所知，完全不清楚这种文化差别会带来多少灾难，对于中国人，就要摸清楚脾气秉性，文化背景，对于外国人则毫不了解也行。这就是外国崇拜。,others,-0.2715231,12.926706,1
7441,早该抓了，女拳遭到报应。,Sexism,-0.6010077,7.318854,3
2957,不要脸的女人,Sexism,-0.8014275,9.2873125,3
4068,最开始的我:我不是种族主义者。我只是怕三非外国人让中国移动治安变的很糟糕。我支持高素质移民现在的我:老子就是种族主义者!,Racism,2.7608912,12.822305,2
5556,突然想起以前看到的，好些中国男的去非洲援建，然后在当地留下了大量混血儿跑路，不知道这些男的回来会不会也有艾滋……,others,-1.7317318,12.470889,5
7280,从小带有翻栋基因,others,1.9344732,10.593686,7
4870,哎?别吵了你们，去做变性手术一切不都OK了，爱当男的当男的去，爱当女的当女的去。当然你也可以选择不男不女，如春哥，他（她）兼具了男人的阳刚和女人阴柔，男权女权都快活，活的多滋润呀。,Sexism,-2.160031,7.3003926,3
609,只有一部分，知乎这话题底下大部分都是和男生抬杠的，装理中客的。,Sexism,-1.0817707,8.24889,3
1880,以上数据全部来自官方，比较详实，你可以不接受现实，你可以说反同是封建，你也可以大张旗鼓的宣传同性恋应该得到尊重——但是当你感染的时候，Hiv病毒可不会特别关照你，事实就是事实！,others,-2.6628351,11.797497,5
6939,陆续有无辜路人被烧晕，情况十分紧危机，人们正迫切地需要着反同战士的登场。,LGBTQ,-4.9758196,10.021518,4
5607,暴漫里的一群弱智小学鸡还帮黑鬼说话,others,2.0566561,10.952614,7
1046,需要那么多嘴炮政客？还是黑皮。,others,3.376396,11.32947,4
272,南方人的祖先从我们河南逃过去，这叫保存实力，东北不抵抗，就是没有血性，我寻思着有血性的也不会逃到南方吧,Region,6.1347585,10.816893,8
4456,百分之五十的艾滋概率，自己想吧,others,-2.5238705,12.085495,5
6156,其实现在知乎又有个挺别致雅名而这个雅名就叫虫乎,others,2.8216734,9.294578,0
8,我中国人，你喜欢黑人麻烦你走😠😠😠,Racism,1.6347549,12.376352,2
5264,还扯什么传播成本，那我是不是可以说男人更不挑，是女的都上，更可能因为滥交传染给女人，女人的性需求根本没有男人这么旺盛，所以一个男艾滋病人的杀伤力比女人强。,others,-2.4883842,11.972143,5
456,它们网络战斗力爆表，但凡稍有冒犯，必定要跳起来打你的膝盖,others,2.484674,11.429887,7
7351,黑就黑吧，心放宽点，不要跟地域黑较劲，离远点就行了,Region,4.9246407,10.3804655,6
7311,所以问题的本质还是出在肉体伤害可以定罪而精神伤害和冷暴力无法定量和定罪还是那句话，不扯结婚证啥事儿没有，再BB直接赶出门，反正房子都是男方买的,Sexism,-1.8739325,8.99539,3
4046,你看你看，天天都是你没看过。中国女性连印度、非洲都来着不拒。还穷地方向富裕地方？中国女性在香港叫北姑，在台湾叫大陆妹，在马来叫小龙女，在欧美叫Eg。你以为中国女性比那群东南亚的好多少？人家收钱，你们倒贴，这就是区别。,others,-0.5223882,10.608626,1
6422,拆除国内的倭狗街和倭狗学校！！！！倭狗日杂必须灭绝！！！！,Region,3.2563305,9.978749,7
3665,黑的暴行实在太多了，看到这些黑的所作所为还有人要为黑打抱不平吗？要是还有的话你的良心不会痛吗,Racism,2.8027842,11.60254,2
930,顶，气抖冷，剁jojo，男人什么时候才能站起来，男权的兄弟们呢，顶起来啊,Sexism,0.8868236,7.6709285,0
2262,外国老头都能找年轻的？,Racism,-1.050616,10.365366,1
4648,黑人是弱势群体是我听到的又一个笑话,Racism,2.6144855,13.17195,2
3094,江西女的虚伪到了极致，接触过就知道,others,7.3464503,8.266443,3
1433,缺乏父爱，或母爱容易扭曲，反对同性癖才是正道,LGBTQ,-4.2592926,9.704817,9
6434,给中国女孩按eg的是那些外国人🤣🤣怎么又是我们背锅了🤣🤣太牛了,others,0.52806497,10.749419,0
3615,不只是彩礼，一说到赣派建筑、江西文化、赣语、婺源，很多人就急着否定，说江西人自吹自擂，说我们跟韩国人一样,Region,7.340437,8.242177,6
3118,男的还是女的失业抑郁？男的话太惨了，女的话真是活该,Sexism,-1.5772115,8.144834,3
4896,中国艾比例0.1%，默超过10%,others,-1.8814433,12.468756,5
7222,没错，但是杀伪军和杀鬼子一样重要。,others,-5.01724,9.951859,4
3126,这个题主是个反串女，你睁大母眼看看好不,Sexism,-0.8201676,9.11279,3
335,怎么都是中国出的事啊？中国人咋这么能出事呢🐶🐶🐶,Region,1.8793474,10.707904,4
4677,姆蛆好不容易才找到的,Sexism,3.2580962,8.466289,7
2361,跟女权废什么话，徒增流量，直接举报啊,Sexism,-0.56575125,7.749472,3
1470,。。虽然我对这个答案也挺迷惑但是基佬就没工作就不能有工程师了？?,LGBTQ,-3.9291408,10.558768,0
2265,浩克傻东被歧视被人人喊打还得碰瓷一下东北😓,Region,6.7177672,11.438219,7
3895,女人嘛，很宝贵的，以前的社会结构下，男的结不起婚就是不行，就会成为老无所依的老光棍汉，现在农村养老院里住的可不都是老光棍，至于未来是什么样，我不知道，女权们也不知道，但一些人觉得可能和今天一样，所以她们继续自己的战斗，反抗能反抗的，占领能占领的，抛弃一切想抛弃的。,Sexism,-2.0146236,7.51584,3
5056,嘿蛆应该被从地球上抹掉,Racism,3.3548582,8.694497,7
6475,怎么又是东北人，你这样跟关里那帮有啥区别，那我还要说下次辽宁有事别带大连呢,Region,6.5969243,11.539467,8
3091,江西存在感低，想不起黑。安徽还好，但是，上海好南京好多人都歧视安徽人，这是我安徽朋友说的,Region,7.3509483,9.052636,6
3574,南满正在修沈白高铁。,Region,6.2217565,12.217447,4
3831,说实话 你挺自卑的,others,-0.37021995,8.840537,4
3608,很快就能解封的，性取向变态患者搞得鬼,LGBTQ,-3.8319623,10.058326,9
2291,共产主义点源头是哪里，不是西方吗？源自西方就是西方思想，早晚应该放弃的，只是需要前后顺序而已,Region,1.9519777,10.6582775,4
4381,同性恋没有正常人，低龄非主流觉得有和别人与众不同的思想很突出自己的高尚，就算有真正相爱的同性恋也是心理疾病，同时明明知道会遭到议论和歧视又改变不了，还是要为了自己的爱情把家人置于其他人歧视中的小丑，总结一下捏，同性恋是个自私而且低能，说理说不过又只会无脑的谩骂的低龄心理变态人群，同性恋这辈子就这样了,LGBTQ,-3.9871054,9.575342,9
7370,同性恋当然不是病啊.清除放射沾染，拿高压水雾往他身上冲一冲就掉了，而完全治理逆转录病毒，除了嘿嘿嘿嘿没有第二种选择.为了让某些猪队友不至于摇摆不定负加成，我非常非常赞成同性恋不算病,LGBTQ,-3.6593037,10.32087,9
4012,男拳和女腿，骚林捂裆功😠,Sexism,0.7809049,7.3652053,7
1629,我认同你的观点，就我而言来说，我是无法接受同性恋的，当然，我家人更不可能会支持,LGBTQ,-4.3509617,9.000077,9
2762,现在的女的真可怕。自私恶质，对男人来说就是祸害等级,Sexism,-1.5571858,8.194924,3
1643,因为你关注广东所以推送给你的都是广东，我关注东北推送我的全是黑东北的，那天我心思搜搜河南啥样，然后又天天推送黑河南的😅,Region,6.6178336,10.906817,8
3815,"南满:我们南方才不吃你们北方的粮食，我们吃的都是南方的粮食。北方人:断粮。南满:oh,no!米怎么这么少了，怎么买不来米了，面根本没有卖的。",Region,6.1764836,10.683094,8
1093,在路上遇到黑人 他们看中国女生的眼神都很恐怖 仿佛就是行走的生殖器 有些黑人甚至会来和你搭讪 我遇到过这样的情况 非常想骂他甚至想打他 但是我不敢 我只能快点走掉 为什么呢 因为我觉得他们可能会有艾滋 真的看到这种人 是从心理到生理上的恶心,others,-0.25313047,11.827169,1
3481,娶黑人的也会被骂,Racism,0.7982661,13.017689,1
4813,看看基佬的恶行就知,LGBTQ,-4.2712517,11.495553,7
488,居然只是不能接受被黑人睡过，你这要求也太卑微了吧🙄,Racism,0.8716729,13.186867,1
2122,当成女权来侮辱,Sexism,-1.4294606,6.835181,3
2765,一般这种男的最后都会被绿。,Sexism,-1.0588979,9.418668,3
5700,东北都被黑成瑞典了。。。就这样还有人说是东北挑起的地域黑,Region,6.3439918,11.005923,8
5010,很多时候不是恶性男同本身，而是恶心他们的是，这个圈子很乱，乱交得病的骚扰直男的占比很高，他们一定程度上吸引了社会注意力。然后他们被人家反感了又跳出来说歧视，然后普通人懒得和他们解释谁管你？！这种态度将错就错长此以往！,others,-3.485684,9.181696,9
6165,慈溪这边很多厂子都不招贵州人，不过现在好多了,Region,6.9445662,9.798308,6
5631,为什么这年头大家都默认男性不能为女性发声？,Sexism,-1.5694602,7.9328146,3
3364,这可咋整。反对种族歧视的没有几个（至少我没看见几个）替受害的中国人说话的。倒是一帮替黑乐色洗白的。这是反对哪门子种族歧视？这不就是他们抨击的以貌取人吗？自己就是种族主义者，还逆向的。跟我这反对种族歧视，别跟我胡说了行么？,Racism,2.8319628,12.788195,2
5880,很多跨性别这一辈子都想当女人。就开始学一些女人的特征，开始假装自己是一个女人。想了半天女人的特征到底是什么呢？没有想到自信没有想到包容没有想到善良也没有想到温柔，却学到了泼妇的刻薄。以及淫妇的放纵。,others,-2.0606058,7.3608522,3
340,日韩好啊，跪着让你伺候,Region,-0.131986,10.967322,4
6956,找黑男的也可能是要不到中国男，不要以为在中国男的多就容易找对象,others,0.24622336,12.797743,1
1933,这女的啥意思啊是自己烧还是被ai换脸了,Sexism,-0.40210792,9.047814,0
7471,国内有些女人跟非洲男人玩大了，然后生了小黑孩后，非洲男人跑了，一个人带着小黑孩。这样的女人你愿意娶了和她一起抚养那个小黑孩吗？,others,-0.2370233,12.35226,1
4685,"北方人不是讨厌地域黑, 他们只是讨厌自己被黑而已, 这点和黑人出奇的一致.",others,6.5919666,10.692147,8
400,仇视国男的一般就西方国家和汉奸,others,2.56871,10.574578,3
2817,wb懂的都懂，纯杀软,Sexism,1.6787051,9.04083,7
4749,看她会不会用一些女权最喜欢用的词，下头直男癌之类的,Sexism,-0.80677664,8.500235,3
1510,现实中没遇到过母狗，这些母狗在现实中太怂了，不然杀几个玩玩,Sexism,2.1154764,7.9089537,7
2330,除黑的到时也会打死你！,Racism,1.7614431,10.197432,4
6719,能被这种破戒指骗到的，怕是属于自然淘汰的吧,Sexism,0.33366752,6.717299,0
4505,某个博主被埃塞俄比亚入境官员收取四千多块的所谓相机税，说真的，比越南人还黑，至少他们只收几十块到一百块。,Region,2.983199,11.75544,2
457,你要坚持自己的想法，因为我也觉得同性恋很恶心，永远都不可能改变，太恶心了,LGBTQ,-4.2392054,9.012373,9
6500,反同赶紧领盒饭吧，嘻嘻,LGBTQ,-4.791858,10.126863,9
6368,什么是快乐猩球？,Racism,4.0028744,12.897698,7
3184,在上海，最被歧视的是上海人,Region,5.5551715,8.661517,6
6492,人家写明了妇女，男人还想有权益？,Sexism,-1.3650155,7.1680217,3
2665,总之，去了非洲基本上就完了，别说非洲了。看过人民的名义吧，一个副市长去的还是美国，结果过的什么日子？,Region,1.3463253,12.499899,1
5526,要不怎么说，中国女拳被全世界女拳圈鄙视是有道理的。美国女拳那是真牛逼，实打实。高中找帅哥就一帮人跳帅哥。中国女拳磨磨唧唧的，天知道帅不帅，就知道吹牛逼。美国女拳上大学没钱直接就糖爹。中国女拳磨磨唧唧说是男朋友。美国女拳喜欢黑色神族，人家是真的当单亲妈妈，中国女拳动不动就流流。美国女拳人家结婚就直说我是lkd，你不是lkd就是书呆子。中国女拳成天满嘴前男友渣男，张嘴闭嘴要求男人婚恋清白,others,-1.2503644,7.4772406,3
1919,私以为只有自身的素质、能力以及平和的心态才让人骄傲，新时代原来一省gdp也能令人狂妄，我在深圳生活时也没见到这高高在上的江北思想啊😓,Region,6.6542654,9.911349,6
4746,不喜欢就是不喜欢呗，哪个正常女的会喜欢黑人，怎么答主一说你们就跳脚了，非得逼女的喜欢黑人？,Racism,0.1408437,13.287694,1
6863,本来我的回复只针对层主我不知道你无缘无故来插一脚干嘛？只准层主地域黑，不准别人反击是吗？何况我的回复跟层主的回复比起来简直就是小巫见打大巫了好吧。层主讲述他们北方那边有根深蒂固的地域歧视，只要见到南方人尤其是讲粤语跟闽南语的，就会叫他们蛮子？认真的吗？现在中国最发达的就是讲粤语的香港跟讲闽南话的台湾了，说这话未免太自大太无知了。还说是由于现在南方发展好经济上来了，北方才没有歧视南方。哈？一边说自己是古代的文化中心，一边却什么都用钱衡量，也太好笑了吧。北方叫南方蛮子，南方叫北方什么了？南方对北方有过什么歧视性称呼吗？北方一天天在网上说被南方黑，殊不知最喜欢搞地域黑的是他们自己,Region,6.047789,10.601674,8
4922,非洲能跟中国比吗😅,Region,1.7553642,12.501706,2
7172,河南人偷井盖,Region,8.480936,11.529917,6
7791,请问你走路漏屎吗,LGBTQ,-0.32100186,9.483712,7
5842,对啊我个人就抵制男同了咋滴啦,LGBTQ,-3.4529293,8.717769,9
96,补充一下，不只是黑人，只要是找过外国人的我都不能接受,Racism,1.0041368,13.241023,1
4029,本贴已上首页，奉劝看到此贴的基佬都去看心理医生纠正取向，做个正常人。,LGBTQ,-3.8473792,10.106807,9
1155,为了钱倒是觉得可以理解，我这个回复意思是黑人太黑了，大家不太喜欢，但其他外嫁挺常见的，嫁个人实现阶级跨越不要太爽。,Racism,-0.34776452,12.592976,1
381,黑犯罪率高，还好人？劣质人种,Racism,2.8084402,12.099394,2
1268,国女不也一样xdz、金针菇、茶壶嘴嘛。,Sexism,-0.11497606,8.273217,3
6061,🤔当然要去非洲啊，可以当大酋长夫人，多好啊。,others,1.4230411,12.60074,4
3652,姐姐你的圈子有点小啊，我就见过黑白在学校门口扭打（女的撕打，嘿人被打），女的带着哭腔质问“选我还是选她”？。。。平时不知道用啥语言沟通，这句倒是字正腔圆的京片子。,others,-0.37541187,7.9515986,0
1012,和那群基佬一样，安能辩它是雄雌,LGBTQ,-4.094002,11.318791,4
3990,交往过的，不管睡没睡过我都不会要，当普通朋友都不可能。,others,0.20032142,12.784885,3
5658,所以，需要广大男同胞发声，多搜集一下男性遭到家暴的例子，然后大规模宣传，深入人心,Sexism,-1.5151448,8.401377,3
4854,你玩的默都玩腻了，你没玩过的默也先玩了🤭,Racism,1.1300594,9.350371,0
4289,她们跟谁结婚我们不在意，只要婚后别赖在娘家就行，孩子国籍只要不是中国就好,others,-0.17404069,11.426831,1
2183,还是太惯着了，才会给她一种自己是美女的错觉,Sexism,-0.99604833,8.725445,3
3049,男權社會：會出現很多優待女人的行為，甚至女性特權女權社會：只會一味女性特權，打壓男性,Sexism,-1.6491319,6.9854226,3
4072,黑东北的百分之九十是“好客山洞” 见不得中国好的是美国佬小日本 见不得东北好的是好客山洞,Region,6.804965,10.993336,8
3114,原来是个臭gay,LGBTQ,-3.067947,10.62338,7
7594,有时候我觉得自己很矛盾。我知道这是别人的取向，他们很勇敢，人也很好，我很祝福。但内心还是不适的，排斥同性对自己的表白。,LGBTQ,-4.075552,8.998233,9
681,别被带了节奏，国内网上很多越南人觊觎两广，想挑拨粤和内地的关系，反 送 中就有很多越南人的影子，油管推特越南人的言论我看了不少，大致是想曲线“收复”。当然还有一部分高贵中原人跟着黑，转身捅自己人，那就是蠢了,Region,6.0089693,10.976077,6
7207,快乐教育的产物😓生怕我们不知道她们是圣母，还有他们那些极端动物环境保护组织的人 一群玛利亚,others,2.760262,10.389472,4
6783,在新疆工作过两年，本地汉族很排外，问题是他们老家也是内地。,Region,8.093262,9.514562,6
4466,你说的方面都是无关紧要的，河南才是真正悲惨,Region,7.4937344,10.602658,6
3032,哎，我就不一样了，是外来入侵人我就歧视,Racism,2.6803524,13.535806,2
1142,艾就一个滋，你只试一次，黑人有百分之五十的艾滋携带，有群p文化，试试就逝世，得了艾滋真就完全性社会死亡了。,others,-1.7670195,12.574876,5
6363,记着有对上海夫妻，老婆生了个黑人小孩，这种才是被批判的。,Racism,1.1355183,12.61964,2
1465,有个个张口“普信男”的微博在，小孩怎能不有样学样。,Sexism,0.11537038,8.853814,0
802,可能这样还比拳师好看点吧,Sexism,1.1366,7.287441,7
2841,额，我想问下你们这些吧都有什么活动来反同，如果只是说说我觉得……没啥意思,LGBTQ,-4.724511,10.260987,9
4465,亚非拉◎◎◎不要说我无情,Racism,1.4785616,12.302465,7
1224,内卷是有底线的，你本科毕业再怎么卷，即使在家待业也不会去扫大街。那个男的接这盘，一辈子抬不起头。,Sexism,-0.0032814085,9.325939,0
3356,你信不信很多女人连巴基斯坦、伊拉克、埃及在哪都不知道？还分清美国黑人和非洲黑人？想太多了吧。,others,-0.14444956,12.821119,1
2141,草，我不是男同，我也觉得恶性，那我是不是和你一样也是男同,others,-3.5163412,8.894468,9
6886,莆田系医院难道不是骗？哦，莆田系医院不是骗，是杀人，莆田鞋难道不是假？,Region,8.421115,8.899054,0
2938,不用太担心，喜欢黑人的很少，说句不好听的现实中女生都多多少少有点歧视黑人。主要网上那帮挑搞男女对立的渲染的太严重了，很容易让人跌进愤怒的漩涡。,Racism,0.09726143,13.048908,1
4299,扯吧，微博豆瓣小红书哪个不是女性的天下,Region,-0.18084468,6.6558905,3
7127,今天我在浦东新区某镇看见一个身材高大肌肉壮硕的黑人和身材矮小的中国女子在一起，去一家洗浴洗脚中心里面去了，真是没办法！我十分反感中国女子嫁黑人！,others,0.37550533,12.727371,1
3577,对啊，我也是这样，看到我喜欢的画手是同，就接受不了，可是他的画风我真的好喜欢啊,LGBTQ,-3.9263816,8.665019,9
354,当当当，请问毫无存在感的吉林可以说话吗？,Region,6.968135,10.5402355,8
3911,想下一杯水滴上滴墨水，还它嘛好看，还它嘛不黑，黑人总是美化自我，抬高自身，只懂得向欧美索取对于先辈的赔偿，却永不感恩如果不是欧美亚人类，非洲还是石器时代！,others,2.269907,12.358837,2
6622,想想外国怎么黑中国的，掌握媒体话语权的都喜欢抹黑别人，因为自己没啥优点只能用过抹黑别人来显得自己有优点。,Region,3.2245145,10.767199,6
1188,你知道和狗狗吗？这就很容易解释郭南为什么觉得默过的女人很恶心了。,others,1.6672225,8.953657,4
7420,骂河南人是关内 逼的那位老铁的家乡啊😆,Region,7.371126,10.586881,6
1413,上海人路过，我有时候特地喷喷这种有问题的人发泄一下垃圾情绪，上海是风口浪尖的地域黑这种事从来不缺席🤔,Region,6.0158963,8.9821825,6
7550,这不慕勾阿娜么,Sexism,1.239893,8.2371435,7
4783,如果不驱除这黑虫到时候全是这样的小黑虫说自己是汉人是华夏子孙,Racism,3.224121,9.376517,2
5855,啊对对对，众所周知：河南，河北是不存在同性恋的。🤣,others,-4.209984,9.611343,9
2307,见到黑人就应该上去群殴他们,Racism,2.8836608,12.36412,2
2754,害，现在不管怎样都能搞歧视经济发达地区就说你搞小资，什么精致利己主义😅,Region,5.818791,9.232141,6
776,这种太恶心了，弄不好国内的接盘侠感染艾滋病了，所以对那些来路不明的女的，一定要搞清楚来历啊。,Sexism,-1.1876446,11.721112,5
1863,别打拳，打什么拳，点踩举报完事。,Sexism,0.8475987,8.172041,0
391,就不该让这些家伙离开非洲,Racism,1.7902935,12.5785,2
4902,传统以来的观念：男人就该让着女的，她骂你忍着，她打你身受着，男人不能反抗的。不懂有这样观念的社会为什么是父权社会。,Sexism,-1.5542234,8.497759,3
6172,男权：我们反女拳不是反女性。女权：所有的男人都没一个好东西。,Sexism,-1.3696359,7.656243,3
6613,去这个索玛女王微博看了一下，全是女拳，大家去看一看，我真叫恶心着了,Sexism,-0.9492836,7.216792,3
4707,我有个发现，大部分反对同性恋的人很少有支持吃狗肉的，可能它们觉得一边反对同性恋一边支持吃狗肉显得很分裂。可我不同，我觉得同性恋很恶心，但支持吃狗肉。,LGBTQ,-5.2641797,10.8265505,9
3748,我在湖南黑车基本都被打烂了 初到黑龙江 ✌️一口南方口音被坑了不少钱 难怪叫黑龙江,Region,6.571809,11.116795,8
2218,没见过，只是他说“朋友说新疆人拿刀砍人很正常”我就回了这么一句,Region,8.440074,9.572364,6
5964,母人进来啦,Sexism,1.9864964,7.850551,7
3079,有孩子的父母最明白这一点，对智力还没有像正常人一样高的同恋，始终要有一点耐心处理，所以希望同恋能明白父母含辛茹苦的养育之恩，知道自己孩子是同恋就像长不大的孩子对父母来说真的是很痛苦的。,LGBTQ,-4.000701,9.713783,9
2420,在东北上学的人表示，他们一部分人，直球直起来很离谱，很自私，就是说的话完全不考虑别人想法，但凡一点不顺心就咋咋呼呼的，这种个例占比虽然也不多，但碰上了真是恶心得够呛,Region,6.5521817,11.16091,8
4577,明天这里会不会有黑小子来？,Racism,2.0253398,11.257527,7
139,你踏嘛的是不是觉得你的白叠就应该理所当然的在那,Racism,1.0090895,9.252,7
4755,前男友是黑人，就跟孩子不是自己一样，没人能接受，能接受的都是有绿帽癖的男人，喜欢看别人干自己老婆，,others,-0.039737396,12.940739,1
3959,狗带风向是一回事，女性群体中一部分跟狗走那是另一回事🤔你觉得呢,Sexism,-1.1692604,8.621767,3
4603,人跟动物就不能混在一起。,Racism,2.1633224,13.14451,4
1837,洗头佬罪不至此,Racism,-0.23254469,9.769903,7
3455,或者说的明白一点，要男人买房买车高额彩礼，就要婚前处女，三从四德。你要结婚前花花，那么结婚也得AA现在的问题是女拳要婚前花花，还得男人买房买车，高额彩礼。男人不同意就舆论打压。不让说话就用脚投票吧，现在结婚率不就是明摆着的么？,Sexism,-2.0443301,7.3660946,3
1869,它和广大女醛全体紫砂估计大伙就能原谅它们了,Sexism,0.14030574,8.3275385,7
4494,犯罪的小仙女都有病捏,Sexism,0.3403488,7.501788,7
2412,原来是睾贵的八旗老百京王爷啊？那没事了????,Region,4.428565,10.207255,7
5389,现在的男权吧，已越来越不像男权吧了，貌似已逐渐在女性化，被女性占据,Sexism,-1.2501625,7.437526,3
2681,跟后天的教育有关，但是吧，非洲包括西方世界里的黑人，有受教育这一说？,Racism,2.139359,12.421234,2
2247,艾滋病不在我的关注范围内。我只在乎黑人基因会不会留在国内。你要反对艾滋病是你的自由，但与我无关。,Racism,2.6800613,12.959915,5
4195,这事必须闹到外地审判才有可能翻案反正湖女省的司法机关真不好说钕拳之都,Sexism,-2.210384,9.186896,6
5648,只要是和歪果仁上过的，看都不会看一眼，脏的要死，还怕唉死病。。。,others,0.49060005,11.353306,1
5615,嘿人删我贴就是**子！,Racism,0.7852693,8.559893,0
4994,老乡鸡，只做最纯正的乡批,Sexism,2.1236136,8.4656315,7
6220,easy girl懂？无缘无故扣这个帽子？崇媚洋外中国好像很普遍，某些大学一年十几万几十万请连汉字都不认识多少的“高材生”？国内211随便挑几个会比这种人差？,others,-0.29514578,10.840976,1
3921,基佬艾滋。,others,-3.8271286,11.856008,5
3467,我要是这男的，看见她拍照片就一盆洗脚水泼她脸上了,Sexism,-0.8892823,8.916843,0
2653,南非被黑人接管以后大把的社会资源和教育资源落在黑人手里，然而呢,Racism,2.1950238,12.416079,2
4458,犯我河南者，有井无盖,Region,8.485125,11.571571,4
3494,在网络地域黑眼里，穷是原罪?,Region,5.4993324,10.049372,2
1084,洋人真高贵，放个屁都是对的，你是站不起来了,Racism,2.5977962,10.984784,4
603,你可能看不到黑人对你女友玩得有多花,others,0.4168897,13.259367,1
6891,现在情况是黑帽门，媚黑，ez群体已经把中国女性污名化，中国男性不再信任中国女性了。信誉受损这种事情很难恢复。,others,-0.9266495,11.179077,3
7225,是默不是嘿😆,Racism,0.88525337,9.675049,7
68,提到骗还有福建😅十个福建九个骗说的也不少,Region,8.429469,8.886673,6
7374,兄弟们，它们拉黑我了,Racism,-3.9485698,11.305818,7
2271,现在的问题是，中国男人要求做供养者，还要作为爱情提供者，这就离谱了，离大谱,Sexism,-1.9767764,7.7787423,3
3526,基佬大多数只会骂一两句就不回，这就是纯种懦夫的表现，赞成？赞成,LGBTQ,-4.0469093,10.956706,0
430,普信奇趣蛋也就能想想了,Sexism,0.3930197,8.748275,7
1524,你圈a准一点，我这差点出南拳了,Sexism,0.28056028,7.381397,7
326,人家不就说了个普信男吗，又没扫射全部男性，可就是架不住有些人着急对号入座😄,Sexism,0.0596434,8.668236,0
2177,中国男人不配我们中国女人🙂,Sexism,-1.3771902,10.4332285,3
705,多少真实案例，，她们还不吸取教训？她父母也是失职！不好好教育闺女，养个女儿让人玩，让人骗,Sexism,-1.4045624,9.24574,3
2605,恶心，同性恋怎么没有问题？当然有问题了！,LGBTQ,-4.5275936,9.177101,9
1717,肯定是女滴先打的，弄不好连婆婆都骂了或打了！男人再不打它，如何做人？？？女的肯定骑脖拉屎太过份了,Sexism,-1.5097542,8.61524,3
6271,默默太恶心了，受不了😱,Racism,1.1339782,9.805171,0
6226,这要再加上在山大当过学伴，buff就叠满了,Region,6.2847633,9.6210165,0
4747,就算黑人不肯结婚 她也不会分手你信不信 她在利用黑人赚取流量,Racism,0.087976806,12.825367,1
1776,确实在骗你，在美利坚亚裔男的地位最低，内个在那里比亚裔男对异性的吸引力都要高不少。当然意识形态在他们那里确实影响不小,Racism,-0.9225024,10.893118,1
4782,不按照母拳预定的轨迹和套路行事，大概率被母拳成为普信,Sexism,0.6153351,8.507344,0
1676,怪不得女的一嫁给外国人，屁股都变成那个国家的了，原来是因为跟这边断了，接受的信息都是另一方了。,others,-0.6485046,11.234482,1
5551,直男天生就有暴力基因，得不到就毁掉，对喜欢的女孩表白被拒就女干杀的犯罪行为数不胜数，可怜的花季少女就这样殒命男人的手里，因此支持所有女同胞和我起仇直男，恐直男，直男都应该去死。,LGBTQ,-1.8005598,9.223767,9
5531,哈哈，作者外国男朋友的特征，如果出现在国男身上，就不是优点了，毕竟这些特征那么普通又那么自信。,Sexism,-0.9051356,10.633823,1
7121,青海人少，没存在感，，，,Region,7.5209594,10.0710125,6
330,恐怕从这个尼从出生到现在都没洗过头吧！太恶心人了！光看到就反胃！这女的居然不嫌弃，看来是真爱了,others,-0.24337915,9.777778,0
479,哎就算没有亚裔他们也还是社会的底层,Racism,2.9487464,12.895091,2
5944,我怀疑你在侮辱窑姐，即使窑姐接了还挣钱的呢，她们白给甚至倒贴🤔,Sexism,0.41153443,10.075759,0
5826,关键是这些女的喜欢留学生也就罢了，能从一而终不负初心也是好的，但实际上大部分最后浪完回头找国内的，当初是自由快乐我的身体我做主，后面是严防死守拼命隐瞒感情史，防不胜防啊,Sexism,-0.79931074,11.00503,1
172,我也感觉...其实现在表面上多少人接受同性恋，就是跟风而已，跟风瞎yy别人的人更恶心我觉得，就拿我同学的例子来说，别人以为她是同多少想远离她，哪像网上说那么好听,LGBTQ,-3.7885358,8.899614,9
2645,🐮人口多嘛 不过很多把潮汕当靶子 也有把潮汕切割出去的🤣,Region,5.764697,11.1958065,6
4932,牛马男人做，上层女人做。然后满嘴都是男权社会。,Sexism,-1.6128963,7.0417786,3
7088,把个人资料公开下以后男性司机全部拉黑她就行了,Sexism,-0.022917558,7.060005,3
986,浙江人在东北不被歧视吧，浙江卫视台倒是全国各地都在骂，不知道你们浙江人骂不骂，在北京浙江卫视都被骂成韩国卫视了，比韩国人都能抄,others,6.8288484,10.927365,8
4405,作为一个女生，我也看不惯和黑人交往的女孩子，反正不知道为啥，就是对黑人有点莫名其妙，心理上的厌恶，我觉得男孩子不肯接受这种和黑人交往过的女孩也是很正常的，不过嘛，毕竟那也是人家的自由，我觉得难受，我觉得不舒服，我躲远点就好了，反正我是不会出言诋毁😅希望男孩子也可以这样，大家知道他是什么样的人就好了嘛，不能接受就不要接受，不过进行辱骂就有点过了😅万一对方的法律意识有点强，被警察叫过去要求道歉也挺难受的🍉,others,0.012305122,13.242825,1
1271,这倒不是，广州在知乎只有吹捧没有黑。很多北方人以为南方系媒体吹江浙沪，实际上南方系既黑北方也黑江浙沪，最擅长的是挑拨北方和长江流域互撕。,Region,6.376439,10.211477,6
6287,吴施蒙事件，她前夫张哥也不知道是祖上造了什么孽，好好的结个婚，就一顶顶黑帽戴得天下皆知，闻名遐迩。最后离婚了失业了抑郁了,others,-0.71688735,11.598556,0
6638,不不不，视频中只有一个小孩，另一个黑色的是动物,Racism,2.0121586,12.99182,7
6679,esgirl👍️,others,1.0130787,10.787463,7
1279,到什么山上唱什么歌！身为中国男人，该负的责任就得负，不能跟黑人一样！,Racism,2.0934315,11.632626,2
7333,什么垃圾昂撒,Racism,1.8319623,9.753491,7
4842,黑和同：艾滋病的高发群体，这一点高度相似,others,-2.5497262,12.022862,5
5825,跟我一起唱左炸🐔右🍉吃完一起摘棉💐,Racism,0.10594936,9.397928,7
4649,我真的非常害怕浙江人 点开主页清一色滤镜和戴妃包迪士尼纯欲妆岁月安好 一开口吓死人了,Region,-0.014357029,7.7713213,0
1956,所以中国的艾滋病感染率9%，这部分女人要贡献很大一部分。政府的恶意不作为其实也给很多接盘侠男生带来伤害。政府好像2010年左右取消了外国留学生艾滋病强制筛查。,others,-1.9320493,12.356803,5
1467,我不会表现出歧视你，我只会远离你，你嫁给什么人都行，只要别被抛弃了又找国人接盘，嫁给洋人也别留在中国，我就是民族主义者。徒增笑料罢了。,others,-0.16679776,11.380589,1
1897,本人男，被女友戴了贞操带，女友不戴。我听说有好几个女的给男友戴贞操带，没听说过男的给女友戴贞操带。,Sexism,-2.2606308,7.7685356,3
5364,这能叫歧视吗？我在自己的国家，自己的土地上排斥外来种族，这能叫歧视吗？我这叫保家卫国,Racism,2.7588701,13.361697,2
2725,"微博女权现实中被曝光已经结婚,有老公在网上发反婚反育忽悠其他女人不要结婚",Sexism,-1.7266511,7.418581,3
2872,大家知道怎么让人没法关注我吗？有个叫蒋仁贵的黑咋种老是要关注我，也是无语了！,Racism,1.0054446,8.643425,0
6534,话很难听，但不幸的是却是至理，不说黑人了，看看“我大清”制造扬州十日、嘉定三屠、江阴屠城、广州屠城、大同屠城、剃发易服的八旗屠夫们的历史地位，看看现在影视界、文艺界、所谓的“学术”界，“我大清”简直就是开天辟地以来最光辉、最伟岸、各个“千古一帝”的神存在！人必自辱而后人辱之，对于国人来说这并不是一句警示恒言，因为毫无任何警示作用，而仅仅是一种真实的生活写照而已！,others,3.0394452,10.857624,2
2507,这就是批判婚姻制度的♀⭕️,Sexism,1.0273336,12.560059,4
6011,为啥总有虾爬子一样的二极管？正常化就正常化呗，非要跳出来表示同性恋就是高贵就是先进就是现代化吗？扯犊子,LGBTQ,-4.1338964,9.807611,9
2830,通讯录就是素质感人捏珞复读和被害妄想症已经算轻的啦,LGBTQ,-2.77373,10.087676,0
169,但是上海确实排外歧视很严重啊:-|,Region,5.570941,8.743587,6
6005,我倒是不歧视有过黑人男朋友的女性。因为这属实光宗耀祖了，还敢歧视！,others,1.0109134,13.142473,1
4890,曾经我反对人种歧视，如今除了黑人,Racism,2.2677608,13.488535,2
1729,主页整天搁那和不同的白楠yy，就算你真的那么有钱也不妨碍你lkd,others,1.0238576,9.197917,0
6584,有人以生混血儿为荣，部分女生想生混血儿，我真是佛了[吐]，几乎在全世界所有国家，混血儿都等于**，是不被主流社群待见的，饱受排挤的，而有些女生，竟然不为本民族的血脉感到骄傲，不可理解！痛心！,others,1.1886874,11.756136,1
6485,好了，这都成东北圣经了。东北人把两家媒体的报道拼接起来，就来骂别人双标？！😆,Region,6.254184,11.141175,8
6563,在上海，当地的大爷大妈会时时刻刻提醒你是乡下拧🤭,Region,5.7692027,8.8514805,4
5852,天天有人惦记你的屁眼子很高兴，兄弟你是真不挑食呀。,LGBTQ,-0.32450485,9.567788,7
3101,他们会很巧妙的在任何讨论和争执中把自己伪装成一个受害者的形象，正常人只要表露出一丁点的对同性恋不支持的态度，就会立刻被扣上无数的帽子口诛笔伐，好像同性恋才是唯一正确的生活方式一样。然后借同性恋与主流不符的这个特性，在天性喜爱叛逆的未成年人群体中大肆宣扬，潜移默化的改变正常未成年人对性的认知，让未成年人认为同性恋是酷的，很帅气的，很另类的。以此达到壮大自身队伍的目的。,LGBTQ,-3.9776812,9.631519,9
5011,这不废话嘛，能找到年轻的谁会找年龄大的,others,-1.4703318,9.763522,3
2982,黑人自己喜欢到处移民去享受别人创造的生活条件。为什么只有黑人一再喜欢强调我是中国人，我是法国人。我是英国人美国人。但是这些国家除了美国之外其他国家的原住民根本不会认同它们是同族的,Racism,2.2705722,12.7597475,2
5375,凭那句你您不好看，女拳就已经炸了，直接拿出包里的刀开始暴金币了,Sexism,-0.4135941,7.8860593,0
3289,上帝的伊甸园里牧狗是骨头变得,Racism,1.9741138,8.70906,7
1728,老黑一直都是边说人家歧视他边做伤天害理的事。,Racism,2.3015885,13.377639,2
4989,台湾有一款蔬菜，形容大陆女人的廉价，为了嫁到台湾无底线，那种蔬菜就叫大陆妹,others,-0.37135267,10.740104,3
3385,小仙女根本不怕你们躺平而是外娶,Sexism,0.2875158,7.5220265,7
3030,外国媳妇的话，日韩越的还能接受，至少同人种。,Racism,-0.058418967,11.279771,1
5981,所谓“男人比较邋遢，女人爱干净”的刻板印象是咋出来的,Sexism,-1.8434007,7.5689397,3
970,是啊，现在贴吧没人看了，我们都转战抖音了，抖音现在是默默的重灾区,Racism,1.0931774,8.475115,0
3007,他们就是典型的欺软怕硬的，又没自理能力的一族,Racism,-3.5300353,9.631204,4
2550,现在不是已经有了吗？那个中非爱情故事的邱昱不就是。马丁路德金只是为黑人争取权利而已。并没有为美国争取利益。时间会证明一切。马丁路德金其实是个罪人,Racism,2.7666593,11.060272,1
6408,那基佬敢在部队里承认自己是同的身份吗？,LGBTQ,-4.0591183,11.228,9
3942,幕刃瘠薄又逮着“理”了,Sexism,2.892147,6.5235934,7
4060,这种人就纯粹是同性恋里的败类，人们对同性恋不好的印象几乎都是这些人搞得。,LGBTQ,-4.736079,9.575271,9
597,黑人可是有共妻的习惯的，想找黑人的人，好好想想吧🤔🤔,Racism,0.24584934,12.841335,1
4097,有人为了骂原，甚至会和女拳站一边吗？,others,-0.8334972,7.4204173,3
6480,说实话，网上挑起性别对立的基本都是猪精，正常人都忙着生活忙着工作以及同闺蜜逛街这些不比打拳有意思，这些人怕不是被同性异性都孤立的存在,Sexism,-1.2823286,8.12497,3
5509,你们东北人最自卑了,Region,6.737232,11.389232,8
350,幕刃应该把他自己和女性割裂开,Sexism,2.6737487,6.750255,4
2995,？？？？？？？为什么这么拐弯抹角的给自己长脸？？？？？不懂～～～感觉江苏在外面得瑟自己“十三太保”是挺丢人的，摆明了不团结，结果还这样美化自己。另外，歧视江苏浙江的人很少的，人家歧视也是歧视上海啊，关江苏浙江屁事，还轮不到江苏浙江拐弯抹角的给自己长脸吧？,Region,6.75552,9.142154,6
296,你在知乎和今日头条多搜搜河南为什么被黑这类问题，然后就会给你推荐类似问题。然后你就不会觉得委屈了😂😂😂！河南仍然是地域黑的最大目标！,Region,8.080126,10.737369,6
3205,我一直厌女但这样的话太直接了只要表现出自己一点厌女就会被女的集火攻击不管上到40多还是下到13~4的那种逮着你就咬一点人简乐趣都体验不到后来我就隐藏了起来比如搞妞妹儿的时候我什么也不表现后来我就又成了她们嘴里的老（渣）鼠（男）人呜呜呜呜呜,Sexism,-1.0933307,8.324964,0
4131,不能带走孩（串）子（串）😆，这难道不是好事嘛,Racism,0.621566,11.490444,4
6024,东北医疗、教育、住房、养老金都是全国顶流，经济仅是不及东南沿海。鄙视不存在的，部分人敌视倒贴边，据说是历史上被揍怕了。,Region,6.79779,11.19814,8
2843,黑人的好人大多在电影里，坏人在现实中。,Racism,2.682971,12.068262,2
3614,不是回来欺负老实人，而是根本就回不来了！国家统计说女比男只少三千万，但实际上你感觉址这个数吗？就是因为被外国人骗出国后杀了不少！,others,-1.597498,12.314381,1
5065,非洲有些国家艾滋病竟然占了近1/3。就这还不劣？,others,-1.8115032,12.548857,5
7427,努力蛆被嘿玩意骗后，身染艾病，疯狂报复同胞，看到嘿玩意犯罪强力证据后经常装瞎，一有说嘿玩意不好的就神经错乱强行狡辩，吧友从没把它当回事,others,1.951075,9.651871,0
6740,原来美国佬想把中国分裂成几部分，从而抑制中国的发展，首先它们就想把东三省分裂出去，这样粮食和重工业就与国家分离了,Region,6.420927,10.736567,8
6022,我之前一直感觉没人黑安徽都是黑河南后来浙江和上海的朋友告诉我他们那边对河南的歧视反而不如安徽我也不是很懂为啥😅,Region,7.9456797,10.506689,6
2977,请搞清楚不负责和戴绿帽的区别，黑是拔屌无情不负责，帽控是生下来我养跟他姓，老贼是别有用心的生下来看性别决定干什么😆,others,-0.064451784,12.1976595,1
4497,在这事上真应该参考日本的做法，限制黑人进入国门，真不知道引黑人来中国到底有什么贡献,Racism,2.4542212,11.914943,2
2907,母朱的兄长似乎出现了,Sexism,1.9561429,7.8482537,7
5142,还赶不上失足妇女，失足都不接默,others,-0.8709724,9.434261,3
5646,禁止种族歧视，吧内话题:亚楠为何这么丑,others,2.7880604,12.761471,2
1571,这个仙女其实就是女权定义里的女强人,Sexism,0.23216425,7.9300117,3
5335,哈哈哈哈还不快去把肖万救出来，那是世界英雄！,Racism,4.1551785,12.258803,7
1437,行行行，女的都是八婆，男的从不八卦，男的看娱乐新闻都会立刻去世，不死就是没有男子气概😄普信男值得骄傲，值得赞扬，您满意了吗😄,Sexism,-0.094592005,8.665082,3
4832,美国嘿人马丁路德金嫖娼考第一,Racism,2.7503896,11.037957,7
1724,女权发展一百多年，也变味了(悲),Sexism,-1.3712513,6.772815,3
4557,然而事实是男同和女同为了过上正常人一样的生活 往往比普通人更加优秀 尤其是没有退路 不优秀就要去结婚的女同 比普通女生努力不是一星半点,LGBTQ,-3.5435343,9.946122,9
7598,拿就业来说吧~企业或公司，肯定只能追求利润。因为那样才能生存下去~这类规定实际上只能起反作用，让用人单位更加千方百计地不接收女的,Sexism,-1.9036952,7.9213247,3
547,直接不接女单就好了，吊事那么多,Sexism,-0.6116035,7.5875134,3
2839,我看各种车祸事件也怕肇事车主是女司机，不然也是群嘲，异曲同工啊😅,Sexism,-0.86043197,7.8060904,3
3456,不是你们先来碰瓷的？????,others,0.83907974,10.022475,0
2823,这酒十分地珍贵，应该让小仙女先喝。,Sexism,0.21102218,7.6053386,4
804,我这个失败者都能让黑小子和他们的黑爹如临大敌坐立不安，仅仅是我一个而已，可见所谓的“成功人士”是多么的心虚。,Racism,0.5284324,9.825675,4
1677,黑人会吹牛，个个黑人都是牛津大学的博士，黑人他爸爸是剑桥大学的博士。有妹子就是因为这个被骗了。,Racism,0.18015504,12.773382,1
2173,江南对北方并不是很歧视，相反川渝很歧视北方，也是带节奏带最狠的，我去川渝就经常有人跟我说“你们北方人抗日不抵抗，我们川军……”“东北衰落，西南崛起”,Region,6.0923576,10.639906,8
6467,这不光是黑人的问题，哪怕是白人也不行，甚至，哪怕同样是黄种人，别的国家的也不行。你中国人不找，找个日本人韩国人，我也是膈应的。,others,0.44473675,13.157492,1
3657,你说的有一部分道理，但是有些人是跟风黑的。东北人才很多，但是你说的那种人也不少。多数在黑龙江。,Region,6.657351,11.09848,8
2556,不喜欢黑小孩加中国国籍留中国,Racism,1.3195102,12.148821,2
3063,这里面这两货虫类把它们野生动物生物物种形容成狗类这简直就是狗最大羞辱它们野生动物生物物种在严格科学研究定义与众多证明下给出答案它们野生动物生物物种是属于昆虫纲最低等卵体寄生虫。,Racism,3.0624287,9.412966,7
226,这关普信男什么事呢？,Sexism,0.083695106,8.723542,0
2713,少说什么，黑人也有好人跟坏人，日本人还有好人跟坏人呢？日本人还有共产主义者呢！有如此的胸怀广阔，选择帮理不帮亲，劝大家后退一步海阔天空，那我也劝大家不要再跟美国人竞争了，美国人科技先进文明发展一统全球文成武功天下盖世，让它们统治全球肯定天下太平？🐶,others,2.4702547,11.73455,2
5338,黑江西的也不少，都成正确了,Region,7.2566447,8.443372,6
3927,是的，通常只求这样的男女跟黑人出国，不乱生垃圾丢在国内污染环境，其他一点不在乎，毕竟是自然选择，智力水平也般配,others,0.017862577,13.152879,1
3858,就是啊，之前我们学校一位医学老师开女生安全讲座，说现在中国HIV患者数男男最多！搞得我以后都不敢谈对象了。。。,others,-2.6341422,11.875265,5
6785,孩子生下来黑猩猩就跑路了,Racism,2.0600154,11.452089,7
2145,中国男权一盘散沙，现实都是各舔各的，只会在网络上口嗨,Sexism,-1.4855168,7.7738028,3
5913,找乌克兰的还好理解，找黑的真想不到在别人眼里他的下一代和国女生的黑孩没啥差别吗？😅😅,others,0.30374447,12.790152,1
3886,这个吧被女⭕️审核24小时看着呢，大伙散了吧！,Sexism,0.74189705,8.141703,0
6272,非洲人以家暴为荣，女人地位比驴都低，婚外约pao，养不起家的就直接跑路，艾滋率1/3。在漂亮国黑人人口占15%，却贡献了55%的犯罪事件。这种高级人才才配得上那些小仙女，而且我们没有嫁了人还留娘家的习惯，快去非洲追求真爱吧,others,-0.5179199,12.27849,1
6756,女生本来就比男的懒这是常识好吧,Sexism,-1.7983961,7.3475175,3
6990,光天化日之下黑哥居然就这样,Racism,2.4241867,11.246701,7
3041,西安人死绝🙂,Region,8.08876,10.083077,4
1565,而且，据我所知 ，有一部分女的是被黑人包养，就算她们不喜欢黑人，看在钱的份上也会忍着,others,0.49525115,13.308117,1
3015,舔狗不得**,Sexism,0.7680049,6.7876215,7
877,泼图的意义？以诙谐、从容的形式让同性恋们认知到我们处于优势地位的事实,LGBTQ,-4.548743,10.205773,9
473,总结：存在感太低的地方，黑都懒得黑😅,Region,5.607434,10.29613,6
6791,我就是想证明她们也是哥布林，不是什么体面的圣母，我在想真正抵御哥布林的方式是从我做起，积极的和愚的，黑的，挫的划清界限。积极引进可爱清秀的，聪明伶俐的来升级我们的基因，要明白咱们和她们不是一个物种，千万年后咱们的后代进化成长的甜美身材匀称的天使精灵，她们的后代退化成各种怪物，到时候咱们的后代就可以玩刷怪游戏了。,others,2.5848536,10.158194,0
5307,囧我就直接了 歧视白人和黑人,Racism,2.36507,13.539318,2
5200,女生跑大城市的才多把，男生要考虑房子车子（车牌车位），学区房一堆东西。女生靠比入住就行了,Sexism,-0.47646725,10.192137,3
3033,这很niggeг,Racism,1.6153735,9.04459,7
1542,广东本地人说方言被骂有优越感的表示不想说话🙂,Region,5.538154,11.121445,6
2486,为什么一定要找国内躺平键盘男，靠女孩子养吗？,Sexism,-1.4373958,9.9683485,3
1342,因为某些上海人排外带来的，这不叫歧视了叫反歧视😄,Region,5.6996207,8.901904,6
7377,祖籍河北 现居河南 另外你是西安人吧。你资料里都是关于地域黑 西安 郑州 洛阳这类问题的点赞以及回复。我还没准备和你唠唠呢，你就急着关评论，拉黑我😅😅😅 心中有鬼啊。,Region,8.21739,10.600717,6
922,建议对理客中进行成分分析这就好比你在实验室做实验，你用GC/MS去定量测产物含量一样理客中和网左大概率重合的其实而且你想想，理客中这么愿意拉偏架，是不是符合网左只会哔哔赖赖从不认真动手的标准特征,others,0.14972007,8.189771,0
1358,这样的我真不反对，反对的是那些提裤子走人的。黑人干这事太熟练了,Racism,2.2776043,12.325155,2
2336,在王者开个变声器打打辅助取个软甜仙女名，舔狗和米分分钟来，数麻了,Sexism,0.92527187,7.3468485,0
1968,中国女性就是亚洲女性，东亚女权本就是一丘之貉,others,-1.3723892,6.9575324,3
5147,貌似成都被黑的排第一,Region,6.337683,9.620543,6
6976,我觉得地域歧视的前提是你和被你歧视的对象有共同的认同。你自认为中国人，人家呢？😆,Region,5.415051,10.056316,6
3388,两岸比讨好黑人,Racism,4.5325317,10.725939,2
1147,聪明的已经留种跑路了。而愚笨的还在接盘养别人的孩。,Sexism,0.55507684,10.11255,4
7188,经统计黑人艾滋率，暴力犯罪率，没爹率都出奇的高，所以其实他们是对我自身生命安全的负责。假如你遇到一片雷区，然后心想我们不能种族歧视，雷区和马路耕地都必须一样，然后大胆的踩过去，那我也很支持你。😆,Racism,2.6526194,12.585206,2
7381,看抖音的人脑子里都是什么成分不用说了吧🤣🤣,others,0.13088131,11.484795,0
885,那些人利女病发作呗,Sexism,-0.21614927,7.604362,3
4810,女权背后打拳替美国佬办事的狗东西可不少，把黑人娶进来的咋不说呢,others,0.020735491,11.736553,1
1921,3楼基佬，艾滋病的传染概率，女传男概率比男传男概率低多了，低个几十倍吧。,others,-2.4486895,11.947161,5
3311,"萨沙这种优秀男士，非常了解中国国情。可能真的看不上国内eg,中国的脸面让中国eg丢尽了",others,0.40677568,10.80317,1
5012,"宁可认滤了几代的旧宫家养子,也不认可血统纯正的女性为皇族继承人",Sexism,-0.05198413,7.583371,4
757,这事要怪美国日本，他们一直宣扬暴力血腥的动漫、游戏，帝国zy亡我之心不死。,Region,3.2045,10.343266,4
6173,无意刷到个视频，视频中女方找男方要彩礼，男方认为有些多，女方就说自己出彩礼，但有要求男方什么都要听自己的，我就在下面评论女方给彩礼向男方提要求，那男方给彩礼是不是也可以提要求？结果没想到回复那么多，大多数讨论还是平和的，只有下图这个小仙女，我就回复她女性嫁给普通人就是吃亏，那就放开一夫多妻，让有钱人多娶，让女性嫁人不吃亏。我为女性考虑，结果还是被骂。我也没有说要废除彩礼，也没有说彩礼要少些，支持婚姻自由，过不下去那就离，男人真是太难了,Sexism,-2.026696,8.722387,3
1895,可别了，正常女的也会恶心女👊的，起码我身边受过高等教育的女性都觉得女👊傻逼,Sexism,-3.3530233,8.584235,3
6733,还有百度，男女3:7，女拳特别多,Sexism,-0.25664815,6.89559,3
269,国际母猪与龟奴公猪跪舔入寝者,Sexism,1.9608245,7.88781,7
4267,有时确实是有低素质老乡败坏了形象，有时是他们不了解，有时纯粹犯贱，反击他就好了这种,others,5.724198,9.913568,6
2833,已经连续给我推荐快5天了！这会中文的黑猩猩在我国神马地方？？！！,Racism,2.1068661,11.40044,0
4500,可能要等大家忘得差不多了，才弄。最大可能是偏袒黑。,Racism,3.4530306,11.191155,4
4719,没有任何一个舔狗值得可怜,Sexism,0.8474973,6.863969,0
3670,肖万 永远的美队！,others,4.1586094,12.2614,7
3482,河南是中原，华夏之源，我觉得挺好一地方，郑州洪水里人也很热情善良，为什么被黑啊?,Region,7.9631796,10.766723,6
5097,我看抖音，有个男的在非洲有了好几个黑小孩。底下的评论让他多下点种😄,Racism,0.041240726,12.233276,2
6448,巴黎人到上海都是横行霸道的,Region,5.488142,8.814018,4
756,生为国南，我很抱歉😑,Sexism,6.9313903,12.078304,4
5897,看我直接化身贴吧暴躁老哥，直接喷死双标男,others,-0.3654307,8.16334,0
2378,管她们呢，让她们和劫匪一起死不好吗？,Sexism,-0.8788652,8.119895,4
7555,原始人的一种，未经进化和淘汰的,Racism,1.9514683,10.947469,4
1351,你以为国女她们不知道这些吗？,Sexism,-0.49343985,9.122457,3
1520,中国男性就是被五千年的文化糟粕绊住了手脚。你看女拳一点儿传统不讲。凭啥男人还要跟她们讲传统？负责任？养家？彩礼？不，这一点儿都不国际化。😆,Sexism,-1.7563819,7.632626,3
1478,几千年人类历史都非常在意血统，杂种无论中西方从来是不好的词。你仔细想想,Racism,1.4379762,11.4838505,1
566,哪敢歧视魔都天龙人😆,Region,5.441689,8.709835,4
7032,但是现实中你吃榴莲如果在寝室或者教室别人都不喜欢那肯定会说你啊，跟吃螺蛳粉一样啊，但是现实中那些最会道德绑架别人的人就是那些高调出柜秀恩爱，或者乱搞传播艾滋啥的（同性恋艾滋有多少不用多说了吧），一般同性恋都不告诉你。,others,-4.3678894,9.253754,9
3823,人类基因本身就和野生动物和昆虫纲基因就不一样这是科学上早就是铁论和无数实证都证明了,Racism,1.5449247,11.528359,1
78,饭桶皆深柜，不敢直面自己的内心,LGBTQ,-5.3918777,10.065832,0
1679,生而为蝻，我很抱歉这种牧人代表十成是觉得仙女们要彩礼要车要房不愿生孩子还动不动生孩子警告跟你争冠性权的行为很合理吧？？？？？？？？？劳资改个屁的择偶观,Sexism,-1.6858149,7.478962,3
542,她自己的混杂,Racism,-0.89511126,9.089806,7
1052,她们有找黑人的自由，我也有不接受她们作女友的自由呀。,others,0.849333,13.402899,2
3977,和黑种人结婚就是把后代变黑，黄种人白种人和黑种人结婚生下来的都是黑种人，黑种人的基因顽强是有目共睹的，多和黑种人结婚，几百年后整个地球都是黑色的，在法国黑人的数量已经占据总人数的百分之八，我就不信当国家都开始变色的时候，那些极端种族主义分子还会手下留情，白人可不是善茬,others,1.2673085,11.97698,1
580,给大伙辟辟，也许有些人的女神背后就是这种模样,Sexism,-0.3682024,7.723414,0
3830,我空间加了一个号以为是发搞笑说说的结果天天打钕拳我直接把她删了,Sexism,0.81369495,8.183437,0
4103,寒国割裂的今天、我们最需要团结和理解。没人想成为西八那样（笑）,Region,1.541401,10.052936,4
317,谁给东北招黑了我不说，但我们辽宁人不应该替某省背黑锅,Region,6.6579676,11.34966,8
7001,黑人不去建设非洲而非要跑来中国享受生活这是怎么回事？难道我们中国人一边要帮黑人建设非洲，一边还要帮黑人养黑人?,Racism,2.1255507,12.362115,2
4288,失足妇女没这么不要脸,others,-0.85929346,9.406875,3
4250,黑人里面所谓的聪明的人的比例太少了,Racism,2.6876855,12.341329,2
121,支持正义执行！txl再不管管，气候变暖又要加重了。,LGBTQ,6.4248357,10.303201,4
5967,在吾看来，非洲人妖也好过非洲男人至少非洲人妖不会随意侵犯女性,Racism,-0.18984322,12.20597,1
2811,这要换昭和时期的日本人不得一刀刺过去？,Region,2.7216408,9.3953905,4
5954,彩礼？屁礼！大清亡了，还搁这儿彩礼呢，结婚，爱情不是交易，不是买卖，也就明码标价的买卖，还不是真买到手。,Sexism,-1.9396658,8.871748,3
4221,来不及了，女拳小队轨道空投仓先来一波,Sexism,-0.28447822,7.1400547,7
4016,黑玩意臭不可闻,Racism,1.9907686,10.071407,7
369,变态同性恋，用词精准,LGBTQ,-4.701562,9.426425,9
1397,山东人路过，个人感觉，说山东土不算地域歧视，确实土了一些。,Region,7.367905,11.066156,6
6710,吧主你们打算怎么反同,LGBTQ,-4.7520328,10.271441,9
6359,婚姻是女人的必需品。男人可以一辈子不结婚，女人不能！现实中无数的男人却比女人还积极，为了娶妻生子不惜掏空家底当舔狗，真是无语。,Sexism,-1.8770387,8.779804,3
390,责任最大的显然不是国女，但只能用省略号替代了。,others,-2.0132163,7.9733386,4
6356,我很讨厌这种女人 就是因为有部分媚黑女的存在 大街上见到黑人 他敢肆无忌惮的跟你搭讪 在你透露出嫌弃恶心的表情 他还能淫荡的看着你笑 我觉得不被尊重 很想打他 但是我不敢 我觉得他有艾滋 而造成这种情况的 我认为所谓的媚黑女有一定“推动力量”,others,-0.11566717,11.786779,5
7601,两广要特别突出一个：潮汕地区，被黑太惨,Region,5.70751,11.22947,6
7199,干嘛一视同仁，男人都是潜在的qj犯，黑男更是不同人种男性犯罪率最高的，女人则很珍贵，黑女犯罪率低，受教育程度更高，黑男跑了往往是黑女带孩子养家，怎么看黑男和黑女都不能相提并论,others,-0.13138318,12.63382,1
22,喜欢黑人请去你男人国家，赖在中国就不要怪别人骂了，动手都是应该的,others,2.4608383,11.742191,2
2372,我将来都不会跟非裔结婚,Racism,0.9828945,13.171808,1
4471,接受她，只要她别嫁给我们中国男人🐶,Sexism,1.0095881,12.933348,4
1475,我这么说吧，哪里都被黑过😓就没有他们不黑的时候,Region,5.3022275,10.445194,6
766,这烂B在古代会被凌迟处死,Sexism,2.6364152,9.514388,7
3080,不尊重女性？它们值得尊敬？中国女人的名声在国际上都烂透了，老外们流传着这样一句话“想玩女人，去中国”只要你不是亚洲脸，它们都爱你。,Sexism,-0.7133529,10.586543,3
796,本人山东的回族，也是被黑的挺惨的,Region,7.413091,11.321446,8
6025,知乎里的中国女人是不可以有优点的，真的是硬生生按着普通女人的头，让她们承认，反驳这个称号的说明知道羞耻心，不明白为什么一些男人一定要这样对自己同胞，要他们不要内讧，他们说这是洋人给的，一起认同洋垃圾，可笑，自己喜欢外国女人就是为国争光，女人就是比男人多了贞洁感，在男人眼里睡女人还是被女人睡永远是赚了，挨骂的永远是女人,others,-0.67944443,10.642618,3
5870,看了几天微博我总结到一个规律：只要是离婚的，男性都是罪大恶极的，女性都是无辜的。,Sexism,-1.7739801,9.241039,3
2220,安徽也就只能用这种方法找存在感了,Region,7.4368205,9.145074,6
1272,我也觉得恶心，我超级不理解那些腐女乱磕cp，两个普通兄弟被磕cp我不知道当事人什么想法。不知道这个队伍怎么壮大起来的，以前我也不讨厌，可是后来泛滥了，一百个男的里有四十多都是男同，就开始厌恶了，我也不太相信他们天生取向有问题，大概我是烦那些传播同性恋的人,others,-3.5167007,8.826766,9
5808,好像基督教徒没有童姓恋的,LGBTQ,-4.347193,9.634758,9
574,哈哈哈，别自欺欺人了四川的黑帽门了解一下,others,6.18304,9.731517,6
129,最离谱的是冒着风险跟他媳妇儿pp还生孩子了他是什么nt这跟医院检查有什么关系他在不确定风险的情况下跟媳妇儿pp不就是对他媳妇儿的不尊重吗也没给他媳妇儿当个人啊他媳妇儿不过是个繁衍工具罢了吧不先想想能不能对得起媳妇儿紧着转移话题赶紧离了得了,Sexism,-1.6281452,9.183794,0
1077,我刚看完一个截图，让东北人全去死的😠,Region,6.7038836,11.400625,8
1819,这。。。。其实最歧视安徽省的，一个是江苏，一个是上海。我扬州的，靠安徽，扬州市各个房地产商都说西边那里房子差、不能买，安徽人多，素质差……平时听到安徽就说人家侉子，高考结束报志愿我们班好几个人坚决不报安徽的大学，问他们为啥，他们就一脸鄙夷…………,Region,7.3754296,9.140439,6
5470,同性恋是一种疾病，同性恋患者不必恐惧，现在医学科技发达，是有设备齐全和医员专业的矫正中心的。及时到相关设施就医进行治疗矫正，早日康复回归正常生活。,LGBTQ,-4.0044537,9.688748,9
5650,小仙女得从小培养,Sexism,0.3432185,7.792048,7
6097,母狗冲进来啦,Sexism,2.079359,7.842691,7
4759,？你想表达什么？身边是男娶黑女，于是全国就都是这样？我的态度是，无论男女，生黑混血都不对。全国各大平台数据，本来就是媚黑女远大于媚黑男。如果你不知道BBC 黑桃q组织 可以自己搜搜,others,-0.17076123,12.645028,1
2429,黑龙江最穷？我一直的感官是东三省吉林最穷,Region,6.682516,11.237837,8
105,这女的也太肤浅了,Sexism,-0.91741323,8.927793,3
2985,az病是美国传来的，黑人其实也是受害者。毕竟黑人也可能没问题，小帅哥自走火炮也可能有问题。关键是黑人az比例很高，这是歧视么？害怕不行啊？,others,-0.6127079,13.118679,5
6657,我敢说楼主是光说不做，因为别说去“关爱”女性了，光靠近都常常被当做骚扰。楼主现在还没呗投诉骚扰或者挂墙上，说明它根本就没做到“关爱”女性,Sexism,-2.5586994,9.225936,3
4132,批价都是舔狗舔上去的,Sexism,0.7152397,7.0535374,0
333,是的，我还搜过好多黑黄大战的自拍，基本都是不带套那种，那些女人真是勇敢，生怕得不上病😆,others,0.23103763,12.279468,5
3090,普信幕刃罢了,Sexism,2.903294,6.5073047,7
3496,领导角度:谁要这种人？这不是个定时炸弹吗？我又不是拆弹专家。这货脑子指不定有什么幺蛾子，哪天就把我坑了，算了算了，赶紧好走不送。,others,-0.16606916,9.19112,0
7050,你去帮你的嘿嘿打工吧,Racism,0.6438034,9.336791,7
780,蛮夷之辈罢了，天生的生物武器最佳选择,Racism,2.0362387,10.4759865,7
708,如果你是黑人的敌人，你活下来的概率较大；如果你和黑人是朋友，恕我直言，你恐怕已经被生死簿勾了名了。所以拒绝黑人就是真爱生命。,Racism,2.337674,12.620533,2
1196,一生要强的南大人🙏,Region,7.0399413,12.024016,7
27,楼主啊！我记得这是某位普信女写的关于男性的条件吧，改的好，还有，您的帖子里面有条目🐶，赶紧置顶羞辱,Sexism,-0.27250615,8.457473,3
624,因为媚外是表象，借媚外打压锅男才是女拳的目的，反媚外就是反拳，逻辑没问题。,others,-0.7383981,10.5428,3
5936,2021年，西北某211大学，大三，如此受过高等教育的学生，我竟然还有两个舍友组团黑河南，还是那种理智分析地黑，麻了😅,Region,8.150614,10.695784,6
2197,打人的悲伤蛙？拿来吧你🤣,Racism,2.0774891,8.561166,7
4642,建议建立网络档案，大家把自己晓得的黑人女陪读都共享名字,others,0.2771531,12.744956,2
7625,好家伙，整活老哥把女拳的活性转然后买抖+推给女拳粉丝炸鱼,Sexism,-0.46714747,7.986284,0
4154,可否封了这个索玛女王并立案调查？,Sexism,-0.8941114,7.14851,4
3428,没交集当然不过问啊，我兄弟要是喜欢鸡，我肯定也会劝啊，他要是喜欢黑人女，我肯定也要劝他三思啊，你打的比方不是不愿作为的意思吗？我问的也是如果你闺蜜喜欢上了，你还是不作为？,others,-0.51834,12.16421,1
3768,按照流程：和你对骂-骂不过就开小号来一块，24小时在贴吧和别人对喷。喷到对方没时间理他了他就开始精神胜利然后就会说“你怎么不回了呀是不是怕了啊”反复刷屏,others,1.0238322,8.607513,0
4498,传统地域歧视地区,Region,5.902555,10.230256,6
7269,同性恋也是正常的，你们这群人也就会以多欺少，不过同性恋依然过得好好的。😆。天天就只会歧视，迫害。以强凌弱。但愿未来遇到比你更强的人你不会被打死。,LGBTQ,-4.156289,9.922714,9
2315,为什么我觉得，以前黑河南的是全国，现在黑河南的只有西安人，而黑西安的是全国人民。,Region,8.295033,10.335232,6
5431,霓全价什么时候能被做成刺身,others,2.5935423,9.05949,7
4368,这幕刃真的是欠剐,Sexism,2.8854172,6.5282226,7
1911,说的对，普信男都是这样低下,Sexism,-0.04983708,8.949693,4
5404,海南最没存在感了😂,Region,7.4020805,10.09796,6
6224,以偏概全了，什么叫底层人的思维，地位低就必须鼠目寸光吗。就是剥削者，小老板 一样有地域偏见的。嘲讽别人的刻板印象自己却也在偏见，我还见过读过大学的老人一样在捡垃圾呢。什么样的思维看人的想思不是看地位。,Region,5.4743557,9.804398,6
7185,昨天某音一个热搜，河北沧州偷玉米被抓，偷玉米的都承认是隔壁村的人，下边一个安徽IP热评：听口音这么像河南人，然后三千+赞同的。现在去某音应该还能刷到这个视频和评论。真该算算全中国到底有多少中原口音的人。以我的认知里不算河南人另外最少有一亿人是中原口音。出了事全算河南人头上，有点可悲。,Region,8.22374,10.957977,6
1918,呵呵，荷兰人总是说是别人祖宗，可惜非洲人还是全世界祖宗呢，不照样讨人嫌？更何况你荷兰什么名声自己心里没点数！,Region,3.5446026,11.145721,2
5651,每一个在华黑人背后起码有3个eg，你觉有没有,others,0.6415221,10.811918,2
673,其他男人我不知道，反正我是接受不了，我宁愿娶个三婚带二孩也接受不了黑女。,others,0.12092265,12.980262,1
4148,广府人黑潮汕呢你咋说😆,Region,5.761485,11.199571,6
219,玩网游时确实被河南小朋友骗过,Region,8.547347,10.450818,6
3162,😅我也实在不明白，有些人玩个游戏都要捏个光头黑人。,Racism,2.0397985,12.075916,2
753,现实就骂丑逼了，幕刃在打拳方面是比男人团结的，中国龟男舔狗太多了，她们一到能和男人吵吵的环节就会无比团结，其实到了微博里就是饭圈撕逼最狠的一群人了,Sexism,2.1785927,7.104017,0
5675,默吸毒不是常识吗⁉,Racism,-2.2100947,12.001516,0
2623,我是高贵的黑人哥哥，讨厌郭某楠，请联系我👍️,others,1.6868678,12.310441,2
5211,这个不是有视频吗，再怎么样黑黑在中国打中国女人那两个男的不出手说不过去，如果在非洲中国人打黑女人估计命都不保,others,2.417353,11.812377,1
125,我是四川人，当初我的舍友怀疑我是小偷,Region,6.7238846,9.556292,6
6493,哈哈哈，没想到现在妹子都挺聪明，也知道嘿人那些手段了,Racism,-0.26692334,9.055808,0
44,看来同性恋只知道污蔑他人了,LGBTQ,-4.64403,9.549133,9
3387,喜欢找黑人pa不是喜欢找黑人结婚呐??这些女的pa累了还得找一个老实人接盘顺便传染下艾滋,others,-0.98586714,12.439158,1
2192,哭她娘滴个鄙！宁可留下猫，把这小表砸一刀一刀宰了,Sexism,1.7040206,8.79409,7
4201,艾滋病啊哥。非洲3000多万人艾滋病。非洲人才10亿多点，这个几率你自己除一下。我也是佩服有些人，为了玩，命都不要的吗,others,-1.7943715,12.566198,5
1692,我记得同性恋都比较喜欢肌肉猛男啊，觉得伪娘这种和女人没有什么区别啊,LGBTQ,-3.311292,9.177372,9
7012,确实啊 我之前说恶心同性恋 她说我不尊重别人 我都语塞了😭,LGBTQ,-4.286732,9.168495,9
6298,吧友们帮我骂个慕女狗，打女拳的狗男硬是想被幕刃当狗玩，真丢脸,Sexism,1.7055196,7.5240207,0
3503,为什么，女生总把问题归为男生呢1.当你不爱说话的时候，说你不理她。2.当你提出相反观点时，她又不乐意。3.当你提出问题时，她又嫌弃你不懂(=_=)。总结，跟女人打交道真难，人不能不理，话不能不轻，还不能提问,Sexism,-1.4605647,8.307288,3
3861,换成男性起码判四年,Sexism,-2.187484,8.869326,3
3447,古代青楼都瞧不起外夷?,Racism,2.7910552,10.675752,4
6817,嘿人删我贴真讨厌！,Racism,0.82908523,8.511973,0
2948,我是合肥土著，合肥晚报早就私营了，和其他自媒体没太大区别，为了流量也没有底线了。安徽的粮食自给率也挺高的，%169，比不了东北，但是除了东北，就安徽最高了。安徽的土地红线比例高达%75，安徽想发展经济的阻力也很大。,others,7.5854464,9.008917,6
7059,学伴难道不是慰安妇吗,Sexism,-2.1455364,6.479576,4
4696,河南驻马店人，被所有驻马店以外的河南人歧视,Region,8.139859,10.601601,6
7253,可以这么说白皮是普遍性都长得很丑只有极个别长得还算中规中距而黄种人可以说基本上百分之90都长得非常不错而且黄种人也是极不显老的人种,Racism,1.2371395,11.767996,1
5601,小黑砸很死皮赖脸的，很难搞。老是相同几句不停地回复我。有一个老是拿恶心话回复。我猜想他们认为这样就能赶走我,Racism,1.1058397,8.767956,0
6633,嫁就算了嘛，但你嫁了就别拖家带口地留在中国,others,-0.32022738,11.233725,4
7889,我家有个日货电器，当时听人说好没看牌子就买了，花了一万两千块钱，攒钱攒了很久，没舍得砸，你们反同的“爱郭人士”有哪位给出一万就行，我砸掉,LGBTQ,3.0622237,10.225834,0
5617,人在非洲黑又贫，黄昏饿晕到天明。一朝登临济南府，大明湖畔四人行。😆😆,others,2.2003505,12.399779,4
4515,b站可以说是仅次于wb的第二大饭圈集聚地，出现这种反串行为太正常不过了,others,0.9119304,8.351855,0
7608,很简单这个事，出台法律只有中国男人的孩子才有中国国籍，中国女人和外国人生的没有中国籍。直接解决问题,others,0.9556107,12.372714,1
6481,同性恋就是哗众取宠的小丑，低龄非主流觉得有和别人与众不同的思想很突出自己的高尚，就算有真正相爱的同性也是心理疾病，同时明明知道会遭到议论和歧视又改变不了，还是要为了自己的爱情把家人置于其他人歧视中的小丑，总结一下捏，txl是个自私而且低能，说理说不过又只会无脑的谩骂的低龄心理变态人群，txl这辈子就这样了,LGBTQ,-4.052433,9.628718,9
1227,性格善良，指美国黑人犯罪率远高于其他种族,Racism,2.7119048,11.966395,2
6239,其实根本不用那么难，韩女喜欢南亚男性荷尔蒙！但是想控制韩女的自由是不可能是，那些个大胡子也不会威逼，知道得了便宜差不多得了！,Region,-0.6778865,10.401955,3
2630,对的这群败类真是浪费我过粮食资源其实对于它们最好结果就是跟着到地狱十八层当中无间地狱受刑才是对它们最好归宿,Racism,2.2753751,9.110977,7
6179,谁闲着无聊黑江浙啊。。。。。不是一直沪黑全国么,Region,6.7027545,9.111317,6
3203,舔狗让他死就行了，杀鸡儆猴么，一个舔狗不死，其他舔狗怎么觉醒？,Sexism,0.79625046,6.9389815,0
4139,小红书比微博更让人反胃,others,-0.09039057,6.5578103,0
2773,囧南方人揍黑人白人也很多好吧 你什么时候看见南方人不敢揍了 南方人就低人一等了？,others,5.5932302,11.528913,8
6302,个人认为可以用歪女这个词来指那些多疑、热衷于勾心斗角的女的，虽然在我们传统文化的词汇里面有类似的词语或句子，比如说三个nr一台戏，但是个人认为应该造一个词来反击拳虱的诬蔑,Sexism,-1.1059965,8.265865,3
5580,如果你把基佬打伤，他的伤口沾到你的血或体液，他就会感染hiv。,others,-3.8579874,11.886775,5
5884,我被楼里那个，被我疑问句问破防的大男权主义分子拉黑了。所以我建个新楼回复在那个楼回复我的人。,Sexism,-0.44310197,7.8905816,0
6702,正确的通讯录素这样的,LGBTQ,-2.7470188,10.090329,0
1764,和平精英的网络公主也没这么女拳啊，鸡疯子还是比农批高一等级的,Sexism,0.10170282,7.840073,0
6386,这货应该是虫混而且她基因就是虫混而且一看它用修图功能把它的绵羊卷毛头发修成直发而且还把它的黑咖啡色皮肤修成暗黄皮肤。,Racism,2.4452484,9.097713,0
1576,真正歧视外地人的都是新上海人 在上海待个几年觉自己身份证就是310000开头了,Region,5.800977,9.046168,6
1158,女拳真是典中典?,Sexism,-0.5739681,7.2751303,3
5550,《嫁到非洲》是什么风气？,others,-0.67842406,12.270716,1
1062,花钱去讨好一个依附你的吸血虫？,Sexism,0.47547805,9.60715,4
549,直男最擅长的不就是双标吗😆所以现在很多时候我已经懒得讲道理，看见nt直接骂就好了😆,LGBTQ,-3.3576362,9.565994,0
1844,北京👴不是地域黑？,Region,6.167545,8.412459,6
249,白女对黑人的同情和包容我也是看得无奈,others,0.50251794,13.243236,2
7221,外国人犯罪三年以下有期徒刑的不追究了解一下，他们背后有我们强大的祖国，你去碰一下试试？,Racism,2.9809608,10.974501,1
3060,看了几个小品，天天喊着结婚生娃，能不能关注一下别的，默不要出现在春晚行不,Racism,-0.036445316,5.938619,0
810,你去广州看看，广坎达可不是空喊的,others,5.7904577,11.604658,4
1381,??????太过分了，她说疫情最好传入河南，诅咒河南人都去死。其心可诛啊。有一说一，我湖北的几个同学确实都比较聪明，也确实都擅长做生意，但是人品很好。,Region,7.8860064,10.853869,6
4584,这种男的就活该被戴绿帽,Sexism,-0.6845556,9.151311,0
525,豆瓣，男女势力基本是1：99。除了看剧外我基本不用。就感情小组就很多，那些女的不管真假就一个事B，你就算中立也会被秒删。而且豆瓣小组是可以报团的。这点知乎和抖音虽然表面上男性占优，但是不方便报团，威力还是不如豆瓣,Sexism,-0.20237578,6.617633,3
2968,畒是这样的,Sexism,2.200252,7.557325,7
7155,嗯。。确实。。看到男同觉不得什么，但是看片的时候不小心看到男男了就有种搅屎棍的感觉，同样男女这种方式也一样,LGBTQ,-3.4578726,8.827446,9
3633,就是 国外的都是好的 连家暴都是对的,Region,-1.141735,10.466914,4
5260,txl能不能滚出反同吧，你们没有自己的吧吗？,LGBTQ,-4.7059608,10.317934,9
467,毕竟同性是真“艾”,others,-2.6784546,11.890209,5
936,你还真不要小看舆论的力量，有很多事情都是迫于舆论的压力才得以解决，如果大家都保持沉默，那才不是个好现象，不光要反对三非，还要反对在国内的所有洋垃圾，还国人一片净土,Racism,2.7647848,10.831142,2
2795,反变态吧反变态，天经地义顺意民心反变态吧就是为了反变态的,others,-4.652261,10.300847,0
3508,第一条已经把位置局限到北方省份了😅南方智慧人怎么会被黑呢，对吧。,Region,6.0970926,10.310514,8
2464,不过不会就是嘿嘿吧？,Racism,0.7393385,9.664368,4
3370,盲猜你把他掰弯了（）,LGBTQ,-3.034892,9.296397,7
170,南京人民表示，用历史来嘲讽南京人民的不在少数，最近这事也一样。而且说的都是胡扯的。,Region,6.8847737,8.795069,6
2891,中国你觉得在养一个亲华的势力实际上是养了一堆白眼狼黑人很歧视华人知道嘛？,Racism,2.6630445,13.057742,2
43,吧主是重庆的啊，你们那儿也算是重灾区了吧,Region,6.001678,9.946434,6
6775,世界公交,Racism,0.08726078,10.749537,7
3600,因为不是蝻人拍的，拳尸选择性忽略,Sexism,0.9953536,7.388927,0
4699,某些评论是被戳到g点了吧,Sexism,1.8454403,9.250435,0
7152,这仗已经输掉，男的全成舔狗。何时打个翻身仗啊？,Sexism,0.5784537,7.075933,0
455,这个基佬人面兽心还叫帅天理何在！,LGBTQ,-4.2488136,11.3637,0
5015,多少腐癌女生搁哪磕男男？朋友也磕的是谁？连苏轼都磕😓,others,-3.0585213,8.944125,0
7430,北方的东北河南山东，现在也开始搞陕西了。网上都觉得只有南方一片向好,Region,7.996009,10.267462,6
2272,和黑种人结婚就是把后代变黑，黄种人白种人和黑种人结婚生下来的都是黑种人，黑种人的基因顽强是有目共睹的，多和黑种人结婚，几百年后整个地球都是黑色的，有的人真的就不担心吗？,Racism,1.2670634,11.900307,1
6669,主要是他们张口闭口说只有同性才是真爱,LGBTQ,-4.4798093,9.360849,9
2534,说真的找个黑人男朋友，不是你很难找非黑人男朋友了，而是你很难有同性朋友了，大家都会远离你，然后等着看你的笑话,others,0.28737968,12.862029,1
448,华莱士也被黑得很惨，喷射战士段子满天飞，就因为他华莱士是中国人自己的公司。就因为他抢了m和k洋快餐的生意。还是毛主席说的好，敌人越是反对，越是说明我们做得对，若是不被敌人反对，肯定是和敌人同流合污了。,others,3.3686836,10.830773,0
1396,东北人表示去新疆都被说东北黑暗,Region,6.602013,11.013832,8
2004,这个吧里都是**有个女的喷我然后让我教育了自己外地的去新一线然后瞧不起我大连土著说我是18线小县城的房子不稀罕殊不知她连户口都没落自称当地人,others,6.1139283,10.142212,6
978,应该不仅仅停留在批判，应该竭尽所能去歧视，特别是他们的下的黑皮崽。,Racism,1.93743,13.035285,2
1656,我们公司老总找了一个克罗地亚的，男33，女24，婚前体检是处女，亲子鉴定毫无不满。那容貌秒杀95%以上国女。一口气生了三个孩子，亲妈照顾。除了需要天天洗澡避免体味以外，你以为有多少郭女比得上？,Sexism,-0.69789654,10.846139,1
560,😅😅被黑人搞过的有几种，一种是人傻媚外的，不能要。一种是性瘾大喜欢大家伙的，也不能要。,others,0.17164701,12.921362,1
6512,问题是菲律宾这样国家的女孩已经不是烂裤裆的问题了，而是都没裤裆了,others,-0.62971336,9.979491,3
251,反正基佬来山东河南河北 只敢学艺术文科,others,6.6436815,10.660338,8
6322,玉米的黄油变成炳蔚通知书，落在头上是写着艾的，还砸出血了,others,-2.47287,11.43209,7
6586,不是病，就是传播艾滋，梅毒等并的高危人群。,others,-2.5199354,12.003214,5
715,B站绝对下一个微博。女的势力绝对有8成左右,Sexism,-0.17981023,6.635681,3
587,主要你说的是结婚，给黑人白嫖拿爸爸的钱养黑人男友的eg不要太多,others,-0.12524404,12.713266,1
3587,我承认，我宁愿孤独终老，也不会接受一个和黑人嘿咻嘿咻过的女的。我不歧视黑人，我知道人类起源于非洲，我知道人类从生理到智商大家都是平等的，谁也不比谁差，黑人现在落后是历史的罪过，他们运气不好离欧洲太近了，如果历史可以重来，说不定他们的文明是全世界最先进的最强大的。但我还是不能接受，这跟先进还是落后无关，再次重申，我不是种族主义者，但我好像明白了种族主义为什么在全世界根深蒂固，不能终结的原因,others,-0.015445587,13.29252,1
1308,俄罗斯？常见个锤子😅俄罗斯嘿人几乎绝了😅,Racism,2.5023954,11.405612,7
4889,不是一个物种，毛主席时代和改革开放年代的女人跟现在的女人是两个物种，讨论归讨论，难道我也要带上你的父母回复你，你很开心？,Sexism,-1.1642251,8.786493,3
6631,现实中不敢跟黑人硬碰硬，网络上还收拾不了本国人？😆,others,2.5896692,11.648467,2
1986,真的一上知乎全都是骂的，从女权骂到了女性，然而在现实生活中根本见不着，是我层次太低？,Sexism,-1.2506198,7.776158,3
3418,毕竟还有恋性病癖，恋艾滋病癖，答主你说对吧，，，这个不是个人自由那么简单了，是这个原因需要批判的媚黑行为。否则那些狗贼把病都留在中国了,others,-0.06840445,11.716422,9
5112,东北人真的很讨厌阿,Region,6.7132263,11.532693,8
5622,普信男：都怪老师太漂亮穿的裙子太短！,Sexism,0.25965643,8.738368,0
2740,黑人哪来回哪去是最好的，这个办法可以避免“种族歧视”，我就问你在非洲别出来谁歧视你。所以别去人家国家宣传垃圾，没人听的。什么官方？摆脱，官方是官方，民间是民间。我tm一老百姓就不合作就不帮助“国际友人”谁管的着我,Racism,2.419194,12.596419,2
1091,我没有老攻🌚🌚🌚,LGBTQ,-3.4716325,8.538414,7
3462,非洲有没有什么划时代的产品？有啊，奥密克戎和艾滋病,others,-1.8203759,12.539136,5
3158,另外想补充一点，香和台被黑其实也不冤。想想这几十年来内地被黑了多少。我们从小看的TVb，电影，随便扒扒都有一箩筐。特别是香的粤语原声电影😅这几年新闻自由，港台不好的一面我们都能看到，想想内地人民地域黑早已进入了固化阶段，没有了新意。突然来个新的港台，那怎能不兴奋一阵？前年的事件更是将黑港台从发展阶段进入到了成熟阶段，达到了巅峰。看几年前打出的旗子，尚可理解为内部矛盾。但当满机场飘扬的盎克鲁撒克逊民族的旗子，实在是让人恶心。,Region,4.2342267,10.771474,6
5996,直佬的瓜真是太香了哦，吃不完了,LGBTQ,-4.4913507,11.228051,7
7015,黑人五千年祖先都是灵长类动物,Racism,1.9645618,12.270498,2
1130,狗肉香喷喷，同性恋臭烘烘！狗肉还能做成脆皮狗肉吃呢，同性恋这么恶心连狗都不如！,LGBTQ,-5.237076,10.810379,9
2217,四川媒体黑其他地方也不少,Region,6.4064517,9.69229,6
1141,男明星是哪种群体的追捧对象你自己不清楚吗？到底该怪谁？,Sexism,-2.4902327,9.23238,3
2347,媒体从大到小，好事就算东北人做的只提发生地点（南方），坏事就算南方人在东北做的也只提东北，这都是老传统艺能了😄😄😊,Region,6.227917,11.10216,8
2298,你不后悔就好，如果他确实洁身自好品学兼优问题不大。不过你既然说出来了，少不得要有人评论，比如我思想上就接受不了这种事（虽然这是种族歧视，但是我确实歧视有狐臭的人，价值观定型了改不了的，仍然庆幸自己没被公知洗脑觉得外国更好，宁可做一个种族歧视者😅）你不用管评论里说什么，没有狐臭长得好品学兼优的外国人是可以谈恋爱的，但社会到了一个关键节点，迫切需要破除迷信权威，就比如今天拜登拉稀这件事，真假不重要，让美利坚成为笑话，挖苦他在金毛面前标记领地的行为，可以破除人们思想上的枷锁。如果不是激烈的反对劣质外国人，公知的声音就会占领舆论😆你要谈个小李子或者孔雀那个颜值的外国人，评论区将铺满酸柠檬并祝贺你为国争光，,others,-0.28912982,11.078613,1
5561,潳沙它们，嘿蛆跑走就会嗐仁了,Racism,3.2844727,8.576229,7
7201,我们同性恋真是太正确了,LGBTQ,-4.7385445,9.423237,9
852,果然吗？北欧，可是北欧是一群炼铜海盗哦,Region,1.9484918,12.684934,4
1599,中国男性配不上中国女性,Sexism,-1.4173073,10.434085,3
5473,有一说一真的不会有审美隔离吗，例如黑人白人看我们都是黄皮，我们也分不太清黑人白人的样貌，甚至觉得黑人严重不符合我的审美,Racism,1.2370461,11.92782,1
6082,尊重？很多男同性恋都是在涉世不深时被忽悠甚至被骗的。,LGBTQ,-3.8531084,9.117282,9
6154,又是个黒杂,Racism,2.0128825,10.183516,7
890,你这个喃蛮编的故事挺好的,Region,5.8985248,12.1947565,7
7047,举报和点踩，这个人就是吃女拳这碗饭的，建议每个视频都这样骂只会给他流量,Sexism,-0.40767947,7.854852,3
5107,老鼠乌托邦实验，黑人不攻自破,Racism,2.7282166,12.02394,2
2647,人人高人一等，但我们能和猩猩平等吗？,Racism,3.8214028,12.954801,4
3985,说得不错真的害怕，显性基因洗不掉的等我们黑混成规模了整个国家会不可避免黑化下去，造成很严重的社会问题，想想子孙后代都被染黑的时候，这片土地还是炎黄子孙吗,Racism,1.6571673,11.901413,2
4242,他是说黑人器大活好，没说rap，那里越黑和粗越会让女性产生原始冲动🤭,others,0.20617591,12.759784,2
1871,黑人的感觉丑臭脏黑。给黑人睡过的女人就是被弄的臭脏黑一样。男人也爱干净。,others,0.3009557,12.593173,1
4976,艾滋病，要人命,others,-2.664777,12.233396,5
7439,额正常中国男人会跟黑人女性交往吗…,others,-0.080524534,12.588973,1
4171,江浙沪黑安徽是最凶的🤣🤣,Region,6.714989,9.045256,6
1341,上海某些媒体黑北方可是很严重,Region,6.046735,8.960151,6
5269,妇联不管？也确实，妇联不管男性儿童被性侵的案子，也不管男性被家暴的案子。你们就是一群分裂势力，别把自己抬的太高。,Sexism,-1.493177,7.800296,3
7341,黑河南、黑北方的都是南满，黑河南、黑北方的总部是广州，核心地带是从上海到广州的整个东南沿海，范围是整个南方,Region,6.1184044,12.107373,8
5111,所以还在p站吗，我去批判批判,others,3.1594484,11.1715765,0
3401,我批评坐地上看戏的，她就阴阳怪气了,Sexism,-0.5276044,8.584937,4
4271,某些地区能够负重前行，那是因为有别的地区在为他们风花雪月,Region,6.8887706,10.0961685,4
3296,中国人，只有家的概念，没有国的概念，你看沈阳市大连市互相考的上吗？你看沈阳市里人郊区人互相看得上吗？你看你家小区住洋房的，高层的互相看得上吗？,Region,6.462467,11.500945,8
3535,如果黑人搞过的女人骗炮呢,others,0.22918937,12.751791,1
2527,黑就算了，还长得那么猥琐。不知女生喜欢他们什么？,Racism,1.1705239,12.166713,0
7492,不知道你反驳的点在哪，答主也从没说过没有，只是一个小范围。你还要怎么样呢？一定要举各种例子来证明国女的肤浅🐛茧方能显现出你的优越感吗？说国女都爱黑，你们要假惺惺地说也不是全部人都这样，说不是全部人都这样，你们又要跳着脚宣扬周围各种事件。你们要怎么样呢？你们想要我们怎么说呢？,others,-0.6891082,9.933047,3
349,嫁印度人怎么说？五等吗🐶,Racism,-0.72840196,11.883785,1
3568,哈哈哈哈哈哈，笑死我了，真会诡辩；这么理性的你不应该嫁鸡随鸡，嫁狗随狗？地球这么大，他能跑出地球？哪怕天涯海角、倾尽一生的时间找到你口中负心汉，用你无限爱与被爱的力量感动曾经与你共度的黑人，书写一段可歌可泣跨国恋情，如果你连这点都不敢尝试，你这三言两语叫我很难相信你啊，很难办事啊。,Racism,-0.13632593,13.090595,1
872,我一直在鼓励国男外娶或者不婚，去规避越来越高的接国际盘的风险，我担心个啥🤣,others,-0.5801591,10.92883,1
5519,黑子们四五月份骂上海，六月份骂唐山，七月份骂南京，八月份喷海南，,Region,6.1889405,8.729398,6
5224,我们上海最近很红，毕竟黑红也算红嘛，让他们多骂两句多黑黑也无所谓了，浙江和江苏就低调发展闷声不响发大财吧，发展才是硬道理。我们上海就当仁不让的抢个2022最不受欢迎地区吧😄,Region,6.533492,8.940726,6
4276,这也造成女性权益运动更为世人所同情，而男性权益则被嗤之以鼻。因此，他们认为：即使是在男性掌控社会地位和权力的社会，仍然在运行女本位主义，以不断牺牲男子利益的方式来保全女性。,Sexism,-1.7018307,7.0138564,3
4443,针对女拳而已，😆应该还有些好点的女人,Sexism,-0.5038823,7.620047,3
3046,所以别人歧视我们也是说的那么难听，一口一个人中国人怎样怎样…甚至出国别人都对中国人有不好的印象，现在所做的行为不是跟他们之前歧视中国一样嘛… 虽然这么讲有点圣母…对于正常恋爱我觉得没问题吧…至于洋垃圾和eg确实该喷…,others,-0.2830818,11.240962,1
1636,你们同性恋为什么不收敛一点，我们看着觉得恶心,LGBTQ,-4.693413,9.3420105,9
1831,那我就实话实说了吧。🐶从我们童年时代开始，安徽那边过来的就是乞丐，捡破烂，穷苦农民工，你说让我们没点看法那道德要求也太高了🐶根本没有黑过。要想改观，等历史翻篇吧。,Region,7.57323,8.998644,6
1934,多数女的，所以，维小人与女子不可教，古人早料到,Sexism,-0.100177005,7.558334,3
6585,13襄金边了是吧？,Sexism,0.52122796,8.985563,7
4220,山东黑别人挺厉害的,Region,7.3779187,11.524168,8
7134,你确定电信诈骗不是广东福建地区口音？？,Region,8.44903,8.863999,6
730,就是嘛，都说了 不喜欢黑人，一个个的还在哔哔赖赖，那你要我怎样？啊，广州就是有很多黑人呐，难不成我看见黑人就要立马钻到地底下？😠,others,3.0318038,12.510301,2
5160,东北人热情好客，讲义气，热心肠，天下皆知，某些人见不得人家好，特别是两广一带，心里不平衡，酸呗,Region,6.724148,11.091956,8
6498,潮汕人？你们的刻板印象不是钱多吗🥺,Region,5.735955,11.238145,6
4769,针对的是基的智商问题不是善恶的问题,LGBTQ,2.515774,11.613734,4
4078,有黑人终成眷属，祝福吧能找到自己的爱情也是一种美好的诉求，爱情永不落幕，可否不分肤色的界限，在这土地里你我不分高低，黑色肌肤给他的意义是一生奉献，肤色斗争中,Racism,0.14880453,12.915116,1
4469,可有我大南京文明？,Region,6.893902,8.777249,4
5644,有钱的蛮夷自然惹人记恨,Region,5.6411033,12.178213,7
808,它只有大量繁殖才能保证种族延续。世界乞丐，不是吹的,Racism,2.3309507,9.823568,4
6876,我觉得这才是真实情况，大部分人不论男女避之不及。也只有被洗脑的那一小部分会贴上去。正常人应该都知道大多数黑人的秉性。,Racism,0.03686958,12.886657,1
2450,人造子宫出来了要她们何用,Sexism,-2.79157,7.123581,3
5516,对我们这些不外娶不外嫁的人而言，黑人、白人有什么区别？就是个人种不同、文化背景不同、过往历史不详的陌生人。我们又不混外企圈，为什么要在社交圈子里引入这些只有风险、没有收益的陌生人？这是个理性选择，不是种族偏好的问题。,Racism,1.9644792,12.883745,1
5225,我并不歧视同性恋，因为我知道，这个世界大了，什么都有，没必要搞什么歧视，说实话，我只是单纯的反感而已，某些杠精请不要把反感和歧视混为一谈,LGBTQ,-3.980537,9.036383,9
6543,只要记住一个原则，黑蛆是动物，所有的谜团现象就能解开。,Racism,3.4408114,8.807367,7
1131,我也觉得👍️和外国人谈过恋爱的男人很脏,others,0.86776054,13.477747,4
1669,我不会选撑同弱智,LGBTQ,-4.2236443,10.29732,0
5938,人和人当然平等，人和猩猩平等？,Racism,3.834528,12.955368,4
5819,要不要一起组队猎杀默和easygirl,others,1.2627206,9.67608,0
1783,所有的地域刻板印象都low到家了,Region,6.0914226,10.149737,6
4392,debuff叠满了，本人西安上学维吾尔族极左普信男粉红爱国蛆😄,others,7.937199,10.428093,0
2093,我是男的，我支持你的看法，我也觉得很脏,Racism,0.8532109,13.506816,4
5500,那是他们搞错了，江浙人民黑啥东北，南方系要的就是挑起地域间的矛盾，他们被带了节奏。,Region,6.3064146,10.925516,8
4232,房子和车不是钱？彩礼现在10万都是少的了，30万也不新鲜。,Sexism,-1.9328626,8.881796,3
4736,这难道不是传说中的警察大战黑猩猩？,Racism,4.0154004,12.8340435,7
2924,河南逃难那时候主要还是逃到陕西，河北，山东，所以给别人带来很多麻烦😅,Region,8.213912,10.485763,6
4270,不应该让他们加入中国籍，中国籍没有黑人！,Racism,1.1539401,12.641324,2
3065,回去看看你们中部城市建设和生活水平吧。,Region,6.626567,10.256999,4
539,真相了，就像我喜欢黑江浙沪焊奸多,Region,6.73391,8.974833,6
2806,这么说吧，就是一群那啥尖嘴动物，去认门，认清楚哪些是富豪，哪些是潜在富豪，以后捞钱的时候不要走岔了,others,1.661647,10.434801,0
6259,我觉得很恶心啊，这是心里表现，但是我不会侮辱他们啊，但是我会侮辱宣传txl的，而且是狠狠的侮辱😄,LGBTQ,-4.032582,8.665526,0
422,中国的男艾滋病人，基本上全是同志，你让她嫁给谁。,others,-1.5720631,12.136917,5
12,我现在在每一条地域黑回答下面都能看见浙江人，黑山东，山西，广东，湖北，东北，都是浙江人，我是真的理解不了，浙江人是不是除了自己谁都看不起啊😅,Region,6.857195,9.156008,6
4018,还“龙阳之好断袖之癖”...可见普通人都已经深深被撑同言论所洗脑，说起这堆东西还让人听了感觉似是美谈一样!你去历史学者那里看看真正的历史:“龙阳之好断袖之癖”的都是些什么东西?亡国之君!为什么正史中从不提及?因为肮脏淫秽!因为他怪癖、脏癖、恶癖!中国历史上的皇帝多了去了，难免有那么几个荒淫无耻下流的(所以国都亡了)就被撑同的提出来万般歌颂美化蒙骗无知大众!你相信当然就是无可救药的愚蠢。从这点也深深可以看出撑同的是些什么东西了:要说皇帝，中国历史上多少勤政爱民的好皇帝，他们提出来的那都是些什么荒淫无耻之君?足可见全是辣鸡臭味相投!,LGBTQ,-3.6896703,9.552722,9
2458,看样子，我给小孩的分配条件里面要加强一条了🤔。1.当兵的多拿两层。2.找黑人处对象的鸟毛不给，滚出户。,Racism,0.9916628,12.416344,1
4176,以我的经验，女性多的大学或者专业要小心，工作接触老外比较多的要小心，实在不行就找体制内的，毕竟国家已经帮你审核过了。,others,-0.3923274,10.288508,1
5420,反过来，女性提高家庭地位的方法：工资上缴,Sexism,-1.9312174,7.6687264,3
2761,对于它们必定最后结果就是疯狂零元购,Racism,0.88254833,9.438664,7
1097,所谓的渣男只是回归天性罢了！中国男人被责任的枷锁，束缚的太久了，把枷锁当精美的首饰，这是个错误，老黑身上唯一值得学习的地方就是他们没有家庭观念,others,-0.04113429,12.065795,1
5624,我也是念书的时候才知道江苏这档子事的，以前我从来没觉得苏北南有这么大隔阂，我看地图都以为江苏所有人说差不多的方言（即使现在，我也觉得吴语区和淮语其实有很多相似的地方），最奇葩的是竟然有泰州的歧视盐城的，而且是在老乡互相介绍时，那泰州的冒出一句：原来苏北的。他俩从此有仇,Region,7.044372,8.636479,6
1364,我猜想，大概率是南方系媒体作祟，小概率是国外势力,Region,3.6144497,10.619892,6
6649,国男知道了，哪怕结婚了你还会被甩😄,Sexism,-1.4120487,10.024968,3
7202,这就是典型的国籹罢了,Sexism,2.3415377,7.543489,4
5273,楼主别理会亩刃,Sexism,2.332004,7.2927427,7
1139,能否尽灭默妖，关乎人类之存亡，文明之延续，责任艰巨，意义重大！,Racism,2.690729,10.121886,4
4484,一群披着人皮的炼钢售，躲在人群里，难以分辨，基本没机会面对面KO[表情],LGBTQ,0.398752,8.809124,0
4086,河南人对陕西可没有成组织的黑，本人生在河南，在西安上学，每次亲戚问到西安都会翘起大拇指，说句好地方!舍友是个陕西人，真是黑河南有种被洗脑了的感觉，受了三年高等教育了，还拿他的亲戚给他从小传输的那些知识说事，什么“河南蛋”，什么河南“小偷多” ，还有他们村里那个“上门女婿”是河南的等等，我给他解释，他也听不进去，然后沉默一会又冷静地说“河南人确实素质不高”，关键他连河南都没去过，麻了😅，一句一句无不是带着极大的偏见，仿佛陕西人在河南人面前就带着天生的优越感。河南人对陕西可是带着极大的尊重，我们只是单方面被黑，用“有组织地互黑”不合适。,Region,8.2114725,10.276818,6
3086,别这么感性，男人都这么没逻辑性吗？这个真辟谣了。,Sexism,-0.25365514,8.743836,0
5713,不希望以后中国遍地都是黑人小孩，怕但是治安社会矛盾突出，大家过都过不好，大家都是中国人，感觉大家还是不一样的…没有那么懒，没有那么多政治正确，没有那么多暴力和低素质，5000年的道德约束还是有的,Racism,2.2059758,11.782549,2
5081,这个母🐶没了男的也买不起车啊有个批没了男的也没地方卖啊,Sexism,-1.2583284,9.160398,3
5257,白人妇女生小孩后，臃肿不能直视,others,1.055772,12.672587,4
3152,楼上就有一个感觉他们两广被黑了，很委屈。然后黑河南就觉得大家只是玩梗~玩梗～还要劝河南人别玩不起🙄,Region,7.388456,10.737833,6
3697,埃及文明至今还没有盖馆定论，目前还没有任何一种观点是所有考古学家认同的，楼主发的论点具有争议性并不可取。文明的发展和传承需要长时间的积累。非洲黑人如果经历过璀璨的文明的话，不至于落到现在的境地。,Racism,1.9305477,11.983497,2
6399,2.一方面说同性恋是天生的，在人口中比例是固定的，说同性恋不能被矫正，直男也没法转同。另一方面却常为直男被“掰弯”成同性恋沾沾自喜，面对成功被矫正的同性恋案例却视而不见。----直男扳弯和所谓矫正同性恋一样，都不过是城乡故事，并没有任何医疗临床证实。相反，全世界医疗界反复验证了性倾向无法改变。所以在论坛上说些斗不过是私人观点斗嘴，毫无意义。,LGBTQ,-3.4345894,9.467651,9
1031,什么硅南，能不能死一死？,Sexism,3.1703055,8.637597,7
5817,普信男破防实录了，属于是🤭🤭,LGBTQ,0.15942597,8.764132,0
3175,关键是黄精灵是真的摘不到蓝精灵一样多的果子啊,Racism,0.61725104,8.629792,7
7070,我不歧视黑人，但我不接受有过黑人前女友的男生，我这样想是不是虚伪？但这的确是我的真实想法,others,0.9731349,13.372858,2
2921,像你这样还去找证据的人不多了。我不太明白为什么作者和其他评论区的人还能完全信西方媒体新闻的，前阵子的新疆棉花事件都忘了吗？还有BBC阴间报道，以及西方媒体上对中国的各种抹黑禁言等等。,others,3.2672465,10.774583,6
2134,去B站看看，小仙女诬陷好人猥亵，黑框眼镜小仙男替小仙女出头，远离诬女，今日朱军，明日诸君,Sexism,-2.1971333,9.260307,0
6431,武侠火那时候全是龟男道德观，自然衍生出这种作品,Sexism,-0.98020566,10.278994,0
5999,我已经累了，也懒得讲道理了，爱咋咋地吧，ez和默关我什么事啊，总有一天中国要整出个右翼分子,others,1.2577554,9.408373,0
7330,十二生肖里没黑人,Racism,1.8355526,12.463412,2
6333,女的都这种玩意儿真以为男的想结婚？当然，舔狗不算人,Sexism,0.40668818,7.2103066,3
6580,我是ftm我该死吗,LGBTQ,1.0992305,9.139601,7
2566,宁愿小鸡守活寡🤣 也不想小鸡沾粑粑😅,LGBTQ,2.167452,8.473217,7
6230,大家可以多混混黑界和喷系，学学滚刀词汇，练练打字速度。也最好多了解学习一下语言学，逻辑学，辩论学，这些可以帮助大家出征仇男雌教魔怔教徒更添一笔整体战斗力和攻击值！,Sexism,0.4290469,8.648058,0
4820,LGBT：我不听我不听我不听,LGBTQ,-4.309151,9.142945,9
1481,西南地区也普遍看不起贵州人，喜欢搬弄是非地域黑，你上面那个就是地域黑，反正就是说贵州它们就说其它地方才是，老🐶了,Region,7.148268,10.032042,6
3286,上面什么时候宣传过这个风气？一直宣传的是女强人，妇女能顶半边天的正常女权，每年评感动人物的也都是无私奉献，舍小我成大家的雷锋精神，什么时候怕老婆成为'上面'鼓吹的精神了？若上面真是用这种方式刺激消费，那锤子镰刀还是尽早换了吧。一直是所谓的'民族资本家'为了利益，鼓吹这种风气来刺激女性消费市场的。这些'资本家'能代表上面？他能高我们一等？,Sexism,-1.7123734,7.5533867,3
2211,支持憨色正义破女权防,Sexism,-0.38418204,7.493819,0
6929,这楼里的同性恋者真可怕 就是因为有你们这样的人 同性恋才会被误解,LGBTQ,-4.219829,9.886392,9
6112,上个回答下面就有一个河南人在骂东北人😆👍,Region,7.1626644,10.723146,8
1120,哪都有骗子，骗子最多的城市应该是温州,Region,8.456169,8.944998,6
7367,HIV最先也是从黑猩猩传给黑人，黑人再从非洲传遍全世界。,others,-2.0842721,12.582011,2
1287,现在有些女O确实有点过份,Sexism,-0.74013746,8.486361,3
7057,民粹主义真是笑死我，戴帽子还得是你。,others,-4.5772123,10.449975,4
1649,所以要反对同性恋，那才是骗婚主力,LGBTQ,-3.1189575,9.863734,9
3258,果然答主是日本血统，日裔遗孤，挑起省际矛盾，居心叵测,Region,5.572254,10.186056,6
359,这幕刃直接经典我一男的,Sexism,2.8595212,6.5548224,7
2510,男人荷尔蒙比女人高，所以发生这种案件时常会有的,Sexism,-1.4421983,9.440757,3
4950,主要是下手狠，一个黑龙江人，一个辽宁人，必须打一个，我肯定打辽宁的，因为黑龙江的能玩命，豆豆鞋，紧身裤一看就肝颤.....下限低，上限高，有位兄弟说的没错，一小撮黑龙江人，尤其是年轻人，素质极高，彬彬有礼。但关键是不能赌啊.....还是发展不平衡，导致差距太大,Region,6.616639,11.200062,8
6999,又是你这个高贵的殖蝻啊,others,4.1865683,10.258174,7
3699,一群站街女！看来可以说是免费鸡院,Sexism,-0.2461648,7.1704354,7
4779,以后出门逛街遇到这种满脸都是妆的我大家伙得离远点，不知道卸完妆是什么贵物,Sexism,-0.041736286,7.773777,0
3416,就这母猪****，老子真想一拳把她这张烂坯脸打成稀泥,Sexism,1.8575894,8.049251,7
1655,一元购真是这帮东西的天性,Racism,0.77379847,9.254709,7
4714,男的娶了外国女人，滚出中国。女的嫁了外国男人，滚出中国。交往过外国人的，都不要留在中国,Racism,-0.5354956,11.195972,1
2915,毕竟人家是高贵的异性恋男性呢😆想什么都是对的，一个个都能自己做大科学家，能自己给txl群体下定义呢😆一个个都是大哲学家，贯彻了形而上的思想方法，将以少见多的理念发挥得淋漓尽致呢😆,Sexism,-4.030093,9.619859,9
2366,自己可以查查黑人比例，好像有些地方黑人有50%的比例了，黑人平均好像是10%还是20%。反正就是一个离谱，离大谱，而且很多是有其他各种病的,Racism,-0.99166924,12.810388,2
1884,国男只能通过婚姻获得性？？？？我是不是听错了？你骗骗国外无知少女还可以，用来骗国女，合适么？,Sexism,-1.495055,10.068564,3
7414,普通人不自信不就完了，真牛人也用不到自信啊,others,-0.3441863,8.849728,0
2046,哈哈，lgbt是这样的，他们觉得自己才是先进的，不支持lgbt的都是愚昧无知的，不先进的，崆峒的直接就是还未开化的。而自己作为lgbt群体则是代表了西方先进的文化和思想，觉得异性恋都是缺少性教育导致的。lgbt群体，他们永远高高在上，他们永远都在叫喊着让大众包容他们，喜欢他们，允许他们的存在，确容不得别人不喜欢他们，无法接受他们的存在，简直是赤裸裸的双标。,LGBTQ,-4.116702,9.353316,9
1719,中国男人死光了🤣🤣,Sexism,-1.3633292,10.480041,4
1343,应该把你这种黄皮黑比物理阉割,Racism,1.6995358,12.471217,4
1199,那些亩狗，纯纯畜生，这个词作为PUA男性的东西，解释权只能在小仙女手上。,Sexism,0.29898185,7.4742956,0
3480,谁喜欢小黑啊，黑不拉几的看一眼都嫌脏，也就某些连汽车排气口都不放过的男人会喜欢黑妞,others,0.77414936,11.90071,1
7599,我也是给国男提建议 提升自己的素质不要不尊重女性 每个人都有自己的选择 无论合不合你的心意 不要给中国女孩儿按头eg了,Sexism,-0.5803069,10.326388,3
85,它们只会骂中国男性，🐑跌跪舔还来不及呢,Sexism,-1.4127082,10.3508625,4
6609,广东人跟广西人长相有什么区别？本来就同为珠江流域人，语言风俗长相文化都相似，从南越国到交州到岭南道都是同一个行政区，广东人以为攻击广西自己就不东南亚了？,Region,5.2825418,10.896922,8
5198,我上大学的时候，被河南人骗了400块钱。。。,Region,8.586814,10.451853,6
1111,这年头某些烂裤裆都这么明目张胆了？,Sexism,-0.10721312,9.442977,4
3238,黑蛆经济来源分为寄声，帮派，?品，奖学金。,Racism,3.486129,8.764395,7
5840,营口市中心医院，核酸检测的挂号处那个男的说话语气巨差无比，说的我想揍他，但是又没人捞我,others,5.775369,11.448162,0
4290,同性恋也能用同志？简直就是笑话，让同志一词的脸往哪放,LGBTQ,-4.4615,9.609491,9
794,果子狸前几年很嚣张举报都没用。现在微博好像看不到了。,Sexism,0.87976164,8.033521,0
1709,为啥济宁会被黑,Region,7.2911224,11.446143,6
3125,至于黑蛆是不是“人”，至今还存在很大的争议,Racism,3.4490373,8.790992,4
2768,这正是这样不会把自己人推到对立面，要知道许多媚黑只是排黑目光的产物，她们其实和默没爱情，如果真有的话她们为什么不美黑呢一个个妆化的那么白。,others,0.30863458,11.780966,1
2289,性本身就是有自主权的啊，这个不分男女，很多男的天天yy女的怎么怎么yindang，其实基本上是自己自作多情罢了，或者说一厢情愿。无性恋比例百分之2，即使是直人，性也和激素有很大关系，雌性激素越多（越有女人特征的）性欲越低，雄性激素才是掌管性欲的东西。况且女人也是人，除了性还有别的追求好吧？,Sexism,-2.1782787,7.370889,3
2349,你气炸了的部分原因也有物化女性的成分吧？认为中国女性是中国男性的伴侣，但是这不是印度，女性也能顶半边天。女性和黑人和老外谈恋爱我觉得不要去管那么多，但是如果存在烂交群P等事情，发现一个公布一个，毕竟违法了。,others,-0.42721996,12.253337,1
5701,恐同者通常都具有暴力倾向,others,-4.655111,9.8248,9
5781,撑同的:你们不是口口声声讲“科学”吗?出来走两步?放着正常器官不用，非要狂搞人体有害细菌最多、最为肮脏的排泄器官?以至于基佬们都弄得年纪不大各种肛肠疾病缠身、身兜尿不湿这就是你们鼓吹的“科学”?“文明与科学”怎么会产生这样的结果？？？,LGBTQ,-0.44426516,9.395995,5
767,lgbtq可不可以理解为垃圾边态群体,LGBTQ,-4.1158442,9.384397,9
4745,东北我觉得还可以啊，该被黑的还是上海本地人，让人呕吐,Region,6.1046305,9.069232,8
6146,喷吧普遍男性反串带节奏，故意说一些反动的话让更多不知情的男生变成所谓男拳来无差别攻击全体女性,Sexism,-0.65516067,7.9686823,3
511,对待黑蛆直接清空弹夹完事,Racism,3.3874433,8.775441,7
5932,从小偷井盖，攒钱卖羊肉串，来人问你这串保熟不？你拿着切糕的刀给他砍了。,Region,8.543519,11.621183,7
1920,是啊，为啥歪过男性可以团结起来格了正服还有各种干什么，过男不行，基因不行，所以说过男都是下头男！,Sexism,-0.3655988,8.38348,0
5577,这只是猩猩同类之间的交配而已,Racism,3.9143925,12.849585,7
5991,别惯着她，不然以后有你难受的,Sexism,-1.6833098,8.735783,3
3645,我新疆的回族也算被黑惨了，虽然一部分确实有错但是不至于上升整个地域,Region,7.4500413,11.225913,6
7268,😅😅😅你是把出差一夜情当恋爱玩呢？这跟黑人不黑人都没关系了😅😅😅正常男人也接受不了啊😅😅😅,others,0.09009993,12.922701,1
144,谁也别说谁。现在有些苏北人在网上对江西的态度跟仇敌一样，已经见怪不怪了，有些甚至直接私信辱骂，还没见过地域黑能到这种程度的,Region,7.1189456,8.650193,6
4404,人均寿命黑人第一,Racism,2.1206872,12.218589,2
664,母√是这样的,Sexism,1.973737,7.772593,7
3923,我是想说那他们提出的人造子宫不能解决因为需要子宫而不得不听女人的话的问题吗,Sexism,-2.781288,7.155266,3
5274,相比直男，gay对女性要友好得多了,LGBTQ,-3.5680618,9.226864,9
7286,那几年河南人在新疆很猛啊，淘金的那几年，河南人在新疆抢金骗金事情不少。,Region,8.284156,9.656188,6
3868,男性需要思想解放，钱都给女的了，她们还不满足。,Sexism,-1.7616967,7.6883564,3
187,死掉的嗨人是好人,Racism,-3.941019,11.586858,7
1638,天机预言，后世潳嘿,Racism,2.1207716,9.472824,7
7100,唐山打人事件，第一时间，就有人说：东北人干的。,Region,6.292229,11.163971,8
242,你看看河北😜啥也没有,Region,7.228085,10.247629,8
7089,中立的吧主会是不男不女的双性恋？,others,-4.437448,10.087361,9
7086,主要是那些黑人在中国都不负责任，非洲还有很多的传染病。,others,2.0704992,12.37779,2
1540,没有，商丘表示黑的是整个河南，也就洛阳好一点,Region,7.7436676,10.489387,6
1546,一代又一代的先贤以及列祖列宗将中华民族最优秀的基因传递我们这里，而一些“女人”却在用自己的身体通过与黑人、白人媾和，污染着最优秀的基因传承。这是她们父母的悲哀、祖宗的不幸，整个民族该唾弃之，让她们如过街老鼠一样，不能在阳光下立足。,others,1.3524764,10.873719,1
4117,女人的属性 生理特征就决定了女人不可能有所谓爱国情怀，有这种情感的女人早就在战乱年代被淘汰灭绝了，我不是针对哪一个女人，只是女人这个物种就是这样的,Sexism,-1.6670276,7.8074074,3
6413,咱不说舔狗和理中客的问题，就说这组织力，就不一样，这次的立法可见一斑。举个例子，去年二月，女拳集体冲霹雳霹雳（B站）那次，组织力度之强，声势浩大，都没见过，而且从各方面下手懂得冲合作方，懂得影响股市、带动舆论。而起因仅仅是B站为了平息风波，各打五十大板，既下架了那部动画，又封了那个舔饭圈和女拳的LexBurner，就被骂“辱女”了。它们的口号：LexBurner可以因为辱女被封，但是不能因为舔它们被封。与之相比，微博上连“鲨光男人”都说得出来，别说冲了，骂都没几个人骂过。所以，短时间内，男性会被女性压着，直到在忍耐中爆发,others,-1.155503,7.463397,3
7391,同性恋本身就是自然界的一部分，有没有危害看同性恋的所思所行，以及和异性恋对比下对社会的价值影响，研究这么多年浪费多少钱和人力了?最后得出个是个人都知道同性恋不是病的结论，，，，，,LGBTQ,-4.009911,9.668307,9
1043,为什么国男喜欢跟饭圈一块玩,Sexism,2.0358667,7.0257893,0
7464,基佬的艾正常人也不会要，还谈什么勾引，真艾只属于基佬,others,-3.6584923,11.524549,0
3784,还是不一样的。首先，在非洲的中国人几乎都算当地土豪，土豪享有优先交配权很正常，国内土豪也没少玩。其次，那帮渣男不会因为有个非洲对象就有优越感，更不会因此贬低国内女人。相反，有国外对象的女人明里暗里秀优越，贬国男，甚至当二鬼子的可太多了。,others,-0.44275206,12.703838,1
6410,跟过黑人的女人兄弟盟接不起这个婚，都嫁给你，没别的，慷慨🤭,others,0.21199106,12.883874,1
3924,来了，基蛆无非就是在网上吠而已现实生活中谁都知道这是不健康不正常的,LGBTQ,-3.8431878,11.586428,0
1375,民主党搞的和平演变路线，说白了就是葵花宝典，美国国内现在也是一堆这些破事儿，把自己切了让别人死。典型的又蠢又坏。,others,2.1875546,10.636708,4
4926,您嫁出去没事，您找个中国国籍的黑人也没事，但是你不能再你的黑人老公被遣返或者回国过后还留在中国啊！国家政策是谁污染谁治理，而且看您这么有爱心，肯定不会让你的孩子没有爸爸吧！去非洲参加活动-爸爸去哪儿了？[蹲],others,0.5716285,12.573561,1
2278,穆罕穆的们，对非教徒，那就一个字词，over！,others,1.8053507,10.3706045,4
3269,那不是老实人，那是愚蠢,Sexism,-0.90018076,9.033236,4
5245,这籹的打个手游还打出优越了,Sexism,1.0519726,7.5951343,7
5406,所以嘛，不计较，欢送，把她们送回现代人发源的土地去,others,0.5309417,11.690776,4
6689,钕人是地雷是吧全身都是雷区要狠狠的打,Sexism,2.1514223,8.679357,7
7284,他说的这句话是反驳 那些让同性恋收敛一些的言论，事实上只要不违法不破坏公德，没有人需要为了别人而收敛自己的本性,LGBTQ,-4.377085,9.083091,9
1582,我一个上海人考到外地 周围同学天天看到我就开玩笑说 上海人牛逼 上海人都很有钱的 我直接emo了一个学期,Region,5.914171,9.128789,6
1847,贵州才是吧，不是我们穷就是说素质差😅,Region,7.121109,10.008869,6
257,拳师正在反思中……,Sexism,1.1063164,7.259859,4
2028,拉低和族基因了,Racism,1.473633,11.396494,4
19,话说回来你又能拿同性恋怎么样呢？？有本事就弄死他们啊。几千万个，慢慢来。反正对于你这种以强凌弱的，也就这些本事这种心胸了。,LGBTQ,-4.121014,9.931859,9
5036,以我过往有限的生活经验来说，如果认识黑龙江的新朋友，还是提高下警惕比较好😅，越是底层的越要小心，下限比其他地儿更低，其余和其他地儿差不多，甚至上限更高,Region,6.6908336,11.2512045,8
1999,其实不用管这些人的，正好崇洋媚外的都走最好,Racism,2.8971307,10.793492,4
2947,创新性慰安妇,Sexism,-2.140476,6.4800024,7
231,在中国这种男多女少的社会，但凡女孩子温柔体贴善解人意一些，即便样貌欠佳也根本不愁嫁好吧😓😓只能说嫁给老外的女生本身就有媚外的属性罢了😕😕,others,-0.521361,11.045547,1
1727,我怎么看是你们在歧视上海吧…,Region,5.549236,8.663793,6
7287,极生期快，新城代谢快，生存环境差，卫生习惯差，繁殖旺盛，极衰期快…嘿畜狌就是动物,Racism,2.2643793,9.597482,7
4451,只要秉持反黑。都可以,Racism,3.4424732,11.167637,0
7642,所以说到底他不还是个大猪0吗失足我都想象出来那个画面了他艮个脖儿在那🔒,LGBTQ,1.6976366,8.565914,0
3394,这下姆蛆help姆蛆了,Sexism,3.258904,8.464674,7
1008,说不定这男的是个同性恋，被女友发现了，然后杀人灭口,LGBTQ,-1.7016566,9.548323,9
2666,人形畜狌只有本能除了寄声就是寝犯种群铁律亘古不变真理只在射程之内,Racism,2.2587612,9.497295,7
5881,在今日头条新闻里，一个自称中国精英女写文章说嫁给了尼日利亚的商人，在中国结的婚，声称黑黄混血后代已经深入到中国的各行各业发展！！！,others,0.057072256,12.280472,1
1307,直接举报这个黑比，,Racism,0.9695872,8.225426,0
481,黑人都是默默默默默默默默默默默,Racism,2.0238404,12.045609,2
1410,抖音上陕西骂洛阳的，比洛阳骂西安的多的多,Region,8.28264,10.415776,6
5233,哈哈哈杨笠就是个丑女拳,Sexism,0.06551561,5.9517,3
7411,这种人三观一般都是有问题的，娶回家就等着鸡犬不宁吧，更别说再遇到老外，戴绿帽的几率无限大😓,others,-0.44090605,11.3479595,1
3966,往哪里跑都无所谓，要清楚为什么往外跑，谁把自己害成这样的都不知道，看黑龙江跟南方人哭诉的样子真可笑,Region,6.0428843,10.829224,8
6779,艾兹病毒入脑了,others,-2.7194345,11.929102,5
5864,所以对立场偏向母畜方的小作文，我现在是一概不信?,Sexism,-1.1450042,8.027929,4
2858,算了，老实说河南人被黑还是因为太善良，这样一个假装河南人，故意引战全国的匿名回答，不少人一看是以为是老乡居然也来支持。大家仔细想想，这样的人是什么居心？一边说别人地域黑，一边黑别的地域，这不是故意给河南人招黑嘛！,Region,8.087226,10.837411,6
5285,在80年代以前，黑人还没有现在那么嚣张，反而对白人卑躬屈膝的，一被欺负都不敢反抗。无论是马丁路德金还是曼德拉都是救不了黑人。现在黑人嚣张程度到了好莱坞主角第一，还有反派不能用黑人，蝙蝠侠超人都得黑人演，不喜欢还可以按自己想法改戏，一不小心就是歧视。以前的欧美是权大于钱，现在是钱大于权。其实造就这样的局面，还是资本的力量，而不是民权运动胜利的结果。主要还是以前白人保守势力太强大，如果资本不注意权衡各种力量的分化，早晚自己会被吃的连骨头都不剩。因为资本不允许一方力量一家独大，这样对他们没有好处，只能培养各种竞争对手。与其说是黑人地位不断提升，不如说是资本力量对他们控制厉害，在欧美，大多数警队都不敢在贫民窟执行任务，除了害怕打黑枪，也害怕各种口水淹死。所以贫民窟基本上是国中之国的三不管地带。本来那些走投无路的西药房和火力强大的烧火棍就多，很多不正规的交易就在贫民窟完成，现在不正规的交易都被洗白。,Racism,2.5893846,12.623896,2
3083,说实在的大连市的几个区还要比来比去的，看不起甘井子区，不知道从何而来的优越感。,Region,6.113812,10.181868,6
1218,对女性共情就是一种错误，真正的平等是不能够共情的,Sexism,-1.5546178,7.805944,3
1411,还没等我来得及发表意见 有黑人男友的女孩已经先开始喷人了,others,0.05715141,13.030556,1
1273,我也歧视默啊，咋滴,Racism,2.8193407,13.623854,0
4506,我觉得你根本就没有仔细看我说什么。我强调了，不接受同性恋很正常。,LGBTQ,-4.3356686,8.894685,9
4236,我最讨厌两种人，一种是种族歧视的人，一种是黑人🥺🥺🥺,Racism,2.1790173,13.487539,2
3379,对，没有基佬基因。基佬们都说它们从小就喜欢同性，这个居然也能被它们拿来证明自己是天生的同性恋？请问：哪个小男孩从小不喜欢跟男孩子们一起玩？？长大后正常男性称这种喜欢为友情，而基佬因为各种在外因素变.态后称这种喜欢为爱情？？,LGBTQ,-3.7865741,9.823829,9
461,对，所以我从小教育我女儿不管什么时候，都离黑人远一点，大部分来中国的黑人喜欢做坏事，还喜欢带着身边人做坏事，然后会被警察抓去坐牢。牢记一点，远离黑人，幸福平安。,Racism,2.231355,11.7978945,2
1888,想什么呢，西方宗教反对同性恋仅仅是因为同性恋不能下崽而已。宗教信仰这种东西说白了都是人定的。,others,-3.870027,9.674589,9
4455,都去非洲就太好了,Region,1.4548563,12.51286,2
4679,舔狗基数太多了什么时候舔狗没了才会改变局势,Sexism,0.8022069,6.937568,0
3295,黑东北的广东第一名,Region,6.019806,11.301758,8
528,骂棒畜是一回事，骂幕刃又是另一回事,others,2.3130608,7.1748824,7
173,不就是因为觉得自己恶心吗？什么撞号，分出个1啊，0啊的，简直是笑话。自己歧视自己的群体，应该是个垃圾群体吧。你们谈恋爱有多少人能超过三个月？嗯？不肯一起努力，捡现成，摆烂，物质主义，为了金钱抛弃爱情是你们这个群体的永远主旋律，像张国荣，图灵那样优秀的能有几个？恐怕优秀的人才是你们这个群体的少数派吧，不然你们怎么会经常性恋爱，每一段恋爱都逐渐使你们走向孤独终老的最终归宿。哦，我忘了，你们大多数人压根就没有老的机会，这个群体提倡的主要生活方式同样糟糕，你们真的觉得自己能活过五十？好了，我说的应该都是事实吧，死基佬们应该哑口无言了吧。,LGBTQ,-3.8729796,9.2065325,9
7607,基佬纪实啊.,LGBTQ,-4.1996136,11.486405,7
7426,真羡慕你们这些还对母拳抱希望的人,Sexism,1.5863382,8.089181,7
295,谷爱凌这波风头，有没有可能是老美反向宣传？趁着跌停的出生率，鼓励外嫁！或者宣传白人至上？刚才还有个小仙女怼我呢，说我影响人家改良中国人基因了，说我酸黄瓜酸死了我让她找她爸去了！,others,-0.41729638,10.496442,3
5094,重点是视频里还不是同一个默囧,Racism,0.9922997,9.376773,7
3437,千万不要找大龄，尤其是从大城市回来的大龄剩女,Sexism,-1.6101202,9.517398,3
910,女拳急了，他急了他急了,Sexism,-0.6003942,7.499513,3
2030,此女为海牙蝴蝶姬第二！,others,-0.45438054,8.444175,7
17,什么叫本地人干的坏事全赖到外地人头上，法制节目里犯罪的基本都是苏北安徽的，身边但凡有点坏事都是外地人干的，吴语区本地人就极少有干坏事的人,Region,6.824084,8.764892,6
3662,这黑人应该回非洲去,Racism,1.8683988,12.551495,2
1672,为了生混血孩子是咋想的🤔,Racism,1.0790958,11.809337,1
1314,陕西关中人和陕南人黑陕北人好像是因为陕北有钱来着（煤老板暴发户太多）,Region,8.032058,10.154597,6
7243,要想彻底解决歪国敌特和网特分裂势力，就要彻底与那些歪门邪道者绝缘，除了科普日常的爱国教育和正确思想价值观的公益广告，还要限制歪国来华的留学生和外来移民问题。,others,2.6614282,10.862653,4
5686,还有一种不容易被发现的方法，买个探伤机用里面的辐射源做成定向能武器。在大街上看见黑人就对着他照就行一时半会没啥症状。等到送医院发现也找不到源头了。,Racism,-1.1491278,12.741852,2
5793,反正我也是认可同性恋的，但是总会有那么一些异性的瞧不起同性恋😠,LGBTQ,-4.155307,9.23504,9
4652,渣的人不分性别不分人种，犯罪就是犯罪，就事论事，上升到群体就不好了，还有黑女受教育程度高这个不准确吧，重男轻女男尊女卑严重的地方女性就是生育价值啊,others,-0.04136064,12.391307,1
1458,孩子本来就是她老了以后的保障，问问她为什么还要和男人要保障，这种两头抓不可取啊,Sexism,-1.8650755,8.911392,3
2905,“每个节日都会有精心准备的小礼物，有各种小贺卡和手工艺品”花这么点就有个两年的伴侣，这待遇郭楠可以有吗？,Sexism,0.549772,9.233224,0
5865,本质上就是被身份政治洗脑，转移矛盾的傀儡罢了，西方犹资的老套路了，不能只看到表象，要知道幕后黑手是谁,others,1.729743,10.559611,4
2029,第一代女拳是境外势力资助，微博那会被抓的全是男性，真要令我笑死,others,-0.85791665,7.254196,3
2893,有几个女的跑网约车？都是男人在跑，他们还得顾家赚钱，哪像这种幕刃除了比必啥都不会？,Sexism,-0.05005437,7.025333,0
1421,大风起兮云飞扬，安得猛士兮守四方，嘿畜，任何时候都要剿，不剿不行,Racism,2.6976933,9.986914,0
1044,女拳是伞兵，不是说女性是伞兵。虽然很多时候区分不出来吧。,Sexism,-1.093855,7.449218,3
3108,怎么会批判呢？她们爱谁我管不着，我只有一个要求：嫁出去的女儿泼出去的水，既然已经泼到非洲 了就别收回中国就行。,others,0.7100194,12.242916,3
5024,我二弟又被屏蔽了，你去别的地方发，这里的AI可是芭芭拉小魔仙的存在,Sexism,1.9405049,9.103818,0
2091,女性在非洲地位很低,others,-0.36984825,12.577982,1
5022,老照片：日据时期的广东，汉奸横行，满城尽是日华亲善,Region,5.0549183,10.864271,4
2329,经济水平在某个阶段，当地人的素质也会在相应阶段。这不是地域问题，这是经济问题。延伸到印度非洲，我也是这个看法,Region,5.454062,9.776201,6
6084,已经输了，新生儿60%是黑人。以后的法国是一个黑人国家。。大概就是20年后。。,Region,1.2852533,12.119958,2
4593,不是你们在那碰瓷江苏人会理你们?,Region,6.9589663,8.640426,6
180,那我们也有鄙视的自由啊，可以鄙视xx癖就不能鄙视媚黑癖吗,Racism,-0.032112587,11.714044,2
4470,犬父无虎子😆,others,1.8006177,8.012,7
5466,上个帖子被贴吧破防的幕刃举报没了，后面我看重新申请回来,Sexism,0.9063495,8.200744,0
6438,这里说没啥用，重口味的女人不会出现在这里,Sexism,-0.40628478,7.7115083,3
401,是这群人没有良好的审美，我们反同人士都喜欢秃头油腻大叔，这才叫帅，有男人味。,LGBTQ,-3.4926405,9.302987,9
1232,还没阵亡女人就已经去舔羊带人默带人了,others,1.2241175,9.238041,7
5351,黑人有中秋节吗？,Racism,2.101224,12.319958,2
5710,反正只要争辩起来就会 安啦上海银。。。。🙄,Region,5.8619266,8.76982,0
6310,差不多，小学的时候班主任也是打拳的，男的打女的抄课文，女的打男的p事没有，结果最后一个学期快结束了全班男生起义,Sexism,0.44387752,8.022004,3
1135,我是平等的物化男女性，不是性别歧视，男的,Racism,-1.1959966,8.065569,3
4099,答主，你真的是一个善良而理性的人。对于gay恶心是本能的生理反应，这是很难克服也无需去克服的。但是你能理解性取向和身高长相那样不是自己能控制的，就像长得高的不会看不起长得矮的那样，作为异性恋你也平等地看待同性恋，谢谢你的理性和善良。,LGBTQ,-3.853496,9.015393,9
2170,你歧视男的，打女拳？就你们女的能扭？,Sexism,-0.6981101,7.7917743,3
4610,我一直觉得，绿帽宝要是能做出来，市值肯定超过阿里,Sexism,-0.5606699,9.170068,0
3004,是媚黑后被中国人集体排离了，没人愿意跟她有交集了，慢慢的时间长了精神就不正常了,others,-0.90428835,11.0859165,1
4279,你们北方发展不起来是有原因的，南方比你们发达咋滴？,Region,6.575969,10.278669,8
5747,寄声虫是骂不走的，只能拔除，如果拔不动，那就弄断再拔。,Racism,2.4214814,8.581025,4
3220,我们班的上海人都是拿鼻孔看人的（生理意义上） 别的省份和别的省份玩的到一起 上海人永远只和上海人玩,Region,5.7828283,9.074727,6
2370,广西人有东南亚爪哇矮黑人特征，扁鼻子大鼻孔凸嘴+个子矮小，反正不喜欢东南亚人,others,5.2595043,10.874851,8
7355,大致意思是有人开始用黑人的办法对付黑人？,Racism,2.3244724,12.273251,2
4042,黑命贵祸害原住民是事实,Racism,2.894924,12.28015,2
2865,跟无限索取，整天无下限PUA男人的黑洞确实幼稚。为啥男人不会跟大部分女人样去无下限PUA女人呢？,Sexism,-0.7447996,9.858059,0
3268,请像楼上这种恶熏的怪物停止进直男反同帖贩剑，否则进淋β反应！,LGBTQ,-4.475423,10.250469,9
7299,別说女性男性都怕爱滋，女的既然都这样了，就应该买把枪弄死那些毁了自己的人，他们不是喜欢一起吗？一堝端了,others,-2.0612586,12.023615,5
1560,成都被黑 四川重庆可是吹的飞起 造谣川军350万,Region,6.378919,9.674799,6
2348,歧视别人就有被骂的可能，这是相互的啊。不过被骂就被骂就是，不影响我歧视同性恋🤣,LGBTQ,-3.9732056,9.961313,9
5919,道德绑架够溜 你没有反对我们不喜欢同性恋的权利 正如你没有反对地球是圆的权利 这些必须就这样 不然你就是双标,LGBTQ,-4.3453255,9.267096,9
733,现实生活中对东北无感，倒是网络上老铁不停的找存在感,Region,6.5708613,11.244021,8
1294,歧视这个词不太好，太过了。但确实，很多txl给人的观感并不好，我觉得，这个网络也对人有太多影响，短视频里那些娘里娘气的、装疯卖傻的，让人反感，给孩子们不好的教育示范。,LGBTQ,-3.936084,9.92943,9
6744,大胆！南大人能叫心机吗？那叫聪明，叫智慧，叫见识,Region,7.0480413,11.996715,0
1772,梅人尼-因爱滋生祸端,Racism,-2.4789388,11.46265,7
88,人家把你弄舒服了你还告他，这750万就当作营养费,Racism,-0.26461577,8.052561,4
7128,生了再给。怀孕给一半。,Sexism,-2.0657198,8.719035,3
1126,女人为什么以为自己值得男人为她花两万？重点是要让女人意识到这点,Sexism,-0.9179645,9.005326,3
5424,这个词一样，是从变态大本营民主党传出来的，因为他们骨子里其实是法西斯反对的是共产主义，自然要污名化同志这个词,others,-4.300388,9.825053,9
4550,是的，我一个福建的同学跟我说，他爸爸说安徽人都是小偷。我很生气的他说，对我就是小偷，别再跟我说话了。他一脸尴尬的道了歉🙁,Region,7.583467,8.932981,6
1118,从某种意义上来讲，在座各位都要感谢杨笠，她把大部分小仙女心声说了出来,Sexism,0.01662093,5.9042926,3
3876,找鸡还是太亏了,Sexism,2.1536615,8.481437,7
6115,挺好的，我建议它和世界上所有的物种还有灭绝生物的DNA融合，看看能不能生出个单细胞，直接起源了。,Racism,1.6796088,11.193839,4
6698,"看到网上有一个母亲教育女儿说不要和黑人交往，不要和陌生人交往。这样不对，但是看到黑人看到视频发评论说，大家的大砍刀准备好了吗？🤔🤔🤔这样对吗？自己心里怎么想，有时候在公众场合还是不要表达或者表示出来，做一个谦虚但心里利益分明的""虚伪""百姓不好吗？🤔🤔🤔🤔",Racism,2.7012846,12.420449,2
1099,劣信幕刃真下头,Sexism,2.9047894,6.485738,7
2875,学校也有歧视圈是真的可笑，估计那些人连大学门往那边开都不知道，只能靠虚无抬高自己,others,1.1839927,10.211507,6
1216,最多外来人口 有多少是外国人🤔上海人对黑大人白大人的忍让成都 和对国人歧视侮辱程度真就是天差地别,others,5.826995,9.071282,6
5188,和黑人那也配叫爱情？😆,Racism,0.18348461,12.927843,2
2206,不专拉外国人皮条的窑姐，人家都不感接黑人的客,Racism,0.45304856,10.152149,2
3129,是的，要西方的开放独立权利，不要西方的责任均摊。要古代的卖人?，还要人身自由独立。我也发了个差不多的帖子，不过我没有考虑到她们还想要西方权利。结婚是真不想结。,Sexism,-1.7878104,7.4725494,3
3414,这男的的确是个情商很高的人而且很有责任担当但是根据这个女人的描述她自己就是个five自己的事情自己没法负责行动能力和婴儿一般据她描述她父亲已经很注意教育她自己的事自己解决了结果被她认为是冷漠如果她已经成年了还这么蠢那真是太好了！,Sexism,-1.4223638,9.2139635,3
366,用不着换位思考，但他们带来的影响力可不能忽略了细节。那些精英巴不得绑架全世界。你拿什么来解决啊。,others,1.7112777,10.525327,4
5405,知乎很多东北人喜欢代表北方，挑起南北对立，把东北出现的负面新闻甩锅给南方人或南方系，总之不夸东北（黑龙江）的就是南大人，就是南方系媒体，赢麻了,Region,6.3866763,11.076644,8
2426,原文章主要是反外，而且嘛，核心还是反白。让那帮子跪洋的咋活？😆,Racism,2.6226113,10.622281,4
1817,反正我每次叫它都是华东女贼大学,others,-0.19277044,7.7162833,7
1985,我在很多平台看到江苏人仗着gdp高，到处骂人，就好像有杀父之仇一样，已经魔障了，他们自己省份内斗就算了，还要扯上无辜的人，真的服了😓,Region,7.021218,8.652235,6
894,我们小区里有一混血小黑 3.4岁 天天出来遛弯别的小孩都不带搭理他的,Racism,0.8155685,11.976394,2
3603,y基因没了，女的x基因可还留下了，说不定因为默默特别喜欢生娃跑路，反而壮大了好几倍呢😄,Racism,-1.1547098,11.795219,0
4225,又是头猩猩,Racism,4.049739,12.928839,7
3920,害，事实就要正视。中国女权还在2017年被中国妇联判定为分裂势力呢。你们该打的拳还是照打不误啊。😆,Sexism,-1.2579061,6.995088,3
4764,肛门出来的黑粪球又丑又臭,Racism,2.0452936,9.966323,7
6221,北方人被南方人叫侉子,Region,5.9923906,10.492602,8
1843,我觉得答主没必要黑皮黑皮的叫他们，咱们国人在非洲也没少玩黑女，这些中国女孩找黑人都是自愿的。这些女孩追求爱情也好追求感官刺激也罢，客观上都安慰了黑人，黑人受到慰籍就不会伤害其他女孩。对这些女孩应该宣传的是如何防护艾滋病，高校艾滋病增长过猛有黑人的功劳。潜伏期6-8年，病毒携带者根本查不出来，所以有些有过黑人男友的中国女性传染给了中国丈夫和他们的孩子。所以个人认为女孩找不找黑人不值得讨论，艾滋病防护才是该让其知晓的。,others,-1.2288307,12.46694,1
203,因为电脑不会生孩子警告，也不会要这要那还说你坏话,Sexism,-2.4874077,7.397033,0
1806,你们以一个小群体的行为，来攻击全国女性，就站得住脚了？,Sexism,-0.7173901,8.037284,3
5328,这患者是黑砸，思维错乱不奇怪。,Racism,2.443869,11.98703,4
358,真没必要这样说她们，等下你违背妇女意愿了,Sexism,-0.59556115,7.9825983,3
2636,中国人在中国歧视中国人⁉,Racism,2.821736,13.402663,2
1625,女权不是指女性权益吗？怎么还蹬鼻子上脸了？,Sexism,-1.2915863,7.077602,3
2572,加速是好事，而且别人本来就没打算征求你的意见。把女的捧得越高越好，特权群体越是会被讨厌，舔狗那么多还没清醒过来呢。,Sexism,-0.71390986,7.530931,3
414,然后你们就在那瞧不起安徽人，是吗？在你们江浙沪的人眼中，安徽的不是挖煤的就是要饭的，剩下的都是黑社会，是吗？,Region,7.594963,8.984486,6
5690,基佬破防了，急得大号和小号说话,LGBTQ,-4.2640567,11.711045,0
5552,苏北人说我们江西是韩国人😓，礼貌吗,Region,7.1771955,8.564999,8
6214,除了东北上海河南其他地方真不叫黑,Region,7.1602945,10.544736,8
684,江西彩礼真的是高的吓人,Region,7.3444676,8.248621,7
1440,人还是高级动物。集体意识强。女人找过黑人男友，本能觉得女人是背叛集体的存在，心里膈应。有一种“外人”的感觉。,others,-0.09025454,13.014223,1
4277,去了以后，万一后悔了，咋回来？就国内大山里都还有买卖媳妇的情况。真要是去了非洲，人生地不熟，说话也听不懂。还不是任人鱼肉了？一到非洲直接就qj，把你搞怀孕，你也拿他没办法啊！,Region,0.9167777,12.489871,1
5303,笑死我也 我一个汉人还天天被骂野猪皮🤣,others,7.2067547,11.3713665,0
4954,“你竟然和女孩子计较，你还是不是男人”,Sexism,-1.0429333,8.082497,3
3998,老家浙江的我哪敢说 说了就是明明是我们歧视外地人😆,Region,6.7546687,9.527141,6
6619,知乎官方本来就偏向女拳立场，知乎现在的舆论形势是用户包围官方。,Sexism,-0.9509258,7.566412,3
5982,下半身动物的帽子早就从男人身上剥离了，这句话其实是用来形容女人的，只是被女权利用栽赃给扣在了男人身上，男人出轨天天的性那都是假象，女人嫌男人不行，天天抱怨没有性生活这才是真相,Sexism,-2.4401705,8.1567955,3
5563,现在全国基本都是达成共识的反黑情绪😆你说啥时候人民这么统一，难道不是因为被折腾久了,Racism,3.5887764,10.976947,0
1989,嫁了老外就去他们国家，享受他们的保护和福利，我们一样祝福你们的爱情。如果还想赖在中国那我们坚决反对，因为你孕育的是别的国家别的种族的后代，就应该放弃中国的福利的权利，毕竟保卫和建设这个国家的都是黄皮肤的中国人。还要嫁老外的这些女人，你们老公都保护不了自己的老婆孩子吗，还要蹭娘家的好处？,others,-0.5376542,11.110634,1
792,一有精神小伙要么扣东北的帽子，要么扣广西的帽子,Region,6.0668,11.000797,8
6684,哎！中国怎么那么重视黑鬼。,Racism,2.6225162,12.161863,2
4344,仙女在世界第一女拳国享有犯罪豁免权，二等男人就别叽叽歪歪了。女拳国怎么可能有公平的法律。,others,-0.917146,7.584671,3
2024,幕刃罢了，你不娶，我不娶，连20块钱都不值,Sexism,2.3129456,7.0435934,0
4881,容易失足就表示西方思想浸入我国严重，更加证明了反同的重要,others,-4.139268,9.665568,4
52,艾呀，梅事的啦，疣没什么大不了的，中奖几率为淋，痿什么要担心呢，打个疱而已嘛，下次就不药啦,others,-2.30566,12.416432,5
3948,看来某些家伙忘了他们当年骂江浙人（此处的江浙指的是苏南浙江上海）是猴子的时候了，黑江浙人小气，黑江浙人娘娘腔，黑江浙人窝囊，都不叫地域黑，毕竟当年没有地域黑这个名词哦，不去想想当年春晚上那些个小品，都是怎么黑上海的，现在换成他们被人黑了，就接受不了了，还搞出了个地域黑的名词出来，声称自己才是被地域黑的第一批受害者，他们骂江浙都是因为江浙先黑的他们的，我是服咯，啧啧啧。,Region,6.5796914,9.15536,6
5072,对邻国的复仇情节，让日本饮鸩止渴，甚至让默代表日本人，打破了日本保持民族纯洁性的最后一点自尊打破了印象中日本对于默严格管控的神话泡沫归根结底是怕邻国报复的自我矮化心理,others,3.1328125,10.116538,0
1151,看来还真是真可见全球所有世纪传染病传播源头都来自它们,Racism,3.0580773,9.5630455,7
2360,无良账号又来骗流量的吧。媚外本质是所有穷地方的人向往富裕地区的人，泰国越南妹就像商品一样被西方人挑选，租妻盛行，还不够媚外？！我反正没见过中国女性这么样的，倒是不是贫困地区的男性娶黑女。,others,-0.60500234,10.628808,1
820,理智的gay一般都反感直男，因为三观大概率是不合的😆,LGBTQ,-3.4066823,9.200266,9
7184,太形象了，碰到好几个这样的了，一说浙江不太好的地方，立马涌过来说你一定是嫉妒，外地人一定多么多么羡慕他们的😅，甚至上升到人种优越论,Region,6.593153,9.216383,6
4866,我之前大学时候，宿舍苏北人特别歧视我是四川人。不是因为我素质低，就是因为我是四川人。但其实我家从爷爷一代就在银行工作，他家就基层老师。毕业后我收入是他十倍不止。我常常后悔当初不善人际，害怕和室友闹掰所以没打他脸。,Region,6.6246676,9.617769,6
1310,别说黑人男了，要是有个找个黑人媳妇的，我也会直接断了联系。不为啥，看着膈应人。🤣选择都是自己做的，你有找内个的权利，我有拒绝你的权利。,others,-0.03607315,13.236379,1
5674,永远都对泛交女性说No,Sexism,-2.9305942,8.42055,3
5216,她从中国公司赚取的钱越多，她的跨种族跨文化优越感就会变得越充实，就会越相信黑人的社会文化。这简直是养虎为患。,others,2.55748,13.240325,2
480,综上所述，以后想起来会补充，同性恋就纯纯懦夫,LGBTQ,-4.426589,9.743463,9
3069,山东女人不上桌的应该不少吧😅,others,7.422387,11.252092,3
750,黑人的所谓运动天赋是不值一提的，特殊领域表演项目用得到。日常生活。。还是算了吧。正经人谁没事大马路上窜下跳啊,Racism,2.4807584,12.1815605,2
2001,几十个人服侍一个人总比一个人服侍全村男人好吧😆,others,-0.7475053,9.689624,0
1463,Y吧呗，那里每天反同的人挺多的,LGBTQ,-4.6840835,10.286654,9
1710,我建议你换回之前七尺大儒的那个号，那个号都已经有那么多粉丝了。好好经营能赚不少钱呢。还有建议和隔壁阿娜联动一下，我看评论区都在骂你。有个阿娜帮你分担战斗力，应该能轻松不少。这叫梦幻联动，那我直接给你打钱,Sexism,-3.7910297,10.16815,0
1315,哎，奈何默数量越来越多好多。,Racism,1.1950258,9.391338,4
4792,说什么喊麦，烧烤啥的我感觉无所谓，什么一枪不开，日本人后代我就想给他的祖坟刨了，问问他家先人怎么教育自己家的后代的,Region,3.1355402,10.076042,0
1881,女拳都是自私的逐利者。她们为了获取利益，打起拳来可以无视性别。,Sexism,-0.71914345,7.3108053,3
5596,没有真正的女权，女权的本质就是打压男性，外国的女权更霸道,others,-1.4138772,6.8388047,3
1665,是的，现实里，男生遇到渣男排挤有限，女生是真的排挤渣女。网络上，男人对渣男渣女都骂，部分女性为渣女洗涤。很多男性眼里的女性就是那些女拳。,Sexism,-1.31363,7.784089,3
2231,是的，二鬼子征的女大学生慰安妇。牺牲一代妇女，振兴?,Sexism,-2.1265419,6.515377,4
1226,其他的人种不知道，但是白腩的浪漫有情趣绝对是因为他们普遍30岁左右就萎掉了，所以诗酒趁年华🤣。至于南亚非洲那些乞丐地区，饭都吃不饱，我也想象不出来能有多浪漫。🤣,others,-0.23197547,11.979044,1
4008,女子被骗5万，还坚称骗子是“富二代”，男接盘侠报警，竟还自愿为其筹5万。,Sexism,-0.46800733,9.355059,0
6252,一定是因为偷窥男子的妻子是骗婚女同他才会这样的,others,-1.8562475,9.6207695,0
6621,汉奸的事能提倡？鄙视就完了,others,2.5447674,10.489181,4
5,事实就是这样，很多女人天天被家暴，被揍得鼻青脸肿什么似的，到处抱怨自己的不幸，但就是不离婚，反过来被男的捧在手心娇着惯着的每天就各种不满说男的不好动不动闹离婚还对男的上演家庭暴力。这就是?,Sexism,-1.6638132,9.059664,3
2626,他不是江南人，绝对不是，江南人讲话口吻脾气秉性不是这样的。他是明显的假冒魔都人有种现象很有趣，就是低温人假冒京人某些人假冒魔都人尤其这些年，去魔都的人各地都有，比之前杂多了，不少人，您比如假名媛吧，某些柴火妞就是中专没毕业到魔都钓个老头过两月出门就说自己魔都人😅我真不相信他是上海人,Region,6.040221,9.223331,6
5778,这个吧里的臭亩钩聚一起能凑出个完整的月莫吗？,Sexism,1.6922543,9.096914,7
204,嫁给他，就跟他回非洲啊。黑人敢打我们的抗疫英雄，洗不白了。举报三非，收入不菲,others,0.5822863,12.476242,1
451,他们就是这样，一脸饥渴样，完全想不明白有的女人能接受，我不说别的，不嫌弃丑吗？,Sexism,-0.4815016,9.660712,3
7456,所以你要不要看看，这个问题问的是什么？我回答的是什么？另外，中国男性与黑人女性的婚姻问题，2018年的统计是九千多例，不到一万例。且大多是在非洲当地登记的。这跟把黑男人留着中国，把黑娃娃入籍中国的媚外女们不一样吧。,others,-0.21578693,12.663085,1
1572,我只知道扔菜那事儿气的我肝儿疼，对上海再无好感,Region,6.026492,8.842676,6
1160,为什么不找外星优质男人呢，人家有太空战舰呢,Sexism,-1.0998118,10.465053,0
2807,河南人其实还好，就是洛阳人讨厌。上次和沈阳兄弟一起讨论西安和沈阳的没落呢，结果我被洛阳人骂了，没想到东北兄弟的战力好强，直接把洛阳人给喷跑了🤣🤣,Region,8.23806,10.486551,6
5197,说白了就是一群男的，事业上失败，生活上受了打击，本来智商就不高，又普信，找不到女朋友就开始仇视女性,Sexism,-1.399567,8.10365,3
1285,能接受的只有一种情况，他祖上也被默过,Racism,0.8912291,9.7301235,4
6677,上海确实是很歧视外地人,Region,5.5026298,8.627695,6
803,作为一个正人君子，又怎么会轻易就跟一个完全不了解的女人上床？国内有些艾滋女也好，可以让那些好色之徒不敢肆无忌惮！,others,-2.0752113,11.759358,5
5086,基佬为什么不怕染艾？因为艾是判断对方是不是基？找不到无艾的基？基佬不要艾就永久单身？对基佬来说无艾不是真爱，无艾不是真基。,others,-3.6462693,11.451496,5
3219,我恶心的是有些同性恋以为全世界都是同性恋，无底线的试探自己喜欢的同性，超级恶心！,LGBTQ,-4.671988,9.332055,9
5300,体制内的打拳的最多了，优越感很多很强的,Sexism,1.2198055,7.9709616,6
3066,军阀割据占领华夏，分别是：北方人（一般北方人、辽宁、黑龙江）、南方人（被地狱狗蔑称为南大人）。北方分裂，南方人赢一局。,Region,6.141779,10.712782,8
3419,不跟他们接触就是最好的，都烦他们不是没有原因。,others,1.1768616,9.942469,4
7369,但是国女愿意倒贴钱找外国男人🐶,Sexism,-0.9215139,10.779212,3
612,哈哈哈嘿畜就是一群没有脑子的寄生虫,Racism,2.21989,9.596979,7
4087,不不不 咱们是排外,Racism,5.393419,9.103423,4
4966,尊重的应该是值得尊重的个体，而不是整体，因为整体里差距太大了！有的根本不值得尊重！,others,-1.2546979,8.650145,3
4622,别搞新纳粹，只反三非就行,Racism,2.7725182,10.764709,4
5162,黑人也有好人，不能一棒子打死。因为人家身体素质好，一棒子多半打不死，建议多来几棒。,Racism,2.5411024,11.86858,2
4692,如果有恶熏的txl帅哥记得艾特我我来打击惹,others,-4.2273717,8.136858,0
206,开场就一个黑人，占领中国全靠生,Racism,2.3725772,12.195062,2
5234,这个人也不能算地域黑，只是侧面反应了广东人，尤其70后（现在高考学生父母应该是70后）那一代南方人学历和认知水平的低下。也可以说他们基本属于土包子。可能家里因为拆迁恶分了房可以每个月去收租，但是从文化、见识各个方面其实都是土老帽儿,Region,5.615579,11.036659,6
4026,说了半天，你都没说中最大的要害。黑河南的主要是南方系媒体，南方系媒体总部在哪你去查一下。你说的这几个除了西安都不叫地域黑，只能叫地域矛盾。,Region,8.228489,10.603936,6
420,河南的盖盖呗，还能有谁,Region,8.519803,11.598179,7
2179,这是好事啊，女人破事多企业不敢要，就只能提供男员工地位婚姻女人便宜多，男人就同居呗怕什么？,Sexism,-1.9963692,8.390902,3
3111,十有八九是领美刀的。,others,0.51832193,9.033882,4
5076,敌在本能寺,Region,2.383089,9.454792,7
194,那为啥你认为不是黑人的背叛而是我们的背叛呢？,Racism,-4.5261087,8.883012,2
4828,丰县丢尽了江苏的脸，丰县是苏北的不？你不会说丰县是山东的吧🤣,Region,7.060501,8.634359,6
3875,ezg喜欢，我们也没办法。老实人还是祈求以后不会娶到和动物玩过的ezg吧，毕竟房车彩礼不是那么好赚的,others,0.34772134,11.373084,0
7460,我记得小时候常放日本动画片，现在一些孩子更是被日本的动漫洗脑精日媚日，反正我是讨厌日本的还有黑，我们是几千年的文明古国，中国有很优秀的文化传统，一些人反而说喜欢日本的文化，我想说的是他们所谓的文化传统很多都来自中国，而一些人把自己国家的文化当成别国的，很可悲,others,3.1755803,10.286474,6
7346,你一个女号回我男的这句话感觉有点好笑...,Racism,-0.6125589,8.404634,0
7042,嘿枸浑身弥漫着低劣程度的气息，天生令人厌恶，源于基因记忆！无法容忍嘿枸做饿，其实是生态地位的颠复，开启人类基因防御应激。,Racism,2.2379045,9.564608,0
2011,你说的这个例子不一样吧，毕竟不是黑人。至少，金发碧眼一般是西方白人，比黑人智商更高，就是更开化一点什么的。皮肤白色，很多中国的美女也是皮肤白色的。但是非洲，则一般智商平均水平偏低，并且黑色的皮肤也往往不受人喜欢。,others,-0.27573517,12.893794,1
1189,东北人是这样的，自己被黑还喜欢黑别人，所以不值得同情,Region,6.7641563,11.488818,8
3138,好多买媳妇都是东南亚和朝鲜的吧，最起码不是黑人,others,-0.01980951,11.34351,1
2371,新疆河南人很多的，只不过这两个身份都比较容易被歧视，深有体会,Region,8.251974,9.603479,6
7044,当然不是，它们穷是他们自己懒惰，要是把非洲给我华人早就打造成一个大国了,Region,2.0178912,12.537792,2
1277,慰安妇是被强迫的，eg是自愿的，eg真正的应该算是汉奸的老婆,others,-2.1178331,6.4998436,3
4571,你哪毕业的？thu吗？也配谈智商,others,-0.33432013,8.88778,0
5293,今天去钓鱼，结果钓的全是清道夫。又黑，骨头又多，又不好吃，繁殖速度又快，还会吃光本土鱼的卵，对鱼业一点贡献都没有。简直就是一群没有用的垃圾。还挤压了本土鱼的生存空间。真不知道当初引进来放到河里的人脑子是不是装的垃圾。以前根本没有这么多，但当地没人注意到没有天敌的清道夫大量繁殖所带来的危害。导致现在一条河里全是清道夫，本土鱼都灭绝了。水还被这些吃垃圾的清道夫搞的又脏又臭，当年出了名的好山，好水，鱼肥，现在却变成了臭水沟。清道夫作为一种观赏鱼，喜欢的话放在自己家养着就行了。干嘛还扔到河里来威胁本士鱼的生存？作为一个钓鱼爱好者我是十分不能忍受这件事的！如果可能，我真希望把这些清道夫全部弄死。本来还想着钓几条鱼回去烧烤的，却被这些清道夫坏了心情。,Racism,2.146346,9.731356,7
1746,关键是那么丑那么穷的h人，某些人还跪舔倒贴，这就是人的问题了，我们男的又不是sb！,others,-0.77172065,9.766881,3
5943,那些嫁给默的国女能自愿放弃中国国籍，绝对值得立牌坊。,others,-1.0076,11.922543,3
4665,然后本民族的基因在未来可以通过考古来发现,Racism,1.625266,11.299797,4
4346,有的女的真的是嘴贱，随时随地张口就对男性下定义，女性凝视和偏见，普信女真下头。,Sexism,-1.1749413,8.079871,3
4972,美国太乱了，警察都不管,Region,3.2803442,10.828415,4
5659,艾就一个滋,others,-2.6876602,11.759775,5
376,你们同性恋同婚有什么用。你们就是爱快乐地互相伤害互相传播疾病的怪物。同性伴侣都是短命，因艾滋死了又换另一个伴侣，只会不断离离结结进行没有意义的婚姻,others,-3.2890363,10.623532,5
7821,本可是一名坚决的饭桶斗士惹,LGBTQ,2.451484,9.249539,7
6870,我真的麻烦你们女生找黑人的时候，能不能找个看起来长相还可以的？真的不要找那些又丑又怪的，不是说不找黑人，我们嫌弃的是：那么丑的黑人为什么你还看得起？,others,0.48731205,12.847388,1
7244,知足吧，爱丁堡不比井盖、山越猴、京巴、九头鸟、东百太君、白完、胡建、陕蛋蛋、响马听起来洋气？,Region,5.5647507,8.830984,4
1305,弱智基佬二次元《为您排解苦闷💄》这条基佬在外面乱玩得了HIV，顶着被家里人催婚的压力骗婚。他发的帖子已经被自己删除了，你野📉我好心相劝却被基佬拉黑了,others,-3.6436706,11.691693,0
3898,不是已经入狱了吗，话说回来，我心中反黑领导人是快手发展黑人祝福起家，领导一群肌肉黑人喃小弟的壮硕中国男人。当地黑社会一霸，并且每个黑人工资一个月只有一千块人民币。真正实现了心理生理双重奴役黑人喃。,Racism,2.4548216,11.720581,2
6840,这个人其实也未必就一定是成都人。只能说明当时他就在成都。不过他绝对当的起一句“狗日的”。行了，送朕进小黑屋吧🐶,others,6.2056556,9.278715,0
5869,不能因为有一两个正常的黑人，而引狼入室。让一颗老鼠屎坏了一锅汤。,Racism,2.8076541,12.122781,2
1551,找白人的女人也一个德行，虚伪至极，一边说着自己爱国一边找白人，这是什么操作，b站就有,others,-0.541547,11.978135,1
2555,当你产生与黒入恋爱的想法时，你的性格畸形，并且潜意识里有**的性癖好,Racism,0.6179243,11.837513,9
6293,有些gay努力奋斗却依然挣扎在追求自己美好生活的路上，为了顾及多病的父母，用终身不婚的单身贵族形象搪塞了家人，为了找到愿意安安稳稳过日子的那个他，从不约p，被同为gay的圈内人说成是表面圣母白莲花私底下放荡的伪纯洁，被异性恋朋友说成长不大要求高不现实的大龄单身狗，我们活着好难，这时候如果有一个人跟我说朋友我不反对你找同性，但是我恶心你们，我可能不会多生你的气，但我肯定高兴不到哪儿去。,LGBTQ,-3.9029384,9.335005,9
3495,那我在网上遇到十个广西人九个是脑瘫怎么说?,Region,5.3045774,10.740186,6
3109,里腾豪斯打死打伤3个黑玫瑰示威者，被判无罪。,Racism,2.466381,11.669993,4
1544,黑哥常规操作了,Racism,2.4692829,11.233334,7
879,一般女的都嫉妒好看的，所以把“白幼瘦”归为畸形审美?,Sexism,1.0015768,12.019909,3
4499,其实对同恋就像智力还未发育的小孩子要耐心处理，把小孩子当成大人一样看待只会贬低自己的智商所以不要把同恋当正常人一样看待,LGBTQ,-4.0101376,9.726306,9
5062,和外国人结婚统统36000+成功解决男女对立的问题,others,-0.6072517,11.326778,3
7273,我们的同胞被倭寇屠杀时，请问这个黑色的永恒族使者在哪里？,others,2.915391,12.138033,4
1671,说能接受的，在过年的时候，把你的那个Ta大胆在亲朋好友面前说自己是同性恋，看看你爸妈会不会丢人丢到家？,LGBTQ,-4.254785,9.0976925,9
1979,黑子好多都是没来过广东的,Region,5.529474,11.115785,8
7009,快手不灭，中国不白,Racism,3.2461739,10.927396,4
2808,偷换概念的比较，说河南穷，河南土的时候有河南人反驳没？反驳的是黑河南都偷井盖，坏人多，素质差的言论。,Region,8.045072,11.115449,6
445,女主向下兼容，舔舔犬男来收拾,Sexism,0.76194704,6.7688293,0
6430,这个不应该，他是很伟大的科学家。该骂的是又同又飞舞的,LGBTQ,-2.3539937,11.264774,4
884,为什么他们敢骑在我们头上？正因我们没有搞殖民、搞侵略、搞屠杀所以，别做好人。😆,Racism,3.055882,10.8867445,4
6734,你还别说，我在非洲待了12年，黑人就是这样对待他们的老婆的。不过人家非洲女人还是照样结婚生娃！没人惯着就老实了。,others,-0.3263001,12.447591,1
7186,还不赶紧给小仙女跪下？想被刀了爆1500金币？,Sexism,0.29943824,7.701926,0
4239,国际鬼子虫类及其它们后代虫混在真正严格科学定义根本就不是人类而它们在严格定义是属于昆虫纲卵体寄生虫,Racism,3.0666745,9.396622,7
4309,氙钕是这样的了,Sexism,2.3270643,7.494942,7
4319,母，芶，学校出来的能是什么好东西，进哪个单位都是祸害。,Sexism,1.1245356,10.28784,4
6635,本来就不是靠舔就能得来的，舔狗全都是那些对女性不了解，把女生想的很美好的沙卵。实际上大家都是第一次当人，谁也不比谁高贵，上来就把自己放在低人一等的地位上拼命舔，正常人都看不起这种人，更别说喜欢了。人们喜欢狗是因为狗可以当宠物，但不会把狗放在和人一样的地位去看待，更不会和狗交往,Sexism,0.41728082,7.142991,3
2236,瞬间心平气静了🤭，原来轮着黑，不过今天到我家🤭🤭,Region,1.9416459,10.32124,7
1143,如何评价这个漏屎鸡老,LGBTQ,2.2105033,8.552533,7
5893,确实现在的拳师天生就是坏种它们贪婪傲慢懒惰暴食淫欲嫉妒暴怒七宗罪它们全部都犯了它们欲壑难填利令智昏是畜生不如的东西,Sexism,1.9793937,8.9777155,0
947,把基狫打出血了你也有伤口了就会,LGBTQ,-3.8570752,11.363884,7
5433,来看看基佬的光荣事迹,LGBTQ,-4.1635647,11.517323,7
4189,😓早就听闻不少男的假冒女拳败坏我国大部分女性形象，今日一见，果真如此,Sexism,-0.6159148,7.401782,3
4075,其实上边的吧友们都真正地理解自己反对的是什么。就是反对自己后代的基因被染黑。,Racism,1.71762,11.876802,2
5455,原来你真的是黑人，回非洲去！,Racism,1.7166412,12.513146,2
1449,大部分是腐女,Sexism,-3.0712261,8.987531,0
4190,顶，去提意见，我已提过，不能让女权占先手,Sexism,-0.7693623,7.5649667,3
1115,介绍给外国吸毒的人，物以类聚么。,Region,0.7017207,11.978011,4
4130,这让我想到了前不久在结婚照前和黑人papa的成都女人。这视频被黑人放网上了，她离婚了，谁再敢娶也绝对是心大。👍️,others,-0.5514357,11.798908,1
2663,这是个恋童癖,others,-4.5406938,9.4454975,7
4345,话说回来你又能拿同性恋怎么样呢？？有本事使劲弄s他们啊。几千万个，慢慢来。反正对于你这种以强凌弱的，也就这些本事这种心胸了。,LGBTQ,-4.151433,9.902312,9
3937,妈宝女:我妈说彩礼三十万,Sexism,-0.9566706,8.48262,3
2804,做什么大冤种哦，人家小仙女领情吗,Sexism,0.33933723,7.643342,0
5205,至于普信男，呵呵那些金针菇除了抱团取暖就没有别的本事。游艇？你让普信男变魔术还是变魔法呀,Sexism,0.43262285,8.758625,0
3324,远离男人，拒绝婚姻，从你我做起,Sexism,-1.3431774,8.631889,3
1530,嘿畜狌只有本能，除了寄声就是寝犯，只有将其从地球上抹掉才能延续人类文明。,Racism,2.244237,9.550492,4
2261,韦春芳是怎么做到怀孕了还不丢工作的？不会被老鸨强制打胎然后卖掉？,Sexism,0.28574407,10.2081375,4
1886,坏了，他们都成东北人了,Region,6.7492948,11.562021,8
634,他们有立体防御机制，这样的也会被说成txl捏,LGBTQ,-4.1139054,8.409134,4
4855,叫他先带着他全家老小去融合呗，离开中国去其他国家跟别人融合,Racism,0.7310133,12.334867,4
7462,科学反同法,LGBTQ,-5.1223235,10.041921,9
5423,专业护默开小号急的不行,Racism,0.92556185,8.383826,0
2793,黑奴才们骂我是键盘侠的不就打算让我闭嘴吗？告诉你，老子就是键盘侠，就拿键盘恶心你了，怎么着吧，咬我啊,Racism,0.92281514,8.665474,0
6445,说真的我也觉得奇怪，为什么会有女生喜欢黑人😷黑人的az传染概率贼高。反正我总觉得黑人好像和人类是两个品种。后来我被前男友说种族歧视了之后，我就不在公众场合谈论有关黑人的话题了😄,others,-0.086503595,13.265938,1
647,而且数据显示女性外嫁的对象绝大部分全是发达国家，而男性外娶的对象才是以发展中国家为主，乎男颠倒黑白真的有一手,Sexism,-0.66177016,11.060397,1
5527,普信女和拳畜是最下头的低等动物。,Sexism,-0.51718587,8.718458,4
2802,嘿玩意只热爱人民币和LKD的标子,others,0.95344335,9.258409,7
5210,刚刚刷了一个帖子叫为什么对东北成见这么大，帖主说他遇到王者开麦骂人的都是东北人，东北人爱炫耀，爱给人带高帽，这点小事，这点钱之类的话让他不舒服。很难想到会是因为这种问题。你说大妈爱占小便宜，大爷爱碰瓷我都能理解这种原因竟让我一时语塞⁉[不错],Region,6.5504265,11.164262,8
7349,"当然不用管别人痛不痛了，又不是你生。你只用管好自己的利益。要是真有那么痛，你也不会承认。PS,痛都是自己要生孩子找的，倒也不能怪别人。现在可以打麻药但有些人觉得可能对孩子不好所以就是不让打。科学认知能力太差。话是有人生产很顺利痛得短也有死于生育的女人。这世界谁需要比较呢。谁又需要共情呢。反正下次她们看到你痛苦的时候也会照你这样子说：我觉得你肯定不怎么痛都是装的。",Sexism,-2.527933,7.236172,3
557,南方百越汉人恨不得东北人全民奋勇抗日，全部为国捐躯呢，东北人全死光了，他们好北上“继承”他们“自古以来”的领土。,Region,6.090448,10.789482,8
3047,男权吧言论自由，女权吧有点太极端了，只要有一点倾向就会被秒删,Sexism,-1.1003152,7.463974,3
1720,黑人擅长的恰恰是最鸡肋的,Racism,2.753939,12.358862,2
4601,抖音里，东北农村做大酱有人说是💩，讲东北美食，有人说给他一碗酱能把绿化带薅光,Region,6.677806,11.26168,8
6766,我歧视有种族歧视的人和黑人🐶🐶,Racism,2.2679434,13.482777,2
5475,现在的母人一个一个有几个人会做饭的呵呵,Sexism,-0.9453137,9.734475,4
6071,国铝都有这样光明的未来,Sexism,2.3238025,7.5128407,7
5940,没见过基佬工程师,LGBTQ,-3.9666102,10.679171,0
3078,反对一切地域黑，哪都有好人哪都有坏人,Region,5.3039403,10.356206,6
4933,为什么不能告她性骚扰,Sexism,-2.217005,9.255501,3
1910,印度也歧视中国,Region,2.8252857,13.331167,2
1590,舔豿太多了,Sexism,0.8146278,6.948758,7
818,东北跟山东是兄弟？呵呵 黑东北最多的就是山东，你去网易 东北新闻看看，每一条下面都有山东人的身影,Region,6.858372,11.151401,8
4549,这是个笑贫不笑娼的年代,others,-0.69827026,9.612642,4
520,爷不是种族主义，爷就是单纯的讨厌黑人,Racism,2.1108825,13.311303,2
1569,一样…亲身经历，问了几个类似圈子的也都这样：找白人女友的，还好一起玩，好融入圈子，找白人男友的，基本都被默默地排除出去了……理由我也不太解释的清楚，大概就是，感觉找女友的都是拐进来一个，找男友的都是被拐走了吧。,others,-0.34417576,11.6502075,1
5545,我一个女的都这样觉得，要我的朋友里面有跟黑人谈恋爱的，直接变成塑料，说不定都有可能撕破脸，并且和黑人妹子谈过恋爱的男生，我这个女生也本能接受不了，以前觉得黑人不能一棒子打死，现在只要看见黑人有关的话题，骂黑人的还行，只要是说黑人好的，直接屏蔽😆,Racism,0.030622052,13.2643795,1
441,其实我是支持她们找黑哥哥的，物以类聚自动分类。,others,0.9743825,11.211548,1
4069,真的无法接受，白人都不太行，真的让我选我绝对选个比我大五岁二婚带个孩子彩礼二十万之内的，毕竟我也有选择权嘛,Racism,-0.05567688,12.716073,1
2670,你肯定是居住北京，被②房東坑過多次🤭,Region,5.9517884,10.682582,6
6787,哦 我就是歧视黑人,Racism,2.3672175,13.4814825,2
1070,我觉得最歧视北方人的是两湖这些中南省份,Region,6.05194,10.322542,8
7437,也是胡说八道，地域黑嘴里的猴子说的是两广人，别听个啥都往头上套😓,Region,5.390727,10.403621,8
1412,上个星期我靠着举报三非黑人赚了一万多，还是兼职做的,Racism,2.935466,11.638898,2
2897,按女拳的自己不讲理的逻辑。杀人犯都是女人生的呢，所以归根结底还是女人该死,Sexism,-1.2609872,7.435017,3
5533,心理不适是其一，其二，怕死。老命只有一条，犯不着用自己的小命去测试对方有木有……艾？,others,-1.4554937,9.615321,5
5323,女权主义者永远不会忏悔，他们往往会在一段时间后后把自己伪装成正常人的样子，用被蛊惑来为自己开脱，然后觉得心安理得，但他们连道歉都没有过,Sexism,-1.5093452,7.1813207,3
2519,女人是真的没脑子，无法交流。跟她说全程录像，这女人居然把重点放在无理取闹上,Sexism,-0.9944001,8.942095,3
5637,审美是高级智慧生物特有的能力，源于视觉疲劳，追寻完美比例。而黑蛆面相相似（物种越低等个体相似度越高），审美标准与人类不同，脱猩化越重越完美。,Racism,0.92173195,11.956616,2
6776,就是歧视默 肖万yyds 默就该在大太阳下面摘棉花 下班了安排一套颈部按摩 嘻嘻,Racism,2.7045605,13.639987,0
5115,那个默曾在英孚工作,Racism,0.84878635,9.654836,4
266,😄我一路人又不跟她上床，她又怎么知道我的尺寸然后跟她前任比。就是单纯歧视eg,others,-0.19179964,13.107945,3
3230,赞同你的观点，男性不团结，四处都能看到雄竞现象，是我最不希望的，我主张韩国极端男权的5b4t以及boy help boy,Sexism,-1.3775487,8.225536,3
3869,我听到的版本是过去西藏人一生洗三次澡。出生，结婚和死亡。这个是最靠谱的。因为西藏的很多错(湖)在西藏人眼里是神圣的，根本不能捕鱼下水之类的，而西藏那种环境，洗澡很奢侈，根本没条件。,Region,8.252003,9.718143,6
7513,当婊子还想立牌坊,Sexism,-0.31134933,8.568634,0
6311,这些人淹不死的，应该学小日子，强制充军扛弹药箱搬炮弹,Region,2.4723952,10.9559355,4
6222,混血儿过去不是叫杂种么,Racism,1.4053204,11.634622,4
516,国女傻子太多,Sexism,-0.42010632,10.002231,3
3938,正经白男很难看得上黄女，炼铜猎奇居多,others,-0.115846105,12.3610735,0
416,女性的生育价值，我们不需要了，她们还能提什么女权？,Sexism,-2.225388,7.315689,3
1557,小仙女不高兴了,Sexism,0.2791297,7.6197844,0
850,北京上海400分上清北了解下,Region,6.2200165,9.085224,6
1861,反女拳就要从你这种男人开始！,Sexism,-0.74461037,7.72007,3
4080,我是河南的回族，简直互联网最底层🤣,Region,7.492065,11.251913,6
7458,人家可是高贵的小仙女，可不能惹捏。,Sexism,0.21597703,7.6369653,4
5537,北京山东河北最歧视东北了,Region,6.723887,11.113707,8
5524,咱就是南蛮后代,Region,5.9343185,12.177694,7
902,好，祝各位远离烂裤裆。,Sexism,-0.11303838,9.523309,4
7897,东方卫视成了女拳卫士？,Sexism,-0.5426989,7.2858124,3
3718,人的偏见就像一座大山，就算他们看见了肌肉gay他们也只会觉得肌肉gay是少数，理他们干什么呢。你跟有的直男解释一万遍你挑人，但他们还是能“自信的”觉得你会喜欢他，没招，所以自己开心快乐就得了呗,Sexism,-3.411748,9.237145,9
7281,同性恋孩子，心理容易受到创伤，心理自卑,LGBTQ,-4.1769032,9.665129,9
2283,人家反同不对嘛？你在苟叫什么？,LGBTQ,-4.813659,10.011302,9
568,哦？腐癌说的不是txl？😆,LGBTQ,-4.1029444,8.4008465,4
1580,黑人繁殖快的原因是黑女无脑怀孕，无脑哺育。,others,-0.3689882,12.913306,2
5311,男的看男同恶心 女的看女同恶心,LGBTQ,-3.5850751,8.776397,9
2876,嘿忍是安努纳奇造人的失败品,Racism,1.9671642,9.701585,7
3941,不好意思，55个，请把正黄旗带人踢出去😓,others,5.0084057,10.145768,4
2716,非处不娶保平安，一本法医学一个内窥镜又花不了几个钱。😄,Sexism,-3.217315,7.144894,3
5057,基佬还说之前视频里的不是它，它都说照片是它爆出来的了。,LGBTQ,-4.19799,11.213544,0
1791,你来杭州一趟，就知道有没有歧视安徽人的了。我作为一个杭州人都得承认这是事实存在的，当然这都是以前的事了。,Region,7.5496697,9.268908,6
3950,物化女性还得看女人，比如舞蹈区和各大直播平台那些女人，不整治她们评论区就干净不了，但是整治了你就砸了人家饭碗，坐等她们自己打起来就好了,Sexism,-1.0393394,7.527762,3
5642,反正女拳都爱黑人🤣,others,0.49696866,13.050171,1
7325,easy girl嘛，都有专有名字了，可想这情况有多严重，虽然白人是主力，但黑人也能喝点汤,others,-0.3016409,11.732828,1
4995,黑人应该被限制活动范围,Racism,2.8440404,12.41003,2
3516,立女热搜上一堆，女拳砂男婴的热搜就往死里压热度，逼乎真有你的，不愧是姓逼,others,-0.937263,7.7758923,3
2829,女拳就属于，每天给它一块钱福利，现在感觉少,Sexism,-0.34342992,7.0950694,3
5975,女权，侵害他人，大事化小，反咬一口。女权，讹诈他人，无中生有，小事化大。事情败露，在理中客眼中，归结为最终损害的还是所谓的“女性权益”，因此，还要加强“女权”，并且要高尚地体现在当前作恶者的身上，以示精神的积极性，关注的不是受害的当事人的权益，关注的不是严惩加害他人的女权。所谓的女权，隐匿在所谓的女性中，作恶毫无代价，甚至占据道德制高点——“你别不识好歹”，日后谈起，还一副吃亏了的要死样子。受害的当事人要高风亮节，假装痛恨自己不懂事理，要深刻检讨自己，不该冒犯了高等性别，相互道歉，造就一桩“美谈佳话”。反之，则不成立，具体的事情不细述了，举目皆是。这一切都是以性别为论据，目的就是论证和实现女尊男卑的所谓“男女平等”——利于女权及更有利于女权。总而言之，都是为了贯彻——“人是作为一个性别的存在而存在，高等性别就该这样，低等性别就该那样，这样的一个对等就是真理”的现代礼教。总之，思想钢印不破，女权恶行，野火烧不尽，春风吹又生。,Sexism,-1.3592304,7.4175143,3
60,还说什么中国男人配不上中国女人的鬼话，真是带出一个好节奏，全球家庭暴力也好，情侣矛盾也好，都是人类共有的特点，非要扣帽子说只有中国人会这样，真是离谱！,others,-1.2310696,10.414936,3
24,连说说也不准？黑吹好猖獗,Racism,3.3766375,11.087586,0
6529,上海人确实…旅游时候遇到的几个心眼都不咋好😄,Region,5.7095995,8.78708,6
6167,女拳的智商真是编故事都漏洞百出啊。首先原来黄精灵体力弱不是事情是编造出来的，建议去奥运会证明自己呦。其次黄精灵真的希望每个人都摘50个果子吗？矿场，工地里一大堆果子怎么没见到小仙女去摘呢,Sexism,0.5163926,8.444348,0
1714,行行行，中国男人媚外世界第一，国女世界第一优秀。反正被权威组织点名媚外的，国女那可是头一份啊。你们继续打拳，我们继续“媚外”谁也别耽误谁。😄,others,-0.6733945,10.628125,3
178,笑死了，怎么全是陕西黑河南的证据，难道河南没黑过陕西，评论区里就一堆吧😆,Region,8.166276,10.273588,6
1523,崇洋媚外的真正问题在于洋人拥有超国民特权，上海土著不会因为你是外地人高看你一眼吧，想要解决要么都赶出去要么招来都当下等人，批评媚黑媚白本身没有意义，不同的就是男的出卖自己比女的出卖自己好听一些,others,5.708025,9.012233,6
4192,被骗去非洲的国女，不一定都是坏女人，总之别去就是了，去了就回不来了。如果去了真的能过的很好，以国女那爱炫耀爱攀比的人物性格，早就回来装逼了,Sexism,0.48845336,12.137148,1
6494,澎湃新闻没少黑别人，除了自己。这可是上海地方媒体，正规军。网上的地域黑，都是个人的散户，不成组织，成不了气候。但是澎湃新闻这个有组织的就厉害了。😅,Region,6.08897,8.716479,6
4184,所以有那么几个城市不敢交往，,Region,5.7701106,9.850636,4
967,黑河南、黑北方的都是喃蛮,Region,6.0291038,12.215316,8
7295,江苏内斗很严重吗，我看其它答案黑苏北是单独拎出来说的,Region,7.021565,8.638736,6
112,就像黄人黑人在美国，他们确确实实弱势，会被歧视,Racism,2.7687256,13.082117,2
3143,现在大多数中国女性是整个国家的负担,Sexism,-1.9237407,7.899374,3
795,嘿砸无处不在,Racism,1.3074546,9.029983,7
4830,成都还没说话呢😅在知乎被黑都，成都称第二，没人敢称第一，你河南人就是去把他家门口的井盖偷了都轮不到,Region,8.123465,10.871444,6
4871,洋大人用过的，你也配用？,Racism,2.5037282,10.970585,4
7321,我们安徽也看和谁比😅，人均可支配收入和人均GDP都是中等水平啊。,Region,7.344949,9.354173,6
2752,舍得给女孩子花钱的不一定爱，不舍得花钱的肯定不爱,Sexism,-1.4851397,8.995301,3
5386,早一点灭亡。美军都不敢让黑人独立成军。黑人怕死，又笨，遇到战斗先投降。你以为黑人很好吗？一箭搞掂,Racism,2.1725926,11.775129,2
1212,哪里人最会偷，我相信百分之九十九的人都会说褐兰州,Region,7.7846093,10.033173,6
4862,小狒狒只会攻击小男孩粘着小女孩,Racism,3.7451026,12.730891,7
4795,也许只是价格，彩礼谈不拢呢？清官断不了家务事，何况外人（你劝男人你是外人，对男女来说，黑人是外人）。,Racism,-0.5467847,12.641717,1
3884,你就是最大的地域黑，先黑河南，骂河南，让河南人骂你，你再把河南人骂你的聊天记录截下来，再去挑动东北人来骂河南人，从而成功拱火,Region,7.163175,10.75419,8
3953,把这个女人找出来，打死她，要狠,Sexism,-0.5408139,8.319214,3
4367,厕所里畒勾叫的，还没路边蝲蝲蛄叫的好听,Sexism,2.450095,8.504006,7
3029,我想看看南拳带师女拳带师都怎么对人权打拳的,Sexism,-0.0805197,7.2054744,3
1588,怎么说呢？国内经济各地区发展不平衡，导致穷一点地区的人会涌向经济发达地区，出来打工的，大多是在当地混的不怎么样的，说白了，能背井离乡出来混的，你能指望他们素质多高？所以大家见到的很多看不惯的恶性，大家互相伤害呗。谁也不比谁高贵多少，都是最底层劳动人民。,Region,5.5432296,9.823835,6
758,挺无语的，女的就是会揽功劳避劳动。,Sexism,-2.0666802,8.1333275,3
4230,这个基佬有什么素质教养？谁教出来的？只会p图造谣，还说一些伤天害理的话，能做出这些行为来撑同会给人觉得基佬有素质教养吗？不知羞耻惹人讨厌！这个基佬给基佬们丢脸为什么没有基佬去反对？证明了你们基佬是同流合污,LGBTQ,-3.9933293,10.40712,9
3870,可以说我有偏见吧，但我心里实话就是，只要和老外有过交往的，我都从心里嫌弃😅😅因为目前能看到的的情况就是，绝大部分都是倒贴😅真爱也许有，但少之又少。,Racism,-0.5774459,11.00979,1
1631,土地肥沃，却解决不了温饱问题。这就是黑人,Racism,2.2179258,12.899217,2
639,你这老僵尸要被举报了，男男违法献血,LGBTQ,-3.5192082,11.175316,0
58,长得丑就活该被变态骚扰 这什么逻辑,others,-3.841522,10.48467,0
1528,对此，全宇宙各星系的反同剧迷们都拉足了期待：,LGBTQ,-4.94738,10.099951,4
4906,东北抗战付出的最多，满面疮痍，反而被天天享福的老爷 们骂，太可笑了,Region,6.447799,11.271395,8
4133,最大规模中国人基因库研究结果首次发表研究显示黑人基因与中国人基因差别最大自己看看吧，我自己资料无法上传，先把网上有的新闻资料放一下希望看到的同志先下载下来，并广泛传播，注意它们可能会举报,Racism,1.574593,11.694915,1
4888,不知道这些人怎么想的，就从没啥大脑最肤浅的角度来说，自己在脸上用美白产品，竟然想和黑人生在一起然后生个黑小孩，这不是祸害孩子呢吗？,Racism,1.2054076,11.987797,1
1190,艾玛，要是往这方面提，辽足辽篮球迷这些年干的没素质事好像更多吧。。而且还是在全国面前丢东北的人。。,Region,6.4460917,11.257617,8
7213,现在背叛自己民族人还少吗？各种精神包衣层出不穷，不站在自己民族立场说话，反而打着公平的旗帜替外族说话，和平年代汉奸就这么多，真不敢想战争年代是什么样。,others,2.516451,10.541148,4
6423,你个煤炭也想发光？,others,-0.14673768,9.776952,4
2440,这样的黑渣子严惩不贷,Racism,2.1155045,10.822038,7
7337,因为啊，现在的人把女人幻想的太美好了，就举个例子吧，如果两个中年油腻大叔在一起舌吻啊，爱的抚摸啊，做不可描述的事情，任谁都会觉得恶心，对吧？那如果是两个美丽的女孩呢？感觉又不一样了吧，细品，细细品😂,Sexism,-3.1316113,8.547754,3
6186,我叫周阴婷，是一名已婚妇女，我的老公是一名社会精英，我们有两个孩子，我们的日子本来很幸福美满。直到有一天我老公出去应酬之后他便对我开始冷淡起来，甚至连jj都不肯给我了，最后我发现他竟然在外面有了一个男人！之后我跟他大吵一架，于是我们便离婚了，现在两个孩子是我带，从这一刻起我便知道同性恋是可耻的！是错误的！是会破坏世界的！所以从今天开始我会加入反同组织和同性恋对抗到底直到同性恋全部死掉,LGBTQ,-3.3948061,9.977109,9
3931,没有就对了，你们本来就是百越汉化。,Region,4.7003846,10.388122,4
3723,说白了非洲很多国家从部落酋邦被殖民者强行拉进工业社会。没经历过早期摇篮就想直接浩瀚星宇，很蓝的啦,Racism,2.055556,12.542406,2
142,没有基因倾向的人打死都扳不弯的,LGBTQ,-3.0647264,9.455632,7
5321,衡水就是贱啊，就是没人性,Region,7.2490826,10.192207,4
3275,管她怎么定义，仙女的话就像放大屁,Sexism,0.22579324,7.8176665,0
2973,建议女生不用上班,Sexism,-2.023031,8.371668,3
5001,看网上广州好像老黑比较多🤔 我在南京除了英语外教就没见过黑人😅,others,3.3980715,12.190147,6
1552,同恋只是五十步笑百步，同恋本身就是繁殖恋所以才骗婚，同恋敢说不需要孩子？为什么同恋觉得异恋是繁殖恋？不就是因为同恋不知道什么是真爱嘛！同恋之间感受不到爱所以同恋觉得异恋跟自己的约跑一样是感受不到真爱。同恋是不明白正常人的爱情所以才说是为了繁殖。如果两个同恋能生孩子才能是繁殖恋因为同恋不知道什么是爱情。正常人也会明白男女之间不存在繁殖恋。,LGBTQ,-3.320252,10.553676,9
6508,和黑人生的黄黑混血，登登你的大眼睛看看有多丑，黄白混血还能大量平凡混血中还能出几个颜值巅峰，黄黑混血我没见过一个，一代比一代丑，除了基因顽强，能把黄种人白种人基因染黑，这不是基因退化是什么,Racism,1.2408924,11.804985,1
240,1.打工嫌累，河南安阳四名建筑工人专偷工地电缆2.6个月作案109起“电缆大盗”落网最牛的来了获40多万拆迁费、5处住房、门面房补偿费，河南一男子却半夜偷电缆 河南人都上瘾了是吧 一时半会改不了贼心阿 不止井盖了什么近偷啥 不偷痒痒,Region,8.454454,11.542248,6
4422,网上打拳的都是男的有钱挣,Sexism,1.1024022,7.706207,0
5853,为了传承反同文化，加深反同战将之间对王的认识，提高士气，同时向基佬施压。我们开启泼图扩散计划。希望反同恋吧越来越好！,LGBTQ,-4.666469,10.255581,9
1316,能最大程度杜绝当地正府的腐败，也能最大限度避免大规模冲突，还能把不安定因素局限在有限的范围内。一举多得，多方盈利的事情。至于“反对种族歧视”。。还是让它去乐色堆待着吧,Racism,2.5465844,11.638468,2
2181,别结束啊，别当驴啊小仙女独立女性啊,Sexism,0.43186393,7.787215,0
632,杨笠也是男的？🤣,Sexism,0.02534386,5.9137006,3
841,江苏那帮是真没家教,Region,6.921319,8.642301,6
640,跑国外去了不就很好嘛，要是去非洲服务默那更是物尽其用，怕就怕吴母沟出去整个容改个名，然后再回来祸害国男,others,-1.1880813,11.931237,0
4266,不打拳没必要如果是个拳师往4里喷,Sexism,1.1671486,7.491364,0
6345,这身材哪一国都行啊，只要不是黑人,Racism,0.008071052,11.410058,1
3809,在我们这个年代，南方比北方发达，你们北方人均GDP低，拿的出手的省不多，别被你家老人给骗了,Region,6.634516,10.213455,8
5986,之前懒得一般见识的想法都不该有，直接说学校你家开的？座位你私人的？然后她骂你，你直接跟老师反应，说她乱吠影响你听课了。老师不处理等下课你亲自掀它东西，干就完了,Sexism,2.4026043,8.537114,0
2277,提啥？让她搞，出生人口骤降罢了,Sexism,-2.1801655,8.4701605,3
5079,让我们看看拳师是怎么想的,Sexism,1.1713054,7.281551,4
6993,基佬破防了😆,LGBTQ,-4.2631364,11.684708,7
3812,无母爱直佬只会骂人吗，除了骂人你还会什么，会被骂，对吧,LGBTQ,-3.9680557,10.83487,0
1451,醒醒吧，没钱男人有可能都讨厌男人,others,-1.4628519,8.959236,3
2281,⁉你tm是在转移话题吧。再说了替黑人洗地的大都是女性，不然像这次宁波工程学院事件，那些女拳怎么不出来发声？男生崇拜的是像科比和詹姆斯那样有成就的黑人，要是国内那些媚黑婊嫁给这类黑人，有谁会骂她们？可现实是和那些媚黑婊交往的黑人都是一些懒惰，喜欢犯罪的洋垃圾。而且这帮媚黑婊被甩了以后，还在社交媒体上跪舔黑人，还想拉其他无辜的女生下水。,others,-0.18517691,12.406717,1
4262,不好意思，我父母恩爱，身边也没有一个亲戚朋友和黑人有染。你这么生气难道你继父是黑人🤔,others,0.7784357,12.87033,1
7180,黑色的种子将持续在这片黄色的土地之中播散下去,Racism,3.266625,11.130194,2
4625,不不，真不是地域黑东三省，我问过得人里面，是怕东北人，包括好几个哈尔滨的哥们，他们也搞不清楚为啥东北那么多一句你瞅啥就拼死拼活的勇士，在路上走路不管怎样都会到处看看，但你不知道啥时候就有人出来玩死你。这比女拳的眼神骚扰更恐怖可怕。所以为了活着，远离…,others,6.486962,11.190963,8
4974,说个我租房子事情，我合租了一个两室一厅，房东在上海有几套房子，租的时候问我是哪里人，我说是xx（中原地区），本来以为多心了，结果后来说了一句哦只要不是安徽人就好。然后我房子就不租了，鬼知道他还会排斥哪里人。,Region,7.8347864,9.470599,6
7076,中华文化要坚持是没错，但是学过历史的都知道有一个从初中就开始坚守的原则，叫取其精华，去其糟粕，爱情没有界限，为什么要用看待病态人的目光看待我们同性恋，性取向出生几小时后已经定了，我们又没有犯罪，其次同性恋是同性恋和交朋友有什么关系,LGBTQ,-4.1539707,9.398792,9
5141,不会说话就照照镜子看看你自己，把自己的过错一切推给国家是懦弱与无能。,others,1.4065799,10.121557,4
4067,假如你跟白人结了婚，你觉得不错，但是在旁人眼里你就自动出圈了，不会再把你当成自己人了。而且你自己本身就会主动向男方的圈子靠拢，顺利的话就可以彻底融入白人的圈子，最后变成他们的一分子。任何民族都比较容易接纳外族女人，再加上女人融入的意愿也很积极，至于男性的情况则完全与之相反。,others,-0.38107023,11.581279,1
4780,应该禁止黑沙口进店或者在居民区附近，把他赶到森林里。,Racism,2.7648542,12.340203,4
61,因为种族优势，中国人普遍都很小,Racism,2.0087354,11.684839,2
5445,所以你认为我所说的那些腐女太偏激了是在瞎bb,Sexism,-3.2931473,9.064944,9
232,论地域黑，最厉害的是四川，挑拨其他省份，然后还能全身而退😄,Region,6.4334416,9.790785,6
4113,我可没忘记，前几年那个吧里一堆女〇,Sexism,-0.32445598,7.630826,3
4149,吾乃物种骑士，不是种族骑士,Racism,2.4272542,13.299762,7
3856,不管你是偷的图还是去wb看的我只能说少关心慕√那点批事儿,Sexism,1.025527,8.218087,0
4615,扯淡，又不是逼良为娼，媚黑女都是自甘堕落好吗。,others,0.24827814,11.687207,3
7332,权利不是无限的。可惜她们想不明白。历史上每一次所谓的民族融合都是血腥的，不知道她们支持谁呢？,Sexism,-1.3932714,6.695651,4
3423,和中国思想有什么关系。。我没懂事的时候小学女同学拿班里的男同学和我开情情爱爱的玩笑我就觉得很恶心了，生理排斥男同,LGBTQ,-3.7083495,8.951631,9
145,因为知乎上自称歧视黑人的中国南方人只嘴炮，现实见到黑人p不放一个，而白人歧视黑人不网上歧视，在现实见到黑人常常敢动手,others,2.7152297,12.724229,2
4915,可关键是，俄罗斯和中东或是其他国家的女性大部分都比你们好看呀😄 看好了我说的是大部分，所以即使不是发达国家又怎样，以后中国发展的更好了，到时候我们会更有自信啊。毕竟，人种论已经辟谣了，我们不会再自卑的弯下腰了。起码就我来说，因为疫情只能聊天，我在长岛已经有了当地的女朋友了🤗🤭，反正应该比你这种好看千倍，不信我还可以发照片。😁,others,-0.117140666,11.161152,1
4486,杨笠没告诉你们普女不要对号入座？,Sexism,0.016014045,5.900756,3
7252,怎么全是男的都话？为什女人要听男人的话？歧视女性没智商吗？,Sexism,-1.644114,8.138661,3
7285,这说明了女性不受惩罚是吗？,Racism,-1.2495345,7.2628245,3
5069,籹犬分子一脚踢爆,Sexism,1.9063367,8.049316,7
4115,这不纯纯亩?,Sexism,0.5781097,9.745857,4
1827,并不会，现在偏远地方就行买卖埃塞俄比亚新娘🐶,others,0.0751763,11.316874,4
531,新疆人被歧视和其他省份人被歧视，本质上是不同的，有不同的东西在里面，你新疆基层干不少时间了，这应该能懂。,Region,8.099164,9.527572,6
7013,辛苦进化上万年，一黑回到原始前。,Racism,1.9990801,10.938035,4
3410,种种迹象表明，凯乐奇计划就是真的，,Racism,2.0399506,8.12245,4
5910,大多是被后天教育出的利女男，以为能用舔和服从换来爱情此类人是优良的供养者,Sexism,0.06619172,7.2202053,3
4450,论落魄，东北也没安徽，贵州，广西，河北，陕西，西藏，青海落魄吧？我觉得存粹是在外打工的东北人太多分布太广素质太差了，在全国拉低了东北人的形象，还有可能也因为在外地的东北人涉黑涉黄比较多造成的（没有歧视的意思，就事论事）,Region,6.743486,11.147819,8
6663,"首先我是男人,但我觉得不管嫁娶都别回来。男人娶个黑妹也是生黑娃啊，也不应该支持。而且如果只强调女性,第一是明显双标,第二是就把媚黑这个矛盾转移到男女对立上了，会让女人们觉得凭什么男人可以女人不行。然后有一堆杠精来骂你,她们不一定媚黑,但一定气不过双标。所以也不利于观点传播",others,-0.34877327,12.561027,1
5699,第一次看见反自己民族主义的，厉害厉害。,others,2.3902855,10.474774,4
773,我在三元里的时候碰到过一个带着串串的单亲妈妈，怎么说呢，就是你明显能感觉到她很麻木，而且与周遭格格不入😅所以有时候我就真的想不明白，媚黑到底是脑子哪里出了问题😅,others,-0.0063217236,11.970127,0
3597,因为默的长相不符合我国大部分人的审美,Racism,-0.92952836,11.741002,0
6145,因为鸡汤作者一半以上是女性。,Sexism,-1.1679577,6.404637,3
6821,日本女人才媚白,others,-0.5704348,10.7045965,7
2575,不知道😅可能是我这种好几代全都是哈尔滨本地的比较少😅问我哪人“哈尔滨”祖籍呢？“哈尔滨”老家呢？“哈尔滨”老家！“哈尔滨！”好好说话！“傅家甸（道外区旧称）”哈尔滨人了不起呀！看不起外地人呀！我：“…………不是…………真的，我没有………”滚！,Region,6.668703,11.21892,8
1711,女拳冲你可能只因为你是男的，同为穆斯林咱们什么时候能吉哈德了他们,others,-0.628475,7.8838325,3
4988,怎么说呢。。。写一下我的看法吧我这人比较佛系，对于很多东西的接受度都比较高，所以并不觉得同性恋有什么不对的。其实就是想问一下，你们为啥反对同性恋？如果只是因为觉得同性恋会传播艾滋病的话，那么为什么还要反对女同呢？如果是因为觉得这个世界上的同妻同夫太多的话，那为什么还要极力反对同性恋婚姻合法呢？个人想法：如果同性恋婚姻合法的话，世界上的同妻同夫应该会减少才对。一直反对同性恋，就会有越来越多的人不愿意承认自己的性取向，到最后和“正常人”一样结婚、生子（也就是骗婚），那么在这种情况下反同又有什么意义呢？最后，你们该如何反同呢？因为不管过去多长时间，同性恋群体的数量都不会减少（其实同性恋本来也应该算是自然现象叭，毕竟自然界中也有动物是同性恋）。如果一味地反对只会出现我上述所讲的情况啊,others,-3.4242115,10.017995,9
623,是的，但山东黑东北最起劲的是沿海地区，内陆不太掺和，山东沿海连内陆山东老乡都歧视，山东大学学伴事件他们还有人幸灾乐祸，也不知道图个啥，很割裂,Region,7.0503116,10.842788,8
3342,别把中国男人的操守捧那么高好吗？摔下来很疼的。,Sexism,-0.43720445,9.333928,3
4632,我是不觉得广东人长得好看,Region,5.4766645,11.097197,8
491,躺平不意味着放弃斗争，正是因为没有了后顾之忧才能一心一意地反女拳反到底，某些二极管想想是不是这么个道理,others,-1.4618284,7.663099,3
7419,艾滋病是黑皮搞出来的，他们以🉐️艾滋病为荣，应该支持他们在非洲大陆勇于传播艾滋病。积极🉐️艾滋病是他们这个物种无上荣耀，他们致力于感染每一个没有艾滋病的“族人”。这是他们唯一创世纪杰作——艾滋病，他们热爱-艾滋病，誓死与艾滋病同甘共苦，不离不弃。,others,-1.8880091,12.587113,5
6037,求个中外哲学家评论幕刃的图,Sexism,2.8208678,6.587975,4
5366,同性恋从头到尾就只会那点语言攻击复制粘贴，这是最低能的表现,LGBTQ,-4.5264773,9.646583,9
4774,娶进来比嫁出去更可恶，给炎黄子孙来点嘿人呗人血脉很骄傲嘛⁉,Racism,-0.24433431,11.142032,1
11,你们也可以搞一个跟黑女交往过的男的的名单啊。公平嘛。😆,others,0.2604129,12.565783,1
5949,我说的是，小藓女她求分享，楼主不理她，她就开贴引战，还带了舔狗来。,Sexism,0.692377,8.24083,0
897,越是传统上的中原文明发源地越被黑，越讲官话越被黑，懂我意思吧？,Region,4.808297,10.390324,6
4260,让他去死lkd,Sexism,-4.2170467,7.7688556,7
1124,我不信，我觉得是和家庭，社交，情感，经历有关系。我没啥异性缘，周围基本都是男的，但我还是喜欢女的，看见男同之类的。。生理上恶心，比如接吻😅😅,LGBTQ,-3.4990826,8.705428,9
6043,极端仇男癌成员，希望家人们留意！,Sexism,-3.587287,9.461528,0
2502,这男的也是个舔狗，这种情况下还不下死手起诉法院,Sexism,0.18063806,7.6873116,0
5254,啥?，不想生自己去找丁克，又没人逼，给她脸了是吧,Sexism,-2.2643864,8.363232,3
2022,亩篝是这样的,Sexism,2.3048298,7.4694552,7
6640,而且外国人永久法允许黑人进来怎么办？,Racism,2.9566443,12.070872,2
5134,我认为吃狗肉没有什么社会危害性，又不像同性恋那样恶心。,LGBTQ,-5.267816,10.833364,9
4418,等中国遍地都是黑娃的时候就没你什么事儿了，你还以为咱们是基本盘呢。😄,Racism,1.5584747,11.828702,2
2582,我不歧视这样的女的，只希望他们不要在中国了，嫁鸡随鸡，嫁狗随狗，和黑人去非洲开疆扩土吧！,others,0.5690581,12.198578,1
3265,哈哈哈，除了在网上看到过，真是从未听见过类似事情。我姐在国外留学的时候，也有很多同学，我也问过她是不是很多女生很喜欢德国男孩，结果并不是的，都是和国内的同学恋爱结婚的，倒听说男的想要签证啥的和很胖的女的结婚了,Sexism,-0.6024146,11.092262,1
6398,黑人有啥资格在别人家里要求这家的主人必须对他好,Racism,0.8032209,12.843009,2
1264,此图充分证明女拳是没有逻辑的动物，细读第一句,Sexism,-0.721179,7.4507732,3
2790,相信我那个女人脑子不正常👍️中国还是有很多脑子正常的女人的👍️👍️👍️,Sexism,-0.6802682,9.140072,3
1249,你是谁啊 给中国男性提建议 不去当个酋长夫人 真是屈才了,others,-1.2658426,7.24109,3
493,好青年，知道艾滋的厉害。,others,-2.6068919,12.226302,5
5163,昆仑奴翻身逆袭咯？,Racism,2.2762775,8.997817,7
2108,可以查一查现在中国艾滋病多少了，郭女现在相对白女，干净这一优势基本没有了,others,-2.077544,11.922413,5
3432,破吧完！（前两张我发贴被删，后一张举报女拳的）,Sexism,0.7875928,8.218151,0
1685,祖籍河南户籍上海东北上大学😄我的buff拉满了吧,Region,6.2802963,9.461227,6
1536,犹太人 正在中国借助女权LGBT推动黑人凯乐其计划,others,2.4417048,11.232195,2
6370,凡是黑人模特图片的衣服，我一律不会买！,Racism,1.3123001,13.194226,2
7502,我有个好朋友是大连人，她老公是抚顺的，当年他们结婚的时候她妈妈就告诉她不要找北边的人，省内况且如此，何况省外了😅,Region,6.504218,11.3868475,8
6659,怎么看都是外地人歧视上海😓,Region,5.5216665,8.6919775,6
5562,去趟非洲不拜访一下亲家吗,Racism,0.82646054,12.499763,1
6645,北京叫王德彪（外地逼)，上海叫乡下人。,Region,6.0571856,8.705917,6
75,用粤语屌他啊 小北那边也很多黑人 我经常用粤语屌他们,Racism,3.3026001,12.120398,2
1887,幕刃智商堪忧，整容一劳永逸，化妆到妈不认，约炮可以，长时间哪个男人受得了？,Sexism,2.2230875,7.0885587,0
5716,小学生太多，都是些被带节奏的，年龄超不过18,others,1.1201049,10.039083,0
1322,同的心里扭曲易生疾病,LGBTQ,-3.9749644,9.937878,9
4049,25岁生孩子跟30岁生孩子完全不一样。25岁以下的女性生产后，状态回复的最快，伤害也最小。30岁以后生，伤害也就越大，恢复也就越难。女权们继续拖，等你拖35岁以后，绝经了，你这辈子也就这样了,Sexism,-2.4575672,7.262941,3
3444,当然，上流社会看上黄女的也不是没有。那就是ghd参议院领袖，和他夫人赵小兰。不过人赵小兰夫妻是相濡以沫，贤妻良母。是女拳最看不上的传统贤惠女，当然绝大多数女拳不学无术，虽然成天自吹自擂国际视野，跨国恋情，绝大多数赵小兰老公叫什么都不知道。,Sexism,-0.48373902,11.971138,3
1640,😎连狐臭都可以被认为是男人的表现，中国男人偶尔没机会洗澡也能被拿出来大书特书😎,Sexism,-0.025994146,10.716953,3
3201,这……确实挺可爱啊，从面相来说就比那些奇形怪状的女拳生物和善多了，而且人家也没什么错吧，恶意攻击不可取，别真和微博一样了,Sexism,-0.32388824,7.84679,0
4356,太好了，绝对支持。所以男人可以dy了吗？,Sexism,-1.6396792,7.8835273,3
485,这都不是真女拳，真女拳因为谷爱凌挑战郭女白瘦幼审美观都骂她呢,Sexism,-0.8110596,7.633886,3
5042,结婚前，女性会索要高额彩礼；结婚后，女性有权利拒绝和你发生关系；女性可以和别人发生关系，且离婚时这不被视为过错；女性有权利拒绝生孩子；女性有权利拒绝做家务；当你想离婚时，女性不会退还彩礼；女性有权利索要年薪124万的赔偿；女性还会网爆男性，所以结婚到底给男性带来了什么,Sexism,-1.961188,8.753457,3
7000,你多看看小红书 微博 抖音那些炫耀黑人老公的先？看看她们生的黑混血身份证先？黑混血的民族:汉。,others,-0.11834219,12.626304,1
236,非洲人10亿多点，目前检测出来的艾滋病人3000千万左右。还没检测的不知道，也就是说十几个非洲人里至少有一个艾滋。吓人啊,others,-1.8002169,12.568792,5
3596,赤色利维坦坏事做尽孔孟之道、宋明理学是正信的古代社会何曾见过这样的状况真是令先王垂泪、众圣蒙羞,others,2.0717528,9.127364,7
4756,没办法，估计黑人想通过那四个字绑架全人类。再加上西方价值观的影响，,Racism,2.3819735,12.044962,2
7360,打仗吧，等打仗把它们杀个精光。即使是要我的命。,others,1.7664677,9.988721,4
1545,慕✓口嗨一贯可以的，毕竟不用为自己的言行负责，果然是劣等生物啊。,Sexism,1.3210055,8.446119,0
6088,南京脏话是真脏，口音还尖锐沙哑，呆比呆比的脏话，掉的一批😂,Region,6.9716415,8.857137,6
3308,商丘，驻马店，周口，豫南三市被黑的最多，,Region,7.8079486,10.512407,6
2359,看到同性恋就想吐🤮,LGBTQ,-4.6496325,9.302561,9
5334,黑人如果只在自己的地方怎么糟践都行，别来中国祸害。黑人就像哥杀里的哥布林一样，被繁殖欲望支配的物种。,Racism,2.2061653,12.106347,2
567,因为和女犬讲男女平等讲不通就只好以暴制暴了,Sexism,1.9440753,8.0188875,7
7352,天天给我推黑山东的,Region,7.3784275,11.515672,8
2354,碰到一个讲江淮官话的扬吹为了讲吴语的苏州园林贬低厦门😅,Region,6.388452,9.968622,6
6749,看到默我都躲得远远的，这些人真恶心,Racism,1.1165382,9.899129,0
3531,有性需求不行？中国主题就是压制男性的性释放途径，让郭楠只能通过婚姻来获得性，这个有错吗？,others,-1.4720803,10.0576935,3
6420,地域黑真的够了，都是中国人有什么好黑的？新疆人是小偷，河南人是骗子，东北人黑社会，东莞的都是小姐，上海人排外。以偏概全这种真是太可怕了，都分明没有去过那个地方，或者只是因为一个人一件事就对那个地方产生别的不好的印象，难道不觉得可悲么。我只知道，都是中国人，都值得尊重。哎，答不对题，只是看到评论说河南籍新疆人有感。,Region,8.244264,9.6121,6
6444,我们都在别的平台反嘿，偶尔也在这里反一下，毕竟没有吧主，还有很多嘿孝子还要骂呢，不然新来的不知道,Racism,1.1125634,8.488357,0
5080,看个笑话就好，我相亲碰到个，加了vx说自己160+问我多高，我说190(真实193没好意思说)，死活不信然后普信男就出来了幕刃真有意思，我tm一个19390+kg的中锋要干这些乐色还不是分分钟？,Sexism,0.062312633,8.841599,0
1928,就是可以对着蟑螂女仆冲一波的人,Sexism,2.5265348,9.0707245,7
5316,你们可以远离女人啊！越远越好！,Sexism,-0.8673331,8.341944,3
4763,那些小仙女最喜欢非洲酋长的公子哥们了，还喜欢主动献身倒贴🤭,others,0.07168386,12.206459,0
6034,这位不错了，在b站展示化妆和美颜的效果，也承认自己，可怕的是那些化妆开美颜就真的以为自己长那样的锅钕,Sexism,-0.09168887,7.7943788,0
1900,湖北好像之前2020年武汉疫情的时候网络上就是微博好多人骂枪打九头鸟什么的。其实也没听懂是什么意思。反正就是黑称,Region,6.8196964,10.656901,6
682,仙女们以看不上的感性理由非常好的掩饰了自己拜金的终极目的，论物化女性还得看仙女自己,Sexism,0.10783295,8.12398,3
2904,那只有一妻多夫能拯救男性了。。。,Sexism,-1.4975077,10.029321,3
3594,又关你事?普及黄混是可怕的，中国不占优势了,Region,2.1787477,11.748353,4
7393,以前女人主内，必须得干净，现在的小仙女嘛。。,Sexism,0.08831626,8.069361,3
3683,确实高贵，其他大多数省都是给我国拖后腿的,Region,7.0752835,10.082807,6
6299,凭啥把锅甩给北京？,Region,6.189698,8.407879,6
887,宁先看看宁的国人同胞在非洲下了多少蛋，再看看谁有资格批评谁,Racism,0.48210296,12.224612,4
5669,我们同性恋太正确了,LGBTQ,-4.7174916,9.4281435,9
6349,接盘的排队的，呵呵…搞得像买似的，对自己不负责任的人，反正无所谓了…估计智商程度也不会考虑多年人生中的发展,Sexism,0.037027508,9.436469,0
6647,辽宁人歧视黑龙江人，建州女真歧视野人女真😆,Region,6.7817245,11.217898,8
1503,母人是无耻的动物,Sexism,1.9888953,7.9590425,7
3089,每次出一个习武女生的视频，评论区里就总会有人说她能打死男人，她能打死老公之类的，他们就那么喜欢打男人吗,Sexism,-1.1418513,8.007539,3
2297,本质上根本就没有什么这个恋那个恋的，西方为了用身份政治来控制人民，以保证自己的剥削能够继续，才搞出了这些闹剧，把一群过街老鼠的怪癖放上大庭广众之下，让人们自发的结成两派，左手打右手，就没有合力去对付高高在上的资本财团，妙啊,Region,-3.7806842,9.780782,9
3164,那是女拳，我已经在评论区说过了，极端男拳女拳都是烧饼,Sexism,-0.8598913,7.6830955,3
1718,就这还有人说“女人能顶半边天”,Sexism,-0.49349755,7.5261364,3
7179,还是某群体好，都能稳定的死在艾滋病上,others,-2.6285613,12.162063,5
7757,但凡以偏概全的言论都是刹比，以为自己很有道理，大部分有脑子的人一看就说话没有逻辑，自说自话，自以为是，懒得理会，我是辽宁人，黑东北的也听过，不过比较少，黑河南的相对多一些，平时不关注这些黑的言论，不知怎么就看到这里了，他们说的话让我感觉脑子没发育完全，完全没兴趣跟他们说话，不直接开骂算他好运🙂,Region,6.676865,10.8804245,8
3351,"傲娇永恒基佬吃阻断药造成小脑分泌大bian,S在键盘面前",LGBTQ,-4.1334953,11.221043,7
1807,充满了抠脚汉油腻荷尔蒙气息的匿名小仙女🐶🐶,Sexism,0.100206934,7.9513288,0
3848,楼主你恐怕不知道虫类及其后代虫混是拉美人外全球第二大贩毒和运毒和磕药的大户,Racism,3.0577586,9.424112,4
855,基佬还是看看HIV吧吧,others,-3.8065379,11.840448,5
2548,骗婚基佬你良心不会痛吗,LGBTQ,-4.0448465,11.147031,0
7120,你们以为自己是谁。有这时间看看孩子吧笑死了，有房吗？有车吗？彩礼多少。存款多少。看不惯就把所以通讯录都杀了你们有这个本事吗？一个个没事天天犯病真是是个人都会上网了。那个大山里跑出来的猴子啊笑死了。不过是为了体现自己是“正常人”的优越感而已，笑死了我夸夸你们呗,LGBTQ,-1.6093173,9.258384,3
3438,毕竟在外地你做的好了他们会说“你一点不像上海人”,Region,5.666343,8.900926,6
3548,因为他们不见得广东的好啊，广东人也不要太包容，该怼的就要怼，该歧视的就要歧视，唔好咩都唔理咁,Region,5.5256867,11.124378,6
4123,就坦白就得了，如果谈过一个帅气聪明的外国男女朋友说明自己也很有魅力，正常人不会介意。找个low的才丢人现眼遮遮掩掩，饥不择食还猎奇的本来就有毛病，和人种无关，eg是真的给国人丢脸。,Sexism,-0.38692772,11.199947,1
6309,智伤太低，以后镇傅部门一片黑。,Racism,1.4686308,10.254058,4
844,我也是一样的 ，哪怕在娶个二婚女，都不原意娶个交往过黑人的女孩，我也不会问她为什么非和黑人处。,others,0.7622043,13.338101,1
4907,你想多了，北方歧视南方几千年，就像种植园主不可能看得起黑奴一样，都不把黑奴当人,others,5.938717,10.45132,8
