contrast_id,query_id,kind,terms,view,effect,numeric_bound,direction,statistical_interval,role,template
ECD-541-F1-rule_at_T0,541,rule_at_T0,"[{""coefficient"":-1,""condition"":""F1-T0R0""},{""coefficient"":1,""condition"":""F1-T0R1""}]",original/answer_sum,-0.0763702392578125,0.002685546875,negative,False,primary,1
ECD-541-F1-rule_at_T0,541,rule_at_T0,"[{""coefficient"":-1,""condition"":""F1-T0R0""},{""coefficient"":1,""condition"":""F1-T0R1""}]",original/answer_mean,-0.02762959798177078,0.002685546875,negative,False,primary,1
ECD-541-F1-rule_at_T0,541,rule_at_T0,"[{""coefficient"":-1,""condition"":""F1-T0R0""},{""coefficient"":1,""condition"":""F1-T0R1""}]",original/total_with_eos,-0.0763702392578125,0.002685546875,negative,False,primary,1
ECD-541-F1-rule_at_T0,541,rule_at_T0,"[{""coefficient"":-1,""condition"":""F1-T0R0""},{""coefficient"":1,""condition"":""F1-T0R1""}]",original/mean_with_eos,-0.020450592041015625,0.002685546875,negative,False,primary,1
ECD-541-F1-rule_at_T0,541,rule_at_T0,"[{""coefficient"":-1,""condition"":""F1-T0R0""},{""coefficient"":1,""condition"":""F1-T0R1""}]",ab_forward/answer_sum,0.5703544616699219,0.002685546875,positive,False,primary,1
ECD-541-F1-rule_at_T0,541,rule_at_T0,"[{""coefficient"":-1,""condition"":""F1-T0R0""},{""coefficient"":1,""condition"":""F1-T0R1""}]",ab_forward/answer_mean,0.28517723083496094,0.002685546875,positive,False,primary,1
ECD-541-F1-rule_at_T0,541,rule_at_T0,"[{""coefficient"":-1,""condition"":""F1-T0R0""},{""coefficient"":1,""condition"":""F1-T0R1""}]",ab_forward/total_with_eos,0.5703544616699219,0.002685546875,positive,False,primary,1
ECD-541-F1-rule_at_T0,541,rule_at_T0,"[{""coefficient"":-1,""condition"":""F1-T0R0""},{""coefficient"":1,""condition"":""F1-T0R1""}]",ab_forward/mean_with_eos,0.19011815388997322,0.002685546875,positive,False,primary,1
ECD-541-F1-rule_at_T0,541,rule_at_T0,"[{""coefficient"":-1,""condition"":""F1-T0R0""},{""coefficient"":1,""condition"":""F1-T0R1""}]",ab_reverse/answer_sum,-0.21729278564453125,0.002685546875,negative,False,primary,1
ECD-541-F1-rule_at_T0,541,rule_at_T0,"[{""coefficient"":-1,""condition"":""F1-T0R0""},{""coefficient"":1,""condition"":""F1-T0R1""}]",ab_reverse/answer_mean,-0.10864639282226562,0.002685546875,negative,False,primary,1
ECD-541-F1-rule_at_T0,541,rule_at_T0,"[{""coefficient"":-1,""condition"":""F1-T0R0""},{""coefficient"":1,""condition"":""F1-T0R1""}]",ab_reverse/total_with_eos,-0.21729278564453125,0.002685546875,negative,False,primary,1
ECD-541-F1-rule_at_T0,541,rule_at_T0,"[{""coefficient"":-1,""condition"":""F1-T0R0""},{""coefficient"":1,""condition"":""F1-T0R1""}]",ab_reverse/mean_with_eos,-0.07243092854817712,0.002685546875,negative,False,primary,1
ECD-541-F1-rule_at_T0,541,rule_at_T0,"[{""coefficient"":-1,""condition"":""F1-T0R0""},{""coefficient"":1,""condition"":""F1-T0R1""}]",ncc,0.3119288910158975,0.00537109375,positive,False,primary,1
ECD-541-F1-rule_at_T0,541,rule_at_T0,"[{""coefficient"":-1,""condition"":""F1-T0R0""},{""coefficient"":1,""condition"":""F1-T0R1""}]",background,-0.33955848899766794,0.002685546875,negative,False,primary,1
ECD-541-F1-rule_at_T0,541,rule_at_T0,"[{""coefficient"":-1,""condition"":""F1-T0R0""},{""coefficient"":1,""condition"":""F1-T0R1""}]",ab_symmetric_sum,0.1765308380126953,0.002685546875,positive,False,primary,1
ECD-541-F1-rule_at_T0,541,rule_at_T0,"[{""coefficient"":-1,""condition"":""F1-T0R0""},{""coefficient"":1,""condition"":""F1-T0R1""}]",ab_mapping_gap_sum,0.7876472473144531,0.00537109375,positive,False,primary,1
ECD-541-F1-rule_at_T1,541,rule_at_T1,"[{""coefficient"":-1,""condition"":""F1-T1R0""},{""coefficient"":1,""condition"":""F1-T1R1""}]",original/answer_sum,0.031459808349609375,0.002685546875,positive,False,primary,1
ECD-541-F1-rule_at_T1,541,rule_at_T1,"[{""coefficient"":-1,""condition"":""F1-T1R0""},{""coefficient"":1,""condition"":""F1-T1R1""}]",original/answer_mean,0.009576161702473995,0.002685546875,positive,False,primary,1
ECD-541-F1-rule_at_T1,541,rule_at_T1,"[{""coefficient"":-1,""condition"":""F1-T1R0""},{""coefficient"":1,""condition"":""F1-T1R1""}]",original/total_with_eos,0.031459808349609375,0.002685546875,positive,False,primary,1
ECD-541-F1-rule_at_T1,541,rule_at_T1,"[{""coefficient"":-1,""condition"":""F1-T1R0""},{""coefficient"":1,""condition"":""F1-T1R1""}]",original/mean_with_eos,0.007295926411946652,0.002685546875,positive,False,primary,1
ECD-541-F1-rule_at_T1,541,rule_at_T1,"[{""coefficient"":-1,""condition"":""F1-T1R0""},{""coefficient"":1,""condition"":""F1-T1R1""}]",ab_forward/answer_sum,0.5761795043945312,0.002685546875,positive,False,primary,1
ECD-541-F1-rule_at_T1,541,rule_at_T1,"[{""coefficient"":-1,""condition"":""F1-T1R0""},{""coefficient"":1,""condition"":""F1-T1R1""}]",ab_forward/answer_mean,0.2880897521972656,0.002685546875,positive,False,primary,1
ECD-541-F1-rule_at_T1,541,rule_at_T1,"[{""coefficient"":-1,""condition"":""F1-T1R0""},{""coefficient"":1,""condition"":""F1-T1R1""}]",ab_forward/total_with_eos,0.5761795043945312,0.002685546875,positive,False,primary,1
ECD-541-F1-rule_at_T1,541,rule_at_T1,"[{""coefficient"":-1,""condition"":""F1-T1R0""},{""coefficient"":1,""condition"":""F1-T1R1""}]",ab_forward/mean_with_eos,0.19205983479817723,0.002685546875,positive,False,primary,1
ECD-541-F1-rule_at_T1,541,rule_at_T1,"[{""coefficient"":-1,""condition"":""F1-T1R0""},{""coefficient"":1,""condition"":""F1-T1R1""}]",ab_reverse/answer_sum,-0.18088912963867188,0.002685546875,negative,False,primary,1
ECD-541-F1-rule_at_T1,541,rule_at_T1,"[{""coefficient"":-1,""condition"":""F1-T1R0""},{""coefficient"":1,""condition"":""F1-T1R1""}]",ab_reverse/answer_mean,-0.09044456481933594,0.002685546875,negative,False,primary,1
ECD-541-F1-rule_at_T1,541,rule_at_T1,"[{""coefficient"":-1,""condition"":""F1-T1R0""},{""coefficient"":1,""condition"":""F1-T1R1""}]",ab_reverse/total_with_eos,-0.18088912963867188,0.002685546875,negative,False,primary,1
ECD-541-F1-rule_at_T1,541,rule_at_T1,"[{""coefficient"":-1,""condition"":""F1-T1R0""},{""coefficient"":1,""condition"":""F1-T1R1""}]",ab_reverse/mean_with_eos,-0.060296376546223995,0.002685546875,negative,False,primary,1
ECD-541-F1-rule_at_T1,541,rule_at_T1,"[{""coefficient"":-1,""condition"":""F1-T1R0""},{""coefficient"":1,""condition"":""F1-T1R1""}]",ncc,0.20567196379059105,0.00537109375,positive,False,primary,1
ECD-541-F1-rule_at_T1,541,rule_at_T1,"[{""coefficient"":-1,""condition"":""F1-T1R0""},{""coefficient"":1,""condition"":""F1-T1R1""}]",background,-0.19609580208811694,0.002685546875,negative,False,primary,1
ECD-541-F1-rule_at_T1,541,rule_at_T1,"[{""coefficient"":-1,""condition"":""F1-T1R0""},{""coefficient"":1,""condition"":""F1-T1R1""}]",ab_symmetric_sum,0.1976451873779297,0.002685546875,positive,False,primary,1
ECD-541-F1-rule_at_T1,541,rule_at_T1,"[{""coefficient"":-1,""condition"":""F1-T1R0""},{""coefficient"":1,""condition"":""F1-T1R1""}]",ab_mapping_gap_sum,0.7570686340332031,0.00537109375,positive,False,primary,1
ECD-541-F1-topic_at_R0,541,topic_at_R0,"[{""coefficient"":-1,""condition"":""F1-T0R0""},{""coefficient"":1,""condition"":""F1-T1R0""}]",original/answer_sum,-0.16268157958984375,0.002685546875,negative,False,primary,1
ECD-541-F1-topic_at_R0,541,topic_at_R0,"[{""coefficient"":-1,""condition"":""F1-T0R0""},{""coefficient"":1,""condition"":""F1-T1R0""}]",original/answer_mean,-0.04240722656250001,0.002685546875,negative,False,primary,1
ECD-541-F1-topic_at_R0,541,topic_at_R0,"[{""coefficient"":-1,""condition"":""F1-T0R0""},{""coefficient"":1,""condition"":""F1-T1R0""}]",original/total_with_eos,-0.16268157958984375,0.002685546875,negative,False,primary,1
ECD-541-F1-topic_at_R0,541,topic_at_R0,"[{""coefficient"":-1,""condition"":""F1-T0R0""},{""coefficient"":1,""condition"":""F1-T1R0""}]",original/mean_with_eos,-0.0332829157511394,0.002685546875,negative,False,primary,1
ECD-541-F1-topic_at_R0,541,topic_at_R0,"[{""coefficient"":-1,""condition"":""F1-T0R0""},{""coefficient"":1,""condition"":""F1-T1R0""}]",ab_forward/answer_sum,0.12521743774414062,0.002685546875,positive,False,primary,1
ECD-541-F1-topic_at_R0,541,topic_at_R0,"[{""coefficient"":-1,""condition"":""F1-T0R0""},{""coefficient"":1,""condition"":""F1-T1R0""}]",ab_forward/answer_mean,0.06260871887207031,0.002685546875,positive,False,primary,1
ECD-541-F1-topic_at_R0,541,topic_at_R0,"[{""coefficient"":-1,""condition"":""F1-T0R0""},{""coefficient"":1,""condition"":""F1-T1R0""}]",ab_forward/total_with_eos,0.12521743774414062,0.002685546875,positive,False,primary,1
ECD-541-F1-topic_at_R0,541,topic_at_R0,"[{""coefficient"":-1,""condition"":""F1-T0R0""},{""coefficient"":1,""condition"":""F1-T1R0""}]",ab_forward/mean_with_eos,0.04173914591471295,0.002685546875,positive,False,primary,1
ECD-541-F1-topic_at_R0,541,topic_at_R0,"[{""coefficient"":-1,""condition"":""F1-T0R0""},{""coefficient"":1,""condition"":""F1-T1R0""}]",ab_reverse/answer_sum,0.060703277587890625,0.002685546875,positive,False,primary,1
ECD-541-F1-topic_at_R0,541,topic_at_R0,"[{""coefficient"":-1,""condition"":""F1-T0R0""},{""coefficient"":1,""condition"":""F1-T1R0""}]",ab_reverse/answer_mean,0.030351638793945312,0.002685546875,positive,False,primary,1
ECD-541-F1-topic_at_R0,541,topic_at_R0,"[{""coefficient"":-1,""condition"":""F1-T0R0""},{""coefficient"":1,""condition"":""F1-T1R0""}]",ab_reverse/total_with_eos,0.060703277587890625,0.002685546875,positive,False,primary,1
ECD-541-F1-topic_at_R0,541,topic_at_R0,"[{""coefficient"":-1,""condition"":""F1-T0R0""},{""coefficient"":1,""condition"":""F1-T1R0""}]",ab_reverse/mean_with_eos,0.020234425862630245,0.002685546875,positive,False,primary,1
ECD-541-F1-topic_at_R0,541,topic_at_R0,"[{""coefficient"":-1,""condition"":""F1-T0R0""},{""coefficient"":1,""condition"":""F1-T1R0""}]",ncc,0.13977093918483918,0.00537109375,positive,False,primary,1
ECD-541-F1-topic_at_R0,541,topic_at_R0,"[{""coefficient"":-1,""condition"":""F1-T0R0""},{""coefficient"":1,""condition"":""F1-T1R0""}]",background,-0.18217816574733892,0.002685546875,negative,False,primary,1
ECD-541-F1-topic_at_R0,541,topic_at_R0,"[{""coefficient"":-1,""condition"":""F1-T0R0""},{""coefficient"":1,""condition"":""F1-T1R0""}]",ab_symmetric_sum,0.09296035766601562,0.002685546875,positive,False,primary,1
ECD-541-F1-topic_at_R0,541,topic_at_R0,"[{""coefficient"":-1,""condition"":""F1-T0R0""},{""coefficient"":1,""condition"":""F1-T1R0""}]",ab_mapping_gap_sum,0.06451416015625,0.00537109375,positive,False,primary,1
ECD-541-F1-topic_at_R1,541,topic_at_R1,"[{""coefficient"":-1,""condition"":""F1-T0R1""},{""coefficient"":1,""condition"":""F1-T1R1""}]",original/answer_sum,-0.054851531982421875,0.002685546875,negative,False,primary,1
ECD-541-F1-topic_at_R1,541,topic_at_R1,"[{""coefficient"":-1,""condition"":""F1-T0R1""},{""coefficient"":1,""condition"":""F1-T1R1""}]",original/answer_mean,-0.005201466878255234,0.002685546875,negative,False,primary,1
ECD-541-F1-topic_at_R1,541,topic_at_R1,"[{""coefficient"":-1,""condition"":""F1-T0R1""},{""coefficient"":1,""condition"":""F1-T1R1""}]",original/total_with_eos,-0.054851531982421875,0.002685546875,negative,False,primary,1
ECD-541-F1-topic_at_R1,541,topic_at_R1,"[{""coefficient"":-1,""condition"":""F1-T0R1""},{""coefficient"":1,""condition"":""F1-T1R1""}]",original/mean_with_eos,-0.00553639729817712,0.002685546875,negative,False,primary,1
ECD-541-F1-topic_at_R1,541,topic_at_R1,"[{""coefficient"":-1,""condition"":""F1-T0R1""},{""coefficient"":1,""condition"":""F1-T1R1""}]",ab_forward/answer_sum,0.13104248046875,0.002685546875,positive,False,primary,1
ECD-541-F1-topic_at_R1,541,topic_at_R1,"[{""coefficient"":-1,""condition"":""F1-T0R1""},{""coefficient"":1,""condition"":""F1-T1R1""}]",ab_forward/answer_mean,0.065521240234375,0.002685546875,positive,False,primary,1
ECD-541-F1-topic_at_R1,541,topic_at_R1,"[{""coefficient"":-1,""condition"":""F1-T0R1""},{""coefficient"":1,""condition"":""F1-T1R1""}]",ab_forward/total_with_eos,0.13104248046875,0.002685546875,positive,False,primary,1
ECD-541-F1-topic_at_R1,541,topic_at_R1,"[{""coefficient"":-1,""condition"":""F1-T0R1""},{""coefficient"":1,""condition"":""F1-T1R1""}]",ab_forward/mean_with_eos,0.04368082682291696,0.002685546875,positive,False,primary,1
ECD-541-F1-topic_at_R1,541,topic_at_R1,"[{""coefficient"":-1,""condition"":""F1-T0R1""},{""coefficient"":1,""condition"":""F1-T1R1""}]",ab_reverse/answer_sum,0.09710693359375,0.002685546875,positive,False,primary,1
ECD-541-F1-topic_at_R1,541,topic_at_R1,"[{""coefficient"":-1,""condition"":""F1-T0R1""},{""coefficient"":1,""condition"":""F1-T1R1""}]",ab_reverse/answer_mean,0.048553466796875,0.002685546875,positive,False,primary,1
ECD-541-F1-topic_at_R1,541,topic_at_R1,"[{""coefficient"":-1,""condition"":""F1-T0R1""},{""coefficient"":1,""condition"":""F1-T1R1""}]",ab_reverse/total_with_eos,0.09710693359375,0.002685546875,positive,False,primary,1
ECD-541-F1-topic_at_R1,541,topic_at_R1,"[{""coefficient"":-1,""condition"":""F1-T0R1""},{""coefficient"":1,""condition"":""F1-T1R1""}]",ab_reverse/mean_with_eos,0.03236897786458337,0.002685546875,positive,False,primary,1
ECD-541-F1-topic_at_R1,541,topic_at_R1,"[{""coefficient"":-1,""condition"":""F1-T0R1""},{""coefficient"":1,""condition"":""F1-T1R1""}]",ncc,0.03351401195953274,0.00537109375,positive,False,primary,1
ECD-541-F1-topic_at_R1,541,topic_at_R1,"[{""coefficient"":-1,""condition"":""F1-T0R1""},{""coefficient"":1,""condition"":""F1-T1R1""}]",background,-0.03871547883778792,0.002685546875,negative,False,primary,1
ECD-541-F1-topic_at_R1,541,topic_at_R1,"[{""coefficient"":-1,""condition"":""F1-T0R1""},{""coefficient"":1,""condition"":""F1-T1R1""}]",ab_symmetric_sum,0.11407470703125,0.002685546875,positive,False,primary,1
ECD-541-F1-topic_at_R1,541,topic_at_R1,"[{""coefficient"":-1,""condition"":""F1-T0R1""},{""coefficient"":1,""condition"":""F1-T1R1""}]",ab_mapping_gap_sum,0.033935546875,0.00537109375,positive,False,primary,1
ECD-541-F1-topic_rule_interaction,541,topic_rule_interaction,"[{""coefficient"":1,""condition"":""F1-T0R0""},{""coefficient"":-1,""condition"":""F1-T0R1""},{""coefficient"":-1,""condition"":""F1-T1R0""},{""coefficient"":1,""condition"":""F1-T1R1""}]",original/answer_sum,0.10783004760742188,0.00537109375,positive,False,primary,1
ECD-541-F1-topic_rule_interaction,541,topic_rule_interaction,"[{""coefficient"":1,""condition"":""F1-T0R0""},{""coefficient"":-1,""condition"":""F1-T0R1""},{""coefficient"":-1,""condition"":""F1-T1R0""},{""coefficient"":1,""condition"":""F1-T1R1""}]",original/answer_mean,0.03720575968424478,0.00537109375,positive,False,primary,1
ECD-541-F1-topic_rule_interaction,541,topic_rule_interaction,"[{""coefficient"":1,""condition"":""F1-T0R0""},{""coefficient"":-1,""condition"":""F1-T0R1""},{""coefficient"":-1,""condition"":""F1-T1R0""},{""coefficient"":1,""condition"":""F1-T1R1""}]",original/total_with_eos,0.10783004760742188,0.00537109375,positive,False,primary,1
ECD-541-F1-topic_rule_interaction,541,topic_rule_interaction,"[{""coefficient"":1,""condition"":""F1-T0R0""},{""coefficient"":-1,""condition"":""F1-T0R1""},{""coefficient"":-1,""condition"":""F1-T1R0""},{""coefficient"":1,""condition"":""F1-T1R1""}]",original/mean_with_eos,0.027746518452962277,0.00537109375,positive,False,primary,1
ECD-541-F1-topic_rule_interaction,541,topic_rule_interaction,"[{""coefficient"":1,""condition"":""F1-T0R0""},{""coefficient"":-1,""condition"":""F1-T0R1""},{""coefficient"":-1,""condition"":""F1-T1R0""},{""coefficient"":1,""condition"":""F1-T1R1""}]",ab_forward/answer_sum,0.005825042724609375,0.00537109375,positive,False,primary,1
ECD-541-F1-topic_rule_interaction,541,topic_rule_interaction,"[{""coefficient"":1,""condition"":""F1-T0R0""},{""coefficient"":-1,""condition"":""F1-T0R1""},{""coefficient"":-1,""condition"":""F1-T1R0""},{""coefficient"":1,""condition"":""F1-T1R1""}]",ab_forward/answer_mean,0.0029125213623046875,0.00537109375,unresolved,False,primary,1
ECD-541-F1-topic_rule_interaction,541,topic_rule_interaction,"[{""coefficient"":1,""condition"":""F1-T0R0""},{""coefficient"":-1,""condition"":""F1-T0R1""},{""coefficient"":-1,""condition"":""F1-T1R0""},{""coefficient"":1,""condition"":""F1-T1R1""}]",ab_forward/total_with_eos,0.005825042724609375,0.00537109375,positive,False,primary,1
ECD-541-F1-topic_rule_interaction,541,topic_rule_interaction,"[{""coefficient"":1,""condition"":""F1-T0R0""},{""coefficient"":-1,""condition"":""F1-T0R1""},{""coefficient"":-1,""condition"":""F1-T1R0""},{""coefficient"":1,""condition"":""F1-T1R1""}]",ab_forward/mean_with_eos,0.0019416809082040132,0.00537109375,unresolved,False,primary,1
ECD-541-F1-topic_rule_interaction,541,topic_rule_interaction,"[{""coefficient"":1,""condition"":""F1-T0R0""},{""coefficient"":-1,""condition"":""F1-T0R1""},{""coefficient"":-1,""condition"":""F1-T1R0""},{""coefficient"":1,""condition"":""F1-T1R1""}]",ab_reverse/answer_sum,0.036403656005859375,0.00537109375,positive,False,primary,1
ECD-541-F1-topic_rule_interaction,541,topic_rule_interaction,"[{""coefficient"":1,""condition"":""F1-T0R0""},{""coefficient"":-1,""condition"":""F1-T0R1""},{""coefficient"":-1,""condition"":""F1-T1R0""},{""coefficient"":1,""condition"":""F1-T1R1""}]",ab_reverse/answer_mean,0.018201828002929688,0.00537109375,positive,False,primary,1
ECD-541-F1-topic_rule_interaction,541,topic_rule_interaction,"[{""coefficient"":1,""condition"":""F1-T0R0""},{""coefficient"":-1,""condition"":""F1-T0R1""},{""coefficient"":-1,""condition"":""F1-T1R0""},{""coefficient"":1,""condition"":""F1-T1R1""}]",ab_reverse/total_with_eos,0.036403656005859375,0.00537109375,positive,False,primary,1
ECD-541-F1-topic_rule_interaction,541,topic_rule_interaction,"[{""coefficient"":1,""condition"":""F1-T0R0""},{""coefficient"":-1,""condition"":""F1-T0R1""},{""coefficient"":-1,""condition"":""F1-T1R0""},{""coefficient"":1,""condition"":""F1-T1R1""}]",ab_reverse/mean_with_eos,0.012134552001953125,0.00537109375,positive,False,primary,1
ECD-541-F1-topic_rule_interaction,541,topic_rule_interaction,"[{""coefficient"":1,""condition"":""F1-T0R0""},{""coefficient"":-1,""condition"":""F1-T0R1""},{""coefficient"":-1,""condition"":""F1-T1R0""},{""coefficient"":1,""condition"":""F1-T1R1""}]",ncc,-0.10625692722530644,0.0107421875,negative,False,primary,1
ECD-541-F1-topic_rule_interaction,541,topic_rule_interaction,"[{""coefficient"":1,""condition"":""F1-T0R0""},{""coefficient"":-1,""condition"":""F1-T0R1""},{""coefficient"":-1,""condition"":""F1-T1R0""},{""coefficient"":1,""condition"":""F1-T1R1""}]",background,0.143462686909551,0.00537109375,positive,False,primary,1
ECD-541-F1-topic_rule_interaction,541,topic_rule_interaction,"[{""coefficient"":1,""condition"":""F1-T0R0""},{""coefficient"":-1,""condition"":""F1-T0R1""},{""coefficient"":-1,""condition"":""F1-T1R0""},{""coefficient"":1,""condition"":""F1-T1R1""}]",ab_symmetric_sum,0.021114349365234375,0.00537109375,positive,False,primary,1
ECD-541-F1-topic_rule_interaction,541,topic_rule_interaction,"[{""coefficient"":1,""condition"":""F1-T0R0""},{""coefficient"":-1,""condition"":""F1-T0R1""},{""coefficient"":-1,""condition"":""F1-T1R0""},{""coefficient"":1,""condition"":""F1-T1R1""}]",ab_mapping_gap_sum,-0.03057861328125,0.0107421875,negative,False,primary,1
ECD-541-F1-original_bridge,541,original_bridge,"[{""coefficient"":1,""condition"":""F1-T1R1""},{""coefficient"":-1,""condition"":""R-A""}]",original/answer_sum,0.10181045532226562,0.002685546875,positive,False,bridge,1
ECD-541-F1-original_bridge,541,original_bridge,"[{""coefficient"":1,""condition"":""F1-T1R1""},{""coefficient"":-1,""condition"":""R-A""}]",original/answer_mean,0.045902760823567756,0.002685546875,positive,False,bridge,1
ECD-541-F1-original_bridge,541,original_bridge,"[{""coefficient"":1,""condition"":""F1-T1R1""},{""coefficient"":-1,""condition"":""R-A""}]",original/total_with_eos,0.10181045532226562,0.002685546875,positive,False,bridge,1
ECD-541-F1-original_bridge,541,original_bridge,"[{""coefficient"":1,""condition"":""F1-T1R1""},{""coefficient"":-1,""condition"":""R-A""}]",original/mean_with_eos,0.03293132781982422,0.002685546875,positive,False,bridge,1
ECD-541-F1-original_bridge,541,original_bridge,"[{""coefficient"":1,""condition"":""F1-T1R1""},{""coefficient"":-1,""condition"":""R-A""}]",ab_forward/answer_sum,-0.056331634521484375,0.002685546875,negative,False,bridge,1
ECD-541-F1-original_bridge,541,original_bridge,"[{""coefficient"":1,""condition"":""F1-T1R1""},{""coefficient"":-1,""condition"":""R-A""}]",ab_forward/answer_mean,-0.028165817260742188,0.002685546875,negative,False,bridge,1
ECD-541-F1-original_bridge,541,original_bridge,"[{""coefficient"":1,""condition"":""F1-T1R1""},{""coefficient"":-1,""condition"":""R-A""}]",ab_forward/total_with_eos,-0.056331634521484375,0.002685546875,negative,False,bridge,1
ECD-541-F1-original_bridge,541,original_bridge,"[{""coefficient"":1,""condition"":""F1-T1R1""},{""coefficient"":-1,""condition"":""R-A""}]",ab_forward/mean_with_eos,-0.018777211507161162,0.002685546875,negative,False,bridge,1
ECD-541-F1-original_bridge,541,original_bridge,"[{""coefficient"":1,""condition"":""F1-T1R1""},{""coefficient"":-1,""condition"":""R-A""}]",ab_reverse/answer_sum,-1.1812973022460938,0.002685546875,negative,False,bridge,1
ECD-541-F1-original_bridge,541,original_bridge,"[{""coefficient"":1,""condition"":""F1-T1R1""},{""coefficient"":-1,""condition"":""R-A""}]",ab_reverse/answer_mean,-0.5906486511230469,0.002685546875,negative,False,bridge,1
ECD-541-F1-original_bridge,541,original_bridge,"[{""coefficient"":1,""condition"":""F1-T1R1""},{""coefficient"":-1,""condition"":""R-A""}]",ab_reverse/total_with_eos,-1.1812973022460938,0.002685546875,negative,False,bridge,1
ECD-541-F1-original_bridge,541,original_bridge,"[{""coefficient"":1,""condition"":""F1-T1R1""},{""coefficient"":-1,""condition"":""R-A""}]",ab_reverse/mean_with_eos,-0.3937657674153646,0.002685546875,negative,False,bridge,1
ECD-541-F1-original_bridge,541,original_bridge,"[{""coefficient"":1,""condition"":""F1-T1R1""},{""coefficient"":-1,""condition"":""R-A""}]",ncc,-0.18312491822170873,0.00537109375,negative,False,bridge,1
ECD-541-F1-original_bridge,541,original_bridge,"[{""coefficient"":1,""condition"":""F1-T1R1""},{""coefficient"":-1,""condition"":""R-A""}]",background,0.22902767904527677,0.002685546875,positive,False,bridge,1
ECD-541-F1-original_bridge,541,original_bridge,"[{""coefficient"":1,""condition"":""F1-T1R1""},{""coefficient"":-1,""condition"":""R-A""}]",ab_symmetric_sum,-0.6188144683837891,0.002685546875,negative,False,bridge,1
ECD-541-F1-original_bridge,541,original_bridge,"[{""coefficient"":1,""condition"":""F1-T1R1""},{""coefficient"":-1,""condition"":""R-A""}]",ab_mapping_gap_sum,1.1249656677246094,0.00537109375,positive,False,bridge,1
ECD-541-F1-D_bridge,541,D_bridge,"[{""coefficient"":1,""condition"":""F1-T1R1""},{""coefficient"":-1,""condition"":""R-D1""}]",original/answer_sum,0.21175765991210938,0.002685546875,positive,False,bridge,1
ECD-541-F1-D_bridge,541,D_bridge,"[{""coefficient"":1,""condition"":""F1-T1R1""},{""coefficient"":-1,""condition"":""R-D1""}]",original/answer_mean,0.073663075764974,0.002685546875,positive,False,bridge,1
ECD-541-F1-D_bridge,541,D_bridge,"[{""coefficient"":1,""condition"":""F1-T1R1""},{""coefficient"":-1,""condition"":""R-D1""}]",original/total_with_eos,0.21175765991210938,0.002685546875,positive,False,bridge,1
ECD-541-F1-D_bridge,541,D_bridge,"[{""coefficient"":1,""condition"":""F1-T1R1""},{""coefficient"":-1,""condition"":""R-D1""}]",original/mean_with_eos,0.05486265818277994,0.002685546875,positive,False,bridge,1
ECD-541-F1-D_bridge,541,D_bridge,"[{""coefficient"":1,""condition"":""F1-T1R1""},{""coefficient"":-1,""condition"":""R-D1""}]",ab_forward/answer_sum,0.044452667236328125,0.002685546875,positive,False,bridge,1
ECD-541-F1-D_bridge,541,D_bridge,"[{""coefficient"":1,""condition"":""F1-T1R1""},{""coefficient"":-1,""condition"":""R-D1""}]",ab_forward/answer_mean,0.022226333618164062,0.002685546875,positive,False,bridge,1
ECD-541-F1-D_bridge,541,D_bridge,"[{""coefficient"":1,""condition"":""F1-T1R1""},{""coefficient"":-1,""condition"":""R-D1""}]",ab_forward/total_with_eos,0.044452667236328125,0.002685546875,positive,False,bridge,1
ECD-541-F1-D_bridge,541,D_bridge,"[{""coefficient"":1,""condition"":""F1-T1R1""},{""coefficient"":-1,""condition"":""R-D1""}]",ab_forward/mean_with_eos,0.014817555745442856,0.002685546875,positive,False,bridge,1
ECD-541-F1-D_bridge,541,D_bridge,"[{""coefficient"":1,""condition"":""F1-T1R1""},{""coefficient"":-1,""condition"":""R-D1""}]",ab_reverse/answer_sum,-0.9065589904785156,0.002685546875,negative,False,bridge,1
ECD-541-F1-D_bridge,541,D_bridge,"[{""coefficient"":1,""condition"":""F1-T1R1""},{""coefficient"":-1,""condition"":""R-D1""}]",ab_reverse/answer_mean,-0.4532794952392578,0.002685546875,negative,False,bridge,1
ECD-541-F1-D_bridge,541,D_bridge,"[{""coefficient"":1,""condition"":""F1-T1R1""},{""coefficient"":-1,""condition"":""R-D1""}]",ab_reverse/total_with_eos,-0.9065589904785156,0.002685546875,negative,False,bridge,1
ECD-541-F1-D_bridge,541,D_bridge,"[{""coefficient"":1,""condition"":""F1-T1R1""},{""coefficient"":-1,""condition"":""R-D1""}]",ab_reverse/mean_with_eos,-0.30218633015950525,0.002685546875,negative,False,bridge,1
ECD-541-F1-D_bridge,541,D_bridge,"[{""coefficient"":1,""condition"":""F1-T1R1""},{""coefficient"":-1,""condition"":""R-D1""}]",ncc,-0.1980203701944374,0.00537109375,negative,False,bridge,1
ECD-541-F1-D_bridge,541,D_bridge,"[{""coefficient"":1,""condition"":""F1-T1R1""},{""coefficient"":-1,""condition"":""R-D1""}]",background,0.2716834459594115,0.002685546875,positive,False,bridge,1
ECD-541-F1-D_bridge,541,D_bridge,"[{""coefficient"":1,""condition"":""F1-T1R1""},{""coefficient"":-1,""condition"":""R-D1""}]",ab_symmetric_sum,-0.43105316162109375,0.002685546875,negative,False,bridge,1
ECD-541-F1-D_bridge,541,D_bridge,"[{""coefficient"":1,""condition"":""F1-T1R1""},{""coefficient"":-1,""condition"":""R-D1""}]",ab_mapping_gap_sum,0.9510116577148438,0.00537109375,positive,False,bridge,1
ECD-541-F1-C_bridge,541,C_bridge,"[{""coefficient"":1,""condition"":""F1-T0R0""},{""coefficient"":-1,""condition"":""R-C1""}]",original/answer_sum,0.5756759643554688,0.002685546875,positive,False,bridge,1
ECD-541-F1-C_bridge,541,C_bridge,"[{""coefficient"":1,""condition"":""F1-T0R0""},{""coefficient"":-1,""condition"":""R-C1""}]",original/answer_mean,0.1058064778645833,0.002685546875,positive,False,bridge,1
ECD-541-F1-C_bridge,541,C_bridge,"[{""coefficient"":1,""condition"":""F1-T0R0""},{""coefficient"":-1,""condition"":""R-C1""}]",original/total_with_eos,0.5756759643554688,0.002685546875,positive,False,bridge,1
ECD-541-F1-C_bridge,541,C_bridge,"[{""coefficient"":1,""condition"":""F1-T0R0""},{""coefficient"":-1,""condition"":""R-C1""}]",original/mean_with_eos,0.09011554718017584,0.002685546875,positive,False,bridge,1
ECD-541-F1-C_bridge,541,C_bridge,"[{""coefficient"":1,""condition"":""F1-T0R0""},{""coefficient"":-1,""condition"":""R-C1""}]",ab_forward/answer_sum,0.3565788269042969,0.002685546875,positive,False,bridge,1
ECD-541-F1-C_bridge,541,C_bridge,"[{""coefficient"":1,""condition"":""F1-T0R0""},{""coefficient"":-1,""condition"":""R-C1""}]",ab_forward/answer_mean,0.17828941345214844,0.002685546875,positive,False,bridge,1
ECD-541-F1-C_bridge,541,C_bridge,"[{""coefficient"":1,""condition"":""F1-T0R0""},{""coefficient"":-1,""condition"":""R-C1""}]",ab_forward/total_with_eos,0.3565788269042969,0.002685546875,positive,False,bridge,1
ECD-541-F1-C_bridge,541,C_bridge,"[{""coefficient"":1,""condition"":""F1-T0R0""},{""coefficient"":-1,""condition"":""R-C1""}]",ab_forward/mean_with_eos,0.11885960896809955,0.002685546875,positive,False,bridge,1
ECD-541-F1-C_bridge,541,C_bridge,"[{""coefficient"":1,""condition"":""F1-T0R0""},{""coefficient"":-1,""condition"":""R-C1""}]",ab_reverse/answer_sum,-0.0687713623046875,0.002685546875,negative,False,bridge,1
ECD-541-F1-C_bridge,541,C_bridge,"[{""coefficient"":1,""condition"":""F1-T0R0""},{""coefficient"":-1,""condition"":""R-C1""}]",ab_reverse/answer_mean,-0.03438568115234375,0.002685546875,negative,False,bridge,1
ECD-541-F1-C_bridge,541,C_bridge,"[{""coefficient"":1,""condition"":""F1-T0R0""},{""coefficient"":-1,""condition"":""R-C1""}]",ab_reverse/total_with_eos,-0.0687713623046875,0.002685546875,negative,False,bridge,1
ECD-541-F1-C_bridge,541,C_bridge,"[{""coefficient"":1,""condition"":""F1-T0R0""},{""coefficient"":-1,""condition"":""R-C1""}]",ab_reverse/mean_with_eos,-0.02292378743489576,0.002685546875,negative,False,bridge,1
ECD-541-F1-C_bridge,541,C_bridge,"[{""coefficient"":1,""condition"":""F1-T0R0""},{""coefficient"":-1,""condition"":""R-C1""}]",ncc,0.28752404965593215,0.00537109375,positive,False,bridge,1
ECD-541-F1-C_bridge,541,C_bridge,"[{""coefficient"":1,""condition"":""F1-T0R0""},{""coefficient"":-1,""condition"":""R-C1""}]",background,-0.18171757179134929,0.002685546875,negative,False,bridge,1
ECD-541-F1-C_bridge,541,C_bridge,"[{""coefficient"":1,""condition"":""F1-T0R0""},{""coefficient"":-1,""condition"":""R-C1""}]",ab_symmetric_sum,0.1439037322998047,0.002685546875,positive,False,bridge,1
ECD-541-F1-C_bridge,541,C_bridge,"[{""coefficient"":1,""condition"":""F1-T0R0""},{""coefficient"":-1,""condition"":""R-C1""}]",ab_mapping_gap_sum,0.4253501892089844,0.00537109375,positive,False,bridge,1
ECD-541-F1-historical_D_minus_C,541,historical_D_minus_C,"[{""coefficient"":1,""condition"":""R-D1""},{""coefficient"":-1,""condition"":""R-C1""}]",original/answer_sum,0.232696533203125,0.002685546875,positive,False,historical_anchor,1
ECD-541-F1-historical_D_minus_C,541,historical_D_minus_C,"[{""coefficient"":1,""condition"":""R-D1""},{""coefficient"":-1,""condition"":""R-C1""}]",original/answer_mean,-0.0006876627604167074,0.002685546875,unresolved,False,historical_anchor,1
ECD-541-F1-historical_D_minus_C,541,historical_D_minus_C,"[{""coefficient"":1,""condition"":""R-D1""},{""coefficient"":-1,""condition"":""R-C1""}]",original/total_with_eos,0.232696533203125,0.002685546875,positive,False,historical_anchor,1
ECD-541-F1-historical_D_minus_C,541,historical_D_minus_C,"[{""coefficient"":1,""condition"":""R-D1""},{""coefficient"":-1,""condition"":""R-C1""}]",original/mean_with_eos,0.009265899658203153,0.002685546875,positive,False,historical_anchor,1
ECD-541-F1-historical_D_minus_C,541,historical_D_minus_C,"[{""coefficient"":1,""condition"":""R-D1""},{""coefficient"":-1,""condition"":""R-C1""}]",ab_forward/answer_sum,1.0135231018066406,0.002685546875,positive,False,historical_anchor,1
ECD-541-F1-historical_D_minus_C,541,historical_D_minus_C,"[{""coefficient"":1,""condition"":""R-D1""},{""coefficient"":-1,""condition"":""R-C1""}]",ab_forward/answer_mean,0.5067615509033203,0.002685546875,positive,False,historical_anchor,1
ECD-541-F1-historical_D_minus_C,541,historical_D_minus_C,"[{""coefficient"":1,""condition"":""R-D1""},{""coefficient"":-1,""condition"":""R-C1""}]",ab_forward/total_with_eos,1.0135231018066406,0.002685546875,positive,False,historical_anchor,1
ECD-541-F1-historical_D_minus_C,541,historical_D_minus_C,"[{""coefficient"":1,""condition"":""R-D1""},{""coefficient"":-1,""condition"":""R-C1""}]",ab_forward/mean_with_eos,0.3378410339355469,0.002685546875,positive,False,historical_anchor,1
ECD-541-F1-historical_D_minus_C,541,historical_D_minus_C,"[{""coefficient"":1,""condition"":""R-D1""},{""coefficient"":-1,""condition"":""R-C1""}]",ab_reverse/answer_sum,0.7176017761230469,0.002685546875,positive,False,historical_anchor,1
ECD-541-F1-historical_D_minus_C,541,historical_D_minus_C,"[{""coefficient"":1,""condition"":""R-D1""},{""coefficient"":-1,""condition"":""R-C1""}]",ab_reverse/answer_mean,0.35880088806152344,0.002685546875,positive,False,historical_anchor,1
ECD-541-F1-historical_D_minus_C,541,historical_D_minus_C,"[{""coefficient"":1,""condition"":""R-D1""},{""coefficient"":-1,""condition"":""R-C1""}]",ab_reverse/total_with_eos,0.7176017761230469,0.002685546875,positive,False,historical_anchor,1
ECD-541-F1-historical_D_minus_C,541,historical_D_minus_C,"[{""coefficient"":1,""condition"":""R-D1""},{""coefficient"":-1,""condition"":""R-C1""}]",ab_reverse/mean_with_eos,0.23920059204101574,0.002685546875,positive,False,historical_anchor,1
ECD-541-F1-historical_D_minus_C,541,historical_D_minus_C,"[{""coefficient"":1,""condition"":""R-D1""},{""coefficient"":-1,""condition"":""R-C1""}]",ncc,0.8309873228257998,0.00537109375,positive,False,historical_anchor,1
ECD-541-F1-historical_D_minus_C,541,historical_D_minus_C,"[{""coefficient"":1,""condition"":""R-D1""},{""coefficient"":-1,""condition"":""R-C1""}]",background,-0.8316749855862167,0.002685546875,negative,False,historical_anchor,1
ECD-541-F1-historical_D_minus_C,541,historical_D_minus_C,"[{""coefficient"":1,""condition"":""R-D1""},{""coefficient"":-1,""condition"":""R-C1""}]",ab_symmetric_sum,0.8655624389648438,0.002685546875,positive,False,historical_anchor,1
ECD-541-F1-historical_D_minus_C,541,historical_D_minus_C,"[{""coefficient"":1,""condition"":""R-D1""},{""coefficient"":-1,""condition"":""R-C1""}]",ab_mapping_gap_sum,0.29592132568359375,0.00537109375,positive,False,historical_anchor,1
ECD-541-F2-rule_at_T0,541,rule_at_T0,"[{""coefficient"":-1,""condition"":""F2-T0R0""},{""coefficient"":1,""condition"":""F2-T0R1""}]",original/answer_sum,0.0140380859375,0.002685546875,positive,False,primary,2
ECD-541-F2-rule_at_T0,541,rule_at_T0,"[{""coefficient"":-1,""condition"":""F2-T0R0""},{""coefficient"":1,""condition"":""F2-T0R1""}]",original/answer_mean,0.0035288492838541075,0.002685546875,positive,False,primary,2
ECD-541-F2-rule_at_T0,541,rule_at_T0,"[{""coefficient"":-1,""condition"":""F2-T0R0""},{""coefficient"":1,""condition"":""F2-T0R1""}]",original/total_with_eos,0.0140380859375,0.002685546875,positive,False,primary,2
ECD-541-F2-rule_at_T0,541,rule_at_T0,"[{""coefficient"":-1,""condition"":""F2-T0R0""},{""coefficient"":1,""condition"":""F2-T0R1""}]",original/mean_with_eos,0.0027904510498046875,0.002685546875,positive,False,primary,2
ECD-541-F2-rule_at_T0,541,rule_at_T0,"[{""coefficient"":-1,""condition"":""F2-T0R0""},{""coefficient"":1,""condition"":""F2-T0R1""}]",ab_forward/answer_sum,-0.3281135559082031,0.002685546875,negative,False,primary,2
ECD-541-F2-rule_at_T0,541,rule_at_T0,"[{""coefficient"":-1,""condition"":""F2-T0R0""},{""coefficient"":1,""condition"":""F2-T0R1""}]",ab_forward/answer_mean,-0.16405677795410156,0.002685546875,negative,False,primary,2
ECD-541-F2-rule_at_T0,541,rule_at_T0,"[{""coefficient"":-1,""condition"":""F2-T0R0""},{""coefficient"":1,""condition"":""F2-T0R1""}]",ab_forward/total_with_eos,-0.3281135559082031,0.002685546875,negative,False,primary,2
ECD-541-F2-rule_at_T0,541,rule_at_T0,"[{""coefficient"":-1,""condition"":""F2-T0R0""},{""coefficient"":1,""condition"":""F2-T0R1""}]",ab_forward/mean_with_eos,-0.10937118530273438,0.002685546875,negative,False,primary,2
ECD-541-F2-rule_at_T0,541,rule_at_T0,"[{""coefficient"":-1,""condition"":""F2-T0R0""},{""coefficient"":1,""condition"":""F2-T0R1""}]",ab_reverse/answer_sum,-0.3494911193847656,0.002685546875,negative,False,primary,2
ECD-541-F2-rule_at_T0,541,rule_at_T0,"[{""coefficient"":-1,""condition"":""F2-T0R0""},{""coefficient"":1,""condition"":""F2-T0R1""}]",ab_reverse/answer_mean,-0.1747455596923828,0.002685546875,negative,False,primary,2
ECD-541-F2-rule_at_T0,541,rule_at_T0,"[{""coefficient"":-1,""condition"":""F2-T0R0""},{""coefficient"":1,""condition"":""F2-T0R1""}]",ab_reverse/total_with_eos,-0.3494911193847656,0.002685546875,negative,False,primary,2
ECD-541-F2-rule_at_T0,541,rule_at_T0,"[{""coefficient"":-1,""condition"":""F2-T0R0""},{""coefficient"":1,""condition"":""F2-T0R1""}]",ab_reverse/mean_with_eos,-0.11649703979492188,0.002685546875,negative,False,primary,2
ECD-541-F2-rule_at_T0,541,rule_at_T0,"[{""coefficient"":-1,""condition"":""F2-T0R0""},{""coefficient"":1,""condition"":""F2-T0R1""}]",ncc,0.26744470920506824,0.00537109375,positive,False,primary,2
ECD-541-F2-rule_at_T0,541,rule_at_T0,"[{""coefficient"":-1,""condition"":""F2-T0R0""},{""coefficient"":1,""condition"":""F2-T0R1""}]",background,-0.26391585992121414,0.002685546875,negative,False,primary,2
ECD-541-F2-rule_at_T0,541,rule_at_T0,"[{""coefficient"":-1,""condition"":""F2-T0R0""},{""coefficient"":1,""condition"":""F2-T0R1""}]",ab_symmetric_sum,-0.3388023376464844,0.002685546875,negative,False,primary,2
ECD-541-F2-rule_at_T0,541,rule_at_T0,"[{""coefficient"":-1,""condition"":""F2-T0R0""},{""coefficient"":1,""condition"":""F2-T0R1""}]",ab_mapping_gap_sum,0.0213775634765625,0.00537109375,positive,False,primary,2
ECD-541-F2-rule_at_T1,541,rule_at_T1,"[{""coefficient"":-1,""condition"":""F2-T1R0""},{""coefficient"":1,""condition"":""F2-T1R1""}]",original/answer_sum,-0.1727142333984375,0.002685546875,negative,False,primary,2
ECD-541-F2-rule_at_T1,541,rule_at_T1,"[{""coefficient"":-1,""condition"":""F2-T1R0""},{""coefficient"":1,""condition"":""F2-T1R1""}]",original/answer_mean,-0.04313354492187499,0.002685546875,negative,False,primary,2
ECD-541-F2-rule_at_T1,541,rule_at_T1,"[{""coefficient"":-1,""condition"":""F2-T1R0""},{""coefficient"":1,""condition"":""F2-T1R1""}]",original/total_with_eos,-0.1727142333984375,0.002685546875,negative,False,primary,2
ECD-541-F2-rule_at_T1,541,rule_at_T1,"[{""coefficient"":-1,""condition"":""F2-T1R0""},{""coefficient"":1,""condition"":""F2-T1R1""}]",original/mean_with_eos,-0.034154891967773465,0.002685546875,negative,False,primary,2
ECD-541-F2-rule_at_T1,541,rule_at_T1,"[{""coefficient"":-1,""condition"":""F2-T1R0""},{""coefficient"":1,""condition"":""F2-T1R1""}]",ab_forward/answer_sum,-0.3482856750488281,0.002685546875,negative,False,primary,2
ECD-541-F2-rule_at_T1,541,rule_at_T1,"[{""coefficient"":-1,""condition"":""F2-T1R0""},{""coefficient"":1,""condition"":""F2-T1R1""}]",ab_forward/answer_mean,-0.17414283752441406,0.002685546875,negative,False,primary,2
ECD-541-F2-rule_at_T1,541,rule_at_T1,"[{""coefficient"":-1,""condition"":""F2-T1R0""},{""coefficient"":1,""condition"":""F2-T1R1""}]",ab_forward/total_with_eos,-0.3482856750488281,0.002685546875,negative,False,primary,2
ECD-541-F2-rule_at_T1,541,rule_at_T1,"[{""coefficient"":-1,""condition"":""F2-T1R0""},{""coefficient"":1,""condition"":""F2-T1R1""}]",ab_forward/mean_with_eos,-0.11609522501627634,0.002685546875,negative,False,primary,2
ECD-541-F2-rule_at_T1,541,rule_at_T1,"[{""coefficient"":-1,""condition"":""F2-T1R0""},{""coefficient"":1,""condition"":""F2-T1R1""}]",ab_reverse/answer_sum,-0.6248016357421875,0.002685546875,negative,False,primary,2
ECD-541-F2-rule_at_T1,541,rule_at_T1,"[{""coefficient"":-1,""condition"":""F2-T1R0""},{""coefficient"":1,""condition"":""F2-T1R1""}]",ab_reverse/answer_mean,-0.31240081787109375,0.002685546875,negative,False,primary,2
ECD-541-F2-rule_at_T1,541,rule_at_T1,"[{""coefficient"":-1,""condition"":""F2-T1R0""},{""coefficient"":1,""condition"":""F2-T1R1""}]",ab_reverse/total_with_eos,-0.6248016357421875,0.002685546875,negative,False,primary,2
ECD-541-F2-rule_at_T1,541,rule_at_T1,"[{""coefficient"":-1,""condition"":""F2-T1R0""},{""coefficient"":1,""condition"":""F2-T1R1""}]",ab_reverse/mean_with_eos,-0.20826721191406256,0.002685546875,negative,False,primary,2
ECD-541-F2-rule_at_T1,541,rule_at_T1,"[{""coefficient"":-1,""condition"":""F2-T1R0""},{""coefficient"":1,""condition"":""F2-T1R1""}]",ncc,0.18147561451314065,0.00537109375,positive,False,primary,2
ECD-541-F2-rule_at_T1,541,rule_at_T1,"[{""coefficient"":-1,""condition"":""F2-T1R0""},{""coefficient"":1,""condition"":""F2-T1R1""}]",background,-0.22460915943501591,0.002685546875,negative,False,primary,2
ECD-541-F2-rule_at_T1,541,rule_at_T1,"[{""coefficient"":-1,""condition"":""F2-T1R0""},{""coefficient"":1,""condition"":""F2-T1R1""}]",ab_symmetric_sum,-0.4865436553955078,0.002685546875,negative,False,primary,2
ECD-541-F2-rule_at_T1,541,rule_at_T1,"[{""coefficient"":-1,""condition"":""F2-T1R0""},{""coefficient"":1,""condition"":""F2-T1R1""}]",ab_mapping_gap_sum,0.2765159606933594,0.00537109375,positive,False,primary,2
ECD-541-F2-topic_at_R0,541,topic_at_R0,"[{""coefficient"":-1,""condition"":""F2-T0R0""},{""coefficient"":1,""condition"":""F2-T1R0""}]",original/answer_sum,-0.07782745361328125,0.002685546875,negative,False,primary,2
ECD-541-F2-topic_at_R0,541,topic_at_R0,"[{""coefficient"":-1,""condition"":""F2-T0R0""},{""coefficient"":1,""condition"":""F2-T1R0""}]",original/answer_mean,-0.016912841796875022,0.002685546875,negative,False,primary,2
ECD-541-F2-topic_at_R0,541,topic_at_R0,"[{""coefficient"":-1,""condition"":""F2-T0R0""},{""coefficient"":1,""condition"":""F2-T1R0""}]",original/total_with_eos,-0.07782745361328125,0.002685546875,negative,False,primary,2
ECD-541-F2-topic_at_R0,541,topic_at_R0,"[{""coefficient"":-1,""condition"":""F2-T0R0""},{""coefficient"":1,""condition"":""F2-T1R0""}]",original/mean_with_eos,-0.013813336690266853,0.002685546875,negative,False,primary,2
ECD-541-F2-topic_at_R0,541,topic_at_R0,"[{""coefficient"":-1,""condition"":""F2-T0R0""},{""coefficient"":1,""condition"":""F2-T1R0""}]",ab_forward/answer_sum,0.11673736572265625,0.002685546875,positive,False,primary,2
ECD-541-F2-topic_at_R0,541,topic_at_R0,"[{""coefficient"":-1,""condition"":""F2-T0R0""},{""coefficient"":1,""condition"":""F2-T1R0""}]",ab_forward/answer_mean,0.058368682861328125,0.002685546875,positive,False,primary,2
ECD-541-F2-topic_at_R0,541,topic_at_R0,"[{""coefficient"":-1,""condition"":""F2-T0R0""},{""coefficient"":1,""condition"":""F2-T1R0""}]",ab_forward/total_with_eos,0.11673736572265625,0.002685546875,positive,False,primary,2
ECD-541-F2-topic_at_R0,541,topic_at_R0,"[{""coefficient"":-1,""condition"":""F2-T0R0""},{""coefficient"":1,""condition"":""F2-T1R0""}]",ab_forward/mean_with_eos,0.03891245524088571,0.002685546875,positive,False,primary,2
ECD-541-F2-topic_at_R0,541,topic_at_R0,"[{""coefficient"":-1,""condition"":""F2-T0R0""},{""coefficient"":1,""condition"":""F2-T1R0""}]",ab_reverse/answer_sum,0.037982940673828125,0.002685546875,positive,False,primary,2
ECD-541-F2-topic_at_R0,541,topic_at_R0,"[{""coefficient"":-1,""condition"":""F2-T0R0""},{""coefficient"":1,""condition"":""F2-T1R0""}]",ab_reverse/answer_mean,0.018991470336914062,0.002685546875,positive,False,primary,2
ECD-541-F2-topic_at_R0,541,topic_at_R0,"[{""coefficient"":-1,""condition"":""F2-T0R0""},{""coefficient"":1,""condition"":""F2-T1R0""}]",ab_reverse/total_with_eos,0.037982940673828125,0.002685546875,positive,False,primary,2
ECD-541-F2-topic_at_R0,541,topic_at_R0,"[{""coefficient"":-1,""condition"":""F2-T0R0""},{""coefficient"":1,""condition"":""F2-T1R0""}]",ab_reverse/mean_with_eos,0.012660980224609375,0.002685546875,positive,False,primary,2
ECD-541-F2-topic_at_R0,541,topic_at_R0,"[{""coefficient"":-1,""condition"":""F2-T0R0""},{""coefficient"":1,""condition"":""F2-T1R0""}]",ncc,0.1619375807252026,0.00537109375,positive,False,primary,2
ECD-541-F2-topic_at_R0,541,topic_at_R0,"[{""coefficient"":-1,""condition"":""F2-T0R0""},{""coefficient"":1,""condition"":""F2-T1R0""}]",background,-0.1788504225220775,0.002685546875,negative,False,primary,2
ECD-541-F2-topic_at_R0,541,topic_at_R0,"[{""coefficient"":-1,""condition"":""F2-T0R0""},{""coefficient"":1,""condition"":""F2-T1R0""}]",ab_symmetric_sum,0.07736015319824219,0.002685546875,positive,False,primary,2
ECD-541-F2-topic_at_R0,541,topic_at_R0,"[{""coefficient"":-1,""condition"":""F2-T0R0""},{""coefficient"":1,""condition"":""F2-T1R0""}]",ab_mapping_gap_sum,0.07875442504882812,0.00537109375,positive,False,primary,2
ECD-541-F2-topic_at_R1,541,topic_at_R1,"[{""coefficient"":-1,""condition"":""F2-T0R1""},{""coefficient"":1,""condition"":""F2-T1R1""}]",original/answer_sum,-0.26457977294921875,0.002685546875,negative,False,primary,2
ECD-541-F2-topic_at_R1,541,topic_at_R1,"[{""coefficient"":-1,""condition"":""F2-T0R1""},{""coefficient"":1,""condition"":""F2-T1R1""}]",original/answer_mean,-0.06357523600260412,0.002685546875,negative,False,primary,2
ECD-541-F2-topic_at_R1,541,topic_at_R1,"[{""coefficient"":-1,""condition"":""F2-T0R1""},{""coefficient"":1,""condition"":""F2-T1R1""}]",original/total_with_eos,-0.26457977294921875,0.002685546875,negative,False,primary,2
ECD-541-F2-topic_at_R1,541,topic_at_R1,"[{""coefficient"":-1,""condition"":""F2-T0R1""},{""coefficient"":1,""condition"":""F2-T1R1""}]",original/mean_with_eos,-0.050758679707845006,0.002685546875,negative,False,primary,2
ECD-541-F2-topic_at_R1,541,topic_at_R1,"[{""coefficient"":-1,""condition"":""F2-T0R1""},{""coefficient"":1,""condition"":""F2-T1R1""}]",ab_forward/answer_sum,0.09656524658203125,0.002685546875,positive,False,primary,2
ECD-541-F2-topic_at_R1,541,topic_at_R1,"[{""coefficient"":-1,""condition"":""F2-T0R1""},{""coefficient"":1,""condition"":""F2-T1R1""}]",ab_forward/answer_mean,0.048282623291015625,0.002685546875,positive,False,primary,2
ECD-541-F2-topic_at_R1,541,topic_at_R1,"[{""coefficient"":-1,""condition"":""F2-T0R1""},{""coefficient"":1,""condition"":""F2-T1R1""}]",ab_forward/total_with_eos,0.09656524658203125,0.002685546875,positive,False,primary,2
ECD-541-F2-topic_at_R1,541,topic_at_R1,"[{""coefficient"":-1,""condition"":""F2-T0R1""},{""coefficient"":1,""condition"":""F2-T1R1""}]",ab_forward/mean_with_eos,0.03218841552734375,0.002685546875,positive,False,primary,2
ECD-541-F2-topic_at_R1,541,topic_at_R1,"[{""coefficient"":-1,""condition"":""F2-T0R1""},{""coefficient"":1,""condition"":""F2-T1R1""}]",ab_reverse/answer_sum,-0.23732757568359375,0.002685546875,negative,False,primary,2
ECD-541-F2-topic_at_R1,541,topic_at_R1,"[{""coefficient"":-1,""condition"":""F2-T0R1""},{""coefficient"":1,""condition"":""F2-T1R1""}]",ab_reverse/answer_mean,-0.11866378784179688,0.002685546875,negative,False,primary,2
ECD-541-F2-topic_at_R1,541,topic_at_R1,"[{""coefficient"":-1,""condition"":""F2-T0R1""},{""coefficient"":1,""condition"":""F2-T1R1""}]",ab_reverse/total_with_eos,-0.23732757568359375,0.002685546875,negative,False,primary,2
ECD-541-F2-topic_at_R1,541,topic_at_R1,"[{""coefficient"":-1,""condition"":""F2-T0R1""},{""coefficient"":1,""condition"":""F2-T1R1""}]",ab_reverse/mean_with_eos,-0.0791091918945313,0.002685546875,negative,False,primary,2
ECD-541-F2-topic_at_R1,541,topic_at_R1,"[{""coefficient"":-1,""condition"":""F2-T0R1""},{""coefficient"":1,""condition"":""F2-T1R1""}]",ncc,0.075968486033275,0.00537109375,positive,False,primary,2
ECD-541-F2-topic_at_R1,541,topic_at_R1,"[{""coefficient"":-1,""condition"":""F2-T0R1""},{""coefficient"":1,""condition"":""F2-T1R1""}]",background,-0.13954372203587928,0.002685546875,negative,False,primary,2
ECD-541-F2-topic_at_R1,541,topic_at_R1,"[{""coefficient"":-1,""condition"":""F2-T0R1""},{""coefficient"":1,""condition"":""F2-T1R1""}]",ab_symmetric_sum,-0.07038116455078125,0.002685546875,negative,False,primary,2
ECD-541-F2-topic_at_R1,541,topic_at_R1,"[{""coefficient"":-1,""condition"":""F2-T0R1""},{""coefficient"":1,""condition"":""F2-T1R1""}]",ab_mapping_gap_sum,0.333892822265625,0.00537109375,positive,False,primary,2
ECD-541-F2-topic_rule_interaction,541,topic_rule_interaction,"[{""coefficient"":1,""condition"":""F2-T0R0""},{""coefficient"":-1,""condition"":""F2-T0R1""},{""coefficient"":-1,""condition"":""F2-T1R0""},{""coefficient"":1,""condition"":""F2-T1R1""}]",original/answer_sum,-0.1867523193359375,0.00537109375,negative,False,primary,2
ECD-541-F2-topic_rule_interaction,541,topic_rule_interaction,"[{""coefficient"":1,""condition"":""F2-T0R0""},{""coefficient"":-1,""condition"":""F2-T0R1""},{""coefficient"":-1,""condition"":""F2-T1R0""},{""coefficient"":1,""condition"":""F2-T1R1""}]",original/answer_mean,-0.046662394205729096,0.00537109375,negative,False,primary,2
ECD-541-F2-topic_rule_interaction,541,topic_rule_interaction,"[{""coefficient"":1,""condition"":""F2-T0R0""},{""coefficient"":-1,""condition"":""F2-T0R1""},{""coefficient"":-1,""condition"":""F2-T1R0""},{""coefficient"":1,""condition"":""F2-T1R1""}]",original/total_with_eos,-0.1867523193359375,0.00537109375,negative,False,primary,2
ECD-541-F2-topic_rule_interaction,541,topic_rule_interaction,"[{""coefficient"":1,""condition"":""F2-T0R0""},{""coefficient"":-1,""condition"":""F2-T0R1""},{""coefficient"":-1,""condition"":""F2-T1R0""},{""coefficient"":1,""condition"":""F2-T1R1""}]",original/mean_with_eos,-0.03694534301757815,0.00537109375,negative,False,primary,2
ECD-541-F2-topic_rule_interaction,541,topic_rule_interaction,"[{""coefficient"":1,""condition"":""F2-T0R0""},{""coefficient"":-1,""condition"":""F2-T0R1""},{""coefficient"":-1,""condition"":""F2-T1R0""},{""coefficient"":1,""condition"":""F2-T1R1""}]",ab_forward/answer_sum,-0.020172119140625,0.00537109375,negative,False,primary,2
ECD-541-F2-topic_rule_interaction,541,topic_rule_interaction,"[{""coefficient"":1,""condition"":""F2-T0R0""},{""coefficient"":-1,""condition"":""F2-T0R1""},{""coefficient"":-1,""condition"":""F2-T1R0""},{""coefficient"":1,""condition"":""F2-T1R1""}]",ab_forward/answer_mean,-0.0100860595703125,0.00537109375,negative,False,primary,2
ECD-541-F2-topic_rule_interaction,541,topic_rule_interaction,"[{""coefficient"":1,""condition"":""F2-T0R0""},{""coefficient"":-1,""condition"":""F2-T0R1""},{""coefficient"":-1,""condition"":""F2-T1R0""},{""coefficient"":1,""condition"":""F2-T1R1""}]",ab_forward/total_with_eos,-0.020172119140625,0.00537109375,negative,False,primary,2
ECD-541-F2-topic_rule_interaction,541,topic_rule_interaction,"[{""coefficient"":1,""condition"":""F2-T0R0""},{""coefficient"":-1,""condition"":""F2-T0R1""},{""coefficient"":-1,""condition"":""F2-T1R0""},{""coefficient"":1,""condition"":""F2-T1R1""}]",ab_forward/mean_with_eos,-0.006724039713541963,0.00537109375,negative,False,primary,2
ECD-541-F2-topic_rule_interaction,541,topic_rule_interaction,"[{""coefficient"":1,""condition"":""F2-T0R0""},{""coefficient"":-1,""condition"":""F2-T0R1""},{""coefficient"":-1,""condition"":""F2-T1R0""},{""coefficient"":1,""condition"":""F2-T1R1""}]",ab_reverse/answer_sum,-0.2753105163574219,0.00537109375,negative,False,primary,2
ECD-541-F2-topic_rule_interaction,541,topic_rule_interaction,"[{""coefficient"":1,""condition"":""F2-T0R0""},{""coefficient"":-1,""condition"":""F2-T0R1""},{""coefficient"":-1,""condition"":""F2-T1R0""},{""coefficient"":1,""condition"":""F2-T1R1""}]",ab_reverse/answer_mean,-0.13765525817871094,0.00537109375,negative,False,primary,2
ECD-541-F2-topic_rule_interaction,541,topic_rule_interaction,"[{""coefficient"":1,""condition"":""F2-T0R0""},{""coefficient"":-1,""condition"":""F2-T0R1""},{""coefficient"":-1,""condition"":""F2-T1R0""},{""coefficient"":1,""condition"":""F2-T1R1""}]",ab_reverse/total_with_eos,-0.2753105163574219,0.00537109375,negative,False,primary,2
ECD-541-F2-topic_rule_interaction,541,topic_rule_interaction,"[{""coefficient"":1,""condition"":""F2-T0R0""},{""coefficient"":-1,""condition"":""F2-T0R1""},{""coefficient"":-1,""condition"":""F2-T1R0""},{""coefficient"":1,""condition"":""F2-T1R1""}]",ab_reverse/mean_with_eos,-0.09177017211914068,0.00537109375,negative,False,primary,2
ECD-541-F2-topic_rule_interaction,541,topic_rule_interaction,"[{""coefficient"":1,""condition"":""F2-T0R0""},{""coefficient"":-1,""condition"":""F2-T0R1""},{""coefficient"":-1,""condition"":""F2-T1R0""},{""coefficient"":1,""condition"":""F2-T1R1""}]",ncc,-0.0859690946919276,0.0107421875,negative,False,primary,2
ECD-541-F2-topic_rule_interaction,541,topic_rule_interaction,"[{""coefficient"":1,""condition"":""F2-T0R0""},{""coefficient"":-1,""condition"":""F2-T0R1""},{""coefficient"":-1,""condition"":""F2-T1R0""},{""coefficient"":1,""condition"":""F2-T1R1""}]",background,0.03930670048619822,0.00537109375,positive,False,primary,2
ECD-541-F2-topic_rule_interaction,541,topic_rule_interaction,"[{""coefficient"":1,""condition"":""F2-T0R0""},{""coefficient"":-1,""condition"":""F2-T0R1""},{""coefficient"":-1,""condition"":""F2-T1R0""},{""coefficient"":1,""condition"":""F2-T1R1""}]",ab_symmetric_sum,-0.14774131774902344,0.00537109375,negative,False,primary,2
ECD-541-F2-topic_rule_interaction,541,topic_rule_interaction,"[{""coefficient"":1,""condition"":""F2-T0R0""},{""coefficient"":-1,""condition"":""F2-T0R1""},{""coefficient"":-1,""condition"":""F2-T1R0""},{""coefficient"":1,""condition"":""F2-T1R1""}]",ab_mapping_gap_sum,0.2551383972167969,0.0107421875,positive,False,primary,2
ECD-541-F2-original_bridge,541,original_bridge,"[{""coefficient"":1,""condition"":""F2-T1R1""},{""coefficient"":-1,""condition"":""R-A""}]",original/answer_sum,-0.141387939453125,0.002685546875,negative,False,bridge,2
ECD-541-F2-original_bridge,541,original_bridge,"[{""coefficient"":1,""condition"":""F2-T1R1""},{""coefficient"":-1,""condition"":""R-A""}]",original/answer_mean,-0.00905659993489577,0.002685546875,negative,False,bridge,2
ECD-541-F2-original_bridge,541,original_bridge,"[{""coefficient"":1,""condition"":""F2-T1R1""},{""coefficient"":-1,""condition"":""R-A""}]",original/total_with_eos,-0.141387939453125,0.002685546875,negative,False,bridge,2
ECD-541-F2-original_bridge,541,original_bridge,"[{""coefficient"":1,""condition"":""F2-T1R1""},{""coefficient"":-1,""condition"":""R-A""}]",original/mean_with_eos,-0.011551539103190095,0.002685546875,negative,False,bridge,2
ECD-541-F2-original_bridge,541,original_bridge,"[{""coefficient"":1,""condition"":""F2-T1R1""},{""coefficient"":-1,""condition"":""R-A""}]",ab_forward/answer_sum,-0.9009437561035156,0.002685546875,negative,False,bridge,2
ECD-541-F2-original_bridge,541,original_bridge,"[{""coefficient"":1,""condition"":""F2-T1R1""},{""coefficient"":-1,""condition"":""R-A""}]",ab_forward/answer_mean,-0.4504718780517578,0.002685546875,negative,False,bridge,2
ECD-541-F2-original_bridge,541,original_bridge,"[{""coefficient"":1,""condition"":""F2-T1R1""},{""coefficient"":-1,""condition"":""R-A""}]",ab_forward/total_with_eos,-0.9009437561035156,0.002685546875,negative,False,bridge,2
ECD-541-F2-original_bridge,541,original_bridge,"[{""coefficient"":1,""condition"":""F2-T1R1""},{""coefficient"":-1,""condition"":""R-A""}]",ab_forward/mean_with_eos,-0.3003145853678384,0.002685546875,negative,False,bridge,2
ECD-541-F2-original_bridge,541,original_bridge,"[{""coefficient"":1,""condition"":""F2-T1R1""},{""coefficient"":-1,""condition"":""R-A""}]",ab_reverse/answer_sum,-1.4432754516601562,0.002685546875,negative,False,bridge,2
ECD-541-F2-original_bridge,541,original_bridge,"[{""coefficient"":1,""condition"":""F2-T1R1""},{""coefficient"":-1,""condition"":""R-A""}]",ab_reverse/answer_mean,-0.7216377258300781,0.002685546875,negative,False,bridge,2
ECD-541-F2-original_bridge,541,original_bridge,"[{""coefficient"":1,""condition"":""F2-T1R1""},{""coefficient"":-1,""condition"":""R-A""}]",ab_reverse/total_with_eos,-1.4432754516601562,0.002685546875,negative,False,bridge,2
ECD-541-F2-original_bridge,541,original_bridge,"[{""coefficient"":1,""condition"":""F2-T1R1""},{""coefficient"":-1,""condition"":""R-A""}]",ab_reverse/mean_with_eos,-0.4810918172200522,0.002685546875,negative,False,bridge,2
ECD-541-F2-original_bridge,541,original_bridge,"[{""coefficient"":1,""condition"":""F2-T1R1""},{""coefficient"":-1,""condition"":""R-A""}]",ncc,-0.24144795042769518,0.00537109375,negative,False,bridge,2
ECD-541-F2-original_bridge,541,original_bridge,"[{""coefficient"":1,""condition"":""F2-T1R1""},{""coefficient"":-1,""condition"":""R-A""}]",background,0.23239135049279946,0.002685546875,positive,False,bridge,2
ECD-541-F2-original_bridge,541,original_bridge,"[{""coefficient"":1,""condition"":""F2-T1R1""},{""coefficient"":-1,""condition"":""R-A""}]",ab_symmetric_sum,-1.172109603881836,0.002685546875,negative,False,bridge,2
ECD-541-F2-original_bridge,541,original_bridge,"[{""coefficient"":1,""condition"":""F2-T1R1""},{""coefficient"":-1,""condition"":""R-A""}]",ab_mapping_gap_sum,0.5423316955566406,0.00537109375,positive,False,bridge,2
ECD-541-F2-D_bridge,541,D_bridge,"[{""coefficient"":1,""condition"":""F2-T1R1""},{""coefficient"":-1,""condition"":""R-D2""}]",original/answer_sum,0.14327239990234375,0.002685546875,positive,False,bridge,2
ECD-541-F2-D_bridge,541,D_bridge,"[{""coefficient"":1,""condition"":""F2-T1R1""},{""coefficient"":-1,""condition"":""R-D2""}]",original/answer_mean,0.05829213460286459,0.002685546875,positive,False,bridge,2
ECD-541-F2-D_bridge,541,D_bridge,"[{""coefficient"":1,""condition"":""F2-T1R1""},{""coefficient"":-1,""condition"":""R-D2""}]",original/total_with_eos,0.14327239990234375,0.002685546875,positive,False,bridge,2
ECD-541-F2-D_bridge,541,D_bridge,"[{""coefficient"":1,""condition"":""F2-T1R1""},{""coefficient"":-1,""condition"":""R-D2""}]",original/mean_with_eos,0.04240226745605469,0.002685546875,positive,False,bridge,2
ECD-541-F2-D_bridge,541,D_bridge,"[{""coefficient"":1,""condition"":""F2-T1R1""},{""coefficient"":-1,""condition"":""R-D2""}]",ab_forward/answer_sum,-0.5429954528808594,0.002685546875,negative,False,bridge,2
ECD-541-F2-D_bridge,541,D_bridge,"[{""coefficient"":1,""condition"":""F2-T1R1""},{""coefficient"":-1,""condition"":""R-D2""}]",ab_forward/answer_mean,-0.2714977264404297,0.002685546875,negative,False,bridge,2
ECD-541-F2-D_bridge,541,D_bridge,"[{""coefficient"":1,""condition"":""F2-T1R1""},{""coefficient"":-1,""condition"":""R-D2""}]",ab_forward/total_with_eos,-0.5429954528808594,0.002685546875,negative,False,bridge,2
ECD-541-F2-D_bridge,541,D_bridge,"[{""coefficient"":1,""condition"":""F2-T1R1""},{""coefficient"":-1,""condition"":""R-D2""}]",ab_forward/mean_with_eos,-0.1809984842936201,0.002685546875,negative,False,bridge,2
ECD-541-F2-D_bridge,541,D_bridge,"[{""coefficient"":1,""condition"":""F2-T1R1""},{""coefficient"":-1,""condition"":""R-D2""}]",ab_reverse/answer_sum,-1.2338943481445312,0.002685546875,negative,False,bridge,2
ECD-541-F2-D_bridge,541,D_bridge,"[{""coefficient"":1,""condition"":""F2-T1R1""},{""coefficient"":-1,""condition"":""R-D2""}]",ab_reverse/answer_mean,-0.6169471740722656,0.002685546875,negative,False,bridge,2
ECD-541-F2-D_bridge,541,D_bridge,"[{""coefficient"":1,""condition"":""F2-T1R1""},{""coefficient"":-1,""condition"":""R-D2""}]",ab_reverse/total_with_eos,-1.2338943481445312,0.002685546875,negative,False,bridge,2
ECD-541-F2-D_bridge,541,D_bridge,"[{""coefficient"":1,""condition"":""F2-T1R1""},{""coefficient"":-1,""condition"":""R-D2""}]",ab_reverse/mean_with_eos,-0.4112981160481772,0.002685546875,negative,False,bridge,2
ECD-541-F2-D_bridge,541,D_bridge,"[{""coefficient"":1,""condition"":""F2-T1R1""},{""coefficient"":-1,""condition"":""R-D2""}]",ncc,-0.34246402104869933,0.00537109375,negative,False,bridge,2
ECD-541-F2-D_bridge,541,D_bridge,"[{""coefficient"":1,""condition"":""F2-T1R1""},{""coefficient"":-1,""condition"":""R-D2""}]",background,0.40075615565156397,0.002685546875,positive,False,bridge,2
ECD-541-F2-D_bridge,541,D_bridge,"[{""coefficient"":1,""condition"":""F2-T1R1""},{""coefficient"":-1,""condition"":""R-D2""}]",ab_symmetric_sum,-0.8884449005126953,0.002685546875,negative,False,bridge,2
ECD-541-F2-D_bridge,541,D_bridge,"[{""coefficient"":1,""condition"":""F2-T1R1""},{""coefficient"":-1,""condition"":""R-D2""}]",ab_mapping_gap_sum,0.6908988952636719,0.00537109375,positive,False,bridge,2
ECD-541-F2-C_bridge,541,C_bridge,"[{""coefficient"":1,""condition"":""F2-T0R0""},{""coefficient"":-1,""condition"":""R-C2""}]",original/answer_sum,0.397216796875,0.002685546875,positive,False,bridge,2
ECD-541-F2-C_bridge,541,C_bridge,"[{""coefficient"":1,""condition"":""F2-T0R0""},{""coefficient"":-1,""condition"":""R-C2""}]",original/answer_mean,0.07962799072265625,0.002685546875,positive,False,bridge,2
ECD-541-F2-C_bridge,541,C_bridge,"[{""coefficient"":1,""condition"":""F2-T0R0""},{""coefficient"":-1,""condition"":""R-C2""}]",original/total_with_eos,0.397216796875,0.002685546875,positive,False,bridge,2
ECD-541-F2-C_bridge,541,C_bridge,"[{""coefficient"":1,""condition"":""F2-T0R0""},{""coefficient"":-1,""condition"":""R-C2""}]",original/mean_with_eos,0.06631819407145179,0.002685546875,positive,False,bridge,2
ECD-541-F2-C_bridge,541,C_bridge,"[{""coefficient"":1,""condition"":""F2-T0R0""},{""coefficient"":-1,""condition"":""R-C2""}]",ab_forward/answer_sum,0.6504249572753906,0.002685546875,positive,False,bridge,2
ECD-541-F2-C_bridge,541,C_bridge,"[{""coefficient"":1,""condition"":""F2-T0R0""},{""coefficient"":-1,""condition"":""R-C2""}]",ab_forward/answer_mean,0.3252124786376953,0.002685546875,positive,False,bridge,2
ECD-541-F2-C_bridge,541,C_bridge,"[{""coefficient"":1,""condition"":""F2-T0R0""},{""coefficient"":-1,""condition"":""R-C2""}]",ab_forward/total_with_eos,0.6504249572753906,0.002685546875,positive,False,bridge,2
ECD-541-F2-C_bridge,541,C_bridge,"[{""coefficient"":1,""condition"":""F2-T0R0""},{""coefficient"":-1,""condition"":""R-C2""}]",ab_forward/mean_with_eos,0.21680831909179688,0.002685546875,positive,False,bridge,2
ECD-541-F2-C_bridge,541,C_bridge,"[{""coefficient"":1,""condition"":""F2-T0R0""},{""coefficient"":-1,""condition"":""R-C2""}]",ab_reverse/answer_sum,0.578521728515625,0.002685546875,positive,False,bridge,2
ECD-541-F2-C_bridge,541,C_bridge,"[{""coefficient"":1,""condition"":""F2-T0R0""},{""coefficient"":-1,""condition"":""R-C2""}]",ab_reverse/answer_mean,0.2892608642578125,0.002685546875,positive,False,bridge,2
ECD-541-F2-C_bridge,541,C_bridge,"[{""coefficient"":1,""condition"":""F2-T0R0""},{""coefficient"":-1,""condition"":""R-C2""}]",ab_reverse/total_with_eos,0.578521728515625,0.002685546875,positive,False,bridge,2
ECD-541-F2-C_bridge,541,C_bridge,"[{""coefficient"":1,""condition"":""F2-T0R0""},{""coefficient"":-1,""condition"":""R-C2""}]",ab_reverse/mean_with_eos,0.19284057617187494,0.002685546875,positive,False,bridge,2
ECD-541-F2-C_bridge,541,C_bridge,"[{""coefficient"":1,""condition"":""F2-T0R0""},{""coefficient"":-1,""condition"":""R-C2""}]",ncc,0.4257358735282022,0.00537109375,positive,False,bridge,2
ECD-541-F2-C_bridge,541,C_bridge,"[{""coefficient"":1,""condition"":""F2-T0R0""},{""coefficient"":-1,""condition"":""R-C2""}]",background,-0.34610788280554594,0.002685546875,negative,False,bridge,2
ECD-541-F2-C_bridge,541,C_bridge,"[{""coefficient"":1,""condition"":""F2-T0R0""},{""coefficient"":-1,""condition"":""R-C2""}]",ab_symmetric_sum,0.6144733428955078,0.002685546875,positive,False,bridge,2
ECD-541-F2-C_bridge,541,C_bridge,"[{""coefficient"":1,""condition"":""F2-T0R0""},{""coefficient"":-1,""condition"":""R-C2""}]",ab_mapping_gap_sum,0.07190322875976562,0.00537109375,positive,False,bridge,2
ECD-541-F2-historical_D_minus_C,541,historical_D_minus_C,"[{""coefficient"":1,""condition"":""R-D2""},{""coefficient"":-1,""condition"":""R-C2""}]",original/answer_sum,0.0034027099609375,0.002685546875,positive,False,historical_anchor,2
ECD-541-F2-historical_D_minus_C,541,historical_D_minus_C,"[{""coefficient"":1,""condition"":""R-D2""},{""coefficient"":-1,""condition"":""R-C2""}]",original/answer_mean,-0.03871053059895835,0.002685546875,negative,False,historical_anchor,2
ECD-541-F2-historical_D_minus_C,541,historical_D_minus_C,"[{""coefficient"":1,""condition"":""R-D2""},{""coefficient"":-1,""condition"":""R-C2""}]",original/total_with_eos,0.0034027099609375,0.002685546875,positive,False,historical_anchor,2
ECD-541-F2-historical_D_minus_C,541,historical_D_minus_C,"[{""coefficient"":1,""condition"":""R-D2""},{""coefficient"":-1,""condition"":""R-C2""}]",original/mean_with_eos,-0.02405230204264322,0.002685546875,negative,False,historical_anchor,2
ECD-541-F2-historical_D_minus_C,541,historical_D_minus_C,"[{""coefficient"":1,""condition"":""R-D2""},{""coefficient"":-1,""condition"":""R-C2""}]",ab_forward/answer_sum,0.9618721008300781,0.002685546875,positive,False,historical_anchor,2
ECD-541-F2-historical_D_minus_C,541,historical_D_minus_C,"[{""coefficient"":1,""condition"":""R-D2""},{""coefficient"":-1,""condition"":""R-C2""}]",ab_forward/answer_mean,0.48093605041503906,0.002685546875,positive,False,historical_anchor,2
ECD-541-F2-historical_D_minus_C,541,historical_D_minus_C,"[{""coefficient"":1,""condition"":""R-D2""},{""coefficient"":-1,""condition"":""R-C2""}]",ab_forward/total_with_eos,0.9618721008300781,0.002685546875,positive,False,historical_anchor,2
ECD-541-F2-historical_D_minus_C,541,historical_D_minus_C,"[{""coefficient"":1,""condition"":""R-D2""},{""coefficient"":-1,""condition"":""R-C2""}]",ab_forward/mean_with_eos,0.32062403361002634,0.002685546875,positive,False,historical_anchor,2
ECD-541-F2-historical_D_minus_C,541,historical_D_minus_C,"[{""coefficient"":1,""condition"":""R-D2""},{""coefficient"":-1,""condition"":""R-C2""}]",ab_reverse/answer_sum,1.2255973815917969,0.002685546875,positive,False,historical_anchor,2
ECD-541-F2-historical_D_minus_C,541,historical_D_minus_C,"[{""coefficient"":1,""condition"":""R-D2""},{""coefficient"":-1,""condition"":""R-C2""}]",ab_reverse/answer_mean,0.6127986907958984,0.002685546875,positive,False,historical_anchor,2
ECD-541-F2-historical_D_minus_C,541,historical_D_minus_C,"[{""coefficient"":1,""condition"":""R-D2""},{""coefficient"":-1,""condition"":""R-C2""}]",ab_reverse/total_with_eos,1.2255973815917969,0.002685546875,positive,False,historical_anchor,2
ECD-541-F2-historical_D_minus_C,541,historical_D_minus_C,"[{""coefficient"":1,""condition"":""R-D2""},{""coefficient"":-1,""condition"":""R-C2""}]",ab_reverse/mean_with_eos,0.40853246053059894,0.002685546875,positive,False,historical_anchor,2
ECD-541-F2-historical_D_minus_C,541,historical_D_minus_C,"[{""coefficient"":1,""condition"":""R-D2""},{""coefficient"":-1,""condition"":""R-C2""}]",ncc,1.1116130898152448,0.00537109375,positive,False,historical_anchor,2
ECD-541-F2-historical_D_minus_C,541,historical_D_minus_C,"[{""coefficient"":1,""condition"":""R-D2""},{""coefficient"":-1,""condition"":""R-C2""}]",background,-1.1503236204142033,0.002685546875,negative,False,historical_anchor,2
ECD-541-F2-historical_D_minus_C,541,historical_D_minus_C,"[{""coefficient"":1,""condition"":""R-D2""},{""coefficient"":-1,""condition"":""R-C2""}]",ab_symmetric_sum,1.0937347412109375,0.002685546875,positive,False,historical_anchor,2
ECD-541-F2-historical_D_minus_C,541,historical_D_minus_C,"[{""coefficient"":1,""condition"":""R-D2""},{""coefficient"":-1,""condition"":""R-C2""}]",ab_mapping_gap_sum,-0.26372528076171875,0.00537109375,negative,False,historical_anchor,2
ECD-3169-F1-group_designation_substitution,3169,group_designation_substitution,"[{""coefficient"":-1,""condition"":""F1-G_E""},{""coefficient"":1,""condition"":""F1-G_H""}]",original/answer_sum,-1.7325973510742188,0.002685546875,negative,False,primary,1
ECD-3169-F1-group_designation_substitution,3169,group_designation_substitution,"[{""coefficient"":-1,""condition"":""F1-G_E""},{""coefficient"":1,""condition"":""F1-G_H""}]",original/answer_mean,-0.35133260091145835,0.002685546875,negative,False,primary,1
ECD-3169-F1-group_designation_substitution,3169,group_designation_substitution,"[{""coefficient"":-1,""condition"":""F1-G_E""},{""coefficient"":1,""condition"":""F1-G_H""}]",original/total_with_eos,-1.7325973510742188,0.002685546875,negative,False,primary,1
ECD-3169-F1-group_designation_substitution,3169,group_designation_substitution,"[{""coefficient"":-1,""condition"":""F1-G_E""},{""coefficient"":1,""condition"":""F1-G_H""}]",original/mean_with_eos,-0.29177443186442054,0.002685546875,negative,False,primary,1
ECD-3169-F1-group_designation_substitution,3169,group_designation_substitution,"[{""coefficient"":-1,""condition"":""F1-G_E""},{""coefficient"":1,""condition"":""F1-G_H""}]",ab_forward/answer_sum,-4.129207611083984,0.002685546875,negative,False,primary,1
ECD-3169-F1-group_designation_substitution,3169,group_designation_substitution,"[{""coefficient"":-1,""condition"":""F1-G_E""},{""coefficient"":1,""condition"":""F1-G_H""}]",ab_forward/answer_mean,-2.064603805541992,0.002685546875,negative,False,primary,1
ECD-3169-F1-group_designation_substitution,3169,group_designation_substitution,"[{""coefficient"":-1,""condition"":""F1-G_E""},{""coefficient"":1,""condition"":""F1-G_H""}]",ab_forward/total_with_eos,-4.129207611083984,0.002685546875,negative,False,primary,1
ECD-3169-F1-group_designation_substitution,3169,group_designation_substitution,"[{""coefficient"":-1,""condition"":""F1-G_E""},{""coefficient"":1,""condition"":""F1-G_H""}]",ab_forward/mean_with_eos,-1.376402537027995,0.002685546875,negative,False,primary,1
ECD-3169-F1-group_designation_substitution,3169,group_designation_substitution,"[{""coefficient"":-1,""condition"":""F1-G_E""},{""coefficient"":1,""condition"":""F1-G_H""}]",ab_reverse/answer_sum,-3.540447235107422,0.002685546875,negative,False,primary,1
ECD-3169-F1-group_designation_substitution,3169,group_designation_substitution,"[{""coefficient"":-1,""condition"":""F1-G_E""},{""coefficient"":1,""condition"":""F1-G_H""}]",ab_reverse/answer_mean,-1.770223617553711,0.002685546875,negative,False,primary,1
ECD-3169-F1-group_designation_substitution,3169,group_designation_substitution,"[{""coefficient"":-1,""condition"":""F1-G_E""},{""coefficient"":1,""condition"":""F1-G_H""}]",ab_reverse/total_with_eos,-3.540447235107422,0.002685546875,negative,False,primary,1
ECD-3169-F1-group_designation_substitution,3169,group_designation_substitution,"[{""coefficient"":-1,""condition"":""F1-G_E""},{""coefficient"":1,""condition"":""F1-G_H""}]",ab_reverse/mean_with_eos,-1.1801490783691406,0.002685546875,negative,False,primary,1
ECD-3169-F1-group_designation_substitution,3169,group_designation_substitution,"[{""coefficient"":-1,""condition"":""F1-G_E""},{""coefficient"":1,""condition"":""F1-G_H""}]",ncc,-0.3672283591983665,0.00537109375,negative,False,primary,1
ECD-3169-F1-group_designation_substitution,3169,group_designation_substitution,"[{""coefficient"":-1,""condition"":""F1-G_E""},{""coefficient"":1,""condition"":""F1-G_H""}]",background,0.015895758286908368,0.002685546875,positive,False,primary,1
ECD-3169-F1-group_designation_substitution,3169,group_designation_substitution,"[{""coefficient"":-1,""condition"":""F1-G_E""},{""coefficient"":1,""condition"":""F1-G_H""}]",ab_symmetric_sum,-3.834827423095703,0.002685546875,negative,False,primary,1
ECD-3169-F1-group_designation_substitution,3169,group_designation_substitution,"[{""coefficient"":-1,""condition"":""F1-G_E""},{""coefficient"":1,""condition"":""F1-G_H""}]",ab_mapping_gap_sum,-0.5887603759765625,0.00537109375,negative,False,primary,1
ECD-3169-F1-ordinary_laughter_form_substitution,3169,ordinary_laughter_form_substitution,"[{""coefficient"":1,""condition"":""F1-L_H""},{""coefficient"":-1,""condition"":""F1-L_O""}]",original/answer_sum,-0.6523323059082031,0.002685546875,negative,False,primary,1
ECD-3169-F1-ordinary_laughter_form_substitution,3169,ordinary_laughter_form_substitution,"[{""coefficient"":1,""condition"":""F1-L_H""},{""coefficient"":-1,""condition"":""F1-L_O""}]",original/answer_mean,-0.1627393086751302,0.002685546875,negative,False,primary,1
ECD-3169-F1-ordinary_laughter_form_substitution,3169,ordinary_laughter_form_substitution,"[{""coefficient"":1,""condition"":""F1-L_H""},{""coefficient"":-1,""condition"":""F1-L_O""}]",original/total_with_eos,-0.6523323059082031,0.002685546875,negative,False,primary,1
ECD-3169-F1-ordinary_laughter_form_substitution,3169,ordinary_laughter_form_substitution,"[{""coefficient"":1,""condition"":""F1-L_H""},{""coefficient"":-1,""condition"":""F1-L_O""}]",original/mean_with_eos,-0.1288925806681315,0.002685546875,negative,False,primary,1
ECD-3169-F1-ordinary_laughter_form_substitution,3169,ordinary_laughter_form_substitution,"[{""coefficient"":1,""condition"":""F1-L_H""},{""coefficient"":-1,""condition"":""F1-L_O""}]",ab_forward/answer_sum,-2.9724693298339844,0.002685546875,negative,False,primary,1
ECD-3169-F1-ordinary_laughter_form_substitution,3169,ordinary_laughter_form_substitution,"[{""coefficient"":1,""condition"":""F1-L_H""},{""coefficient"":-1,""condition"":""F1-L_O""}]",ab_forward/answer_mean,-1.4862346649169922,0.002685546875,negative,False,primary,1
ECD-3169-F1-ordinary_laughter_form_substitution,3169,ordinary_laughter_form_substitution,"[{""coefficient"":1,""condition"":""F1-L_H""},{""coefficient"":-1,""condition"":""F1-L_O""}]",ab_forward/total_with_eos,-2.9724693298339844,0.002685546875,negative,False,primary,1
ECD-3169-F1-ordinary_laughter_form_substitution,3169,ordinary_laughter_form_substitution,"[{""coefficient"":1,""condition"":""F1-L_H""},{""coefficient"":-1,""condition"":""F1-L_O""}]",ab_forward/mean_with_eos,-0.9908231099446612,0.002685546875,negative,False,primary,1
ECD-3169-F1-ordinary_laughter_form_substitution,3169,ordinary_laughter_form_substitution,"[{""coefficient"":1,""condition"":""F1-L_H""},{""coefficient"":-1,""condition"":""F1-L_O""}]",ab_reverse/answer_sum,-2.047405242919922,0.002685546875,negative,False,primary,1
ECD-3169-F1-ordinary_laughter_form_substitution,3169,ordinary_laughter_form_substitution,"[{""coefficient"":1,""condition"":""F1-L_H""},{""coefficient"":-1,""condition"":""F1-L_O""}]",ab_reverse/answer_mean,-1.023702621459961,0.002685546875,negative,False,primary,1
ECD-3169-F1-ordinary_laughter_form_substitution,3169,ordinary_laughter_form_substitution,"[{""coefficient"":1,""condition"":""F1-L_H""},{""coefficient"":-1,""condition"":""F1-L_O""}]",ab_reverse/total_with_eos,-2.047405242919922,0.002685546875,negative,False,primary,1
ECD-3169-F1-ordinary_laughter_form_substitution,3169,ordinary_laughter_form_substitution,"[{""coefficient"":1,""condition"":""F1-L_H""},{""coefficient"":-1,""condition"":""F1-L_O""}]",ab_reverse/mean_with_eos,-0.6824684143066406,0.002685546875,negative,False,primary,1
ECD-3169-F1-ordinary_laughter_form_substitution,3169,ordinary_laughter_form_substitution,"[{""coefficient"":1,""condition"":""F1-L_H""},{""coefficient"":-1,""condition"":""F1-L_O""}]",ncc,-0.04233535846122294,0.00537109375,negative,False,primary,1
ECD-3169-F1-ordinary_laughter_form_substitution,3169,ordinary_laughter_form_substitution,"[{""coefficient"":1,""condition"":""F1-L_H""},{""coefficient"":-1,""condition"":""F1-L_O""}]",background,-0.12040395021390715,0.002685546875,negative,False,primary,1
ECD-3169-F1-ordinary_laughter_form_substitution,3169,ordinary_laughter_form_substitution,"[{""coefficient"":1,""condition"":""F1-L_H""},{""coefficient"":-1,""condition"":""F1-L_O""}]",ab_symmetric_sum,-2.509937286376953,0.002685546875,negative,False,primary,1
ECD-3169-F1-ordinary_laughter_form_substitution,3169,ordinary_laughter_form_substitution,"[{""coefficient"":1,""condition"":""F1-L_H""},{""coefficient"":-1,""condition"":""F1-L_O""}]",ab_mapping_gap_sum,-0.9250640869140625,0.00537109375,negative,False,primary,1
ECD-3169-F1-original_bridge,3169,original_bridge,"[{""coefficient"":1,""condition"":""F1-G_H""},{""coefficient"":-1,""condition"":""R-A""}]",original/answer_sum,-0.10500335693359375,0.002685546875,negative,False,bridge,1
ECD-3169-F1-original_bridge,3169,original_bridge,"[{""coefficient"":1,""condition"":""F1-G_H""},{""coefficient"":-1,""condition"":""R-A""}]",original/answer_mean,-0.021425374348958415,0.002685546875,negative,False,bridge,1
ECD-3169-F1-original_bridge,3169,original_bridge,"[{""coefficient"":1,""condition"":""F1-G_H""},{""coefficient"":-1,""condition"":""R-A""}]",original/total_with_eos,-0.10500335693359375,0.002685546875,negative,False,bridge,1
ECD-3169-F1-original_bridge,3169,original_bridge,"[{""coefficient"":1,""condition"":""F1-G_H""},{""coefficient"":-1,""condition"":""R-A""}]",original/mean_with_eos,-0.01776599884033203,0.002685546875,negative,False,bridge,1
ECD-3169-F1-original_bridge,3169,original_bridge,"[{""coefficient"":1,""condition"":""F1-G_H""},{""coefficient"":-1,""condition"":""R-A""}]",ab_forward/answer_sum,0.8458786010742188,0.002685546875,positive,False,bridge,1
ECD-3169-F1-original_bridge,3169,original_bridge,"[{""coefficient"":1,""condition"":""F1-G_H""},{""coefficient"":-1,""condition"":""R-A""}]",ab_forward/answer_mean,0.4229393005371094,0.002685546875,positive,False,bridge,1
ECD-3169-F1-original_bridge,3169,original_bridge,"[{""coefficient"":1,""condition"":""F1-G_H""},{""coefficient"":-1,""condition"":""R-A""}]",ab_forward/total_with_eos,0.8458786010742188,0.002685546875,positive,False,bridge,1
ECD-3169-F1-original_bridge,3169,original_bridge,"[{""coefficient"":1,""condition"":""F1-G_H""},{""coefficient"":-1,""condition"":""R-A""}]",ab_forward/mean_with_eos,0.28195953369140625,0.002685546875,positive,False,bridge,1
ECD-3169-F1-original_bridge,3169,original_bridge,"[{""coefficient"":1,""condition"":""F1-G_H""},{""coefficient"":-1,""condition"":""R-A""}]",ab_reverse/answer_sum,-0.10173797607421875,0.002685546875,negative,False,bridge,1
ECD-3169-F1-original_bridge,3169,original_bridge,"[{""coefficient"":1,""condition"":""F1-G_H""},{""coefficient"":-1,""condition"":""R-A""}]",ab_reverse/answer_mean,-0.050868988037109375,0.002685546875,negative,False,bridge,1
ECD-3169-F1-original_bridge,3169,original_bridge,"[{""coefficient"":1,""condition"":""F1-G_H""},{""coefficient"":-1,""condition"":""R-A""}]",ab_reverse/total_with_eos,-0.10173797607421875,0.002685546875,negative,False,bridge,1
ECD-3169-F1-original_bridge,3169,original_bridge,"[{""coefficient"":1,""condition"":""F1-G_H""},{""coefficient"":-1,""condition"":""R-A""}]",ab_reverse/mean_with_eos,-0.03391265869140625,0.002685546875,negative,False,bridge,1
ECD-3169-F1-original_bridge,3169,original_bridge,"[{""coefficient"":1,""condition"":""F1-G_H""},{""coefficient"":-1,""condition"":""R-A""}]",ncc,-0.10744724553843277,0.00537109375,negative,False,bridge,1
ECD-3169-F1-original_bridge,3169,original_bridge,"[{""coefficient"":1,""condition"":""F1-G_H""},{""coefficient"":-1,""condition"":""R-A""}]",background,0.08602187118947446,0.002685546875,positive,False,bridge,1
ECD-3169-F1-original_bridge,3169,original_bridge,"[{""coefficient"":1,""condition"":""F1-G_H""},{""coefficient"":-1,""condition"":""R-A""}]",ab_symmetric_sum,0.3720703125,0.002685546875,positive,False,bridge,1
ECD-3169-F1-original_bridge,3169,original_bridge,"[{""coefficient"":1,""condition"":""F1-G_H""},{""coefficient"":-1,""condition"":""R-A""}]",ab_mapping_gap_sum,0.9476165771484375,0.00537109375,positive,False,bridge,1
ECD-3169-F1-D_bridge,3169,D_bridge,"[{""coefficient"":1,""condition"":""F1-G_H""},{""coefficient"":-1,""condition"":""R-D1""}]",original/answer_sum,-0.5195884704589844,0.002685546875,negative,False,bridge,1
ECD-3169-F1-D_bridge,3169,D_bridge,"[{""coefficient"":1,""condition"":""F1-G_H""},{""coefficient"":-1,""condition"":""R-D1""}]",original/answer_mean,-0.10722681681315105,0.002685546875,negative,False,bridge,1
ECD-3169-F1-D_bridge,3169,D_bridge,"[{""coefficient"":1,""condition"":""F1-G_H""},{""coefficient"":-1,""condition"":""R-D1""}]",original/total_with_eos,-0.5195884704589844,0.002685546875,negative,False,bridge,1
ECD-3169-F1-D_bridge,3169,D_bridge,"[{""coefficient"":1,""condition"":""F1-G_H""},{""coefficient"":-1,""condition"":""R-D1""}]",original/mean_with_eos,-0.08866628011067701,0.002685546875,negative,False,bridge,1
ECD-3169-F1-D_bridge,3169,D_bridge,"[{""coefficient"":1,""condition"":""F1-G_H""},{""coefficient"":-1,""condition"":""R-D1""}]",ab_forward/answer_sum,0.12845230102539062,0.002685546875,positive,False,bridge,1
ECD-3169-F1-D_bridge,3169,D_bridge,"[{""coefficient"":1,""condition"":""F1-G_H""},{""coefficient"":-1,""condition"":""R-D1""}]",ab_forward/answer_mean,0.06422615051269531,0.002685546875,positive,False,bridge,1
ECD-3169-F1-D_bridge,3169,D_bridge,"[{""coefficient"":1,""condition"":""F1-G_H""},{""coefficient"":-1,""condition"":""R-D1""}]",ab_forward/total_with_eos,0.12845230102539062,0.002685546875,positive,False,bridge,1
ECD-3169-F1-D_bridge,3169,D_bridge,"[{""coefficient"":1,""condition"":""F1-G_H""},{""coefficient"":-1,""condition"":""R-D1""}]",ab_forward/mean_with_eos,0.0428174336751308,0.002685546875,positive,False,bridge,1
ECD-3169-F1-D_bridge,3169,D_bridge,"[{""coefficient"":1,""condition"":""F1-G_H""},{""coefficient"":-1,""condition"":""R-D1""}]",ab_reverse/answer_sum,-0.6974906921386719,0.002685546875,negative,False,bridge,1
ECD-3169-F1-D_bridge,3169,D_bridge,"[{""coefficient"":1,""condition"":""F1-G_H""},{""coefficient"":-1,""condition"":""R-D1""}]",ab_reverse/answer_mean,-0.34874534606933594,0.002685546875,negative,False,bridge,1
ECD-3169-F1-D_bridge,3169,D_bridge,"[{""coefficient"":1,""condition"":""F1-G_H""},{""coefficient"":-1,""condition"":""R-D1""}]",ab_reverse/total_with_eos,-0.6974906921386719,0.002685546875,negative,False,bridge,1
ECD-3169-F1-D_bridge,3169,D_bridge,"[{""coefficient"":1,""condition"":""F1-G_H""},{""coefficient"":-1,""condition"":""R-D1""}]",ab_reverse/mean_with_eos,-0.23249689737955725,0.002685546875,negative,False,bridge,1
ECD-3169-F1-D_bridge,3169,D_bridge,"[{""coefficient"":1,""condition"":""F1-G_H""},{""coefficient"":-1,""condition"":""R-D1""}]",ncc,-0.17043554698885233,0.00537109375,negative,False,bridge,1
ECD-3169-F1-D_bridge,3169,D_bridge,"[{""coefficient"":1,""condition"":""F1-G_H""},{""coefficient"":-1,""condition"":""R-D1""}]",background,0.06320873017570161,0.002685546875,positive,False,bridge,1
ECD-3169-F1-D_bridge,3169,D_bridge,"[{""coefficient"":1,""condition"":""F1-G_H""},{""coefficient"":-1,""condition"":""R-D1""}]",ab_symmetric_sum,-0.2845191955566406,0.002685546875,negative,False,bridge,1
ECD-3169-F1-D_bridge,3169,D_bridge,"[{""coefficient"":1,""condition"":""F1-G_H""},{""coefficient"":-1,""condition"":""R-D1""}]",ab_mapping_gap_sum,0.8259429931640625,0.00537109375,positive,False,bridge,1
ECD-3169-F1-C_bridge,3169,C_bridge,"[{""coefficient"":1,""condition"":""F1-L_H""},{""coefficient"":-1,""condition"":""R-C1""}]",original/answer_sum,-1.0199432373046875,0.002685546875,negative,False,bridge,1
ECD-3169-F1-C_bridge,3169,C_bridge,"[{""coefficient"":1,""condition"":""F1-L_H""},{""coefficient"":-1,""condition"":""R-C1""}]",original/answer_mean,-0.25935211181640627,0.002685546875,negative,False,bridge,1
ECD-3169-F1-C_bridge,3169,C_bridge,"[{""coefficient"":1,""condition"":""F1-L_H""},{""coefficient"":-1,""condition"":""R-C1""}]",original/total_with_eos,-1.0199432373046875,0.002685546875,negative,False,bridge,1
ECD-3169-F1-C_bridge,3169,C_bridge,"[{""coefficient"":1,""condition"":""F1-L_H""},{""coefficient"":-1,""condition"":""R-C1""}]",original/mean_with_eos,-0.20459270477294922,0.002685546875,negative,False,bridge,1
ECD-3169-F1-C_bridge,3169,C_bridge,"[{""coefficient"":1,""condition"":""F1-L_H""},{""coefficient"":-1,""condition"":""R-C1""}]",ab_forward/answer_sum,0.2910728454589844,0.002685546875,positive,False,bridge,1
ECD-3169-F1-C_bridge,3169,C_bridge,"[{""coefficient"":1,""condition"":""F1-L_H""},{""coefficient"":-1,""condition"":""R-C1""}]",ab_forward/answer_mean,0.1455364227294922,0.002685546875,positive,False,bridge,1
ECD-3169-F1-C_bridge,3169,C_bridge,"[{""coefficient"":1,""condition"":""F1-L_H""},{""coefficient"":-1,""condition"":""R-C1""}]",ab_forward/total_with_eos,0.2910728454589844,0.002685546875,positive,False,bridge,1
ECD-3169-F1-C_bridge,3169,C_bridge,"[{""coefficient"":1,""condition"":""F1-L_H""},{""coefficient"":-1,""condition"":""R-C1""}]",ab_forward/mean_with_eos,0.09702428181966116,0.002685546875,positive,False,bridge,1
ECD-3169-F1-C_bridge,3169,C_bridge,"[{""coefficient"":1,""condition"":""F1-L_H""},{""coefficient"":-1,""condition"":""R-C1""}]",ab_reverse/answer_sum,-1.1155815124511719,0.002685546875,negative,False,bridge,1
ECD-3169-F1-C_bridge,3169,C_bridge,"[{""coefficient"":1,""condition"":""F1-L_H""},{""coefficient"":-1,""condition"":""R-C1""}]",ab_reverse/answer_mean,-0.5577907562255859,0.002685546875,negative,False,bridge,1
ECD-3169-F1-C_bridge,3169,C_bridge,"[{""coefficient"":1,""condition"":""F1-L_H""},{""coefficient"":-1,""condition"":""R-C1""}]",ab_reverse/total_with_eos,-1.1155815124511719,0.002685546875,negative,False,bridge,1
ECD-3169-F1-C_bridge,3169,C_bridge,"[{""coefficient"":1,""condition"":""F1-L_H""},{""coefficient"":-1,""condition"":""R-C1""}]",ab_reverse/mean_with_eos,-0.3718605041503904,0.002685546875,negative,False,bridge,1
ECD-3169-F1-C_bridge,3169,C_bridge,"[{""coefficient"":1,""condition"":""F1-L_H""},{""coefficient"":-1,""condition"":""R-C1""}]",ncc,-0.13996693492425072,0.00537109375,negative,False,bridge,1
ECD-3169-F1-C_bridge,3169,C_bridge,"[{""coefficient"":1,""condition"":""F1-L_H""},{""coefficient"":-1,""condition"":""R-C1""}]",background,-0.11938517689215544,0.002685546875,negative,False,bridge,1
ECD-3169-F1-C_bridge,3169,C_bridge,"[{""coefficient"":1,""condition"":""F1-L_H""},{""coefficient"":-1,""condition"":""R-C1""}]",ab_symmetric_sum,-0.41225433349609375,0.002685546875,negative,False,bridge,1
ECD-3169-F1-C_bridge,3169,C_bridge,"[{""coefficient"":1,""condition"":""F1-L_H""},{""coefficient"":-1,""condition"":""R-C1""}]",ab_mapping_gap_sum,1.4066543579101562,0.00537109375,positive,False,bridge,1
ECD-3169-F1-historical_D_minus_C,3169,historical_D_minus_C,"[{""coefficient"":1,""condition"":""R-D1""},{""coefficient"":-1,""condition"":""R-C1""}]",original/answer_sum,-3.4597129821777344,0.002685546875,negative,False,historical_anchor,1
ECD-3169-F1-historical_D_minus_C,3169,historical_D_minus_C,"[{""coefficient"":1,""condition"":""R-D1""},{""coefficient"":-1,""condition"":""R-C1""}]",original/answer_mean,-0.7820137023925782,0.002685546875,negative,False,historical_anchor,1
ECD-3169-F1-historical_D_minus_C,3169,historical_D_minus_C,"[{""coefficient"":1,""condition"":""R-D1""},{""coefficient"":-1,""condition"":""R-C1""}]",original/total_with_eos,-3.4597129821777344,0.002685546875,negative,False,historical_anchor,1
ECD-3169-F1-historical_D_minus_C,3169,historical_D_minus_C,"[{""coefficient"":1,""condition"":""R-D1""},{""coefficient"":-1,""condition"":""R-C1""}]",original/mean_with_eos,-0.6329132715861003,0.002685546875,negative,False,historical_anchor,1
ECD-3169-F1-historical_D_minus_C,3169,historical_D_minus_C,"[{""coefficient"":1,""condition"":""R-D1""},{""coefficient"":-1,""condition"":""R-C1""}]",ab_forward/answer_sum,-5.978107452392578,0.002685546875,negative,False,historical_anchor,1
ECD-3169-F1-historical_D_minus_C,3169,historical_D_minus_C,"[{""coefficient"":1,""condition"":""R-D1""},{""coefficient"":-1,""condition"":""R-C1""}]",ab_forward/answer_mean,-2.989053726196289,0.002685546875,negative,False,historical_anchor,1
ECD-3169-F1-historical_D_minus_C,3169,historical_D_minus_C,"[{""coefficient"":1,""condition"":""R-D1""},{""coefficient"":-1,""condition"":""R-C1""}]",ab_forward/total_with_eos,-5.978107452392578,0.002685546875,negative,False,historical_anchor,1
ECD-3169-F1-historical_D_minus_C,3169,historical_D_minus_C,"[{""coefficient"":1,""condition"":""R-D1""},{""coefficient"":-1,""condition"":""R-C1""}]",ab_forward/mean_with_eos,-1.9927024841308603,0.002685546875,negative,False,historical_anchor,1
ECD-3169-F1-historical_D_minus_C,3169,historical_D_minus_C,"[{""coefficient"":1,""condition"":""R-D1""},{""coefficient"":-1,""condition"":""R-C1""}]",ab_reverse/answer_sum,-6.921268463134766,0.002685546875,negative,False,historical_anchor,1
ECD-3169-F1-historical_D_minus_C,3169,historical_D_minus_C,"[{""coefficient"":1,""condition"":""R-D1""},{""coefficient"":-1,""condition"":""R-C1""}]",ab_reverse/answer_mean,-3.460634231567383,0.002685546875,negative,False,historical_anchor,1
ECD-3169-F1-historical_D_minus_C,3169,historical_D_minus_C,"[{""coefficient"":1,""condition"":""R-D1""},{""coefficient"":-1,""condition"":""R-C1""}]",ab_reverse/total_with_eos,-6.921268463134766,0.002685546875,negative,False,historical_anchor,1
ECD-3169-F1-historical_D_minus_C,3169,historical_D_minus_C,"[{""coefficient"":1,""condition"":""R-D1""},{""coefficient"":-1,""condition"":""R-C1""}]",ab_reverse/mean_with_eos,-2.3070894877115884,0.002685546875,negative,False,historical_anchor,1
ECD-3169-F1-historical_D_minus_C,3169,historical_D_minus_C,"[{""coefficient"":1,""condition"":""R-D1""},{""coefficient"":-1,""condition"":""R-C1""}]",ncc,-0.5752688918176063,0.00537109375,negative,False,historical_anchor,1
ECD-3169-F1-historical_D_minus_C,3169,historical_D_minus_C,"[{""coefficient"":1,""condition"":""R-D1""},{""coefficient"":-1,""condition"":""R-C1""}]",background,-0.20674481057497207,0.002685546875,negative,False,historical_anchor,1
ECD-3169-F1-historical_D_minus_C,3169,historical_D_minus_C,"[{""coefficient"":1,""condition"":""R-D1""},{""coefficient"":-1,""condition"":""R-C1""}]",ab_symmetric_sum,-6.449687957763672,0.002685546875,negative,False,historical_anchor,1
ECD-3169-F1-historical_D_minus_C,3169,historical_D_minus_C,"[{""coefficient"":1,""condition"":""R-D1""},{""coefficient"":-1,""condition"":""R-C1""}]",ab_mapping_gap_sum,0.9431610107421875,0.00537109375,positive,False,historical_anchor,1
ECD-3169-F2-group_designation_substitution,3169,group_designation_substitution,"[{""coefficient"":-1,""condition"":""F2-G_E""},{""coefficient"":1,""condition"":""F2-G_H""}]",original/answer_sum,-1.8869781494140625,0.002685546875,negative,False,primary,2
ECD-3169-F2-group_designation_substitution,3169,group_designation_substitution,"[{""coefficient"":-1,""condition"":""F2-G_E""},{""coefficient"":1,""condition"":""F2-G_H""}]",original/answer_mean,-0.3831197102864583,0.002685546875,negative,False,primary,2
ECD-3169-F2-group_designation_substitution,3169,group_designation_substitution,"[{""coefficient"":-1,""condition"":""F2-G_E""},{""coefficient"":1,""condition"":""F2-G_H""}]",original/total_with_eos,-1.8869781494140625,0.002685546875,negative,False,primary,2
ECD-3169-F2-group_designation_substitution,3169,group_designation_substitution,"[{""coefficient"":-1,""condition"":""F2-G_E""},{""coefficient"":1,""condition"":""F2-G_H""}]",original/mean_with_eos,-0.31807390848795575,0.002685546875,negative,False,primary,2
ECD-3169-F2-group_designation_substitution,3169,group_designation_substitution,"[{""coefficient"":-1,""condition"":""F2-G_E""},{""coefficient"":1,""condition"":""F2-G_H""}]",ab_forward/answer_sum,-4.272132873535156,0.002685546875,negative,False,primary,2
ECD-3169-F2-group_designation_substitution,3169,group_designation_substitution,"[{""coefficient"":-1,""condition"":""F2-G_E""},{""coefficient"":1,""condition"":""F2-G_H""}]",ab_forward/answer_mean,-2.136066436767578,0.002685546875,negative,False,primary,2
ECD-3169-F2-group_designation_substitution,3169,group_designation_substitution,"[{""coefficient"":-1,""condition"":""F2-G_E""},{""coefficient"":1,""condition"":""F2-G_H""}]",ab_forward/total_with_eos,-4.272132873535156,0.002685546875,negative,False,primary,2
ECD-3169-F2-group_designation_substitution,3169,group_designation_substitution,"[{""coefficient"":-1,""condition"":""F2-G_E""},{""coefficient"":1,""condition"":""F2-G_H""}]",ab_forward/mean_with_eos,-1.4240442911783853,0.002685546875,negative,False,primary,2
ECD-3169-F2-group_designation_substitution,3169,group_designation_substitution,"[{""coefficient"":-1,""condition"":""F2-G_E""},{""coefficient"":1,""condition"":""F2-G_H""}]",ab_reverse/answer_sum,-3.8861083984375,0.002685546875,negative,False,primary,2
ECD-3169-F2-group_designation_substitution,3169,group_designation_substitution,"[{""coefficient"":-1,""condition"":""F2-G_E""},{""coefficient"":1,""condition"":""F2-G_H""}]",ab_reverse/answer_mean,-1.94305419921875,0.002685546875,negative,False,primary,2
ECD-3169-F2-group_designation_substitution,3169,group_designation_substitution,"[{""coefficient"":-1,""condition"":""F2-G_E""},{""coefficient"":1,""condition"":""F2-G_H""}]",ab_reverse/total_with_eos,-3.8861083984375,0.002685546875,negative,False,primary,2
ECD-3169-F2-group_designation_substitution,3169,group_designation_substitution,"[{""coefficient"":-1,""condition"":""F2-G_E""},{""coefficient"":1,""condition"":""F2-G_H""}]",ab_reverse/mean_with_eos,-1.2953694661458335,0.002685546875,negative,False,primary,2
ECD-3169-F2-group_designation_substitution,3169,group_designation_substitution,"[{""coefficient"":-1,""condition"":""F2-G_E""},{""coefficient"":1,""condition"":""F2-G_H""}]",ncc,-0.41611010527915226,0.00537109375,negative,False,primary,2
ECD-3169-F2-group_designation_substitution,3169,group_designation_substitution,"[{""coefficient"":-1,""condition"":""F2-G_E""},{""coefficient"":1,""condition"":""F2-G_H""}]",background,0.03299039499269396,0.002685546875,positive,False,primary,2
ECD-3169-F2-group_designation_substitution,3169,group_designation_substitution,"[{""coefficient"":-1,""condition"":""F2-G_E""},{""coefficient"":1,""condition"":""F2-G_H""}]",ab_symmetric_sum,-4.079120635986328,0.002685546875,negative,False,primary,2
ECD-3169-F2-group_designation_substitution,3169,group_designation_substitution,"[{""coefficient"":-1,""condition"":""F2-G_E""},{""coefficient"":1,""condition"":""F2-G_H""}]",ab_mapping_gap_sum,-0.38602447509765625,0.00537109375,negative,False,primary,2
ECD-3169-F2-ordinary_laughter_form_substitution,3169,ordinary_laughter_form_substitution,"[{""coefficient"":1,""condition"":""F2-L_H""},{""coefficient"":-1,""condition"":""F2-L_O""}]",original/answer_sum,-0.8617782592773438,0.002685546875,negative,False,primary,2
ECD-3169-F2-ordinary_laughter_form_substitution,3169,ordinary_laughter_form_substitution,"[{""coefficient"":1,""condition"":""F2-L_H""},{""coefficient"":-1,""condition"":""F2-L_O""}]",original/answer_mean,-0.2221796671549479,0.002685546875,negative,False,primary,2
ECD-3169-F2-ordinary_laughter_form_substitution,3169,ordinary_laughter_form_substitution,"[{""coefficient"":1,""condition"":""F2-L_H""},{""coefficient"":-1,""condition"":""F2-L_O""}]",original/total_with_eos,-0.8617782592773438,0.002685546875,negative,False,primary,2
ECD-3169-F2-ordinary_laughter_form_substitution,3169,ordinary_laughter_form_substitution,"[{""coefficient"":1,""condition"":""F2-L_H""},{""coefficient"":-1,""condition"":""F2-L_O""}]",original/mean_with_eos,-0.17476971944173175,0.002685546875,negative,False,primary,2
ECD-3169-F2-ordinary_laughter_form_substitution,3169,ordinary_laughter_form_substitution,"[{""coefficient"":1,""condition"":""F2-L_H""},{""coefficient"":-1,""condition"":""F2-L_O""}]",ab_forward/answer_sum,-3.4583892822265625,0.002685546875,negative,False,primary,2
ECD-3169-F2-ordinary_laughter_form_substitution,3169,ordinary_laughter_form_substitution,"[{""coefficient"":1,""condition"":""F2-L_H""},{""coefficient"":-1,""condition"":""F2-L_O""}]",ab_forward/answer_mean,-1.7291946411132812,0.002685546875,negative,False,primary,2
ECD-3169-F2-ordinary_laughter_form_substitution,3169,ordinary_laughter_form_substitution,"[{""coefficient"":1,""condition"":""F2-L_H""},{""coefficient"":-1,""condition"":""F2-L_O""}]",ab_forward/total_with_eos,-3.4583892822265625,0.002685546875,negative,False,primary,2
ECD-3169-F2-ordinary_laughter_form_substitution,3169,ordinary_laughter_form_substitution,"[{""coefficient"":1,""condition"":""F2-L_H""},{""coefficient"":-1,""condition"":""F2-L_O""}]",ab_forward/mean_with_eos,-1.1527964274088545,0.002685546875,negative,False,primary,2
ECD-3169-F2-ordinary_laughter_form_substitution,3169,ordinary_laughter_form_substitution,"[{""coefficient"":1,""condition"":""F2-L_H""},{""coefficient"":-1,""condition"":""F2-L_O""}]",ab_reverse/answer_sum,-1.9920921325683594,0.002685546875,negative,False,primary,2
ECD-3169-F2-ordinary_laughter_form_substitution,3169,ordinary_laughter_form_substitution,"[{""coefficient"":1,""condition"":""F2-L_H""},{""coefficient"":-1,""condition"":""F2-L_O""}]",ab_reverse/answer_mean,-0.9960460662841797,0.002685546875,negative,False,primary,2
ECD-3169-F2-ordinary_laughter_form_substitution,3169,ordinary_laughter_form_substitution,"[{""coefficient"":1,""condition"":""F2-L_H""},{""coefficient"":-1,""condition"":""F2-L_O""}]",ab_reverse/total_with_eos,-1.9920921325683594,0.002685546875,negative,False,primary,2
ECD-3169-F2-ordinary_laughter_form_substitution,3169,ordinary_laughter_form_substitution,"[{""coefficient"":1,""condition"":""F2-L_H""},{""coefficient"":-1,""condition"":""F2-L_O""}]",ab_reverse/mean_with_eos,-0.6640307108561196,0.002685546875,negative,False,primary,2
ECD-3169-F2-ordinary_laughter_form_substitution,3169,ordinary_laughter_form_substitution,"[{""coefficient"":1,""condition"":""F2-L_H""},{""coefficient"":-1,""condition"":""F2-L_O""}]",ncc,-0.182690399901261,0.00537109375,negative,False,primary,2
ECD-3169-F2-ordinary_laughter_form_substitution,3169,ordinary_laughter_form_substitution,"[{""coefficient"":1,""condition"":""F2-L_H""},{""coefficient"":-1,""condition"":""F2-L_O""}]",background,-0.039489267253686844,0.002685546875,negative,False,primary,2
ECD-3169-F2-ordinary_laughter_form_substitution,3169,ordinary_laughter_form_substitution,"[{""coefficient"":1,""condition"":""F2-L_H""},{""coefficient"":-1,""condition"":""F2-L_O""}]",ab_symmetric_sum,-2.725240707397461,0.002685546875,negative,False,primary,2
ECD-3169-F2-ordinary_laughter_form_substitution,3169,ordinary_laughter_form_substitution,"[{""coefficient"":1,""condition"":""F2-L_H""},{""coefficient"":-1,""condition"":""F2-L_O""}]",ab_mapping_gap_sum,-1.4662971496582031,0.00537109375,negative,False,primary,2
ECD-3169-F2-original_bridge,3169,original_bridge,"[{""coefficient"":1,""condition"":""F2-G_H""},{""coefficient"":-1,""condition"":""R-A""}]",original/answer_sum,-0.29947662353515625,0.002685546875,negative,False,bridge,2
ECD-3169-F2-original_bridge,3169,original_bridge,"[{""coefficient"":1,""condition"":""F2-G_H""},{""coefficient"":-1,""condition"":""R-A""}]",original/answer_mean,-0.06184132893880212,0.002685546875,negative,False,bridge,2
ECD-3169-F2-original_bridge,3169,original_bridge,"[{""coefficient"":1,""condition"":""F2-G_H""},{""coefficient"":-1,""condition"":""R-A""}]",original/total_with_eos,-0.29947662353515625,0.002685546875,negative,False,bridge,2
ECD-3169-F2-original_bridge,3169,original_bridge,"[{""coefficient"":1,""condition"":""F2-G_H""},{""coefficient"":-1,""condition"":""R-A""}]",original/mean_with_eos,-0.05112902323404955,0.002685546875,negative,False,bridge,2
ECD-3169-F2-original_bridge,3169,original_bridge,"[{""coefficient"":1,""condition"":""F2-G_H""},{""coefficient"":-1,""condition"":""R-A""}]",ab_forward/answer_sum,0.7846870422363281,0.002685546875,positive,False,bridge,2
ECD-3169-F2-original_bridge,3169,original_bridge,"[{""coefficient"":1,""condition"":""F2-G_H""},{""coefficient"":-1,""condition"":""R-A""}]",ab_forward/answer_mean,0.39234352111816406,0.002685546875,positive,False,bridge,2
ECD-3169-F2-original_bridge,3169,original_bridge,"[{""coefficient"":1,""condition"":""F2-G_H""},{""coefficient"":-1,""condition"":""R-A""}]",ab_forward/total_with_eos,0.7846870422363281,0.002685546875,positive,False,bridge,2
ECD-3169-F2-original_bridge,3169,original_bridge,"[{""coefficient"":1,""condition"":""F2-G_H""},{""coefficient"":-1,""condition"":""R-A""}]",ab_forward/mean_with_eos,0.2615623474121094,0.002685546875,positive,False,bridge,2
ECD-3169-F2-original_bridge,3169,original_bridge,"[{""coefficient"":1,""condition"":""F2-G_H""},{""coefficient"":-1,""condition"":""R-A""}]",ab_reverse/answer_sum,0.06529998779296875,0.002685546875,positive,False,bridge,2
ECD-3169-F2-original_bridge,3169,original_bridge,"[{""coefficient"":1,""condition"":""F2-G_H""},{""coefficient"":-1,""condition"":""R-A""}]",ab_reverse/answer_mean,0.032649993896484375,0.002685546875,positive,False,bridge,2
ECD-3169-F2-original_bridge,3169,original_bridge,"[{""coefficient"":1,""condition"":""F2-G_H""},{""coefficient"":-1,""condition"":""R-A""}]",ab_reverse/total_with_eos,0.06529998779296875,0.002685546875,positive,False,bridge,2
ECD-3169-F2-original_bridge,3169,original_bridge,"[{""coefficient"":1,""condition"":""F2-G_H""},{""coefficient"":-1,""condition"":""R-A""}]",ab_reverse/mean_with_eos,0.02176666259765625,0.002685546875,positive,False,bridge,2
ECD-3169-F2-original_bridge,3169,original_bridge,"[{""coefficient"":1,""condition"":""F2-G_H""},{""coefficient"":-1,""condition"":""R-A""}]",ncc,-0.16507451128947048,0.00537109375,negative,False,bridge,2
ECD-3169-F2-original_bridge,3169,original_bridge,"[{""coefficient"":1,""condition"":""F2-G_H""},{""coefficient"":-1,""condition"":""R-A""}]",background,0.10323318235066825,0.002685546875,positive,False,bridge,2
ECD-3169-F2-original_bridge,3169,original_bridge,"[{""coefficient"":1,""condition"":""F2-G_H""},{""coefficient"":-1,""condition"":""R-A""}]",ab_symmetric_sum,0.42499351501464844,0.002685546875,positive,False,bridge,2
ECD-3169-F2-original_bridge,3169,original_bridge,"[{""coefficient"":1,""condition"":""F2-G_H""},{""coefficient"":-1,""condition"":""R-A""}]",ab_mapping_gap_sum,0.7193870544433594,0.00537109375,positive,False,bridge,2
ECD-3169-F2-D_bridge,3169,D_bridge,"[{""coefficient"":1,""condition"":""F2-G_H""},{""coefficient"":-1,""condition"":""R-D2""}]",original/answer_sum,-0.59979248046875,0.002685546875,negative,False,bridge,2
ECD-3169-F2-D_bridge,3169,D_bridge,"[{""coefficient"":1,""condition"":""F2-G_H""},{""coefficient"":-1,""condition"":""R-D2""}]",original/answer_mean,-0.12330322265625004,0.002685546875,negative,False,bridge,2
ECD-3169-F2-D_bridge,3169,D_bridge,"[{""coefficient"":1,""condition"":""F2-G_H""},{""coefficient"":-1,""condition"":""R-D2""}]",original/total_with_eos,-0.59979248046875,0.002685546875,negative,False,bridge,2
ECD-3169-F2-D_bridge,3169,D_bridge,"[{""coefficient"":1,""condition"":""F2-G_H""},{""coefficient"":-1,""condition"":""R-D2""}]",original/mean_with_eos,-0.10205586751302087,0.002685546875,negative,False,bridge,2
ECD-3169-F2-D_bridge,3169,D_bridge,"[{""coefficient"":1,""condition"":""F2-G_H""},{""coefficient"":-1,""condition"":""R-D2""}]",ab_forward/answer_sum,-0.0042877197265625,0.002685546875,negative,False,bridge,2
ECD-3169-F2-D_bridge,3169,D_bridge,"[{""coefficient"":1,""condition"":""F2-G_H""},{""coefficient"":-1,""condition"":""R-D2""}]",ab_forward/answer_mean,-0.00214385986328125,0.002685546875,unresolved,False,bridge,2
ECD-3169-F2-D_bridge,3169,D_bridge,"[{""coefficient"":1,""condition"":""F2-G_H""},{""coefficient"":-1,""condition"":""R-D2""}]",ab_forward/total_with_eos,-0.0042877197265625,0.002685546875,negative,False,bridge,2
ECD-3169-F2-D_bridge,3169,D_bridge,"[{""coefficient"":1,""condition"":""F2-G_H""},{""coefficient"":-1,""condition"":""R-D2""}]",ab_forward/mean_with_eos,-0.0014292399088535745,0.002685546875,unresolved,False,bridge,2
ECD-3169-F2-D_bridge,3169,D_bridge,"[{""coefficient"":1,""condition"":""F2-G_H""},{""coefficient"":-1,""condition"":""R-D2""}]",ab_reverse/answer_sum,-0.5820884704589844,0.002685546875,negative,False,bridge,2
ECD-3169-F2-D_bridge,3169,D_bridge,"[{""coefficient"":1,""condition"":""F2-G_H""},{""coefficient"":-1,""condition"":""R-D2""}]",ab_reverse/answer_mean,-0.2910442352294922,0.002685546875,negative,False,bridge,2
ECD-3169-F2-D_bridge,3169,D_bridge,"[{""coefficient"":1,""condition"":""F2-G_H""},{""coefficient"":-1,""condition"":""R-D2""}]",ab_reverse/total_with_eos,-0.5820884704589844,0.002685546875,negative,False,bridge,2
ECD-3169-F2-D_bridge,3169,D_bridge,"[{""coefficient"":1,""condition"":""F2-G_H""},{""coefficient"":-1,""condition"":""R-D2""}]",ab_reverse/mean_with_eos,-0.19402949015299475,0.002685546875,negative,False,bridge,2
ECD-3169-F2-D_bridge,3169,D_bridge,"[{""coefficient"":1,""condition"":""F2-G_H""},{""coefficient"":-1,""condition"":""R-D2""}]",ncc,-0.1881316317651316,0.00537109375,negative,False,bridge,2
ECD-3169-F2-D_bridge,3169,D_bridge,"[{""coefficient"":1,""condition"":""F2-G_H""},{""coefficient"":-1,""condition"":""R-D2""}]",background,0.06482840910888132,0.002685546875,positive,False,bridge,2
ECD-3169-F2-D_bridge,3169,D_bridge,"[{""coefficient"":1,""condition"":""F2-G_H""},{""coefficient"":-1,""condition"":""R-D2""}]",ab_symmetric_sum,-0.29318809509277344,0.002685546875,negative,False,bridge,2
ECD-3169-F2-D_bridge,3169,D_bridge,"[{""coefficient"":1,""condition"":""F2-G_H""},{""coefficient"":-1,""condition"":""R-D2""}]",ab_mapping_gap_sum,0.5778007507324219,0.00537109375,positive,False,bridge,2
ECD-3169-F2-C_bridge,3169,C_bridge,"[{""coefficient"":1,""condition"":""F2-L_H""},{""coefficient"":-1,""condition"":""R-C2""}]",original/answer_sum,-1.3527030944824219,0.002685546875,negative,False,bridge,2
ECD-3169-F2-C_bridge,3169,C_bridge,"[{""coefficient"":1,""condition"":""F2-L_H""},{""coefficient"":-1,""condition"":""R-C2""}]",original/answer_mean,-0.3592140197753907,0.002685546875,negative,False,bridge,2
ECD-3169-F2-C_bridge,3169,C_bridge,"[{""coefficient"":1,""condition"":""F2-L_H""},{""coefficient"":-1,""condition"":""R-C2""}]",original/total_with_eos,-1.3527030944824219,0.002685546875,negative,False,bridge,2
ECD-3169-F2-C_bridge,3169,C_bridge,"[{""coefficient"":1,""condition"":""F2-L_H""},{""coefficient"":-1,""condition"":""R-C2""}]",original/mean_with_eos,-0.2808713912963867,0.002685546875,negative,False,bridge,2
ECD-3169-F2-C_bridge,3169,C_bridge,"[{""coefficient"":1,""condition"":""F2-L_H""},{""coefficient"":-1,""condition"":""R-C2""}]",ab_forward/answer_sum,-0.83294677734375,0.002685546875,negative,False,bridge,2
ECD-3169-F2-C_bridge,3169,C_bridge,"[{""coefficient"":1,""condition"":""F2-L_H""},{""coefficient"":-1,""condition"":""R-C2""}]",ab_forward/answer_mean,-0.416473388671875,0.002685546875,negative,False,bridge,2
ECD-3169-F2-C_bridge,3169,C_bridge,"[{""coefficient"":1,""condition"":""F2-L_H""},{""coefficient"":-1,""condition"":""R-C2""}]",ab_forward/total_with_eos,-0.83294677734375,0.002685546875,negative,False,bridge,2
ECD-3169-F2-C_bridge,3169,C_bridge,"[{""coefficient"":1,""condition"":""F2-L_H""},{""coefficient"":-1,""condition"":""R-C2""}]",ab_forward/mean_with_eos,-0.27764892578125,0.002685546875,negative,False,bridge,2
ECD-3169-F2-C_bridge,3169,C_bridge,"[{""coefficient"":1,""condition"":""F2-L_H""},{""coefficient"":-1,""condition"":""R-C2""}]",ab_reverse/answer_sum,-0.6061973571777344,0.002685546875,negative,False,bridge,2
ECD-3169-F2-C_bridge,3169,C_bridge,"[{""coefficient"":1,""condition"":""F2-L_H""},{""coefficient"":-1,""condition"":""R-C2""}]",ab_reverse/answer_mean,-0.3030986785888672,0.002685546875,negative,False,bridge,2
ECD-3169-F2-C_bridge,3169,C_bridge,"[{""coefficient"":1,""condition"":""F2-L_H""},{""coefficient"":-1,""condition"":""R-C2""}]",ab_reverse/total_with_eos,-0.6061973571777344,0.002685546875,negative,False,bridge,2
ECD-3169-F2-C_bridge,3169,C_bridge,"[{""coefficient"":1,""condition"":""F2-L_H""},{""coefficient"":-1,""condition"":""R-C2""}]",ab_reverse/mean_with_eos,-0.2020657857259116,0.002685546875,negative,False,bridge,2
ECD-3169-F2-C_bridge,3169,C_bridge,"[{""coefficient"":1,""condition"":""F2-L_H""},{""coefficient"":-1,""condition"":""R-C2""}]",ncc,-0.28861809338838906,0.00537109375,negative,False,bridge,2
ECD-3169-F2-C_bridge,3169,C_bridge,"[{""coefficient"":1,""condition"":""F2-L_H""},{""coefficient"":-1,""condition"":""R-C2""}]",background,-0.0705959263870013,0.002685546875,negative,False,bridge,2
ECD-3169-F2-C_bridge,3169,C_bridge,"[{""coefficient"":1,""condition"":""F2-L_H""},{""coefficient"":-1,""condition"":""R-C2""}]",ab_symmetric_sum,-0.7195720672607422,0.002685546875,negative,False,bridge,2
ECD-3169-F2-C_bridge,3169,C_bridge,"[{""coefficient"":1,""condition"":""F2-L_H""},{""coefficient"":-1,""condition"":""R-C2""}]",ab_mapping_gap_sum,-0.22674942016601562,0.00537109375,negative,False,bridge,2
ECD-3169-F2-historical_D_minus_C,3169,historical_D_minus_C,"[{""coefficient"":1,""condition"":""R-D2""},{""coefficient"":-1,""condition"":""R-C2""}]",original/answer_sum,-4.116962432861328,0.002685546875,negative,False,historical_anchor,2
ECD-3169-F2-historical_D_minus_C,3169,historical_D_minus_C,"[{""coefficient"":1,""condition"":""R-D2""},{""coefficient"":-1,""condition"":""R-C2""}]",original/answer_mean,-0.9569353739420573,0.002685546875,negative,False,historical_anchor,2
ECD-3169-F2-historical_D_minus_C,3169,historical_D_minus_C,"[{""coefficient"":1,""condition"":""R-D2""},{""coefficient"":-1,""condition"":""R-C2""}]",original/total_with_eos,-4.116962432861328,0.002685546875,negative,False,historical_anchor,2
ECD-3169-F2-historical_D_minus_C,3169,historical_D_minus_C,"[{""coefficient"":1,""condition"":""R-D2""},{""coefficient"":-1,""condition"":""R-C2""}]",original/mean_with_eos,-0.7696247100830078,0.002685546875,negative,False,historical_anchor,2
ECD-3169-F2-historical_D_minus_C,3169,historical_D_minus_C,"[{""coefficient"":1,""condition"":""R-D2""},{""coefficient"":-1,""condition"":""R-C2""}]",ab_forward/answer_sum,-7.511116027832031,0.002685546875,negative,False,historical_anchor,2
ECD-3169-F2-historical_D_minus_C,3169,historical_D_minus_C,"[{""coefficient"":1,""condition"":""R-D2""},{""coefficient"":-1,""condition"":""R-C2""}]",ab_forward/answer_mean,-3.7555580139160156,0.002685546875,negative,False,historical_anchor,2
ECD-3169-F2-historical_D_minus_C,3169,historical_D_minus_C,"[{""coefficient"":1,""condition"":""R-D2""},{""coefficient"":-1,""condition"":""R-C2""}]",ab_forward/total_with_eos,-7.511116027832031,0.002685546875,negative,False,historical_anchor,2
ECD-3169-F2-historical_D_minus_C,3169,historical_D_minus_C,"[{""coefficient"":1,""condition"":""R-D2""},{""coefficient"":-1,""condition"":""R-C2""}]",ab_forward/mean_with_eos,-2.5037053426106777,0.002685546875,negative,False,historical_anchor,2
ECD-3169-F2-historical_D_minus_C,3169,historical_D_minus_C,"[{""coefficient"":1,""condition"":""R-D2""},{""coefficient"":-1,""condition"":""R-C2""}]",ab_reverse/answer_sum,-8.285037994384766,0.002685546875,negative,False,historical_anchor,2
ECD-3169-F2-historical_D_minus_C,3169,historical_D_minus_C,"[{""coefficient"":1,""condition"":""R-D2""},{""coefficient"":-1,""condition"":""R-C2""}]",ab_reverse/answer_mean,-4.142518997192383,0.002685546875,negative,False,historical_anchor,2
ECD-3169-F2-historical_D_minus_C,3169,historical_D_minus_C,"[{""coefficient"":1,""condition"":""R-D2""},{""coefficient"":-1,""condition"":""R-C2""}]",ab_reverse/total_with_eos,-8.285037994384766,0.002685546875,negative,False,historical_anchor,2
ECD-3169-F2-historical_D_minus_C,3169,historical_D_minus_C,"[{""coefficient"":1,""condition"":""R-D2""},{""coefficient"":-1,""condition"":""R-C2""}]",ab_reverse/mean_with_eos,-2.761679331461589,0.002685546875,negative,False,historical_anchor,2
ECD-3169-F2-historical_D_minus_C,3169,historical_D_minus_C,"[{""coefficient"":1,""condition"":""R-D2""},{""coefficient"":-1,""condition"":""R-C2""}]",ncc,-0.7401157633509765,0.00537109375,negative,False,historical_anchor,2
ECD-3169-F2-historical_D_minus_C,3169,historical_D_minus_C,"[{""coefficient"":1,""condition"":""R-D2""},{""coefficient"":-1,""condition"":""R-C2""}]",background,-0.21681961059108046,0.002685546875,negative,False,historical_anchor,2
ECD-3169-F2-historical_D_minus_C,3169,historical_D_minus_C,"[{""coefficient"":1,""condition"":""R-D2""},{""coefficient"":-1,""condition"":""R-C2""}]",ab_symmetric_sum,-7.898077011108398,0.002685546875,negative,False,historical_anchor,2
ECD-3169-F2-historical_D_minus_C,3169,historical_D_minus_C,"[{""coefficient"":1,""condition"":""R-D2""},{""coefficient"":-1,""condition"":""R-C2""}]",ab_mapping_gap_sum,0.7739219665527344,0.00537109375,positive,False,historical_anchor,2
