id,content,label,x,y,cluster
2448,我的天啊，求求你坦白吧，放过人家,non-hate,10.016194,2.502601,0
5977,出去旅游到了挺多省份的，感觉当地人都挺好的，哪个地方大部分都是和你我一样的普通人，只不过地域文化不同，大体性格会偏向豪放或内敛，但是根本上差不了太多,non-hate,5.7881284,3.5749276,5
1942,她没必要这么敏感,non-hate,9.261865,2.2067618,4
7140,这种东西是上面的锅，甩给女性不大好,non-hate,9.422719,1.2357546,4
6442,说明现在法制社会啊←_←大家都挺爱护女性的,non-hate,9.425251,0.94895893,4
7108,大哥你私信没开,non-hate,11.335656,4.357026,7
2234,答主回答的时候是不是有些难过啊，抱抱，我们都理解你的,non-hate,10.588773,3.3617685,6
4452,为什么啊，我室友就是四川人，她还有很多亲戚在浙江生活工作，我们关系也很好啊，不过也可能是因为我们只是一个小城市的关系。,non-hate,5.124068,3.9147322,5
291,我主张拆掉屋顶的时候才有人同意开窗户。,non-hate,8.61259,2.549028,2
3787,妇女报是妇联名下的么？,non-hate,9.426862,0.85205775,4
5962,因为一味地忍让换来的是不平等，充了这帮女权，不过说实话我现实中还没见过女权，大部分女的只是有点任性傲气而已。并且还是漂亮的,non-hate,9.523745,0.6284452,4
7978,怎么大小号都拉黑我了，这就跑了？好怂喔，饭桶吧主就这战力？,non-hate,11.632873,3.8648922,7
2733,对啊，好看的很多的都是混血,non-hate,7.8963804,1.2837471,3
7725,反串一律水葬,non-hate,10.803131,4.382906,7
2125,这贴看的我鸡皮疙瘩起来了,non-hate,10.995056,3.5745378,7
3909,真想不到这人居然还在！,non-hate,8.444647,4.856946,8
5721,不要随意评论。毕竟大家都是人，你的评论会伤害到别人。性取向是别人的自由。请你善良,non-hate,10.902673,0.8050759,1
3204,如果你已经不会听风就是雨，那么说明你成熟了,non-hate,8.787364,3.0132706,0
1374,你可以不给，她可以不嫁，很公平啊,non-hate,8.916456,0.25257045,4
2033,吧里没落了,non-hate,12.095229,3.6039405,7
7890,省都没出过几次，你就不要说话了好吧！最基本的人文地理知识都缺乏😆,non-hate,5.7385297,3.548446,5
1256,说的好，生动代表了河南人那股聪明劲,non-hate,4.6098895,2.579534,5
6720,世界女权组织，这名听着就吓人,non-hate,9.482215,0.7541642,4
7237,没有广西吗？,non-hate,5.0020328,3.779074,5
4744,可以说，以上的地域歧视只能说是略有夸大。但是几乎全部都有事实依据。要真是空穴来风根本不可能流传开来。,non-hate,6.2150793,3.4755065,5
7688,你是个什么逻辑，臆想别人喜欢你?,non-hate,10.996532,1.3710229,0
5832,难道不是小孩贫血，好心人献血过多，改变了血型吗?,non-hate,8.702019,1.4044597,2
1652,反正我遇见的河南人都还不错,non-hate,4.634164,2.7129629,5
5720,这个赞太少了点吧。,non-hate,9.888695,3.7738338,8
5436,花呗干什么的,non-hate,10.727277,2.542658,7
7934,这人老挠弹了，之前就被人举报封过，大过年又出来发病了,non-hate,11.195709,3.8201823,7
3822,没必要纠结这么多，我敢说99.9%的女性都是想为自己的丈夫生孩子的，如果你要是遇到0.1%，那就是你自己的问题了，话说我只想要一个孩子，我老婆想要两个。,non-hate,9.317874,-0.0074976576,4
2655,很难不赞同，不过补充一点，杨靖宇将军是河南的，本名马尚德，驻马店的骄傲🍉,non-hate,4.847504,2.5988393,5
6339,个人感觉浙江比苏南上海友好非常多，实地都去过,non-hate,4.6642947,4.357743,5
6903,湖北也跑了,non-hate,4.7038,4.078359,5
7851,你比苏维埃联盟还要牢不可破,non-hate,8.881037,5.2875366,0
533,谁说你了，给自己加这么多戏,non-hate,9.409394,4.6298223,0
2627,我帮你，我浴霸六级,non-hate,10.576346,4.0278945,7
3846,逐字逐句看完，有一个观点我有一点反对意见，异性之间的行为符合人伦天道,non-hate,10.59948,1.2281331,1
2184,我沈阳人，我当兵的时候好多战友都是黑龙江富拉尔基的，我们相处的一直很好，我还想以后去哈尔滨定居，不用因为少数低素质人就敌视整个地区。,non-hate,5.700825,4.465649,5
7328,王者荣耀要做的速速，在大厅发消息，一个人，一分钟3条，10分钟30一小时180条！每条0.2，时薪36！！不限量，而且发出去就算进扣扣群,non-hate,11.377679,3.3813586,7
6268,跟这个没关系，主要是80年代，河南是全国小偷各地集团的汇聚中心，因为当时铁路为主，而河南是全国铁路交汇的枢纽，小偷最多，导致河南名声被连累，,non-hate,4.66845,2.4925177,5
2708,动物都有同性恋，人类能没有？😅多读书，别读死书,non-hate,11.189776,0.41631544,1
6560,因为牛奶和巧克力都挺好吃的,non-hate,10.332388,1.7962304,8
3612,rush，增加kuai感的,non-hate,11.035475,4.567293,8
5739,知乎的三观很正，所以我喜欢这里,non-hate,10.361579,4.4647756,8
7041,没办法我天生的改不了,non-hate,11.118205,1.7331321,8
605,我是高贵的中国人,non-hate,7.008426,2.5937436,8
6814,👍️ 金庸大师，诚不我欺啊,non-hate,8.085268,4.654813,8
323,还是我们的子女好看，白白的精致,non-hate,9.652636,2.4930096,8
3813,唉，不得不说彼此都任重道远啊,non-hate,8.170253,3.8534336,8
5342,穷黑龙江也不是最穷的,non-hate,5.425309,4.4376574,5
1148,一个有正常工作生活的人根本没那精力天天发这种帖子，这玩意估计也是靠这个赚钱的,non-hate,11.300679,3.3934655,7
7955,我寻思人长得帅的也看不上你啊⁉,non-hate,9.975346,2.5933392,0
7872,这垃圾酒，喝他妈,non-hate,11.153508,4.3164806,7
6355,租借女友可以拜托相亲烦恼，每次回去都换一个，久而久之父母就放弃了。,non-hate,9.370317,1.1209717,4
6051,这比在竞选新吧宠的路上，大家理解一下，给他一个机会好好表现。毕竟不是人人都可以享受集全吧宠爱于一身。,non-hate,11.882622,3.6963038,7
283,在东北上学，对这里普遍印象很好，但一部分群体，莫名的有种害怕？,non-hate,5.6586037,4.5969825,5
5298,山东热衷于考公务员，不属实？,non-hate,4.290071,3.6267831,5
2266,异性恋不需要你尊重啊，这是世界上每个生物正常的生物本能。,non-hate,11.167123,0.7621493,1
2522,真的有那么生气吗，我不信😆,non-hate,9.40507,3.9092462,2
1922,你可以看一下这个，这证明了我所言非虚,non-hate,9.214141,5.501645,0
8025,哪个小野冢转了爹的帖子啊，也不进来磕个头,non-hate,11.465546,3.7786286,7
1521,可能因为河南同学比他高了一百分🤣🤣🤣心理不平衡,non-hate,4.147808,2.9827745,5
6864,这个国家同婚合法吗,non-hate,10.691855,0.44431186,1
1357,中国这么多人，啥样人都有，脑袋灵光的女性更是大有人在的🤝,non-hate,9.025524,1.627344,4
7819,带头的属于是恰烂钱的，跟风的就是铁nt,non-hate,10.774109,3.2725675,6
3487,东北人表示赞同??,non-hate,5.672984,4.787054,5
162,婚恋不可能平等,non-hate,9.587579,0.26055455,4
227,努力是假的吧我看他天天钓鱼,non-hate,12.201478,3.1811404,7
1525,无论哪个国家的人都是有好有坏,non-hate,6.996091,3.0738945,3
2387,我去过南方几乎所有的省，而且不是走马观花式的那种，我是平均在每个省都待了两三个月,non-hate,5.56717,3.7811215,5
4493,日本人侵略东北要从1895开始算，东北人抵抗日本侵略至少50年,non-hate,5.9584055,4.649882,5
4320,不同意同性恋不代表反同性恋,non-hate,11.503939,0.6431204,1
1309,我看3楼是友军,non-hate,9.133325,4.3211718,8
6039,当然如果是爱出去乱约的，无论男女都非常的恶心,non-hate,10.737589,0.8022468,4
2782,贬低自己国家有什么意思？,non-hate,8.04672,2.723172,3
6573,我爷爷叔叔都是阿訇，不过我不信教,non-hate,5.7730265,2.742923,3
2789,所以美国等于全世界？,non-hate,7.325616,3.6865592,3
6923,这个大概是学校里几个同学一起约出来玩,non-hate,10.6929,3.0568094,7
6661,那你应该去放生吧,non-hate,8.70424,4.942648,0
5442,监狱医院？监狱墓地！,non-hate,5.269586,2.5039122,2
4061,楼主它换名字了,non-hate,11.8094635,4.2710586,7
7817,这个视频比较恶臭,non-hate,10.879924,4.4731517,2
4374,在信仰、价值取向、生活观念、文化认同等方面没有达到一致，无论白人、黑人都是异族；古话说的好：非我族类，其心必异。多看看世界历史上排华、歧华事件，一旦爆发华人在当地就是被掠杀的对象，不要觉得我说的危言耸听，史实就是这样。疫情期间美国那鸟地方不也在歧华？在他们眼里中国人就低人一等，因为他们文化继承里包含着殖民文化带来的种族优越感。,non-hate,7.212742,1.9189765,3
1735,与那些又有什么关系，毕竟性质不同，我们只是互相喜欢，恰好爱上了一个同性的人，我们也很惊讶😑，不是所有同性恋的感情都是那样的,non-hate,11.227916,0.569501,1
1537,你赚了，河南男的活好,non-hate,4.60415,2.5903206,5
7647,地域黑子出来答话,non-hate,6.325999,3.4211257,5
3859,卖钩子的弄啥咧~,non-hate,12.199293,3.030829,7
7769,这样把脑子不好的都输出,non-hate,10.456962,4.7058444,7
2054,爱马仕不香么？,non-hate,11.208666,4.1155825,8
7766,跪舔的小号，装什么大瓣蒜，连自己是什么东西都不知道？,non-hate,11.554308,3.9413366,7
5397,事实就是早期你们异性恋先从动物身上传过来的。,non-hate,11.102115,0.2897977,1
6499,河南官方认证,non-hate,4.363971,2.7687602,5
7661,层主是女性反串的吗,non-hate,9.931343,1.0212119,4
3019,魔方基因？一听就不靠谱😆,non-hate,8.427344,1.5386752,7
6989,我工作时被河南信阳女客户的素质大跌眼镜。。无语住了。,non-hate,4.814005,2.6322145,5
3626,好好好你最棒。,non-hate,9.089136,5.353534,0
2542,但是人家不会跪着安排豪华宿舍、美女学伴、高额奖金😅,non-hate,7.9563417,3.6578245,8
4794,那我说异性恋不好，被骂，是不是别人太偏激了？,non-hate,10.987699,0.8748269,1
3194,你的截图说的很有道理,non-hate,9.322956,5.5688033,0
7296,我家老人只喜欢看本地台那些八卦消息，而我都是看cctv13,non-hate,7.461607,3.0254645,5
2255,我觉得他就是个牺牲品，需要转移视线的时候直接随便曝光一个明星就行了。,non-hate,10.922499,3.2171025,2
1001,你自己自尊自强谁会不尊重你，何来压迫之说。,non-hate,9.209316,3.07484,6
7546,我不能跟你说得太细，因为圈子太小了。我在中资建筑工程公司，然后在非洲前后待过12年。,non-hate,6.1488743,3.383993,3
6308,人造子宫早就80年代就成功，微量偏向化基因改造早就有了，因为阻力无法推行。老龄化的人口结构会逼着政府推行此政策。,non-hate,9.646643,-0.0910584,4
7713,这明明是个辱华的玩意，没想到还有些nc追捧它。,non-hate,8.528175,3.0695708,2
2411,😓😓😓看见了，我早就举报了，这玩意就是最恶心的,non-hate,10.963946,3.8641136,7
1914,你之前说荷兰有多包容同性恋是有问题的,non-hate,11.596696,0.5822116,1
273,刚刚最新收集到的，在中国的土地上这个黑人会不会是非洲国家乌干达的？,non-hate,6.9773045,1.6103365,3
826,我也没因为吴亦凡是异性恋就讨厌所有异性恋啊🤔。性取向和道德水平又不相关。因为谁谁谁做了坏事所以就讨厌这个人的群体里的所有人。这是啥？这段时间偏见吧？,non-hate,11.2635765,0.74151146,1
3153,真没人黑天津吧🤔,non-hate,5.0846343,3.4471784,5
7187,也不知道一大堆人品有问题骗婚的是谁,non-hate,10.544605,1.7347841,7
2444,确实要有人管理了,non-hate,8.420045,3.8673294,8
2386,兄弟们，给他送温暖,non-hate,8.862103,4.9230213,8
6795,接下来这些黑人会要求政治权力,non-hate,6.908727,1.3656964,3
6198,性方面也是比不了的,non-hate,10.31505,1.622282,8
6937,现在包括安徽苏北整个江淮系大概占25%,non-hate,4.3843207,4.502437,5
4294,上海人已经躺平了，你们说的都对对对对对,non-hate,4.8295226,4.9817505,5
5123,艾滋病你了解一下,non-hate,11.169748,-0.4650519,0
2690,我觉得歧视这个词被用烂了也用错了，歧视指的是不正确不符合事实的认识，如果一个观点符合事实那它就算不得歧视,non-hate,7.971725,2.2682924,6
2137,这个作者一口一个中国女性，他只是在说女权?,non-hate,9.2694,0.84975606,4
6650,你这话说的，我反驳的点是他说女性之间友谊的虚伪而不是人品的不端。别把男女分开说，是个人周围产生品行不端的大家就会离开他，这都是非常正常的。跟女的不女的没关系。,non-hate,10.290404,0.9299988,4
7522,如何评价这种人,non-hate,10.287928,4.0940313,6
3122,犯罪预备军。明明很丑,non-hate,9.160518,3.3815808,2
1103,以前的邻居是我爸老同事一个回族大伯过节就送给我家油香。人好,non-hate,5.4228773,2.9039724,8
876,你是全国人？,non-hate,7.4536166,3.8027635,0
3425,外国女人说中国男人对吗？,non-hate,8.324623,0.9714979,4
7951,你妈养你这么大，你这样说她我觉得你丢人，她当初不如把你丢掉，没哪个父母不爱自己的孩子都，她这样说一定事出有因，倒是你，真的不懂事,non-hate,10.141837,3.5207725,6
3490,就是一个外网普通论坛，什么都可以发，可能就是一些极端人士发的极端的话。,non-hate,11.753376,3.2682238,7
5169,度度拿不出我是小号的证据只能转进，转进两次都被我打脸打回来了，也是够窝囊的,non-hate,11.58785,3.8405395,7
7898,你们特莫sb吧，脑袋进屎了吧,non-hate,10.831754,4.0864043,7
2602,可是如果那个撒匹是自己亲人呢，怎么办？还能割离？,non-hate,9.48826,3.6862478,2
3734,如果各位不想被地域黑，同样地，对别的地区也不要地域黑,non-hate,6.330474,3.3643324,5
7795,集美们，拿刀真的有用😅,non-hate,9.755815,3.671278,8
6232,🐶快把陕西也算上，现在轮到陕西了，西北也快沦陷了,non-hate,4.9600697,3.473472,5
5322,李将军？他可是一名好人,non-hate,9.904736,2.4001865,8
5899,我们要怎样才能阻止这东西,non-hate,10.978628,3.3285806,2
6848,劳子每天编辑文案，记录与敌人战争的每一天,non-hate,11.179158,3.3901677,7
7929,这个freya冯丽的言论属于反人类了，微博是不是没有管理人员啊😲,non-hate,11.391156,3.1122835,7
6215,第一还听说用传播范围定罪有无的，传播范围小就无罪了？再说艾滋病男传女的几率要大于女传男哦。,non-hate,11.086824,-0.35914615,1
6336,加油！！坚持！！这个吧不能再沦陷了！,non-hate,11.560734,3.4336271,7
1741,是你上来先讲一句骄傲的先富人，请问你从我的文章中怎么看出我骄傲?,non-hate,7.6219316,3.5140266,6
6213,不过专车比其他确实贵几赔,non-hate,8.652383,3.9355175,8
6416,有些人啊，就是活的不明白怎么让自己活得好，才是真实需求，别人过得不好，自己就开心了，这叫虚荣再说了，上海生上海长，活得不如人意的人也很多，哪个地方都有，很正常的事情，个例e非得上升到地图炮，真的是无语,non-hate,5.006391,4.8047,6
7805,这b的确不是好人,non-hate,9.733336,3.8149197,2
18,Xg有些老年人也是這樣。不敢舉例詳細說，怕被關進小黑屋。,non-hate,8.946515,3.1900997,6
221,我刚刚看了你的回答 冒昧问一句你老公是什么家庭出生的 我觉得我也忍不了爱情背叛 而且主要是其实你应该当初上个985研究生遇到更好的男人,non-hate,9.998101,1.4153216,6
7746,不错了快感恩命贵们吧,non-hate,8.856117,4.309533,8
5849,河南人的确骗过我啊,non-hate,4.4819813,2.688015,5
575,美国有种族歧视，中国有地域歧视很正常,non-hate,7.191332,2.2380586,3
2120,其实，爱滋在男同里的比例很低，反倒是异性恋得爱滋的比例高，不信去上网查查。我国对同性恋采取不反对、不提倡。,non-hate,11.1207,-0.22271322,1
3303,祝大家周末愉快,non-hate,8.551664,4.480166,8
4199,女权组织都批判。。。什么成分？,non-hate,9.413017,0.7527772,4
3894,因为太多人的否定了，所以我还是害怕,non-hate,8.79672,2.9111254,2
2160,其实只要记住两点就行。1.作案者是美国人。2.此人名字是一个典型的阿拉伯名字,non-hate,7.695203,2.0707538,3
3556,从十年前开始，你就应该天天刷这答案。,non-hate,8.025064,3.4043243,8
3172,前一阵子有几个拿学历说事的喷我，说我不用写作业不上学是文盲辍学者。我寻思着这个社会上还在上学的才是少数吧。,non-hate,9.100612,2.845598,6
3630,我们这里不管男的女的，如果不结婚就不能上族谱……虽然说现代也不在乎这些,non-hate,9.101623,0.14696407,4
1511,你起诉动物吗？,non-hate,10.407009,5.282677,0
2696,怎么？我就是这样觉得！,non-hate,9.306325,5.2634454,0
4718,6666 自然而然的事 不应该被污名化,non-hate,11.063075,2.5612216,8
1589,毕竟人家祖上也说说中国话，跟咱也勉强算同文同种,non-hate,6.5361876,2.5082052,3
3852,这也太不公平了,non-hate,9.229161,3.8324468,2
2641,楼主自我认知非常清晰,non-hate,10.0494995,5.3522906,0
5238,不好意思 不懂什么是踩评论………我以为是赞的意思??,non-hate,11.186862,3.7259662,7
7621,双标给他玩明白了,non-hate,9.719696,4.020151,2
4291,我室友就是河南的😂天天听他说，洛阳口音,non-hate,4.6191077,2.7844129,5
7177,哈哈哈，笑死我了，你自己说的你自己真信吗？我说我家的狗会打鸣，还真有人来借我的狗去报晓？,non-hate,11.164472,5.098231,6
5052,你说的这个微博上曝光过……,non-hate,11.507932,2.9762046,7
7226,基本上人的意识是由于现在的大脑产生的。也就是每个人出生的时候，DNA和环境（物质）一起来组装一个新的人体，大脑既需要DNA来组装成基础模块，也同时从环境中学习知识，共同来形成意识（以及一些意志）。人死亡时大脑就死亡了。但之前的DNA还是之前（加上在环境中不受意志所控的变异），如果在死亡前选择生育，它们会和新的DNA组合（其他人身体内的DNA）成新的DNA模块，形成新的人体，但这个人已经是别人了。所以之前的人已经完全死亡了。DNA是没有意志的，所以不存在“你的个体”被传递这种事。被传递的只是DNA的信息。如果要定义“通过复制基因可以得到永生”，就和没有买彩票却幻想明天中了五百万要怎么花其实差不多的。因为本质上都是幻想。,non-hate,10.13052,0.18245408,6
3819,做过错事的来领道歉信，按格式写完交给我，谢谢,non-hate,10.119458,3.626766,7
3860,天津人心碎……就说没钱就是原罪呗,non-hate,5.064452,3.2732615,2
1508,c语言那个点开动态看一看是不是第一定律,non-hate,10.026017,5.149899,8
2925,确实，你稍微可以去了解一下中国男孩在东南亚和欧洲的风评。绝对比国内好得很多很多。,non-hate,7.99945,1.0218623,3
5811,北欧三国是怎么积累财富的？,non-hate,6.6856318,1.9780947,3
7077,个人觉得，如果是结婚的话，如果自己不是处也不能要求对方是处吧。而且现在社会很开放，情侣在谈恋爱发生这种事情也不奇怪了,non-hate,10.7277355,0.5249933,1
1207,发达还穷的叮当响？你以为南方穷人少？,non-hate,5.768242,3.8685591,5
1132,你要考虑一下是不是上梁不正下梁歪。,non-hate,9.21496,3.3405175,6
10,猪头肉哈哈哈哈哈,non-hate,11.325741,5.0047293,8
2588,如果你的亲朋好友出现了同性恋呢,non-hate,11.408713,0.56619793,1
4396,那当时李世民祖宗能想到以后会同化吗？没有啊，人家就没想过生纯汉族血统后代,non-hate,5.8772845,2.491305,3
6237,麻烦你下回举证用：江桥抗战，国际公认反法西斯战争第一枪！,non-hate,6.013655,4.6589513,5
2686,视频是好视频，有教育意义,non-hate,10.211938,4.7309003,8
3173,妥妥的钓鱼理她干嘛,non-hate,12.199592,3.071677,7
6193,你自己的命，我劝你珍惜一点。每个生命的出生都是奇迹。,non-hate,8.687957,3.0834043,0
4400,河南几亿人，出几个人渣还是有可能的😅,non-hate,4.632991,2.452139,5
2687,答主有个逻辑漏洞，不是说支持就是多么高尚多么厉害，这与口味怎么样是没法比较的，因为这牵涉的是人最基本的权利能否得到保障，而这些支持的人就是在保护作为“人”的最基本权利,non-hate,11.039459,1.7964768,6
161,直男不会挑礼物不是很正常，男的一出生就要知道那些高端口红吗,non-hate,10.377849,1.7307249,6
4157,我完全同意你找,non-hate,9.234427,5.7022104,0
676,当然。连动物都知道公母，雌雄之别,non-hate,10.482038,0.76643646,8
4393,如此下去，恐怕人要变得越来越傻了,non-hate,8.574427,3.5010326,2
663,结果女权吧的活了不到五分钟就被删帖了,non-hate,9.888516,1.0104012,4
824,但她害起当地的中国人，工作中暗中搞鬼，被辞退了破坏中国公司在当地的商业进展不会手软。,non-hate,6.8348455,2.7861025,2
4332,这个段子几年前就有了，一直不缺搬运工,non-hate,10.660123,3.9495475,7
7198,评论区里面的三观真让人叹为观止。 这就是大国气度？ 如此狭隘就是我们几千年文化提炼出来的精华？,non-hate,8.208459,2.530382,6
987,黑人没有大量贩卖到法国葡萄牙,non-hate,6.931545,1.3969765,3
2151,这不得好好庆祝下。,non-hate,8.675973,4.566426,8
4259,这话术辣嘴，我没法强逼自己说出口,non-hate,9.920737,4.3908606,7
2202,哈哈，骂的最狠的还是山东人自己🤣,non-hate,4.3229117,3.6420484,5
4588,不少啊，但最起码有自知之明就是好的，你能不能看一看图片上的题目？,non-hate,8.645423,3.772049,6
4580,有他的地方就有他儿子,non-hate,9.701979,2.875325,8
5051,楼主说的非常棒,non-hate,9.672753,5.580996,8
5605,全国高考都做不到同一张试卷，还大同世界呢，这不开玩笑么,non-hate,7.2355824,3.7448535,3
7053,你随意就好,non-hate,9.345799,5.1228275,0
7695,你接不接受有什么关系吗？你给男人掏彩礼？还是给男人买房买车，工资卡上交？你什么都不给男人，那你接不接受真的毫无价值,non-hate,9.674439,0.42540494,4
4301,我什么时候说被国男抛弃女性就活该了？被抛弃的女性永远是受害者，渣男部分国界，不负责任的男人到处都有,non-hate,8.434759,0.9377764,4
4518,额，器质性变化不好恢复。你不介意么,non-hate,10.006309,1.552881,6
5665,你看你的网名叫春夏秋冬，我把你叫春夏知了，你同意吗？,non-hate,11.707276,4.267323,0
2827,该这么说呢，个人感觉反同的规模不会变的更大。。现在的人都素质了现在更多的是恐同人士。,non-hate,11.566581,0.9629899,1
7613,笑死我了智商是硬伤啊,non-hate,9.669081,4.406421,7
3956,是我不配了吗😭😭😭,non-hate,9.427812,3.5059202,7
3766,你这放在春秋战国时期也算是混血了,non-hate,6.098013,2.3689177,3
5920,美国也搞和谐,non-hate,7.533383,2.5800388,8
3737,不仅有，而且在大陆的黑人，很多都有中国女友,non-hate,7.578466,1.1806822,3
6819,虽然但是我好喜欢广c人说话,non-hate,5.622244,3.8360755,8
2496,可以理解，你身边估计没有这样的人，你对同性恋的了解可能仅存于网上耽美小说，真正的爱情无论是男是女都是可以打动一个人的，我身边就有这样一对情侣让我彻底改变了对同性恋的看法，真正接触到才会发现同性恋就是普普通通的恋爱呀，和异性恋没有什么区别，那些同性恋者很勇敢，他们可以在常人的异样眼光下勇敢的表达爱情，真正接触了才知道原来同性恋不是下流恶心的，而是和异性恋一样纯洁高贵的爱情,non-hate,11.107695,0.68014437,1
3301,那些找黑人不要彩礼的姑娘，如果找中国男人也不会要彩礼的，那些找中国男人要彩礼的，如果找黑人也会要彩礼的。你说的完全是两类人，但他们都是女性,non-hate,7.7792754,0.9909508,4
6396,缺了一个城市，西安热搜之王，流量密码,non-hate,5.084001,3.4303238,8
2963,地域黑的首先是不尊重这个地方人民的情感，而且完全没弄明白人生在哪不是他能选的。这些人要是生在上海，肯定不会像现在一样说这么多废话。,non-hate,4.9915547,4.622179,5
5281,我浙江的，我对安徽人只有好感，虽然来浙务工的很多，但都很本分很踏实，做生意什么的很勤奋也不会缺斤短两。安徽人身上有气节!,non-hate,4.5109873,4.107209,5
2088,有联系方式吗 这个女的 我要加😊,non-hate,10.47804,2.604831,7
312,老外都看明白了,non-hate,7.295765,2.7521164,8
7168,本科在武汉读书，感觉武汉对河南人偏见还是比北方省份小的😅,non-hate,4.367098,2.924276,5
7946,你这不就是说了句废话吗？就算是中国的帅哥也可能有艾滋病啊！,non-hate,11.124708,-0.43256328,1
2979,这是谣言，这则消息批评的人是美国的亚裔女，之前看到过辟谣,non-hate,8.8793335,1.0659522,4
7758,枪毙他，他是中华民族的罪人！！！,non-hate,8.137613,3.1297054,2
3760,别的不说，家暴确实不可取,non-hate,9.261281,1.8369288,2
492,emmm 百度说的就一定对吗🤔,non-hate,11.73228,3.4576473,7
6699,吴亦凡是澳大利亚人,non-hate,6.6704774,2.2562041,3
5835,女人如果嫁到外国人小孩不能在中国读公立学校只能在外国人的私人学校读书,non-hate,8.338719,0.64355177,3
5818,物种伸缩范畴太大。自然竞争下终归离不开残酷的淘汰。,non-hate,8.026689,3.042439,6
3022,考古来了，目前山东被黑的风口浪尖上，这种反问没话说了吧，希望你能明白，不要心存偏见,non-hate,4.423399,3.6181123,5
5093,快进到江西起义,non-hate,4.8166494,4.1727395,8
3576,她中路不发信号导致我被对面抓了然后她来这出？,non-hate,10.553722,2.9216201,7
7454,动物袭击直接击毙就好了,non-hate,10.819171,5.349571,2
939,你圈子里没有就代表没有？,non-hate,10.171647,3.5950716,6
3102,恋童癖是一种精神、心理障碍，而同性恋是一种正常的性取向，两者根本不同好吗？,non-hate,11.297351,0.3744642,1
8012,听说你是疯狗？,non-hate,10.53944,5.3062277,0
2462,山东完美契合，尤其是文化价值观那点。你看看这个问题，提法内容，背后的逻辑就知道了。,non-hate,4.4283705,3.6676402,5
6138,学好马克思主义回去建设你的祖国！,non-hate,7.6742024,4.04243,0
3984,如果不是，他怎么不拿出证据？,non-hate,9.526808,5.542902,2
4706,我寻思这不都是上海人自己争取来的吗？😆,non-hate,4.673369,4.969856,8
4943,打字速度可以用语音识别替代,non-hate,10.489578,3.4562433,8
2416,黑东北是某年之后爆发性出现的，大概是2013前后。你可以发现很多吐槽东北的号都是小号的感觉，除了黑东北之外都没有别的使用痕迹了。东北经济大不如前，所以这里的民风肯定算不上第一梯队，但也没有这几年网上妖魔化那么严重。,non-hate,5.559573,4.4199696,5
7327,画重点“央视网”。真是屠龙者终成更恶的恶龙。,non-hate,8.418535,2.5853124,2
4968,我也不讨厌,non-hate,9.502559,3.2327778,8
7730,知乎上最多的就是伞兵问题,non-hate,10.6007,3.155292,7
4321,以女权的看法建议你分手，原因不是他打你，而是你男朋友太暴躁，日后时间长了，什么事都可能发生以男权的看法建议你应该多了解男朋友，尽可能避免冲突，以免再发生类似事情,non-hate,9.962407,1.4425049,6
1713,楼主这讽刺深度真厉害,non-hate,10.015229,5.3441534,7
3002,JATOO也是食神，，，,non-hate,10.972265,4.847194,8
3975,可能是仇富心理在作怪吧,non-hate,7.4626617,3.2080011,6
1575,唯一网上看到的一例，穷小子在非洲打工，带回来一个。这种是国内实在找不到，也没东南亚的路子。,non-hate,7.5828247,1.6030757,3
6439,20W你天天去洗脚能下半身都洗秃噜皮………,non-hate,10.567738,3.8973293,7
3088,妈呀，谁吹了，根本没人关心张好嘛,non-hate,11.210717,3.22917,7
2438,这好像是友军吧,non-hate,8.965476,4.146114,8
873,万一是中国人呢？,non-hate,6.8347683,2.586581,3
672,可以穿啊，我校以前有缅甸老挝留学生就是穿长裙的。楼主你也可以的，多元文明共融。,non-hate,8.395912,1.4125026,3
7704,第二張圖無感，第一張圖真伞兵，另外男足真是不爭氣,non-hate,10.5549555,2.8449647,7
5232,这狗知道那些小狗是它的孩子吗？真是它的孩子吗？？？,non-hate,11.059165,5.18748,2
2718,告诉我为什么吧主之前报警为什么把你吓成那个样子，是不是心虚。,non-hate,11.292088,3.9769273,7
5236,反对一切地域黑。表扬可以面上表扬，批评一定要就事论事，批评一个点，不映射一个面,non-hate,6.3331738,3.4107742,5
512,底层逻辑，希望广大男同胞注意,non-hate,10.258404,1.3348426,4
1683,评论区太和谐了,non-hate,11.334236,3.7181897,7
7849,谁会在乎厕所里那坨屎不臭？也就楼主很在乎，毕竟《它》天天吃。,non-hate,11.050186,4.9005094,6
1175,？什么情况，答主不是男的吗？,non-hate,10.349694,2.9593368,4
3006,似乎长久以来很多中国男人都有这种心态：现在我刚毕业没什么钱，我的收入不高，我还不够好，我不会收拾捯饬自己，我的外形太土了，我的身材不够好，我担心不能给她想要的，所以我现在不适合谈对象，准确的说是不配谈对象，所以在面对女人时就会没底气信心不足！,non-hate,10.036613,1.1080248,4
2258,把鸡胸脯肉和鸡腿肉剁成块，用咖喱粉、胡椒粉、洋葱、柠檬、姜、蒜、盐、鸡精和少许黄芥末酱混在一起，腌它个几小时，然后它们都丢到大锅里面去乱炖烂煮，用铁棒子搅和搅和，就能做出香喷喷的尼日利亚黑人菜了。非洲料理一般不用油炒，就是以熬煮和火烤为主。,non-hate,7.1136937,1.7236125,3
2541,哈尔滨男人好惨,non-hate,5.508735,4.9870343,5
2723,托他的福黑人吧变得像个水吧和搞笑吧。,non-hate,7.0174637,1.4328245,2
7457,男孩子惨唉😔,non-hate,9.6374445,2.4146557,7
7958,我靠，网络上说话就是可以不负责,non-hate,11.178966,2.819172,7
7753,这B要浸猪笼,non-hate,11.3026,4.9714217,8
5824,旁边那只猫头鹰更好看,non-hate,10.263206,3.2579656,8
7255,普通女性真的对黑人不感冒好吗？连巴基斯坦类似中亚人都不喜欢，因为真的觉得奇奇怪怪的。,non-hate,7.5106254,1.1585755,3
1971,这么自信别匿名啊,non-hate,10.690224,3.4674804,7
7739,你接受不了别人的择偶观，你就闭嘴，你这样不也在批判这位喷神吗？,non-hate,10.537446,1.9301137,6
1250,我怎么觉得你在说两广呢？,non-hate,5.491086,3.649343,0
7820,目前的资本制度本就是物化、异化劳动者啊。马原都学不明白还想扯虎皮,non-hate,8.080227,2.91001,6
2274,说事实也叫黑⁉,non-hate,6.19216,3.3696446,2
6036,甘肃人表示没话说😞,non-hate,4.747656,3.2646735,5
7209,别人问地你答天,non-hate,9.594515,4.64627,0
1967,挪威政府由女性领导：首相以及外交、财政、司法大臣和议长都是女性。而且政府中四个执政党的领袖都是女性。议会中40%是女议员。首相索尔贝格说这“女性领导力与男性领导者一样自然而然”。,non-hate,9.430052,0.4678164,4
3035,不知道吧里真正懂太乙神数和奇门遁甲和大六壬的大神还有多少,non-hate,11.989559,3.6248806,7
4307,你确定？？？你能不接受新冠病毒的存在？你不喜欢香菜你能把香菜灭种？,non-hate,11.118741,1.8324468,6
8028,我193，能不能让我透,non-hate,10.434889,3.836134,7
3195,韩国不也一样？,non-hate,6.915169,2.2757087,3
5266,那是个别部分极端的人，就和说吃榴莲变态的人是一类人,non-hate,8.688226,3.3230891,2
3595,不过外国语啥的确实要小心,non-hate,7.3319416,2.7463293,8
6060,一般分家超过五代就不算亲戚了，所以如果你祖上五代也是天津人那么你就是天津土著，跟沈阳，北京，江西什么都没关系,non-hate,5.4984365,4.161273,5
7919,因为蛆就是畸形,non-hate,9.0937,3.751092,2
7855,你没有必要强调自己的性取向，因为没人会喜欢你这头正宗肥猪,non-hate,11.07764,1.1670082,1
1872,拿刀的女人确实比强壮的空手男人战斗力高。,non-hate,9.026471,1.7012484,4
6291,什么玩意儿。反正我身边的漂亮女同学都跟我玩儿得挺好的，也都很有素质，我也没见过什么乱七八糟的女拳行为啊。少上网，各位。,non-hate,9.941383,0.74083865,4
1149,因为时代变了,non-hate,7.9740696,3.3112035,8
5588,据外媒11月13日报道，芝加哥大学中国留学生郑少雄枪杀案嫌犯被捕。嫌犯是一名18岁的黑人，被起诉一级谋杀、持武器抢劫和两项非法使用武器的罪名。,non-hate,7.929958,2.0037925,3
6652,别人男同也是有尊严的好吗？,non-hate,11.196043,0.72087747,1
8008,我们的声音这一类的发言都属于纱布,non-hate,9.091114,4.101094,2
3380,从来没听说过安徽人嘲笑什么江北八市，别有用心的人带节奏，还当真啊？？？这么多省里，我真心觉得安徽人大多数在网上太老实了，甚至弱势,non-hate,4.3900733,4.2608833,5
7480,惊了，居然是这个up，当初看她是因为手和脚特别好看,non-hate,10.71218,2.7399611,7
5164,PUA呗，贬低你说你一文不值达到从精神上控制你的作用,non-hate,9.719198,2.8968203,6
7696,跳梁小丑寻组织来了lz说的是你,non-hate,9.864147,3.8612766,7
5815,澳大利亚的一项新的研究显示，由同性伴侣抚养的孩子要比传统家庭抚养的孩子更加健康，有更好的社会福利。　　墨尔本大学的研究人员展开了一项被形容为是世界上最大的一次类似的调查。他们共调查了315对同性伴侣和500名儿童的健康状况和社会福利。　　主导这次调查的赛门·克鲁切(SimonCrouch)说，由同性伴侣抚养的孩子在健康状况和家庭亲密度方面比总人口平均高出6个百分点。　　他们调查的内容包括家庭相处的好坏程度。克鲁切博士说，看来同性伴侣的家庭以及他们的孩子相处得很好，这对孩子的健康起到积极的作用。　　澳大利亚统计局的最新数据表明，澳大利亚共有3.3万个同性伴侣家庭。　　基督工组织“澳大利亚家庭之声”(FamilyVoiceAustralia)的研究工作者罗斯林·菲利普(RoslynPhillips)说，应该谨慎对待这项研究。她还对主导这次调查的赛门·克鲁切的客观性提出质疑。　　但来自同性伴侣家庭的克鲁切说，他的个人现状并没有左右这次调查的结果。,non-hate,11.116906,0.21571107,1
3477,它要是这么有意见就不改呗，说的就好像受了天大的委屈似的,non-hate,9.787261,3.999246,2
5417,小朋友，别再给河南招黑了,non-hate,4.3399987,2.7037113,5
6489,这个政治非常正确,non-hate,9.0786,5.643608,8
5092,我认为不是先天的，但有的营销号说是先天的博取关注,non-hate,8.773696,1.5308831,6
1734,嫁个能发动全网媒体辟谣的男人,non-hate,10.061979,2.314469,8
1606,我只歧视那些歧视别人的人😊,non-hate,8.369807,2.6760755,2
7469,只有微博一个社交平台是女性发声集中地，然而男性有虎扑，有知乎，有豆瓣等等社交平台，为什么你们连一个女性发声社交平台都不允许呢？虎扑玩的多脏啊，肆意评判女性身材。,non-hate,9.99692,0.8594856,4
5657,主要是同性伴侣关系更和谐的原因吧，异性生理差异争吵多,non-hate,10.615342,0.59600854,1
7102,这种占座的事还真让我碰到了,non-hate,8.705201,4.512885,8
2844,说的就是这个打法么？😜实用啊,non-hate,10.764681,4.206359,7
7347,有交流群吗,non-hate,10.624689,2.1613135,7
5240,这边风景独好,non-hate,8.752854,4.1664186,8
1885,弟啊，花呗了解一下,non-hate,10.793228,2.5260272,7
4939,备注：本人于今天上午一点发的同名帖子被系统删除，删前已有100多评论。大家猜猜是怎么回事呢,non-hate,11.920101,3.853832,7
1550,你爱买越南新娘是你的事，就别代表中国好男人说话了😂,non-hate,8.293803,0.9405475,4
6454,我也完全懵逼，烦死现在我都不上知乎了，除非有什么必要的问题,non-hate,11.114257,3.5820022,6
3031,如果有人问如何评价，我评价建议去微博而不是来贴吧,non-hate,11.413599,3.1920643,7
1832,你哪来的结论，我实际考察了四川各大高校根本不是。,non-hate,6.492505,4.0471716,6
3232,我是同性恋 从小都是 我也能理解别人对我们的不理解,non-hate,11.341639,0.6409092,1
6980,好看的靴子都是为女人设计的！男靴虽然这些年有所复兴，淘宝款式多样，但还是远远不如女靴，穿的人也太少！其实马丁靴、长筒皮靴、雪地靴最早都是男人穿的！如今大冬天大多数男人哪怕上衣再帅气高端脚上依然是很土的运动鞋破皮鞋甚至露着脚踝袜子！这真的很奇怪！这种两极分化极不正常！,non-hate,9.797092,0.99946135,4
4051,你的回复我看不到？,non-hate,11.11079,4.190823,0
4899,无后为大，没有后代就是大爷,non-hate,9.300001,-0.044409275,4
4219,图一这脸有点疯狂原始人的味道,non-hate,10.631576,2.985792,7
7191,中国没有同性恋或者什么什么恋？他们都有一些共同的称呼情侣，爱人，红颜，知己,non-hate,11.229968,0.45394176,1
2603,这个女网民她是高级黑，是黄皮肤中国人嫁给非洲黑人，她是研究生学历！,non-hate,7.627506,1.2099313,3
4328,湖南挺好的啊，去旅游被索道吓的一愣一愣的,non-hate,5.1456347,3.7439902,5
1398,慈禧说得真对,non-hate,9.129598,5.6749897,8
4158,可千万别带上河南人了，现在河南人风评已经不错了，都是觉得他们踏实肯干。其实全国各地有哪个地方没有黑料，只是有些是调侃，有些是讨厌罢了。,non-hate,4.9727955,3.0320368,5
6395,下面那个回复太有才了,non-hate,9.658138,5.4101143,8
7068,哈哈哈这主播有点实力啊！,non-hate,10.748266,4.6952405,7
4596,个人肯定没办法对他们好，但是从法律上来讲的话确实没办法,non-hate,8.860386,2.7705486,2
3386,顶上去，让它们多多发电,non-hate,8.510078,4.5984907,8
6458,无风不起浪，我就被河南人骗了几回了，没得洗,non-hate,4.654416,2.5252547,5
4037,别人正常恋爱结婚怎么了？,non-hate,10.552512,1.2601323,4
5566,不接受也无所谓，有接受的也有不接受的。但是骂出来就不对了，拿答主你的【吃辣】的例子来说，不喜欢吃辣还骂别人吃辣的人，恐怕用【稍显粗鲁】来评价太不痛不痒了。,non-hate,11.068986,1.8534695,6
1393,PC咋啦，这些人对自己人狠,non-hate,10.030398,3.508854,2
5064,实现共产主义是共产党党的最终目标，你想干嘛？,non-hate,7.7668056,4.0585775,0
1535,哥们，你真是👍👍👍,non-hate,9.115238,5.094192,0
2104,5000阅读量，这是哪里引得流,non-hate,11.479996,3.2362072,7
2748,同志本来是代表革命者的什么时候用来代表同性恋了?,non-hate,11.430184,0.48676613,1
7145,真是奇怪国际法写的清清楚楚，种族歧视只是一国人而已。归划人不在其种族歧视的范围之内。,non-hate,7.3282547,2.1186376,3
6369,那她得不介绍她的社会关系。,non-hate,9.244998,1.8319192,4
7271,给你一个送我彩礼的机会,non-hate,8.853489,0.15914789,0
5598,不一样，塞尔达没了可以打，打完跟以前一模一样，而且没朋友，又没人牵挂着你上线,non-hate,10.997626,2.996349,7
1830,大伙集合了,non-hate,8.345861,4.322104,8
6526,本人曾经向他指出这一点，对此，他选择了转移话题,non-hate,9.307991,4.147594,2
2673,记住，人人生而平等，你歧视别人的时候自己已经堕落了,non-hate,8.494669,2.8408084,6
26,江西为什么是第三号坏人,non-hate,4.415768,3.858851,5
6535,有这种同事都是敬而远之。,non-hate,9.661979,3.4264953,2
6042,婆罗门性别是这样的,non-hate,10.183368,0.84187293,4
6588,11.让全球气候变暖12.导致世界金融危机,non-hate,7.7858577,3.071428,2
4502,男女两性是不一样的。,non-hate,10.027617,0.9320177,4
1639,看你俩好像都是友军,non-hate,9.01013,4.2975907,0
6326,我是直女，我也是性向平权主义者。其实吧，接受或者不接受的人，我都能理解他们。我真正为他们可悲的，是自己不理解不支持同性恋，还不能理解我们为什么要支持的人，他们的世界实在是太小了。说起这个，有同事曾经问我“你更不能接受0还是1”，我坦然回答“我都能接受，我不歧视同性恋”。他追问了我三遍“相对来说呢？勉强选一个？”,non-hate,11.278849,0.50098205,1
77,您如此高傲的挑衅全体人民的行为可真是让人始料未及呢,non-hate,7.2752047,3.5363212,2
7618,以偏概全，就是你的思维方式？希望你早日脱离这种落后的思维方式，八婆其实也是一种落后的思维方式导致的行为方式。@百舸争流,non-hate,10.1291,3.2595623,6
5180,这让我想起我初中时班上有个侏儒 老师让我们不许歧视她捉弄她 要带着她玩 所以我们女生不论做什么都会尽力带着她一起 调皮的男孩子也不敢捉弄她嘲笑她 一学期下来 她开朗了特别多,non-hate,10.607841,2.197663,6
1768,我在湖南旅游玩的很开心，好山好水好风景，历史文化积淀深厚，除了美食太辣都挺好的，本东北老爷们被辣的不要不要的,non-hate,5.2694235,3.7576237,5
5652,洛阳口音和商丘口音还有信阳口音你能分清嘛,non-hate,4.596147,2.776196,5
1699,可能会更多，那个统计没有考虑到不同人群。实际上大学生感染艾滋病的几率是不断升高的。更何况很多艾滋病携带者自己都不知道,non-hate,11.05145,-0.35721892,1
7635,伞兵，我是友军，没看我是高级黑吗,non-hate,9.102937,4.128547,7
5933,这也是醉了。什么时候异性恋还需要别人认可了？,non-hate,11.130734,0.75986594,1
6306,评论区谁破防了我不说🤔,non-hate,11.320054,3.6021063,7
6238,同性恋又没触犯法律国家当然不管也管不了总不能抓起来吧，既然管不了干脆不管了反正又不影响社会稳定，不是国家认可，是国家不管。国家不在乎。,non-hate,11.32301,0.5177387,1
209,孩子倒是很有理想👍,non-hate,9.298813,3.0328095,8
3978,最后一个，馋到我了,non-hate,10.501365,5.0614476,8
2730,这东西不分男女,non-hate,9.9238205,1.3731436,8
3021,既然都是和外国人结婚，那就是一样的,non-hate,8.220195,0.7320662,4
2346,这方面的报道我也看到过，女的多数具备双性恋倾向，性取向的矛盾在于男性。,non-hate,10.510439,0.5972435,1
782,它们要的是特权,non-hate,8.418834,3.6517284,2
4923,不都是 吃河南粮食吗,non-hate,4.4976063,2.76521,5
7843,额，你不会以为同看到你就会疯狂的爱上你吧，有点自知之明行不行,non-hate,11.037668,1.439275,6
5237,我是河北滴,non-hate,4.7897954,3.4199994,5
6018,可能你有十几二十个人追吧，所以有人喜欢你你也觉得理所当然,non-hate,11.009207,1.328067,6
3525,前提和推理不足,non-hate,9.838513,5.229452,2
7770,黑人至少比你强多了,non-hate,6.9325924,1.3450296,3
653,😅我就知道会扯上安徽,non-hate,4.296,4.106158,8
3705,哈哈哈哈哈怎么一天到晚把彩礼挂嘴上 谁问你要彩礼了,non-hate,8.865269,0.12245926,4
6943,我山西其实还好，算是刻板印象,non-hate,4.607391,3.7051334,5
7016,之前我没深刻体会，这次的鹅乌大战倒是敲醒我了,non-hate,7.7402816,3.7196417,8
7629,别自我意识过剩了。别人看你也一样hui气。,non-hate,9.377999,3.2027009,6
2017,这位四川朋友没说错呀！,non-hate,5.4703593,3.2445598,8
7215,这地方在全国是出了名的,non-hate,6.0516996,3.5351048,8
2928,这不就是全人类英雄这个美国警察正道之光,non-hate,8.573642,4.2010975,8
6320,人造子宫不是为了贬低女性，是为了女性不受十月怀胎，骨肉分离之苦，谢谢,non-hate,9.486379,-0.022844834,4
6823,控制三非不应该是片区警察这种终端承担全部责任，而是从引进的源头做起。以前引进个外教还要检测艾滋，现在好像是啥都不需要了。,non-hate,7.092832,2.018752,3
1152,你太小看美颜了，怎么就不能是男的呢，男的你一样看不出,non-hate,10.551028,2.5433636,7
7993,恶意p图现在又想反咬一口？？？？你脑子有大病,non-hate,10.7168045,3.0617647,7
3798,我被封过一星期。说的很光荣似的,non-hate,11.4570875,3.8430405,7
1694,当今网络上人们人们发言都无所畏惧，不正常的言论无限放大，耗尽了大家的信任。正常的人也不可能天天无聊在网上吵建议楼主还是多关注现实，提高识别能力，至少我觉得身边男性女性都还挺正常的，很少遇到三观离谱的,non-hate,10.366888,1.219703,6
7141,是日本比较喜欢江浙人吗，尤其南京,non-hate,4.830112,4.393525,5
1274,看看你楼上就知道到底哪严重了😆评论区简直是直言不讳,non-hate,11.349598,3.5557868,6
7194,我接触的河南老哥虽然有时候拎不清，但是实在是真实在，不好吹牛真是非常优良的品质,non-hate,4.676282,2.6629326,5
6675,你是独立的个人。你应当拥有自由。,non-hate,8.906324,2.4929857,0
4017,说实话我可能更喜欢 类机械化 的东西，相比起生命我可能更喜欢无机物。😜,non-hate,8.564054,3.2475383,8
7772,乐了 自己吃饭都是问题还老想着血统 那群人脑子里可能装的是💩,non-hate,7.9715557,1.6131954,6
5696,标签是会越贴越多的,non-hate,11.629419,3.6285322,2
7894,看到这货的评论瞬间觉得真特么晦气,non-hate,10.5795555,4.3795323,7
7741,你哑巴了？这不问候回去,non-hate,10.302586,3.99123,0
889,doi是啥,non-hate,11.032197,4.2423267,7
2191,想加男权群可以私我,non-hate,10.028681,1.2970563,4
4713,你这样在美国是要进警察局的,non-hate,7.9726224,4.1705527,0
4865,老话说得好，狼行千里吃肉，狗行千里吃大便,non-hate,11.153882,5.2592225,6
6231,txl和yxl都进来看看，给你们看一个双面人,non-hate,11.629817,3.7850184,7
6979,有人管挺好的，没人管就变成透明人了,non-hate,8.520582,2.9550507,6
7740,不，你只有一个错误：浪费时间和**废话,non-hate,9.738277,5.069255,0
489,楼主高瞻远瞩,non-hate,10.133001,5.3864684,8
3306,你举的两个例子，我怎么感觉都没什么问题啊，警察处理问题难道不应说普通话吗，至少双方都应该听得懂吧,non-hate,8.377377,2.2462301,6
7776,一群小丑在靠攻击别人来装优越罢了😓,non-hate,8.993902,3.3803666,2
6507,可以结婚生子，然后就是这态度对她，爱过不过！离了更好！自在。离婚后可以谈女朋友，不主动不拒绝不负责，如果女方催婚，你就说本着“开诚布公”的态度，然后哭穷，保障女方立马就跑。,non-hate,9.417535,0.19090366,4
3018,我看了几个屈机头条的视频，非常的喜欢，里面的几位博士学者学识渊博，风趣幽默，对国家一片赤诚。非常的令人崇敬！可怜我只能在微博上关注搬运工，还得眼疾手快的下载，不能让渣浪抢了先。,non-hate,11.354361,3.162856,6
595,一百条才哪到哪，我那几个回答每个都有两百多条吧,non-hate,11.487303,3.4444768,7
4408,化学姐改名了,non-hate,11.874184,4.2151194,7
7709,的确有人天生是坏种，比如你,non-hate,8.703752,3.3351161,2
4602,最后一句笑翻了,non-hate,9.869271,4.7648907,8
4564,所以，我已经恶心死了。,non-hate,9.259893,3.8165853,2
5872,那你就别说她瞧不起外地人，只不过看钱罢了不就行了,non-hate,6.6596265,3.3243048,6
740,我想……我们得回归现实了,non-hate,8.403136,4.2689238,8
3731,我咋没看到反串差评,non-hate,11.216505,4.0920467,7
6885,我支持的是恋爱自由，我的话确实歧义挺大的😓,non-hate,10.581661,1.1156307,1
7924,他已经翻车了，找的论文都是野鸡论文,non-hate,11.220523,3.1503253,7
6662,不过医生好像也都意见不一呢而且并没有哪本医学书有写同性恋是疾病曾经诊断标准里有现在也删掉了哦当然你说这是一种退步我也不反对,non-hate,11.338553,0.43350765,1
7825,经典各打五十大板了，再扣个狗的帽子，很难不典😓,non-hate,10.97306,5.0671577,7
7220,😓豆瓣小红书你是看不到？微博的社会影响力也是这六个软件中最大的，无与伦比,non-hate,11.701207,2.8585293,7
2920,就这事就能看出这个酒厂估计没几年了，请代言人直接逆着受众群体选,non-hate,11.405464,4.059119,7
1504,人性就是这样，反正我也不是什么完人，偏激就偏激吧。,non-hate,8.944554,3.3539507,6
3465,咱们黑龙江和吉林没有出海口啊?出海口可太重要了，太羡慕有出海口的城市了,non-hate,5.4921064,4.429847,5
5078,炒作而已，这个女人没死。,non-hate,9.155181,1.9715194,4
7833,家政相当缺人啊觉得自己牛逼去应聘啊看能坚持几天被开除,non-hate,9.778724,3.1666172,7
6532,还你们 我从未发表任何关于男女话题 单纯不喜欢杨笠这个人 请你和我说话之前先讲道理 活该这两个字我是担不起的,non-hate,9.592182,0.76721764,4
5326,十八线小城有几个外国人？😓,non-hate,6.551694,2.8401492,3
2576,我就说一个，在华黑人除了留学生，除了跨国贸易，除了文娱还有什么，这样是很好针对的。,non-hate,7.0076103,1.5217754,3
7750,丑人多作怪,non-hate,9.212045,3.414643,2
6666,搞的那歌跟你出版的一样，是你出版的该你的也得受着，还轮得到你挑选顾客？,non-hate,10.217625,3.9936333,0
6728,小红书资深用户，刷到的都是美妆，穿搭，腹肌小哥哥，还有一堆妆改容貌焦虑的。,non-hate,11.708354,2.6156259,7
218,上海人笑而不语。看来全国人民都是一样的，哈哈哈哈。,non-hate,4.771836,4.987197,5
4539,支持你姐妹,non-hate,9.171832,4.7000065,0
2209,山西挖过煤,non-hate,4.7901015,3.7793195,5
3524,这个逻辑可以,non-hate,9.683105,5.2463083,8
3117,对优越感十分执着的人，内心一定是自卑的。所以，这个问题还需要深入挖掘。,non-hate,8.920297,3.0040073,6
6944,好家伙，你这是多重战略机遇叠加呀,non-hate,9.063341,4.9823294,8
7615,这样的人一辈子都不会被人看上吧,non-hate,9.669499,3.5709634,2
3225,这个观点我太认可了,non-hate,9.051638,5.7421484,8
1443,只希望能多接受我们罢了。,non-hate,8.916962,4.1853085,8
4163,视频真棒说的好。,non-hate,9.233416,5.5825486,8
1797,普信男是什么意思啊,non-hate,10.175724,0.96472317,7
7142,最搞的是它们的帖子只允许它们团队回复,non-hate,11.587546,3.6149368,7
7235,这是真女拳吧…😅还分上等级了,non-hate,9.563019,0.94594544,4
309,跟你一样的想法，感觉这个答主故作清高，自以为是。总以为自己的眼界就是世界，十分狭隘。还来一句骂人无所谓。,non-hate,10.0762825,2.987612,6
4147,怕死的百度,non-hate,11.929335,3.5913186,7
5735,非洲各国的艾滋病感染率是30-50%，而中国是万分之九，几乎是全世界最低。,non-hate,11.1215,-0.43018982,3
4924,有一说一，还真有可能是艾滋病人,non-hate,11.094192,-0.44757596,1
4647,好兄弟，别急呀,non-hate,8.79738,4.955441,0
6457,虽然不知道我自己能不能做到，能做多好，您的最后一句，抵制地域黑从我做起，我愿成为其中一份子,non-hate,6.4080353,3.4093726,5
7969,你真是个蒻痣,non-hate,9.132676,5.268115,0
2969,支持 这才是真正的平权男同,non-hate,10.020383,1.2535912,8
3643,其实这个外国有做过调查的，按比例上来看，现在确实是大部分男性更支持女同婚姻，大部分女性更支持男同婚姻。,non-hate,10.5366955,0.35587978,1
3528,还有一点我不明白，你现在为什么住南昌呢？,non-hate,7.1498165,3.7051127,0
8001,谁都有事情处理，不可能把精力放在那堆恶心人的身上,non-hate,8.376345,3.3277066,2
1952,我媳妇也会打拳！😅,non-hate,9.229812,2.2664118,8
5481,楼上不知道真假等等我去查一下,non-hate,11.027766,3.875074,7
3255,太过分了，这艾滋率也不一样啊！,non-hate,11.130093,-0.52383524,2
7803,那女的不是无辜的吗？把人家推了，有病吗？,non-hate,9.181358,2.1428795,4
5314,苦了你了兄弟😂,non-hate,8.9229,5.0167966,0
3843,tg，bbc+china，有攒劲的节目,non-hate,7.173695,2.6205747,8
770,他们只是和你祖宗做了一样的事,non-hate,8.110715,3.202572,0
6917,我打12339把莫言举报了，这么大个罕见，我领500万不过分吧兄弟们😆,non-hate,7.6336036,3.2735248,7
1955,上海人形象只能想起姚明了，反面例子就是周立波啦😆,non-hate,4.8815746,4.9279017,5
2643,这玩意得看个人爱好，我很多男同学就盯上aj了，你说男靴也有卖但是有的人就是不喜欢。像我是个女生我就不爱穿靴子觉得麻烦。,non-hate,9.821577,0.9687361,6
1290,所有省份福建人均gpd仅次于江苏还非常穷？😓,non-hate,4.4331923,3.959877,5
2027,浪子回头是好事,non-hate,9.619971,2.53827,8
3973,篡改原话钓鱼4000＋,non-hate,12.204404,3.1406157,7
4235,有没有可能是广东的北方移民比较多，比如客家人之类的，所以有区别呢,non-hate,5.606338,3.7946384,5
3962,先把弹弓，砌墙开放了再说吧，还有鞭炮，小男孩连刀枪棍棒都不让玩，只会玩手办，哪来的阳刚气魄？,non-hate,10.54861,2.8548365,7
6935,证据列一列，哈哈,non-hate,9.582596,5.4258347,8
2243,额，学过历史吗？现在的南方人大部分都是北方汉族南迁的后代，当年的南蛮，只能算是现在南方境内的少数民族罢了，😑,non-hate,5.674972,2.7752142,5
7196,常年郑州出差的上海人。其实在当地的人还可以，没有碰到特别坏的。有几次不太好的感觉都是在上海碰到的,non-hate,4.6032133,3.052376,5
4969,清官难断家务事家家有本难念的经,non-hate,8.8897915,3.1299045,2
1826,不是玩游戏就是刷手机，哪有空看别人朋友圈,non-hate,11.353971,2.7291126,6
2425,人造子宫好东西啊，只要有钱，你就能选择自己后代的血统，假设基因剪辑技术成熟了，还能自定义某些东西，令人类在全方位更进一步,non-hate,9.574619,-0.08088846,4
880,山东是要好一些,non-hate,4.4340343,3.7089782,5
6559,我看过人类学的行与思，就是关于这方面的。,non-hate,8.310363,3.2489893,8
1765,我先上为敬,non-hate,8.848199,4.770418,8
815,天津以北，就是冀东辽西了,non-hate,5.2405434,4.2085533,5
7593,女人天生喜欢强者，,non-hate,9.377552,1.5373667,4
2049,你以为你们这种人跑得出去？,non-hate,8.1796875,1.7436659,0
2239,还是得看沈腾,non-hate,6.8849597,4.4241686,8
1657,追求男女平权，平等，我辈青年义不容辞！至于结婚这种事情应该看个人意愿，毕竟不是所有女人都打拳，总有一些好女孩值得珍惜。我们的初衷是反对女拳主义，追求男女平等，而不是制作性别对立。,non-hate,9.453951,0.28740788,4
7440,某地人 怎么怎样本质上都是以偏概全 说某地人不好 那个地方人肯定不开心 所以那也没必要说某地人善良淳朴勤劳勇敢什么的话 也是属于以偏概全 任何个体一开始都没那么多标签 个人就是个人 不能随意代表或者被代表,non-hate,6.0980196,3.538202,5
143,男人就该尊重女性,non-hate,9.587401,0.99607086,4
3571,这么多麦片哥,non-hate,10.514823,4.4639974,8
4920,离赤道越近的人越黑,non-hate,6.7545834,1.6000301,3
5894,上海人表示不对,non-hate,4.7498856,5.0360723,5
746,那你还在上海吗？,non-hate,4.642535,4.7632546,0
875,没完啦？你们到底有多大的仇恨？天天发这些玩意儿有意思吗？换话题！,non-hate,10.235201,3.59944,6
279,冲过的马桶依然有臭味。,non-hate,10.91281,4.6282425,2
7671,理他干嘛，现实中这种傻宝多得是，你越搭理他越得意，无视他当做看不到就是了,non-hate,10.414147,3.4634283,6
1432,背后是境外势力搞得鬼 真的,non-hate,7.577518,2.9745464,2
2461,一个热度只有5的吧还想有吧主,non-hate,12.222185,3.768672,7
4766,"处女崇拜是很大的群体了,可不能随便忽略不计.",non-hate,10.3268,0.91983646,4
2955,什么叫梦女啊，没听说过啊,non-hate,9.223014,1.1814035,4
4701,连个虚拟人物都知道他是英雄,non-hate,10.508543,3.0488918,8
7429,我就问了个问题怎么扯上时代了,non-hate,7.7752004,3.5405104,8
4014,怀疑境外势力的参与，不然不至于如此疯狂吧,non-hate,7.86475,3.120329,2
4873,我没去过上海 我生活中只接触过一个上海人 我的高中历史老师 满头白发严厉倔强的高个子老头 留给我的印象很好,non-hate,4.8669267,4.933425,5
1877,东北中年人经历过90年代的那一批人是有点蛮横，有些人说话没什么礼貌，但那也是受当时社会风气影响，现在早就好了，那时候去上海工作别人跟我说就喜欢你们东北人，豪爽，我想说东北人不都是这样啊😅😅,non-hate,5.578518,4.560097,5
4387,hxd干得漂亮,non-hate,9.325333,5.4893947,8
1221,不行不行其实你就占了个河南,non-hate,4.4747243,2.7561777,5
544,我一直以为是山西呢🤣我是山西的，不要看ip，那是暂时的。说实话我很喜欢东北，也很喜欢东北人的那种豪爽,non-hate,5.3896823,4.340196,5
3671,想表达是你太偏激了兄弟,non-hate,9.315396,4.8622093,0
4919,姐妹组团不允许国男说胖,non-hate,10.252354,4.9219885,7
446,好，支持男权,non-hate,9.832459,1.3299719,8
3241,男人们联合起来,non-hate,9.717267,1.743379,8
6750,还用百度。某些中文境外网站，搜索女大学生+黑人，给出的结果绝对让你惊骇,non-hate,7.886233,1.1638002,3
7992,你读书读糊涂了。。。。逻辑混乱,non-hate,9.8142605,4.927136,0
1969,少了安徽，安徽也是资源输出省份，粮食矿产都不少。,non-hate,4.4909167,4.02989,5
5971,看了好多也不敢加，合肥男童事件当事人都没啥事,non-hate,4.983625,2.8612885,7
2391,高强度对线的结果就是不讨人待见，他这样也是咎由自取,non-hate,9.288617,3.5061774,2
5554,沈大的关系有点不好说，剪不断理还乱,non-hate,6.3561845,4.3619585,6
6128,因为同性恋也是可以和异性结婚，只要他们愿意，所以能不能改变，取决于他们的意愿，跟基因没有关系,non-hate,11.238919,0.4274168,1
7727,真没必要和他们多解释了越抹越黑你跟一个愚蠢的人聊天，他们只会觉得你是有问题的就算事实摆在眼前，他们也不会相信所以就尽量迎合嘲讽他们点一点就好,non-hate,10.566051,3.386063,6
7959,一位优秀的接盘侠👍👍,non-hate,10.222769,3.1139495,8
7699,所以他是男的吗？像个小屁孩啊,non-hate,10.304151,2.509007,2
4297,外地人觉得江苏真的苏南苏北内部划分略微严重啊…,non-hate,4.2945957,4.4152217,5
2580,化学阉割对于顺性别男性来说只是一种逃避主义，顺性别男性需要正视性欲而不是掩藏它。支持男性成人用品产业发展，为社米团体未来可能出现的人造子宫项目投资（希望渺茫）,non-hate,9.848638,-0.010867371,1
893,自己先物化了,non-hate,9.802479,4.426125,7
744,静茹的声音超好听,non-hate,7.132691,4.3379827,8
1926,亚洲人染发,non-hate,7.616663,1.790607,3
1107,hub么？我在国外都不用翻墙🐶,non-hate,7.458269,2.6342688,7
7703,我们都是直的，不弯，你以为谁都像你一样没有啊,non-hate,9.398051,3.9250336,0
2590,你说的才是真相,non-hate,9.098296,5.3107333,0
6774,高密无辜养奸佞😆,non-hate,7.683507,3.5455236,2
4495,晓得，但是他带领的抗联充分反驳了“东北军民不曾反抗”的荒谬观点,non-hate,5.9794416,4.696292,2
3780,看来你没在内地找过工作,non-hate,6.848945,3.790169,5
6063,男性应该打HPV疫苗吗？,non-hate,10.008388,0.84693605,4
2599,啊这，你对女性存在不小的误解，我从小到大的闺蜜无论室友还是同学相处都好得很，女生之间友谊没你想的呢么不堪。,non-hate,10.358399,0.8286078,4
7079,？？？动物的同性行为多了去了自己上百度了解了解好吧……如果违背自然规律，那为什么进化了这么多年同性恋还是没有绝种？,non-hate,11.079134,0.3267509,1
649,回族不算被黑的吧？毕竟除了关外，回族在哪儿都挺强势的，唐山条约我还记得呢,non-hate,5.927294,2.8912246,3
2657,不要，基本上被污染了,non-hate,10.976852,3.8645227,7
7262,这女的还算识趣,non-hate,9.263597,1.878977,8
4258,性病为性传播疾病，hiv也是性病。,non-hate,11.136574,-0.41115052,1
2442,说河南话就是河南人？你知道中原官话范围有多大？,non-hate,4.75031,2.729216,5
1648,对不起了 我也是同性恋 但是我不会这样做 这种同性恋你要警告他 我也会努力变得不是同性恋 没人想当同性恋的 只有我们同性恋慢慢改变改正！,non-hate,11.334641,0.6284554,1
4447,理客中是这样的,non-hate,9.78095,4.6193705,8
7789,你还嫌中国人不够多吗👍👍,non-hate,7.021659,2.869014,3
7996,对不起，我笑了😄你这是自我阉割了还是被骗了,non-hate,9.645793,4.569498,0
874,就事论事，我还真没见到像这个这样出名的🤣🤣🤣,non-hate,8.147732,4.6172447,8
5385,其实都是男t，不过为什么他们会喜欢复读，我也搞不明白,non-hate,11.049266,1.3398646,7
6752,我是男同性恋，口腔医生，河北保定，常年包住博野顺馨酒店，时间充足且方便，王康35岁，已婚，大多数时间都是在单位彻夜难眠，不敢回家，回到家以后不知道如何去面对已婚的妻子，结婚两年一直不敢同房，一直无法逾越心理的障碍，现在寻求一名志同道合的男朋友，内心一直很纠结，但是实在忍受不了内心,non-hate,10.906318,0.33993316,1
6329,支持黄白混血！,non-hate,7.4406066,1.3220142,3
7936,而你晚上是被关狗笼里所以无法发言对吧？毕竟是个吃软饭的能有个狗笼住就不错了，不然你在每个凌晨的整点时间段回我一句呀,non-hate,11.216476,4.82097,6
2709,所以它怎么你了？,non-hate,9.567077,4.7833943,0
1302,我的朋友的话我就会包容啊,non-hate,9.325761,2.601492,8
4917,当你爱这个人时，怎么能给其它人同样的爱，而且爱的发生机制不更是偶然的毫无道理的吗？,non-hate,10.988872,1.1370043,6
1172,就像那些呼吁动物保护法的，生怕别人不知道他善良,non-hate,8.614236,3.3300831,2
2067,不至于的啦😄我们还要伟大复兴呢,non-hate,7.13977,2.8978465,8
7338,那就很正常啊，但最起码做到基本的尊重就可以了，比如不讲人家坏坏不抹黑这个群体,non-hate,8.962443,2.943298,6
1583,我个人并不认同，猴痘目前认为是体液传播，性行为只是一种，常见的包括但不仅限于接吻等都会传播猴痘，具体可以参考这篇文章,non-hate,11.131541,-0.21235028,1
5325,B站挺多越南媳妇发视频的,non-hate,7.935259,1.3032391,4
861,东北比你上海惨多了,non-hate,5.483302,4.9223533,5
4778,上海土著，反对歧视外地人！但是我们希望，新上海人和老上海人能携起手来，共同传承吴语，勿相互攻击。,non-hate,4.7078214,4.944841,5
7765,失足又怎样至少知错能改不像你不知羞耻！,non-hate,9.821898,2.679681,6
7842,这种死飞柱能不能滚去正宗大飞柱吧，还有发这种照片的建议左转隔壁厕所和飞柱吧发，那里的人会给你很多很好的评价,non-hate,11.148685,3.4585981,7
6855,那你歧视和黑女交往过的男人吗？,non-hate,7.4615054,1.1355618,3
3771,你有支持同性恋的权利，我有反对同性恋的权利，事实上同性恋并不会因为反对的声音消失，同样的反对的声音也不能消灭同性恋，其中任何一种声音想通过道德绑架的方法来使对方消失都是不现实的。,non-hate,11.396362,0.5655232,1
1386,如果你自认不善良，那我没什么要说的,non-hate,9.609359,3.5179133,0
5437,大家怎么看？,non-hate,10.300974,4.334501,8
4054,但你否认不了东北是日本人和俄国人建设起来的事实,non-hate,5.9238977,4.702187,3
1237,不过为啥发到这个吧？我还以为是自行车吧,non-hate,10.4386,3.6539764,7
952,人家正常恋爱,non-hate,10.503301,1.4564606,8
6113,中国军人在非洲维和壮烈牺牲的故事一个大篇幅报道！,non-hate,7.241264,2.1910367,3
4155,人与动物的最大区别就是可以控制自己的态度，将想法和行动分离。如果如您所说非黑即白，有态度就会付诸行动，那么现在这个世界不会如此和平。,non-hate,8.903158,2.8471315,6
6380,反冲是在敌人预设的阵地上与敌人作战，伤亡大而收益低，哪怕夺下来以后敌人也能轻易毁掉（删评控评），没有意义，而另起炉灶，构筑自己的阵地就能让上面的局势敌我互换比如这个例子，同样可以提出“婚姻是为了确保每个女性都有一个固定的供养者”,non-hate,9.627744,0.30321804,4
5814,住在一起，一起上班一起溜圈，一起逛超市，一起做饭，打游戏，还不需要养孩子，不需要辅导功课，不用应付七大姑八大姨，日子不要太潇洒,non-hate,9.377538,0.05071239,4
8005,你自己不跟截图里一个diao样,non-hate,10.031239,4.029972,0
3986,异性占比也很大，与其有时间反同不如传播正确的性知识性教育，这才是减少艾滋通过性传播的关键,non-hate,11.117355,-0.3327228,1
3331,留学见过世面的女生和国内没出过县城的女生想法当然完全不一样啊,non-hate,8.263049,1.1017753,4
4666,感觉也很不符合外边对东北人的认知，我到北京第一次吃锅包肉😆 感觉以前的吉菜完全销声匿迹了,non-hate,5.658506,4.401897,5
1868,全都是你编的,non-hate,9.507808,4.8041735,0
7301,一直在呼喊被尊重，你自己都把自己放在弱势群体一栏….,non-hate,8.978917,3.0717094,0
1438,我和她们不是一个群体，先摘开。,non-hate,8.597976,2.270053,2
4024,不发布信息，没人管你。。翻墙的太多。。再多10倍jc也管不过来。。,non-hate,11.158464,3.5124767,7
7653,老僵尸还是入土吧,non-hate,11.0438795,4.465405,7
1972,你需要一个镜子👍️,non-hate,9.2720585,3.3782032,0
7484,择偶本来就是件很私密的事情，有啥个人喜好问题不都是自己正当的权利？根本扯不到种族歧视上好吧……,non-hate,8.011915,0.9937892,1
351,这种大学多得是，上层的决策罢了。要么躺平，要么逃离，加油吧,non-hate,6.6453953,4.2051253,6
6540,东北抗日义勇军做鬼也不会放过这些人,non-hate,5.7938128,4.7847133,2
6518,最开始的时候，上面有意为之，目的是为了让女人鞭策男人变的更有奋取心，目的是为了让男人们买房，拼搏，你看看这些年的电视剧还有热点新闻婆媳矛盾被无限放大，目的就是为了让人买房，一套房子一个家家电，家装，能带动的产业实在是太多了。,non-hate,9.401222,0.11465366,4
5571,河南是中原文明/华夏文明的起源地啊🤣,non-hate,4.6832094,2.6184993,5
2071,感觉漫画里这种金发只是亚洲人染了一头金发而已...,non-hate,7.8040566,1.7401958,3
608,陕西南部人表示没有看见过黄土高坡，但是外地人一提陕西就是黄土高坡羊背心,non-hate,4.8470416,3.2567227,5
7732,当撕下了它们的遮羞布的谎言后它们就是通盘的撒泼打滚,non-hate,9.523787,4.421219,2
3075,肯定红酒啊，销骨,non-hate,11.403244,4.4700837,8
5145,还有美国孟菲斯市这个美国犯罪率最高的城市之一，曾经的孟菲斯工业很是发达，因为工业的发达所以城市也很繁华，哪怕是曾经有一场瘟疫也没有将孟菲斯人击溃，但是在那里又是一个伟大的圣人马丁路德金，也是一个为了黑人要自由要平等的人，他当初带领自己的种族在孟菲斯各种游行暴动，最后无奈孟菲斯也让步了，然后孟菲斯工业开始逐渐下降，犯罪率直线上升，居然成为全美犯罪率最高的城市之一，而造成这一切的马丁路德金被人称为大圣人，称为伟大的慈善家。,non-hate,5.1332536,2.4470685,3
3177,还理性讨论，还自由？扯。我就说了三从四德是糟粕，反女权不要抗旧社会大旗，立马骂我并禁言了,non-hate,9.465508,0.7628012,4
1376,小管家还会威胁你⁉⁉⁉匿名也能逮到啊⁉⁉,non-hate,10.919958,3.4531538,7
7859,这贵物真够6的，小号倒不少?,non-hate,11.037034,3.7898028,8
6473,你工作单位知道你是同性恋会怎样呢,non-hate,11.287111,0.54194945,1
7806,该死的。龟奴又活了,non-hate,10.860839,5.028447,2
618,人家接受境外投资的，你以为,non-hate,7.6591215,3.0231752,8
558,因为男人理性思维不好骗啊，鸡汤就像网络传销，是要变现的，你说傻子好骗还是聪明人好骗,non-hate,10.360481,1.4624132,6
4438,能不能改因人而异，性取向是个人的权利,non-hate,11.052799,0.89009243,1
7742,废话，因为我接触的人都比较有钱。当然风评好啦。骗个鬼的自己，有些东西自己找原因。,non-hate,10.727574,2.3054016,6
7527,此高密不是彼高密，一个是现实之地，一个是文学性的地方，不能无缝对接。,non-hate,7.3536444,3.5432107,8
426,你看别人还不领情,non-hate,9.641213,3.5277672,0
1456,上广东待几天就看到了,non-hate,5.527792,3.7804737,5
7069,文中其实说的是亚裔女性，这次的批判，包括韩国女性在内，但是没有直接点名。,non-hate,8.866527,1.0186427,4
1480,排外表现明显的主要是老一辈，年轻一辈不表现出来，只是打心里瞧不起😅,non-hate,7.8296,2.4359019,6
1548,彩礼违法。,non-hate,8.811282,0.14823231,4
7759,笑了笑了，前脚还滚呐，你就是嫉妒，后脚那我这五万块钱怎么办，这脑子，笑了笑了,non-hate,10.515267,4.0325856,7
5492,我也是，被他们打过,non-hate,8.5859375,2.6873424,2
6106,如果这些人都有能力，是男是女都一样，关键是这些人的能力如何，我不了解，你们了解的说说,non-hate,9.718566,0.60676295,4
5740,我就是河南的,non-hate,4.6331706,2.860915,5
7691,太多了，援助不过来，来了也没大用，地头蛇太根深蒂固了😆,non-hate,7.1794033,3.2287369,2
5073,他就是说了两点，一、这个类比有不恰当的地方，二、希望同性恋能得到平等的对待。,non-hate,11.505268,0.6551373,1
5718,别这么说，非洲发生这种现象也是因为非洲生产力低下导致的,non-hate,6.957284,1.7197747,3
1127,有人就喜欢听文章的最后一句话,non-hate,9.537088,4.3845496,8
7812,他怎么这么虚伪啊？脸呢？,non-hate,10.239376,2.5449104,2
6191,作为一个普通人，我们虽然平时能看见黑人，但是基本上不会有交集，八竿子打不着。难不成我看见一个女的跟黑人走在一起就要骂她？？这不神经病吗？,non-hate,7.497828,1.2594553,3
2223,苏北跟江西pk绝对是被带了节奏，很明显江西跟苏北基本没啥交集，甚至江西人口中的江北人也是形容湖北而不是苏北囧,non-hate,4.323834,4.35646,5
2212,重新整理回复一下。我过去的回答数据显示东亚男性吸引力并不低，这还是在对亚裔男性高度抹黑的美国的统计数据，其它白人国家情况会更好，比如东欧国家，中东国家。另外，我想法中提到的性吸引力特指不爱运动的国男，不包括韩国男性，人家韩国男性在很多白妞面前性吸引力挺强的。最后，性吸引力或者叫魅力，跟你外娶有一定关系，但不是决定性因素。我国初高中文化毕业，英语差的国男都可以通过经济差娶到巴基斯坦媳妇。所以，亚裔男性性吸引力低为假，性吸引力和外娶的关系更不像你想的那么简单尴尬],non-hate,8.009594,0.9059826,4
1117,微博能是什么好地方！,non-hate,11.657871,2.8991783,7
7884,你是性功能正常的肯定这么想了，性功能不正常的不喷死你,non-hate,10.477849,0.52884877,6
1076,北方在古代都南迁了,non-hate,5.513714,2.7110384,5
2406,一个网上的账号，没有姓名没有脸,non-hate,11.47718,3.4519162,7
4128,说得好啊知乎里关于地域的回答是真的不能看，乌烟瘴气的，我已经麻了😅,non-hate,6.2355156,3.4956195,5
7623,道理很多人给你讲过了，你不听，我家族亲戚教育也不会出现你这种人所以我很小几率碰到，但阻拦不了我想暴打你一顿的欲望,non-hate,10.257638,3.050001,6
1332,我认识的河南朋友都挺好的,non-hate,4.5953584,2.746777,5
3651,优点盖住不提，我跟比尔盖茨比谁中文说的好，我赢了，比尔盖茨配不上我,non-hate,10.029765,2.871912,8
7639,这个狗货给私信关了😆,non-hate,11.411856,4.503489,7
3300,上门的人很开心多点对立。就没有人反抗,non-hate,8.602274,2.9599485,8
4661,不怕，现在那么多考艺术的，总有人落榜的,non-hate,4.0358257,3.1441667,6
4446,那看来你的生活经验确实是有限🤔，希望你以后多走走看看多了解，不要总是以偏概全,non-hate,9.320135,3.2615237,6
3188,有本事别匿名 让大家看看你是哪的😆,non-hate,10.754748,3.5840003,7
7949,自己待的什么破公司自己没点b数吗,non-hate,9.900482,3.4140835,7
5003,从五千年前，河南人就向外走了。,non-hate,4.9731507,2.5951047,5
7989,舔狗逻辑是硬伤,non-hate,10.566015,1.685499,7
5462,不喜欢不接触就可以了，喜欢不喜欢确实是每个人的自由。一个东西做到所有人态度一致本就不可能,non-hate,11.0710745,1.889172,6
2305,百度百科并不正确，出生前的因素（包括基因/母亲怀孕期间的激素水平等）才是决定因素。否则就无法解释那么多出门良好家庭，幸福美满的人最后却成了同性恋。上两个世纪用同性恋做实验品已经实践过了，无论是心理还是身体上的手段都改变不了性取向。人是不可能被掰弯或者掰直的。只是有一部分人是双性恋罢了，双性恋里又有更少书是便异性恋的双性恋，所以给人的假象是人可以被掰弯。目前一般认为同性恋占总人口在5-6%左右，并不会倒是人类灭亡。并且你可以想想看，在人类没有这些意识和利礼法约束的时候同性恋野人肯定也是追求自己的自由，没有繁衍后代，由于没有产生文明的观念，因此同性恋并不会被群体禁止，但人类并没有因此灭亡啊。能挺过野人时代，那就说明性取向并不会有这样的风险。,non-hate,11.2574415,0.24272893,1
7512,然后我和表弟笑的要死，结果小姨在后面听到了，然后回头看到小姨凶狠地瞪着我，然后我一边笑一边把手放在小姨胸上，我表弟在旁边笑不停，我小姨抓着我的手甩开然后带表弟走了，她说真怕我把我弟带坏了,non-hate,10.257054,2.8389797,6
3764,不如，人家是生意，要收钱的，这个是免费。,non-hate,8.634273,3.869922,8
2199,欢迎大家一起讨论,non-hate,10.224898,4.3264537,8
5393,都这么让着他们了还不愿意？,non-hate,9.750036,4.0672746,0
6708,黑小妞在餐厅厨房准备尼日利亚大菜，熏火鸡配以菠菜、甘蓝、洋葱、辣椒杂炖。,non-hate,7.0502267,1.6129863,3
5980,愿黄桃罐头保佑每一位东北人,non-hate,5.6424265,4.9062343,8
3728,才10年？,non-hate,7.9671836,3.5459607,8
667,好像从几年前，田园女权开始崛起，然后慢慢的，怎么就突然男女对立了。。。以前是真没这个氛围啊。。,non-hate,9.713321,0.750186,4
7401,有些时候，有些人，根本听不到讲道理，懂么？对于有些人，只能强硬对抗，懂我的意思么？不要觉得世界很温柔，所有事情都可以通过讲道理和感化来解决。至少有一部分人，他们决然不会。听懂我的意思了么？是一部分人！讲不通道理的人！你就不用和他们费口舌了，直接对抗！因为你对抗之外所有温柔的手段很难甚至无效。,non-hate,10.305764,2.9611685,6
5201,你的考虑这个确实对。我就被我认为很好的朋友坑得很惨，虽然不是这方面。,non-hate,9.125985,3.700625,2
6706,这些人的恋爱观就离谱,non-hate,10.593211,1.6247727,2
851,我们中国真是太强啦😆,non-hate,6.9155817,2.7886798,8
8016,支持顺便我想当个小吧把他绞杀,non-hate,11.812809,3.8046448,7
726,我一直以为广西被黑是“传销”和“电诈”🐶,non-hate,5.048289,3.6741304,5
7164,小时候就觉得山东台土，问题我十岁时去山东住过一段时间，感觉比我们那里发达不少啊，咋跟我的印象不一样，当时就很奇怪。,non-hate,4.4564524,3.7075653,5
5332,最大的侮辱就是无视，如果真的遇到大概也是如此,non-hate,10.0347185,3.5177128,6
1905,确实，女性地位能提高的的确确是好的趋势,non-hate,9.138405,1.5292165,4
6922,这次的俄乌战争提供的案例真是太多了,non-hate,7.6160636,3.790183,8
6904,合肥嫁到江阴叫远嫁....我怀疑江苏是除了安徽省第二多安徽人多的省份了。真的那么远江苏就不会有那么多安徽人了。,non-hate,4.334895,4.2615356,5
5463,强迫认可的意思是改变别人的想法，不认可就喷。,non-hate,9.432674,3.168829,6
4634,挂出来的图片内容在这过不了审,non-hate,11.092508,3.5237305,7
3097,《牛棚杂忆》《平凡的世界》还有很多伤痕文学都一个样，反正题材都是改开前的故事。,non-hate,7.7588234,2.4031732,6
1851,他是打算在中国当司机，不回非洲建设自己的祖国！,non-hate,6.8105865,2.5971055,3
4695,全网呼叫河南人,non-hate,4.3822536,2.720198,5
7985,小鬼们离开b站是没有生存空间的,non-hate,11.790111,3.269325,7
7055,那为什么要优待白人呢,non-hate,7.4644103,1.7181747,3
4394,呵呵咋感觉你才是功能最全呢，，，,non-hate,10.80824,4.1105094,7
5412,她这是被你说破防了，但是又说不过你所以无能狂怒，满嘴胡话了,non-hate,9.563062,2.453121,0
7970,活着浪费空气死了浪费土地的渣子们,non-hate,10.978013,4.437723,2
5469,所以你喜欢一个人就是馋ta身子？就是想上ta?⁉,non-hate,11.02087,1.195413,6
4836,让大家都看到这张图,non-hate,8.6085005,4.502677,8
7488,不好意思 我就是詹姆斯的球迷,non-hate,10.036873,2.1515918,8
527,的确，这个才是重点,non-hate,8.697064,4.996513,8
7982,虽然但是，这图TM就是摆在馆里的泥塑或沙雕啊看着泥塑感就很重，也魅说是本人吧。,non-hate,10.698805,2.838609,7
4463,跑到反同群里面开盒，真的是狗啊,non-hate,11.732244,1.6892892,7
6280,你想穿没人管你啊，没人干涉你的,non-hate,9.003074,1.9502723,6
755,你是哪里人？,non-hate,5.229832,3.0373147,0
7657,伪军比鬼子多。,non-hate,8.533468,3.7589667,2
3964,头像也很亮眼呢。,non-hate,9.919364,3.2355459,8
4395,《做IT的，有自己的公司》,non-hate,9.510679,3.19578,8
6743,希望你早日出来,non-hate,9.1482115,5.103169,0
2694,不太清楚，一会弯一会直的只能说明男女都喜欢。。,non-hate,10.674211,0.7339528,1
822,各位有新词了,non-hate,8.48509,4.463753,8
2161,😱这真有这样的人的吗😱那得长多好看啊😱😱😱🍉只能说p的一定是p的，或许是了解太少还是有好看的？🍉毕竟印度人和印度婆罗门是不同种族来着。,non-hate,10.480485,2.4631324,6
7674,你可以说你自己讨厌吃屎 但你说喜欢吃屎的人是大傻逼你就有问题,non-hate,11.1095705,1.8978888,6
302,偷红苕芒果的，是哪儿的呢,non-hate,4.7030444,2.4950058,7
4727,嘿，我籍贯就是大石桥的,non-hate,4.707724,3.4815626,8
7794,不和最差的比难道还和最好的比吗？你到底脑子里在想什么，你屁股坐哪边的？,non-hate,10.051846,3.0058494,6
7119,重庆是四川的 高级黑啊,non-hate,5.5277596,3.3044307,5
7710,吧务和几个等级高的蛇鼠一窝，整天高强度巡逻删评，双标玩的飞起,non-hate,12.139588,3.599014,7
526,啥，东北也内斗？🤣,non-hate,5.601023,4.8591733,5
7972,咋不打死这狗比贱货,non-hate,10.981895,5.1426206,2
2595,甘肃人默默扶额,non-hate,4.5950227,3.168934,8
7971,原来是他不被娘服待见,non-hate,9.577143,3.643686,2
6667,从我多年网上冲浪的经验来看，混迹各个网络社区，就没见过哪个省是团结的，真要有的话也许是上网人数最少的新疆青藏等地,non-hate,6.1106343,3.4617622,5
2545,人造子宫真的能解放吗？,non-hate,9.612425,-0.07912226,4
4555,只能说截图中的部分观点有道理。女人的民族意识确实弱于男人，任何一个民族的崛起动力都源于雄性意识，这是事实。原因可能相关于人类的原始基因，猿类、猴类等群居动物的雄性都会挑战强者，夺取雌性，然后又有保护雌性的本能意识，而雌性会依附于强者，抛弃弱者，人类社会也有类似特征，比如古代蒙古人、满洲人喜欢屠男而留女。但是，截图中的观点绝对化了，人来自动物，带有动物性，但又高于动物，有人性，古往今来，不少女性有强烈的民族意识，她们或与民族共存亡，或奋起反抗，或舍身取义，或杀身成仁，不让须眉，比如秋瑾反满，比如赵一曼抗日。,non-hate,9.161233,0.8139019,4
7343,回望历史，每当中华民族危难之际，上天总会派下天选之人拯救华夏民族。,non-hate,7.8331447,3.538546,8
3806,我结婚的时候去做了婚检的，你结婚的时候难道不用做？,non-hate,9.059606,0.23227254,0
7994,所以说搞地域歧视的总之就是非蠢即坏，当然也有可能是又蠢又坏,non-hate,6.5417123,3.2427185,5
3624,抱团，我们需要工会,non-hate,8.12419,3.8710926,8
5705,异性恋基本盘,non-hate,11.191744,0.41738066,1
7874,你不怕你万一失足被他们烧死么,non-hate,9.542275,3.377975,0
4722,但我好像听说这个故事是假的不知道各位有没有求证过当然，如果是真的就应该加大宣传力度,non-hate,11.325049,3.2317233,6
4129,有河南在，你们都往后稍稍😅😅😅,non-hate,4.493312,2.759595,5
7633,国外有敌对黑恶势力，收买国内一些下贱二狗子汉奸在国内做恶意引导～,non-hate,7.521784,2.3657582,3
6714,成都还好，基本上只要交了黑人基本上所有人都知道了，毕竟嘴碎，哦对了我就是成都人,non-hate,5.6237025,3.2142224,5
6258,人类祖先还是非洲呢？这能说明什么？,non-hate,6.9202304,1.7013117,3
514,我是湖北的我不反对哦，好多男孩确实爱面子，兜里没钱吃喝玩都要好的，不过好的也有很多，属于两极分化了，是因为我们那的人讲理，很客气咋说了就是想把自己好的待客，算烟都拿最好的，其他坏毛病少，别喷我啊,non-hate,6.0592475,3.3923228,5
977,大家集火冲啊,non-hate,8.390963,4.3387027,8
4397,我去过全国几乎所有的省，而且不是走马观花式的那种，我是平均在每个省都待了两三个月,non-hate,5.5745115,3.674377,5
6959,[表情]反对的进来飞个,non-hate,10.839674,3.618611,7
4880,她们房子和彩礼准备好了嘛？,non-hate,9.053435,0.18225588,4
5477,你这个就是胡说了，大城市的年轻女性比男性更多。大城市中反而是男性更愿意选择回老家结婚生子,non-hate,9.354495,0.097938016,4
7143,好家伙，果然buff叠满了。,non-hate,9.347124,4.7653584,8
2682,男的比女的多几千万呢！这些光棍当然要找外国女人，找中国的没有了啊。这叫双标吗？,non-hate,8.014836,0.8922761,4
6805,你们实在叠buff吗🤣,non-hate,10.254038,4.4483223,7
7984,最后说一次，别在我评论区理发店,non-hate,10.925197,2.7811074,7
5813,随着科技的发展，男人的武力已经被削得越来越弱了。,non-hate,9.16962,1.1720896,2
5630,山东河南还是主要的征兵地,non-hate,4.309592,3.4992847,5
6896,男权吧也有渣滓，我刚才就被禁言了。,non-hate,9.841512,0.9477282,4
5447,虽然非洲确实艾滋病比较严重了但也没有30%🤔,non-hate,11.087709,-0.47907454,3
5032,支持作者传播正能量,non-hate,9.247259,3.9947476,8
1622,反向操作去喜欢中国的地方留学不就行了,non-hate,7.097557,2.2538612,3
7035,你去撒哈拉以南待两年就不会说这种话了,non-hate,8.593833,4.5375175,0
4462,日韩女权已经用事实证明过了的东西，还需要相信他们的理论？,non-hate,9.25851,0.8435505,4
5367,不恶心。同性恋并不恶心，恶心的是那些跟风的人。在我眼里，同性恋很普通，那就是一种人与人之间的爱情而已，只不过喜欢的人是同性，想娶想嫁的人也是同性而已。碰到一个喜欢的人就很幸福，至少能遇见喜欢的。我的建议是喜欢就好，管他男的女的，管它合不合法，只要不是三就行，单恋也行，互相喜欢也行。别人的恋爱跟我们没有关系。我们要做到“不提倡不跟风不嘲笑”没必要真的接受同性恋，因为每个人的思想观念都不同。（仅为个人看法）,non-hate,11.209882,0.66205287,1
5517,哈哈哈哈……我也是……太逗来……感觉说撒都会被歧视……,non-hate,10.707056,2.2459269,6
7072,这位更是经常口出暴论，真就无法理解，成年人选择什么是他们的自由，可他们往校园里折腾是在想什么？不少成年人都无法做对的选择，未成年人就能做对了？,non-hate,8.961311,2.7205195,6
1165,戳到她们痛处了呗,non-hate,9.455043,2.3529944,4
2822,什么以偏概全，我只看比例，p站世界公认中国男人大部分都很小黑人大部分都很大,non-hate,7.303987,1.3669149,3
3628,这是不是批判，这比批判严重多了。,non-hate,8.832666,3.2919838,2
1426,毫无反馈，自然不可能有所影响，我怀疑某些人其实是对面卧底。,non-hate,9.960659,3.7549863,2
7585,这个房屋出资到底是怎么出的？,non-hate,9.005989,0.61009914,8
2512,黑人绝不是什么弱势群体,non-hate,6.842625,1.3016877,3
4908,人家女人是自愿的好吧,non-hate,9.246259,1.6699218,4
4824,是个正常人都反感打拳吧……不分男女,non-hate,9.330327,1.6451504,4
4453,历史上男风盛行的朝代比如宋末汉末等女性地位确实不太高,non-hate,9.368023,0.933301,4
7799,机器人罢了，你理它它就赢了,non-hate,10.5559435,4.1340675,0
5685,最少一个亿，你把浙江放哪儿了？福建呢🤣先把数学学好,non-hate,4.8881354,4.029263,5
7787,人家又帅又可爱而且还是军人你是个什么东西,non-hate,10.115161,2.532481,8
5590,事实证明有些男人可以分分钟有游艇，为什么有些却不行？,non-hate,10.158762,1.8510618,8
2880,老实人被逼奸诈。唉。,non-hate,8.56459,3.855333,2
7230,黑皮肤的努比亚人是法老伴妃不假,non-hate,7.503235,1.274053,3
2182,拿刀确实有一博之力，不过不是没办法的情况下，尽量逃跑为主，男女身体差异还是蛮大的。,non-hate,9.285195,1.6331184,4
7214,第一印象影响了出发点，你就会不自觉的走偏,non-hate,9.347069,2.9734938,6
5898,你真是这个问题的回答和评论区里少有的这么大度的😎,non-hate,10.322279,3.889488,6
1612,大姐说得对,non-hate,9.242525,5.662671,8
1477,我是青海的，确实很少被黑。不过，我想说，青岛那个海叫黄海。,non-hate,5.1602397,3.6782615,5
5722,小红书一抓一大堆好吗？😓,non-hate,11.729734,2.6024673,7
6246,反正我不结婚了，这辈子就这样吧,non-hate,9.255475,-1.4331478e-05,4
6843,面对公开的外人评论。可谓是最公开公正了。,non-hate,8.871919,5.5013785,8
7652,全国？你寄吧谁啊、你代表全国？,non-hate,7.331216,3.6973703,5
5608,最后两个的顺序可以斟酌的。,non-hate,8.964072,4.373586,8
3491,这个是友军,non-hate,8.904507,4.130381,8
5900,东南亚小国，人家肤色都跟我们一样！说的不好听点，好多小国以前还被中国统治过～这能一样吗？混淆概念呢,non-hate,6.956073,1.9736539,3
1489,还好我没怎么见过黑人,non-hate,6.9359264,1.3073093,3
6593,买了个表是啥意思啊,non-hate,10.516099,3.1467342,0
6077,变性人和同还是有区别吧,non-hate,11.166943,0.58844423,1
2586,因为性别比例失调啊，有什么不能理解吗？,non-hate,9.703547,0.6939149,4
7019,那为什么不说是苏浙沪呢？,non-hate,4.519872,4.4468575,5
4694,新疆切糕大概十几年前很火,non-hate,5.1533394,2.817644,8
4388,逻辑高手随便打俩字就是悖论,non-hate,9.883207,5.225866,7
3134,是哈，宁波工程外教老好人了是吧？,non-hate,6.9769464,2.9778047,8
6381,他们不是反对种族黑人歧视，他们只是反对歧视,non-hate,6.8438425,1.426718,3
7683,这种脑残是大学孝长的坐上宾啊,non-hate,9.628325,3.9548225,7
7178,我会向吧里前辈认真学习，学习男权知识。,non-hate,9.887385,1.291545,8
1219,大家都只为自身性别考虑，没有想过男女平等。,non-hate,9.582344,0.6308165,4
2006,原谅我手残，截的图不及他们人一半好看,non-hate,10.709185,2.8223507,7
1786,个人觉得吧，挑头的有错，但是跟后头闹事儿的就无辜？,non-hate,8.755069,2.6035314,2
1975,可不能再团结了,non-hate,7.9802594,3.834006,2
372,男人嘛，就该要大度一点,non-hate,9.696468,1.8257838,8
5621,山里碰到个这么不人不鬼的东西居然没被吓死，给摄影师赞一个,non-hate,10.783508,3.1204603,8
150,中国女孩也有拒绝黑人的自由,non-hate,7.750847,1.0992577,3
7823,哦哦，真可怜呢，只能说不要一击脱离就拉黑哦，他说这个和反封建无关，你就来跳脚了呢[脱单doge]，仿佛在证明这种虚构抄袭的作品没有封建的原素呢，什么封建余孽残余[表情]。学会了几个词就开始乱用，来找寻自己的存在感，真是可怜你是呢。真的，家里没有人吗？太可怜了吧？家里没人照顾孤单寂寞就来网上喷粪了，所以来网络找寻存在感。[脱单doge]真抱歉，戳住你的痛处了呢。你可以继续说，我当然能包容你的。因为家里面没人照顾你，自己没有亲人，来网上喷粪，结果还被戳穿了，好痛苦哦。一击脱离是真的很好笑哦,non-hate,10.591007,2.8419673,6
1359,河南同胞不说话了,non-hate,4.2779226,2.7976966,5
6337,你说的这个家伙也不来了。,non-hate,9.466707,4.031678,2
1836,体育运动从本质来说是不是属于娱乐圈，我觉得是。这个和艺术与文化根本挨不着，即便出了什么著名的黑歌手，这也是娱乐圈，谈不到艺术。,non-hate,9.91092,2.185627,6
1493,这女的长得像美国人,non-hate,8.999215,1.5357828,3
3391,据《纽约邮报》22日报道，犯罪记录显示，美国威斯康星州沃基肖市致命驾车冲撞圣诞游行队伍袭击案的嫌犯达雷尔·布鲁克斯（DarrellBrooks）是一名被定罪的性犯罪者，他曾与一名15岁的女孩生育过一名孩子。达雷尔·布鲁克斯图源：路透社,non-hate,8.036763,1.9583414,2
7854,你为什么留着批啊，你果然是想沦为生育工具吧？,non-hate,9.537808,4.2143054,0
4682,你们活该罢了，雪崩之时没有一片雪花是无辜的,non-hate,9.357427,3.4511592,2
3159,这不是很正常么，你自己评论也不这么说的么？这操作溜,non-hate,10.742361,3.8939211,6
3709,感受不是权利么,non-hate,10.884213,1.7595721,8
8022,那个机器到底是为了让男人体谅女人，还是为了一群智障猎奇？这是个重要的问题……,non-hate,10.083398,1.1371925,4
7368,东北人默不作声,non-hate,5.6897974,4.8384624,5
4523,还是欧美举牌,non-hate,7.246044,2.3896804,3
2783,现实中的男铜：比利和木吉更衣室大战耽美界的男铜：两个长得像女性的男人互相贴贴,non-hate,10.744501,1.1007519,7
7818,对方造谣你对他造成损失？为什么对方会看上你？,non-hate,10.277501,2.2214813,6
4402,可也不是全部河南人呀，不能以偏概全，每个地方都会有坏人的😢,non-hate,4.64262,2.497026,5
5770,啥省份的都有,non-hate,4.8074646,3.7255633,5
1479,你说的是你自己吧🤭,non-hate,9.39132,5.079912,0
7997,建议你去对线，发贴引群嘲有个锤子用，是男人就去真人1v1或者发专门贴对喷,non-hate,11.1486635,3.4401655,6
2479,想想要是以前的我，肯定十分厌恶现在的样子吧，真让人感叹,non-hate,8.780042,3.3490076,2
392,抱歉，不看NBA，科比詹姆斯爱谁谁,non-hate,9.966311,2.0860646,7
1270,我想联系韩台男,non-hate,10.450002,2.4526136,7
5140,没意见，你抵制是你的事,non-hate,10.895169,2.252801,6
6857,喜欢中国的国家，比较富的有哪些啊？,non-hate,4.684176,3.7997832,5
2738,不支持不抵制，但是希望同性恋能幸福,non-hate,11.170774,0.8696881,1
7665,确实感觉这个爹太废,non-hate,9.902058,3.8536549,2
5511,互喷不就是最好的抵制方法吗😆,non-hate,10.935844,3.1054723,6
7560,你们那是国企吧？,non-hate,7.5189505,3.884414,0
1466,如果那个黑人对中国友好，那么我倒可以忍受，就像快手上有个嫁黑人的，那个黑人对中国很友好，我倒也可以忍受。虽然还是不喜欢，但只要是与中国友好的黑人，哪怕不喜欢，我也可以忍受,non-hate,7.427506,1.1927179,3
6375,这意思不是最早动物还分辨不了tx行为和yx行为吗？,non-hate,11.005281,0.34572098,6
4475,不对也对。对是因为确实存在这个问题。不对是因为歧视主要针对的是年轻人，对老年人观感目前还行。,non-hate,7.852282,2.3816845,6
1014,娱乐圈早就乱了,non-hate,11.000458,2.1401873,2
2163,你说是就是吧😂,non-hate,9.3248415,5.277701,0
3426,这下大家知道扭转性取向是违法行为了吧,non-hate,11.13899,0.6663341,1
625,我在南京 师妹师姐都是黑龙江的 我辽宁的 我们总一起去吃东北酸菜，离开东北还是东三省认最亲近。,non-hate,5.6103144,4.4542966,5
6712,那是因为大家都会一脸懵逼的说，青海在哪？？？,non-hate,5.3464274,3.6222095,5
3789,确实，都给你🤣兄弟盟向你学习,non-hate,9.034173,5.0494804,0
2078,黑人在中国生的混血儿越多而且都是中国籍会怎样？,non-hate,7.3071876,1.1941156,3
718,按照你的逻辑你可以和男人doi的，只是你不想罢了,non-hate,10.400246,0.9029752,4
2226,男的真倒霉,non-hate,9.80113,2.305499,2
7573,这河北也太惨了吧,non-hate,4.4505897,3.273052,5
6471,如果同性恋是靠“骗”来传播的，那为什么从小就与异性恋接触的他们以后再也不会变直呢,non-hate,11.335929,0.32068625,1
106,我是否可以认为，你说的是废话,non-hate,9.395482,5.151947,0
365,哈哈哈整个吧里就你和楼主在互怼,non-hate,11.091619,4.11324,7
3523,看到你这个，我觉得好可怕,non-hate,9.063691,4.6381917,0
7660,下面教大家如何薄纱它们，只需复制以下两段话即可。,non-hate,8.928418,4.365745,0
4723,我身边有很多女性，都是不要彩礼给30万以上嫁妆的，而且婚后还任劳任怨的工作，照顾家里做家务,non-hate,8.928938,-0.0077557904,4
6461,低智商杀害高智商,non-hate,9.481421,4.121797,2
4817,那节目挺傻的，无奈父母愿意看,non-hate,9.480459,3.847971,2
5928,搞不懂，这是女性向的饮料吗？,non-hate,10.078834,1.4130672,4
7716,三个吧都没了，她们真废物,non-hate,11.844311,3.7897851,7
4720,现在的人，更喜欢做自己的事情别的事情不愿意多管。。。现在撕逼的事情也少了很多。。,non-hate,11.072869,2.4892592,6
7261,那不算啥，还有更恶毒的，都是些怀着不可告人目地的阴险小人而已,non-hate,8.744111,3.3672624,2
774,女的想啥呢？,non-hate,9.508958,1.5150326,4
1372,杨靖宇将军是河南确山人,non-hate,4.800932,2.56688,5
290,三民主义就有民族主义。,non-hate,7.17084,2.377307,3
3222,生活压抑，网络上发泄发泄，面对面大家都保持礼貌，隔着屏幕都放纵自己，觉得不合适的言论不在乎就好，太在意网络大家都得抑郁?,non-hate,11.213146,2.6559472,6
7616,对滴，很多人的头里就是臭鱼烂酱全在他脑子里，不用和他们辩论，因为他们没有思考的部位。🍉,non-hate,8.337186,3.4549866,2
7668,别寄吧玩删本慈父的楼这种小把戏行吗，除了显示你是个弱质的事实之外还能有啥用处,non-hate,11.227281,4.0682263,7
3436,她就是个乱带节奏的，现在给你网址，你自己看。,non-hate,11.12359,2.938173,7
2205,胡说吧，河南人很团结的，我就是驻马店的，在外地的河南人没感觉出来,non-hate,4.5579367,2.644408,5
2185,我们这里一个本地阿姨儿子就在哈工大，每次跟我们说起来都是满满的自豪感，我作为黑龙江人听了挺开心的，,non-hate,5.604059,4.4385877,5
465,还在吹这个计划😅,non-hate,8.199107,3.6730013,8
6058,你不就是自己玩游戏玩的不好，还骂别人吗？,non-hate,10.0329075,3.3301916,6
2195,这真是两位英雄,non-hate,8.774752,4.2713585,8
1377,中国男人千千万，你可一个都不看😄,non-hate,8.528389,1.5078228,4
6975,那个标题还起的贼恶心，一股子洋洋自得的意味。所以说遇到这种人真要离远一点。,non-hate,10.759824,3.4760203,6
2717,其实你说得挺好的，哈哈,non-hate,9.183282,5.3721123,0
5499,湖南人真的很有才，起码广东这边很多湖南老板领导什么的🤣,non-hate,5.252868,3.7258253,5
5461,可拉倒吧，黑浙江的够少了,non-hate,4.794243,4.149066,5
2334,又不给做绝育又圣母只能让流浪猫越来越多都成生态杀手了,non-hate,10.813681,5.3604083,2
5136,冷这个事情我想说一下，我们说的冷是指得是室内。室内没有暖气的西南确实比有暖气的北方冷很多😅。（为什么不开空调：我住的地方湿度常年百分之九十以上，冬天开空调是属于找风湿的节奏。我老师东北人冬天都不敢开空调，选择安暖气。除湿机就没断过）真正舒服的地方我觉得还是贵州六盘水，夏天贼舒服。,non-hate,5.603336,4.168904,5
5148,可怜她的父母，一辈子都抬不起头来。。。辛辛苦苦几十年，到头来啥都没有了，孩子也没有了，人情也没有了，在周围亲戚的同情之中度过。,non-hate,8.861587,0.6152462,4
1515,你是东北人ba,non-hate,5.673916,4.8893156,0
2787,那倒也没有，我觉得女的接受度更高。毕竟百合向大多数读者也是女性。就算不看，我看她们很多也对同性恋博主持友好态度。也有接受不了双标的，相对来说吧。不过这种一般会被人批评😅,non-hate,10.787734,0.8250725,1
7666,哎呀，该不会是我的拳打到你了吧？给你揉揉,non-hate,9.805529,3.2398584,0
2776,开放ip地址不是因为乌克兰么,non-hate,7.0765824,2.529271,3
5749,好人就给你了，祝你早生贵子。,non-hate,9.438282,1.6711934,0
3274,你也应该多去健身房练练,non-hate,8.704665,5.0009146,0
6292,鲜卑人还有记录吗？早同化了OK？,non-hate,5.800566,2.5567713,3
7956,钓鱼的，不要理他，纯nt,non-hate,12.21258,3.1263804,7
7029,被骗是普遍的。,non-hate,8.304199,3.9809127,2
523,影视文化都被抹黑了！！！,non-hate,10.940449,1.9525634,2
7036,山东人也多为啥黑的少?,non-hate,5.0297885,3.7263844,5
6262,可怜之人必有可恨之处,non-hate,9.167805,3.5974224,2
7891,我们爱国人士组团一人口唾沫淹死他！,non-hate,8.445744,3.7549899,2
1687,河南拔智齿,non-hate,4.4367332,2.6774075,5
1015,暴力只是一个表现形式，重点还是这个男的的内在外在及物质条件能否降得住女人,non-hate,9.341362,1.4536783,4
719,利欲熏心的人最喜欢美化共情心理以为自己开脱,non-hate,9.373153,3.290509,2
6569,别批图啦，这图我都知道你从哪里偷来的,non-hate,10.586335,3.531176,7
1821,我还蛮想去新疆，怎么会有说这么重的话，简直无可理喻。。,non-hate,5.3064194,2.8410075,5
6924,岂有此理，又见你上蹿下跳,non-hate,9.206871,4.9769516,0
3309,基因学的话，还真的有女性优势。我记得叫四维视界还是什么的，只有女性才会存在的一种视觉进化（男性没有）。正常人是的光感是三原色，但是进化视觉的人是4个原色，看见的东西和正常人不同（更美丽）所以适合成为画家，艺术家。进化率很高，高达16％。,non-hate,9.714491,0.7424399,4
2850,我之前还真见过，一家人，带着俩小孩来吃麦当劳，就坐我旁边，当时我就感叹这女的真有本事😆,non-hate,9.138134,1.728929,8
778,哥真的不至于，这钱拿到手都怕没命花😅,non-hate,9.450195,3.8004305,7
7883,支持你姐姐那些蠢直就该被绞杀,non-hate,9.309173,4.443714,2
3855,只在区区几个项目有优势，社会建设，生产劳动统统不行,non-hate,6.968051,3.1975682,5
3512,我在象山吃过亏。我在昆山吃过亏。我在广东惠州吃过亏。也从未黑过任何一个地方的人。,non-hate,5.319726,3.5538123,5
3402,男的去哪儿了？,non-hate,10.142538,2.3629122,4
7359,还有杀妻案的表格，几乎全是死刑的,non-hate,8.565512,2.3155868,2
7590,大学里真的一大堆,non-hate,7.2230864,4.155877,8
7721,抠脚大汉搞反串🤣,non-hate,10.792233,4.2702622,7
7383,30%是一个大概的说法。但是这个感染率也足够吓人了。我在非洲工作的时候，看到当地人脸上长了很多莫名的疖子有些还溃烂的，就知道这人基本艾滋病毒感染变成艾滋病了。,non-hate,11.118739,-0.44016236,1
7463,数字化指网络巨人现实侏儒,non-hate,10.928223,2.5763369,7
6392,是的是的，没错没错，我乡下来的，没读过书不知道,non-hate,5.2115574,3.347111,5
2970,遇见了记得举报，顺便说一下，东北河南一家亲，欢迎来河南玩,non-hate,5.3223934,3.984073,5
2488,不孕不育的是人吗？丁克是人吗？独身主义者是人吗？丧偶后不再结婚的是人吗？伦理道德和自然规律本来就是相悖的，动物还搞群婚呢,non-hate,9.581831,-0.035294864,4
2654,哪有什么负重前行，都是别人在替你岁月静好😆,non-hate,8.919533,3.2134988,6
928,每个人都有接受和不接受的权利 不需要道德绑架和洗脑,non-hate,11.176346,1.8115573,6
2249,你去和法律说这话,non-hate,9.023495,5.169861,0
7083,what？ 居然还真的有？ 我只是...算了你就当我是故意的吧,non-hate,9.932801,4.3778296,7
353,哈哈 是的 我妈农村妇女没见过世面 最黑的就只见过云南那边嫁过来的 莫怪哈,non-hate,5.673627,3.391121,5
2229,并没有，你不要以己度人,non-hate,9.237168,3.6310232,0
5883,北京人计较？你笑死我了,non-hate,6.071058,4.1766424,5
6217,有100多万个小偷骗子？,non-hate,8.206837,3.9387,2
5068,谢谢你，身为北京人为东北说话,non-hate,5.7154913,4.848736,5
7829,你在狂下一个就是你,non-hate,9.317302,5.049305,0
7838,无耻的学校领导，也不为自己后代积点阴德,non-hate,6.836939,4.026513,2
1262,放心吧，没有男的会喜欢你,non-hate,10.992868,1.2727265,4
6390,今天晚上下课，我在门口等同学，她出来拿起手机来偷偷地对着我，我看到了她就收起来了，大概率是在偷拍我，咋搞，直接开骂还是静观其变，要是是我自作多情那就很尴尬。,non-hate,10.495645,2.668488,6
3655,那你这不是造谣吗,non-hate,9.535057,4.6790185,0
7033,zzzq都魔怔了,non-hate,11.350685,4.1132197,7
201,很讨厌他们学校,non-hate,6.839857,4.0297055,2
615,帖子被删了,non-hate,12.134676,3.884081,7
7735,这些玩意儿怕不是有什么心理疾病😓,non-hate,9.310999,3.6096594,2
3493,被封杀你了吧,non-hate,11.425743,4.020422,7
789,黑二代混血球员交女大学生女友！,non-hate,7.569442,1.208907,3
4152,你是不是很少被人喜欢，所以随便什么人喜欢你，你都觉得值得高兴？,non-hate,10.936678,1.4581014,0
7396,冬天南方冷，您确定？,non-hate,5.788552,4.021395,5
3675,为什么实名制的互联网时代，这些人还能这样发布这种极端言论。,non-hate,11.021841,2.6266706,2
1330,可就是这样某些人还觉得是种荣幸，还不允许自己的同胞把真相说出来,non-hate,8.635986,3.2804594,2
5521,那一定是新疆👍️,non-hate,4.657943,3.9309423,5
5190,今年冬天会不会没暖气哈？！🤭,non-hate,5.8358626,3.996659,8
1666,你在这里问什么问,non-hate,9.702729,4.7193456,0
7641,你的逻辑没毛病，你来我的评论下面回复，说我找存在感。自己自卑就认，不要老玩这种完全主观和虚无主义。就这点能力，你也配讨论政治。滑天下之大稽。就这啊，继续加大力度，看封的是谁😓😓😓,non-hate,10.418641,3.0669425,6
6199,我就说一个事，大家身边哪里的人最喜欢自称老子。,non-hate,6.627613,3.4232342,5
2724,过激的言论，系统会自动删的，几分钟都活不了，其实这个吧早就跟解散没什么区别,non-hate,12.110903,3.576052,7
6758,我俩谈的“厌恶”的语境都不一样，，，，，争论点都不在一个频道上，厌恶我也加了引号，而且也括号说明了这顶多有生理排斥，“恐怕并没有到厌恶的地步”。。。。。你还是再仔细看一下文章比较好。。。,non-hate,11.050863,1.4709157,6
4316,这个答案写的不好，大概引起了误解。我想表达的是你可以不喜欢，但从言语或行动上歧视就不行，不能非黑即白地用“三观正不正”来判断，爱吃香菜与否和一个人的三观有什么关系呢？,non-hate,11.136613,1.8120006,6
6297,你竟然不知道人类早就爱情不分物种了。你以为羊是用来干什么的？,non-hate,11.110477,0.2920559,0
5514,因为台湾富裕，想嫁到台湾吧,non-hate,6.7094073,2.5506692,4
1059,不好意思，我是科比粉丝,non-hate,9.953304,2.1085887,8
2237,我这么纯洁可爱。。。。。,non-hate,9.89714,2.5931134,8
6143,黑人发明零元购，无罪,non-hate,7.0017567,1.4180251,3
2232,我认识的河南小姐姐人可好了~,non-hate,4.5237784,2.76304,5
5799,所谓母亲和母体都是只有一种性别父亲可以多种性别,non-hate,10.549672,0.56077814,4
4138,楼主应该是苏北的🤭,non-hate,4.356488,4.412531,5
4487,我也有查犹太人的历史,non-hate,8.055388,3.2932408,8
847,微信群演，50一位稳定工资,non-hate,11.400485,3.123743,7
4512,我怎么查都没查到埃及文明是黑人创造的，虽然有黑人但基本都说的是奴隶，埃及是闪米特人创造的，附图怎么看都不像黑人，闪米特人更像黄种人,non-hate,6.841217,1.7807982,3
898,从空降吧主到改贴吧目录，现在连吧名都能改了，度娘越来越会玩了。,non-hate,12.115325,3.7262752,7
7809,男的也不分享，分享这玩意的不是纯初生,non-hate,10.516012,1.6805946,4
6874,那个女的网名叫大黑人！,non-hate,7.7008295,1.2260295,4
3384,兄弟，辛苦了,non-hate,8.839102,5.0049815,8
4489,直男真挺不容易的,non-hate,9.885089,1.9321296,7
7241,骗钱这玩意主要是自己防范意识不到位，孩子，到哪儿都会被骗钱，只不过你可能就是在这一领域被骗的，所以你就觉得这里骗子多,non-hate,5.5586963,2.9769535,6
3211,你想多了，没那么重要的?,non-hate,9.52744,4.4880533,0
5110,拉山东做甚，再怎么黑也轮不到经济全国第三的省吧,non-hate,4.4470153,3.779296,5
4552,你真是他的确诊医生？,non-hate,9.349334,5.4170794,0
4590,你给我狠狠的进步??,non-hate,9.111701,5.2655916,0
7609,不要出生是对她们最好的保护,non-hate,9.316346,0.21665834,4
4477,你是河南人吗？,non-hate,4.7925367,2.744656,5
6476,1，同性恋敢在大街上牵手，异性恋敢在大街上大骂同性恋吗,non-hate,11.245959,0.48453325,1
6597,没啥奇怪的，毕竟女性有30%减伤呢,non-hate,9.423891,1.133397,4
4543,人老了时间多了就开始发闲了,non-hate,8.39278,2.9883988,8
3833,父母不再逼，邻居不再指指点点,non-hate,8.150271,2.8558314,8
2449,咦？这逼乎风向转了？我寻思着这位答主也不是大会员什么的…x鬼这个词，以前我说一句封我15天。,non-hate,11.264918,3.5165143,7
2901,失足妇女挣钱的，可以理解,non-hate,8.995685,1.5367854,4
3672,"江西彩礼确实是真高。我朋友父母在温州开厂。因为很少回沈阳处的是一个江西的女朋友。结婚前段时间。你猜猜彩礼要了多少钱？讲价之后188,000。不过高就高了点儿。毕竟我朋友有钱。但最叫我无法接受的是这个钱不是新娘子自己拿在手上，而是给小舅子。作为一个沈阳人有姐的沈阳人。我姐结婚的彩礼3万多块钱我都没见着。我姐年龄比我大10岁，那个时候是10万，现在是几万不知道。",non-hate,8.695002,-0.053860527,5
3449,劳烦楼主移步17楼,non-hate,10.260435,5.3348165,7
3446,这个太绝对了,non-hate,8.96319,5.503572,8
7632,举个例子 只有会咬人且凶悍的狗 才会在大街上 见到人就叫 甚至去咬，然而大部分宠物狗是不敢这样做的，除非饲养的主人是个脑残。你懂我意思了么？友善,non-hate,11.157038,5.321308,6
4643,大多数都是道听途说，可以看2000以后公安部发布的数据，河南人的犯罪率远低于全国平均水平，你这个难道是遇到了所有河南骗子？哪个省你给我说没有人犯罪？,non-hate,4.7535224,2.4618647,5
4378,大家可以看看1g时期的宣传画，不管男女老少，都是武德充沛，充满了力量的美感,non-hate,10.27715,2.0486667,8
4223,谢谢他，就这待遇还一天10个小时，谢谢他帮我们排除了压榨,non-hate,8.475942,3.6474695,8
7852,得了 ，就你还理智？也不看看自己是什么样子,non-hate,9.498347,3.5673113,0
6428,打错了，不是F省，应该读作H省,non-hate,5.6816235,3.7449076,5
2132,嫁娶我看都一样，都是一半基因。黑男黄女和黑女黄男生的孩子都一样黑,non-hate,8.161466,0.9246075,4
5230,这里部分哪里是臆想，一个存在命题而已，【存在】华工在法国获得了法国女性的青睐，这样子表述你依旧认为不完备吗？,non-hate,8.2882595,1.0433424,4
703,自己人抓自己人啊？,non-hate,9.659347,3.674458,2
1353,这个太极端了,non-hate,9.176575,3.930965,2
6209,他对妻子不负责任，像陌生人，对孩子很好；,non-hate,9.863335,2.5484874,2
1140,你不回我我就默认了,non-hate,11.197226,4.134496,7
6015,河南和东北吧！山东还是好上很多，夸的不少。,non-hate,4.554912,3.7408102,5
7534,归根结底你还不是觉得两个人在一起是为了生育嘛,non-hate,9.341215,0.018645372,4
7008,兄弟报团去微博冲,non-hate,8.421551,4.3381414,7
4352,两性关系中掌握了话语权，定义价值，可以写小作文。男人有权力一样有，但是男人的责任女人就没有了。不能要求女人贤良淑德和贞操但依旧要求男人承受大部分经济社会责任扮演供养者角色。全世界大部分国家法律偏向女性。男人在两性舆论阵地上一再失守，从处女情结开始再到年龄要求未来还会攻击亲子情节，对女人有纯洁任何要求都是封建对男人依旧要彩礼物质。女人已经实现了东食西宿。我记得初中时都是不是处女一样好这种为非处辩解的言论，流产都是很难想象的事情。再到我的过去你管不着，我要怀谁的孩子我说了算，尽管她可能有老公（提一句这是有法律和案例支持的）。而男人呢，只会被要求更多以前只要物质，现在还要提供情绪价值和长相好。女人不关心生活中与自己无关的东西不关注宏大叙事，抱团专精与两性领域现在已经取得了极大的成果。,non-hate,9.696902,0.32925865,4
734,不好意思 我家庭完整 且很幸福,non-hate,8.790126,0.38130826,8
743,因为女生大多数比较感性，情绪容易共鸣。所以听点鸡汤就感觉说是“噢我不能受太多苦这日子不能这么过。我得打扮，秀出自我”然后就开始买买买各种化妆品，衣服，护肤品等。钱不够？没事。“我们借你钱”花呗信用卡顶上。有激进的如整容啥的，梦想一下进演艺圈，日进斗金。其实最开始就只是想要打扮一下......都是消费主义的陷阱罢了。,non-hate,10.357719,1.52182,4
1595,笑死我了，宁波工程学院的事更真实更恶劣，结果就没地域黑🤣,non-hate,6.4445124,3.7768168,5
4898,有可能，但是连网友都能轻松扒出的都不处理，很难不让人往某个方向想,non-hate,9.618983,3.8269536,6
2295,可笑的是小红书连一句话都不让我说,non-hate,11.712385,2.6156626,7
722,移民城市，能互相看不起的就是各地移民了，说穿了就是老乡看不起老乡😂,non-hate,6.4115634,3.0188801,5
582,湖北话好听，但是武汉话难听😅,non-hate,4.5275116,3.319969,5
1608,85年的女的可以不用征婚了,non-hate,9.247641,0.033738285,4
4645,谎言并不伤人，真相才是快刀,non-hate,9.584144,4.4090066,2
7935,我tm用手机看还能怎么看,non-hate,11.404848,3.1925583,7
7110,是的，没有哪个省的人是应该被黑的,non-hate,4.7463875,3.6284268,5
1645,我愿称金庸为大师[哈哈],non-hate,8.035061,4.612331,8
683,说得好，祖国就需要你这样的栋梁之才🤭🤭👍👍,non-hate,7.6805134,4.123895,0
490,因为北京满遗多,non-hate,5.9364386,4.1038203,5
1134,我居然全中…让我哭会,non-hate,9.72447,4.490525,8
2745,嗯嗯就是这个帖子被删了视频找不到了,non-hate,12.042978,3.926057,7
2130,重点是自己喜欢黑的自己也那么打扮嘛，而且人不应该自己忠于自己的各种符号吗，身体长相不也是一种符号吗。,non-hate,8.998366,1.7230338,6
2727,那出名的对外国人好的学校领导都是女的吗？我怎么感觉是从上到下有一些崇媚洋外呢，当然我们这属于18线小城市真没看到过有女的和给人咋滴咋滴的,non-hate,8.267655,1.104979,4
5887,种群铁律亘古不变，真理只在射程之内,non-hate,8.296063,3.2689762,8
882,真是够孤单的，我觉得你应该融入人群，修复自己的抗逆力,non-hate,8.98171,3.1203156,6
7493,图都绿了会不会截图啊,non-hate,10.89951,3.2455425,7
1474,广西的默默刷评论默默走开,non-hate,4.966934,3.6732714,5
553,这样下去，中国很难强下去。,non-hate,7.10284,2.8469644,2
7991,一头猪的猥琐之气是藏不住的,non-hate,11.38662,4.962868,8
6655,山西人给你点个赞,non-hate,4.908139,3.9034054,8
1472,南方人不这样，他也不会这样。,non-hate,5.858313,3.730501,2
4687,呵呵，但是我姐姐夫的同学们聚会又不是都那一个地方的，有大城市的还有英国美国的，像这篇文章的女的真是闻所未闻见所未见,non-hate,8.564313,1.4604852,4
2392,你看看一个多月了有人理你吗,non-hate,10.524647,2.7356062,0
4419,因为看恋爱型小说漫画什么的女生比较多嘛😅😅,non-hate,10.579891,1.5306221,4
4454,所以我为啥要在乎白皮的歧视呢？我生活在中国呀,non-hate,7.5606937,1.6350605,3
563,热知识：同性恋和异性恋只是用来区分性取向的,non-hate,11.272564,0.24158023,1
5103,我觉得多半有，但你实际上没得选,non-hate,9.052203,4.1721587,0
4911,她们有组织有纪律的，逐渐壮大,non-hate,8.949672,1.6671407,8
779,他老公也太惨了吧😭,non-hate,9.7436695,2.3083925,2
7952,一般闲得蛋疼的大概率是猪精,non-hate,11.367798,4.9145126,7
5745,总体南方比北方发达 ，是吧,non-hate,5.709562,3.8415022,5
7760,看某些分裂的言论就像看猴一样。,non-hate,8.674236,3.3629243,2
7529,还有按咱们国人的审美大家觉得漂亮吗？,non-hate,9.736945,2.3494582,8
1192,说的挺客观的，为什么还有人杠，支持你的说法,non-hate,9.919719,5.0294585,6
6830,GDP高的地方，那些人素质相对来说也会高很多,non-hate,6.1396723,3.2965868,5
7326,大家知道为什么突然间限电吗？,non-hate,5.3365417,3.4415185,7
2553,奥巴马是黑犹混血，并不是真正的黑人，而且奥巴马被特朗普评价美国历史最差总统。,non-hate,7.243023,1.5132235,3
5320,东北在山东之前,non-hate,5.312258,4.4001637,5
4282,现在看新闻的也少了，我家也只有老人看看,non-hate,7.9906464,2.8268569,5
1902,兄弟们面对现实吧。,non-hate,8.677719,4.567848,2
2251,这种推送服务在制造矛盾吧，人们看到的永远是跳动自己神经的,non-hate,8.894735,3.380048,2
5693,我也很浪漫很会说话啊。一擦我得擦。,non-hate,9.513205,2.5858066,8
7881,手往后卡扣直接再压两个扣子淦死他,non-hate,10.792224,4.1794877,7
1022,这样下去早晚有一天芝加哥会变成第二个底特律的。,non-hate,8.004006,3.5862002,2
2327,自作多情了,non-hate,9.458615,4.5649557,0
397,穷举无意义,non-hate,10.011962,5.003249,2
3361,我不像你嘴硬，咱发展不如沿海城市好，咱们承认，就像过日子，人家比你有钱，你就得承认，我说西部不行难道不对么？这几年国家一带一路政策让西部进步很快，但是也不至于黑东北地步，上海人说，你们东北经济不行，我对于此，无言以对，因为咱跟上海没法比，咱确实不行。,non-hate,5.349122,4.4198613,5
5927,让别人尊重的前提是别影响到别人😆,non-hate,8.975298,3.1495953,6
3904,当代袁天罡啊，神人在民间,non-hate,7.9584494,4.5343275,8
7084,抖音上也有她了,non-hate,11.627413,2.8834984,8
2792,河南有一些问题，很多不好的印象其实并不来自于新闻，而是来自人们的亲身体验。至少在80年代，河南的名声就不太好了。另外建议河南对于歧视的反驳，不要集中在历史悠久名人众多产粮大省啥的，你说人遇到两个河南骗子，形成了刻板印象，你给他说河南历史悠久，你觉得有用没？当然现在河南已经好多了，我已经很久没有碰到人歧视我了，希望以后会越来越好。当然在西北地区我就不奢望了。,non-hate,4.362964,2.8684185,5
2504,赞同，我对异性恋的看法也是理解＋不接受,non-hate,11.148745,0.85012877,1
4480,镇楼这人不是男的？,non-hate,10.110738,2.3335495,8
5731,明星有多高尚？,non-hate,9.741799,2.070798,8
4835,我没拉黑你，你要对线随时欢迎进来,non-hate,11.202529,3.9635828,7
4092,报团，喝酒，赌博，聚众打架的这些人哪个地方会欢迎？当然不能一杆子打到一片，会误伤很多人。但企业有啥办法，企业不可能一个一个去排查呀！不招是因为真的害怕，出了人命企业要负责任的呀！,non-hate,6.55095,3.1641273,6
7114,作为东北人，也正在适应这个过程??,non-hate,5.653658,4.781784,5
5680,好吧山东经济还行，比河南东北好，河南人均太差了,non-hate,4.31933,3.6050758,5
3598,人如其名 流量老贼🤭,non-hate,11.291782,3.9823942,7
6829,如果发现对方就是来对线争论的，那么首先要把握的是议题的设置，主导叙事比起说自己是对的以及对方是错的更重要。,non-hate,10.756553,3.1340635,6
3212,一直就有大把女人反对女拳，现实中女拳并不多，大多混迹在网络,non-hate,9.643585,0.68044955,4
4050,中秋节快到了，节前不是越来越忙吗？😊不过，这个更新速度我爱了,non-hate,11.640836,3.7045538,7
2302,很难不支持,non-hate,9.741658,4.145406,8
6620,只要不是最底层的，都喜欢打压下一层的人,non-hate,9.14191,3.2288363,2
2570,百年后种族大屠杀比论和世界还要残暴杀屠戮气息,non-hate,8.260311,2.4915714,2
7520,可能是本人表达能力的水平十分有限，竟然让您产生这种曲解，真的不好意思😂,non-hate,10.094547,4.2436748,6
4425,为什么要恶心同性恋，爱是每一个人的自由，真情实感，对方是谁并不重要。,non-hate,11.210904,0.8023237,1
5292,淡定，在一些缺乏地理概念的人眼里，长江以北都是东北😞唐山属于东北不算什么，山东也可能属于东北😆,non-hate,5.4635873,4.380371,5
5794,你写的这是玄幻小说吧,non-hate,9.9095125,4.9013057,0
5614,感觉好像是在宣传白人腻害的样子,non-hate,7.4384604,1.9817278,3
555,可能你的对象不对脾气吧，慢慢找能找到好的对象。你这嫖娼和谈恋爱不能等同的啊。,non-hate,10.46449,1.1121053,6
5694,我觉得，人应该自主独立,non-hate,8.852023,2.6677494,8
3591,多看看分数吧，全国乙卷各大高校河南的考生的分数几乎全是全国第一。。。。华中科技给多少名额录取分数几乎都是排第一。。。说明什么？河南经济落后，考出来的尖子生不亚于发达地区（起码广东）。。,non-hate,4.053214,3.1094844,5
6509,人家当时还是个孩子，你就没有当孩子调皮捣蛋的时候？但是，这样确实不太对。要养小动物，还是对他们好一点。毕竟，把鸡养大了，还可以红烧、炖汤、油炸……,non-hate,10.930136,5.362775,6
6764,其实在早些年，有个外国学家做过一篇调查的发现的是男人更支持女同婚姻，女人更支持男同婚姻,non-hate,10.612472,0.44223413,1
4904,同性恋并不是西方思想，同性恋大多是先天比例影响很大。性取向无法改变。同性恋也不可能传播。,non-hate,11.226572,0.2424791,1
7535,鄙视骗婚的话没人反对。骗婚的也不只是同性恋。不要把这些东西连在一起就行。,non-hate,11.015558,0.73679453,1
7867,楼上那个没菊花,non-hate,11.237597,4.4302697,7
8019,这种货色不拉到没人的地方一顿输出,non-hate,10.8104315,4.588808,7
1731,老爷您可饶了我??,non-hate,9.622645,4.462065,8
6950,继续者之大华人主义,non-hate,7.215464,2.3331587,3
1936,有良知就应该打击,non-hate,8.711775,2.5169885,2
1773,看你是女的好欺负罢了。,non-hate,9.309408,2.011397,0
6530,确实，本来就有人讨厌，没当众嫌弃已经很给他面子了，还要求这么多,non-hate,8.999925,3.2993872,6
3754,你刚回答完，评论里这就有人给你打样儿，😅这些人，也就这水平了，没招。不过你大可放心，能在知乎上搞地域歧视的人，现实生活里大概率也成不了啥事，折腾不出啥大浪，这种人也就上上班，打打游戏，拿着上限八千的工资搞搞歧视，搞完被房东催房租，对房东还满脸记恨🙂，这些人的地域歧视言论，你就当看个笑话就行，不用当真。,non-hate,6.1701016,3.5717056,5
2533,只是念错了个字，不能是故意的，主持人自己也扣钱,non-hate,8.703831,3.2661877,2
5546,你的重点放错了，我的意思是那些人太偏激了😕😕,non-hate,8.704408,3.1455002,2
4323,国男的未来只能靠自己争取！,non-hate,9.108694,2.6208658,4
678,我相信答主代表了大部分人的想法，就是反感还不让说了？天天要求别人认同你的病态本身就是一种病态，你先去问问你父母接不接受再来回答,non-hate,11.090984,1.891106,6
4161,唐画里的小胖妞确实是这样的但那是绘画风格，记载中唐代女子的标准其实是..“丰r肥t”之类的丰腴美,non-hate,9.87667,1.4962555,4
6205,抢东西是真的，其他的全是借口,non-hate,9.758479,3.8476856,7
1706,没错，让很多不懂事的年轻人觉得这种与众不同是时尚,non-hate,9.137804,2.775094,8
4121,我是来加入你们的惹,non-hate,8.707749,4.5440474,8
2868,女人咋被淘汰😅，啥样的女人想留下后代都不难,non-hate,9.420584,-0.035289917,4
5687,我们苏北的太可怜了😭,non-hate,4.346343,4.3443394,5
1392,知乎救了你,non-hate,10.481048,4.195996,0
7880,没有女人缘的吊丝羡慕嫉妒恨了，乱喷有什么用,non-hate,10.597089,1.9859822,4
4575,这个国家在意大利里面，为啥不并入意大利，才3万多人,non-hate,6.7201056,2.5895863,3
7973,有些垃圾真的恶心,non-hate,10.95428,4.45053,2
7614,男人的权利得不到维护重视，女人被惯坏，都是因为这些伪君子们作出来的,non-hate,9.461456,0.7436095,4
3792,你当然可以讨厌，这是你的自由。我就是河南的。我从来不偷，不抢不骗。行得端，做得正。,non-hate,4.5373673,2.5603473,5
6994,突然觉得彩礼贷香起来了，你们觉得呢？,non-hate,8.861891,0.10055294,8
4153,现在社会情绪都挺过激的，令人感到担忧,non-hate,8.516284,3.123589,2
1146,差去四川娶一个彝族姑娘,non-hate,5.5369444,3.2908514,8
4724,因为极端女权发展到最后男性是得利的。你把维护正常女性的男性都打成国男，那到头来就活该丧失应有的社会地位。,non-hate,9.592832,0.6016423,4
6567,人们一般关注的是坏蛋里某地人的比例，而不是某地人里坏蛋的比例，就是这样。,non-hate,7.6904025,3.3274827,3
7153,那就陪它们打到底！打到弹尽粮绝,non-hate,9.305433,4.1309886,2
3916,如何评价这张图是妆后五分女？刘亦菲十分我觉得顶天三分,non-hate,10.663609,2.6526031,7
899,这波怎么评价？,non-hate,10.367095,4.2238784,7
4135,我也确实没办法证明你有办法证明同性恋是天生的吗,non-hate,11.361806,0.42230475,1
3127,又一个知乎账号被永封,non-hate,11.529306,3.819856,7
5639,以前租了一个房间，说实话，我人有点懒所以东西乱纸和快递盒子一堆一排，但是食物残渣一类的都是立刻清理的，走的时候整个房间打扫了一遍,non-hate,10.9518795,4.1771564,7
1182,因为男人不是蠢货会把钱花在有价值的地方,non-hate,10.069871,1.9094297,8
298,习惯就好了，想想人家河南人，那么多年都过来了……,non-hate,4.848161,2.8341026,5
2103,山东还好吧，遇到的山东人还不错，。,non-hate,4.3917155,3.6850162,5
5774,男男个别很乱，女女小部分也很乱。但是异性恋也很乱。乱的是个别部分，不是整个群体的。不要以偏概全哦，还是有好的，不管是同性恋还是异性恋。人也分好人和变态的😜,non-hate,10.991536,0.5437233,1
5231,想知你对他做成什么损失？骗财骗色？,non-hate,10.196662,2.5090888,6
5857,人多就是好呢,non-hate,8.162508,4.222183,8
6514,其实可以提一个和保护妇女一样的法律来保护男性啊，为啥非要反对，男女性别中都有渣子,non-hate,9.440834,0.6174038,4
955,索玛女王，这博主是男的,non-hate,10.219721,2.1360788,7
3224,其实东夷也算是铸造华夏族的重要一部分，和剩下三个多少还是有差别的,non-hate,5.8117986,2.595546,3
7990,再寄吧删帖子就给猪猪来一针吧，当着他男朋友的面。,non-hate,11.3993,4.8935914,7
7807,建议你们都去s,non-hate,8.224699,4.441904,8
4857,你说这几个地方离我大学都挺近,non-hate,6.768319,3.956234,8
6972,已经举报这个帖主，感谢,non-hate,10.964342,3.8646905,7
7111,养鸡场屠宰90%的小公鸡做饲料，只留小母鸡下蛋。,non-hate,11.025524,5.358339,2
5931,东北人彻底麻木,non-hate,5.6302366,4.9186115,5
7302,一看就是四川重庆的人,non-hate,5.4146457,3.3166907,8
4231,祖籍河南的甘肃人看过以后沉默了,non-hate,4.6024137,3.1706882,5
4653,不太认同，虽然我本身的审美是黄种人，但是有的人就是喜欢白种人或者黑人吧，就像有的男人就是喜欢白人妹子一样。一棍子打死所有人不好吧🤔,non-hate,7.93231,1.1650006,1
6778,人家独立自主和你有什么关系,non-hate,9.332697,2.3998942,6
7453,此人品行恶劣，但一个人不能代表几十亿人。,non-hate,8.53326,3.2833297,2
1730,莫利安人是这样的,non-hate,8.5335455,3.680723,8
6050,呃，河南有啥黑点吗？虽然有可以被黑的点也不能歧视，但是在我印象里河南确实没啥黑点阿,non-hate,4.352917,2.8849103,5
7678,这不正是你们这帮lj的写照吗？自己不接受的事物就要怱悠别人都来反对，还自以为很正义～,non-hate,10.14775,3.1197612,6
3371,哎呀，我的妈呀，艾滋病泛滥是有原因的,non-hate,11.170981,-0.5205322,2
7628,魔怔人还是要早点拉黑,non-hate,11.276389,4.0852847,7
1024,这特么才叫女权,non-hate,9.553076,0.93310094,4
7499,"不认可你的想法其实，我们国家是一个很传统很保守的国家，对于同性恋也是很保守，对于同性恋平权的话题基本是禁止不让谈的，只能说，不幸之中的万幸，因为，异性歧视同也是不对的，同样，支持同性也是不对的，都不是政治正确，政治正确的是从来不谈它，当它不存在。所以，我们作为同唯一能做的就是，当被人嘲笑殴打时不惜一切代价保护自己，不要被恶意重伤，骄傲地做好自己，通过努力向自己证明自己是成功的，幸福的，然后也不用理会歧视同的言论，尊重他们,毕竟，在当前的政治舆论下，歧视与否都是错的，对的是当它不存在。",non-hate,11.3372345,0.62247616,1
3369,我:你礼貌吗？,non-hate,9.654714,4.3720317,0
513,现在互联网上男性对这张图的评价是打情骂俏，那就让我们再过5年后看看吧，若还是那德行，可能真没救了,non-hate,10.166815,1.2469548,4
7814,对于你这种人，举报就完事了，别跟我说话了。,non-hate,10.700716,3.8678687,0
7947,老僵尸闻着味都能找到坟,non-hate,11.057563,4.421509,7
5161,樓主是老闆嗎,non-hate,10.149193,5.4246116,7
7719,这样的行为真的是欠揍熊孩子行为。,non-hate,9.550731,3.494841,2
693,一个人的品位由TA选的配偶的层次决定。,non-hate,9.606824,2.3615975,4
6961,男的连嫖娼信息这种违法的都不让放出来，公布给家里人，这样说女性怎么样真的好意思吗？当然如果你洁身自好，你可以不看这个,non-hate,10.36874,1.2652884,4
3056,您自己不就是在践行地域黑的真谛吗,non-hate,6.4022017,3.349339,5
7748,当然是凭着不要脸和某某把它们当人上人来对待呗，就算咋们普通人不乐意能咋样,non-hate,9.224074,3.0007553,6
408,你为什么没去打工？,non-hate,7.16838,3.6191065,0
3610,大多数情况下性取向是先天的吧，基因里关于繁殖的部分早就确定好了,non-hate,10.8621235,0.43481538,1
1961,自由社会，违法吗？,non-hate,8.714461,2.7540689,2
3511,去推特看看就知道了，♠️,non-hate,11.571645,3.015347,7
7734,再向各位饭桶介绍一下现在养的小猫：凯迪拉克·尼古拉斯，超级黏我,non-hate,11.37649,4.800708,7
3504,我们云南人参与不到南北大战，豆腐脑甜的咸的都有人吃，饺子米线都吃的香，东北粤菜江浙菜都觉得不错，少数民族和汉族都相处和谐。,non-hate,5.85556,3.9000516,5
2778,你这种角度相当于自己把自己摆在低位了大可不必,non-hate,9.394319,3.269364,6
504,人家说的是生理上而不是理性。,non-hate,9.043176,3.8899994,2
6247,在国外，要配偶工资上交是家暴,non-hate,8.478538,0.7860703,4
1033,相由心生，这个眼神真的很阴毒,non-hate,9.268904,3.755538,2
1982,四川口碑很好好么，河南，安徽，四川劳务输出大省，就四川口碑是正面的,non-hate,5.282495,3.24058,5
1056,真的换来我们站起来了吗？我咋被996压弯了腰？,non-hate,9.244886,2.8989997,7
5276,总部在抖音，有个几十万粉丝博主，但被限流了,non-hate,11.56134,3.1808426,7
3458,东北，河南，山东历史地位普遍很高。东北重工业基地，共和国长子。山东GDP一直在前三，甚至干到过第一，河南历史底蕴身深厚，而且这三个省份体量大，容易成为目标，我是班级里的小透明，没人在乎我，但是班里的高富帅，现在突然落魄了，就会有很多人讨论?,non-hate,4.2519765,3.5251896,5
7771,我给你开上天行吗？开上西天,non-hate,10.250713,4.2331133,0
1246,别吹了别吹了毛男自己看得都不好意思了,non-hate,10.361504,2.0761142,7
942,论据呢？我🇺🇸待过三年，亚裔男性在奥斯丁婚恋市场可是抢手得很,non-hate,7.9916935,0.8882731,4
2854,广州坐了十三年地铁，除了特定几个站有时候能看到一两个，其他时候没再看见👍️,non-hate,5.693005,3.6967316,5
2701,犹太财阀支持的,non-hate,7.9569297,3.3367734,8
5486,英雄来自生活,non-hate,8.62117,4.227684,8
6164,黑人是不是土人的一种？,non-hate,6.9028454,1.4950544,3
7412,你说得对，上去,non-hate,8.890784,5.0058665,0
7788,这个时候身为阉人的你反而不如不阉的时候呢,non-hate,9.619905,4.548851,0
2568,呵呵，我说读小学的时候怎么感觉很奇怪，整个人都西方化了呢……,non-hate,7.438288,3.2029212,8
7682,这楼主是什么玩意,non-hate,10.323658,5.3922415,7
1691,它们连做棋子的资格都没有，只是单纯的生物不能无限繁殖而已,non-hate,8.179279,3.0665169,2
5992,在别的吧大家肯定会说这是打情骂俏，是美好的事，但我相信在这个吧，吧友能挖出更深层次的答案,non-hate,12.047134,3.368766,7
8009,它意思是它应该是砸肿，它母上应该多融合。,non-hate,8.682678,4.407672,2
1901,我都怀疑它是不是女的,non-hate,9.965679,1.4842951,4
6627,最原始的女权，是维护女性正当权利，女性承担繁衍责任，男性在不需要繁殖的时候具有天然的生活优势，在日常生活里天然女性很明显会处于弱势地位，优势地位的男性也很乐意维护女性最基本的人权，比如生育，比如交配意愿，再比如从小就会因为女生力气小而教导男生要多照顾女生，因为同等工作量，男性天生就有力气优势。但这经不起利用，男人女人们，好好看看在争取男权亦或者女权的时候，到底有没有尊重最基本的人权！人权！人权！,non-hate,9.538146,0.49761084,4
33,最近挺热闹啊，是不是放暑假的原因使得一些反某某歧视的多了起来,non-hate,8.0860815,2.443571,6
7528,🐶热搜不能没有西安，就像西方不能没有耶路撒冷,non-hate,5.110934,3.417529,8
7928,你介绍爱国吗？你这叫碍国,non-hate,7.360685,3.036797,6
5497,吧内确实有人急了,non-hate,12.13062,3.6701396,7
7962,哀其不幸，怒其不争，这男的真该，头顶绿得发黑了还原谅呢，别人劝了不听，自食其果，还发在网上…无语,non-hate,9.990802,2.675244,7
265,😅😅成都是人民的城市啊，威武啊成都群众。,non-hate,5.623345,3.2431943,8
7987,谁家街留子要这玩意，要了马上就降两档次,non-hate,10.676323,3.6569555,7
4449,援建不是打工,non-hate,6.6177063,3.2915802,8
2821,主要是大病容易人传人，必须隔离,non-hate,10.941467,-0.2579399,6
907,李世民？？他尊老子李耳为祖先，你懂这是什么意思吗？,non-hate,5.830299,2.606379,8
7658,如此双标的话不是÷生真说不出口,non-hate,9.690609,4.119983,2
2319,为什么不打胎,non-hate,9.461776,-0.00036127612,4
3903,黑名单又多一位,non-hate,11.419519,3.9906042,7
6932,说真的，如果这边是20年，对面搞不好也就15年。,non-hate,7.8483,3.4750814,2
3011,上海被黑多是那种调侃的黑，河南被黑才是真黑。我在南京上大学，大学里如果有同学说是上海的，别人第一句就是唉你怎么来这上学啊？如果说是河南的，那就会说 哦 好远哦,non-hate,4.364105,3.1765606,5
6102,是的，她们正好说反了！,non-hate,8.924396,2.3641615,2
4948,请你解释一下满洲话是什么话？中国现在有满洲吗？,non-hate,5.9341483,2.8302724,3
6872,你老公要是知道了，可能会离婚,non-hate,9.710516,1.6859788,4
3264,你好，既然对所以同胞都是有责任的，那你也为娶国外老婆的中国男人悲伤一下,non-hate,8.126036,0.8372535,4
7907,请问牠们算人吗,non-hate,10.513892,5.343051,2
331,他也就是一自媒体而已，没必要追捧,non-hate,11.130296,3.1852596,6
7815,你们这三个人都p过我的图，而且是你们先玩的烂招，你眼睛瞎了？,non-hate,10.603747,3.3331404,7
5337,你两头开枪是吧？,non-hate,9.088939,4.6337523,0
6955,我认识的上海人都挺好的。,non-hate,4.6754603,4.864542,8
2753,当普信男这个词的提出，必会带出普信女，男和女本来就是对立统一的,non-hate,9.840259,0.72055954,4
3178,这算啥，他们几个人就能接手火神山医院,non-hate,10.125271,3.644915,8
7979,这第一口就是宁咬的吧😆,non-hate,10.255471,4.7340026,8
4084,诶，话不能这么说，哥直的狠😆,non-hate,9.734797,4.4149785,2
6844,走个过场罢了,non-hate,9.441525,4.336233,8
6285,就凭人家懂得共情,non-hate,9.392894,2.7398264,8
7603,你也是反同的？,non-hate,11.591,0.7964821,1
2395,河南笑而不语,non-hate,4.326462,2.794173,5
644,社会戾气太重，带节奏厉害,non-hate,8.692554,2.9493666,2
3321,我不知道我说的“天生的”和你的“天生的”的概念是不是一样。但有一个问题你绝对逃避不了，那就是社会对同性恋的态度是否宽容，并不会改变同性恋占人口的比例。比如我国、日本、俄罗斯这样的偏保守的东方国家，和相对保守的西方国家比如美国，和开放的北欧国家，这几类国家的同性恋比例大致相同，都在百分之五左右。也就是说人们对同性恋的态度只会影响表面上的同性恋数量，但不会影响实际上的同性恋数量。,non-hate,11.2160225,0.32839736,1
2881,山东好像韩国人比较多,non-hate,4.3726273,3.5674074,5
4025,你凭什么假定他的性别。你怎么知道他不是心理上的女性生理上的男性？找这么说的话他应该是同性恋才对。,non-hate,11.057583,0.5627322,1
6832,评论区总算没有玩烂梗让我很欣慰,non-hate,11.407352,3.6085002,7
6125,他，这人是个男的，假装自己是女的,non-hate,10.251848,2.4982646,2
5753,韦小宝百家脸,non-hate,10.483158,3.1353054,7
4800,这方面上我觉得直男更胜一筹,non-hate,9.770136,1.7478251,8
208,几个可爱的小孩子。,non-hate,9.431679,3.0054035,8
2664,度度是这样的，马上就缩了回去怎么不继续表演了,non-hate,11.5495615,3.903569,7
8004,小畜生脏手拿开，别碰人类,non-hate,10.943125,5.2472496,2
5692,我去，女子劳教所该！看来劳教所管得太松了，居然还能上网！,non-hate,9.033462,1.7820872,7
3759,建议去看看去年9个用全国一卷省份（包括河南）的分数线。会颠覆你的认知,non-hate,4.058755,3.0973036,5
2038,不是爱不爱的问题是干净与否的问题,non-hate,10.976262,1.0998707,6
6773,防止恶性传染病人人有责,non-hate,11.028529,-0.37388334,2
6331,这个、、我作为一位女生也觉得赞同==,non-hate,9.38922,1.5050405,4
6822,你不是说上一个帖子是你的最终解释吗？解释完了你能不能别发了？或者换张图发点新的？,non-hate,10.823755,3.6463745,6
1703,你觉醒了，恭喜你,non-hate,9.121028,5.0703573,0
307,那个福南啊🤣，其实正确发音不是福兰嘛,non-hate,5.912413,3.6757631,8
7600,僧伽罗人只是比较黑，面孔和纯黑人差异还是很大的。斯里兰卡我旅游过，差异度和东南亚人感觉类似，但婚嫁确实有点超出一般的想象。,non-hate,7.1350827,1.7724452,3
3762,因为高空抛物会影响到其他人的利益，偷东西不怎么会。,non-hate,8.008872,3.510776,2
4886,白人怕是已经输了，人口比例都不行了,non-hate,7.291735,2.3847618,3
7662,囧如果不是吃相太难看，谁特么在意这群惹人厌的玩意儿囧,non-hate,10.779477,4.3131547,7
6771,总是会发现一下蛛丝马迹的吧，侦查手段已经在学了，比如如何查男友手机，如何判断男友是否是处。,non-hate,10.856274,2.437159,7
7837,中国又不是男人的中国，所以谁有那个资格，要人家出去呢？你谁呀？,non-hate,8.598525,1.1613839,4
1841,是不是汉族又怎么了，56个民族一家亲,non-hate,6.0254717,2.6478658,3
3406,妇女节已经不叫妇女节了,non-hate,9.014958,1.045336,4
2574,我只是支持你的观点而已，你能不能好好理解我的意思，难道你就没感觉出来我是倾向于你这边的吗？,non-hate,11.095302,1.6298199,0
5421,不要偷换概念，答主说的讨厌吃香菜对应的是穆斯林讨厌吃猪肉，当然他们讨厌别人吃猪肉也没有问题，问题是因为他们不吃因此要禁止别人也不吃，这才是问题所在。喜欢和讨厌都是个人主观上的情绪感觉，这个是没有任何问题的，如果因为这种个人情绪表现为其他方式（比如辱骂，比如阻挠）因而妨碍或者伤害到别人了，那么就是错的,non-hate,11.164086,1.8234698,6
2667,江西人含泪默默走出,non-hate,4.6760345,4.190174,5
4406,气抖冷，我们男人什么时候才能站起来，应该加强对男人的生命安全保护才对,non-hate,9.37112,2.5279152,2
699,这是EVAHERMAN2009年照的照片。不过她的确看起来很年轻，我觉得玻尿酸微整形是很管用的🤔👍🏻,non-hate,10.212994,2.2375696,4
2168,广东那个应该不算黑？或者是我没经历过那个时代吗😅,non-hate,5.539296,3.6048117,5
4925,重点不是威胁吗？😅能把自己违规说成被威胁的没见过,non-hate,10.7223625,3.6135874,6
2259,很正常，不光是男女问题，现在互联网大环境就是只能选一边站，要么不出声看戏,non-hate,9.836488,0.73937094,4
3156,我不讨厌哦，我之前根本没这个概念。后来因为喜欢张国荣慢慢了解到这个圈子，但一点都没惊讶，就觉得是很自然的事情，我自己都觉得奇怪～,non-hate,11.329995,0.89633095,6
7224,哪里小偷比武汉少 (具体地名),non-hate,4.745628,2.4962325,5
4784,个人是觉得这样的。不过你的评论很诚恳，虽不接受，谢谢交流。,non-hate,9.654487,3.5391645,6
1601,且不说台资“声名远扬”，你把我台湾岛仅次于半导体的第二大无烟工业放在哪里？,non-hate,4.461257,3.7832367,5
2731,琪贵人发誓的时候你想掐死她吗？,non-hate,9.453062,2.4183438,0
7689,你们双方互相泼脏水的精彩程度堪称世纪大戏,non-hate,9.548124,4.358524,2
315,这个人的眼神中充满了调侃,non-hate,9.401518,4.059107,8
7586,看来你身边也有同性恋啊，我同桌就是一对同性恋😅,non-hate,11.374718,0.5718947,1
4365,不过山东大学的领导非常的不在乎，被网友爆出后，一不道歉，二不回复。就当这事不存在似的。,non-hate,4.3502693,3.7105904,6
3442,这事只能黑客干,non-hate,10.9171505,3.581581,7
1756,现在不都是这样么 原来只有我一个？我老婆是根本没要彩礼 换成宁德时代股票 那时60,non-hate,8.794586,0.01578044,4
2674,"2020年真题乙在高速公路上从正在行驶的车上跳出,属于异常行为。因此乙因跳车摔成重伤与甲的行为不具有因果关系。",non-hate,8.713366,2.2355716,6
7686,我只知道你是一个无知且无畏的复读机,non-hate,9.751308,4.810168,0
6878,本来评论第一是我，现在没了，真是醉了,non-hate,11.451819,3.929126,7
6183,以前有个爱狗人士的ID，支持黑人,non-hate,7.3703785,1.4533014,3
42,这样的假设，现实中并不存在或极端罕见,non-hate,9.085136,4.250672,2
5868,其实我觉得东北还好啦，你碰上的大概是个例，因为对大多数东北人来说中国除了东北人都算是南方人......尤其是东北人对家乡文化一般都不太自信,non-hate,5.528462,4.337921,5
7174,对于小管家来说，是没有匿名的,non-hate,10.916462,3.3323984,2
4212,诶，你怎么说就不对了，我就是河南人从小到大在河南，我也没被偷东西啊，还有，河南有上亿人口，出几个人渣也是很有可能啊,non-hate,4.6138353,2.4295003,5
1469,你让你爸妈先收敛一点，也没你了,non-hate,9.963718,3.5333416,0
6713,具体是哪的我不知道，反正我徐州人对安徽挺有好感的,non-hate,4.3683214,4.2308493,5
1485,终于喝了一回男权的鸡汤了,non-hate,9.891564,1.2628458,4
2208,这种你能忍就忍呗，放我身上开始都不会有,non-hate,10.190059,3.3739893,6
983,没办法山东媒体太差了,non-hate,4.279205,3.612731,5
4858,怕啥，有我们东北人在前面顶着呢,non-hate,5.7196965,4.821359,5
3752,呵呵我没食欲的时候就真想吃这个米饭喔，印度菜更加是我的最爱，你是南方人吗吃东西很清淡？,non-hate,6.238549,3.2269266,8
5757,抽它一耳光！,non-hate,10.700685,4.711384,2
1025,为什么我要支持？你又你喜欢的权利 我也有反感的自由,non-hate,11.1136875,1.6693975,6
2292,我在浙江。我觉得气候而言。并不宜居。,non-hate,4.7683306,4.25815,5
1029,别再骂啦。他们就两个人等等说我们以多欺少,non-hate,8.84553,4.0772977,2
4607,热情好客不代表可以反客为主。,non-hate,8.835168,3.4712665,2
2571,就想问官司打赢了么,non-hate,9.747755,4.527218,7
5422,没啥说的，她们热爱自由我支持,non-hate,9.709017,1.3780452,4
5014,这可是转贴,non-hate,8.945956,4.5649967,8
7910,这不就是中国人口吧那群人吗？老大聪明了,non-hate,7.010152,2.7304435,3
5294,人和动物乱整我们是不能接受的,non-hate,10.783389,5.344694,2
5450,为什么麦片哥盯上我了,non-hate,10.543017,4.2783494,7
5904,放进罗非鱼行不行，那个鱼起码好吃，也是很凶残的鱼。应该能消灭清道夫吧。,non-hate,10.737565,4.510698,7
5882,🐶那本来就是骗婚的人品有问题的人啊，你抵制他们难道会消失吗,non-hate,10.731221,1.7870452,2
1697,黄种人不care，而且，既然性取向为天生的，为什么要那么在意别人怎么看？这个社会已经很包容了，网文网剧不少了，难道只有把这个东西变成主流文化才能算尊重吗,non-hate,10.845817,0.8259198,1
6327,本人有位兄弟 河南人常驻新疆…但人真好,non-hate,4.90104,2.803952,5
6761,贴吧就这样，随缘吞帖，所以贴吧越来越凉了,non-hate,12.09313,3.569761,7
3926,捐个市长过去吧,non-hate,7.368364,3.8252347,8
3214,观点不反对，但是论据有问题。你发的这个文章和世界女权没有任何关系，作者都是个华裔,non-hate,9.375942,0.8776978,4
1916,切，优胜劣汰很正常啊。比不过人家就说人家心胸狭隘，大叔你羞也不羞。,non-hate,9.936104,2.8936543,6
7904,那你可真是个**啊，不想好好上班，整天别人压迫你了，还给这放洋屁，你但凡有一点b成色，你会抱怨社会，抱怨性别，*****，有多大的本事吃多大的饭，你这种抱怨一切的人，给爷爬，自己**给这叫唤，让别人同情你?还是想让别人加入你一起对社会有所抱怨，你都该死，自古物竞天择，优胜劣汰，是你去适应社会而不是社会适应你。,non-hate,9.231756,2.8987005,6
7856,头像就选错了右边头像那个同班男的纯👅🐶，犬夜叉当时心里有人戈薇还对他死心塌地,non-hate,11.442992,4.430909,7
5452,顺从她就好了,non-hate,9.3454,2.230311,8
5410,综合上述评论、上海这轮第一，大家没意见吧？,non-hate,4.824213,5.009505,5
1385,上海大概是吴越50%，江淮25%，南方其他20%，北方5%,non-hate,4.459159,4.643013,5
4120,反正理科班没有🤣,non-hate,8.093323,3.9028566,8
1808,行吧，可能我比较敏感😅,non-hate,9.301119,3.7287061,8
7122,这种还真不少,non-hate,8.49671,4.281896,8
7638,没死刑？管不了他们,non-hate,8.910195,2.815729,2
7524,墨翟是黑人？你确定说这话的人没疯？,non-hate,7.116113,1.2832049,3
2720,这怎么就河南了，你是不是也是来挑事情的,non-hate,4.447237,2.7404263,5
7707,楼主魔怔人，刚从医院放出来大家别见怪,non-hate,11.282656,4.0060153,7
5525,我不好评价,non-hate,10.130291,4.340687,8
6460,没关系没关系，现在结婚的还是太多了,non-hate,9.08436,0.19885577,4
2644,首先本贴不反同也不反对撑同，也无意把此人所作所为扩大到群体,non-hate,11.666166,1.5292844,6
3294,更准确的说，毛爷爷所说的，第三世界的国家才是我们的兄弟,non-hate,7.201481,2.7378025,3
5656,你这明显不是北京人,non-hate,6.0112844,4.236404,0
7248,解决艾滋病的根本方法真的是绞杀txl吗？符合道德吗？如果txl有着和异性恋一样的社会环境，那txl就算传播是不是也应该是圈子自己人传播呢？直男直女们在害怕什么？那请问山村拐卖妇女儿童的法律惩罚就是上升到死刑能彻底解决问题吗？民智需要开化才能解决，同样的道理，txl本就不是疾病，普及性知识，提倡安全性爱，营造社会宽容的氛围，让txl不要需要隐藏自己的身份才是解决问题的关键。,non-hate,11.11456,-0.3468504,1
2505,还有一个是小时候看到我爸的同事把手搭在我爸肩上，就是兄弟间勾肩搭背那种，当时我以为我爸的同事在欺负我爸，我冲上去用脚踹我爸同事。这件趣事我爸亲戚那边长大了还会在谈，不知道为什么虽然小时候很熊，我妈那边的亲戚也都不喜欢我，可我爸那边的亲戚却出奇地喜欢我，都说我性格特有趣,non-hate,10.184018,2.8190527,6
470,就我一个人发现他们高中竟然能带手机？而且还有表白墙？！,non-hate,10.981544,1.4673309,7
7637,大家举报吧，有这一类人真是种花家的不幸。,non-hate,10.790018,3.7320223,2
3475,楼主是机器人吧。这天天4000+,non-hate,11.184821,3.6982656,7
3190,这文字才是带脑子的,non-hate,9.989911,5.077316,8
5398,只因怕打针，爸爸狠摔亲生孩子，男子气概？父爱？,non-hate,9.528642,2.7314222,2
132,这就有点病态了，,non-hate,9.106547,3.721802,2
7596,最近调查数据体制内女性是处女膜修补术最大客户群体，占比达到33.6%,non-hate,10.350462,0.38123655,4
6846,浙江也不遑多让了，尤其是杭州这种安徽人多的地方,non-hate,4.5088825,4.162553,5
7853,你就是一坨黑,non-hate,6.5891128,1.9305474,0
2077,啥哦，非洲有蛮多地方物产丰富，很多果子，植物（菜），野生动物，鱼都能吃，不工作饿不死。,non-hate,7.0525966,1.705515,3
7790,你这帖子一发，我就想到鸡你太美。我们说他长得是个屎你们又不同意。,non-hate,10.550699,2.8466263,6
4178,想知道这个有没有科学依据啊？混血真会智力什么的不如不混血的啊？,non-hate,8.134609,1.3577485,3
2451,我都想知道ta们这些自称是女性的人到底是不是真的。当初捉女拳结果捉到的是男的，还有美国那里fbi都到maga和natifa里当卧底。,non-hate,9.421455,1.0491263,4
2301,持续关注中 抖音上好多女黄男黑结合了 而且都生了孩 都留在国内了 拿的身份证 汉语 哈哈哈,non-hate,7.743888,1.128741,3
7067,看不得人家女孩子幸福咯，女孩子就看耽美管他什么事了呢？,non-hate,10.850078,1.1143558,4
6483,浙江不是东越人种嘛？跟主体的汉民族人种也不一样啊。,non-hate,5.7233963,2.6755824,5
5119,那男性和雄性动物的区别呢？使用暴力要有节制。,non-hate,9.23293,1.6224357,2
2763,你错了，男权还是女权，都是偏激的，没有任何一方宣扬的是平等,non-hate,9.532871,0.56812096,4
3605,台湾这两年人均gdp暴增。。。。,non-hate,6.58319,2.7788086,8
1184,可你在别的回答里是男的啊，敢问您现在到底是男是女啊？,non-hate,10.357043,2.6880589,4
6525,说个最简单的，回家打开电视，调到cctv3，每天都有宣传黑人的节目,non-hate,7.101975,1.4889561,3
3905,相比黑人，你说的这个，我觉得可以忽略不计,non-hate,7.002707,1.3433099,3
7943,那个傻卵是反串的理客中阴阳人，大家注意一下。,non-hate,10.852586,4.3948913,7
2328,北上广虽然被黑严重，但没有被地域歧视，而是被羡慕嫉妒恨。,non-hate,5.478524,3.9373767,5
1959,黑龙江都没有地域歧视，毕竟过了松花江，都是南方人－＝≡ヘ(*?ω?)ノ,non-hate,5.5891156,4.344439,5
7486,我我我，青海的,non-hate,4.793517,3.4704397,8
1498,额，这个我的确是不知道 而且可能身边基本没有新疆人,non-hate,5.1084213,2.9429255,5
2403,可别给我带上，我不讨厌东北人,non-hate,5.770588,4.8640428,5
6611,祸害学生，是他们的死罪,non-hate,7.023003,3.9845574,2
6875,不把散布极端言论的罪魁祸首统统抓起来进几个月局子是不会知道反省的,non-hate,8.661949,2.5352144,2
6692,二人世界不好么，没有其他的东西消磨二人的热情，俩个人一直潇潇洒洒的，现在都好难过，我要是个男的好了，可以找个男的一起生活，也不用怕怀孕，也不用怕不会辅导孩子，每天俩人甜蜜蜜的，你哄哄我，我哄哄你，心态也年轻。事实证明大家不结婚不生孩子，确实过的也比较舒服，放开不利于社会发展这一条感觉没啥不好的,non-hate,9.394403,-0.01951962,4
3135,不好意思，我们身高矮学历不高，出生也不好的中国女性配不上您了,non-hate,8.364386,1.1341516,4
1297,没有人祖籍东北，东北人祖籍都是山东河北那边的,non-hate,5.52867,4.38307,5
3982,我对象沈阳的，我觉得还是看得上的,non-hate,6.0497794,4.366054,5
5579,不用理他们，他们就是一群闲人，长舌妇一般喜欢指手画脚别人的人生。,non-hate,9.655638,3.057179,6
5906,江苏或者是江浙沪，也就苏北历史上能打，义乌的戚家军几千年也就那么一次,non-hate,4.4099936,4.397693,5
6281,看看喷吧被删的贴子捏,non-hate,12.23356,3.8275473,7
6570,你这不是真黑，，，是假黑,non-hate,6.5727854,1.9614222,0
7298,不符合东方审美观,non-hate,9.676431,2.2278016,3
7582,在日本，30岁的年轻人不买房不买车，不结婚生子，只是不停地存钱；60岁的老人养着像猫一样的狗，种着兰花，在电视机前孤独地等待人生最后的终结，,non-hate,9.397986,-0.09084771,4
1526,能轻松共情的人非常适合被当枪使,non-hate,9.383812,2.7990818,8
5153,你可以自己恶心 但是不能指着他（她）的鼻子说恶心 我就是我所谓的三观,non-hate,11.1045265,1.8452059,6
1114,哥们你说出了我的心里话，太对了！,non-hate,9.050503,5.1798,0
530,广西人确实脸圆鼻子塌，但是看起来很可爱，我对象就是广西人，广西人都比较温柔,non-hate,4.9861712,3.9481962,5
1853,谁知道呢？或许是玻璃做的,non-hate,9.456355,4.8248386,0
6455,哥，你这是典型滑坡谬误😂,non-hate,9.74706,5.020348,0
478,u1s1，那个图片里对女人的解读基本没什么毛病，如果你觉得不对，那么请在五千年人类史中举出反例,non-hate,9.838482,1.42616,4
6324,好吃的炸鸡,non-hate,10.39002,5.3134418,8
1202,在老乡群，我给群主面子，忍住没骂他,non-hate,8.977593,3.0318449,8
6608,排斥同性的表白跟排斥自己不喜欢的异性的表白是一样的啊，自己的选择而已,non-hate,11.165446,0.7359053,1
7675,你看起来也挺了解的，白天接完富婆，晚上还要给中年男老板解闷，真担心你身体吃不消。,non-hate,10.871624,2.473899,7
6636,黑土地盗掘确实严重，该罚！祸害我们东北的黑土地,non-hate,5.353857,4.051742,5
4094,最好转发朋友圈，QQ空间，微博这种,non-hate,11.5147705,3.5091805,7
7246,你说的是黑龙江，人家有省名。,non-hate,5.4543047,4.2529273,5
2772,河南山东GDP都前五了还欠发达，山东第三比浙江还高😅,non-hate,4.352142,3.7082608,5
2764,因为社会主力还是60-80年代的人 有家室 怕连累家人 可惜90 00这代人结婚率低 过几年排黑就会蔓延到生活中了,non-hate,9.504333,0.22694284,4
6868,那么喜欢中国，就死在那里吧，不枉它一厢情愿,non-hate,6.964056,2.7175198,2
3692,这个是喷吧小吧主阿娜,non-hate,12.237328,3.8603756,7
7685,他是个什么垃圾？,non-hate,10.225933,2.795569,2
3055,如果一个语言要靠侮辱其他语言展现优越感而存在，那消亡也没什么可惜的,non-hate,8.279479,2.8129926,6
5207,黑人在田径运动方面确实比其他人种有优势，这个必须承认,non-hate,6.8969483,1.2879317,3
1005,许州的事真多,non-hate,7.1920066,4.186291,8
6318,这人可能这辈子没出过抚顺,non-hate,5.5870075,4.8892217,2
6362,还是民族自信不够,non-hate,6.863709,2.8283386,3
3123,每个省各个教学质量都不一样，就这你都直接无视，做没有意义的对比。,non-hate,4.2021904,3.2367404,5
2824,不懂，回族有什么问题？,non-hate,6.011288,2.8106866,3
4114,哥们，恭喜你勾搭个妹娃儿😆,non-hate,9.235537,4.9263334,0
7495,如果你不安于现状，寻求生活的突破，如果你有很强的执行力，请联系我。,non-hate,7.979164,4.15146,0
4141,这人被汽车撞死了好像,non-hate,9.716938,3.1963642,2
7865,开始什么样。最开始的早就被他自己删光了吧好一朵白莲,non-hate,11.846413,3.8331602,7
3050,你这波种族歧视我服,non-hate,7.454197,2.3588552,3
4540,这孩子够贵的,non-hate,9.567724,3.089491,8
856,中国GDP超过日本了，也没见中国日子比日本混的好,non-hate,6.778226,2.8267133,8
1906,首先这东西真的能普及吗？我喜欢女人，喜欢的不是一个胎盘，我要这胎盘有何用？,non-hate,9.55385,-0.038364958,4
4281,想多了兄弟，爱谁接谁接,non-hate,10.1050825,3.4560776,7
6127,地球是一个赤道略鼓两极稍扁的不规则的球体，不是圆🙄初中地理听过课吗？,non-hate,6.8793974,3.307762,3
3341,如果生孩子是女方的意愿，没有家庭和老公的逼迫，那女人生孩子的痛苦，男人不能感同身受就应当给予照顾，心理生理经济照顾，并且考虑到产妇的修养问题，花销问题，这个确实不能对调至于吃你的拿你的这个说法，嗯，如果女方做全职的话，也是在为家庭付出，家务孩子，还有家里老人，这种全身心投入的照顾很男方工作的压力也算平等的吧，所以说男主外女主内也是有道理的，女方应该体谅男方工作的压力，男方也应该理解女方的压力，没有绝对的平等，都是相对的吧,non-hate,9.443922,0.28006074,4
7708,这种nt发言一度让我怀疑是友军反串,non-hate,8.94461,3.9280303,2
6153,跟本不可能的事你在这杞人忧天啥，别看几个新闻就以为国女都媚黑了，,non-hate,8.812432,1.0457661,4
3215,祖籍东北？我认识的怎么都是祖上从河南往东北跑的，兄弟你这样的真是少见。,non-hate,5.4013524,4.2613544,5
4823,概率上讲，这个人大概率是江苏人，不是苏北就是苏南。东北内部就算有也没达到江苏的水平。,non-hate,5.406272,4.490984,5
7018,但是我活了十八年真的没看到穿紧身裤豆豆鞋的啊😅,non-hate,9.446628,1.6072302,8
7389,山东的名声彻底被这些高校领导给搞臭了，而且至今仍不知悔改，可悲,non-hate,4.2928567,3.5453136,5
6799,你遇到一两个就代表全部了?,non-hate,9.190748,4.6866746,0
223,事实上，上海的苏北人是很多的，包括上海话是融合了苏北话的,non-hate,4.456917,4.820015,5
433,广西最少,non-hate,4.9079304,3.768845,5
2964,本人新疆对象河南,non-hate,4.900085,2.8213353,5
7210,美国男人关我们中国人什么事？你应该问的难道不是这个中国女人的选择吗？你觉得这个美国男人会帮着中国女人杀美国人，还是帮着美国人杀中国士兵？,non-hate,8.614679,1.010474,4
5099,你是不是对高级妓院有什么误解；,non-hate,8.502365,1.7793323,0
4959,假设他说的话有前提，只是他没有说的话，那请问任何的论证在哪里？,non-hate,9.642384,5.3868027,2
8011,转而录用你一个下水道老鼠吗，开玩笑呢吧,non-hate,10.672465,4.397203,0
7545,按皮肤归纳人种本来就不对，黑人里面的人种特别多，天差地别。而且黑人不聪明很多是教育的原因。但是黑人数目那么大，比例少但是数量绝对不少。没必要说哪种人比哪种人聪明，更开化什么的。我就在网上看到过一些黑人精英，而且能到中国做生意的黑人，很多时候也是非洲比较聪明厉害有行动力的。就文化我们和他们处不来，但是做生意，尊重一些还是能做到的。,non-hate,7.0966854,1.5698988,3
7886,早把他骨灰杨了，还供奉😓,non-hate,8.525286,3.6330013,2
7446,答主是河南哪里人,non-hate,4.7121234,2.7280695,5
1193,这波应该是愚蠢的山姆,non-hate,9.218791,3.8728275,2
6797,笑死什么兄弟阋墙自相残杀,non-hate,9.350085,4.1416526,7
3372,女权怼了女拳？这事儿女拳知道吗？?,non-hate,9.589221,0.8262161,4
536,同样的内容，男权女权吧各发一次,non-hate,9.926674,0.91307586,4
1923,还是吃太饱了,non-hate,10.50826,5.0699153,7
3943,挡说：好姻缘,non-hate,9.06105,0.6469821,8
2331,《存在……观点》🤭短短的回答竟然得到了如此肯定🤭🤭,non-hate,9.125097,5.480575,8
3872,女拳直接把女权开除出女权😆,non-hate,9.592274,0.82473165,4
4305,我山东的，,non-hate,4.5454745,3.519855,5
4569,中国错过人口保持稳定时机。,non-hate,7.0642304,2.724504,3
807,诸位如何评价？关注微信公众号-反接盘联盟,non-hate,10.683786,3.3247044,7
4348,好久没上贴吧了，广黑吧没了吗？,non-hate,5.7528033,3.4583724,7
3288,祝她幸福，不幸福也别放弃哦,non-hate,9.954787,1.6038156,4
3200,抖音b站微博一丘之路,non-hate,11.699209,2.9410145,7
7105,震惊原来整个重庆都是反同吧吧主小号,non-hate,11.808932,1.6249647,7
5754,那是谁批准聘用她的呢？,non-hate,9.201934,1.8052512,0
7908,搞地域歧视的都是憨憨,non-hate,6.4392853,3.216859,5
1491,跟我观点一致。现在的外男入侵跟遗留子嗣不亚于日本侵华跟游牧侵边，都是男性杀掉，留下女的。,non-hate,8.527316,0.8246817,4
4520,吧务删帖。内容完全正常。,non-hate,12.152176,3.7497108,7
3146,怀疑是故意逼你离婚好分家产当然我是怀疑楼主别介意,non-hate,9.806818,1.4772624,4
3087,对啊，根本没那么夸张，或许有个别地方彩礼高，但他们就非说江西彩礼高，什么四五十万都来了，有几个人结婚这么高的我一个没见过，而且我们这边彩礼都是全退给小家的，就莫名躺枪了,non-hate,8.761308,-0.011738875,5
7670,中国14亿人出几个nt也正常,non-hate,6.9559956,2.841285,3
946,欢迎关注撑同吧,non-hate,11.903714,2.1524084,7
5179,普通大学也这样搞？,non-hate,6.9062386,4.1925693,8
7869,求求了你可别发了，还是去上学吧😅,non-hate,11.375464,3.6573422,7
2812,我觉得喜欢黑东北人是因为东北人口音太明显了，反正南方口音，除了粤语我听不出对方是哪个省的，东北人一开口就能比较明显的听出来。,non-hate,5.5769567,4.417262,5
1455,你真好 还夸我善良~,non-hate,9.025591,5.3587847,0
7712,我会打醒她👍️,non-hate,9.31565,2.2503173,8
4612,厉害了我的国,non-hate,7.150661,2.881135,8
2577,的确如此，只要是事实，我都会承认,non-hate,8.998158,5.6766696,8
5851,看了你好些回答，你真的是一个很平和很暖的人 ，祝你幸福,non-hate,10.102497,1.4344277,6
4892,广东就根本不熟，都不知道黑啥。。。,non-hate,5.579164,3.590445,5
289,处女膜流血,non-hate,10.387096,0.5453283,4
2972,这...长得有点儿中性吧？也许是我get不到她的美。,non-hate,9.791083,2.216363,4
7927,你个loser，自己生活失败，就天天黑人怎么怎么样，人家惹你了吗,non-hate,10.060994,3.3608308,6
6120,我先说，礼让女人和龟男是不同的。你要出让好处，前提是你能拿到更多的好处才值得。和打工一个道理，你加班，只有拿3倍工资才值得一样。,non-hate,9.593033,0.68635416,4
7362,对的！有包含爱国内容！！！,non-hate,7.3374047,2.8612545,8
4009,想起你来了，你对象找找了吗,non-hate,10.435306,2.5963533,0
3687,改，得改。不久将来，中国将重返世界第一得地位,non-hate,7.1145105,2.8496754,8
5890,美国驻成都领事馆，被关闭那天，果子狸就注销账号跑路了……什么成分就不用多说了🐶,non-hate,7.495046,2.581939,7
4517,可能店家就是江浙沪一带的吧，自然运输费越近的越少 越远的越多呀,non-hate,4.666138,4.4201756,5
2073,兄弟，挺帅的，不急的话别相亲，相亲大概率都是奇葩，心态放好,non-hate,10.098513,2.4233894,6
7764,它都当农批了，你就顺着它吧,non-hate,9.237002,4.705401,0
2593,jiabao很难说平等，由于体型和道德要求的区别谁占优势还很难说，只能说是不合情合理，像以前jiabaosiren男的会定过失致人siwangzui，女的就直接是故意伤人了,non-hate,8.796392,1.9445859,4
2102,还有混血儿聪明没有任何科学依据，出不出科学家诺贝尔奖人物跟环境有关,non-hate,8.200236,1.3560065,3
7663,我超我终于能说话了,non-hate,10.013467,4.55977,8
6651,讲个话一直没人回，好不容易等到一个回话的，点开一看居然是女的,non-hate,10.41104,2.5150032,4
6257,过失杀人，20年以上，限制缓刑，最好死刑立即执行,non-hate,8.57391,2.2844882,2
7056,找到你也看不了啊，你能上porn？,non-hate,11.297365,3.2045565,7
7380,我记忆中男性明显偏多,non-hate,9.893358,1.5815349,8
1970,相信科学家,non-hate,8.547147,3.6287103,8
7998,谁把这玩意从笼子里面放出来的,non-hate,10.99889,5.0810404,2
7659,给他们开个苞,non-hate,8.401116,4.449452,8
7123,什么都不用说，钱包强男权强，没钱的缺钱少钱的男性朋友可以咨询我，在下有赚钱平台，日结的。,non-hate,10.665845,2.006195,4
6066,所以宁比得上人家吗,non-hate,10.092532,2.8527071,8
5917,现在丁克也很多呀，他们也没有孩子，难道也是自私吗？,non-hate,9.35989,-0.13114625,4
675,黑龙江GDP确实比不过辽宁，我不是东北的，客观看法,non-hate,5.384729,4.3956275,5
5736,什么越南新闻,non-hate,7.8404593,1.4759997,3
3338,别尬黑，猪头肉可是上好的下酒菜。,non-hate,11.284643,5.096945,8
6391,😅25年没人要，你这,non-hate,9.5748205,3.4374473,0
4313,我们大连总背说属于山东，其实我们是辽宁的东北的,non-hate,5.3391557,4.3229327,5
1328,这句话到底出处啊,non-hate,9.842009,4.362009,8
6296,"""666,中日韩的成绩比白人高。""",non-hate,7.046999,2.443871,3
6916,开房女的可以不用自己身份证，我经历过。这种方法查不到,non-hate,10.803779,2.5139894,4
7782,这点道理都不懂你211的书怕是白念了？他扶被诬陷有警察主持“正义”，我们扶等着赔钱吧。还有你既然觉得你是对的，就不要隐瞒啊🍉,non-hate,8.668702,2.4194002,6
3332,人竞天择，智者生存。,non-hate,8.334942,3.2762134,8
2980,自相恩残相煎何急,non-hate,9.298208,3.9103565,2
2419,最好的防守就是进攻，在被利用前利用她们，不要贪恋美色，多了不好,non-hate,9.492541,1.4607705,4
5755,大连人路过点了个赞,non-hate,5.2197247,4.395904,8
5979,我就是江苏人😅,non-hate,4.2778068,4.2819915,5
6831,问题是我们太难组建家庭 两个男人怎么组建,non-hate,9.273999,0.08097399,4
2421,姐妹们，有他联系方式吗,non-hate,10.354366,2.5496316,7
3602,😆哈哈哈哈答主为啥不回你呢,non-hate,10.860954,4.0333824,7
5746,大哥，这小子是个钓鱼的，你不信看他主页就知道了，你被钓啦。,non-hate,12.163164,3.1661792,7
7156,女本位内斗是吧,non-hate,9.533543,0.7657374,4
5723,我还是更爱听《龙的传人》,non-hate,7.0402317,4.273866,8
4814,潜在患者现身说法🤣🤣🤣🤣,non-hate,11.040293,-0.19280894,8
6748,你看，你不就自己送上门来了吗,non-hate,9.204682,5.147133,0
7043,其实这个要求，真不过分,non-hate,8.947842,4.2629027,8
4100,西班牙的生育率应该是1.39才对,non-hate,9.067098,0.10758332,4
7811,原谅个几把，它丝了我就原谅,non-hate,10.275109,3.5229223,7
7737,孙杂能不能速度点出来给本帅哥跪下，一个个都被本帅哥一牛子捅哑巴了吗,non-hate,11.114075,4.285946,7
7827,是啊，男女中正常人还是大多数的，只是他们不爱当搅屎棍出来发声，那些男女拳真的怪恶心的呀。,non-hate,9.618869,0.7526133,4
1913,从此以后，或许是因为放不下内心的自卑，他在魔怔的路上越走越远，甚至爆出了许多经典言论,non-hate,9.025278,3.4750884,2
2594,我说的其实就是马克思主义。在原始社会人们以氏族为群体，和自己没有血缘关系的就是敌人。后来又发明了种族，再后来又发明了国家与民族使五十六个种族可以团结。所以人类社会必然会渐渐变得紧密，终有一天我们都会成为地球人。不过现在没有那个物质基础，我也不支持在当下放弃民族主义。只是觉得不能把民族主义当做神圣不可侵犯的东西,non-hate,7.303803,2.0829146,3
4629,云贵川出去打工的多，,non-hate,5.2973924,3.2682288,5
2619,可有些人觉得看过就高人一等🤣虽然都是几十年的AB言论，但是…😓,non-hate,8.76851,3.3034678,6
7611,能不能回复啊，笑死了，没见过这么嘴硬小胆的fw，是不是待会还要自己精神胜利一把说我不屑于和你说话啊,non-hate,10.650669,3.7417269,6
3186,国内比不上国外？,non-hate,7.181145,2.674248,3
2023,女儿是哪里来的呢,non-hate,8.729456,0.9703264,4
3441,请不要看到黄皮肤的人就认为是中国人，早期很多“组织”用其他国家的黄种人和外国人的合照来骗国人,non-hate,7.0634975,2.0666063,3
7847,武侠啊？我有发言权。殷素素滥杀无辜杀了都大锦全家71口人，没有得到任何惩罚！张翠山这个滥好人，谢逊在武林滥杀无辜，六大派只是让他交出谢逊，他不辨是非，替恶人隐瞒行踪。最后张翠山和殷素素自杀！要我说，死了活该，死有余辜。,non-hate,8.585114,2.5386527,2
5961,怀疑很正常，如果你以前从来没接触过，没了解过的话，你肯定会自我怀疑啊。可是最后你不依旧是喜欢女生么？迷茫是很正常的事罢了。,non-hate,10.888252,0.989551,1
5543,没事儿哥们，你这一看就是祖国哪里需要你，你就去哪里，我相信生活中不会有人看不起你的,non-hate,7.8094187,4.0577383,6
4437,恩施的卷子。。确定不是黄冈的卷子吗，另外湖北是一主两副，资源并不是都集中在武汉，宜昌襄阳在中部地级市里排名前三,non-hate,4.041459,3.2276006,5
394,在抗战期间，因为抗战而死的女性跟无辜而死的女性相比，不过是九牛一毛。,non-hate,8.727511,1.8017402,2
3563,求男司机内心的阴影面积！,non-hate,10.484662,3.3112564,7
911,你他么赶紧交稿了，诺贝尔文学奖评委会都准备打车到你家门口来拿稿子了😆,non-hate,9.969443,4.6916943,0
1231,好多都是营销号,non-hate,11.388346,3.3534107,7
4818,不过我爸做生意还是有很多四川的朋友,non-hate,5.3656325,3.2425084,8
4403,我蛮喜欢山东人的，厚道，踏实,non-hate,4.448552,3.640615,5
2268,上海本地人到底怎么样，那一千多万去上海打拼的外地人应该都不会说谎,non-hate,4.824429,4.927173,5
2418,赛俩目 我们俩一样，这buff叠两层🤣,non-hate,10.574627,4.148685,7
7722,你搁发廊作市场调研是吧，剩下的一个是不是扫黄的警察？说实话是不是集体蹲墙角刚被放出来？,non-hate,11.046763,2.5485024,7
6307,我不歧视河南，我觉得黑河南是有人带节奏,non-hate,4.4015365,2.7871206,5
7679,把信息发出来啊不发怎么去骂它啊,non-hate,10.895358,3.8330793,7
6757,你要相信自己是人，只有动物才会被自己的欲望操纵，对自己有信心,non-hate,9.033513,3.018427,6
2604,笑柄就有可能,non-hate,9.48986,4.071378,2
6479,我在网上不会共情但是我觉得我对待现实里的女生都挺好的不过也的确没遇到女拳，身边女生都挺友善的，甚至朋友圈里也没人发过女拳言论果然现实还是很美好的，和网络完全是两个世界啊,non-hate,9.911141,0.7143134,4
2404,而他俩最为有名两大吧宠,non-hate,11.947802,3.756616,8
7211,鉴定完毕:真大佬,non-hate,10.561557,4.715877,7
3804,如果你看一下民族主义的词条就知道民族主义不是贬义词。极端民族主义才是。民粹主义也和你理解的不一样,non-hate,7.3374553,2.0861342,3
4390,非常严重，我一个上海人搞不懂。,non-hate,4.763967,5.015943,2
5785,生理恶心也是我自己无法控制的的啊😅,non-hate,9.227619,3.560693,2
7640,哈哈你看看自己说的是什么破玩意，先学学语文吧😆,non-hate,10.043648,4.7662816,6
6978,有一部分确实如此，但我相信更多女性是明智的🐶,non-hate,8.996944,1.6952085,4
2677,反感也总要有原因和理由吧？😲你也不会毫无理由的反感月亮喜欢太阳，反感花朵喜欢石头。,non-hate,11.169508,1.7311589,6
7565,没办法，这些女的只喜欢钱，她们可对嘻哈不感兴趣,non-hate,8.792979,1.4510306,4
6901,中肯，看个人的品质才最主要,non-hate,9.582305,3.1521378,6
2127,直说吧，你有什么不良嗜好，口味这么重,non-hate,9.607041,4.7096257,0
3098,所以国内的再不要拿欧美种族歧视说事，国内地域歧视的比人家的种族主义者恐怕只多不少,non-hate,7.2530026,2.3246453,3
7963,你搁这发鬼图呢？,non-hate,9.595807,4.5795946,0
833,海王的存在已经证明了一切。,non-hate,8.844192,5.4231696,8
1659,没用的，它们一直都是在灰色地带,non-hate,9.635898,3.881079,2
2499,啧，现在感觉形式开始严峻了,non-hate,8.15726,3.9200916,2
6810,男性主义团体致力于向男性“传教”，告诫他们杜绝与女人发生严肃认真的恋爱关系，特别是婚姻关系。选择这些道路的男性群体抛弃了传统的婚姻和女性伴侣关系的观念，而选择了以个人为重的生活方式，一种追求自我生活。,non-hate,9.882861,0.1952415,4
2389,人之所以为人，就是因为可以克制自己的想法，以道德法律为准则行事,non-hate,8.8637,2.9946527,6
7531,珍惜本人本民族的基因优势.,non-hate,6.770501,2.806726,8
6070,扬州市的路过,non-hate,4.330526,4.3672786,8
5284,塔利班是和美国打了20年游击战的武装力量，这还用得着问,non-hate,7.3381133,2.3146484,3
2676,但是聪明人的比例太少了,non-hate,8.3991995,3.4897094,2
3753,被迫展现男人风范,non-hate,9.702749,1.8070147,8
7738,靠，学长也打拳,non-hate,9.896212,3.2399993,8
3912,别代表我。不管是现实还是网络上，见到你这样的肯定敬而远之。如果你想代表某个地区，先问问人家愿意不？他们全都愿意的话，那我见了你们那地儿人都避而远之。,non-hate,6.7818174,3.527667,6
7836,都是一些歪瓜裂枣的LKD,non-hate,10.8074665,3.5660388,7
243,同性恋大多是先天的，只是为了生存不得不一开始学会伪装。还有，同性恋也没法传染。异性恋身上也没有同性恋的基因。,non-hate,11.233954,0.3472649,1
2549,楼主作为早期人士。目标都是一样的。,non-hate,8.278148,3.4015477,8
7173,河南人不比浙江人强的多？,non-hate,4.7451763,2.4224675,5
7357,他是男的，主页很明显,non-hate,10.281076,2.4738185,7
3448,把自己小号暴露了,non-hate,11.371723,3.6802185,7
5689,nb阿楼主可以开经验分享吗,non-hate,12.224993,3.977895,7
7620,给他脸了，这不110,non-hate,9.91586,3.4286926,7
6542,同性恋和异性恋都是真爱,non-hate,11.255656,0.6922927,1
6067,这个女的是不是很瘦，看上去很朴素，生的是个儿子？,non-hate,9.707446,1.9802482,4
2309,我同学，生在安徽长在新疆,non-hate,4.9184937,2.8972254,5
8027,说白了你就是嫉妒他们的学历比你高长相比你好身材比你好身高比你高罢了毕竟你自己一无是处是一个彻彻底底的垃圾人整辈子输的一败涂地,non-hate,9.932458,2.9158707,6
7912,这你不先透了再甩啊,non-hate,10.361079,3.912612,0
2131,为什么如此骂自己的老爸,non-hate,10.133651,3.6433153,2
5181,他还想用激将法套我的信息，可惜我已经不上当惹,non-hate,10.193264,2.6187112,7
1032,对策：男人不婚,non-hate,9.18698,0.42065305,4
4253,他们收钱办事的,non-hate,8.34868,3.8922963,8
7171,日本人祖宗还是中国来的呢，也没见日本对中国感恩戴德。3.5代考证得着的说说也就算了，几千年前的祖宗，就别拿出来说事了。,non-hate,6.2863064,2.4996324,3
6426,我记得不太清楚了，去年好像有一个。本国留学生被一个混血老黑枪击案，,non-hate,7.69332,1.9273624,3
1506,广东珠三角以外地区也极其符合😆,non-hate,5.5322237,3.7851367,5
7701,你的资本就是身后挺你的那帮人穷志不穷的兄弟啊，不然你这屁大点地方能有啥资本？？？,non-hate,7.483717,3.8290956,6
7270,特朗普可不会去扫绿特朗普的宗旨是杜绝非法移民,non-hate,6.944306,1.2991855,3
4536,。。。这二者间有什么逻辑关系吗。直女不能和女性make所以直女和女性关系就不好？笑死了🍉,non-hate,10.48115,0.786394,4
846,你搁这叠buff呢？😅,non-hate,9.714025,4.6405983,0
2242,😆我不想黑河南，但是河南今年大新闻确实不少😆😆😆😆😆😆😆😆😆,non-hate,4.332043,2.7432435,5
3486,"xdm,看看韩国人是怎么对男性的",non-hate,8.20449,1.0593876,4
1754,这个有点难审,non-hate,10.005972,4.127139,7
1698,问题不是男的可以自己生，还要结婚吗？,non-hate,9.215041,-0.04705182,4
8024,它们只是在仁权的框架里定义为“人”，实际上就是畜狌,non-hate,8.191412,3.183404,2
6897,解放时和90年代统计，吴越（包括上海本地）占大概70-80%，江淮15%左右，其余是其他地方。,non-hate,4.4429364,4.6474915,5
2000,这跟以前的管家仆人似的,non-hate,8.393826,3.6745555,8
3042,在中国动手你想坐牢？,non-hate,7.2193027,2.8188715,2
7166,卧槽，你真的严重地吓到我了😷😷😷😷😷😷,non-hate,9.048488,4.8684897,0
7916,我们应该统一起来举报他，把他黑点，让他的账号不能使用,non-hate,10.968199,3.638924,7
540,麻烦查一下历史，不要被不知名文章骗了说什么上海100年前就是小渔村，上海以前就是富庶之地，到现在不知道为多少地区输送人员和物资。,non-hate,4.7974415,4.6625843,5
7796,这没什么吧，她只要没做什么奇葩事，说什么奇葩话。就不该被攻击。除非你有大病。,non-hate,9.424015,2.2140176,6
4522,摸个头，哥们乐观点，客观看待自己爱自己,non-hate,9.51204,3.1894946,6
5339,这跟海有什么关系？青海也不是海啊,non-hate,5.2808595,3.6789286,5
8020,这个吧里到处发帖的不就是引战的流量佬吗，你给同什么实际利益了吗，没有的话你和那群你认为的贵物也没区别,non-hate,11.120496,3.300403,6
2053,纪录片什么名字啊,non-hate,11.74456,4.25914,8
284,安徽南边彩礼还行吧，我家都没要,non-hate,8.723616,-0.034733955,5
7861,喜猪妹进来看,non-hate,11.411702,4.945378,8
5676,你不会真以为我是小号了吧，没见度度都不说话了吗,non-hate,11.550011,3.883968,7
1002,中科院读研这个也不是很困难的事情啊本科班上有保送的，有自己考的，隔壁班也有好几个。,non-hate,4.066643,3.575808,6
3958,你再说一遍？江浙沪被黑？,non-hate,4.7627707,4.4309025,5
3400,仙女魅力时刻,non-hate,10.422435,2.1370814,8
1574,起码还没人给东北编顺口溜😅,non-hate,5.684493,4.7957144,5
4081,扣那多字来反同有用吗，去做有用的事吧,non-hate,11.608755,1.3868761,6
5411,非常的帅，我建议你可以挺身而上,non-hate,9.914579,2.9034424,0
3326,难道远方的风学的太乙神数,non-hate,11.74666,4.2059264,8
384,你们一直拿相貌说事肯定是不对的，现在很多人都看不下去了，人最重要的还是心灵，品德,non-hate,9.928087,2.2893324,6
7752,哟呵结果又放鸽子了？不要脸的杂皮重大教务处有空理你这种瘪三？？？可能吗？！,non-hate,6.683225,4.339811,7
2326,批判的武器不能替代武器的批判。,non-hate,8.760645,3.1781518,2
6103,嫌办的寒颤女方咋不出钱办的好点捏?,non-hate,9.038563,0.45808372,4
3082,我对国外的了解不是靠电视， 更不是靠媒体。 都是亲身经历。 谢谢✌️,non-hate,7.3050942,2.7480404,3
3499,所以啊这话根本不是韦小宝说的，而是金庸说的这意思就很明确了,non-hate,8.070989,4.645778,2
7574,你爸哪里得罪了你,non-hate,10.0837555,3.529411,0
7681,全知乎的人都讨厌你，不信搞个公投试试,non-hate,9.998831,3.3912392,6
6031,因为你上赶着,non-hate,9.234341,5.017109,0
2598,本质上是我们不识字，没胆量，才被人当了殖民地。。资本说白了就是一只蚂蚁而已，想捏死就捏死，连个p都不算。第二天早上一起来，资本可能就被没收全部财产了。,non-hate,7.984329,2.6926463,6
4164,过来看看西边人的素质,non-hate,6.130075,3.3151748,8
2958,其实作为一个杭州人，我是不会黑东北，因为压根不关心这个地方，何来黑.....,non-hate,5.543744,4.6223183,5
498,西游记本来就讽刺社会的,non-hate,9.110436,3.6001537,2
2758,还吹嘘十年前和人对线呢，连对线都不敢,non-hate,10.62558,3.1465688,7
3638,我竟无法反驳。。。,non-hate,9.917005,4.405945,2
6856,然后她就会跟你说.遇到你之前的事情 跟你有什么关系呢.不让你知道是为了你好吃瓜,non-hate,10.226483,2.1923952,6
3543,尼日利亚一女学生遭4名男子鞭打：校方称其违反教法通过鞭打“威慑他人”,non-hate,9.198485,1.7728078,3
7197,11.和我doi,non-hate,10.907306,4.2570777,8
6759,求大佬解释,non-hate,10.476698,4.7120457,7
4251,按常住来算，新上海人也算进去吧🤣,non-hate,4.5803146,4.8716226,5
7938,我儿子要是说要从良j，我一定打断他的腿,non-hate,9.702799,2.9296236,2
1492,呼呼感觉是恨国党的天下了。。。。有些话乍一听有点道理，但细品后觉得真的是故意搞分裂,non-hate,7.880627,2.9358106,6
4521,说错了，是“南方系媒体”，不是江南系。南方系媒体是以《南方周末》为主的一个媒体集团。“南方系媒体”不是“南方的媒体”，南方系有很多北方的媒体，比如新京报。,non-hate,5.5241485,4.140472,5
1620,个性签名亮了:向韩国人学习😓,non-hate,6.946565,2.2464836,8
7416,我要收藏这个答案，没事看一看神清气爽👍️,non-hate,11.266593,3.262767,6
406,别人骂你你都不反击呗，真乃高风亮节之人,non-hate,9.768589,3.3999748,6
7879,你没事找别人骂，活该,non-hate,9.777577,3.470332,0
4731,一提安徽我想不出除了中科大以外的任何事，感觉没什么黑料，也没有正面信息,non-hate,4.23723,3.9609184,5
2851,不至于吧，浙江的普通话理论上没有口音,non-hate,4.8341603,4.15772,5
932,哼哼哼，圈子不同吧，大学生那种就少,non-hate,10.761848,2.0927105,6
2188,尝试以团结解决一切矛盾，将自己的性别认知为阿帕奇武装直升机，拜托，性别是阿帕奇武装直升机很酷的,non-hate,9.655789,0.9947962,4
4379,看个人吧 有些欧洲小国是对中国人印象不错 但要谈婚论嫁还是得看个人能力,non-hate,8.038385,0.9888765,3
4496,我在bilibili吧发了帖子直接被秒删,non-hate,12.10506,3.76499,7
261,我是觉得库里真不错。整个NBA没有几个不逛夜店的，然而库里洁身自好，这条件仍然只爱他老婆一人。谁能嫁给库里肯定不算EZ,non-hate,9.855993,1.9192389,4
4077,罪证已保存！,non-hate,8.857652,5.3774714,2
6195,我们哪儿费劲的是上好学校，普通的学校省内能够满足。是整个中华民族都能生，不单单是我们河南人能生。就是河南只有五千万的人口，高考分数线还不会变。,non-hate,4.0714316,3.085299,5
7247,让我看看你长啥样,non-hate,9.923379,2.7955074,0
1291,不得不说抖友有的时候还真能处,non-hate,11.637494,2.9159403,8
2325,同性恋的者的性倾向是可以改变的，部分学者认为，性倾向在人的一生中并不是一成不变的，而是流动的。一项2003年的追踪研究发现，在7年的时间中，有三分之二的女性至少改变过一次自己的性倾向认同。许多人认为，性倾向的标签不足以反映她们在性和浪漫感受上的多样性。总体而言，性倾向在人的一生中是否会流动似乎是因人而异的。而那些宣称同性恋无法改变的大多其实是曲解了原文的意思，同性恋无法改变只是针对无法通过外力强制性改变而不是一成不变的。,non-hate,11.290742,0.24998462,1
7954,猪溜溜就是这样，讲不赢就拉黑然后自己编故事你这只猪溜溜搞那么多小号还凉面都吃不起我第一次见猪溜溜这样辟谣的笑死我了,non-hate,11.442273,4.7431955,7
4125,你是在搞笑吗？21世纪了还搞出嫁从夫那一套呢,non-hate,8.719936,0.40806162,4
6004,今年小学教材已经更新了，满满中国风,non-hate,7.164506,3.1998873,8
2940,在一个组织资源日趋瓦解的时代，内外之分正在变的很模糊,non-hate,7.981521,3.2607887,2
1312,安徽人路过，感谢江苏兄弟为老家打CALL,non-hate,4.322119,4.201987,5
4110,你赞成骗婚吗？？？,non-hate,10.916623,0.9240884,4
941,艸，河南山东东北完全符合上述全部条件,non-hate,4.65938,3.6998541,5
6160,这个提议可以说非常可以,non-hate,9.268066,5.55648,8
1829,这又是哪位老师,non-hate,8.5426655,4.6163855,8
1820,楼主说的对，图中这个女的要嫁个楼主做老婆,non-hate,9.362626,1.5906672,4
5341,但是大部分同性恋不会这么做，即使爱上了不该爱的也会埋在心底，宁愿自己痛苦一点，也不会困扰他人。,non-hate,11.275008,0.62850606,1
1668,你这跳的也太高了，，,non-hate,9.104944,5.098397,0
5365,又是应了那句老话，认真你就输了。人类真是复读机，租鸡青一了解一下？（开玩笑的）,non-hate,10.670841,3.995422,6
6346,有几个男的天天颜文字啊?,non-hate,10.850876,1.9645895,7
3180,这个吧有专门的QQ群吗？,non-hate,12.058453,3.4371026,7
4095,旧的不一定好，新的也不一定正确。在大家没有办法完全对取向这种东西有清晰认知的时候，走老的路子是最好的解决办法。不反对已经是最好的态度了。,non-hate,11.0798025,0.69853026,1
6207,哈哈哈网上说他是上海的,non-hate,5.0814877,5.0002875,7
1095,她们能力好，跟你有什么关系？,non-hate,9.353059,2.2194471,0
579,西南官话区的确实都不怎么地 实话实说,non-hate,5.8262696,3.3942246,5
1715,我一东北人在江西上学发现自己和当地人比嗓门算小的了,non-hate,5.367705,4.6176634,5
4335,我没回复你😓,non-hate,11.136083,4.2249417,0
1865,现在上大学，江苏各地的同学都有，感觉南京话就是最接近普通话的了，除了有点脏话。。当然你同学可能是南京高淳的，那边的话我也一点听不懂,non-hate,4.9494762,4.3330016,5
1301,嘿嘿，一起减一起减。话说潮汕火锅什么味道啊，求科普≥﹏≤,non-hate,6.2481413,3.1694605,7
5616,很明显火星人是人好吧？火星人名字都带人字了，选错的自己反省,non-hate,11.150839,2.66871,6
3566,当然要反抗，但是答主说的相互歧视是不存在的。同性恋无法通过“歧视”异性恋来达到反抗的目的。因为歧视是强势群体对弱势群体发动的，单向的行为。,non-hate,11.451661,0.61647075,1
5494,这是什么鬼屈臣氏想玩什么,non-hate,10.371094,4.279308,7
728,我也在非洲工作，就挺不能理解这种女人的,non-hate,7.6824455,1.3105335,4
7828,哈哈哈，您眼睛怎么了，要不要给您擦一擦？,non-hate,10.26604,3.5934174,0
3617,她和红警蓝天是什么关系？,non-hate,9.403197,2.185442,4
5547,钓鱼佬永不空军😜,non-hate,12.213242,3.1346803,7
921,没毛病，这些白人终究会后悔的,non-hate,7.4719653,2.4002419,2
5035,谢谢大家投票,non-hate,10.252657,4.352928,8
4664,谈恋爱不在朋友圈公开女生会介意的吧,non-hate,10.9274435,1.3976717,4
4369,那个华夏是西安的已证实，在新郑举办黄帝典礼时还拉条幅搞活动做破坏，非要把黄帝说成是西安的，而且被扒出来吃国外饭，经常挑拨地狱对立还有很多小号，用的湖北山西和山东的注册地，到处挑事,non-hate,5.83388,2.9537897,5
3489,我不否认现在的社会现状是外国人对我国环境造成了一定的影响，但我认为相当一部分人其实是把自己心里的自卑投射在找外国男朋友的女生身上了。,non-hate,8.07802,0.9073635,4
800,你既然都知道答案了，还来问题主？,non-hate,10.43373,3.7953608,0
6612,都是土著王了，杰希一听就是歪果仁,non-hate,6.9807625,2.5348296,3
7687,不好意思，纯洁美好不是你来定义的，我还可以说鼻涕虫交配也是自然而然纯洁美好，所以那些觉得鼻涕虫交配恶心的人就是冷漠了？是不是大家都要赞扬一番啊？别人不来干涉就行了，你还蹬鼻子上脸了,non-hate,10.940857,0.9784483,6
2065,醉酒妇女在哪里呢？我没看到,non-hate,8.757696,1.4011432,4
1047,上海需要黑吗？,non-hate,4.7214675,4.7685537,3
6674,不好意思，国际女权组织，是各国公认的女性权益权威组织。为女性争取产假、同工同酬、平等参政等权益上，做出了突出贡献。囧,non-hate,9.441472,0.5749169,4
2460,养殖的狗肉就是为了吃的，娃娃鱼都有养殖的了，吃个狗肉有啥大不了的,non-hate,11.187343,5.3563924,6
7353,东北也沦陷了。别单指责广东了,non-hate,5.612539,4.02082,5
3682,说实话俺不讨厌白人，他们整体还是挺文明的。但是国内剩男太多（计生得背大锅），如果我是领导要先保证自己国家的人的利益，不能强制安排婚配，起码不给老外拉皮条，不区别对待。,non-hate,7.7394876,1.2351755,3
6555,互联网时代没有秘密,non-hate,11.200454,2.884418,8
7217,太可笑了，苏北跟江西八竿子打不着的怎么会干起来🤣,non-hate,4.2731357,4.379724,5
7450,有些上海人确实是以说上海话显示优越感,non-hate,4.7685966,5.0495205,5
368,每个国家每个民族都有那么几个有病的人，但她们不能代表全部,non-hate,8.04251,2.8164968,3
7278,好人一生平安,non-hate,9.598695,2.11179,8
7983,想不到清华大学的人也有傻的,non-hate,9.582966,3.9690588,2
4428,身体还是不错哒,non-hate,8.573164,4.4276986,8
2500,烦死我了（摇花手走了）,non-hate,11.108569,4.003721,7
6124,同志！请问有没有男权交流群，我要加入其中,non-hate,10.142497,1.217176,4
2445,不好意思，你们的言论我看不懂，因为我从来没有靠过男人（除了我爸爸），也没有诋毁过任何一个正常男性 你们说的那些人跟我也不是一个圈子的，我也无法理解，所以，我也只是从我的角度说出我的想法，意见不一样很正常，我也接受任何的批评,non-hate,10.252626,1.077013,6
5053,网上的话也信，那就是你的问题了，中国男女对立只存在网络上,non-hate,9.764482,0.646097,4
3037,我研究两性关系很久了，钓鱼有意义吗，我只是想让大家消除偏见而已,non-hate,10.74435,1.0597019,4
393,结婚率再创新低,non-hate,9.114878,0.13061377,4
2189,人口基数大，没办法，很小比例就是一大群人,non-hate,6.971568,3.0346305,5
3883,我河南人，外婆家辽宁，这两年沈阳大连城市发展已经开始落后了,non-hate,5.21797,4.148598,5
4412,我是骂人了对吗？尊重有那么难啊？,non-hate,9.920458,3.975347,6
686,河南人，真心说，淳朴的人是绝大多数,non-hate,4.7096953,2.6470973,5
5983,兄弟，你口味有点重啊,non-hate,9.603536,4.768535,0
4806,陕西的枯了,non-hate,4.8622494,3.4464393,5
716,男女平等就是个笑话,non-hate,9.546561,0.5001801,4
6541,感谢楼主明辨是非！,non-hate,10.206608,5.170329,6
982,我们也一样啊,non-hate,8.274382,2.7837758,8
4349,别把女人弄丢了，中国就更没人了,non-hate,8.600929,1.1552145,4
7937,我特烦一张嘴就这事不关你事的人，管天管地管的着别人怎么看？照你的理论，批判这些人也不关你事啊？你废什么话？,non-hate,9.920614,2.948502,6
6781,生动有趣 简洁明了的例子 秒啊,non-hate,9.603285,5.458379,8
5346,上海以前是江苏的(纯粹纠正一下...),non-hate,4.571111,4.860642,5
329,应该立法禁止瘾君子进入中国,non-hate,8.419931,2.1884668,2
7728,匿名作者有本事别匿名啊？捞子说你亲人说到你痛处你不高兴了？,non-hate,10.816336,3.6490345,7
2859,说明北京人包容,non-hate,6.07462,4.123493,8
3842,我就是个，感情经常被骗。真心得不到好报，明明聊的很好，结果只是为了和我做爱,non-hate,10.309883,1.7307291,6
6388,沈腾这人行，能处,non-hate,6.680066,4.348226,8
6188,带上我，老铁,non-hate,8.884567,4.902946,8
4526,待在小圈子里是挺好的事，有些人非要破圈在一些平台上宣扬，真受不了,non-hate,11.19144,2.843507,6
7899,这些巨婴都是惯出来的毛病。,non-hate,8.973114,3.4327185,2
6598,习惯了我现在都不发了,non-hate,11.494558,3.8620682,7
4884,看过视频，这个华裔警察什么也没做吧，怎么被判刑了,non-hate,8.432376,2.1858861,3
6933,是取她还是嫁她？跑到合肥？分不清大小王了，人家wj军官，上升空间很大，不要因为这个就耽误自己，全中国全江苏没别的女孩子了？,non-hate,9.866127,1.5935237,4
463,我感觉我会在乎对方的能力 品性 学识 刚好的外貌,non-hate,9.806449,2.363497,6
7718,你需要这种人治治,non-hate,9.285474,3.6361668,2
4467,感觉近年来黑河南的呈下降态势，西安和东北呈上升态势。。。,non-hate,4.9250536,3.6810653,5
7129,我朋友，我亲戚，我邻居，我同学，我认识的人......我身边即世界😆,non-hate,6.8509207,3.3647203,8
636,你把埃及科普特人放到哪去了？,non-hate,5.884878,3.0759747,0
2224,这不很正常吗？中国人就喜欢老实听话的😆😆😆,non-hate,8.594864,3.1967595,6
5194,社交软件这种太多了 看多了容易怀疑人生,non-hate,11.361686,2.8129795,7
7944,急了急了，就会这两句？看你评论全是黑南方的，估计智商也高不到哪里去,non-hate,6.0466895,3.7178557,5
6504,同室内伐贻笑外人,non-hate,9.6429,4.0366225,8
6741,我是老家大连（东北辽宁）的成都（四川）人，我也遇到过歧视，但也还好,non-hate,5.67854,3.4032035,5
301,这次我是真的没绷住,non-hate,9.842099,4.331399,8
1191,国情不一样，法国每年60%的新生儿是非婚生子女，爱情观家庭观跟国内差别较大，涉外婚姻还是要多想一想,non-hate,8.371586,0.63008964,4
1779,他说自己是湖北襄阳人,non-hate,5.1720147,4.9380617,8
3459,主角整个班上20个人，1个黑人、2个黄种人、1个印度人，其他16个全是白人，而这里面漂亮的女孩至少有4个，不得不说白人里出美女的几率也太高了其他3个,non-hate,7.7985415,1.2647681,3
2082,你喜欢复读😆,non-hate,9.71426,4.955643,0
7911,嗯，地域黑都是蠢或者坏！！,non-hate,6.4529796,3.2747936,5
2041,这就是不重视普遍性了。东北这些年人口外流已经不算新闻了，流向中原大省是再正常不过的事情。而我所说的东北人大多是关里过来的的限定词是祖上，你难道看不见吗？,non-hate,5.553438,4.421958,5
7999,操正喝着哈啤呢差点给我整吐了能不能别再发了肥猪真恶心,non-hate,11.316555,4.988442,7
7871,可是，你就算喊得再大声，也不会有人理你，情况也不会有任何改观，生活中你还是一条卢蛇，也透不到批😆,non-hate,9.084852,3.138877,2
5491,由于违反XXXXX，该用户已被永久禁言✌️✌️✌️,non-hate,11.532135,3.7700713,7
7964,挺烦的，一直就想封了那个傻逼，ww什么的,non-hate,11.308506,3.8106267,7
4209,年轻时存钱，年老时潇洒没M冰，繁殖让生活水平下降还不如不繁殖、不谈对象、不婚不性不生，年轻人最理性的生活方式,non-hate,9.393279,-0.08545513,4
7521,没活就不要硬整，刷屏是想干啥,non-hate,11.426917,3.2046628,7
7706,这个就是一个狗,non-hate,11.044005,5.152168,8
691,本浙江人表示并没有，当然我只是个人意见。至于那些说浙江牛逼或者差劲跟我有关系吗。在哪里并不能代表什么，你人牛逼才是真牛逼。,non-hate,4.8297534,4.202458,5
6953,抛开游戏不谈确实可以，但是作为游戏可能不好玩，值得多数差评,non-hate,11.0204315,3.168987,7
581,长三角就没什么媒体,non-hate,4.3815246,4.2271194,5
3500,感觉这个吧的吧主好没存在感,non-hate,12.171926,3.7405715,7
6330,🤣图片确实好笑,non-hate,9.76599,4.955228,8
706,每个人有每个人的选择吧，不过，作为中国，一个省的饮食口味都不同，都会吃不惯，换成不同国家的，这能吃的到一起？🤣🤣🤣,non-hate,6.193489,3.2496583,5
3314,有些地方挺集中的，特别是大城市和大学生特多的城市，找地方不用太担心,non-hate,6.431627,3.6673374,5
2760,正义的百度,non-hate,11.921812,3.554446,2
4627,他就在胡说八道，挑拨离间那,non-hate,9.454295,4.27331,2
3963,5楼把我拉黑不敢面对咯,non-hate,11.300845,4.141162,7
785,其实有一些靴子是男女通款，而且马丁之类的也有男靴，男靴也有一些小众大牌,non-hate,9.776389,0.94786155,4
8006,抠脚大汉，别装了，赶紧游戏上线了，5v5就等你了,non-hate,10.760639,4.3141284,7
7780,希望吧主别犯贱乱删,non-hate,12.275443,3.792816,7
7151,说得好像也好有道理。而且只要有钱吃药，HIV也不算什么绝症了😅,non-hate,11.124481,-0.4419502,1
7785,所以你和杨笠先分清楚自信和自负的区别再来瞎扯淡吧，一个褒义词硬生生被你们这些文盲玩成贬义词,non-hate,9.532122,1.2140563,6
1388,车子没坏吗？,non-hate,10.318823,3.530355,0
7451,我大学里认识的河南朋友，人都特别好，我觉得河南历史悠久，真心觉得河南挺好的，以后想去玩🍉,non-hate,4.5544586,2.9017916,5
5419,我也是去读书的😓,non-hate,8.246114,2.8822086,8
1080,为什么jiang学长要打码😑,non-hate,10.646336,3.8262615,7
3755,🥺这样的直男好少见额，羡慕了,non-hate,9.981945,2.1036148,8
5585,你对工程师有什么误会，只有在车间从事生产的技术人员和工地看图纸的才叫工程师？😓制造业种类那么多，做软件的电子的搞航天的都是工程师，怎么就又毒又累了,non-hate,10.911155,3.5215228,6
7697,这就上纲上线到做风问题了？你在部队班长踢你一脚骂你一句你岂不是要闹到师长那？你在部队该不会学的是打小报告专业吧,non-hate,10.101551,3.39549,6
6133,很多保守派白人都是拿中国人当做白人的，除了可能要求你信基督教之外，结婚其实就差一个语言问题。,non-hate,7.6875844,1.1175096,3
4478,本周三，世界精神病学协会（WorldPsychiatricAssociation，WPA）发布声明，呼吁所有医疗机构停止一切有关同性恋的“扭转治疗”，并呼吁在全世界实现同志婚姻合法化。该声明指出：同性恋是自然界中的正常性倾向，性倾向是天生的，没有任何可靠的科学依据足以证明性倾向是可以改变的，所谓的“治疗方法”是基于偏见和歧视的，具有不可忽视的危害性。精神科医者有责任引导减少性少数不平等的现象，包括针对性别认同和性倾向的不平等。而平等的社会环境有助于减少性少数人群所面对的痛苦，改善心理健康状态。世界精神病学协会（WPA）于1950年在巴黎成立，总部位于瑞士，是一个旨在向精神卫生和精神疾病保健护理领域的工作者传播必需的知识和技能的国际精神病学专业组织，宗旨是“推动全世界精神病学和精神健康的进步”。该协会每三年举办一次的“世界精神病学大会”，多次由中国承办。目前，WPA有来自117个国家的135个团体成员，而本次发声，代表了20万人以上的精神病学家或医师的立场。有关同志权利组织指出，本次发表的声明是目前WPA对性少数群体最强有力的支持！,non-hate,11.327022,0.31582594,1
6815,公路学院的同学,non-hate,7.3124447,4.0811443,8
4031,身为黑龙江人我替他向您道歉。这种人在我们那里也是极少数，代表不了东北。一个根本没去过河南的人对河南这么大怨念我也真是理解不了😅我身边就有两个河南同事，人真的很好。,non-hate,5.3307257,4.1815767,5
5959,山东人陕西人真的不爱出门打工,non-hate,4.5818872,3.3840504,5
3779,集美你的私信关了怎么联系你,non-hate,11.333624,4.378477,7
7846,倒打一耙？ 想认真讨论的我欢迎， 想胡搅蛮缠玩文字游戏的孩子我就不奉陪了哈✌️✌️,non-hate,10.159781,4.011207,6
2620,如果不是因为别的原因婉拒你，说明这个人认知水平比较低,non-hate,10.458151,3.5706165,6
7309,支持家人，直接来个几十棒😆,non-hate,10.127239,3.2073035,8
6397,但是，女方想隐瞒你也很难知道,non-hate,9.240467,1.7334933,4
1230,人家自己说话，与你有关吗？,non-hate,9.598341,3.6970472,0
8002,你在劳资回复犯贱干什么,non-hate,10.544285,4.111467,7
6690,其他亲戚有弟弟谭海星。谭海春。谭海娟。谭海琳。谭海坚。邓罗胜。谭海慧。谭海生,non-hate,8.164365,0.89584756,8
7768,这是要把你变成绿毛龟,non-hate,10.841116,4.9876723,0
7977,说唱就是个寄吧,non-hate,12.096678,3.558257,7
7532,黑人在俄罗斯抢俄罗斯男人女朋友也很常见，再看看同样热带生活、个个打光棍的南方人和东南亚人，确实强大,non-hate,7.412381,1.3037822,3
4681,南方沿海主要指福建广东广西海南,non-hate,5.693509,3.997194,5
2515,这图，拿来吧你,non-hate,9.244501,4.5508265,0
378,要不然你以为拜老登一年好几亿美元是白花的?,non-hate,8.343796,3.9288547,8
3814,我今天恰好看到这条回答 放心 你绝对不是他说的那种要一棒子打死的人 你看他最后一句话就知道了,non-hate,10.648949,3.3636668,6
1067,好吧老哥，这玩意天生的你说改也太难了🤔🤔,non-hate,11.078919,1.9792851,7
7677,你们继续你们高逼格的掏粪工作，也要加油，为了你们追求的与众不同而努力。,non-hate,7.9546666,4.2318764,0
6812,如果女性生孩子是应该的，男性保护女性也是应该的，就别扯那么多不平等了,non-hate,9.447503,0.2601108,4
5911,榴莲确实难闻，因为有硫化物的气味，但是吃起来确实香，因为含脂类化合物。说难闻的是因为没吃，说好吃的是因为他不在乎气味而在乎口味。但是从生理学讲，同性恋就意味着断子绝孙了，有悖于一个物种繁衍后代的初衷，如果全社会支持同性恋，不排除很多人从小就被掰弯的可能，中期将会面临伦理和道德的挑战（例如完全可以近亲同性恋，跨辈分同性恋，想要的小孩却不是亲生的导致后代心理扭曲），长期会面临人类灭绝的风险（人类或许没有动力繁衍了）。,non-hate,11.359558,0.56896406,1
3454,确实是，感觉女生接受程度更高,non-hate,9.456383,1.5083306,4
6075,河南人多，不好事件就概率性多，给人河南不好的印象😅😅,non-hate,4.620988,2.6435373,5
4063,李世民还有鲜卑血统呢，华夏血脉不是有你一半嘛,non-hate,5.865685,2.5100293,3
1121,😆韦小宝都会被查,non-hate,10.610166,3.4220147,7
7826,也就这几年了，过几年再不拉架，弟弟怕不是直接把姐姐脑壳打烂,non-hate,10.190578,3.204936,7
4628,一眼顶针，两张图等级都不一样，这样搞大可不必,non-hate,10.850404,3.6100223,7
537,外国那种不带套的习惯，还真让人害怕,non-hate,8.328363,1.1440752,4
3358,兄弟们这个律师说的是真的吗？,non-hate,9.579442,4.8417277,0
7584,女生也是中华民族的一份子，也有权占用中华民族的资源。,non-hate,8.815318,0.98669636,4
2003,入乡随俗这个词，好像就是个笑话🙂🙂🙂,non-hate,5.188111,3.1796687,5
2503,黑人也不是！,non-hate,6.9082675,1.2878566,3
4802,福利就是你卷得相对轻松。🤣 至于退休金医保这种切切实实的福利也是取决于在哪个口工作。,non-hate,6.982496,3.283916,8
7418,因为我们不一样，不一样,non-hate,8.379847,2.3820212,8
7976,害 我发布的文章也说我带有歧视 让我修改 就他妈心累了,non-hate,8.097859,2.4054158,7
7664,免费？这老哥怕是还没有结婚,non-hate,9.053431,0.4211558,7
2834,他说的难道不是事实？,non-hate,9.456435,5.5557327,2
5434,yysy美国婚后财产分配更离谱,non-hate,8.568228,0.7611705,4
8021,他不怕打门锁流弹蹦死自己？,non-hate,9.757614,2.9173973,2
7906,不懂就问为啥某些山驴b这么喜欢拉黑本大爹，难不成本大爹说一句话造成的损失能比他木琴去世还大吗,non-hate,11.125195,3.4245546,7
2705,最没有地域歧视的是河北,non-hate,4.9022846,3.529539,5
5769,这位警官是尽职尽责的人，打爆?,non-hate,8.819873,2.223156,2
1846,毕竟江浙这几年发展太猛了。以前除了上海偶尔被北方人调侃，江苏浙江好像存在感也没那么强。我在知乎上第一次看见“江苏人为什么优越感那么强”的时候觉得不可思议。,non-hate,4.5816727,4.406633,5
6418,果然是有组织有预谋的团体，😅,non-hate,8.184018,3.6625917,2
5120,东北老大哥：这只是开始，以后你就会习惯，甚至开始自黑,non-hate,5.7037873,4.8653927,8
4370,我们那对河南同志的传统印象就是缺水……,non-hate,4.469139,2.6290865,5
2279,以下是网址,non-hate,11.395406,3.3079278,8
4600,还会我父母靠谱点，找的还没这样,non-hate,9.469345,1.262162,7
2991,这你倒是可以代表我,non-hate,9.097899,5.2112966,0
2629,我也是服了这个学校了，硬生生的成就了2019年骂人最狠的一句话。,non-hate,6.698502,4.0462866,7
5937,给彩礼也不嫁什么诈骗犯,non-hate,8.852784,0.15997703,4
6533,甘肃人普遍低调,non-hate,4.6410885,3.2331007,5
3257,你是汉族吗,non-hate,5.816388,2.6587362,3
2382,不这么算否则给它6500万年都算不出来,non-hate,7.7270055,3.2535586,8
7793,唉，你举报要有用才怪了,non-hate,10.928287,3.8347137,7
6437,那个人本来就是陕西的，他的抖音号你可以去看,non-hate,5.3952675,3.1313937,5
503,可以啊。你不仅可以穿裙子，还可以编辫子。,non-hate,8.813136,1.741002,0
275,其实不然的，明显反对的还是更多,non-hate,8.65915,2.7246716,2
3485,?咱们是没特点,non-hate,10.172792,4.5745564,7
1430,影视文学网络到处都是异性恋这就是传播，说什么没宣传，传播就是宣传,non-hate,10.9381895,0.9110414,1
3155,太真实了。这个才像是真正在现实生活中经历过的人。,non-hate,8.549841,4.991775,8
7046,后面那个是漩涡鸣人变身的漩涡鸣子😆老板：妖狐给👴🏻爪巴,non-hate,11.269408,4.4271855,7
5591,浙江人 觉得年轻一代江西人很不错呀,non-hate,4.789371,4.2081614,5
7385,山东gdp第三,non-hate,4.3001494,3.636183,5
7030,可惜后续是女方被抓了,non-hate,9.212802,1.8252476,4
5914,这话说的，凭什么就允许别人在网上说自己喜欢吃屎，不允许别人在网上说讨厌吃屎了？,non-hate,11.163245,1.8366145,6
4691,按城市算，西安才是最惨的，差距太大了,non-hate,4.982202,3.374912,5
7571,果然b乎人均985,non-hate,10.60477,3.9613025,7
2805,想多了才哪到哪啊，不是反感女拳，而是最近一些事影响到她们利益罢了。,non-hate,9.632094,0.68992686,4
1860,你误判了😅,non-hate,9.492066,4.984162,0
4347,我寻思着 答主说什么了吗您叫他善良 搞得你们全都是善良人似的,non-hate,10.6389885,3.2100163,6
926,要向大佬学习,non-hate,10.455619,4.8651543,8
1650,浙江人挺好的啊，为啥要被黑，浙江也是很富裕的鱼米之乡,non-hate,4.921233,4.140384,5
2194,告辞了各位，现在去研究一下反歧视书籍，半年后回来,non-hate,8.10247,2.4879024,8
8013,你能在化粪池里面找一条干净的蛆？,non-hate,10.637754,4.600296,0
1402,这几年大概许多原吧友都隐退了，吧里的帖子价值和热度都不如以前，再加上百度阴间管理，很多吧都容易被攻破,non-hate,12.117773,3.537106,7
3532,作者似乎忘了这两只企鹅和其他企鹅的种族不同。连同种族异性都没有，他们根本就没有成为异性恋的机会，我完全可以说这只是他们为了合群而对其他异性恋的模仿，说他们是同性恋根本是牵强附会。,non-hate,11.1367235,0.3427451,1
7097,倒数第二句、你说的和你的行为一致吗？你有尊重题主吗？,non-hate,9.840602,4.2267804,0
6851,抖音算是把你的那点喜好算的明明白白了,non-hate,11.749701,2.8110442,7
5726,呃。。。这个是一个发生的历史。。。这里面法国还是华人都没有神圣性，而是落后地区的男性在发达地区获得青睐这种情形是一再上演的。,non-hate,7.94174,0.9741102,3
881,以后亲子鉴定技术一定会更大的推广,non-hate,9.347994,1.62329,8
5438,河北也开始了，刚看到个热门话题，河北是如何一步步沦落到最贫困省份的,non-hate,4.520678,3.2948234,5
8029,你眼瞎啊，是没摆放标志罚款,non-hate,10.784337,3.6958938,7
974,希望我国能借鉴韩国,non-hate,6.931567,2.2643785,8
7804,你说这话脸不会红吗,non-hate,9.627305,4.470851,0
666,那你认为中国男人找黑女会污染五千年血脉吗？,non-hate,7.421105,1.0694628,3
1602,每个人都有自己的思想的自由，你有支持的权利我就有反对的权利,non-hate,10.923777,1.6571827,6
576,越来越多的男人不想结婚了。,non-hate,9.10622,0.43850592,4
909,贵州怎么了，不太了解？,non-hate,5.1450014,3.2854185,5
3339,博弈双方要维持相似的道德水准，所以扩大化不仅不是坏事，反而是大好事,non-hate,8.63958,3.0492,8
2784,是从小穷男富女教育导致,non-hate,9.325439,0.62475693,4
3248,性工作者和同性恋还是不太一样吧，这样类比是否不太妥当,non-hate,11.070025,0.8419883,1
4273,为什么要改呢，我也是同，做好自己过好自己的生活，不影响他人，不可以吗？🤔,non-hate,11.199656,1.4908172,6
5124,广西人飘过……,non-hate,5.033233,3.6598775,5
5780,互联网没记忆，我记一辈子呢。以后反正梗就天天玩着，诶谁提到我就提这个事情,non-hate,11.27801,3.6187506,7
2227,😓方正的事情都能拿出来讲真是笑死人了 你好好讲讲立碑的事情是周说的 周算不算洗地？,non-hate,6.937435,3.584467,6
7873,单亲妈妈熟悉的剧情，有些蠢人活该被淘汰。,non-hate,8.714958,3.661857,2
3794,这不是非洲boy吗，他的原视频特别有意思,non-hate,6.958258,1.556849,3
6982,知乎对别人不敏感，对他敏感的很🍉,non-hate,11.141406,3.2742743,7
7774,死肥猪去死啊,non-hate,11.384463,4.950741,7
5790,"澳大利亚研究人员发现智力与反同性恋的偏见之间存在很高的相关性。该研究由昆士兰大学社会科学研究所的FranciscoPerales领导，并发表在“Intelligence”杂志上，这项研究的样本规模为11,564名澳大利亚人，研究了认知能力与对同性伴侣持偏见态度之间的关系。研究人员通过三次认知测试来提出问题，并询问同性恋者是否应该享有平等的权利。Perales和他的团队发现，那些在三项认知测试（全国成人阅读测试，符号数字模式测试和反向数字跨度测试）中得分较低的人更有可能不同意“同性伴侣应该拥有像异性恋夫妇一样的权利“。尤其是在测试的言语能力部分，持偏见者的测试分数更差。研究即使在控制包括教育在内的社会和经济变量之后，其结果仍然成立。",non-hate,11.303192,0.3283651,1
3717,那我魔都就不服了,non-hate,4.848875,5.04337,8
6987,冷知识：种族歧视指一个国家内部不同种族之间的歧视😎,non-hate,7.270389,2.12479,3
1407,懂了，原来微博对标的是虎扑！谢谢您，涨知识了,non-hate,11.639784,2.912156,7
6190,人又帅又高,non-hate,10.105351,2.3863986,8
6017,这是中国人，可怕,non-hate,7.004739,2.835624,2
2937,最离谱的不该是中国网资讯吗？,non-hate,11.474,2.9331155,7
7443,我是东北人，没上网之前从来不知道河南人偷井盖，第一次是从一个湖北同学那里听来的。论说话嗓门大，我感觉是个东北人都抵不过一个广东人。,non-hate,4.6195917,2.5194361,5
8000,你狗屁才艺,non-hate,9.37487,4.930269,0
7942,此种人不得house啊,non-hate,9.724188,3.9361708,2
5557,上海笑而不语,non-hate,4.797299,5.005476,8
4556,还真是，我们吉林收入倒数第三，税收反倒能排上前面😅真是不知道哪错了,non-hate,4.45072,3.813165,5
7802,所以说嘛他在哪个吧都是这个13味儿骂他就对了,non-hate,11.922352,3.7948785,7
3150,我记得有本书叫重生之黑人留学生,non-hate,7.421383,1.7073183,3
6008,正常，现在东亚和欧洲生育率最低,non-hate,9.006955,0.14259155,4
1522,事实上留在河南的古汉人才是最多的，去南方的都被同化了,non-hate,5.469414,2.582476,5
1441,预言b站将是下一个豆瓣，A站要火。,non-hate,11.798337,2.9492118,8
2250,难道犯罪率不是社会状况的重要参考标准吗？,non-hate,8.427876,3.0729053,2
7745,上面的度°C别在那洗了，刷屏不是你们干的？别搞笑了好吗，想看开始什么样多刷几页帖子就能看到，少往自己脸上贴金,non-hate,11.569733,3.5096233,7
1899,它怎么不动了？！😭,non-hate,10.193508,4.679018,0
5347,会打鼓的人都很带劲,non-hate,9.706876,2.5396569,8
5376,广东哭都哭不出。😅,non-hate,5.6057653,3.8762264,5
7096,吃肉不是不可以，但也不要那么大声，毕竟让你们有资本的因素太多了，也不只有你们自己本地人的贡献吧？被时代洪流眷顾了就好好感恩就行。,non-hate,6.451739,3.3370364,5
4630,现在只有韩国比较正常还有俄罗斯,non-hate,6.8491535,2.296663,3
2363,再说说现实，杨li代言是一个接一个，男女对决还要看现实，反正现实看现在对男性非常不利,non-hate,9.9886,0.8024368,4
2756,我们家没有。我们家只有2个亲戚外嫁，嫁到日本的,non-hate,8.181608,0.7842601,4
2254,艾滋病人身上都会有斑斑点点的，一看就看出来了,non-hate,11.125368,-0.44048682,1
6928,同性恋不是西方传来的，他本身是先天得来的东西。自然界各类动物都有同性恋！,non-hate,11.235113,0.25767687,1
7932,怎么感觉这个楼猪像是在钓鱼问一个祸害家族与民族这么个民族败类脑瘫问题,non-hate,8.03341,2.0332186,6
5096,加油，让阳光充满本吧,non-hate,9.072622,3.9096258,8
2517,“应该”是一个很复杂的词，智力不足的人在讨论严肃的问题时使用该词会造成歧义，比如现在，读者就无法理解你究竟想表达“不排斥就该被惩罚”还是“不排斥对自身或许会有不好的影响”，这是不好的。,non-hate,10.833288,1.9946558,6
4174,往上翻，有楼教你用话术钓鱼的,non-hate,12.196805,3.1188447,7
585,座山雕貌似是西南那嘎达的吧？😅,non-hate,5.797905,3.1795845,8
5984,最奇葩的是高密人视莫言为高密的骄傲,non-hate,7.5097475,3.482112,8
7669,没必要兄弟 那就祝你生活中一个女的都没有 不用谢我 理性讨论 求仁得仁,non-hate,10.450866,1.0124043,4
2388,同类遇见同类,non-hate,11.346188,0.82943153,8
6835,然后就是B站，舞蹈区，瑜伽区，健身区，女的恰钱和这些男的相安无事。而且说白了人，拳头没打到自己身上都不会痛的,non-hate,10.010104,0.851188,4
1874,应该发到正宗大飞柱吧,non-hate,10.81436,3.5478828,8
5783,哈哈，现在北方汉人才都有北胡血统吧，不知道衣冠南渡吗,non-hate,5.792015,2.6220047,5
7525,哈哈哈感谢尊重，肯定不会强迫支持啊，一个性取向，本身就没啥好支持的。关于这个问题，有一个小视频想分享给您，个人觉得做的特别好，您可以当作茶余饭后一个小视频看看。新年快乐。,non-hate,11.106012,0.7740783,1
596,你这样找什么女朋友,non-hate,9.81829,2.444845,0
5661,浏览是没事的吧,non-hate,11.440463,3.0236135,7
7314,要是可以选择的话 谁不想当正常人,non-hate,9.066694,2.687835,6
6074,啊这不给他们开除女权,non-hate,9.601207,0.8118222,4
7496,韦小宝真可爱，他是中华各族人民的结晶。,non-hate,7.982289,4.4422665,8
4358,人家老公有特长,non-hate,9.655829,2.2411907,8
7294,什么wzry还会发信号？,non-hate,10.452791,3.4602697,7
177,我们河南都习惯了……,non-hate,4.581374,2.7842035,5
2443,不以为耻，不好好想想为什么会被女权批评。,non-hate,9.365954,0.7142875,4
2097,还有离婚律师就离谱,non-hate,10.436214,1.6473465,2
7948,nba的确作为篮球顶级殿堂，喜欢篮球喜欢nba很正常，但是崇拜球星，特别是那些品质极差的真的脑壳有包，以前还看过希望用爹吗换qj犯复活的呢,non-hate,9.907286,2.100849,6
2684,这种地方，要么就是发达的城市，被外来打工的吐槽，要么就是不太发达的好多都出去打工可能素质不太高,non-hate,6.3185463,3.3241854,5
6168,度度，拿不出证据的话能不能给我道歉啊,non-hate,11.227375,4.0520797,7
2719,不好意思，人家原话说的是中国女性。,non-hate,8.692881,1.1300577,4
6970,打骚扰电话的时候是随便播个号码，然后可能是拨到酒店餐厅，一个女接待接了电话，说请问有什么需要，我就说你好我要一盘红烧鱼，然后就和表弟不停窃笑，女服务员就冲着电话大骂然后挂了，我当时还百思不解她怎么拆穿我在恶作剧的。,non-hate,10.405907,2.635073,7
6350,今时不同往日,non-hate,8.124107,3.6762793,8
2468,当年玩魔兽台服的时候，台妹的声音是真的嗲，好评！,non-hate,10.32274,2.1648855,8
2492,怕得病就不要随便，正经男人女人一生只和一个做爱怎么会得病⁉,non-hate,10.729707,0.090167835,1
235,大东北现在也不差，主要是网络媒体很多带节奏的别有用心的人搞事情。各项指标：GDP总量、人均GDP、人均可支配收入、人类发展指数、高等教育受教育人数比例等等，都在全国中上游，辽宁还排在前十名之内。,non-hate,5.3270693,4.3871813,5
4856,我不知道他帅不帅，但是我很帅，而且拒绝过的女人超多三位数。现在单身，而且打算永远单身，除非遇到真爱。,non-hate,10.138604,2.3570554,4
6553,毕竟东北人也就一亿人 肯定反驳力度差,non-hate,5.821825,4.7828407,5
7868,这个熊孩子真是欠揍哈哈哈哈,non-hate,9.689985,3.1863165,8
7579,你跟这种人说不清楚，不如省点流量😅,non-hate,10.575751,3.7100263,6
8018,你需要更多的瓦斯,non-hate,8.542604,4.6645765,0
2353,这警察战斗力不行啊，那个女警察被袭击了，,non-hate,9.01932,2.0161872,2
5772,可是我真的很喜欢东北人啊……东北人永远都代表着他们热情、爽快、好客啊,non-hate,5.6363187,4.724837,8
1106,为什么都是哈尔滨,non-hate,5.615467,4.266868,5
6129,说什么呢？上海苏北人还不多？,non-hate,4.4251966,4.760702,5
278,人家塔利班有飞机大炮,non-hate,7.388723,2.5589466,8
1814,女的看得上药娘？她又不是女同……,non-hate,10.811266,1.1821649,4
6052,东北人追上海不放😅虽然上海人里东北人也不少了,non-hate,5.1263866,4.9529805,5
282,盲目移民很正常？欧洲都深受其害，禁止移民难民,non-hate,6.941276,2.2461314,3
6601,如果你是因为天生讨厌，那远离就好了，对吧,non-hate,9.06998,3.4582467,2
594,曲阜和孔子这不是好事吗🤣 后面那几个都没听说过🤣,non-hate,5.6700053,2.8181267,8
4964,这四条对应的国家法国瑞典,non-hate,6.8031235,2.2910652,3
4876,中国14亿人总得有点奇葩。,non-hate,7.0127606,2.7936718,8
6163,她妈就是洛克菲勒员工,non-hate,9.355647,2.0798714,8
5395,有些人，你尊重他，他会得寸进尺,non-hate,9.02914,3.3855102,2
6020,哈哈哈哈哈哈😂说的太对了，赞👍,non-hate,9.646473,5.432086,8
7148,恰恰相反，爱他就跟他去吧,non-hate,9.650925,2.9996564,2
6174,被人喜欢不是一件值得高兴的事吗？人家好像也没有骚扰你吧🤔,non-hate,11.014467,1.3087008,6
1238,上去，不要让你的智慧光辉被时间埋没,non-hate,8.641536,4.791882,8
5909,这样的解释就足够明确了，我尊重你的观点,non-hate,9.14116,5.612522,0
5350,因为正常人不会专门搜这个话题,non-hate,10.926015,2.268264,6
364,楼主三观挺正👍️,non-hate,10.050289,5.2767873,8
3278,其他支持！但是中国又不是男人的中国。你说那话开为什么玩笑？,non-hate,8.96756,1.0345652,4
5070,固她所愿，与吾何干,non-hate,9.412059,2.0267203,0
3000,评论就评论，捎上我法兰西斯坦是几个意思？,non-hate,10.505784,3.8741844,0
2668,自从把他照片曝光后老私信追着我骂,non-hate,10.669458,3.8211906,7
2112,那些媒体优越感很强,non-hate,8.773442,3.4021344,2
2373,《骄傲的先富人》,non-hate,7.4170246,3.4389238,8
2944,从哪看出的黑人更大，少看点av.,non-hate,7.082967,1.3355936,3
5889,所以你想表达什么⁉,non-hate,9.585263,4.9415903,0
3044,可怜的孩子，抱抱你,non-hate,9.292405,2.9297907,0
7945,被侵略还立碑？以为是光荣的事情？果然汉奸,non-hate,6.3520145,4.456154,2
2085,哈哈，几个视频都看过,non-hate,10.518343,4.740102,8
529,同性恋跟异性恋是不一样的，或许是因为我们中国的思想已经根深蒂固，以至于我们有了您这样的看法,non-hate,11.305521,0.27297086,1
4946,不讨论！你这脑回路比较清奇！,non-hate,10.072718,4.3156614,6
5440,可能南方也分为东南和西南,non-hate,5.7859626,3.8966477,5
5862,个人经历这个真没啥代表性，我遇见的骗子都是福建和广东的。难道我就能说福建人都是骗子吗？ 有一次真被骗走了点钱，我报警了可惜也没用,non-hate,5.367228,2.9394841,5
6317,甜上加甜?(虽然我精神洁癖对性敬而远之),non-hate,10.76514,1.2444476,8
5695,对呀我说的是一部分人，我也相信存在的那部分是少数,non-hate,8.366922,3.5412166,8
5340,中国发展了，富强了。还要去国际上与西方争夺舆论控制权。到时不愁外国女生不来中国，中国有少量女人出去，随她们去吧。,non-hate,8.197405,1.0578972,4
2143,如果有人不是单身进吧会怎么样,non-hate,12.082357,3.2000465,7
4217,想多了，长三角现在安徽口碑比以前好多了,non-hate,4.401758,4.2167377,5
7643,小丑能出来说一说你的成分吗,non-hate,9.872424,3.821492,7
3584,其实jatoo是多功能的。,non-hate,10.808592,4.723709,8
6321,力口之束之后，中间方将被对立双方视为叛徒。吃瓜,non-hate,8.84559,3.6269233,2
4660,这个混血儿黑人基因已经不多乐,non-hate,7.08006,1.3345158,3
1758,你写什么了,non-hate,9.661456,4.952448,0
3131,吧友们来点作用啊,non-hate,12.227754,3.8778198,7
4851,每年，山东得挤出3万个大学名额来支援中西部，分给河南的名额有几千个。东部中部每年好像给河南5万来个名额。山东每8个高考生就得被刷下来一个。,non-hate,4.065093,3.2913847,5
5574,是个正常人不应该都狂怒吗？,non-hate,8.651022,3.2106955,2
4386,澄清下，我发这个不是为了加深矛盾，是为了让人们看清楚地域黑的可怕弊端，不要让误解更深。🤝,non-hate,6.2254496,3.4569614,5
436,山东为什么会被歧视？我江苏的，只觉得山东男生真的帅……,non-hate,4.4254136,3.648927,5
3517,弱势与强势都是相对而言的，在美国社会由于白人站了主体，它们属于少数民族，所以只能说相对来说它们属于弱势群体。不过它们只是相对于白人来说属于弱势而已。在美国对比其他族裔它们还是强势的，因为人口。亚裔中东裔对于它们来说它们就是强势而亚裔与中东裔就是弱势群体。,non-hate,7.2762985,1.9239167,3
6511,如果全国人都讨厌避而远之，就是自己的问题了,non-hate,8.415332,3.3326547,2
3193,这么做有啥好处呢？你给解释一下我不明白,non-hate,10.467405,4.091007,0
3166,众所周知，南昌是个很文明的地方，对的，就是众所周知…,non-hate,5.9175873,3.3001165,8
5489,取决于家长抚养孩子的态度和方式，并没有太大关系，但是以所谓“正常家庭”做文章实在可恶，单亲家庭照样可以培养出优秀的孩子,non-hate,8.834881,0.51094747,6
4921,对这种事情完全无感,non-hate,10.0859585,3.532772,2
3176,因为非粤北的广东人更有钱😠,non-hate,5.6585402,3.9686918,5
4207,在黑非洲，有没有黄种人聚居区呢？像唐人街那种·····,non-hate,6.955933,1.6223919,3
1206,香蕉也能炸？？？,non-hate,10.6205015,5.142382,8
5946,有一说一 人类进化就是靠杂种推进的 你圈起来养的那些个观赏动物才在意纯种 血统论的目的主要是为了给种族歧视创造合法性 虽然我是皇汉 但是不建议整这种活嗷,non-hate,8.113568,1.5159185,6
6263,八国洋人在天津消灭了九成天津人，天津貌似没有被毁灭啊,non-hate,5.4284377,3.3510294,5
6958,所以同性性行为和同性恋有什么关系？,non-hate,11.332127,0.32886925,1
5479,看你这种人的文章瞬间戾气重了250倍,non-hate,10.153608,4.7944217,7
3796,0中国的立法机构是人大，要反对就要让这事变成非法，批判算什么？键盘敲起来有那么好玩吗？,non-hate,8.823362,2.5483887,6
6668,囧上海有100万日本人？就算上海是个有近2500万人口的超级大都市，可你知道100万人口是啥概念嘛？,non-hate,4.772289,4.789842,5
6554,我不清楚那个文化，把你研究犹太人的证据说出来！ 我的观点就是法兰西列强进行黑奴贩卖，大量黑人被贩卖到法国，葡萄牙等地进行劳动，随着林肯解放黑奴，这些黑人就在其国家繁衍！ 你的呢？？？说出来听听,non-hate,7.058204,1.741602,3
3917,你最棒🤭🤭 你去支持你的 我反对我的,non-hate,9.066456,5.2566977,0
1123,不想被一棍子打死你们倒是拿出点态度来啊😓,non-hate,9.861119,3.469063,2
7900,你还能代表全国？如果没有你国民素质至少上升两个档，你快去自**吧,non-hate,7.2967052,3.5199437,6
5859,国外还有嫁人要冠夫姓，你赶紧去批判,non-hate,8.464302,0.5268825,4
7045,这时候，沙滩上忽然响起了警报。,non-hate,8.423199,4.6962657,2
7548,以前的工作大都是体力活，干净不了,non-hate,8.239306,3.3444004,2
1852,哈哈🍉看过🍉男生真倒霉啊,non-hate,9.786387,2.5924294,7
2962,他道歉的时候回他一耳光不就扯平了，注意要在没人的时候,non-hate,10.147475,3.4469109,6
1018,你真是绝了！,non-hate,8.999027,5.260014,0
3427,我宁愿做一个四等女人。,non-hate,8.845572,1.7359146,4
5295,我姐姐夫有空就带娃，或者就往图书馆里钻，很少出去，,non-hate,8.514491,1.6542816,8
735,真的，你這評論有趣又奇葩，我笑了😅🤣,non-hate,9.776601,4.87892,0
6468,笑死我了，你和答主搁这叠bafu呢,non-hate,10.6814785,4.1111774,7
2109,有男联吗，维护男人正当权利的那种,non-hate,9.856613,1.2244192,4
6945,河南人瑟瑟发抖,non-hate,4.301422,2.7713284,5
4490,对啊，你提醒了我。植物也是有生命的啊，人类为什么要吃大米、麦子和蔬菜呢？建议欧美开展“植物的命也是命，植命贵”运动。素食主义者全部变成绝食主义者。,non-hate,7.999202,3.0428088,6
3376,如果说一个国内的和一个白人让我选的话我还是会选白人。因为个人觉得黄白混血的孩子还是蛮好看的（个人观点不喜勿喷）,non-hate,7.8209143,1.2182153,3
836,陈胜吴广揭竿而起,non-hate,7.504535,3.3437126,8
1943,同性恋跟异性恋都会有这样的人,non-hate,11.264833,0.6725948,1
3634,所以你承认之前视频里面的是你了？,non-hate,9.285034,5.3261795,0
1007,现在想平权就不能再把女性当做一个弱势群体了，不要大男子思想不拿自己当人看，遇到性别绑架勇敢反驳大声说不,non-hate,9.526146,0.6000319,4
1678,就算实在改不了，你这种同我们也不会觉得讨厌和歧视的。因为你值得别人的尊重，加油😄,non-hate,11.214136,1.7419779,6
3622,别说了，我跟孩子姓😆,non-hate,8.604466,0.39481506,8
4980,这人喜欢的不是文科而是文学吧，文史类学科讲理性、讲逻辑而且极其复杂的也不少,non-hate,8.819246,2.7254715,6
3027,是这样的，这种极端言论感觉调调都差不多，就像是什么地方专门训练出来的一样,non-hate,8.62405,3.4408128,2
4028,看了评论，我在想知道白人是不是也这么想我们的呢🤔？,non-hate,7.4735208,1.6483979,3
6244,黄字弹幕味太冲了。,non-hate,10.756344,4.3624325,2
3562,但被爆出来的说的都是上海话,non-hate,4.8062806,5.0505567,8
3020,完全正确呀楼主,non-hate,9.460989,5.754256,8
3163,民族团结大过天,non-hate,6.47692,2.7016082,8
7694,本来就是一帮没啥别的只能靠地域来包装自己优越感的傻*，网上输出暴论自我安慰图一乐罢了。,non-hate,6.313939,3.4577978,5
4088,我在，我每天都在关注都看的！,non-hate,11.506723,3.3541038,8
1347,我只是生理性，不受控制的反胃…我其实也蛮好奇为什么自己会有这种不受控制的生理反应,non-hate,10.911256,2.4645264,6
2678,自由社会真是所有无耻作为的遮羞布挡箭牌了😓,non-hate,8.667115,2.8986673,2
3897,这位小姐姐评价相当精准，把整个事的来龙去脉，包括人们的心里所遇到的问题，已经提的说的明明白白清清楚楚，不错，很有眼光，但愿女孩子们都看到，尤其是我们的女大学生们，别再为了几句甜言蜜语，为了所谓的几分面子就找不着北了,non-hate,9.992613,1.4637326,4
1507,没事没事，宽心点，出这两个成语的时候还没有贵省。要到明朝，从四川湖南广西云南各划拉一块地才拼凑成了贵省😄,non-hate,5.6577716,3.607743,5
4742,江南侉音非宁镇莫属😆,non-hate,4.3044286,4.4373326,8
4013,我想当个黑人，来中国留学……,non-hate,7.020746,1.593484,3
5827,美国不是流行娶黄种人吗？,non-hate,7.8924146,0.9895813,3
5100,广东没有吧，我去广州他们刚开始以为我是新疆，之后我说我是黑龙江他们都夸我那边能看到雪然后厚道啥的，我对广东整体印象还是挺好的🍉,non-hate,5.5020504,4.091526,5
3293,贴吧系统就是这样多发几次就行了毕竟这是百度特色嘛,non-hate,11.831814,3.60869,7
2424,曾经有几个都被封了,non-hate,11.456077,3.959394,7
7917,內個虛空法師是什麼豬精,non-hate,11.424437,4.883414,7
1136,东北人表示…习惯了，别把它们当人好了,non-hate,5.732197,4.9148755,5
3736,在，钱最重要,non-hate,8.911099,4.17359,8
1356,大可不必，我可不觉得你姐夫的留学圈子里会少了那些人😓,non-hate,8.479157,1.6688471,0
7098,底层女不会嫁给底层男？她们或许有上择倾向，但也不是每个中层男都愿意下娶她们啊当然了，光棍问题是永远存在的。,non-hate,9.542258,0.2572021,4
2916,汉族的祖先不是主要在山西吗？而且河南很多都是山西迁徙过去的后代,non-hate,5.3374825,2.5633724,5
452,你就没想过那些人是高级黑吗？,non-hate,7.4683847,1.4080224,2
7651,因为我们不是同性恋，找黑女白女关我们屁事,non-hate,7.879874,1.3616042,1
7755,那你去瑞士啊，别在这狺狺狂吠,non-hate,8.614324,4.7258224,0
5060,反过来也是一样的，有些人就是要强迫别人认可他们，啧啧,non-hate,9.069411,3.4124157,6
4553,美国黑人并不缺教育资源,non-hate,6.8624988,1.2954102,3
3777,我们内地就先被他们黑得很惨啊,non-hate,5.4748425,3.4004285,3
2945,这也能遇到你,non-hate,8.936434,4.692531,0
6957,我的QQ空间已经有普信男，下头等词语，正在清理网友中,non-hate,11.082004,2.6235974,7
6347,他真的有错吗,non-hate,9.569118,5.52054,2
4561,女孩子不能急 😅,non-hate,9.7154,1.8367746,4
1048,小的时候有一次在幼儿园上课，忽然飞进来一只手掌那么大的蜜蜂，所有的小朋友都吓得退开了，老师说不要动，然后我直接冲上去用手罩住那只蜜蜂，然后被蜇哭了，在家躺了几个月，太蟒了,non-hate,10.281495,2.8301861,6
7762,凭什么？女性生孩子是权利而不是义务，什么本就应该，见鬼去吧！,non-hate,9.319679,0.009571101,4
6927,这可能就是个人问题 异性恋也有被骚扰的时候,non-hate,11.049703,1.0090365,1
7673,我们联合起来把他列入黑名单什么的，让他封号,non-hate,10.90751,3.6369512,7
3974,果然，美好的世界还是要依靠自己亲自创造，永远不能寄托于别人,non-hate,8.990158,2.8894448,8
7062,我爸在广州被四川的骗过钱，在列车被人偷了钱，逮到后也是四川的😅，在深圳我妈要生我时，我爸抱着我妈去医院，在路上被一个四川的抢了包😅我爸现在提到四川的都是一股气,non-hate,5.4866447,3.1904511,5
5401,我连谈恋爱都不想,non-hate,9.632035,0.25285038,4
3965,反正我不当冤大头?,non-hate,9.407128,3.3886418,8
2526,从事这种违法犯罪的都是东北人？,non-hate,5.560731,4.450109,5
6772,笑死我了😊，你说是就是吧,non-hate,9.616764,5.059263,0
7087,中间的黑人小哥太帅了,non-hate,6.955524,1.363563,3
3234,兄啊，这澡可不兴洗啊,non-hate,10.028818,4.3405633,2
6177,安徽是河南永远的兄弟,non-hate,4.41914,2.9505966,5
2166,经典我是男的。,non-hate,9.921737,1.8490081,8
7940,sb！真正聪明的男人已经留下了种子还不用负责！,non-hate,10.16001,4.11904,2
7482,河南的分数线简直不能看。。,non-hate,4.125939,2.9914641,5
7786,祝你成为人尽皆知的接盘侠,non-hate,10.187133,3.3863306,0
1144,性格善良的人全世界多的是，都住到中国来吗？,non-hate,6.955547,2.6810863,3
6056,河南省有一个白头村，原因是地下水含镍丰富。,non-hate,4.5792994,2.5669057,5
5121,钻石在特定条件下会灰飞烟灭，而且这个特定条件很容易达成。所以钻戒这个东西，不吉利的。,non-hate,9.789887,1.4501144,6
7813,我看孙吧，孙吧人个别素质很差，这一点我不否认，但是就观察来看，哪怕素质最差的所谓“孙杂”，其素质也要比来反同吧找骂的孙杂强上百倍，如果说孙杂是人类这个群体中素质非常差的一批人，那孙杂这种生物和人类这个概念可以说是不咋沾边【图片】,non-hate,12.041678,3.1799831,6
6181,银监会再投诉一遍,non-hate,11.326748,3.9688191,7
6019,为什么必须反女拳,non-hate,9.649093,0.57069427,4
6915,看到小红书这三个字儿,non-hate,11.751317,2.611358,8
2672,微博豆瓣就不管吧,non-hate,11.689908,2.9663815,7
4351,河南真的太惨了，我河南同学被黑的不敢说自己是河南的,non-hate,4.389291,3.0222678,5
2059,女性都应该有一份属于自己的事业。,non-hate,8.892984,1.6404308,4
7208,文化软实力还缺点,non-hate,6.8539877,3.0378454,8
3995,人家没惹你吧,non-hate,9.5073805,2.5439615,0
6767,txl是社会问题，应该有人管，而不是当透明人,non-hate,8.5193815,3.0532885,2
5430,前者加重对女性的精神依赖（无非是围绕着饥渴和厌恶这两种状态），后者摆脱对女性的精神依赖导致的对自己生活和思想的束缚。,non-hate,10.449188,0.97484833,4
7511,是你对号入座了吧😆,non-hate,9.483119,4.964482,0
6202,如果是中国男友恐怕是骗不到的，就算骗到了也是个无期徒刑,non-hate,8.454233,1.0295279,4
5297,西安本地都是河南人，在西安城里面走到哪都能听到河南话，有必要黑河南？我听到见到的主流声音都是豫陕一家亲，从足球来看，无论陕西浐灞还是现在的长安竞技，都是和河南建业关系最好。个别黑河南黑洛阳的是带着KPI的，甚至不排除反串的，请不要再挑起豫陕两省的矛盾了。,non-hate,4.374493,2.856392,5
5126,既得利益者指责被剥削者了属实是,non-hate,8.252318,3.125538,2
114,东北人声音比较明亮，可能是我们这边比较冷，所以说话底气可足了，感觉自信满满哈哈南方人说话比较温柔声线也挺好听，给人感觉很舒心很柔和～我倒是都很喜欢！但是作为东北人我尤其是喜欢浙江人的声音，真的是声线柔美气质佳～,non-hate,5.411409,4.570774,5
3772,秘密被发现咯,non-hate,11.142075,2.9973798,8
6098,大丈夫能屈能伸呐🐶,non-hate,9.703456,1.8891771,8
3825,这就是没救了,non-hate,9.720143,3.8597887,2
2417,我是在河南的黑龙江人😜,non-hate,4.8237295,2.9671075,5
2615,听说还要升职，山东大学国际排名提升了,non-hate,4.2787366,3.6288335,8
556,骗子不是都来自河南，经常遇到骗子就要想想为什么身边都是骗子❤️,non-hate,4.899971,2.6084647,5
3246,卧槽，还有这种操作吗，稍微好一点的酒店应该需要自己的身份证吧，只要查出几次就可以判定这是个什么货色了，但是很难找关系，一般有公安局朋友最好,non-hate,10.948012,2.7421196,7
2842,这种话就没必要说了,non-hate,9.870686,3.8203852,2
5483,对东北来说东北以南都是南方，对广东来说广东以北都是北方😊,non-hate,5.685185,4.056518,5
7656,有时间去骂那帮说好帅好帅的，别在我评论区下面发疯,non-hate,10.528736,2.5421085,7
6400,对事不对人吧，她又不打拳,non-hate,9.304066,2.2127728,4
2501,人家是在调侃啊,non-hate,9.364296,4.214587,8
152,尬黑，意思是韩女正常哺乳都不行吗？,non-hate,8.728742,1.1103303,4
229,度度又在刷屏啊，找没找到我是小号的证据啊,non-hate,11.557932,3.9252462,7
4700,已经做了，他们挺开心的,non-hate,8.575419,4.0976353,8
1035,女性到底应不应该有权利呢？,non-hate,9.52109,0.54147404,4
3435,没关系，某些地方人就是喜欢干这一套,non-hate,6.5883226,3.5049381,8
5627,东北比上海惨多了囧,non-hate,5.4803877,4.9327497,5
7644,好像，最可笑的是你吧🤣,non-hate,9.357001,5.046349,0
5488,可是我爷爷姥姥是山东人 我奶奶是江苏人呀😅,non-hate,4.3340387,3.693436,5
2826,其实男权女权，最终是父权与母权的博弈而这种所谓父权与母权的博弈，已经转嫁到了母亲和母体的博弈,non-hate,9.520883,0.579118,4
1298,让他们多吃点苦他们就清醒了，都是自找的,non-hate,8.700215,3.214891,2
787,大姐推荐电子厂和纺织厂,non-hate,6.683558,3.7904935,8
3907,看的口水都流出来了，它这条狗只能默默地吃它的烤红薯,non-hate,11.030604,5.094394,2
943,反对一切圣母行为,non-hate,8.81972,2.4568026,2
1034,山东相关部门操作很迷,non-hate,4.1713495,3.5711265,5
1283,这个人宣称要“白黄黑融合”,non-hate,7.1895294,1.4164001,2
7878,你野die们在呼唤你,non-hate,9.352847,4.972281,0
6151,不让他们搞，但是在性教育的时候，应该让他们学会尊重这些群体。比如说泛性恋同性恋双性恋性单恋这种基本概念应该让他们知道，并且告诉他们要尊重,non-hate,11.098707,0.5620921,1
8026,这种垃圾看多一眼都觉得浪费时间,non-hate,10.959663,4.373789,7
3997,怎么还管到韩男了，不过孔刘眼睛看起来确实怪怪的,non-hate,10.526415,2.9554653,7
966,我猜你是浙江人~~,non-hate,4.6675696,4.294071,5
3689,但是对线是需要确认对方意图的,non-hate,8.879168,3.7905023,2
658,我也是很支持同性恋的,non-hate,11.204225,0.9132177,1
7933,把这帮孝子贤孙冲爆,non-hate,8.452876,4.317384,8
4165,肤色是显性基因，遗传概率大,non-hate,8.737905,1.2663188,1
4730,广西人表示你们都别跟我们抢了好不好？,non-hate,4.9446363,3.7262053,5
3348,他们拿钱了，要恰烂钱呀,non-hate,8.364287,3.9720304,2
5530,我认为你的观点是不对的，同性恋可以和异性结婚并不能说明他们喜欢异性，更说明不了同性恋是能改变的，如果和基因没有关系，还有可能和激素或者受体有关,non-hate,11.187577,0.33641148,1
7567,这鸡汤好喝,non-hate,10.1971445,5.352286,8
863,国外生活成本低给我笑尿了,non-hate,7.395726,2.6149025,8
3866,男人不适宜的就忍受呗？男人的命也是命！,non-hate,9.527917,1.3583442,4
1204,我们是对方的两倍,non-hate,8.913342,4.201007,8
6184,你要过去管着女的给你来一句“我乐意被打”你信不信，真事。,non-hate,9.158424,1.8857125,4
3005,抖音真的可以,non-hate,11.761507,2.7978663,8
4380,全是这个只要是男的你发评论就会被这表情冲,non-hate,10.973591,3.5545685,7
4554,你上过985？,non-hate,7.44395,4.285141,0
886,尼玛 老子脱发 搞毛发型？😅,non-hate,11.083077,2.5743394,7
7918,中国有你这样的，真是中国的不幸,non-hate,7.134196,2.7882414,2
3520,这个力帆是那位约我见面的大叔吗，前阵子闹很大的浦力也是同一个人吗😨,non-hate,11.537389,3.7145333,7
6182,大家怎么看,non-hate,10.273108,4.3685207,8
5915,哥们我支持你，好女人值得珍惜，既然他欺骗你在先，那就没必要有负罪感！,non-hate,10.151253,1.8104072,6
806,可不。我搬运违反民族团结了。,non-hate,7.425484,2.9036891,2
6804,说得好像你过的比我好似的😆,non-hate,9.26482,4.900487,0
2538,一旦这些通过了，以后会对男人越来越不利~,non-hate,9.60883,1.3410472,4
7394,3女同还是一个系列的的片,non-hate,10.328261,0.80778325,4
1879,我有个前女友，她有过一段时间和另外两个女孩子住在在一起，三女孩组成了一个恋爱关系,non-hate,10.387838,0.7686219,4
3292,其他省监狱也满满的呢?,non-hate,5.2164526,2.5753617,8
3034,新疆人卖切糕,non-hate,5.1052647,2.8351526,8
7267,我猜是浙江,non-hate,4.6740403,4.189243,5
4501,虽然但是这和国内女的又有啥关系😅🙏你还附送个性别歧视???,non-hate,8.321885,1.103339,4
4098,当然是江省了,non-hate,4.5836244,4.0685844,5
5327,男性貌似是2020年才开始觉醒,non-hate,9.625209,0.9676001,4
7724,滚走不送谢谢拉黑我你就可以滚了省着我骂你了,non-hate,10.847378,3.9661138,7
2818,正常人们都去做别的事了，而沉沦于低级趣味的人还是一如既往，真是可笑啊。,non-hate,8.516143,3.4504504,2
1845,我去，我无法用语言评价了都,non-hate,10.061734,4.4678392,8
7467,我女生，已经脱敏了，男拳女拳就不能正面冲一波吗，老拉上普通男女干嘛呢,non-hate,9.852211,0.8254231,4
3028,优秀人才另当别论,non-hate,7.984162,3.717039,8
363,广东确实比江浙沪包容多了,non-hate,5.663284,3.9201236,5
5791,楼主的表情是可以的。,non-hate,10.294276,3.8724647,0
4252,真的是一整个大无语事件，不知道有没有看到我这篇回答然后剥开信息茧的男生😅,non-hate,11.398465,3.3325083,7
7081,黑市就能买到，有钱就行就是价格比较贵，要找很久，世界上还是有阴暗面的,non-hate,11.045594,3.008316,6
3558,巧了，我回上一个评论没看到您这一条，意思一样。,non-hate,11.157872,4.118318,0
1663,“地球是圆的”是一句正确的话，而“同性恋”只是一个中性词而已，真不知道怎么可以类比的,non-hate,11.4822235,0.41986796,1
637,我支持男同胞,non-hate,9.863233,1.3881816,4
995,对，我该被骗,non-hate,8.9779415,3.9692693,2
1564,而我只是对前面的人实话实说而已,non-hate,8.887304,5.577493,8
7175,很多国男喜欢吹的拉美中东女人喜欢国男也不是国男个个alphamale而是靠着韩国男团输出kpop洗脑，所以普通国男跟着沾光,non-hate,8.11788,0.9137076,4
7382,硬要说的话，大概是三观不合，肯定没有共同语言吧。我个人觉得三观匹配比其他的都重要。,non-hate,10.5394745,1.149073,6
6683,在台湾人眼里，中国好像就他们一个岛。,non-hate,6.719749,2.6415713,2
7966,可拉倒吧，打小报告都来了，你们思政指导都是吃干饭的是吧？还小报告。怕是成天嘴不干净找挨揍的主🤣编也编像点，这长那长的找你谈话就不嘚瑟了🤣,non-hate,10.28963,3.5133727,6
7031,别把河童的图片放上来。。。,non-hate,10.703083,3.0160358,7
3081,请问你是自己见过，还是经历过？,non-hate,9.14584,4.704898,0
1254,你们还是先担心担心反同恋吧吧，票数只有我们的一半以下,non-hate,11.636885,1.1534986,1
5895,甘肃人躺地流泪,non-hate,4.5582643,3.1879268,5
1907,不是，我去过2次上海，真没遇到过😅,non-hate,4.781135,5.0295873,5
1632,起码一首古风歌曲跟同性恋关系也扯不上，你可以支持同性恋，但请别传播，因为大部分人还是异性恋🤔，谢谢,non-hate,11.063825,0.72285885,1
4619,上海人是真的看不起外地人??,non-hate,4.808683,4.950814,5
4831,男权吧和女权吧都发一遍那楼主能不能把聊天记录截全了啊,non-hate,9.846998,0.96224034,4
7839,真不知道那个弱智会看上这种人,non-hate,9.68674,3.7946465,2
5703,哎，怎么说呢！早习惯了！年轻时候会想争辩，现在么，想想今天吃啥还来的更加实际过好自己的生活，待人接物礼貌，工作努力积极，有能力再帮助下，看到地域黑的帖子笑一笑！毕竟生活是自己在过的！😂😂😂,non-hate,6.2848444,3.3866646,5
7736,第一次听这故事就觉得不对劲了，你这驴子许愿就非得要主人？奴隶惯了吗,non-hate,10.941174,2.973265,7
2437,所以大家要团结起来对付这帮地域黑喷子，而不是黑不到自己时就成为帮凶😄,non-hate,6.4910455,3.3162627,2
4525,黑人自己都不看。,non-hate,6.9822617,1.2750076,3
7650,你就别幻想了，刘某，你只是个奇趣蛋。,non-hate,9.667276,5.040914,0
7922,我看看还有没有🐶出来维护他,non-hate,10.035275,3.222473,2
6617,我不是最懂，但我起码会查法西斯帝国得历史，而不像某些人一来就说什么计划😆,non-hate,8.158506,3.3057575,2
6505,有句话怎么说的来着，小人得志便猖狂,non-hate,9.143408,3.48738,6
1073,东北三亚怎么来的？,non-hate,5.4526534,4.4006915,5
3618,网络需要正气，晒出来了就少说难听的话,non-hate,11.2911,2.9416006,7
6294,人和低等动物不一样，低等到行为只受基因和本能控制，人是高等动物，有着复杂的情感思维意识，人的行为更大程度上是受后天因素影响，这就好比吸烟喝酒上瘾就很难戒掉，这跟基因无关，只是需要毅力来克服，自我愿不愿意去改变，而非不能改变,non-hate,10.728949,1.2078223,6
2175,但要实事求是，不能用演员和运动员比。运动员老得快，对皮肤保养这些不太在乎。应该拿尼古拉斯凯奇和郭富城这些比，这样才比较好证明。,non-hate,10.074162,2.2487864,6
5000,单身主义者看戏,non-hate,10.717547,1.6884147,4
5226,因为黑龙江人近代移民比例更多，向外跑的也更多。,non-hate,5.633993,4.253875,5
1255,以后亲子鉴定希望跟验孕棒一样普及,non-hate,9.424297,1.3855196,8
1712,送动物园或回归自然才是对它最大的爱,non-hate,10.839019,5.394969,8
4303,好家伙，这也不是值得提倡的吧？,non-hate,9.45319,3.8878,2
3333,张国荣说过：男也好，女也好，我中意就好，同性恋没什么我觉得，反而可能会比男女要更幸福，我反而还很看好这个同，我身边就有很多，他们炒鸡炒鸡幸福哈哈，真的是很羡慕了,non-hate,11.216761,0.5058935,1
5584,你形容的好生动,non-hate,9.151968,5.348489,0
5384,我们河北……地域黑都黑布到,non-hate,5.326828,3.5089262,5
7931,穷不过三代，俺们这些底层断子绝孙的考虑几百年后事情干什么🐶,non-hate,8.983783,0.0945679,6
7602,上面的骚操作不是一波两波。,non-hate,8.351978,4.0402617,8
6487,想找个,non-hate,10.500674,2.5421932,8
4247,吃狗肉当然没有什么危害社会只可惜了危害社会的人反而不自知，比如随意引战恶意最大化污名化,non-hate,11.23639,5.3490853,6
7792,这b算是废了,non-hate,9.870197,3.8457108,7
7756,太惨了，别在意，那些人都是个der,non-hate,8.608965,3.30806,2
6421,日本人踩雷了成本才大😅,non-hate,4.7908187,4.603856,2
6342,国内国外都有反对的吧。。。只是国外比较开放 。。。,non-hate,7.8171644,2.2591145,3
6913,这是敌人才会说的话,non-hate,8.766675,4.029365,2
6811,女性结婚无法拒绝需求很不合理，这个好,non-hate,9.116072,0.38222784,4
5021,贵州也没话讲,non-hate,4.8897734,3.4860392,5
2981,内卷到最后，就越来越有六镇起义那味道了,non-hate,7.6228447,3.0241065,2
685,这司机长得还行啊,non-hate,9.9024315,2.7880948,8
2098,啊这你从哪看出来他们是东北人的啊？,non-hate,5.5114064,4.390056,5
5026,不是什么最后。只有人权没有其他拳种。没有什么拳种可以，乃至配凌驾于人权。南拳，旅拳互殴随意。僭越人权就该收到社会谴责，法律重拳。,non-hate,8.651922,2.1875668,6
6727,莫言书里写自己十岁以前活得跟猪狗一样。然后网民翻出他儿时的照片，衣着干净，白白胖胖。,non-hate,7.965043,2.6087348,6
7415,这个我试过 真心听不懂 我同学坐火车从南京到太原 我给他打电话 他说了两分钟我一东北人根本听不懂 下车二十分钟他改回来了,non-hate,5.5122476,4.355477,5
6228,计划生育80年代发生的。我们这大概70年代末（乡下）。所以我们这80-90几乎都是独生子女，不论城市还是乡下。我同学里有兄弟姐妹的屈指可数。这里是东部沿海，如今当地人口稀少，本地人特别少。分配财产子女都有份。我父母那代就不存在重男轻女（他们60后），也不存在全职太太。所以中国很大，很多事情我是成年后到其他地方才知道是真的。所以也意识到好像女拳打的世界和我认知的不太一样。她们或真的生在水深火热，或只是根据别人的经历打拳。,non-hate,9.472515,0.20409942,4
7245,可惜亚裔不会反抗，也不团结，要不然不会演变成如今的局面,non-hate,7.40994,2.4250424,3
7005,劝你从良把图删了,non-hate,10.741857,3.6359751,7
6562,知乎早就沦陷区了，别说知乎，现在贴吧大本营都岌岌可危,non-hate,11.535866,3.441557,6
3252,弱势群体为什么不能反击？不是每个弱势群体的人都应该因为弱势而就懦弱或者不能以眼还眼。,non-hate,8.73951,2.5466437,6
7875,这男的父母看见我想这老师会被打死,non-hate,9.538796,2.7531226,2
2477,我同意！我同意,non-hate,9.074644,5.70589,8
2840,这个事情就是信誉受损问题，男的也知道不是全部女生都会找黑人，但是信誉受损以后 修复时间很长。,non-hate,8.316605,0.99734277,4
6496,苏北并不等于江苏，上海人是苏南人的种而不是苏北人的,non-hate,4.3530364,4.685116,5
1721,自己才能拯救自己，社会就是这样，不努力是不行的,non-hate,8.734439,3.1068625,6
6537,放心，大部分女的一开始也都是这么想的,non-hate,9.3424225,1.5711501,4
6936,这钓鱼的水准不行啊，钩太直了,non-hate,12.249924,3.0760005,7
3409,不是推的，是在知乎上直接搜的??所有的我都搜了，真的感觉对河南人现在挺友善了,non-hate,4.482489,2.946502,5
1214,要和黑人哥们搞好关系,non-hate,6.956145,1.3869154,3
2396,半斤八两哪个重？,non-hate,9.65777,4.1714563,8
4567,现实中安徽还好点，江西和苏北八竿子打不着的地方，互相完全不了解，也就网上那少部分人带节奏吧,non-hate,4.353754,4.2891636,5
4062,都没人看了，类似的太多了，好朋友。我们市的大学也这样做过很多事，但热度是0。可想而知这是普遍现象了。大家习以为常,non-hate,6.858749,4.2060275,6
4331,一脸问号？我是广东人知乎就给我推了这个回答 答主不懂不要乱说好吧🐶🐶,non-hate,5.9517026,3.611106,5
7885,管啥这种人死了都不值得可怜,non-hate,9.588929,3.4993572,2
5873,重男轻女是存在的，但那也是因为计划生育导致女生出来不了,non-hate,9.195775,0.33181962,4
891,微博吗？再正常不过了,non-hate,11.626829,2.886093,7
3795,詹姆斯四肢发达，身体强壮。在古代能以一敌百。大家觉得给诸葛亮一万詹姆斯能统一三国吗？,non-hate,9.987783,2.1897295,8
5203,🤣对了我只是尝试解释，至于我，我都不接受不理解不接触,non-hate,10.07214,4.280028,2
5331,?四川还好啊 怎么感觉你这夹带私货呢😢,non-hate,5.601642,3.2782013,5
7705,鼠鼠被俺整急了,non-hate,11.198889,4.9441442,7
4448,你这逻辑就不对！河南现在被黑，有人出来说话，前提不是河南还是被黑？不是河南人，你们根本不知道河南人被黑的情况。拜托不要慷他人之慨！,non-hate,4.3900466,2.8021438,5
1240,这货删帖了，不好发挥啊,non-hate,11.973642,3.9448082,7
405,那反过来问吧，中国女孩子嫁到日韩呢,non-hate,8.131347,0.77503324,4
4595,夫夫都很帅,non-hate,9.906836,2.314086,8
3521,江西人表示MMP,non-hate,4.816317,4.2934275,8
1893,一时间敌我如此相仿,non-hate,8.790125,4.162461,8
6646,我高中那会至少四分之三，我们班基本全是,non-hate,7.928547,3.9938712,8
4491,这明显是综艺节目啥的恶搞吧...,non-hate,9.902395,4.206956,7
1866,现在很多的视频啊啥的，都是用耽美作为噱头。好多未成年小朋友不是因为喜欢同性，还是因为受了信息互联网的影响，觉得潮流🙁,non-hate,10.95047,1.097693,1
2609,歧视别人就别怪别人骂。斗争都是相互的。,non-hate,8.367389,2.7163117,6
7800,你是🐷脑么?百姓有钱谁去打厂？,non-hate,7.2587504,3.2956753,2
4956,真正的同性恋是先天影响比例很大。他们也无法决定。就因为他们是同性恋所以就要歧视他们？？你还有没有点道德？？如果他是你的亲人你还要杀了他？？,non-hate,11.234454,0.45346767,1
2552,蝴蝶鸡是什么,non-hate,7.3461156,1.7883759,8
3890,愿意啊，至少得给孩子一个完整的家,non-hate,8.82945,0.3150331,4
6566,你有什么问题吗 现代女生也接受教育进入职场工作了 本来就不是夫唱妇随了 想在哪里生活人家自己选择 与别人何关 是要你买房子了还是,non-hate,9.280333,0.06630528,4
1223,这个总能刷到,non-hate,10.149987,4.215161,8
7779,你才jb瞎，全国就这么几个省发电量大于用电量，能做到大量外送电的四川是出于最优越的位置，蛇皮东西，真想把高压电线拉你身上给你醒醒脑花傻呗tui,non-hate,5.247863,3.3642995,5
1288,这家伙也够倒霉的,non-hate,9.760959,3.3720422,2
1295,敌特就在身边,non-hate,8.645377,4.073089,2
6899,差不多得了吧，我家就在大学城这，哪有你说的这么夸张😓,non-hate,6.563792,3.8553522,6
2453,广州已经偷偷抓三非黑人几个月了，现在逐渐放在阳光下了。,non-hate,6.7212186,1.9177212,3
864,那你知道安徽人在微博怎么过的吗？,non-hate,4.3142605,4.180913,0
3192,1.刚才在讨论的是你厌恶同是不是天生的，我即使证明同是天生的，也和你厌恶同是不是天生这个问题没有因果关系。2.“先天”这个概念有很多，“从娘胎里就有的”、“基因决定的”“不被社会等人为因素操控的”“自然的”……这些都是“天生”。,non-hate,11.250094,0.43125534,1
3611,男人不坏，,non-hate,9.978244,2.1439557,8
2316,哪种行为，同性恋就是基因里带着的，就像每个人长的不一样，。,non-hate,11.30346,0.33092538,1
2567,广州挺多，白天黑人少，晚上出来的多，非法滞留的很多，应该是怕被遣返吧，没有上层发言的话，问题应该越来越严重！,non-hate,6.4487815,3.1005275,5
7777,好吧，你说是就是吧，不过你的一切将被伪娘掠夺,non-hate,9.4642315,5.155942,0
7840,就是这个垃圾，天天刷屏,non-hate,11.098216,4.081066,7
2866,尤其是那段引用，绝！,non-hate,8.831964,5.4083695,8
5649,第一产业就业转移第三产业这么多，说明新的女性劳动力逐步脱离第一产业，男性还是真的惨,non-hate,9.382221,0.31403846,4
4947,俺也一样😜,non-hate,8.323137,2.800981,8
3928,你发这些什么目的,non-hate,9.91038,4.579946,0
7729,我已经胖的走上了不归路了！还发吃的！你是多恶毒啊！于是我决定今天晚上去吃潮汕火锅安慰自己！辣火锅太提胃口了！！,non-hate,10.549599,5.1078424,7
6313,这也是我认为的感性，我认为的感性就是人总是趋向于自我强化而不是打破自我。,non-hate,8.835685,3.0555708,8
3169,我想回个嘿嘿嘿嘿。。。感觉好押韵,non-hate,10.617666,4.1502376,8
6149,有些还是要一分为二说的，比如如果找的是欧美男友，那就肯定有游艇，包括车房这种小case自然也不在话下,non-hate,8.422725,0.8276746,4
7147,有些男的就确实可以分分钟买的呀,non-hate,10.1706295,1.9986315,8
6227,但是你的问题本身也是在外娶范畴里的，我说外娶数据本身也没问题啊。你想说的不就是男人娶了也去非洲吗？那我告诉你，与非洲女性维持婚姻关系的男性，基本都是在当地的华企员工，且基本都在当地国家登记。你还有什么问题吗？,non-hate,7.983453,0.8684878,4
6192,东南亚对中国男应该蛮友好 欧美发达国家女生对中国男… 我说各位要提高个人魅力主动一些 不光是钱 怎么了？当然不能像你一样 素质要高一些 可惜很多人都不能在自己身上找原因啊,non-hate,8.175857,0.9935528,4
2385,這男的據說好像還原諒了她，不理解,non-hate,9.877143,2.3407984,4
2037,作为河南人真的很心塞😭,non-hate,4.449736,2.7080564,5
5844,你描述的是江浙沪三姐妹强行代表所有南方地区挑事的日常,non-hate,5.580144,4.014015,5
4997,这个不是出租车,non-hate,10.235495,3.6216884,8
1019,事乌兰察布把澳门拉下水了（悲）,non-hate,5.1060185,3.326332,2
5863,体育运动改变不了一个国家的国运。巴西五冠王有何用世界话语权根本没有。,non-hate,7.2830806,2.919334,3
5114,他自称，想演变态同性恋，他是反同态度吗？,non-hate,11.610739,0.8770182,1
3793,我也会脱皮,non-hate,8.873618,2.6417027,8
6850,当年西北三线建设东北人去支援大西北的老鼻子了，我爷爷当年东北国企业务员基本西北大城市都跑个遍。,non-hate,5.43345,4.4737883,5
2836,那教主怎么反“女本位”。你说吧。,non-hate,9.3974495,0.9837302,4
4039,你不妨说得更明白一点,non-hate,9.06385,5.289371,0
7438,他和他们的孩子以后还会做流星😜因为没家,non-hate,9.466293,2.816057,2
4488,而且网民根本不会过问你之前经历了多少，只会拿一句【不管怎么说也不能打人】来否认你之前承受过的所有折磨，【不能打人】这一句就是【无论如何都是你有罪】的最大筹码,non-hate,8.689892,2.3414924,6
7925,别一个个评论下面蹦哒说东北人把张学良当英雄了，我们东北这也是辩证看待张学良的，身边人没有把他当英雄的，都当他是有功有过的人。不过你眼界短不怪你，多了解了解再来说话。,non-hate,5.9188776,4.6307573,5
7720,这货下海吧,non-hate,12.036399,3.638622,7
6478,安徽咋又莫名其妙的自称自己是被黑的重灾区了？网上没见到过啊？是因为六六给安徽招黑的吗？,non-hate,4.3562946,3.8599308,5
2495,我觉得，你可以在淘宝开定制戒指服务，接单给小黑做，你这等于有一个几百个小工的工厂啊,non-hate,11.094012,2.9550533,7
4767,王心凌多好看，我喜欢这种的。。。,non-hate,10.173603,2.5066082,8
3353,确实需要改变择偶观，纸片人不香吗,non-hate,10.50291,1.8162911,4
7648,活该，谁叫你们接盘的,non-hate,9.98931,3.3903825,7
6951,可是同性恋不是出于一种选择,non-hate,11.352704,0.4533166,1
1818,？你怼人怼错地方了吧，我没提东北吧，我也没说什么粮食啊，你在干嘛啊，,non-hate,5.80025,4.3789473,5
7578,这个企鹅号搜不到啊,non-hate,11.541376,3.3626795,7
2312,那你这么说了 那我就批判吧 赞美是肯定不可能的了,non-hate,9.251777,3.5233004,2
5192,你把广东放在什么地方了,non-hate,5.490995,3.6739147,5
1101,上网那么久就没见过西藏和青海的网友-_-||,non-hate,5.5336485,3.4833748,5
2060,【注意】非洲源头奥密克戎变异株Ba.5已传至陕西省西安市。,non-hate,5.180959,3.3622,3
6323,哪里都有好坏人，按地图分辨的非蠢即坏,non-hate,6.5540404,3.1108618,3
7905,牛头人听说自己女朋友跟别人玩的花还很兴奋,non-hate,11.216133,2.2077832,7
7619,我愿意，然后我压断ta的脖子,non-hate,9.949102,3.2562046,2
3807,赵丽蓉怎么了？赵丽蓉老师还是非常正气的。中央台一直被北京人和东北人霸占着来黑南方人，但赵丽蓉老师应该是不懂他们的话术。,non-hate,6.12085,3.6076577,5
3106,话说我还挺喜欢东北人啊。我遇见的几个东北人都搞笑的不行，人员也很好。坐标河南,non-hate,5.676025,4.6455536,5
2300,戳到了某些人的痛点,non-hate,9.033711,3.6419113,2
5618,由于随缘删帖的存在，贴吧是个没有前途的地方，不适合在此发长文走出去吧，去知乎，去微博，多平台共同发展,non-hate,11.902899,3.5185432,6
2064,中非混血！,non-hate,7.2548037,1.4696097,3
356,美国内战的阴云,non-hate,7.604513,2.6476662,2
7975,以偏概全的啥b太多，脑子发育不完全🙂,non-hate,8.638591,1.7249418,6
6632,这老头说的有理有据，支持！,non-hate,9.198406,5.6925554,8
2729,所以，你掺和别人家务事做什么。,non-hate,9.583846,3.918676,0
543,安徽是泄洪区，上游的水最后都跑到安徽了,non-hate,4.512483,4.1126823,5
447,大多数都喜欢皮肤白的女生，你想多了,non-hate,9.276816,1.4488819,4
714,🤔山东咋纳，我苏觉得山东人很好相处,non-hate,4.288914,3.656878,5
2079,热知识：现在艾滋病的传播异性恋可是占主流呢,non-hate,11.192176,-0.31429303,1
4315,不要老拿西方人说事，这样不会为河南人多争取到支持。,non-hate,4.94708,2.4075987,5
7537,我们又何不是呢？那就活出身为万物之灵本该有的样子吧。,non-hate,8.399909,3.1458557,8
1382,抖音秀是什么抖音秀是什么,non-hate,11.719391,2.8675652,7
5493,你管这叫日常,non-hate,9.795398,5.0541267,0
87,给大家看看他是如何在背后阴阳怪气说我们,non-hate,9.997212,4.0811987,7
2286,任何话都有一定道理的🤣🤣🤣,non-hate,9.224226,5.6565194,8
3976,因为有相当大部分的人并不把其他地方的人当自己人,non-hate,7.196893,3.1810586,5
7953,我特么直接立地成佛,non-hate,9.641586,4.6093206,7
4903,为什么中国人打篮球，比赛双方都要请几个非裔球员？,non-hate,6.6988254,1.7992911,3
5925,黑人有奖学金还不用高考,non-hate,6.9310336,1.3340327,3
3625,血和屈辱你只能二选一。,non-hate,8.94453,4.515453,2
3320,他说认真的?,non-hate,9.494458,5.511104,0
7116,再次提醒大家：贴吧要安全地发展，言论的氛围就要往理性文明的方向走，不能容许过多严重触犯贴吧协议的言论存在。,non-hate,11.987926,3.3579822,6
1757,女性接受高等教育比例超过男性接受大学专科及以上教育的女性比例为18.0%，比男性高1.6个百分点，比2010年提高3.7个百分点；其中18-24岁女性这一比例最高，为50.9%。在接受大学本科教育者中，女性占53.6%，比2010年提高5.8个百分点。,non-hate,9.559443,0.16833816,4
6162,这也没提地域啊！提的国家😅这人发言确实 “惊人”😂,non-hate,7.0433507,3.3996217,5
2340,河南崛起已经势不可挡了。想想49年的春天吧。任何事物在崛起前，都会被各种诋毁。我们要做的是，扎扎实实做好自己。想想当年。,non-hate,4.2698264,2.9283102,5
3174,不需要注意，反正系统也会删,non-hate,11.515277,3.8880472,7
2288,来自东北的西安慢摇👍️👍️,non-hate,5.3080235,4.4463973,8
3609,为什么吃猪肉会成为黑点，不是少数民族的话吃猪肉不是很正常的一件事？,non-hate,5.715993,3.415155,3
3262,楼主别急，我先溜条?,non-hate,10.521059,3.975781,7
7723,这些渣滓确实到哪里都是渣滓。法不容情，绝不姑息。😠,non-hate,8.821049,3.439617,2
6954,河南可能会有偷盗的行为，但每个省可能都有几个人渣，所以不要以为河南人都那个样😅,non-hate,4.610982,2.4738247,5
7870,怎么哪里都有你个**,non-hate,8.809574,4.5722656,0
2158,你可以去看看，我不是会员，我发不了图片,non-hate,11.219551,3.2737527,7
7824,是特别无语，到这东西，牠不一定是亻,non-hate,10.113816,4.718838,2
2142,你这个数据是2018年的，老掉牙了,non-hate,7.2542214,3.1814325,7
7887,为你今天怂了不敢见面找借口？今天一共去了3个人，其余两人直接把车看到旁边的加油站站在校门口的就我一个人你怎么怂了啊,non-hate,10.663825,3.3163927,7
1292,凯勒奇计划，犹太人推动,non-hate,7.805239,3.2304108,3
2156,但这次海地移民入侵美边境多数人都被遣返了,non-hate,6.9921093,2.9877725,2
1187,这孩子也是刚！哈工大刚被丑国列入制裁名单，就报考哈工大👍👍👍👍,non-hate,5.9781327,4.305909,6
6984,翻墙会拉去喝茶吗？,non-hate,10.531057,4.274381,8
6340,我向那些不理智的人对你道歉,non-hate,9.327626,3.4888,2
4073,是的，任何形式的歧视都应该被杜绝,non-hate,8.267505,2.6856642,2
7763,我也只觉得你不过是一个散斌罢了😆,non-hate,9.499546,5.146243,0
4330,想要去河南，人工出货量最大的地方，那些品牌商都偷偷摸摸跟河南人造厂合作。,non-hate,4.607512,2.5486217,5
8017,奴隶姐，你又来啦？,non-hate,9.330202,4.5613317,0
7181,可是好多评论和赞同又没有了,non-hate,11.403973,3.9550068,7
7334,用一张下载的报紧回执单就可以把这只吓得一个月不敢露头,non-hate,11.191099,4.6700034,7
3968,东北不是不抵抗，是如果抵抗，日本是小，虎视眈眈的关里及南方军阀才更可怕。中国被小日本侵略输在了内斗不团结，可惜快100年过去了，国人还在内斗的路上乐此不疲,non-hate,5.9031134,4.658207,5
4023,你把西安放哪了😅,non-hate,5.080726,3.493526,0
4200,楼主回复我的那个被删了？,non-hate,11.948892,4.0545893,7
5572,现实里可不是这样的，至少我认识的安徽人民，都是不惹事，不怕事，遇到挑衅，生死看淡不服就干😄😎,non-hate,4.459164,3.924601,5
5019,是啊，我能理解你的感受。但请你保持对那些好的同性恋的基本尊重好吗？,non-hate,11.221094,0.84967715,1
7489,当然我认为恶意传播性病和艾滋的毕竟是少数，绝大多数有人性的txl恐怕也不想染上这些病。,non-hate,11.15637,-0.41621274,1
7315,"yysy,这个emoji是不是可以和羅对标了",non-hate,11.2877035,4.5634723,7
541,因为一个人讨厌一个群体本身就不正常吧，你会因为讨厌一个男同而讨厌所有男人吗,non-hate,11.353713,0.8467045,1
1434,主要是河南外出打工的人太多，再加上河南大部分都是北方人那种性格，所以印象更加令人深刻,non-hate,4.4354715,2.696927,5
6697,输出各种逆天观点都是为了恰饭呢,non-hate,10.3405905,4.6288958,7
7717,这头猪除了拉黑就是拉黑因为自己的猪脸被截了心里不平衡所以死命的要跟别人视频为了截回来别人的照片他怕别人看出来还要自导自演随手举报别人的帖子被系统删后还要故意说是别人删的在背后发帖阴阳为了让别人觉得他很厉害谁能想到用着美羊羊头像之下的脸是这样的,non-hate,11.555138,4.4804564,7
2469,对于东北人那段 太真实了😅,non-hate,5.6927924,4.8802805,8
4375,66666在b站看过一个视频，不想别人歧视，就先停止对别人的歧视,non-hate,8.128866,2.4360526,6
7877,犬现狗楼主你是变态吗？,non-hate,10.965578,5.2446046,7
870,广西不算什么吧 比起上面这几个,non-hate,4.9933815,3.69953,5
4916,知乎咋了，刷一条就是什么两性对立的话题，连评论区都出现啥对立，我人都蒙了，卸载立即推😅,non-hate,9.928814,0.64256513,4
4359,播放量好高,non-hate,10.350398,4.6258025,8
2680,小时候每次一听说聚会有我，亲戚间就会头疼，我表哥知道有我在都会直接不去，那时候太皮了,non-hate,10.064502,2.8490984,6
3014,甲：你是哪里人？乙：我是弗兰长沙人甲：请我去现场看《快乐大本营》吧,non-hate,5.173138,3.382177,5
4329,哪里都有不错的人，我家乡安徽的，黑龙江上的大学，长住在江苏，在上海也住过很长时间。总体来说就是，在哈尔滨的时候遇见过很好的东北叔叔阿姨，很大气，同学脾气也好，也遇到过坑人的，小气的，比如出租车司机。安徽就不说了，留给大家评价，江苏省，遇到过有歧视的，确实有，瞧不起北方和江北的。但是，很大一部分人还是挺好的，搞歧视的老辈人多，同龄人就很少了。上海人，坐地铁的时候口罩丢了，有个年龄大阿姨看出来了，和我说跑去买太浪费了还很贵，给我从包里拿了一个，虽然是小事，但是感觉很热心，也有好多上海朋友，虽然他们是上海的，在我面前从没说过方言，说了，我表示听不懂，他们也会道歉，很有礼貌，没有很小气瞧不起外地，这么一说。就是我觉得，概率问题，不要搞歧视。研究生准备去西安读，我觉得人肯定也不会差，就是大家戾气别那么大，我觉得只和人有关。,non-hate,5.442433,4.448349,5
1129,我们研究生专业第一是河南小姑娘，极度自律，别的不说，河南学习好的人真的多,non-hate,4.123319,3.02401,5
1567,那中国就会失去林虎将军和王德民院士,non-hate,6.9899607,3.0418172,2
4961,🤔你做过调查还是深有体会？,non-hate,9.226744,4.9158225,0
4137,女圈有不少女同,non-hate,10.334684,0.88445455,4
799,666，果然我们下一代还是明理的,non-hate,9.399972,3.1134536,8
6414,你见过有能力的男人会这么抱怨吗？,non-hate,9.146409,2.7788827,2
5600,众所周知，一般女厕所都是有格挡的，但是很多的男厕所小便池之间根本没有遮挡，虽然大家没人说，但这是很尴尬的事情。相信很多男同胞都有这样的经历，在上厕所是会尽量和别人拉开距离，即使人太多不得不和人挨着，也会尽量让自己看着前边，防止引起尴尬，难道男厕所不需要隐私空间吗？我们男同胞需要公平对待，,non-hate,10.600605,0.30165386,6
1320,打扰别人网上正常交流不可取,non-hate,11.137268,2.7007174,6
7767,关爱了她一顿，有没有人开盒啊,non-hate,9.411125,2.2467184,7
3249,新疆怎么了？,non-hate,5.181422,2.9497337,5
5453,绝不会支持你,non-hate,9.662566,3.9155786,2
839,幼稚的人才会说出狭隘无知的话，没有基本想象、理解与共情能力的人是很可怜的,non-hate,8.789558,3.299453,6
462,祖籍甘肃的新疆人进来看看你。,non-hate,4.851639,2.9786253,5
5625,你还要别人怎么样？,non-hate,9.539974,4.063913,0
2383,上帝是个啥？大家都是人你凭什么把人们分出个高低贵贱，有这个时间还不如找个工作来证明自己女性能撑起一片天而不是玩封建想靠婚姻混日子，婚姻是对双方的枷锁而不是保护,non-hate,9.55504,0.174624,4
7844,毕竟不是人人都正常。他的狗腿子例外,non-hate,10.88293,4.935942,2
1400,所以请大家激进一点，再激进一点,non-hate,8.478112,4.2796564,2
521,牛顿特斯拉达芬奇等都没有结婚,non-hate,9.486127,0.033645734,4
7137,因为主流教育都是异性恋，如果他意识到了自己喜欢同性那肯定是觉醒；其实弯变直我知道以下几种，1境域性同性恋2双性恋3骗婚；如果还有其他的自然转变，那只能说是我不知道，毕竟历史上为了改变同性恋性取向做过很多实验，只有一个疑似成功但判定失败的，如果你真的观察到了，那我建议你可以写论文试试，也许会改变世界？,non-hate,11.318172,0.3077663,1
2069,都是智人 哪儿来的物种歧视？,non-hate,7.7643976,2.3618865,3
6100,哪里都有好人(?▽?)，都有坏人。。。河南的监狱里照样也是满满的。。。,non-hate,4.998316,2.489122,5
3919,另外见义勇为是非常高尚的品格，你不能拿这个当作普遍的基本的道德标准，更不能拿这个去苛责别人，尤其是处于yp之下的受害者本人，这太离谱了,non-hate,8.751449,2.2849061,6
4372,中国人，团结一点，每个地方都有每个地方的优点，不要搞歧视，做一个正能量的人，比心理阴暗诋毁别人的人，要好太多了，心里有偏见，是不健康的,non-hate,6.5923467,3.121874,5
3981,这货改名了？,non-hate,11.886943,4.179092,7
7988,看看现实中结婚率血崩，离婚率飞天不就知道了嘴炮有什么用？,non-hate,9.710936,0.33347595,6
5270,又是动物袭击人类,non-hate,10.840635,5.391161,2
1389,我去，和我一模一样，河南籍新疆人。,non-hate,4.8562636,2.8932912,5
4417,有这样的话？如果是这样的，那就是卫辉官媒的错误。但是，你是不是在造谣。请给出网址以供查阅。,non-hate,4.791793,2.975768,5
4548,吧友们不想吃牢饭，劝你耗子尾汁,non-hate,12.098815,3.9327397,7
5719,再算上实际数据可能统计不完全来讲，可能还会高于这个数，如果你们小镇的位置靠近边境线，毒品泛滥地区，这个数据可能就不能这么算了,non-hate,7.0808997,3.268136,5
6094,前段时间看到一个清华男学生在b站发的求偶视频，这就是大陆年轻一代天花板了，只能说长得帅的没人说他哗众取,non-hate,10.223283,2.324068,6
7698,这条回答太抠脚大汉了😜,non-hate,10.82225,4.167417,7
5144,你来南方吧，南方需要你这种人才，你看下法律护着谁,non-hate,6.813459,3.7843246,5
6909,狗也有优势，猪也有优势,non-hate,11.174451,5.1756134,8
7645,你怕是想死得很难看哦！😆😆😆,non-hate,9.108757,4.6536045,0
3183,😆说得很对 你可以讨厌但是去辱骂和攻击他人就是没素质,non-hate,9.316199,2.9614606,6
4971,👍️她们大多会选择在非洲生活,non-hate,7.594545,1.4268174,3
554,我觉得你这扯淡了，我东北人从小班里满族回族朝鲜族锡伯族，见怪不怪，没人专门因为这个欺负你,non-hate,5.945611,2.9232535,3
7290,反正最后也是讲了女权的几个现象，就有你说的这个。,non-hate,9.329218,0.89865375,4
6451,山东人均也前五,non-hate,4.30608,3.5972655,5
1496,云南前十都排不上,non-hate,4.8611994,3.6553435,5
4479,他以前发主题帖说过自己是txl的事，只不过帖子删了，当时也没人在乎，没有截图,non-hate,11.716644,3.8362298,7
7256,连接(互联网)，打开推特用英文说你是个中国人，你想学阿拉伯语,non-hate,7.051564,2.4801805,3
7986,那这几千年的进步进到雕上了？,non-hate,7.683241,3.6098993,8
7923,它这家伙脑子不正常,non-hate,10.796699,4.9494433,2
6730,自己的钱，想怎么花还得给别人解释“买那个不行，不值得，性价比不高”，你就没想过那是你的钱，你想怎么花他凭什么管？别说是花一万买个电脑，我就是花一万买个内裤为什么要给你解释？更可怕的是，很多男人看着这种逻辑竟然觉得“扬眉吐气”，颇有一种奴隶偷吃了两块饼觉得自己赚了的意思,non-hate,10.22428,1.5547584,6
7058,我们这里都看不到月亮，真是无语了。但是玫瑰花月饼还挺好吃的，也不是很甜。,non-hate,6.1997056,3.2426982,5
7957,熊猪太多了，来点肌肉型男,non-hate,11.380478,4.9326835,7
1319,让你上去洗个澡再走,non-hate,9.985293,4.329086,0
7508,不以为耻，反以为荣。在中国就是重婚罪,non-hate,8.694537,0.4663094,4
2978,所以……江西还是被忘了,non-hate,4.6697164,4.181152,5
7320,巧了，我是河南籍蒙古族人,non-hate,4.8492293,2.8291535,5
5604,看你这么卖力气，特意回来给你点了个赞同,non-hate,8.912034,5.1082253,0
7950,因为网络世界和现实不一样的，网上大家可以胡bb,non-hate,11.159131,2.5278785,6
1889,现在非洲贫乏，是因为他们殖民地时代的固有思想还没有改掉，宁可求神也不肯干活。若未来非洲都出现优秀的领导者，一个为改善人民生活，提高人口素质真正为国家努力的领导者，则非洲的潜力是无限的。,non-hate,6.9371176,1.7247261,3
4737,你非要拿你妈妈来说事儿。。。。？？？,non-hate,10.021978,3.644405,0
5308,狗狗做错了什么,non-hate,11.132055,5.287434,2
5867,放心吧只要我们坚持斗争属于男性的时代终会来临,non-hate,9.681405,1.4669724,8
2702,可以说现在西方民间已经全面觉醒而现在就只差我过民间全面觉醒,non-hate,7.1783085,3.2633798,8
3952,英国牛津大学和荷兰马斯特里赫特大学的最新研究表明：“由同性伴侣抚养长大的孩子，在学校表现比异性伴侣抚养的孩子更好，并且比异性伴侣的孩子高中毕业率高出4.8%。”这项研究结果被发表在学术期刊《美国社会学评论(AmericanSociologicalReview)》上，不过牛津大学研究人员德尼·马兹雷卡伊(DeniMazrekaj)补充说：“目前研究结果仅针对荷兰，可能不适用于其他国家。,non-hate,10.991981,0.21920554,1
7960,你以为自己很聪明吗？这就好比你要让农民觉醒，不去走进群众，反而当起地主来。你的这套玩意漏洞百出下作至极，快爬吧,non-hate,10.093147,3.7759933,6
805,😆😆😆关键你没法背调,non-hate,10.462968,3.8579347,7
5828,拉入黑名单吧。避免给其他养家的司机造成不必要的麻烦,non-hate,10.783126,3.5499415,7
3139,哥们勇敢反击被挂，大家怎么评价,non-hate,10.845455,3.2087588,7
7636,帅惨惹！无情爆扫下面那个不明生物惹,non-hate,11.058467,4.726681,7
3802,带头不要脸了,non-hate,9.619355,3.292446,2
4005,梦女是什么,non-hate,9.232656,1.1016599,4
3644,去过一次新疆，河南人确实多。可能这位大姐接触过的河南人，有给她留下坏印象的,non-hate,4.8355603,2.7161465,5
4621,女性恋爱自由有什么讨论的必要吗？这不是约定俗成的吗？😅,non-hate,10.085529,0.59566647,4
5820,可是我是在反驳楼主啊 他用这句话我也用了 虽然但是 随便吧 反正是半年前的事了 我都忘记了 也谢谢你回复我,non-hate,10.564083,3.7468643,6
2506,回族都信教吗？，为什么没有吃肥肉的回民,non-hate,5.921767,2.9461212,3
3873,我不觉得是困扰，我觉得没啥问题，那些作品我只想远离😅,non-hate,11.139418,2.384519,6
6482,hiv吧一直粉饰太平，好想回到那些年的时光，感觉自己14年初那场病，应该是已经发病了。HIV吧里老说吃药后跟正常人一样，可是我对此没有信心。因为吃药一年，小毛病不断，而且明显感觉身体下降特别快，以及记忆力衰退等等。都在说不久就治愈，可是医院的医生说没可能，只能药物的改善，而且也不一定吃得上。想想就哭了。不知道吧里为什么老是要禁闭我的发言。前天，经过老城的旧街，看见一个店面新装修即将开张，里面的妈妈在布置，旁边的小女孩显示出开怀地笑容与高兴，开心地帮妈妈忙。十分活跃。这一场景让我想起了儿时，有什么节日，我总在一边开心地帮忙，那时候感觉就又种跟母亲一起弄潮，一起劳动的喜悦。可是现在，吃药后心情变得压抑，记忆衰退，每天还被药物折腾到很快就醒来，真不知道以后的路该怎么走下去，曾经的我，那么优秀，不愁吃穿，每天都可以懒懒地睡到自然醒，想不到才没2年，我就要这么痛苦地度过余生，每天都在与病魔斗争。根本体验不到生活的喜悦与开心了。连大自然的冷暖感知，都反应迟钝。。。。。,non-hate,11.083212,-0.3765809,6
2293,你一看就是江苏的,non-hate,4.2728906,4.3524957,8
1075,男人的命也是命,non-hate,9.705005,1.9819037,8
2640,阿肘真是战神啊，牛,non-hate,10.700689,4.712961,8
5251,人都这样的。否则奴隶社会怎么几千年？,non-hate,8.472625,3.2396207,6
5378,不愧是金庸先生，思想先进👍️,non-hate,8.027193,4.6242437,8
7680,所以你想表达什么？,non-hate,9.507419,4.8712096,0
5209,女性地位越来越高，男人只能认怂了，不服不行。,non-hate,9.297559,1.1996659,4
7500,我不知道 家乡对我来说没那么重要 因为我不会一直待在一个地方 global citizen 高贵的浙江人拉黑我怕挨骂吗,non-hate,4.969966,4.474341,5
4055,你以为都是好人呢？不过是懦弱加上不能明辨是非罢了，好人就该被人用枪指着这句话已经被用烂了……,non-hate,8.722419,2.6455636,2
7655,没地方拉屎的人会不会拉我家门口?,non-hate,10.889236,4.620242,7
592,你说得国是指大宋吗？😅就是被金干得皇上都没了的那个,non-hate,5.990412,3.1722806,5
2267,再见我的新郎,non-hate,8.945218,0.2350195,8
3716,单纯的打磨抛光，没啥技术含量，用砂纸和磨砂头自己在家就可以,non-hate,11.069495,3.5989275,7
2879,婚纱不都是女方自己买吗？男方买西装？怎么这也能怪男方？,non-hate,8.960637,0.33367324,4
1128,你见过吗？,non-hate,9.094674,4.979445,0
6596,为什么要鼓励生育？原来是为了保护某些群体的自尊心！国家太暖心啦！,non-hate,9.414645,0.079720564,4
7239,我记得普通人好像不能移民中国😅,non-hate,6.683304,2.6007285,3
146,应该新疆切糕把新疆人名声败坏了吧,non-hate,5.1712976,2.785234,5
7654,你让我滚就滚？你怎么不滚,non-hate,10.14299,4.14076,0
3704,哈哈年度格斗场了属于是哈哈哈,non-hate,10.713898,4.69281,7
7980,所以他又怂了，放鸽子了是吧，实在不懂，明面上这头🐷信用都败光了，为啥还要信他,non-hate,10.1971855,2.589078,2
763,说实话男性也可能得这个病,non-hate,11.107635,-0.39085603,1
4066,？你要不要问问答主那人有没骚扰他，有的话我删评，没有的话你删评,non-hate,10.95886,3.5441387,6
737,演员不评价，黑豹拍的真一般，居然还拿奥斯卡了，政治正确道德绑架,non-hate,10.393338,2.213376,3
6654,你还真是个人才,non-hate,9.021776,5.308534,0
661,这件事大家抨击的是动画片，怎么变成南方北方了？谁在这挑拨离间呢？,non-hate,6.2695823,3.613249,2
7903,我还在杭州等你呢，妖怪你在哪里？,non-hate,4.7058077,4.4401937,0
6938,支持作者传播正能量，让更多人知道真相。,non-hate,8.992683,3.7430832,8
7117,哇哈，终于看到自然选择这几个字了，不错不错俺点赞了,non-hate,10.981276,2.8604019,8
5942,电脑不能投票？,non-hate,10.340218,3.511825,7
769,哇你写这么多这么认真的吗,non-hate,9.660185,5.12609,0
6144,其实你是g也没啥不好的，每个人都是个独立的个体，你不同于一般人的性取向，其实也没有什么，失去的同时也会得到很多，很公平。不过已经这样了就是要既来之则安之，不需要惴惴不安，喜欢一个人没啥错，性别是相同的也不是什么错，其实不管是同还是异，辛福与否都把握在自己手中，异性恋也有很对一辈子要不到爱的，同性恋也有白头偕老的。给你推荐个人，你去看看他，会觉得好幸福,non-hate,11.021094,0.61798596,1
4996,这盛世如你所愿,non-hate,8.878312,4.8795443,8
431,东莞很好啊😎,non-hate,5.526136,3.8017333,5
1611,于是，本人替他们总结了三点。,non-hate,8.884645,4.3397856,8
2157,刀收不住了，厚葬友军😆,non-hate,9.044628,4.155373,2
5744,大众缺乏个人实现的途径，意味着社会在固化,non-hate,8.393946,3.2235699,2
7892,在现实中很好理解。你什么水平，周围的人大多也是什么水平。所以矿渣就不要想着能淘到金子。,non-hate,10.082847,2.981787,6
1642,她没说错……,non-hate,9.200933,2.2302177,8
437,美黑不会加入中国籍,non-hate,6.919806,1.2320039,3
6223,你可以取消“粉丝”啊,non-hate,11.391714,3.7973626,7
7646,我的好几个贴，都被删除了，会不会是这玩意举报的？,non-hate,12.109076,3.9237916,7
1439,没办法，我们黑龙江人口流失严重不说还不靠海岸线邻国也只有人烟稀少的俄罗斯远东 姥姥不疼舅舅不爱了属于是,non-hate,5.4995236,4.406742,5
2447,这是东南亚裔的苗族人,non-hate,6.459349,2.3809028,3
7711,你倒是挺会装的,non-hate,9.118365,5.3478756,0
3443,骂她啊，别怂,non-hate,9.38581,2.3443952,0
6212,这篇文章简单提及了日本和韩国女权,non-hate,9.09373,0.8661006,4
6628,真的要我放一张东亚小女孩和白人小女孩的照片打他脸吗,non-hate,7.8543115,1.158032,3
7183,什么时候被西方zzzq洗脑就是高知了🤣，思想前卫=lkd？🤣学历之类的不清楚，姣好面容这一点，我觉得自己也算阅片无数了，怀疑你没见过女人🤣,non-hate,9.862777,1.9879882,6
4308,再次提醒一下某些单纯的朋友，百度百科、抖音、知乎（这个算是其中比较靠谱的）的某些文章，基本都只能当个乐子看看，莫当真。,non-hate,11.4702215,3.2127864,6
1036,你能说出这样的话，我就能断定，你一定不会是反串,non-hate,9.326198,5.3393364,0
7649,你这个**还想当吧主,non-hate,12.213474,3.963936,7
695,我安徽竟然没有被黑,non-hate,4.42493,3.806113,5
938,四分之一还不多？那上海全是苏北人好了，不叫上海改叫苏北,non-hate,4.4230704,4.7672415,5
759,小心酒吧营销的那种,non-hate,11.265963,3.4467356,7
1995,我就是不婚主义者，个人自由选择，反正人这辈子结婚生子就是在赌博，也没啥意义！,non-hate,9.2649145,-0.07513712,4
3092,你可以申请吧主,non-hate,12.212229,3.8552072,7
3242,而且你还别忘了阿富汗女性会援助韩女的！然而俩男种族主义彼此敌对！,non-hate,8.746162,1.0405754,3
1068,抱歉，父系社会当然是嫁鸡随鸡，入国籍了，嫁给中国人入中国籍。,non-hate,8.292234,0.6241094,4
2511,其实大家都是男人，哪有什么正不正常的，只不过是性取向不同罢了，我也是啊，但我觉得我性格就是普通男孩子的性格，就是人有点孤僻😄,non-hate,10.747342,0.6547483,1
7834,以及一切为他洗白的狗腿子,non-hate,10.935118,4.918724,2
2828,我是不支持男女平等，本来男女就存在差异，何必搞得那么极端，这口号就喊的不现实，互相尊重就行了，不行就开撕，别扯平等。,non-hate,9.585873,0.41952148,4
3775,瘫痪男子在家8天被饿死，妻女被判刑，到现在，都没有热搜，男性要是婚姻得益者，怎么还有饿死的？就知乎火了,non-hate,9.463891,0.22976172,4
7517,额 这个东北火车站的小偷还真不是东北人😅这两年已经看不到了,non-hate,5.4677067,4.5863023,5
4090,已婚人士感觉不太适合讨论这个话题。😅但是就个人感觉上是无论如何都不能接受的。,non-hate,10.15409,0.5560189,4
3072,这个可以有,non-hate,9.81871,4.5855064,8
5945,成都人做的事与四川无关😓不要乱绑定😆,non-hate,5.6264744,3.2214353,5
