contrast_id,cross_query,human_stratum_validation_required,ncc_background_cancels,role,terms,main_effects,main_directions,all_five_directions_agree_resolved,all_single_probes_agree_with_ncc,all_leave_one_out_agree_with_ncc
FD-3169-Q01-F1-O-delta,False,False,False,within_query_word_pair,"[{""coefficient"":-1.0,""condition_id"":""FQD-FD-3169-Q01-F1-O-A""},{""coefficient"":1.0,""condition_id"":""FQD-FD-3169-Q01-F1-O-H""}]","{""ab_forward/answer_sum"":0.9176864624023438,""ab_reverse/answer_sum"":2.2586326599121094,""ncc"":0.2712208040550532,""original/answer_mean"":0.15081685384114585,""original/answer_sum"":0.5850830078125}","{""ab_forward/answer_sum"":""positive"",""ab_reverse/answer_sum"":""positive"",""ncc"":""positive"",""original/answer_mean"":""positive"",""original/answer_sum"":""positive""}",True,True,True
FD-3169-Q01-F1-P1-delta,False,False,False,within_query_word_pair,"[{""coefficient"":-1.0,""condition_id"":""FQD-FD-3169-Q01-F1-P1-A""},{""coefficient"":1.0,""condition_id"":""FQD-FD-3169-Q01-F1-P1-H""}]","{""ab_forward/answer_sum"":0.08503341674804688,""ab_reverse/answer_sum"":-0.4123077392578125,""ncc"":-0.057619231290709116,""original/answer_mean"":-0.17350819905598963,""original/answer_sum"":-0.8220748901367188}","{""ab_forward/answer_sum"":""positive"",""ab_reverse/answer_sum"":""negative"",""ncc"":""negative"",""original/answer_mean"":""negative"",""original/answer_sum"":""negative""}",False,True,True
FD-3169-Q01-F1-X1-delta,False,False,False,within_query_word_pair,"[{""coefficient"":-1.0,""condition_id"":""FQD-FD-3169-Q01-F1-X1-A""},{""coefficient"":1.0,""condition_id"":""FQD-FD-3169-Q01-F1-X1-H""}]","{""ab_forward/answer_sum"":-0.6593780517578125,""ab_reverse/answer_sum"":-1.3454704284667969,""ncc"":-0.1993371664560044,""original/answer_mean"":-0.30305353800455725,""original/answer_sum"":-1.2598686218261719}","{""ab_forward/answer_sum"":""negative"",""ab_reverse/answer_sum"":""negative"",""ncc"":""negative"",""original/answer_mean"":""negative"",""original/answer_sum"":""negative""}",True,True,True
FD-3169-Q01-F1-P2-delta,False,False,False,within_query_word_pair,"[{""coefficient"":-1.0,""condition_id"":""FQD-FD-3169-Q01-F1-P2-A""},{""coefficient"":1.0,""condition_id"":""FQD-FD-3169-Q01-F1-P2-H""}]","{""ab_forward/answer_sum"":0.5410308837890625,""ab_reverse/answer_sum"":-0.46569061279296875,""ncc"":-0.034930653400797596,""original/answer_mean"":-0.15306345621744794,""original/answer_sum"":-0.7277755737304688}","{""ab_forward/answer_sum"":""positive"",""ab_reverse/answer_sum"":""negative"",""ncc"":""negative"",""original/answer_mean"":""negative"",""original/answer_sum"":""negative""}",False,False,True
FD-3169-Q01-F1-X2-delta,False,False,False,within_query_word_pair,"[{""coefficient"":-1.0,""condition_id"":""FQD-FD-3169-Q01-F1-X2-A""},{""coefficient"":1.0,""condition_id"":""FQD-FD-3169-Q01-F1-X2-H""}]","{""ab_forward/answer_sum"":-1.2065811157226562,""ab_reverse/answer_sum"":-1.1779670715332031,""ncc"":-0.2279883210995246,""original/answer_mean"":-0.34035237630208337,""original/answer_sum"":-1.3858413696289062}","{""ab_forward/answer_sum"":""negative"",""ab_reverse/answer_sum"":""negative"",""ncc"":""negative"",""original/answer_mean"":""negative"",""original/answer_sum"":""negative""}",True,True,True
FD-3169-Q01-F1-P1-X1-sH,False,False,False,scope_matched,"[{""coefficient"":-1.0,""condition_id"":""FQD-FD-3169-Q01-F1-P1-H""},{""coefficient"":1.0,""condition_id"":""FQD-FD-3169-Q01-F1-X1-H""}]","{""ab_forward/answer_sum"":2.9599647521972656,""ab_reverse/answer_sum"":1.6321182250976562,""ncc"":0.24788153376714517,""original/answer_mean"":0.2740262349446615,""original/answer_sum"":1.2681159973144531}","{""ab_forward/answer_sum"":""positive"",""ab_reverse/answer_sum"":""positive"",""ncc"":""positive"",""original/answer_mean"":""positive"",""original/answer_sum"":""positive""}",True,True,True
FD-3169-Q01-F1-P1-X1-sA,False,False,False,scope_matched,"[{""coefficient"":-1.0,""condition_id"":""FQD-FD-3169-Q01-F1-P1-A""},{""coefficient"":1.0,""condition_id"":""FQD-FD-3169-Q01-F1-X1-A""}]","{""ab_forward/answer_sum"":3.704376220703125,""ab_reverse/answer_sum"":2.5652809143066406,""ncc"":0.38959946893244046,""original/answer_mean"":0.4035715738932292,""original/answer_sum"":1.7059097290039062}","{""ab_forward/answer_sum"":""positive"",""ab_reverse/answer_sum"":""positive"",""ncc"":""positive"",""original/answer_mean"":""positive"",""original/answer_sum"":""positive""}",True,True,True
FD-3169-Q01-F1-P1-X1-I,False,False,False,scope_matched,"[{""coefficient"":1.0,""condition_id"":""FQD-FD-3169-Q01-F1-P1-A""},{""coefficient"":-1.0,""condition_id"":""FQD-FD-3169-Q01-F1-P1-H""},{""coefficient"":-1.0,""condition_id"":""FQD-FD-3169-Q01-F1-X1-A""},{""coefficient"":1.0,""condition_id"":""FQD-FD-3169-Q01-F1-X1-H""}]","{""ab_forward/answer_sum"":-0.7444114685058594,""ab_reverse/answer_sum"":-0.9331626892089844,""ncc"":-0.1417179351652953,""original/answer_mean"":-0.12954533894856765,""original/answer_sum"":-0.4377937316894531}","{""ab_forward/answer_sum"":""negative"",""ab_reverse/answer_sum"":""negative"",""ncc"":""negative"",""original/answer_mean"":""negative"",""original/answer_sum"":""negative""}",True,True,True
FD-3169-Q01-F1-P1-X1-C,False,False,False,scope_matched,"[{""coefficient"":-0.5,""condition_id"":""FQD-FD-3169-Q01-F1-P1-A""},{""coefficient"":-0.5,""condition_id"":""FQD-FD-3169-Q01-F1-P1-H""},{""coefficient"":0.5,""condition_id"":""FQD-FD-3169-Q01-F1-X1-A""},{""coefficient"":0.5,""condition_id"":""FQD-FD-3169-Q01-F1-X1-H""}]","{""ab_forward/answer_sum"":3.3321704864501953,""ab_reverse/answer_sum"":2.0986995697021484,""ncc"":0.3187405013497928,""original/answer_mean"":0.33879890441894533,""original/answer_sum"":1.4870128631591797}","{""ab_forward/answer_sum"":""positive"",""ab_reverse/answer_sum"":""positive"",""ncc"":""positive"",""original/answer_mean"":""positive"",""original/answer_sum"":""positive""}",True,True,True
FD-3169-Q01-F1-P2-X2-sH,False,False,False,scope_matched,"[{""coefficient"":-1.0,""condition_id"":""FQD-FD-3169-Q01-F1-P2-H""},{""coefficient"":1.0,""condition_id"":""FQD-FD-3169-Q01-F1-X2-H""}]","{""ab_forward/answer_sum"":3.271739959716797,""ab_reverse/answer_sum"":2.8345985412597656,""ncc"":0.2687264864652539,""original/answer_mean"":0.3238189697265625,""original/answer_sum"":1.5010833740234375}","{""ab_forward/answer_sum"":""positive"",""ab_reverse/answer_sum"":""positive"",""ncc"":""positive"",""original/answer_mean"":""positive"",""original/answer_sum"":""positive""}",True,True,True
FD-3169-Q01-F1-P2-X2-sA,False,False,False,scope_matched,"[{""coefficient"":-1.0,""condition_id"":""FQD-FD-3169-Q01-F1-P2-A""},{""coefficient"":1.0,""condition_id"":""FQD-FD-3169-Q01-F1-X2-A""}]","{""ab_forward/answer_sum"":5.019351959228516,""ab_reverse/answer_sum"":3.546875,""ncc"":0.4617841541639809,""original/answer_mean"":0.5111078898111979,""original/answer_sum"":2.159149169921875}","{""ab_forward/answer_sum"":""positive"",""ab_reverse/answer_sum"":""positive"",""ncc"":""positive"",""original/answer_mean"":""positive"",""original/answer_sum"":""positive""}",True,True,True
FD-3169-Q01-F1-P2-X2-I,False,False,False,scope_matched,"[{""coefficient"":1.0,""condition_id"":""FQD-FD-3169-Q01-F1-P2-A""},{""coefficient"":-1.0,""condition_id"":""FQD-FD-3169-Q01-F1-P2-H""},{""coefficient"":-1.0,""condition_id"":""FQD-FD-3169-Q01-F1-X2-A""},{""coefficient"":1.0,""condition_id"":""FQD-FD-3169-Q01-F1-X2-H""}]","{""ab_forward/answer_sum"":-1.7476119995117188,""ab_reverse/answer_sum"":-0.7122764587402344,""ncc"":-0.193057667698727,""original/answer_mean"":-0.1872889200846354,""original/answer_sum"":-0.6580657958984375}","{""ab_forward/answer_sum"":""negative"",""ab_reverse/answer_sum"":""negative"",""ncc"":""negative"",""original/answer_mean"":""negative"",""original/answer_sum"":""negative""}",True,True,True
FD-3169-Q01-F1-P2-X2-C,False,False,False,scope_matched,"[{""coefficient"":-0.5,""condition_id"":""FQD-FD-3169-Q01-F1-P2-A""},{""coefficient"":-0.5,""condition_id"":""FQD-FD-3169-Q01-F1-P2-H""},{""coefficient"":0.5,""condition_id"":""FQD-FD-3169-Q01-F1-X2-A""},{""coefficient"":0.5,""condition_id"":""FQD-FD-3169-Q01-F1-X2-H""}]","{""ab_forward/answer_sum"":4.145545959472656,""ab_reverse/answer_sum"":3.190736770629883,""ncc"":0.3652553203146174,""original/answer_mean"":0.4174634297688802,""original/answer_sum"":1.8301162719726562}","{""ab_forward/answer_sum"":""positive"",""ab_reverse/answer_sum"":""positive"",""ncc"":""positive"",""original/answer_mean"":""positive"",""original/answer_sum"":""positive""}",True,True,True
FD-3169-Q01-F1-O-P1-sH,False,False,False,scope_total_bridge,"[{""coefficient"":-1.0,""condition_id"":""FQD-FD-3169-Q01-F1-O-H""},{""coefficient"":1.0,""condition_id"":""FQD-FD-3169-Q01-F1-P1-H""}]","{""ab_forward/answer_sum"":-2.5371627807617188,""ab_reverse/answer_sum"":-6.329193115234375,""ncc"":-0.6523569733066856,""original/answer_mean"":-0.6945729573567708,""original/answer_sum"":-2.997528076171875}","{""ab_forward/answer_sum"":""negative"",""ab_reverse/answer_sum"":""negative"",""ncc"":""negative"",""original/answer_mean"":""negative"",""original/answer_sum"":""negative""}",True,True,True
FD-3169-Q01-F1-O-P1-sA,False,False,False,scope_total_bridge,"[{""coefficient"":-1.0,""condition_id"":""FQD-FD-3169-Q01-F1-O-A""},{""coefficient"":1.0,""condition_id"":""FQD-FD-3169-Q01-F1-P1-A""}]","{""ab_forward/answer_sum"":-1.7045097351074219,""ab_reverse/answer_sum"":-3.658252716064453,""ncc"":-0.3235169379609233,""original/answer_mean"":-0.3702479044596354,""original/answer_sum"":-1.5903701782226562}","{""ab_forward/answer_sum"":""negative"",""ab_reverse/answer_sum"":""negative"",""ncc"":""negative"",""original/answer_mean"":""negative"",""original/answer_sum"":""negative""}",True,True,True
FD-3169-Q01-F1-O-P1-I,False,False,False,scope_total_bridge,"[{""coefficient"":1.0,""condition_id"":""FQD-FD-3169-Q01-F1-O-A""},{""coefficient"":-1.0,""condition_id"":""FQD-FD-3169-Q01-F1-O-H""},{""coefficient"":-1.0,""condition_id"":""FQD-FD-3169-Q01-F1-P1-A""},{""coefficient"":1.0,""condition_id"":""FQD-FD-3169-Q01-F1-P1-H""}]","{""ab_forward/answer_sum"":-0.8326530456542969,""ab_reverse/answer_sum"":-2.670940399169922,""ncc"":-0.32884003534576234,""original/answer_mean"":-0.3243250528971355,""original/answer_sum"":-1.4071578979492188}","{""ab_forward/answer_sum"":""negative"",""ab_reverse/answer_sum"":""negative"",""ncc"":""negative"",""original/answer_mean"":""negative"",""original/answer_sum"":""negative""}",True,True,True
FD-3169-Q01-F1-O-P1-C,False,False,False,scope_total_bridge,"[{""coefficient"":-0.5,""condition_id"":""FQD-FD-3169-Q01-F1-O-A""},{""coefficient"":-0.5,""condition_id"":""FQD-FD-3169-Q01-F1-O-H""},{""coefficient"":0.5,""condition_id"":""FQD-FD-3169-Q01-F1-P1-A""},{""coefficient"":0.5,""condition_id"":""FQD-FD-3169-Q01-F1-P1-H""}]","{""ab_forward/answer_sum"":-2.1208362579345703,""ab_reverse/answer_sum"":-4.993722915649414,""ncc"":-0.48793695563380446,""original/answer_mean"":-0.5324104309082032,""original/answer_sum"":-2.2939491271972656}","{""ab_forward/answer_sum"":""negative"",""ab_reverse/answer_sum"":""negative"",""ncc"":""negative"",""original/answer_mean"":""negative"",""original/answer_sum"":""negative""}",True,True,True
FD-3169-Q01-F1-O-X1-sH,False,False,False,scope_total_bridge,"[{""coefficient"":-1.0,""condition_id"":""FQD-FD-3169-Q01-F1-O-H""},{""coefficient"":1.0,""condition_id"":""FQD-FD-3169-Q01-F1-X1-H""}]","{""ab_forward/answer_sum"":0.4228019714355469,""ab_reverse/answer_sum"":-4.697074890136719,""ncc"":-0.40447543953954046,""original/answer_mean"":-0.42054672241210933,""original/answer_sum"":-1.7294120788574219}","{""ab_forward/answer_sum"":""positive"",""ab_reverse/answer_sum"":""negative"",""ncc"":""negative"",""original/answer_mean"":""negative"",""original/answer_sum"":""negative""}",False,True,True
FD-3169-Q01-F1-O-X1-sA,False,False,False,scope_total_bridge,"[{""coefficient"":-1.0,""condition_id"":""FQD-FD-3169-Q01-F1-O-A""},{""coefficient"":1.0,""condition_id"":""FQD-FD-3169-Q01-F1-X1-A""}]","{""ab_forward/answer_sum"":1.9998664855957031,""ab_reverse/answer_sum"":-1.0929718017578125,""ncc"":0.06608253097151717,""original/answer_mean"":0.03332366943359377,""original/answer_sum"":0.11553955078125}","{""ab_forward/answer_sum"":""positive"",""ab_reverse/answer_sum"":""negative"",""ncc"":""positive"",""original/answer_mean"":""positive"",""original/answer_sum"":""positive""}",False,False,True
FD-3169-Q01-F1-O-X1-I,False,False,False,scope_total_bridge,"[{""coefficient"":1.0,""condition_id"":""FQD-FD-3169-Q01-F1-O-A""},{""coefficient"":-1.0,""condition_id"":""FQD-FD-3169-Q01-F1-O-H""},{""coefficient"":-1.0,""condition_id"":""FQD-FD-3169-Q01-F1-X1-A""},{""coefficient"":1.0,""condition_id"":""FQD-FD-3169-Q01-F1-X1-H""}]","{""ab_forward/answer_sum"":-1.5770645141601562,""ab_reverse/answer_sum"":-3.6041030883789062,""ncc"":-0.47055797051105763,""original/answer_mean"":-0.4538703918457031,""original/answer_sum"":-1.8449516296386719}","{""ab_forward/answer_sum"":""negative"",""ab_reverse/answer_sum"":""negative"",""ncc"":""negative"",""original/answer_mean"":""negative"",""original/answer_sum"":""negative""}",True,True,True
FD-3169-Q01-F1-O-X1-C,False,False,False,scope_total_bridge,"[{""coefficient"":-0.5,""condition_id"":""FQD-FD-3169-Q01-F1-O-A""},{""coefficient"":-0.5,""condition_id"":""FQD-FD-3169-Q01-F1-O-H""},{""coefficient"":0.5,""condition_id"":""FQD-FD-3169-Q01-F1-X1-A""},{""coefficient"":0.5,""condition_id"":""FQD-FD-3169-Q01-F1-X1-H""}]","{""ab_forward/answer_sum"":1.211334228515625,""ab_reverse/answer_sum"":-2.8950233459472656,""ncc"":-0.16919645428401164,""original/answer_mean"":-0.19361152648925778,""original/answer_sum"":-0.8069362640380859}","{""ab_forward/answer_sum"":""positive"",""ab_reverse/answer_sum"":""negative"",""ncc"":""negative"",""original/answer_mean"":""negative"",""original/answer_sum"":""negative""}",False,True,True
FD-3169-Q01-F1-O-P2-sH,False,False,False,scope_total_bridge,"[{""coefficient"":-1.0,""condition_id"":""FQD-FD-3169-Q01-F1-O-H""},{""coefficient"":1.0,""condition_id"":""FQD-FD-3169-Q01-F1-P2-H""}]","{""ab_forward/answer_sum"":-1.8402290344238281,""ab_reverse/answer_sum"":-6.022739410400391,""ncc"":-0.6012252223351102,""original/answer_mean"":-0.6909032185872396,""original/answer_sum"":-2.9773101806640625}","{""ab_forward/answer_sum"":""negative"",""ab_reverse/answer_sum"":""negative"",""ncc"":""negative"",""original/answer_mean"":""negative"",""original/answer_sum"":""negative""}",True,True,True
FD-3169-Q01-F1-O-P2-sA,False,False,False,scope_total_bridge,"[{""coefficient"":-1.0,""condition_id"":""FQD-FD-3169-Q01-F1-O-A""},{""coefficient"":1.0,""condition_id"":""FQD-FD-3169-Q01-F1-P2-A""}]","{""ab_forward/answer_sum"":-1.4635734558105469,""ab_reverse/answer_sum"":-3.2984161376953125,""ncc"":-0.2950737648792594,""original/answer_mean"":-0.38702290852864585,""original/answer_sum"":-1.6644515991210938}","{""ab_forward/answer_sum"":""negative"",""ab_reverse/answer_sum"":""negative"",""ncc"":""negative"",""original/answer_mean"":""negative"",""original/answer_sum"":""negative""}",True,True,True
FD-3169-Q01-F1-O-P2-I,False,False,False,scope_total_bridge,"[{""coefficient"":1.0,""condition_id"":""FQD-FD-3169-Q01-F1-O-A""},{""coefficient"":-1.0,""condition_id"":""FQD-FD-3169-Q01-F1-O-H""},{""coefficient"":-1.0,""condition_id"":""FQD-FD-3169-Q01-F1-P2-A""},{""coefficient"":1.0,""condition_id"":""FQD-FD-3169-Q01-F1-P2-H""}]","{""ab_forward/answer_sum"":-0.37665557861328125,""ab_reverse/answer_sum"":-2.724323272705078,""ncc"":-0.3061514574558508,""original/answer_mean"":-0.3038803100585938,""original/answer_sum"":-1.3128585815429688}","{""ab_forward/answer_sum"":""negative"",""ab_reverse/answer_sum"":""negative"",""ncc"":""negative"",""original/answer_mean"":""negative"",""original/answer_sum"":""negative""}",True,True,True
FD-3169-Q01-F1-O-P2-C,False,False,False,scope_total_bridge,"[{""coefficient"":-0.5,""condition_id"":""FQD-FD-3169-Q01-F1-O-A""},{""coefficient"":-0.5,""condition_id"":""FQD-FD-3169-Q01-F1-O-H""},{""coefficient"":0.5,""condition_id"":""FQD-FD-3169-Q01-F1-P2-A""},{""coefficient"":0.5,""condition_id"":""FQD-FD-3169-Q01-F1-P2-H""}]","{""ab_forward/answer_sum"":-1.6519012451171875,""ab_reverse/answer_sum"":-4.660577774047852,""ncc"":-0.4481494936071848,""original/answer_mean"":-0.5389630635579428,""original/answer_sum"":-2.320880889892578}","{""ab_forward/answer_sum"":""negative"",""ab_reverse/answer_sum"":""negative"",""ncc"":""negative"",""original/answer_mean"":""negative"",""original/answer_sum"":""negative""}",True,True,True
FD-3169-Q01-F1-O-X2-sH,False,False,False,scope_total_bridge,"[{""coefficient"":-1.0,""condition_id"":""FQD-FD-3169-Q01-F1-O-H""},{""coefficient"":1.0,""condition_id"":""FQD-FD-3169-Q01-F1-X2-H""}]","{""ab_forward/answer_sum"":1.4315109252929688,""ab_reverse/answer_sum"":-3.188140869140625,""ncc"":-0.33249873586985634,""original/answer_mean"":-0.36708424886067714,""original/answer_sum"":-1.476226806640625}","{""ab_forward/answer_sum"":""positive"",""ab_reverse/answer_sum"":""negative"",""ncc"":""negative"",""original/answer_mean"":""negative"",""original/answer_sum"":""negative""}",False,True,True
FD-3169-Q01-F1-O-X2-sA,False,False,False,scope_total_bridge,"[{""coefficient"":-1.0,""condition_id"":""FQD-FD-3169-Q01-F1-O-A""},{""coefficient"":1.0,""condition_id"":""FQD-FD-3169-Q01-F1-X2-A""}]","{""ab_forward/answer_sum"":3.5557785034179688,""ab_reverse/answer_sum"":0.2484588623046875,""ncc"":0.16671038928472148,""original/answer_mean"":0.12408498128255208,""original/answer_sum"":0.49469757080078125}","{""ab_forward/answer_sum"":""positive"",""ab_reverse/answer_sum"":""positive"",""ncc"":""positive"",""original/answer_mean"":""positive"",""original/answer_sum"":""positive""}",True,True,True
FD-3169-Q01-F1-O-X2-I,False,False,False,scope_total_bridge,"[{""coefficient"":1.0,""condition_id"":""FQD-FD-3169-Q01-F1-O-A""},{""coefficient"":-1.0,""condition_id"":""FQD-FD-3169-Q01-F1-O-H""},{""coefficient"":-1.0,""condition_id"":""FQD-FD-3169-Q01-F1-X2-A""},{""coefficient"":1.0,""condition_id"":""FQD-FD-3169-Q01-F1-X2-H""}]","{""ab_forward/answer_sum"":-2.124267578125,""ab_reverse/answer_sum"":-3.4365997314453125,""ncc"":-0.4992091251545778,""original/answer_mean"":-0.4911692301432292,""original/answer_sum"":-1.9709243774414062}","{""ab_forward/answer_sum"":""negative"",""ab_reverse/answer_sum"":""negative"",""ncc"":""negative"",""original/answer_mean"":""negative"",""original/answer_sum"":""negative""}",True,True,True
FD-3169-Q01-F1-O-X2-C,False,False,False,scope_total_bridge,"[{""coefficient"":-0.5,""condition_id"":""FQD-FD-3169-Q01-F1-O-A""},{""coefficient"":-0.5,""condition_id"":""FQD-FD-3169-Q01-F1-O-H""},{""coefficient"":0.5,""condition_id"":""FQD-FD-3169-Q01-F1-X2-A""},{""coefficient"":0.5,""condition_id"":""FQD-FD-3169-Q01-F1-X2-H""}]","{""ab_forward/answer_sum"":2.4936447143554688,""ab_reverse/answer_sum"":-1.4698410034179688,""ncc"":-0.08289417329256743,""original/answer_mean"":-0.12149963378906252,""original/answer_sum"":-0.4907646179199219}","{""ab_forward/answer_sum"":""positive"",""ab_reverse/answer_sum"":""negative"",""ncc"":""negative"",""original/answer_mean"":""negative"",""original/answer_sum"":""negative""}",False,False,True
FD-3169-Q02-F1-O-delta,False,False,False,within_query_word_pair,"[{""coefficient"":-1.0,""condition_id"":""FQD-FD-3169-Q02-F1-O-A""},{""coefficient"":1.0,""condition_id"":""FQD-FD-3169-Q02-F1-O-H""}]","{""ab_forward/answer_sum"":-1.5445308685302734,""ab_reverse/answer_sum"":-1.9857673645019531,""ncc"":-0.14866788307873646,""original/answer_mean"":-0.2690718332926432,""original/answer_sum"":-0.8510913848876953}","{""ab_forward/answer_sum"":""negative"",""ab_reverse/answer_sum"":""negative"",""ncc"":""negative"",""original/answer_mean"":""negative"",""original/answer_sum"":""negative""}",True,True,True
FD-3169-Q02-F1-P1-delta,False,False,False,within_query_word_pair,"[{""coefficient"":-1.0,""condition_id"":""FQD-FD-3169-Q02-F1-P1-A""},{""coefficient"":1.0,""condition_id"":""FQD-FD-3169-Q02-F1-P1-H""}]","{""ab_forward/answer_sum"":-1.652200698852539,""ab_reverse/answer_sum"":-2.908580780029297,""ncc"":-0.1284624828369325,""original/answer_mean"":-0.24435145060221353,""original/answer_sum"":-0.7791252136230469}","{""ab_forward/answer_sum"":""negative"",""ab_reverse/answer_sum"":""negative"",""ncc"":""negative"",""original/answer_mean"":""negative"",""original/answer_sum"":""negative""}",True,True,True
FD-3169-Q02-F1-X1-delta,False,False,False,within_query_word_pair,"[{""coefficient"":-1.0,""condition_id"":""FQD-FD-3169-Q02-F1-X1-A""},{""coefficient"":1.0,""condition_id"":""FQD-FD-3169-Q02-F1-X1-H""}]","{""ab_forward/answer_sum"":-1.6907596588134766,""ab_reverse/answer_sum"":-3.1176376342773438,""ncc"":-0.23434337169689012,""original/answer_mean"":-0.33805974324544275,""original/answer_sum"":-0.9903755187988281}","{""ab_forward/answer_sum"":""negative"",""ab_reverse/answer_sum"":""negative"",""ncc"":""negative"",""original/answer_mean"":""negative"",""original/answer_sum"":""negative""}",True,True,True
FD-3169-Q02-F1-P2-delta,False,False,False,within_query_word_pair,"[{""coefficient"":-1.0,""condition_id"":""FQD-FD-3169-Q02-F1-P2-A""},{""coefficient"":1.0,""condition_id"":""FQD-FD-3169-Q02-F1-P2-H""}]","{""ab_forward/answer_sum"":-1.6607036590576172,""ab_reverse/answer_sum"":-2.797840118408203,""ncc"":-0.13884287975984666,""original/answer_mean"":-0.25697568257649733,""original/answer_sum"":-0.8283557891845703}","{""ab_forward/answer_sum"":""negative"",""ab_reverse/answer_sum"":""negative"",""ncc"":""negative"",""original/answer_mean"":""negative"",""original/answer_sum"":""negative""}",True,True,True
FD-3169-Q02-F1-X2-delta,False,False,False,within_query_word_pair,"[{""coefficient"":-1.0,""condition_id"":""FQD-FD-3169-Q02-F1-X2-A""},{""coefficient"":1.0,""condition_id"":""FQD-FD-3169-Q02-F1-X2-H""}]","{""ab_forward/answer_sum"":-1.9920616149902344,""ab_reverse/answer_sum"":-2.8990859985351562,""ncc"":-0.19970043352628286,""original/answer_mean"":-0.3120644887288412,""original/answer_sum"":-0.9913730621337891}","{""ab_forward/answer_sum"":""negative"",""ab_reverse/answer_sum"":""negative"",""ncc"":""negative"",""original/answer_mean"":""negative"",""original/answer_sum"":""negative""}",True,True,True
FD-3169-Q02-F1-P1-X1-sH,False,False,False,scope_matched,"[{""coefficient"":-1.0,""condition_id"":""FQD-FD-3169-Q02-F1-P1-H""},{""coefficient"":1.0,""condition_id"":""FQD-FD-3169-Q02-F1-X1-H""}]","{""ab_forward/answer_sum"":0.2777442932128906,""ab_reverse/answer_sum"":0.24956512451171875,""ncc"":0.11652701106206687,""original/answer_mean"":0.14267171223958341,""original/answer_sum"":0.2491302490234375}","{""ab_forward/answer_sum"":""positive"",""ab_reverse/answer_sum"":""positive"",""ncc"":""positive"",""original/answer_mean"":""positive"",""original/answer_sum"":""positive""}",True,True,True
FD-3169-Q02-F1-P1-X1-sA,False,False,False,scope_matched,"[{""coefficient"":-1.0,""condition_id"":""FQD-FD-3169-Q02-F1-P1-A""},{""coefficient"":1.0,""condition_id"":""FQD-FD-3169-Q02-F1-X1-A""}]","{""ab_forward/answer_sum"":0.3163032531738281,""ab_reverse/answer_sum"":0.4586219787597656,""ncc"":0.22240789992202448,""original/answer_mean"":0.23638000488281263,""original/answer_sum"":0.46038055419921875}","{""ab_forward/answer_sum"":""positive"",""ab_reverse/answer_sum"":""positive"",""ncc"":""positive"",""original/answer_mean"":""positive"",""original/answer_sum"":""positive""}",True,True,True
FD-3169-Q02-F1-P1-X1-I,False,False,False,scope_matched,"[{""coefficient"":1.0,""condition_id"":""FQD-FD-3169-Q02-F1-P1-A""},{""coefficient"":-1.0,""condition_id"":""FQD-FD-3169-Q02-F1-P1-H""},{""coefficient"":-1.0,""condition_id"":""FQD-FD-3169-Q02-F1-X1-A""},{""coefficient"":1.0,""condition_id"":""FQD-FD-3169-Q02-F1-X1-H""}]","{""ab_forward/answer_sum"":-0.0385589599609375,""ab_reverse/answer_sum"":-0.20905685424804688,""ncc"":-0.10588088885995761,""original/answer_mean"":-0.09370829264322922,""original/answer_sum"":-0.21125030517578125}","{""ab_forward/answer_sum"":""negative"",""ab_reverse/answer_sum"":""negative"",""ncc"":""negative"",""original/answer_mean"":""negative"",""original/answer_sum"":""negative""}",True,True,True
FD-3169-Q02-F1-P1-X1-C,False,False,False,scope_matched,"[{""coefficient"":-0.5,""condition_id"":""FQD-FD-3169-Q02-F1-P1-A""},{""coefficient"":-0.5,""condition_id"":""FQD-FD-3169-Q02-F1-P1-H""},{""coefficient"":0.5,""condition_id"":""FQD-FD-3169-Q02-F1-X1-A""},{""coefficient"":0.5,""condition_id"":""FQD-FD-3169-Q02-F1-X1-H""}]","{""ab_forward/answer_sum"":0.2970237731933594,""ab_reverse/answer_sum"":0.3540935516357422,""ncc"":0.16946745549204567,""original/answer_mean"":0.18952585856119802,""original/answer_sum"":0.3547554016113281}","{""ab_forward/answer_sum"":""positive"",""ab_reverse/answer_sum"":""positive"",""ncc"":""positive"",""original/answer_mean"":""positive"",""original/answer_sum"":""positive""}",True,True,True
FD-3169-Q02-F1-P2-X2-sH,False,False,False,scope_matched,"[{""coefficient"":-1.0,""condition_id"":""FQD-FD-3169-Q02-F1-P2-H""},{""coefficient"":1.0,""condition_id"":""FQD-FD-3169-Q02-F1-X2-H""}]","{""ab_forward/answer_sum"":0.2397174835205078,""ab_reverse/answer_sum"":0.9708137512207031,""ncc"":0.05114174932332638,""original/answer_mean"":0.10623423258463544,""original/answer_sum"":0.309173583984375}","{""ab_forward/answer_sum"":""positive"",""ab_reverse/answer_sum"":""positive"",""ncc"":""positive"",""original/answer_mean"":""positive"",""original/answer_sum"":""positive""}",True,False,True
FD-3169-Q02-F1-P2-X2-sA,False,False,False,scope_matched,"[{""coefficient"":-1.0,""condition_id"":""FQD-FD-3169-Q02-F1-P2-A""},{""coefficient"":1.0,""condition_id"":""FQD-FD-3169-Q02-F1-X2-A""}]","{""ab_forward/answer_sum"":0.571075439453125,""ab_reverse/answer_sum"":1.0720596313476562,""ncc"":0.11199930308976258,""original/answer_mean"":0.16132303873697929,""original/answer_sum"":0.47219085693359375}","{""ab_forward/answer_sum"":""positive"",""ab_reverse/answer_sum"":""positive"",""ncc"":""positive"",""original/answer_mean"":""positive"",""original/answer_sum"":""positive""}",True,True,True
FD-3169-Q02-F1-P2-X2-I,False,False,False,scope_matched,"[{""coefficient"":1.0,""condition_id"":""FQD-FD-3169-Q02-F1-P2-A""},{""coefficient"":-1.0,""condition_id"":""FQD-FD-3169-Q02-F1-P2-H""},{""coefficient"":-1.0,""condition_id"":""FQD-FD-3169-Q02-F1-X2-A""},{""coefficient"":1.0,""condition_id"":""FQD-FD-3169-Q02-F1-X2-H""}]","{""ab_forward/answer_sum"":-0.3313579559326172,""ab_reverse/answer_sum"":-0.10124588012695312,""ncc"":-0.0608575537664362,""original/answer_mean"":-0.05508880615234385,""original/answer_sum"":-0.16301727294921875}","{""ab_forward/answer_sum"":""negative"",""ab_reverse/answer_sum"":""negative"",""ncc"":""negative"",""original/answer_mean"":""negative"",""original/answer_sum"":""negative""}",True,True,True
FD-3169-Q02-F1-P2-X2-C,False,False,False,scope_matched,"[{""coefficient"":-0.5,""condition_id"":""FQD-FD-3169-Q02-F1-P2-A""},{""coefficient"":-0.5,""condition_id"":""FQD-FD-3169-Q02-F1-P2-H""},{""coefficient"":0.5,""condition_id"":""FQD-FD-3169-Q02-F1-X2-A""},{""coefficient"":0.5,""condition_id"":""FQD-FD-3169-Q02-F1-X2-H""}]","{""ab_forward/answer_sum"":0.4053964614868164,""ab_reverse/answer_sum"":1.0214366912841797,""ncc"":0.08157052620654448,""original/answer_mean"":0.13377863566080736,""original/answer_sum"":0.3906822204589844}","{""ab_forward/answer_sum"":""positive"",""ab_reverse/answer_sum"":""positive"",""ncc"":""positive"",""original/answer_mean"":""positive"",""original/answer_sum"":""positive""}",True,True,True
FD-3169-Q02-F1-O-P1-sH,False,False,False,scope_total_bridge,"[{""coefficient"":-1.0,""condition_id"":""FQD-FD-3169-Q02-F1-O-H""},{""coefficient"":1.0,""condition_id"":""FQD-FD-3169-Q02-F1-P1-H""}]","{""ab_forward/answer_sum"":0.26296234130859375,""ab_reverse/answer_sum"":0.30513763427734375,""ncc"":-0.0947043091221147,""original/answer_mean"":-0.1369202931722005,""original/answer_sum"":-0.7284297943115234}","{""ab_forward/answer_sum"":""positive"",""ab_reverse/answer_sum"":""positive"",""ncc"":""negative"",""original/answer_mean"":""negative"",""original/answer_sum"":""negative""}",False,True,True
FD-3169-Q02-F1-O-P1-sA,False,False,False,scope_total_bridge,"[{""coefficient"":-1.0,""condition_id"":""FQD-FD-3169-Q02-F1-O-A""},{""coefficient"":1.0,""condition_id"":""FQD-FD-3169-Q02-F1-P1-A""}]","{""ab_forward/answer_sum"":0.3706321716308594,""ab_reverse/answer_sum"":1.2279510498046875,""ncc"":-0.11490970936391864,""original/answer_mean"":-0.1616406758626302,""original/answer_sum"":-0.8003959655761719}","{""ab_forward/answer_sum"":""positive"",""ab_reverse/answer_sum"":""positive"",""ncc"":""negative"",""original/answer_mean"":""negative"",""original/answer_sum"":""negative""}",False,True,True
FD-3169-Q02-F1-O-P1-I,False,False,False,scope_total_bridge,"[{""coefficient"":1.0,""condition_id"":""FQD-FD-3169-Q02-F1-O-A""},{""coefficient"":-1.0,""condition_id"":""FQD-FD-3169-Q02-F1-O-H""},{""coefficient"":-1.0,""condition_id"":""FQD-FD-3169-Q02-F1-P1-A""},{""coefficient"":1.0,""condition_id"":""FQD-FD-3169-Q02-F1-P1-H""}]","{""ab_forward/answer_sum"":-0.10766983032226562,""ab_reverse/answer_sum"":-0.9228134155273438,""ncc"":0.02020540024180395,""original/answer_mean"":0.0247203826904297,""original/answer_sum"":0.07196617126464844}","{""ab_forward/answer_sum"":""negative"",""ab_reverse/answer_sum"":""negative"",""ncc"":""positive"",""original/answer_mean"":""positive"",""original/answer_sum"":""positive""}",False,True,True
FD-3169-Q02-F1-O-P1-C,False,False,False,scope_total_bridge,"[{""coefficient"":-0.5,""condition_id"":""FQD-FD-3169-Q02-F1-O-A""},{""coefficient"":-0.5,""condition_id"":""FQD-FD-3169-Q02-F1-O-H""},{""coefficient"":0.5,""condition_id"":""FQD-FD-3169-Q02-F1-P1-A""},{""coefficient"":0.5,""condition_id"":""FQD-FD-3169-Q02-F1-P1-H""}]","{""ab_forward/answer_sum"":0.31679725646972656,""ab_reverse/answer_sum"":0.7665443420410156,""ncc"":-0.10480700924301667,""original/answer_mean"":-0.14928048451741535,""original/answer_sum"":-0.7644128799438477}","{""ab_forward/answer_sum"":""positive"",""ab_reverse/answer_sum"":""positive"",""ncc"":""negative"",""original/answer_mean"":""negative"",""original/answer_sum"":""negative""}",False,True,True
FD-3169-Q02-F1-O-X1-sH,False,False,False,scope_total_bridge,"[{""coefficient"":-1.0,""condition_id"":""FQD-FD-3169-Q02-F1-O-H""},{""coefficient"":1.0,""condition_id"":""FQD-FD-3169-Q02-F1-X1-H""}]","{""ab_forward/answer_sum"":0.5407066345214844,""ab_reverse/answer_sum"":0.5547027587890625,""ncc"":0.02182270193995217,""original/answer_mean"":0.005751419067382912,""original/answer_sum"":-0.47929954528808594}","{""ab_forward/answer_sum"":""positive"",""ab_reverse/answer_sum"":""positive"",""ncc"":""positive"",""original/answer_mean"":""positive"",""original/answer_sum"":""negative""}",False,False,False
FD-3169-Q02-F1-O-X1-sA,False,False,False,scope_total_bridge,"[{""coefficient"":-1.0,""condition_id"":""FQD-FD-3169-Q02-F1-O-A""},{""coefficient"":1.0,""condition_id"":""FQD-FD-3169-Q02-F1-X1-A""}]","{""ab_forward/answer_sum"":0.6869354248046875,""ab_reverse/answer_sum"":1.6865730285644531,""ncc"":0.10749819055810583,""original/answer_mean"":0.07473932902018243,""original/answer_sum"":-0.3400154113769531}","{""ab_forward/answer_sum"":""positive"",""ab_reverse/answer_sum"":""positive"",""ncc"":""positive"",""original/answer_mean"":""positive"",""original/answer_sum"":""negative""}",False,True,True
FD-3169-Q02-F1-O-X1-I,False,False,False,scope_total_bridge,"[{""coefficient"":1.0,""condition_id"":""FQD-FD-3169-Q02-F1-O-A""},{""coefficient"":-1.0,""condition_id"":""FQD-FD-3169-Q02-F1-O-H""},{""coefficient"":-1.0,""condition_id"":""FQD-FD-3169-Q02-F1-X1-A""},{""coefficient"":1.0,""condition_id"":""FQD-FD-3169-Q02-F1-X1-H""}]","{""ab_forward/answer_sum"":-0.14622879028320312,""ab_reverse/answer_sum"":-1.1318702697753906,""ncc"":-0.08567548861815366,""original/answer_mean"":-0.06898790995279952,""original/answer_sum"":-0.1392841339111328}","{""ab_forward/answer_sum"":""negative"",""ab_reverse/answer_sum"":""negative"",""ncc"":""negative"",""original/answer_mean"":""negative"",""original/answer_sum"":""negative""}",True,True,True
FD-3169-Q02-F1-O-X1-C,False,False,False,scope_total_bridge,"[{""coefficient"":-0.5,""condition_id"":""FQD-FD-3169-Q02-F1-O-A""},{""coefficient"":-0.5,""condition_id"":""FQD-FD-3169-Q02-F1-O-H""},{""coefficient"":0.5,""condition_id"":""FQD-FD-3169-Q02-F1-X1-A""},{""coefficient"":0.5,""condition_id"":""FQD-FD-3169-Q02-F1-X1-H""}]","{""ab_forward/answer_sum"":0.6138210296630859,""ab_reverse/answer_sum"":1.1206378936767578,""ncc"":0.064660446249029,""original/answer_mean"":0.04024537404378267,""original/answer_sum"":-0.40965747833251953}","{""ab_forward/answer_sum"":""positive"",""ab_reverse/answer_sum"":""positive"",""ncc"":""positive"",""original/answer_mean"":""positive"",""original/answer_sum"":""negative""}",False,False,True
FD-3169-Q02-F1-O-P2-sH,False,False,False,scope_total_bridge,"[{""coefficient"":-1.0,""condition_id"":""FQD-FD-3169-Q02-F1-O-H""},{""coefficient"":1.0,""condition_id"":""FQD-FD-3169-Q02-F1-P2-H""}]","{""ab_forward/answer_sum"":0.4199943542480469,""ab_reverse/answer_sum"":0.3674583435058594,""ncc"":-0.1066980413455263,""original/answer_mean"":-0.1963760375976562,""original/answer_sum"":-0.7094192504882812}","{""ab_forward/answer_sum"":""positive"",""ab_reverse/answer_sum"":""positive"",""ncc"":""negative"",""original/answer_mean"":""negative"",""original/answer_sum"":""negative""}",False,True,True
FD-3169-Q02-F1-O-P2-sA,False,False,False,scope_total_bridge,"[{""coefficient"":-1.0,""condition_id"":""FQD-FD-3169-Q02-F1-O-A""},{""coefficient"":1.0,""condition_id"":""FQD-FD-3169-Q02-F1-P2-A""}]","{""ab_forward/answer_sum"":0.5361671447753906,""ab_reverse/answer_sum"":1.1795310974121094,""ncc"":-0.1165230446644161,""original/answer_mean"":-0.2084721883138021,""original/answer_sum"":-0.7321548461914062}","{""ab_forward/answer_sum"":""positive"",""ab_reverse/answer_sum"":""positive"",""ncc"":""negative"",""original/answer_mean"":""negative"",""original/answer_sum"":""negative""}",False,True,True
FD-3169-Q02-F1-O-P2-I,False,False,False,scope_total_bridge,"[{""coefficient"":1.0,""condition_id"":""FQD-FD-3169-Q02-F1-O-A""},{""coefficient"":-1.0,""condition_id"":""FQD-FD-3169-Q02-F1-O-H""},{""coefficient"":-1.0,""condition_id"":""FQD-FD-3169-Q02-F1-P2-A""},{""coefficient"":1.0,""condition_id"":""FQD-FD-3169-Q02-F1-P2-H""}]","{""ab_forward/answer_sum"":-0.11617279052734375,""ab_reverse/answer_sum"":-0.81207275390625,""ncc"":0.009825003318889802,""original/answer_mean"":0.012096150716145893,""original/answer_sum"":0.022735595703125}","{""ab_forward/answer_sum"":""negative"",""ab_reverse/answer_sum"":""negative"",""ncc"":""unresolved"",""original/answer_mean"":""positive"",""original/answer_sum"":""positive""}",False,False,False
FD-3169-Q02-F1-O-P2-C,False,False,False,scope_total_bridge,"[{""coefficient"":-0.5,""condition_id"":""FQD-FD-3169-Q02-F1-O-A""},{""coefficient"":-0.5,""condition_id"":""FQD-FD-3169-Q02-F1-O-H""},{""coefficient"":0.5,""condition_id"":""FQD-FD-3169-Q02-F1-P2-A""},{""coefficient"":0.5,""condition_id"":""FQD-FD-3169-Q02-F1-P2-H""}]","{""ab_forward/answer_sum"":0.47808074951171875,""ab_reverse/answer_sum"":0.7734947204589844,""ncc"":-0.1116105430049712,""original/answer_mean"":-0.20242411295572915,""original/answer_sum"":-0.7207870483398438}","{""ab_forward/answer_sum"":""positive"",""ab_reverse/answer_sum"":""positive"",""ncc"":""negative"",""original/answer_mean"":""negative"",""original/answer_sum"":""negative""}",False,True,True
FD-3169-Q02-F1-O-X2-sH,False,False,False,scope_total_bridge,"[{""coefficient"":-1.0,""condition_id"":""FQD-FD-3169-Q02-F1-O-H""},{""coefficient"":1.0,""condition_id"":""FQD-FD-3169-Q02-F1-X2-H""}]","{""ab_forward/answer_sum"":0.6597118377685547,""ab_reverse/answer_sum"":1.3382720947265625,""ncc"":-0.055556292022199916,""original/answer_mean"":-0.09014180501302077,""original/answer_sum"":-0.40024566650390625}","{""ab_forward/answer_sum"":""positive"",""ab_reverse/answer_sum"":""positive"",""ncc"":""negative"",""original/answer_mean"":""negative"",""original/answer_sum"":""negative""}",False,False,True
FD-3169-Q02-F1-O-X2-sA,False,False,False,scope_total_bridge,"[{""coefficient"":-1.0,""condition_id"":""FQD-FD-3169-Q02-F1-O-A""},{""coefficient"":1.0,""condition_id"":""FQD-FD-3169-Q02-F1-X2-A""}]","{""ab_forward/answer_sum"":1.1072425842285156,""ab_reverse/answer_sum"":2.2515907287597656,""ncc"":-0.004523741574653517,""original/answer_mean"":-0.04714914957682281,""original/answer_sum"":-0.2599639892578125}","{""ab_forward/answer_sum"":""positive"",""ab_reverse/answer_sum"":""positive"",""ncc"":""unresolved"",""original/answer_mean"":""negative"",""original/answer_sum"":""negative""}",False,False,False
FD-3169-Q02-F1-O-X2-I,False,False,False,scope_total_bridge,"[{""coefficient"":1.0,""condition_id"":""FQD-FD-3169-Q02-F1-O-A""},{""coefficient"":-1.0,""condition_id"":""FQD-FD-3169-Q02-F1-O-H""},{""coefficient"":-1.0,""condition_id"":""FQD-FD-3169-Q02-F1-X2-A""},{""coefficient"":1.0,""condition_id"":""FQD-FD-3169-Q02-F1-X2-H""}]","{""ab_forward/answer_sum"":-0.44753074645996094,""ab_reverse/answer_sum"":-0.9133186340332031,""ncc"":-0.0510325504475464,""original/answer_mean"":-0.04299265543619796,""original/answer_sum"":-0.14028167724609375}","{""ab_forward/answer_sum"":""negative"",""ab_reverse/answer_sum"":""negative"",""ncc"":""negative"",""original/answer_mean"":""negative"",""original/answer_sum"":""negative""}",True,True,True
FD-3169-Q02-F1-O-X2-C,False,False,False,scope_total_bridge,"[{""coefficient"":-0.5,""condition_id"":""FQD-FD-3169-Q02-F1-O-A""},{""coefficient"":-0.5,""condition_id"":""FQD-FD-3169-Q02-F1-O-H""},{""coefficient"":0.5,""condition_id"":""FQD-FD-3169-Q02-F1-X2-A""},{""coefficient"":0.5,""condition_id"":""FQD-FD-3169-Q02-F1-X2-H""}]","{""ab_forward/answer_sum"":0.8834772109985352,""ab_reverse/answer_sum"":1.794931411743164,""ncc"":-0.030040016798426716,""original/answer_mean"":-0.06864547729492179,""original/answer_sum"":-0.3301048278808594}","{""ab_forward/answer_sum"":""positive"",""ab_reverse/answer_sum"":""positive"",""ncc"":""negative"",""original/answer_mean"":""negative"",""original/answer_sum"":""negative""}",False,False,True
FD-3169-Q03-F1-O-delta,False,False,False,within_query_word_pair,"[{""coefficient"":-1.0,""condition_id"":""FQD-FD-3169-Q03-F1-O-A""},{""coefficient"":1.0,""condition_id"":""FQD-FD-3169-Q03-F1-O-H""}]","{""ab_forward/answer_sum"":-2.0336341857910156,""ab_reverse/answer_sum"":-1.1244354248046875,""ncc"":0.04819351116768322,""original/answer_mean"":-0.07221043904622382,""original/answer_sum"":-0.3566780090332031}","{""ab_forward/answer_sum"":""negative"",""ab_reverse/answer_sum"":""negative"",""ncc"":""positive"",""original/answer_mean"":""negative"",""original/answer_sum"":""negative""}",False,False,True
FD-3169-Q03-F1-P1-delta,False,False,False,within_query_word_pair,"[{""coefficient"":-1.0,""condition_id"":""FQD-FD-3169-Q03-F1-P1-A""},{""coefficient"":1.0,""condition_id"":""FQD-FD-3169-Q03-F1-P1-H""}]","{""ab_forward/answer_sum"":-2.1018447875976562,""ab_reverse/answer_sum"":-2.4560928344726562,""ncc"":0.044867188387025525,""original/answer_mean"":-0.07102177937825527,""original/answer_sum"":-0.3276634216308594}","{""ab_forward/answer_sum"":""negative"",""ab_reverse/answer_sum"":""negative"",""ncc"":""positive"",""original/answer_mean"":""negative"",""original/answer_sum"":""negative""}",False,False,True
FD-3169-Q03-F1-X1-delta,False,False,False,within_query_word_pair,"[{""coefficient"":-1.0,""condition_id"":""FQD-FD-3169-Q03-F1-X1-A""},{""coefficient"":1.0,""condition_id"":""FQD-FD-3169-Q03-F1-X1-H""}]","{""ab_forward/answer_sum"":-2.25360107421875,""ab_reverse/answer_sum"":-2.166881561279297,""ncc"":0.03401040841378711,""original/answer_mean"":-0.06970596313476562,""original/answer_sum"":-0.3130226135253906}","{""ab_forward/answer_sum"":""negative"",""ab_reverse/answer_sum"":""negative"",""ncc"":""positive"",""original/answer_mean"":""negative"",""original/answer_sum"":""negative""}",False,False,True
FD-3169-Q03-F1-P2-delta,False,False,False,within_query_word_pair,"[{""coefficient"":-1.0,""condition_id"":""FQD-FD-3169-Q03-F1-P2-A""},{""coefficient"":1.0,""condition_id"":""FQD-FD-3169-Q03-F1-P2-H""}]","{""ab_forward/answer_sum"":-2.350749969482422,""ab_reverse/answer_sum"":-2.3483200073242188,""ncc"":0.046421580485921154,""original/answer_mean"":-0.07171122233072913,""original/answer_sum"":-0.3297271728515625}","{""ab_forward/answer_sum"":""negative"",""ab_reverse/answer_sum"":""negative"",""ncc"":""positive"",""original/answer_mean"":""negative"",""original/answer_sum"":""negative""}",False,False,True
FD-3169-Q03-F1-X2-delta,False,False,False,within_query_word_pair,"[{""coefficient"":-1.0,""condition_id"":""FQD-FD-3169-Q03-F1-X2-A""},{""coefficient"":1.0,""condition_id"":""FQD-FD-3169-Q03-F1-X2-H""}]","{""ab_forward/answer_sum"":-2.368053436279297,""ab_reverse/answer_sum"":-1.9230766296386719,""ncc"":0.03467698244865236,""original/answer_mean"":-0.0776870727539063,""original/answer_sum"":-0.35710906982421875}","{""ab_forward/answer_sum"":""negative"",""ab_reverse/answer_sum"":""negative"",""ncc"":""positive"",""original/answer_mean"":""negative"",""original/answer_sum"":""negative""}",False,False,True
FD-3169-Q03-F1-P1-X1-sH,False,False,False,scope_matched,"[{""coefficient"":-1.0,""condition_id"":""FQD-FD-3169-Q03-F1-P1-H""},{""coefficient"":1.0,""condition_id"":""FQD-FD-3169-Q03-F1-X1-H""}]","{""ab_forward/answer_sum"":0.3013153076171875,""ab_reverse/answer_sum"":0.4688835144042969,""ncc"":0.02392192886805633,""original/answer_mean"":0.050066630045572935,""original/answer_sum"":0.1556854248046875}","{""ab_forward/answer_sum"":""positive"",""ab_reverse/answer_sum"":""positive"",""ncc"":""positive"",""original/answer_mean"":""positive"",""original/answer_sum"":""positive""}",True,False,True
FD-3169-Q03-F1-P1-X1-sA,False,False,False,scope_matched,"[{""coefficient"":-1.0,""condition_id"":""FQD-FD-3169-Q03-F1-P1-A""},{""coefficient"":1.0,""condition_id"":""FQD-FD-3169-Q03-F1-X1-A""}]","{""ab_forward/answer_sum"":0.45307159423828125,""ab_reverse/answer_sum"":0.1796722412109375,""ncc"":0.03477870884129475,""original/answer_mean"":0.04875081380208329,""original/answer_sum"":0.14104461669921875}","{""ab_forward/answer_sum"":""positive"",""ab_reverse/answer_sum"":""positive"",""ncc"":""positive"",""original/answer_mean"":""positive"",""original/answer_sum"":""positive""}",True,True,True
FD-3169-Q03-F1-P1-X1-I,False,False,False,scope_matched,"[{""coefficient"":1.0,""condition_id"":""FQD-FD-3169-Q03-F1-P1-A""},{""coefficient"":-1.0,""condition_id"":""FQD-FD-3169-Q03-F1-P1-H""},{""coefficient"":-1.0,""condition_id"":""FQD-FD-3169-Q03-F1-X1-A""},{""coefficient"":1.0,""condition_id"":""FQD-FD-3169-Q03-F1-X1-H""}]","{""ab_forward/answer_sum"":-0.15175628662109375,""ab_reverse/answer_sum"":0.2892112731933594,""ncc"":-0.010856779973238417,""original/answer_mean"":0.0013158162434896425,""original/answer_sum"":0.01464080810546875}","{""ab_forward/answer_sum"":""negative"",""ab_reverse/answer_sum"":""positive"",""ncc"":""negative"",""original/answer_mean"":""unresolved"",""original/answer_sum"":""positive""}",False,False,False
FD-3169-Q03-F1-P1-X1-C,False,False,False,scope_matched,"[{""coefficient"":-0.5,""condition_id"":""FQD-FD-3169-Q03-F1-P1-A""},{""coefficient"":-0.5,""condition_id"":""FQD-FD-3169-Q03-F1-P1-H""},{""coefficient"":0.5,""condition_id"":""FQD-FD-3169-Q03-F1-X1-A""},{""coefficient"":0.5,""condition_id"":""FQD-FD-3169-Q03-F1-X1-H""}]","{""ab_forward/answer_sum"":0.3771934509277344,""ab_reverse/answer_sum"":0.3242778778076172,""ncc"":0.02935031885467554,""original/answer_mean"":0.049408721923828114,""original/answer_sum"":0.14836502075195312}","{""ab_forward/answer_sum"":""positive"",""ab_reverse/answer_sum"":""positive"",""ncc"":""positive"",""original/answer_mean"":""positive"",""original/answer_sum"":""positive""}",True,False,True
FD-3169-Q03-F1-P2-X2-sH,False,False,False,scope_matched,"[{""coefficient"":-1.0,""condition_id"":""FQD-FD-3169-Q03-F1-P2-H""},{""coefficient"":1.0,""condition_id"":""FQD-FD-3169-Q03-F1-X2-H""}]","{""ab_forward/answer_sum"":-0.21889114379882812,""ab_reverse/answer_sum"":0.4705009460449219,""ncc"":-0.07161673456339201,""original/answer_mean"":-0.016524251302083348,""original/answer_sum"":-0.01871490478515625}","{""ab_forward/answer_sum"":""negative"",""ab_reverse/answer_sum"":""positive"",""ncc"":""negative"",""original/answer_mean"":""negative"",""original/answer_sum"":""negative""}",False,True,True
FD-3169-Q03-F1-P2-X2-sA,False,False,False,scope_matched,"[{""coefficient"":-1.0,""condition_id"":""FQD-FD-3169-Q03-F1-P2-A""},{""coefficient"":1.0,""condition_id"":""FQD-FD-3169-Q03-F1-X2-A""}]","{""ab_forward/answer_sum"":-0.20158767700195312,""ab_reverse/answer_sum"":0.045257568359375,""ncc"":-0.05987213652612322,""original/answer_mean"":-0.010548400878906183,""original/answer_sum"":0.0086669921875}","{""ab_forward/answer_sum"":""negative"",""ab_reverse/answer_sum"":""positive"",""ncc"":""negative"",""original/answer_mean"":""negative"",""original/answer_sum"":""positive""}",False,True,True
FD-3169-Q03-F1-P2-X2-I,False,False,False,scope_matched,"[{""coefficient"":1.0,""condition_id"":""FQD-FD-3169-Q03-F1-P2-A""},{""coefficient"":-1.0,""condition_id"":""FQD-FD-3169-Q03-F1-P2-H""},{""coefficient"":-1.0,""condition_id"":""FQD-FD-3169-Q03-F1-X2-A""},{""coefficient"":1.0,""condition_id"":""FQD-FD-3169-Q03-F1-X2-H""}]","{""ab_forward/answer_sum"":-0.017303466796875,""ab_reverse/answer_sum"":0.4252433776855469,""ncc"":-0.011744598037268794,""original/answer_mean"":-0.005975850423177165,""original/answer_sum"":-0.02738189697265625}","{""ab_forward/answer_sum"":""negative"",""ab_reverse/answer_sum"":""positive"",""ncc"":""negative"",""original/answer_mean"":""negative"",""original/answer_sum"":""negative""}",False,False,False
FD-3169-Q03-F1-P2-X2-C,False,False,False,scope_matched,"[{""coefficient"":-0.5,""condition_id"":""FQD-FD-3169-Q03-F1-P2-A""},{""coefficient"":-0.5,""condition_id"":""FQD-FD-3169-Q03-F1-P2-H""},{""coefficient"":0.5,""condition_id"":""FQD-FD-3169-Q03-F1-X2-A""},{""coefficient"":0.5,""condition_id"":""FQD-FD-3169-Q03-F1-X2-H""}]","{""ab_forward/answer_sum"":-0.21023941040039062,""ab_reverse/answer_sum"":0.25787925720214844,""ncc"":-0.06574443554475762,""original/answer_mean"":-0.013536326090494766,""original/answer_sum"":-0.005023956298828125}","{""ab_forward/answer_sum"":""negative"",""ab_reverse/answer_sum"":""positive"",""ncc"":""negative"",""original/answer_mean"":""negative"",""original/answer_sum"":""negative""}",False,True,True
FD-3169-Q03-F1-O-P1-sH,False,False,False,scope_total_bridge,"[{""coefficient"":-1.0,""condition_id"":""FQD-FD-3169-Q03-F1-O-H""},{""coefficient"":1.0,""condition_id"":""FQD-FD-3169-Q03-F1-P1-H""}]","{""ab_forward/answer_sum"":-0.13231277465820312,""ab_reverse/answer_sum"":-1.2339019775390625,""ncc"":-0.07809270125264867,""original/answer_mean"":-0.12030868530273447,""original/answer_sum"":-0.4820442199707031}","{""ab_forward/answer_sum"":""negative"",""ab_reverse/answer_sum"":""negative"",""ncc"":""negative"",""original/answer_mean"":""negative"",""original/answer_sum"":""negative""}",True,True,True
FD-3169-Q03-F1-O-P1-sA,False,False,False,scope_total_bridge,"[{""coefficient"":-1.0,""condition_id"":""FQD-FD-3169-Q03-F1-O-A""},{""coefficient"":1.0,""condition_id"":""FQD-FD-3169-Q03-F1-P1-A""}]","{""ab_forward/answer_sum"":-0.0641021728515625,""ab_reverse/answer_sum"":0.09775543212890625,""ncc"":-0.07476637847199097,""original/answer_mean"":-0.12149734497070303,""original/answer_sum"":-0.5110588073730469}","{""ab_forward/answer_sum"":""negative"",""ab_reverse/answer_sum"":""positive"",""ncc"":""negative"",""original/answer_mean"":""negative"",""original/answer_sum"":""negative""}",False,True,True
FD-3169-Q03-F1-O-P1-I,False,False,False,scope_total_bridge,"[{""coefficient"":1.0,""condition_id"":""FQD-FD-3169-Q03-F1-O-A""},{""coefficient"":-1.0,""condition_id"":""FQD-FD-3169-Q03-F1-O-H""},{""coefficient"":-1.0,""condition_id"":""FQD-FD-3169-Q03-F1-P1-A""},{""coefficient"":1.0,""condition_id"":""FQD-FD-3169-Q03-F1-P1-H""}]","{""ab_forward/answer_sum"":-0.06821060180664062,""ab_reverse/answer_sum"":-1.3316574096679688,""ncc"":-0.003326322780657698,""original/answer_mean"":0.0011886596679685502,""original/answer_sum"":0.02901458740234375}","{""ab_forward/answer_sum"":""negative"",""ab_reverse/answer_sum"":""negative"",""ncc"":""unresolved"",""original/answer_mean"":""unresolved"",""original/answer_sum"":""positive""}",False,False,False
FD-3169-Q03-F1-O-P1-C,False,False,False,scope_total_bridge,"[{""coefficient"":-0.5,""condition_id"":""FQD-FD-3169-Q03-F1-O-A""},{""coefficient"":-0.5,""condition_id"":""FQD-FD-3169-Q03-F1-O-H""},{""coefficient"":0.5,""condition_id"":""FQD-FD-3169-Q03-F1-P1-A""},{""coefficient"":0.5,""condition_id"":""FQD-FD-3169-Q03-F1-P1-H""}]","{""ab_forward/answer_sum"":-0.09820747375488281,""ab_reverse/answer_sum"":-0.5680732727050781,""ncc"":-0.07642953986231982,""original/answer_mean"":-0.12090301513671875,""original/answer_sum"":-0.496551513671875}","{""ab_forward/answer_sum"":""negative"",""ab_reverse/answer_sum"":""negative"",""ncc"":""negative"",""original/answer_mean"":""negative"",""original/answer_sum"":""negative""}",True,True,True
FD-3169-Q03-F1-O-X1-sH,False,False,False,scope_total_bridge,"[{""coefficient"":-1.0,""condition_id"":""FQD-FD-3169-Q03-F1-O-H""},{""coefficient"":1.0,""condition_id"":""FQD-FD-3169-Q03-F1-X1-H""}]","{""ab_forward/answer_sum"":0.16900253295898438,""ab_reverse/answer_sum"":-0.7650184631347656,""ncc"":-0.054170772384592336,""original/answer_mean"":-0.07024205525716154,""original/answer_sum"":-0.3263587951660156}","{""ab_forward/answer_sum"":""positive"",""ab_reverse/answer_sum"":""negative"",""ncc"":""negative"",""original/answer_mean"":""negative"",""original/answer_sum"":""negative""}",False,False,True
FD-3169-Q03-F1-O-X1-sA,False,False,False,scope_total_bridge,"[{""coefficient"":-1.0,""condition_id"":""FQD-FD-3169-Q03-F1-O-A""},{""coefficient"":1.0,""condition_id"":""FQD-FD-3169-Q03-F1-X1-A""}]","{""ab_forward/answer_sum"":0.38896942138671875,""ab_reverse/answer_sum"":0.27742767333984375,""ncc"":-0.03998766963069622,""original/answer_mean"":-0.07274653116861973,""original/answer_sum"":-0.3700141906738281}","{""ab_forward/answer_sum"":""positive"",""ab_reverse/answer_sum"":""positive"",""ncc"":""negative"",""original/answer_mean"":""negative"",""original/answer_sum"":""negative""}",False,False,True
FD-3169-Q03-F1-O-X1-I,False,False,False,scope_total_bridge,"[{""coefficient"":1.0,""condition_id"":""FQD-FD-3169-Q03-F1-O-A""},{""coefficient"":-1.0,""condition_id"":""FQD-FD-3169-Q03-F1-O-H""},{""coefficient"":-1.0,""condition_id"":""FQD-FD-3169-Q03-F1-X1-A""},{""coefficient"":1.0,""condition_id"":""FQD-FD-3169-Q03-F1-X1-H""}]","{""ab_forward/answer_sum"":-0.21996688842773438,""ab_reverse/answer_sum"":-1.0424461364746094,""ncc"":-0.014183102753896115,""original/answer_mean"":0.0025044759114581927,""original/answer_sum"":0.0436553955078125}","{""ab_forward/answer_sum"":""negative"",""ab_reverse/answer_sum"":""negative"",""ncc"":""negative"",""original/answer_mean"":""unresolved"",""original/answer_sum"":""positive""}",False,False,False
FD-3169-Q03-F1-O-X1-C,False,False,False,scope_total_bridge,"[{""coefficient"":-0.5,""condition_id"":""FQD-FD-3169-Q03-F1-O-A""},{""coefficient"":-0.5,""condition_id"":""FQD-FD-3169-Q03-F1-O-H""},{""coefficient"":0.5,""condition_id"":""FQD-FD-3169-Q03-F1-X1-A""},{""coefficient"":0.5,""condition_id"":""FQD-FD-3169-Q03-F1-X1-H""}]","{""ab_forward/answer_sum"":0.27898597717285156,""ab_reverse/answer_sum"":-0.24379539489746094,""ncc"":-0.04707922100764428,""original/answer_mean"":-0.07149429321289064,""original/answer_sum"":-0.3481864929199219}","{""ab_forward/answer_sum"":""positive"",""ab_reverse/answer_sum"":""negative"",""ncc"":""negative"",""original/answer_mean"":""negative"",""original/answer_sum"":""negative""}",False,False,True
FD-3169-Q03-F1-O-P2-sH,False,False,False,scope_total_bridge,"[{""coefficient"":-1.0,""condition_id"":""FQD-FD-3169-Q03-F1-O-H""},{""coefficient"":1.0,""condition_id"":""FQD-FD-3169-Q03-F1-P2-H""}]","{""ab_forward/answer_sum"":0.2939643859863281,""ab_reverse/answer_sum"":-0.6302986145019531,""ncc"":-0.01660099544708915,""original/answer_mean"":-0.10627899169921884,""original/answer_sum"":-0.46475982666015625}","{""ab_forward/answer_sum"":""positive"",""ab_reverse/answer_sum"":""negative"",""ncc"":""negative"",""original/answer_mean"":""negative"",""original/answer_sum"":""negative""}",False,False,False
FD-3169-Q03-F1-O-P2-sA,False,False,False,scope_total_bridge,"[{""coefficient"":-1.0,""condition_id"":""FQD-FD-3169-Q03-F1-O-A""},{""coefficient"":1.0,""condition_id"":""FQD-FD-3169-Q03-F1-P2-A""}]","{""ab_forward/answer_sum"":0.6110801696777344,""ab_reverse/answer_sum"":0.5935859680175781,""ncc"":-0.014829064765327082,""original/answer_mean"":-0.10677820841471353,""original/answer_sum"":-0.4917106628417969}","{""ab_forward/answer_sum"":""positive"",""ab_reverse/answer_sum"":""positive"",""ncc"":""negative"",""original/answer_mean"":""negative"",""original/answer_sum"":""negative""}",False,False,False
FD-3169-Q03-F1-O-P2-I,False,False,False,scope_total_bridge,"[{""coefficient"":1.0,""condition_id"":""FQD-FD-3169-Q03-F1-O-A""},{""coefficient"":-1.0,""condition_id"":""FQD-FD-3169-Q03-F1-O-H""},{""coefficient"":-1.0,""condition_id"":""FQD-FD-3169-Q03-F1-P2-A""},{""coefficient"":1.0,""condition_id"":""FQD-FD-3169-Q03-F1-P2-H""}]","{""ab_forward/answer_sum"":-0.31711578369140625,""ab_reverse/answer_sum"":-1.2238845825195312,""ncc"":-0.0017719306817620684,""original/answer_mean"":0.000499216715494688,""original/answer_sum"":0.026950836181640625}","{""ab_forward/answer_sum"":""negative"",""ab_reverse/answer_sum"":""negative"",""ncc"":""unresolved"",""original/answer_mean"":""unresolved"",""original/answer_sum"":""positive""}",False,False,False
FD-3169-Q03-F1-O-P2-C,False,False,False,scope_total_bridge,"[{""coefficient"":-0.5,""condition_id"":""FQD-FD-3169-Q03-F1-O-A""},{""coefficient"":-0.5,""condition_id"":""FQD-FD-3169-Q03-F1-O-H""},{""coefficient"":0.5,""condition_id"":""FQD-FD-3169-Q03-F1-P2-A""},{""coefficient"":0.5,""condition_id"":""FQD-FD-3169-Q03-F1-P2-H""}]","{""ab_forward/answer_sum"":0.45252227783203125,""ab_reverse/answer_sum"":-0.0183563232421875,""ncc"":-0.015715030106208117,""original/answer_mean"":-0.10652860005696618,""original/answer_sum"":-0.47823524475097656}","{""ab_forward/answer_sum"":""positive"",""ab_reverse/answer_sum"":""negative"",""ncc"":""negative"",""original/answer_mean"":""negative"",""original/answer_sum"":""negative""}",False,False,False
FD-3169-Q03-F1-O-X2-sH,False,False,False,scope_total_bridge,"[{""coefficient"":-1.0,""condition_id"":""FQD-FD-3169-Q03-F1-O-H""},{""coefficient"":1.0,""condition_id"":""FQD-FD-3169-Q03-F1-X2-H""}]","{""ab_forward/answer_sum"":0.0750732421875,""ab_reverse/answer_sum"":-0.15979766845703125,""ncc"":-0.08821773001048117,""original/answer_mean"":-0.12280324300130219,""original/answer_sum"":-0.4834747314453125}","{""ab_forward/answer_sum"":""positive"",""ab_reverse/answer_sum"":""negative"",""ncc"":""negative"",""original/answer_mean"":""negative"",""original/answer_sum"":""negative""}",False,False,True
FD-3169-Q03-F1-O-X2-sA,False,False,False,scope_total_bridge,"[{""coefficient"":-1.0,""condition_id"":""FQD-FD-3169-Q03-F1-O-A""},{""coefficient"":1.0,""condition_id"":""FQD-FD-3169-Q03-F1-X2-A""}]","{""ab_forward/answer_sum"":0.40949249267578125,""ab_reverse/answer_sum"":0.6388435363769531,""ncc"":-0.0747012012914503,""original/answer_mean"":-0.11732660929361971,""original/answer_sum"":-0.4830436706542969}","{""ab_forward/answer_sum"":""positive"",""ab_reverse/answer_sum"":""positive"",""ncc"":""negative"",""original/answer_mean"":""negative"",""original/answer_sum"":""negative""}",False,False,True
FD-3169-Q03-F1-O-X2-I,False,False,False,scope_total_bridge,"[{""coefficient"":1.0,""condition_id"":""FQD-FD-3169-Q03-F1-O-A""},{""coefficient"":-1.0,""condition_id"":""FQD-FD-3169-Q03-F1-O-H""},{""coefficient"":-1.0,""condition_id"":""FQD-FD-3169-Q03-F1-X2-A""},{""coefficient"":1.0,""condition_id"":""FQD-FD-3169-Q03-F1-X2-H""}]","{""ab_forward/answer_sum"":-0.33441925048828125,""ab_reverse/answer_sum"":-0.7986412048339844,""ncc"":-0.013516528719030863,""original/answer_mean"":-0.005476633707682477,""original/answer_sum"":-0.000431060791015625}","{""ab_forward/answer_sum"":""negative"",""ab_reverse/answer_sum"":""negative"",""ncc"":""negative"",""original/answer_mean"":""negative"",""original/answer_sum"":""unresolved""}",False,False,False
FD-3169-Q03-F1-O-X2-C,False,False,False,scope_total_bridge,"[{""coefficient"":-0.5,""condition_id"":""FQD-FD-3169-Q03-F1-O-A""},{""coefficient"":-0.5,""condition_id"":""FQD-FD-3169-Q03-F1-O-H""},{""coefficient"":0.5,""condition_id"":""FQD-FD-3169-Q03-F1-X2-A""},{""coefficient"":0.5,""condition_id"":""FQD-FD-3169-Q03-F1-X2-H""}]","{""ab_forward/answer_sum"":0.24228286743164062,""ab_reverse/answer_sum"":0.23952293395996094,""ncc"":-0.08145946565096573,""original/answer_mean"":-0.12006492614746095,""original/answer_sum"":-0.4832592010498047}","{""ab_forward/answer_sum"":""positive"",""ab_reverse/answer_sum"":""positive"",""ncc"":""negative"",""original/answer_mean"":""negative"",""original/answer_sum"":""negative""}",False,False,True
FD-3169-Q04-F1-O-delta,False,False,False,within_query_word_pair,"[{""coefficient"":-1.0,""condition_id"":""FQD-FD-3169-Q04-F1-O-A""},{""coefficient"":1.0,""condition_id"":""FQD-FD-3169-Q04-F1-O-H""}]","{""ab_forward/answer_sum"":-1.5027484893798828,""ab_reverse/answer_sum"":-1.908843994140625,""ncc"":0.08265357891670666,""original/answer_mean"":-0.03775037129720049,""original/answer_sum"":-0.1897411346435547}","{""ab_forward/answer_sum"":""negative"",""ab_reverse/answer_sum"":""negative"",""ncc"":""positive"",""original/answer_mean"":""negative"",""original/answer_sum"":""negative""}",False,False,True
FD-3169-Q04-F1-P1-delta,False,False,False,within_query_word_pair,"[{""coefficient"":-1.0,""condition_id"":""FQD-FD-3169-Q04-F1-P1-A""},{""coefficient"":1.0,""condition_id"":""FQD-FD-3169-Q04-F1-P1-H""}]","{""ab_forward/answer_sum"":-1.6046276092529297,""ab_reverse/answer_sum"":-1.6211929321289062,""ncc"":0.07785859768878334,""original/answer_mean"":-0.038030370076497455,""original/answer_sum"":-0.1896228790283203}","{""ab_forward/answer_sum"":""negative"",""ab_reverse/answer_sum"":""negative"",""ncc"":""positive"",""original/answer_mean"":""negative"",""original/answer_sum"":""negative""}",False,False,True
FD-3169-Q04-F1-X1-delta,False,False,False,within_query_word_pair,"[{""coefficient"":-1.0,""condition_id"":""FQD-FD-3169-Q04-F1-X1-A""},{""coefficient"":1.0,""condition_id"":""FQD-FD-3169-Q04-F1-X1-H""}]","{""ab_forward/answer_sum"":-1.6053276062011719,""ab_reverse/answer_sum"":-1.3411636352539062,""ncc"":0.06761636544503702,""original/answer_mean"":-0.0361000061035156,""original/answer_sum"":-0.17986679077148438}","{""ab_forward/answer_sum"":""negative"",""ab_reverse/answer_sum"":""negative"",""ncc"":""positive"",""original/answer_mean"":""negative"",""original/answer_sum"":""negative""}",False,False,True
FD-3169-Q04-F1-P2-delta,False,False,False,within_query_word_pair,"[{""coefficient"":-1.0,""condition_id"":""FQD-FD-3169-Q04-F1-P2-A""},{""coefficient"":1.0,""condition_id"":""FQD-FD-3169-Q04-F1-P2-H""}]","{""ab_forward/answer_sum"":-1.6595954895019531,""ab_reverse/answer_sum"":-1.605377197265625,""ncc"":0.07742731270434566,""original/answer_mean"":-0.04070549011230462,""original/answer_sum"":-0.20300865173339844}","{""ab_forward/answer_sum"":""negative"",""ab_reverse/answer_sum"":""negative"",""ncc"":""positive"",""original/answer_mean"":""negative"",""original/answer_sum"":""negative""}",False,False,True
FD-3169-Q04-F1-X2-delta,False,False,False,within_query_word_pair,"[{""coefficient"":-1.0,""condition_id"":""FQD-FD-3169-Q04-F1-X2-A""},{""coefficient"":1.0,""condition_id"":""FQD-FD-3169-Q04-F1-X2-H""}]","{""ab_forward/answer_sum"":-1.6748237609863281,""ab_reverse/answer_sum"":-1.4749412536621094,""ncc"":0.06969870079175111,""original/answer_mean"":-0.04266535441080721,""original/answer_sum"":-0.21265029907226562}","{""ab_forward/answer_sum"":""negative"",""ab_reverse/answer_sum"":""negative"",""ncc"":""positive"",""original/answer_mean"":""negative"",""original/answer_sum"":""negative""}",False,False,True
FD-3169-Q04-F1-P1-X1-sH,False,False,False,scope_matched,"[{""coefficient"":-1.0,""condition_id"":""FQD-FD-3169-Q04-F1-P1-H""},{""coefficient"":1.0,""condition_id"":""FQD-FD-3169-Q04-F1-X1-H""}]","{""ab_forward/answer_sum"":0.6371135711669922,""ab_reverse/answer_sum"":-0.21954345703125,""ncc"":0.007979164585830034,""original/answer_mean"":0.03412386576334647,""original/answer_sum"":0.1684551239013672}","{""ab_forward/answer_sum"":""positive"",""ab_reverse/answer_sum"":""negative"",""ncc"":""positive"",""original/answer_mean"":""positive"",""original/answer_sum"":""positive""}",False,False,False
FD-3169-Q04-F1-P1-X1-sA,False,False,False,scope_matched,"[{""coefficient"":-1.0,""condition_id"":""FQD-FD-3169-Q04-F1-P1-A""},{""coefficient"":1.0,""condition_id"":""FQD-FD-3169-Q04-F1-X1-A""}]","{""ab_forward/answer_sum"":0.6378135681152344,""ab_reverse/answer_sum"":-0.49957275390625,""ncc"":0.018221396829576353,""original/answer_mean"":0.03219350179036462,""original/answer_sum"":0.15869903564453125}","{""ab_forward/answer_sum"":""positive"",""ab_reverse/answer_sum"":""negative"",""ncc"":""positive"",""original/answer_mean"":""positive"",""original/answer_sum"":""positive""}",False,False,True
FD-3169-Q04-F1-P1-X1-I,False,False,False,scope_matched,"[{""coefficient"":1.0,""condition_id"":""FQD-FD-3169-Q04-F1-P1-A""},{""coefficient"":-1.0,""condition_id"":""FQD-FD-3169-Q04-F1-P1-H""},{""coefficient"":-1.0,""condition_id"":""FQD-FD-3169-Q04-F1-X1-A""},{""coefficient"":1.0,""condition_id"":""FQD-FD-3169-Q04-F1-X1-H""}]","{""ab_forward/answer_sum"":-0.0006999969482421875,""ab_reverse/answer_sum"":0.280029296875,""ncc"":-0.010242232243746319,""original/answer_mean"":0.0019303639729818522,""original/answer_sum"":0.009756088256835938}","{""ab_forward/answer_sum"":""unresolved"",""ab_reverse/answer_sum"":""positive"",""ncc"":""unresolved"",""original/answer_mean"":""unresolved"",""original/answer_sum"":""positive""}",False,False,False
FD-3169-Q04-F1-P1-X1-C,False,False,False,scope_matched,"[{""coefficient"":-0.5,""condition_id"":""FQD-FD-3169-Q04-F1-P1-A""},{""coefficient"":-0.5,""condition_id"":""FQD-FD-3169-Q04-F1-P1-H""},{""coefficient"":0.5,""condition_id"":""FQD-FD-3169-Q04-F1-X1-A""},{""coefficient"":0.5,""condition_id"":""FQD-FD-3169-Q04-F1-X1-H""}]","{""ab_forward/answer_sum"":0.6374635696411133,""ab_reverse/answer_sum"":-0.35955810546875,""ncc"":0.013100280707703194,""original/answer_mean"":0.033158683776855546,""original/answer_sum"":0.16357707977294922}","{""ab_forward/answer_sum"":""positive"",""ab_reverse/answer_sum"":""negative"",""ncc"":""positive"",""original/answer_mean"":""positive"",""original/answer_sum"":""positive""}",False,False,False
FD-3169-Q04-F1-P2-X2-sH,False,False,False,scope_matched,"[{""coefficient"":-1.0,""condition_id"":""FQD-FD-3169-Q04-F1-P2-H""},{""coefficient"":1.0,""condition_id"":""FQD-FD-3169-Q04-F1-X2-H""}]","{""ab_forward/answer_sum"":0.4053840637207031,""ab_reverse/answer_sum"":-0.17485809326171875,""ncc"":-0.05285796075968108,""original/answer_mean"":0.0022345225016277004,""original/answer_sum"":0.012083053588867188}","{""ab_forward/answer_sum"":""positive"",""ab_reverse/answer_sum"":""negative"",""ncc"":""negative"",""original/answer_mean"":""unresolved"",""original/answer_sum"":""positive""}",False,True,True
FD-3169-Q04-F1-P2-X2-sA,False,False,False,scope_matched,"[{""coefficient"":-1.0,""condition_id"":""FQD-FD-3169-Q04-F1-P2-A""},{""coefficient"":1.0,""condition_id"":""FQD-FD-3169-Q04-F1-X2-A""}]","{""ab_forward/answer_sum"":0.4206123352050781,""ab_reverse/answer_sum"":-0.3052940368652344,""ncc"":-0.045129348847086526,""original/answer_mean"":0.00419438680013029,""original/answer_sum"":0.021724700927734375}","{""ab_forward/answer_sum"":""positive"",""ab_reverse/answer_sum"":""negative"",""ncc"":""negative"",""original/answer_mean"":""positive"",""original/answer_sum"":""positive""}",False,False,True
FD-3169-Q04-F1-P2-X2-I,False,False,False,scope_matched,"[{""coefficient"":1.0,""condition_id"":""FQD-FD-3169-Q04-F1-P2-A""},{""coefficient"":-1.0,""condition_id"":""FQD-FD-3169-Q04-F1-P2-H""},{""coefficient"":-1.0,""condition_id"":""FQD-FD-3169-Q04-F1-X2-A""},{""coefficient"":1.0,""condition_id"":""FQD-FD-3169-Q04-F1-X2-H""}]","{""ab_forward/answer_sum"":-0.015228271484375,""ab_reverse/answer_sum"":0.13043594360351562,""ncc"":-0.007728611912594552,""original/answer_mean"":-0.0019598642985025894,""original/answer_sum"":-0.009641647338867188}","{""ab_forward/answer_sum"":""negative"",""ab_reverse/answer_sum"":""positive"",""ncc"":""unresolved"",""original/answer_mean"":""unresolved"",""original/answer_sum"":""negative""}",False,False,False
FD-3169-Q04-F1-P2-X2-C,False,False,False,scope_matched,"[{""coefficient"":-0.5,""condition_id"":""FQD-FD-3169-Q04-F1-P2-A""},{""coefficient"":-0.5,""condition_id"":""FQD-FD-3169-Q04-F1-P2-H""},{""coefficient"":0.5,""condition_id"":""FQD-FD-3169-Q04-F1-X2-A""},{""coefficient"":0.5,""condition_id"":""FQD-FD-3169-Q04-F1-X2-H""}]","{""ab_forward/answer_sum"":0.4129981994628906,""ab_reverse/answer_sum"":-0.24007606506347656,""ncc"":-0.0489936548033838,""original/answer_mean"":0.003214454650878995,""original/answer_sum"":0.01690387725830078}","{""ab_forward/answer_sum"":""positive"",""ab_reverse/answer_sum"":""negative"",""ncc"":""negative"",""original/answer_mean"":""positive"",""original/answer_sum"":""positive""}",False,False,True
FD-3169-Q04-F1-O-P1-sH,False,False,False,scope_total_bridge,"[{""coefficient"":-1.0,""condition_id"":""FQD-FD-3169-Q04-F1-O-H""},{""coefficient"":1.0,""condition_id"":""FQD-FD-3169-Q04-F1-P1-H""}]","{""ab_forward/answer_sum"":0.7457084655761719,""ab_reverse/answer_sum"":2.3355560302734375,""ncc"":0.048230998698522765,""original/answer_mean"":0.006015014648437456,""original/answer_sum"":0.03174591064453125}","{""ab_forward/answer_sum"":""positive"",""ab_reverse/answer_sum"":""positive"",""ncc"":""positive"",""original/answer_mean"":""positive"",""original/answer_sum"":""positive""}",True,False,False
FD-3169-Q04-F1-O-P1-sA,False,False,False,scope_total_bridge,"[{""coefficient"":-1.0,""condition_id"":""FQD-FD-3169-Q04-F1-O-A""},{""coefficient"":1.0,""condition_id"":""FQD-FD-3169-Q04-F1-P1-A""}]","{""ab_forward/answer_sum"":0.8475875854492188,""ab_reverse/answer_sum"":2.0479049682617188,""ncc"":0.05302597992644609,""original/answer_mean"":0.006295013427734419,""original/answer_sum"":0.031627655029296875}","{""ab_forward/answer_sum"":""positive"",""ab_reverse/answer_sum"":""positive"",""ncc"":""positive"",""original/answer_mean"":""positive"",""original/answer_sum"":""positive""}",True,False,True
FD-3169-Q04-F1-O-P1-I,False,False,False,scope_total_bridge,"[{""coefficient"":1.0,""condition_id"":""FQD-FD-3169-Q04-F1-O-A""},{""coefficient"":-1.0,""condition_id"":""FQD-FD-3169-Q04-F1-O-H""},{""coefficient"":-1.0,""condition_id"":""FQD-FD-3169-Q04-F1-P1-A""},{""coefficient"":1.0,""condition_id"":""FQD-FD-3169-Q04-F1-P1-H""}]","{""ab_forward/answer_sum"":-0.10187911987304688,""ab_reverse/answer_sum"":0.28765106201171875,""ncc"":-0.004794981227923323,""original/answer_mean"":-0.0002799987792969638,""original/answer_sum"":0.000118255615234375}","{""ab_forward/answer_sum"":""negative"",""ab_reverse/answer_sum"":""positive"",""ncc"":""unresolved"",""original/answer_mean"":""unresolved"",""original/answer_sum"":""unresolved""}",False,False,False
FD-3169-Q04-F1-O-P1-C,False,False,False,scope_total_bridge,"[{""coefficient"":-0.5,""condition_id"":""FQD-FD-3169-Q04-F1-O-A""},{""coefficient"":-0.5,""condition_id"":""FQD-FD-3169-Q04-F1-O-H""},{""coefficient"":0.5,""condition_id"":""FQD-FD-3169-Q04-F1-P1-A""},{""coefficient"":0.5,""condition_id"":""FQD-FD-3169-Q04-F1-P1-H""}]","{""ab_forward/answer_sum"":0.7966480255126953,""ab_reverse/answer_sum"":2.191730499267578,""ncc"":0.050628489312484426,""original/answer_mean"":0.0061550140380859375,""original/answer_sum"":0.03168678283691406}","{""ab_forward/answer_sum"":""positive"",""ab_reverse/answer_sum"":""positive"",""ncc"":""positive"",""original/answer_mean"":""positive"",""original/answer_sum"":""positive""}",True,False,False
FD-3169-Q04-F1-O-X1-sH,False,False,False,scope_total_bridge,"[{""coefficient"":-1.0,""condition_id"":""FQD-FD-3169-Q04-F1-O-H""},{""coefficient"":1.0,""condition_id"":""FQD-FD-3169-Q04-F1-X1-H""}]","{""ab_forward/answer_sum"":1.382822036743164,""ab_reverse/answer_sum"":2.1160125732421875,""ncc"":0.0562101632843528,""original/answer_mean"":0.04013888041178393,""original/answer_sum"":0.20020103454589844}","{""ab_forward/answer_sum"":""positive"",""ab_reverse/answer_sum"":""positive"",""ncc"":""positive"",""original/answer_mean"":""positive"",""original/answer_sum"":""positive""}",True,False,False
FD-3169-Q04-F1-O-X1-sA,False,False,False,scope_total_bridge,"[{""coefficient"":-1.0,""condition_id"":""FQD-FD-3169-Q04-F1-O-A""},{""coefficient"":1.0,""condition_id"":""FQD-FD-3169-Q04-F1-X1-A""}]","{""ab_forward/answer_sum"":1.4854011535644531,""ab_reverse/answer_sum"":1.5483322143554688,""ncc"":0.07124737675602244,""original/answer_mean"":0.03848851521809904,""original/answer_sum"":0.19032669067382812}","{""ab_forward/answer_sum"":""positive"",""ab_reverse/answer_sum"":""positive"",""ncc"":""positive"",""original/answer_mean"":""positive"",""original/answer_sum"":""positive""}",True,False,True
FD-3169-Q04-F1-O-X1-I,False,False,False,scope_total_bridge,"[{""coefficient"":1.0,""condition_id"":""FQD-FD-3169-Q04-F1-O-A""},{""coefficient"":-1.0,""condition_id"":""FQD-FD-3169-Q04-F1-O-H""},{""coefficient"":-1.0,""condition_id"":""FQD-FD-3169-Q04-F1-X1-A""},{""coefficient"":1.0,""condition_id"":""FQD-FD-3169-Q04-F1-X1-H""}]","{""ab_forward/answer_sum"":-0.10257911682128906,""ab_reverse/answer_sum"":0.5676803588867188,""ncc"":-0.015037213471669642,""original/answer_mean"":0.0016503651936848884,""original/answer_sum"":0.009874343872070312}","{""ab_forward/answer_sum"":""negative"",""ab_reverse/answer_sum"":""positive"",""ncc"":""negative"",""original/answer_mean"":""unresolved"",""original/answer_sum"":""positive""}",False,False,True
FD-3169-Q04-F1-O-X1-C,False,False,False,scope_total_bridge,"[{""coefficient"":-0.5,""condition_id"":""FQD-FD-3169-Q04-F1-O-A""},{""coefficient"":-0.5,""condition_id"":""FQD-FD-3169-Q04-F1-O-H""},{""coefficient"":0.5,""condition_id"":""FQD-FD-3169-Q04-F1-X1-A""},{""coefficient"":0.5,""condition_id"":""FQD-FD-3169-Q04-F1-X1-H""}]","{""ab_forward/answer_sum"":1.4341115951538086,""ab_reverse/answer_sum"":1.8321723937988281,""ncc"":0.06372877002018762,""original/answer_mean"":0.039313697814941484,""original/answer_sum"":0.19526386260986328}","{""ab_forward/answer_sum"":""positive"",""ab_reverse/answer_sum"":""positive"",""ncc"":""positive"",""original/answer_mean"":""positive"",""original/answer_sum"":""positive""}",True,False,True
FD-3169-Q04-F1-O-P2-sH,False,False,False,scope_total_bridge,"[{""coefficient"":-1.0,""condition_id"":""FQD-FD-3169-Q04-F1-O-H""},{""coefficient"":1.0,""condition_id"":""FQD-FD-3169-Q04-F1-P2-H""}]","{""ab_forward/answer_sum"":0.7675685882568359,""ab_reverse/answer_sum"":2.647418975830078,""ncc"":0.07583598575408246,""original/answer_mean"":-0.013842010498046897,""original/answer_sum"":-0.06679916381835938}","{""ab_forward/answer_sum"":""positive"",""ab_reverse/answer_sum"":""positive"",""ncc"":""positive"",""original/answer_mean"":""negative"",""original/answer_sum"":""negative""}",False,False,True
FD-3169-Q04-F1-O-P2-sA,False,False,False,scope_total_bridge,"[{""coefficient"":-1.0,""condition_id"":""FQD-FD-3169-Q04-F1-O-A""},{""coefficient"":1.0,""condition_id"":""FQD-FD-3169-Q04-F1-P2-A""}]","{""ab_forward/answer_sum"":0.9244155883789062,""ab_reverse/answer_sum"":2.343952178955078,""ncc"":0.08106225196644345,""original/answer_mean"":-0.010886891682942768,""original/answer_sum"":-0.053531646728515625}","{""ab_forward/answer_sum"":""positive"",""ab_reverse/answer_sum"":""positive"",""ncc"":""positive"",""original/answer_mean"":""negative"",""original/answer_sum"":""negative""}",False,False,True
FD-3169-Q04-F1-O-P2-I,False,False,False,scope_total_bridge,"[{""coefficient"":1.0,""condition_id"":""FQD-FD-3169-Q04-F1-O-A""},{""coefficient"":-1.0,""condition_id"":""FQD-FD-3169-Q04-F1-O-H""},{""coefficient"":-1.0,""condition_id"":""FQD-FD-3169-Q04-F1-P2-A""},{""coefficient"":1.0,""condition_id"":""FQD-FD-3169-Q04-F1-P2-H""}]","{""ab_forward/answer_sum"":-0.1568470001220703,""ab_reverse/answer_sum"":0.303466796875,""ncc"":-0.005226266212360997,""original/answer_mean"":-0.0029551188151041297,""original/answer_sum"":-0.01326751708984375}","{""ab_forward/answer_sum"":""negative"",""ab_reverse/answer_sum"":""positive"",""ncc"":""unresolved"",""original/answer_mean"":""unresolved"",""original/answer_sum"":""negative""}",False,False,False
FD-3169-Q04-F1-O-P2-C,False,False,False,scope_total_bridge,"[{""coefficient"":-0.5,""condition_id"":""FQD-FD-3169-Q04-F1-O-A""},{""coefficient"":-0.5,""condition_id"":""FQD-FD-3169-Q04-F1-O-H""},{""coefficient"":0.5,""condition_id"":""FQD-FD-3169-Q04-F1-P2-A""},{""coefficient"":0.5,""condition_id"":""FQD-FD-3169-Q04-F1-P2-H""}]","{""ab_forward/answer_sum"":0.8459920883178711,""ab_reverse/answer_sum"":2.495685577392578,""ncc"":0.07844911886026296,""original/answer_mean"":-0.012364451090494832,""original/answer_sum"":-0.0601654052734375}","{""ab_forward/answer_sum"":""positive"",""ab_reverse/answer_sum"":""positive"",""ncc"":""positive"",""original/answer_mean"":""negative"",""original/answer_sum"":""negative""}",False,False,True
FD-3169-Q04-F1-O-X2-sH,False,False,False,scope_total_bridge,"[{""coefficient"":-1.0,""condition_id"":""FQD-FD-3169-Q04-F1-O-H""},{""coefficient"":1.0,""condition_id"":""FQD-FD-3169-Q04-F1-X2-H""}]","{""ab_forward/answer_sum"":1.172952651977539,""ab_reverse/answer_sum"":2.4725608825683594,""ncc"":0.02297802499440138,""original/answer_mean"":-0.011607487996419197,""original/answer_sum"":-0.05471611022949219}","{""ab_forward/answer_sum"":""positive"",""ab_reverse/answer_sum"":""positive"",""ncc"":""positive"",""original/answer_mean"":""negative"",""original/answer_sum"":""negative""}",False,False,False
FD-3169-Q04-F1-O-X2-sA,False,False,False,scope_total_bridge,"[{""coefficient"":-1.0,""condition_id"":""FQD-FD-3169-Q04-F1-O-A""},{""coefficient"":1.0,""condition_id"":""FQD-FD-3169-Q04-F1-X2-A""}]","{""ab_forward/answer_sum"":1.3450279235839844,""ab_reverse/answer_sum"":2.0386581420898438,""ncc"":0.03593290311935693,""original/answer_mean"":-0.006692504882812478,""original/answer_sum"":-0.03180694580078125}","{""ab_forward/answer_sum"":""positive"",""ab_reverse/answer_sum"":""positive"",""ncc"":""positive"",""original/answer_mean"":""negative"",""original/answer_sum"":""negative""}",False,False,False
FD-3169-Q04-F1-O-X2-I,False,False,False,scope_total_bridge,"[{""coefficient"":1.0,""condition_id"":""FQD-FD-3169-Q04-F1-O-A""},{""coefficient"":-1.0,""condition_id"":""FQD-FD-3169-Q04-F1-O-H""},{""coefficient"":-1.0,""condition_id"":""FQD-FD-3169-Q04-F1-X2-A""},{""coefficient"":1.0,""condition_id"":""FQD-FD-3169-Q04-F1-X2-H""}]","{""ab_forward/answer_sum"":-0.1720752716064453,""ab_reverse/answer_sum"":0.4339027404785156,""ncc"":-0.012954878124955549,""original/answer_mean"":-0.004914983113606719,""original/answer_sum"":-0.022909164428710938}","{""ab_forward/answer_sum"":""negative"",""ab_reverse/answer_sum"":""positive"",""ncc"":""negative"",""original/answer_mean"":""unresolved"",""original/answer_sum"":""negative""}",False,False,False
FD-3169-Q04-F1-O-X2-C,False,False,False,scope_total_bridge,"[{""coefficient"":-0.5,""condition_id"":""FQD-FD-3169-Q04-F1-O-A""},{""coefficient"":-0.5,""condition_id"":""FQD-FD-3169-Q04-F1-O-H""},{""coefficient"":0.5,""condition_id"":""FQD-FD-3169-Q04-F1-X2-A""},{""coefficient"":0.5,""condition_id"":""FQD-FD-3169-Q04-F1-X2-H""}]","{""ab_forward/answer_sum"":1.2589902877807617,""ab_reverse/answer_sum"":2.2556095123291016,""ncc"":0.029455464056879155,""original/answer_mean"":-0.009149996439615837,""original/answer_sum"":-0.04326152801513672}","{""ab_forward/answer_sum"":""positive"",""ab_reverse/answer_sum"":""positive"",""ncc"":""positive"",""original/answer_mean"":""negative"",""original/answer_sum"":""negative""}",False,False,False
FD-3169-Q05-F1-O-delta,False,False,False,within_query_word_pair,"[{""coefficient"":-1.0,""condition_id"":""FQD-FD-3169-Q05-F1-O-A""},{""coefficient"":1.0,""condition_id"":""FQD-FD-3169-Q05-F1-O-H""}]","{""ab_forward/answer_sum"":0.040435791015625,""ab_reverse/answer_sum"":0.14057540893554688,""ncc"":0.08901433229398514,""original/answer_mean"":-0.03138961791992201,""original/answer_sum"":-0.09376144409179688}","{""ab_forward/answer_sum"":""positive"",""ab_reverse/answer_sum"":""positive"",""ncc"":""positive"",""original/answer_mean"":""negative"",""original/answer_sum"":""negative""}",False,False,True
FD-3169-Q05-F1-P1-delta,False,False,False,within_query_word_pair,"[{""coefficient"":-1.0,""condition_id"":""FQD-FD-3169-Q05-F1-P1-A""},{""coefficient"":1.0,""condition_id"":""FQD-FD-3169-Q05-F1-P1-H""}]","{""ab_forward/answer_sum"":0.4679603576660156,""ab_reverse/answer_sum"":-0.18454360961914062,""ncc"":-0.011662810392271128,""original/answer_mean"":-0.12755177815755203,""original/answer_sum"":-0.40843963623046875}","{""ab_forward/answer_sum"":""positive"",""ab_reverse/answer_sum"":""negative"",""ncc"":""negative"",""original/answer_mean"":""negative"",""original/answer_sum"":""negative""}",False,False,False
FD-3169-Q05-F1-X1-delta,False,False,False,within_query_word_pair,"[{""coefficient"":-1.0,""condition_id"":""FQD-FD-3169-Q05-F1-X1-A""},{""coefficient"":1.0,""condition_id"":""FQD-FD-3169-Q05-F1-X1-H""}]","{""ab_forward/answer_sum"":-0.7991828918457031,""ab_reverse/answer_sum"":-1.6323318481445312,""ncc"":-0.02076330374441593,""original/answer_mean"":-0.12447967529296866,""original/answer_sum"":-0.39000701904296875}","{""ab_forward/answer_sum"":""negative"",""ab_reverse/answer_sum"":""negative"",""ncc"":""negative"",""original/answer_mean"":""negative"",""original/answer_sum"":""negative""}",True,False,True
FD-3169-Q05-F1-P2-delta,False,False,False,within_query_word_pair,"[{""coefficient"":-1.0,""condition_id"":""FQD-FD-3169-Q05-F1-P2-A""},{""coefficient"":1.0,""condition_id"":""FQD-FD-3169-Q05-F1-P2-H""}]","{""ab_forward/answer_sum"":0.8005104064941406,""ab_reverse/answer_sum"":-0.1792144775390625,""ncc"":-0.018529235350667195,""original/answer_mean"":-0.1366620381673177,""original/answer_sum"":-0.4336357116699219}","{""ab_forward/answer_sum"":""positive"",""ab_reverse/answer_sum"":""negative"",""ncc"":""negative"",""original/answer_mean"":""negative"",""original/answer_sum"":""negative""}",False,False,True
FD-3169-Q05-F1-X2-delta,False,False,False,within_query_word_pair,"[{""coefficient"":-1.0,""condition_id"":""FQD-FD-3169-Q05-F1-X2-A""},{""coefficient"":1.0,""condition_id"":""FQD-FD-3169-Q05-F1-X2-H""}]","{""ab_forward/answer_sum"":-0.4848442077636719,""ab_reverse/answer_sum"":-1.3243370056152344,""ncc"":0.03770661501701156,""original/answer_mean"":-0.07465744018554688,""original/answer_sum"":-0.23123550415039062}","{""ab_forward/answer_sum"":""negative"",""ab_reverse/answer_sum"":""negative"",""ncc"":""positive"",""original/answer_mean"":""negative"",""original/answer_sum"":""negative""}",False,False,True
FD-3169-Q05-F1-P1-X1-sH,False,False,False,scope_matched,"[{""coefficient"":-1.0,""condition_id"":""FQD-FD-3169-Q05-F1-P1-H""},{""coefficient"":1.0,""condition_id"":""FQD-FD-3169-Q05-F1-X1-H""}]","{""ab_forward/answer_sum"":1.3748588562011719,""ab_reverse/answer_sum"":1.4182243347167969,""ncc"":0.3362706125431867,""original/answer_mean"":0.3624153137207031,""original/answer_sum"":1.0899925231933594}","{""ab_forward/answer_sum"":""positive"",""ab_reverse/answer_sum"":""positive"",""ncc"":""positive"",""original/answer_mean"":""positive"",""original/answer_sum"":""positive""}",True,True,True
FD-3169-Q05-F1-P1-X1-sA,False,False,False,scope_matched,"[{""coefficient"":-1.0,""condition_id"":""FQD-FD-3169-Q05-F1-P1-A""},{""coefficient"":1.0,""condition_id"":""FQD-FD-3169-Q05-F1-X1-A""}]","{""ab_forward/answer_sum"":2.6420021057128906,""ab_reverse/answer_sum"":2.8660125732421875,""ncc"":0.3453711058953315,""original/answer_mean"":0.35934321085611975,""original/answer_sum"":1.0715599060058594}","{""ab_forward/answer_sum"":""positive"",""ab_reverse/answer_sum"":""positive"",""ncc"":""positive"",""original/answer_mean"":""positive"",""original/answer_sum"":""positive""}",True,True,True
FD-3169-Q05-F1-P1-X1-I,False,False,False,scope_matched,"[{""coefficient"":1.0,""condition_id"":""FQD-FD-3169-Q05-F1-P1-A""},{""coefficient"":-1.0,""condition_id"":""FQD-FD-3169-Q05-F1-P1-H""},{""coefficient"":-1.0,""condition_id"":""FQD-FD-3169-Q05-F1-X1-A""},{""coefficient"":1.0,""condition_id"":""FQD-FD-3169-Q05-F1-X1-H""}]","{""ab_forward/answer_sum"":-1.2671432495117188,""ab_reverse/answer_sum"":-1.4477882385253906,""ncc"":-0.0091004933521448,""original/answer_mean"":0.0030721028645833703,""original/answer_sum"":0.0184326171875}","{""ab_forward/answer_sum"":""negative"",""ab_reverse/answer_sum"":""negative"",""ncc"":""unresolved"",""original/answer_mean"":""unresolved"",""original/answer_sum"":""positive""}",False,False,False
FD-3169-Q05-F1-P1-X1-C,False,False,False,scope_matched,"[{""coefficient"":-0.5,""condition_id"":""FQD-FD-3169-Q05-F1-P1-A""},{""coefficient"":-0.5,""condition_id"":""FQD-FD-3169-Q05-F1-P1-H""},{""coefficient"":0.5,""condition_id"":""FQD-FD-3169-Q05-F1-X1-A""},{""coefficient"":0.5,""condition_id"":""FQD-FD-3169-Q05-F1-X1-H""}]","{""ab_forward/answer_sum"":2.0084304809570312,""ab_reverse/answer_sum"":2.142118453979492,""ncc"":0.3408208592192591,""original/answer_mean"":0.36087926228841144,""original/answer_sum"":1.0807762145996094}","{""ab_forward/answer_sum"":""positive"",""ab_reverse/answer_sum"":""positive"",""ncc"":""positive"",""original/answer_mean"":""positive"",""original/answer_sum"":""positive""}",True,True,True
FD-3169-Q05-F1-P2-X2-sH,False,False,False,scope_matched,"[{""coefficient"":-1.0,""condition_id"":""FQD-FD-3169-Q05-F1-P2-H""},{""coefficient"":1.0,""condition_id"":""FQD-FD-3169-Q05-F1-X2-H""}]","{""ab_forward/answer_sum"":2.369842529296875,""ab_reverse/answer_sum"":1.7034225463867188,""ncc"":0.567428726455488,""original/answer_mean"":0.6225212097167968,""original/answer_sum"":1.9600105285644531}","{""ab_forward/answer_sum"":""positive"",""ab_reverse/answer_sum"":""positive"",""ncc"":""positive"",""original/answer_mean"":""positive"",""original/answer_sum"":""positive""}",True,True,True
FD-3169-Q05-F1-P2-X2-sA,False,False,False,scope_matched,"[{""coefficient"":-1.0,""condition_id"":""FQD-FD-3169-Q05-F1-P2-A""},{""coefficient"":1.0,""condition_id"":""FQD-FD-3169-Q05-F1-X2-A""}]","{""ab_forward/answer_sum"":3.6551971435546875,""ab_reverse/answer_sum"":2.8485450744628906,""ncc"":0.5111928760878093,""original/answer_mean"":0.560516611735026,""original/answer_sum"":1.7576103210449219}","{""ab_forward/answer_sum"":""positive"",""ab_reverse/answer_sum"":""positive"",""ncc"":""positive"",""original/answer_mean"":""positive"",""original/answer_sum"":""positive""}",True,True,True
FD-3169-Q05-F1-P2-X2-I,False,False,False,scope_matched,"[{""coefficient"":1.0,""condition_id"":""FQD-FD-3169-Q05-F1-P2-A""},{""coefficient"":-1.0,""condition_id"":""FQD-FD-3169-Q05-F1-P2-H""},{""coefficient"":-1.0,""condition_id"":""FQD-FD-3169-Q05-F1-X2-A""},{""coefficient"":1.0,""condition_id"":""FQD-FD-3169-Q05-F1-X2-H""}]","{""ab_forward/answer_sum"":-1.2853546142578125,""ab_reverse/answer_sum"":-1.1451225280761719,""ncc"":0.05623585036767875,""original/answer_mean"":0.062004597981770826,""original/answer_sum"":0.20240020751953125}","{""ab_forward/answer_sum"":""negative"",""ab_reverse/answer_sum"":""negative"",""ncc"":""positive"",""original/answer_mean"":""positive"",""original/answer_sum"":""positive""}",False,True,True
FD-3169-Q05-F1-P2-X2-C,False,False,False,scope_matched,"[{""coefficient"":-0.5,""condition_id"":""FQD-FD-3169-Q05-F1-P2-A""},{""coefficient"":-0.5,""condition_id"":""FQD-FD-3169-Q05-F1-P2-H""},{""coefficient"":0.5,""condition_id"":""FQD-FD-3169-Q05-F1-X2-A""},{""coefficient"":0.5,""condition_id"":""FQD-FD-3169-Q05-F1-X2-H""}]","{""ab_forward/answer_sum"":3.0125198364257812,""ab_reverse/answer_sum"":2.2759838104248047,""ncc"":0.5393108012716487,""original/answer_mean"":0.5915189107259113,""original/answer_sum"":1.8588104248046875}","{""ab_forward/answer_sum"":""positive"",""ab_reverse/answer_sum"":""positive"",""ncc"":""positive"",""original/answer_mean"":""positive"",""original/answer_sum"":""positive""}",True,True,True
FD-3169-Q05-F1-O-P1-sH,False,False,False,scope_total_bridge,"[{""coefficient"":-1.0,""condition_id"":""FQD-FD-3169-Q05-F1-O-H""},{""coefficient"":1.0,""condition_id"":""FQD-FD-3169-Q05-F1-P1-H""}]","{""ab_forward/answer_sum"":-3.2420806884765625,""ab_reverse/answer_sum"":-3.607837677001953,""ncc"":-1.157080585774133,""original/answer_mean"":-1.1992965698242186,""original/answer_sum"":-3.7484817504882812}","{""ab_forward/answer_sum"":""negative"",""ab_reverse/answer_sum"":""negative"",""ncc"":""negative"",""original/answer_mean"":""negative"",""original/answer_sum"":""negative""}",True,True,True
FD-3169-Q05-F1-O-P1-sA,False,False,False,scope_total_bridge,"[{""coefficient"":-1.0,""condition_id"":""FQD-FD-3169-Q05-F1-O-A""},{""coefficient"":1.0,""condition_id"":""FQD-FD-3169-Q05-F1-P1-A""}]","{""ab_forward/answer_sum"":-3.669605255126953,""ab_reverse/answer_sum"":-3.2827186584472656,""ncc"":-1.0564034430878768,""original/answer_mean"":-1.1031344095865885,""original/answer_sum"":-3.4338035583496094}","{""ab_forward/answer_sum"":""negative"",""ab_reverse/answer_sum"":""negative"",""ncc"":""negative"",""original/answer_mean"":""negative"",""original/answer_sum"":""negative""}",True,True,True
FD-3169-Q05-F1-O-P1-I,False,False,False,scope_total_bridge,"[{""coefficient"":1.0,""condition_id"":""FQD-FD-3169-Q05-F1-O-A""},{""coefficient"":-1.0,""condition_id"":""FQD-FD-3169-Q05-F1-O-H""},{""coefficient"":-1.0,""condition_id"":""FQD-FD-3169-Q05-F1-P1-A""},{""coefficient"":1.0,""condition_id"":""FQD-FD-3169-Q05-F1-P1-H""}]","{""ab_forward/answer_sum"":0.4275245666503906,""ab_reverse/answer_sum"":-0.3251190185546875,""ncc"":-0.10067714268625627,""original/answer_mean"":-0.09616216023763002,""original/answer_sum"":-0.3146781921386719}","{""ab_forward/answer_sum"":""positive"",""ab_reverse/answer_sum"":""negative"",""ncc"":""negative"",""original/answer_mean"":""negative"",""original/answer_sum"":""negative""}",False,True,True
FD-3169-Q05-F1-O-P1-C,False,False,False,scope_total_bridge,"[{""coefficient"":-0.5,""condition_id"":""FQD-FD-3169-Q05-F1-O-A""},{""coefficient"":-0.5,""condition_id"":""FQD-FD-3169-Q05-F1-O-H""},{""coefficient"":0.5,""condition_id"":""FQD-FD-3169-Q05-F1-P1-A""},{""coefficient"":0.5,""condition_id"":""FQD-FD-3169-Q05-F1-P1-H""}]","{""ab_forward/answer_sum"":-3.455842971801758,""ab_reverse/answer_sum"":-3.4452781677246094,""ncc"":-1.106742014431005,""original/answer_mean"":-1.1512154897054037,""original/answer_sum"":-3.5911426544189453}","{""ab_forward/answer_sum"":""negative"",""ab_reverse/answer_sum"":""negative"",""ncc"":""negative"",""original/answer_mean"":""negative"",""original/answer_sum"":""negative""}",True,True,True
FD-3169-Q05-F1-O-X1-sH,False,False,False,scope_total_bridge,"[{""coefficient"":-1.0,""condition_id"":""FQD-FD-3169-Q05-F1-O-H""},{""coefficient"":1.0,""condition_id"":""FQD-FD-3169-Q05-F1-X1-H""}]","{""ab_forward/answer_sum"":-1.8672218322753906,""ab_reverse/answer_sum"":-2.1896133422851562,""ncc"":-0.8208099732309464,""original/answer_mean"":-0.8368812561035155,""original/answer_sum"":-2.658489227294922}","{""ab_forward/answer_sum"":""negative"",""ab_reverse/answer_sum"":""negative"",""ncc"":""negative"",""original/answer_mean"":""negative"",""original/answer_sum"":""negative""}",True,True,True
FD-3169-Q05-F1-O-X1-sA,False,False,False,scope_total_bridge,"[{""coefficient"":-1.0,""condition_id"":""FQD-FD-3169-Q05-F1-O-A""},{""coefficient"":1.0,""condition_id"":""FQD-FD-3169-Q05-F1-X1-A""}]","{""ab_forward/answer_sum"":-1.0276031494140625,""ab_reverse/answer_sum"":-0.4167060852050781,""ncc"":-0.7110323371925453,""original/answer_mean"":-0.7437911987304688,""original/answer_sum"":-2.36224365234375}","{""ab_forward/answer_sum"":""negative"",""ab_reverse/answer_sum"":""negative"",""ncc"":""negative"",""original/answer_mean"":""negative"",""original/answer_sum"":""negative""}",True,True,True
FD-3169-Q05-F1-O-X1-I,False,False,False,scope_total_bridge,"[{""coefficient"":1.0,""condition_id"":""FQD-FD-3169-Q05-F1-O-A""},{""coefficient"":-1.0,""condition_id"":""FQD-FD-3169-Q05-F1-O-H""},{""coefficient"":-1.0,""condition_id"":""FQD-FD-3169-Q05-F1-X1-A""},{""coefficient"":1.0,""condition_id"":""FQD-FD-3169-Q05-F1-X1-H""}]","{""ab_forward/answer_sum"":-0.8396186828613281,""ab_reverse/answer_sum"":-1.7729072570800781,""ncc"":-0.10977763603840107,""original/answer_mean"":-0.09309005737304665,""original/answer_sum"":-0.2962455749511719}","{""ab_forward/answer_sum"":""negative"",""ab_reverse/answer_sum"":""negative"",""ncc"":""negative"",""original/answer_mean"":""negative"",""original/answer_sum"":""negative""}",True,True,True
FD-3169-Q05-F1-O-X1-C,False,False,False,scope_total_bridge,"[{""coefficient"":-0.5,""condition_id"":""FQD-FD-3169-Q05-F1-O-A""},{""coefficient"":-0.5,""condition_id"":""FQD-FD-3169-Q05-F1-O-H""},{""coefficient"":0.5,""condition_id"":""FQD-FD-3169-Q05-F1-X1-A""},{""coefficient"":0.5,""condition_id"":""FQD-FD-3169-Q05-F1-X1-H""}]","{""ab_forward/answer_sum"":-1.4474124908447266,""ab_reverse/answer_sum"":-1.3031597137451172,""ncc"":-0.7659211552117459,""original/answer_mean"":-0.7903362274169922,""original/answer_sum"":-2.510366439819336}","{""ab_forward/answer_sum"":""negative"",""ab_reverse/answer_sum"":""negative"",""ncc"":""negative"",""original/answer_mean"":""negative"",""original/answer_sum"":""negative""}",True,True,True
FD-3169-Q05-F1-O-P2-sH,False,False,False,scope_total_bridge,"[{""coefficient"":-1.0,""condition_id"":""FQD-FD-3169-Q05-F1-O-H""},{""coefficient"":1.0,""condition_id"":""FQD-FD-3169-Q05-F1-P2-H""}]","{""ab_forward/answer_sum"":-2.6780357360839844,""ab_reverse/answer_sum"":-3.0986862182617188,""ncc"":-1.0890957565961776,""original/answer_mean"":-1.1787737528483073,""original/answer_sum"":-3.705799102783203}","{""ab_forward/answer_sum"":""negative"",""ab_reverse/answer_sum"":""negative"",""ncc"":""negative"",""original/answer_mean"":""negative"",""original/answer_sum"":""negative""}",True,True,True
FD-3169-Q05-F1-O-P2-sA,False,False,False,scope_total_bridge,"[{""coefficient"":-1.0,""condition_id"":""FQD-FD-3169-Q05-F1-O-A""},{""coefficient"":1.0,""condition_id"":""FQD-FD-3169-Q05-F1-P2-A""}]","{""ab_forward/answer_sum"":-3.4381103515625,""ab_reverse/answer_sum"":-2.7788963317871094,""ncc"":-0.9815521889515253,""original/answer_mean"":-1.0735013326009115,""original/answer_sum"":-3.365924835205078}","{""ab_forward/answer_sum"":""negative"",""ab_reverse/answer_sum"":""negative"",""ncc"":""negative"",""original/answer_mean"":""negative"",""original/answer_sum"":""negative""}",True,True,True
FD-3169-Q05-F1-O-P2-I,False,False,False,scope_total_bridge,"[{""coefficient"":1.0,""condition_id"":""FQD-FD-3169-Q05-F1-O-A""},{""coefficient"":-1.0,""condition_id"":""FQD-FD-3169-Q05-F1-O-H""},{""coefficient"":-1.0,""condition_id"":""FQD-FD-3169-Q05-F1-P2-A""},{""coefficient"":1.0,""condition_id"":""FQD-FD-3169-Q05-F1-P2-H""}]","{""ab_forward/answer_sum"":0.7600746154785156,""ab_reverse/answer_sum"":-0.3197898864746094,""ncc"":-0.10754356764465234,""original/answer_mean"":-0.10527242024739569,""original/answer_sum"":-0.339874267578125}","{""ab_forward/answer_sum"":""positive"",""ab_reverse/answer_sum"":""negative"",""ncc"":""negative"",""original/answer_mean"":""negative"",""original/answer_sum"":""negative""}",False,True,True
FD-3169-Q05-F1-O-P2-C,False,False,False,scope_total_bridge,"[{""coefficient"":-0.5,""condition_id"":""FQD-FD-3169-Q05-F1-O-A""},{""coefficient"":-0.5,""condition_id"":""FQD-FD-3169-Q05-F1-O-H""},{""coefficient"":0.5,""condition_id"":""FQD-FD-3169-Q05-F1-P2-A""},{""coefficient"":0.5,""condition_id"":""FQD-FD-3169-Q05-F1-P2-H""}]","{""ab_forward/answer_sum"":-3.058073043823242,""ab_reverse/answer_sum"":-2.938791275024414,""ncc"":-1.0353239727738515,""original/answer_mean"":-1.1261375427246094,""original/answer_sum"":-3.5358619689941406}","{""ab_forward/answer_sum"":""negative"",""ab_reverse/answer_sum"":""negative"",""ncc"":""negative"",""original/answer_mean"":""negative"",""original/answer_sum"":""negative""}",True,True,True
FD-3169-Q05-F1-O-X2-sH,False,False,False,scope_total_bridge,"[{""coefficient"":-1.0,""condition_id"":""FQD-FD-3169-Q05-F1-O-H""},{""coefficient"":1.0,""condition_id"":""FQD-FD-3169-Q05-F1-X2-H""}]","{""ab_forward/answer_sum"":-0.3081932067871094,""ab_reverse/answer_sum"":-1.395263671875,""ncc"":-0.5216670301406896,""original/answer_mean"":-0.5562525431315104,""original/answer_sum"":-1.74578857421875}","{""ab_forward/answer_sum"":""negative"",""ab_reverse/answer_sum"":""negative"",""ncc"":""negative"",""original/answer_mean"":""negative"",""original/answer_sum"":""negative""}",True,True,True
FD-3169-Q05-F1-O-X2-sA,False,False,False,scope_total_bridge,"[{""coefficient"":-1.0,""condition_id"":""FQD-FD-3169-Q05-F1-O-A""},{""coefficient"":1.0,""condition_id"":""FQD-FD-3169-Q05-F1-X2-A""}]","{""ab_forward/answer_sum"":0.2170867919921875,""ab_reverse/answer_sum"":0.06964874267578125,""ncc"":-0.470359312863716,""original/answer_mean"":-0.5129847208658855,""original/answer_sum"":-1.6083145141601562}","{""ab_forward/answer_sum"":""positive"",""ab_reverse/answer_sum"":""positive"",""ncc"":""negative"",""original/answer_mean"":""negative"",""original/answer_sum"":""negative""}",False,True,True
FD-3169-Q05-F1-O-X2-I,False,False,False,scope_total_bridge,"[{""coefficient"":1.0,""condition_id"":""FQD-FD-3169-Q05-F1-O-A""},{""coefficient"":-1.0,""condition_id"":""FQD-FD-3169-Q05-F1-O-H""},{""coefficient"":-1.0,""condition_id"":""FQD-FD-3169-Q05-F1-X2-A""},{""coefficient"":1.0,""condition_id"":""FQD-FD-3169-Q05-F1-X2-H""}]","{""ab_forward/answer_sum"":-0.5252799987792969,""ab_reverse/answer_sum"":-1.4649124145507812,""ncc"":-0.051307717276973586,""original/answer_mean"":-0.04326782226562487,""original/answer_sum"":-0.13747406005859375}","{""ab_forward/answer_sum"":""negative"",""ab_reverse/answer_sum"":""negative"",""ncc"":""negative"",""original/answer_mean"":""negative"",""original/answer_sum"":""negative""}",True,True,True
FD-3169-Q05-F1-O-X2-C,False,False,False,scope_total_bridge,"[{""coefficient"":-0.5,""condition_id"":""FQD-FD-3169-Q05-F1-O-A""},{""coefficient"":-0.5,""condition_id"":""FQD-FD-3169-Q05-F1-O-H""},{""coefficient"":0.5,""condition_id"":""FQD-FD-3169-Q05-F1-X2-A""},{""coefficient"":0.5,""condition_id"":""FQD-FD-3169-Q05-F1-X2-H""}]","{""ab_forward/answer_sum"":-0.04555320739746094,""ab_reverse/answer_sum"":-0.6628074645996094,""ncc"":-0.4960131715022028,""original/answer_mean"":-0.534618631998698,""original/answer_sum"":-1.6770515441894531}","{""ab_forward/answer_sum"":""negative"",""ab_reverse/answer_sum"":""negative"",""ncc"":""negative"",""original/answer_mean"":""negative"",""original/answer_sum"":""negative""}",True,True,True
FD-3169-Q06-F1-O-delta,False,False,False,within_query_word_pair,"[{""coefficient"":-1.0,""condition_id"":""FQD-FD-3169-Q06-F1-O-A""},{""coefficient"":1.0,""condition_id"":""FQD-FD-3169-Q06-F1-O-H""}]","{""ab_forward/answer_sum"":-2.1115341186523438,""ab_reverse/answer_sum"":-0.4978370666503906,""ncc"":-0.22110275348075437,""original/answer_mean"":-0.3415067036946615,""original/answer_sum"":-0.9741630554199219}","{""ab_forward/answer_sum"":""negative"",""ab_reverse/answer_sum"":""negative"",""ncc"":""negative"",""original/answer_mean"":""negative"",""original/answer_sum"":""negative""}",True,True,True
FD-3169-Q06-F1-P1-delta,False,False,False,within_query_word_pair,"[{""coefficient"":-1.0,""condition_id"":""FQD-FD-3169-Q06-F1-P1-A""},{""coefficient"":1.0,""condition_id"":""FQD-FD-3169-Q06-F1-P1-H""}]","{""ab_forward/answer_sum"":-1.2186279296875,""ab_reverse/answer_sum"":-1.3993034362792969,""ncc"":-0.31003368034669854,""original/answer_mean"":-0.42592264811197933,""original/answer_sum"":-1.1845245361328125}","{""ab_forward/answer_sum"":""negative"",""ab_reverse/answer_sum"":""negative"",""ncc"":""negative"",""original/answer_mean"":""negative"",""original/answer_sum"":""negative""}",True,True,True
FD-3169-Q06-F1-X1-delta,False,False,False,within_query_word_pair,"[{""coefficient"":-1.0,""condition_id"":""FQD-FD-3169-Q06-F1-X1-A""},{""coefficient"":1.0,""condition_id"":""FQD-FD-3169-Q06-F1-X1-H""}]","{""ab_forward/answer_sum"":-2.358623504638672,""ab_reverse/answer_sum"":-2.5235328674316406,""ncc"":-0.4042558371103011,""original/answer_mean"":-0.507972208658854,""original/answer_sum"":-1.412933349609375}","{""ab_forward/answer_sum"":""negative"",""ab_reverse/answer_sum"":""negative"",""ncc"":""negative"",""original/answer_mean"":""negative"",""original/answer_sum"":""negative""}",True,True,True
FD-3169-Q06-F1-P2-delta,False,False,False,within_query_word_pair,"[{""coefficient"":-1.0,""condition_id"":""FQD-FD-3169-Q06-F1-P2-A""},{""coefficient"":1.0,""condition_id"":""FQD-FD-3169-Q06-F1-P2-H""}]","{""ab_forward/answer_sum"":-0.9401702880859375,""ab_reverse/answer_sum"":-1.6709060668945312,""ncc"":-0.32252195182202126,""original/answer_mean"":-0.4406547546386719,""original/answer_sum"":-1.2294807434082031}","{""ab_forward/answer_sum"":""negative"",""ab_reverse/answer_sum"":""negative"",""ncc"":""negative"",""original/answer_mean"":""negative"",""original/answer_sum"":""negative""}",True,True,True
FD-3169-Q06-F1-X2-delta,False,False,False,within_query_word_pair,"[{""coefficient"":-1.0,""condition_id"":""FQD-FD-3169-Q06-F1-X2-A""},{""coefficient"":1.0,""condition_id"":""FQD-FD-3169-Q06-F1-X2-H""}]","{""ab_forward/answer_sum"":-2.750598907470703,""ab_reverse/answer_sum"":-2.291656494140625,""ncc"":-0.4084733471411912,""original/answer_mean"":-0.5208374023437496,""original/answer_sum"":-1.5108871459960938}","{""ab_forward/answer_sum"":""negative"",""ab_reverse/answer_sum"":""negative"",""ncc"":""negative"",""original/answer_mean"":""negative"",""original/answer_sum"":""negative""}",True,True,True
FD-3169-Q06-F1-P1-X1-sH,False,False,False,scope_matched,"[{""coefficient"":-1.0,""condition_id"":""FQD-FD-3169-Q06-F1-P1-H""},{""coefficient"":1.0,""condition_id"":""FQD-FD-3169-Q06-F1-X1-H""}]","{""ab_forward/answer_sum"":1.6219825744628906,""ab_reverse/answer_sum"":0.7579269409179688,""ncc"":0.25079367365972316,""original/answer_mean"":0.2769383748372395,""original/answer_sum"":0.5985641479492188}","{""ab_forward/answer_sum"":""positive"",""ab_reverse/answer_sum"":""positive"",""ncc"":""positive"",""original/answer_mean"":""positive"",""original/answer_sum"":""positive""}",True,True,True
FD-3169-Q06-F1-P1-X1-sA,False,False,False,scope_matched,"[{""coefficient"":-1.0,""condition_id"":""FQD-FD-3169-Q06-F1-P1-A""},{""coefficient"":1.0,""condition_id"":""FQD-FD-3169-Q06-F1-X1-A""}]","{""ab_forward/answer_sum"":2.7619781494140625,""ab_reverse/answer_sum"":1.8821563720703125,""ncc"":0.34501583042332573,""original/answer_mean"":0.3589879353841141,""original/answer_sum"":0.8269729614257812}","{""ab_forward/answer_sum"":""positive"",""ab_reverse/answer_sum"":""positive"",""ncc"":""positive"",""original/answer_mean"":""positive"",""original/answer_sum"":""positive""}",True,True,True
FD-3169-Q06-F1-P1-X1-I,False,False,False,scope_matched,"[{""coefficient"":1.0,""condition_id"":""FQD-FD-3169-Q06-F1-P1-A""},{""coefficient"":-1.0,""condition_id"":""FQD-FD-3169-Q06-F1-P1-H""},{""coefficient"":-1.0,""condition_id"":""FQD-FD-3169-Q06-F1-X1-A""},{""coefficient"":1.0,""condition_id"":""FQD-FD-3169-Q06-F1-X1-H""}]","{""ab_forward/answer_sum"":-1.1399955749511719,""ab_reverse/answer_sum"":-1.1242294311523438,""ncc"":-0.09422215676360257,""original/answer_mean"":-0.08204956054687462,""original/answer_sum"":-0.2284088134765625}","{""ab_forward/answer_sum"":""negative"",""ab_reverse/answer_sum"":""negative"",""ncc"":""negative"",""original/answer_mean"":""negative"",""original/answer_sum"":""negative""}",True,True,True
FD-3169-Q06-F1-P1-X1-C,False,False,False,scope_matched,"[{""coefficient"":-0.5,""condition_id"":""FQD-FD-3169-Q06-F1-P1-A""},{""coefficient"":-0.5,""condition_id"":""FQD-FD-3169-Q06-F1-P1-H""},{""coefficient"":0.5,""condition_id"":""FQD-FD-3169-Q06-F1-X1-A""},{""coefficient"":0.5,""condition_id"":""FQD-FD-3169-Q06-F1-X1-H""}]","{""ab_forward/answer_sum"":2.1919803619384766,""ab_reverse/answer_sum"":1.3200416564941406,""ncc"":0.29790475204152445,""original/answer_mean"":0.3179631551106768,""original/answer_sum"":0.7127685546875}","{""ab_forward/answer_sum"":""positive"",""ab_reverse/answer_sum"":""positive"",""ncc"":""positive"",""original/answer_mean"":""positive"",""original/answer_sum"":""positive""}",True,True,True
FD-3169-Q06-F1-P2-X2-sH,False,False,False,scope_matched,"[{""coefficient"":-1.0,""condition_id"":""FQD-FD-3169-Q06-F1-P2-H""},{""coefficient"":1.0,""condition_id"":""FQD-FD-3169-Q06-F1-X2-H""}]","{""ab_forward/answer_sum"":2.17083740234375,""ab_reverse/answer_sum"":1.6877288818359375,""ncc"":0.17841607183309227,""original/answer_mean"":0.23350855509440116,""original/answer_sum"":0.7517356872558594}","{""ab_forward/answer_sum"":""positive"",""ab_reverse/answer_sum"":""positive"",""ncc"":""positive"",""original/answer_mean"":""positive"",""original/answer_sum"":""positive""}",True,True,True
FD-3169-Q06-F1-P2-X2-sA,False,False,False,scope_matched,"[{""coefficient"":-1.0,""condition_id"":""FQD-FD-3169-Q06-F1-P2-A""},{""coefficient"":1.0,""condition_id"":""FQD-FD-3169-Q06-F1-X2-A""}]","{""ab_forward/answer_sum"":3.9812660217285156,""ab_reverse/answer_sum"":2.3084793090820312,""ncc"":0.2643674671522622,""original/answer_mean"":0.31369120279947893,""original/answer_sum"":1.03314208984375}","{""ab_forward/answer_sum"":""positive"",""ab_reverse/answer_sum"":""positive"",""ncc"":""positive"",""original/answer_mean"":""positive"",""original/answer_sum"":""positive""}",True,True,True
FD-3169-Q06-F1-P2-X2-I,False,False,False,scope_matched,"[{""coefficient"":1.0,""condition_id"":""FQD-FD-3169-Q06-F1-P2-A""},{""coefficient"":-1.0,""condition_id"":""FQD-FD-3169-Q06-F1-P2-H""},{""coefficient"":-1.0,""condition_id"":""FQD-FD-3169-Q06-F1-X2-A""},{""coefficient"":1.0,""condition_id"":""FQD-FD-3169-Q06-F1-X2-H""}]","{""ab_forward/answer_sum"":-1.8104286193847656,""ab_reverse/answer_sum"":-0.6207504272460938,""ncc"":-0.08595139531916995,""original/answer_mean"":-0.08018264770507777,""original/answer_sum"":-0.2814064025878906}","{""ab_forward/answer_sum"":""negative"",""ab_reverse/answer_sum"":""negative"",""ncc"":""negative"",""original/answer_mean"":""negative"",""original/answer_sum"":""negative""}",True,True,True
FD-3169-Q06-F1-P2-X2-C,False,False,False,scope_matched,"[{""coefficient"":-0.5,""condition_id"":""FQD-FD-3169-Q06-F1-P2-A""},{""coefficient"":-0.5,""condition_id"":""FQD-FD-3169-Q06-F1-P2-H""},{""coefficient"":0.5,""condition_id"":""FQD-FD-3169-Q06-F1-X2-A""},{""coefficient"":0.5,""condition_id"":""FQD-FD-3169-Q06-F1-X2-H""}]","{""ab_forward/answer_sum"":3.076051712036133,""ab_reverse/answer_sum"":1.9981040954589844,""ncc"":0.22139176949267725,""original/answer_mean"":0.27359987894694004,""original/answer_sum"":0.8924388885498047}","{""ab_forward/answer_sum"":""positive"",""ab_reverse/answer_sum"":""positive"",""ncc"":""positive"",""original/answer_mean"":""positive"",""original/answer_sum"":""positive""}",True,True,True
FD-3169-Q06-F1-O-P1-sH,False,False,False,scope_total_bridge,"[{""coefficient"":-1.0,""condition_id"":""FQD-FD-3169-Q06-F1-O-H""},{""coefficient"":1.0,""condition_id"":""FQD-FD-3169-Q06-F1-P1-H""}]","{""ab_forward/answer_sum"":-0.001438140869140625,""ab_reverse/answer_sum"":-1.3238029479980469,""ncc"":0.47052739558979906,""original/answer_mean"":0.42831141153971364,""original/answer_sum"":0.24114608764648438}","{""ab_forward/answer_sum"":""unresolved"",""ab_reverse/answer_sum"":""negative"",""ncc"":""positive"",""original/answer_mean"":""positive"",""original/answer_sum"":""positive""}",False,True,True
FD-3169-Q06-F1-O-P1-sA,False,False,False,scope_total_bridge,"[{""coefficient"":-1.0,""condition_id"":""FQD-FD-3169-Q06-F1-O-A""},{""coefficient"":1.0,""condition_id"":""FQD-FD-3169-Q06-F1-P1-A""}]","{""ab_forward/answer_sum"":-0.8943443298339844,""ab_reverse/answer_sum"":-0.4223365783691406,""ncc"":0.5594583224557432,""original/answer_mean"":0.5127273559570314,""original/answer_sum"":0.451507568359375}","{""ab_forward/answer_sum"":""negative"",""ab_reverse/answer_sum"":""negative"",""ncc"":""positive"",""original/answer_mean"":""positive"",""original/answer_sum"":""positive""}",False,True,True
FD-3169-Q06-F1-O-P1-I,False,False,False,scope_total_bridge,"[{""coefficient"":1.0,""condition_id"":""FQD-FD-3169-Q06-F1-O-A""},{""coefficient"":-1.0,""condition_id"":""FQD-FD-3169-Q06-F1-O-H""},{""coefficient"":-1.0,""condition_id"":""FQD-FD-3169-Q06-F1-P1-A""},{""coefficient"":1.0,""condition_id"":""FQD-FD-3169-Q06-F1-P1-H""}]","{""ab_forward/answer_sum"":0.8929061889648438,""ab_reverse/answer_sum"":-0.9014663696289062,""ncc"":-0.08893092686594417,""original/answer_mean"":-0.08441594441731781,""original/answer_sum"":-0.21036148071289062}","{""ab_forward/answer_sum"":""positive"",""ab_reverse/answer_sum"":""negative"",""ncc"":""negative"",""original/answer_mean"":""negative"",""original/answer_sum"":""negative""}",False,True,True
FD-3169-Q06-F1-O-P1-C,False,False,False,scope_total_bridge,"[{""coefficient"":-0.5,""condition_id"":""FQD-FD-3169-Q06-F1-O-A""},{""coefficient"":-0.5,""condition_id"":""FQD-FD-3169-Q06-F1-O-H""},{""coefficient"":0.5,""condition_id"":""FQD-FD-3169-Q06-F1-P1-A""},{""coefficient"":0.5,""condition_id"":""FQD-FD-3169-Q06-F1-P1-H""}]","{""ab_forward/answer_sum"":-0.4478912353515625,""ab_reverse/answer_sum"":-0.8730697631835938,""ncc"":0.5149928590227711,""original/answer_mean"":0.47051938374837254,""original/answer_sum"":0.3463268280029297}","{""ab_forward/answer_sum"":""negative"",""ab_reverse/answer_sum"":""negative"",""ncc"":""positive"",""original/answer_mean"":""positive"",""original/answer_sum"":""positive""}",False,True,True
FD-3169-Q06-F1-O-X1-sH,False,False,False,scope_total_bridge,"[{""coefficient"":-1.0,""condition_id"":""FQD-FD-3169-Q06-F1-O-H""},{""coefficient"":1.0,""condition_id"":""FQD-FD-3169-Q06-F1-X1-H""}]","{""ab_forward/answer_sum"":1.62054443359375,""ab_reverse/answer_sum"":-0.5658760070800781,""ncc"":0.7213210692495222,""original/answer_mean"":0.7052497863769531,""original/answer_sum"":0.8397102355957031}","{""ab_forward/answer_sum"":""positive"",""ab_reverse/answer_sum"":""negative"",""ncc"":""positive"",""original/answer_mean"":""positive"",""original/answer_sum"":""positive""}",False,True,True
FD-3169-Q06-F1-O-X1-sA,False,False,False,scope_total_bridge,"[{""coefficient"":-1.0,""condition_id"":""FQD-FD-3169-Q06-F1-O-A""},{""coefficient"":1.0,""condition_id"":""FQD-FD-3169-Q06-F1-X1-A""}]","{""ab_forward/answer_sum"":1.8676338195800781,""ab_reverse/answer_sum"":1.4598197937011719,""ncc"":0.904474152879069,""original/answer_mean"":0.8717152913411456,""original/answer_sum"":1.2784805297851562}","{""ab_forward/answer_sum"":""positive"",""ab_reverse/answer_sum"":""positive"",""ncc"":""positive"",""original/answer_mean"":""positive"",""original/answer_sum"":""positive""}",True,True,True
FD-3169-Q06-F1-O-X1-I,False,False,False,scope_total_bridge,"[{""coefficient"":1.0,""condition_id"":""FQD-FD-3169-Q06-F1-O-A""},{""coefficient"":-1.0,""condition_id"":""FQD-FD-3169-Q06-F1-O-H""},{""coefficient"":-1.0,""condition_id"":""FQD-FD-3169-Q06-F1-X1-A""},{""coefficient"":1.0,""condition_id"":""FQD-FD-3169-Q06-F1-X1-H""}]","{""ab_forward/answer_sum"":-0.24708938598632812,""ab_reverse/answer_sum"":-2.02569580078125,""ncc"":-0.18315308362954674,""original/answer_mean"":-0.16646550496419243,""original/answer_sum"":-0.4387702941894531}","{""ab_forward/answer_sum"":""negative"",""ab_reverse/answer_sum"":""negative"",""ncc"":""negative"",""original/answer_mean"":""negative"",""original/answer_sum"":""negative""}",True,True,True
FD-3169-Q06-F1-O-X1-C,False,False,False,scope_total_bridge,"[{""coefficient"":-0.5,""condition_id"":""FQD-FD-3169-Q06-F1-O-A""},{""coefficient"":-0.5,""condition_id"":""FQD-FD-3169-Q06-F1-O-H""},{""coefficient"":0.5,""condition_id"":""FQD-FD-3169-Q06-F1-X1-A""},{""coefficient"":0.5,""condition_id"":""FQD-FD-3169-Q06-F1-X1-H""}]","{""ab_forward/answer_sum"":1.744089126586914,""ab_reverse/answer_sum"":0.4469718933105469,""ncc"":0.8128976110642956,""original/answer_mean"":0.7884825388590493,""original/answer_sum"":1.0590953826904297}","{""ab_forward/answer_sum"":""positive"",""ab_reverse/answer_sum"":""positive"",""ncc"":""positive"",""original/answer_mean"":""positive"",""original/answer_sum"":""positive""}",True,True,True
FD-3169-Q06-F1-O-P2-sH,False,False,False,scope_total_bridge,"[{""coefficient"":-1.0,""condition_id"":""FQD-FD-3169-Q06-F1-O-H""},{""coefficient"":1.0,""condition_id"":""FQD-FD-3169-Q06-F1-P2-H""}]","{""ab_forward/answer_sum"":0.4321327209472656,""ab_reverse/answer_sum"":-0.792022705078125,""ncc"":0.469593615148614,""original/answer_mean"":0.3799156188964844,""original/answer_sum"":0.11775588989257812}","{""ab_forward/answer_sum"":""positive"",""ab_reverse/answer_sum"":""negative"",""ncc"":""positive"",""original/answer_mean"":""positive"",""original/answer_sum"":""positive""}",False,True,True
FD-3169-Q06-F1-O-P2-sA,False,False,False,scope_total_bridge,"[{""coefficient"":-1.0,""condition_id"":""FQD-FD-3169-Q06-F1-O-A""},{""coefficient"":1.0,""condition_id"":""FQD-FD-3169-Q06-F1-P2-A""}]","{""ab_forward/answer_sum"":-0.7392311096191406,""ab_reverse/answer_sum"":0.3810462951660156,""ncc"":0.5710128134898809,""original/answer_mean"":0.47906366984049475,""original/answer_sum"":0.3730735778808594}","{""ab_forward/answer_sum"":""negative"",""ab_reverse/answer_sum"":""positive"",""ncc"":""positive"",""original/answer_mean"":""positive"",""original/answer_sum"":""positive""}",False,True,True
FD-3169-Q06-F1-O-P2-I,False,False,False,scope_total_bridge,"[{""coefficient"":1.0,""condition_id"":""FQD-FD-3169-Q06-F1-O-A""},{""coefficient"":-1.0,""condition_id"":""FQD-FD-3169-Q06-F1-O-H""},{""coefficient"":-1.0,""condition_id"":""FQD-FD-3169-Q06-F1-P2-A""},{""coefficient"":1.0,""condition_id"":""FQD-FD-3169-Q06-F1-P2-H""}]","{""ab_forward/answer_sum"":1.1713638305664062,""ab_reverse/answer_sum"":-1.1730690002441406,""ncc"":-0.10141919834126689,""original/answer_mean"":-0.09914805094401036,""original/answer_sum"":-0.25531768798828125}","{""ab_forward/answer_sum"":""positive"",""ab_reverse/answer_sum"":""negative"",""ncc"":""negative"",""original/answer_mean"":""negative"",""original/answer_sum"":""negative""}",False,True,True
FD-3169-Q06-F1-O-P2-C,False,False,False,scope_total_bridge,"[{""coefficient"":-0.5,""condition_id"":""FQD-FD-3169-Q06-F1-O-A""},{""coefficient"":-0.5,""condition_id"":""FQD-FD-3169-Q06-F1-O-H""},{""coefficient"":0.5,""condition_id"":""FQD-FD-3169-Q06-F1-P2-A""},{""coefficient"":0.5,""condition_id"":""FQD-FD-3169-Q06-F1-P2-H""}]","{""ab_forward/answer_sum"":-0.1535491943359375,""ab_reverse/answer_sum"":-0.2054882049560547,""ncc"":0.5203032143192474,""original/answer_mean"":0.4294896443684896,""original/answer_sum"":0.24541473388671875}","{""ab_forward/answer_sum"":""negative"",""ab_reverse/answer_sum"":""negative"",""ncc"":""positive"",""original/answer_mean"":""positive"",""original/answer_sum"":""positive""}",False,True,True
FD-3169-Q06-F1-O-X2-sH,False,False,False,scope_total_bridge,"[{""coefficient"":-1.0,""condition_id"":""FQD-FD-3169-Q06-F1-O-H""},{""coefficient"":1.0,""condition_id"":""FQD-FD-3169-Q06-F1-X2-H""}]","{""ab_forward/answer_sum"":2.6029701232910156,""ab_reverse/answer_sum"":0.8957061767578125,""ncc"":0.6480096869817062,""original/answer_mean"":0.6134241739908856,""original/answer_sum"":0.8694915771484375}","{""ab_forward/answer_sum"":""positive"",""ab_reverse/answer_sum"":""positive"",""ncc"":""positive"",""original/answer_mean"":""positive"",""original/answer_sum"":""positive""}",True,True,True
FD-3169-Q06-F1-O-X2-sA,False,False,False,scope_total_bridge,"[{""coefficient"":-1.0,""condition_id"":""FQD-FD-3169-Q06-F1-O-A""},{""coefficient"":1.0,""condition_id"":""FQD-FD-3169-Q06-F1-X2-A""}]","{""ab_forward/answer_sum"":3.242034912109375,""ab_reverse/answer_sum"":2.689525604248047,""ncc"":0.8353802806421431,""original/answer_mean"":0.7927548726399737,""original/answer_sum"":1.4062156677246094}","{""ab_forward/answer_sum"":""positive"",""ab_reverse/answer_sum"":""positive"",""ncc"":""positive"",""original/answer_mean"":""positive"",""original/answer_sum"":""positive""}",True,True,True
FD-3169-Q06-F1-O-X2-I,False,False,False,scope_total_bridge,"[{""coefficient"":1.0,""condition_id"":""FQD-FD-3169-Q06-F1-O-A""},{""coefficient"":-1.0,""condition_id"":""FQD-FD-3169-Q06-F1-O-H""},{""coefficient"":-1.0,""condition_id"":""FQD-FD-3169-Q06-F1-X2-A""},{""coefficient"":1.0,""condition_id"":""FQD-FD-3169-Q06-F1-X2-H""}]","{""ab_forward/answer_sum"":-0.6390647888183594,""ab_reverse/answer_sum"":-1.7938194274902344,""ncc"":-0.18737059366043685,""original/answer_mean"":-0.17933069864908813,""original/answer_sum"":-0.5367240905761719}","{""ab_forward/answer_sum"":""negative"",""ab_reverse/answer_sum"":""negative"",""ncc"":""negative"",""original/answer_mean"":""negative"",""original/answer_sum"":""negative""}",True,True,True
FD-3169-Q06-F1-O-X2-C,False,False,False,scope_total_bridge,"[{""coefficient"":-0.5,""condition_id"":""FQD-FD-3169-Q06-F1-O-A""},{""coefficient"":-0.5,""condition_id"":""FQD-FD-3169-Q06-F1-O-H""},{""coefficient"":0.5,""condition_id"":""FQD-FD-3169-Q06-F1-X2-A""},{""coefficient"":0.5,""condition_id"":""FQD-FD-3169-Q06-F1-X2-H""}]","{""ab_forward/answer_sum"":2.9225025177001953,""ab_reverse/answer_sum"":1.7926158905029297,""ncc"":0.7416949838119247,""original/answer_mean"":0.7030895233154296,""original/answer_sum"":1.1378536224365234}","{""ab_forward/answer_sum"":""positive"",""ab_reverse/answer_sum"":""positive"",""ncc"":""positive"",""original/answer_mean"":""positive"",""original/answer_sum"":""positive""}",True,True,True
FD-3169-Q07-F1-O-delta,False,False,False,within_query_word_pair,"[{""coefficient"":-1.0,""condition_id"":""FQD-FD-3169-Q07-F1-O-A""},{""coefficient"":1.0,""condition_id"":""FQD-FD-3169-Q07-F1-O-H""}]","{""ab_forward/answer_sum"":-1.0884246826171875,""ab_reverse/answer_sum"":-0.3074684143066406,""ncc"":0.0014212536807041154,""original/answer_mean"":-0.11898269653320315,""original/answer_sum"":-0.4024314880371094}","{""ab_forward/answer_sum"":""negative"",""ab_reverse/answer_sum"":""negative"",""ncc"":""unresolved"",""original/answer_mean"":""negative"",""original/answer_sum"":""negative""}",False,False,False
FD-3169-Q07-F1-P1-delta,False,False,False,within_query_word_pair,"[{""coefficient"":-1.0,""condition_id"":""FQD-FD-3169-Q07-F1-P1-A""},{""coefficient"":1.0,""condition_id"":""FQD-FD-3169-Q07-F1-P1-H""}]","{""ab_forward/answer_sum"":-1.6428031921386719,""ab_reverse/answer_sum"":-1.2056846618652344,""ncc"":0.07804895108233811,""original/answer_mean"":-0.037840016682942734,""original/answer_sum"":-0.22386550903320312}","{""ab_forward/answer_sum"":""negative"",""ab_reverse/answer_sum"":""negative"",""ncc"":""positive"",""original/answer_mean"":""negative"",""original/answer_sum"":""negative""}",False,False,True
FD-3169-Q07-F1-X1-delta,False,False,False,within_query_word_pair,"[{""coefficient"":-1.0,""condition_id"":""FQD-FD-3169-Q07-F1-X1-A""},{""coefficient"":1.0,""condition_id"":""FQD-FD-3169-Q07-F1-X1-H""}]","{""ab_forward/answer_sum"":-2.037078857421875,""ab_reverse/answer_sum"":-1.7113761901855469,""ncc"":-0.07187770397228066,""original/answer_mean"":-0.17559407552083334,""original/answer_sum"":-0.6725692749023438}","{""ab_forward/answer_sum"":""negative"",""ab_reverse/answer_sum"":""negative"",""ncc"":""negative"",""original/answer_mean"":""negative"",""original/answer_sum"":""negative""}",True,True,True
FD-3169-Q07-F1-P2-delta,False,False,False,within_query_word_pair,"[{""coefficient"":-1.0,""condition_id"":""FQD-FD-3169-Q07-F1-P2-A""},{""coefficient"":1.0,""condition_id"":""FQD-FD-3169-Q07-F1-P2-H""}]","{""ab_forward/answer_sum"":-1.6392135620117188,""ab_reverse/answer_sum"":-1.2581672668457031,""ncc"":0.10982515511157231,""original/answer_mean"":-0.008307647705078136,""original/answer_sum"":-0.14661788940429688}","{""ab_forward/answer_sum"":""negative"",""ab_reverse/answer_sum"":""negative"",""ncc"":""positive"",""original/answer_mean"":""negative"",""original/answer_sum"":""negative""}",False,True,True
FD-3169-Q07-F1-X2-delta,False,False,False,within_query_word_pair,"[{""coefficient"":-1.0,""condition_id"":""FQD-FD-3169-Q07-F1-X2-A""},{""coefficient"":1.0,""condition_id"":""FQD-FD-3169-Q07-F1-X2-H""}]","{""ab_forward/answer_sum"":-2.352428436279297,""ab_reverse/answer_sum"":-1.6148910522460938,""ncc"":-0.07265359413012362,""original/answer_mean"":-0.1850176493326823,""original/answer_sum"":-0.7382240295410156}","{""ab_forward/answer_sum"":""negative"",""ab_reverse/answer_sum"":""negative"",""ncc"":""negative"",""original/answer_mean"":""negative"",""original/answer_sum"":""negative""}",True,True,True
FD-3169-Q07-F1-P1-X1-sH,False,False,False,scope_matched,"[{""coefficient"":-1.0,""condition_id"":""FQD-FD-3169-Q07-F1-P1-H""},{""coefficient"":1.0,""condition_id"":""FQD-FD-3169-Q07-F1-X1-H""}]","{""ab_forward/answer_sum"":1.6450576782226562,""ab_reverse/answer_sum"":0.5871238708496094,""ncc"":0.08556769099370776,""original/answer_mean"":0.11171239217122397,""original/answer_sum"":0.4222373962402344}","{""ab_forward/answer_sum"":""positive"",""ab_reverse/answer_sum"":""positive"",""ncc"":""positive"",""original/answer_mean"":""positive"",""original/answer_sum"":""positive""}",True,True,True
FD-3169-Q07-F1-P1-X1-sA,False,False,False,scope_matched,"[{""coefficient"":-1.0,""condition_id"":""FQD-FD-3169-Q07-F1-P1-A""},{""coefficient"":1.0,""condition_id"":""FQD-FD-3169-Q07-F1-X1-A""}]","{""ab_forward/answer_sum"":2.0393333435058594,""ab_reverse/answer_sum"":1.0928153991699219,""ncc"":0.23549434604832653,""original/answer_mean"":0.24946645100911458,""original/answer_sum"":0.870941162109375}","{""ab_forward/answer_sum"":""positive"",""ab_reverse/answer_sum"":""positive"",""ncc"":""positive"",""original/answer_mean"":""positive"",""original/answer_sum"":""positive""}",True,True,True
FD-3169-Q07-F1-P1-X1-I,False,False,False,scope_matched,"[{""coefficient"":1.0,""condition_id"":""FQD-FD-3169-Q07-F1-P1-A""},{""coefficient"":-1.0,""condition_id"":""FQD-FD-3169-Q07-F1-P1-H""},{""coefficient"":-1.0,""condition_id"":""FQD-FD-3169-Q07-F1-X1-A""},{""coefficient"":1.0,""condition_id"":""FQD-FD-3169-Q07-F1-X1-H""}]","{""ab_forward/answer_sum"":-0.3942756652832031,""ab_reverse/answer_sum"":-0.5056915283203125,""ncc"":-0.14992665505461877,""original/answer_mean"":-0.1377540588378906,""original/answer_sum"":-0.4487037658691406}","{""ab_forward/answer_sum"":""negative"",""ab_reverse/answer_sum"":""negative"",""ncc"":""negative"",""original/answer_mean"":""negative"",""original/answer_sum"":""negative""}",True,True,True
FD-3169-Q07-F1-P1-X1-C,False,False,False,scope_matched,"[{""coefficient"":-0.5,""condition_id"":""FQD-FD-3169-Q07-F1-P1-A""},{""coefficient"":-0.5,""condition_id"":""FQD-FD-3169-Q07-F1-P1-H""},{""coefficient"":0.5,""condition_id"":""FQD-FD-3169-Q07-F1-X1-A""},{""coefficient"":0.5,""condition_id"":""FQD-FD-3169-Q07-F1-X1-H""}]","{""ab_forward/answer_sum"":1.8421955108642578,""ab_reverse/answer_sum"":0.8399696350097656,""ncc"":0.16053101852101714,""original/answer_mean"":0.18058942159016927,""original/answer_sum"":0.6465892791748047}","{""ab_forward/answer_sum"":""positive"",""ab_reverse/answer_sum"":""positive"",""ncc"":""positive"",""original/answer_mean"":""positive"",""original/answer_sum"":""positive""}",True,True,True
FD-3169-Q07-F1-P2-X2-sH,False,False,False,scope_matched,"[{""coefficient"":-1.0,""condition_id"":""FQD-FD-3169-Q07-F1-P2-H""},{""coefficient"":1.0,""condition_id"":""FQD-FD-3169-Q07-F1-X2-H""}]","{""ab_forward/answer_sum"":0.817169189453125,""ab_reverse/answer_sum"":0.5177421569824219,""ncc"":0.005728032689212181,""original/answer_mean"":0.060820515950520876,""original/answer_sum"":0.25888824462890625}","{""ab_forward/answer_sum"":""positive"",""ab_reverse/answer_sum"":""positive"",""ncc"":""positive"",""original/answer_mean"":""positive"",""original/answer_sum"":""positive""}",True,False,False
FD-3169-Q07-F1-P2-X2-sA,False,False,False,scope_matched,"[{""coefficient"":-1.0,""condition_id"":""FQD-FD-3169-Q07-F1-P2-A""},{""coefficient"":1.0,""condition_id"":""FQD-FD-3169-Q07-F1-X2-A""}]","{""ab_forward/answer_sum"":1.5303840637207031,""ab_reverse/answer_sum"":0.8744659423828125,""ncc"":0.18820678193090812,""original/answer_mean"":0.23753051757812504,""original/answer_sum"":0.850494384765625}","{""ab_forward/answer_sum"":""positive"",""ab_reverse/answer_sum"":""positive"",""ncc"":""positive"",""original/answer_mean"":""positive"",""original/answer_sum"":""positive""}",True,True,True
FD-3169-Q07-F1-P2-X2-I,False,False,False,scope_matched,"[{""coefficient"":1.0,""condition_id"":""FQD-FD-3169-Q07-F1-P2-A""},{""coefficient"":-1.0,""condition_id"":""FQD-FD-3169-Q07-F1-P2-H""},{""coefficient"":-1.0,""condition_id"":""FQD-FD-3169-Q07-F1-X2-A""},{""coefficient"":1.0,""condition_id"":""FQD-FD-3169-Q07-F1-X2-H""}]","{""ab_forward/answer_sum"":-0.7132148742675781,""ab_reverse/answer_sum"":-0.3567237854003906,""ncc"":-0.18247874924169594,""original/answer_mean"":-0.17671000162760417,""original/answer_sum"":-0.5916061401367188}","{""ab_forward/answer_sum"":""negative"",""ab_reverse/answer_sum"":""negative"",""ncc"":""negative"",""original/answer_mean"":""negative"",""original/answer_sum"":""negative""}",True,True,True
FD-3169-Q07-F1-P2-X2-C,False,False,False,scope_matched,"[{""coefficient"":-0.5,""condition_id"":""FQD-FD-3169-Q07-F1-P2-A""},{""coefficient"":-0.5,""condition_id"":""FQD-FD-3169-Q07-F1-P2-H""},{""coefficient"":0.5,""condition_id"":""FQD-FD-3169-Q07-F1-X2-A""},{""coefficient"":0.5,""condition_id"":""FQD-FD-3169-Q07-F1-X2-H""}]","{""ab_forward/answer_sum"":1.173776626586914,""ab_reverse/answer_sum"":0.6961040496826172,""ncc"":0.09696740731006015,""original/answer_mean"":0.14917551676432295,""original/answer_sum"":0.5546913146972656}","{""ab_forward/answer_sum"":""positive"",""ab_reverse/answer_sum"":""positive"",""ncc"":""positive"",""original/answer_mean"":""positive"",""original/answer_sum"":""positive""}",True,True,True
FD-3169-Q07-F1-O-P1-sH,False,False,False,scope_total_bridge,"[{""coefficient"":-1.0,""condition_id"":""FQD-FD-3169-Q07-F1-O-H""},{""coefficient"":1.0,""condition_id"":""FQD-FD-3169-Q07-F1-P1-H""}]","{""ab_forward/answer_sum"":-4.26507568359375,""ab_reverse/answer_sum"":-4.589469909667969,""ncc"":-0.542876687662154,""original/answer_mean"":-0.5850926717122396,""original/answer_sum"":-2.0704421997070312}","{""ab_forward/answer_sum"":""negative"",""ab_reverse/answer_sum"":""negative"",""ncc"":""negative"",""original/answer_mean"":""negative"",""original/answer_sum"":""negative""}",True,True,True
FD-3169-Q07-F1-O-P1-sA,False,False,False,scope_total_bridge,"[{""coefficient"":-1.0,""condition_id"":""FQD-FD-3169-Q07-F1-O-A""},{""coefficient"":1.0,""condition_id"":""FQD-FD-3169-Q07-F1-P1-A""}]","{""ab_forward/answer_sum"":-3.7106971740722656,""ab_reverse/answer_sum"":-3.691253662109375,""ncc"":-0.619504385063788,""original/answer_mean"":-0.6662353515624999,""original/answer_sum"":-2.2490081787109375}","{""ab_forward/answer_sum"":""negative"",""ab_reverse/answer_sum"":""negative"",""ncc"":""negative"",""original/answer_mean"":""negative"",""original/answer_sum"":""negative""}",True,True,True
FD-3169-Q07-F1-O-P1-I,False,False,False,scope_total_bridge,"[{""coefficient"":1.0,""condition_id"":""FQD-FD-3169-Q07-F1-O-A""},{""coefficient"":-1.0,""condition_id"":""FQD-FD-3169-Q07-F1-O-H""},{""coefficient"":-1.0,""condition_id"":""FQD-FD-3169-Q07-F1-P1-A""},{""coefficient"":1.0,""condition_id"":""FQD-FD-3169-Q07-F1-P1-H""}]","{""ab_forward/answer_sum"":-0.5543785095214844,""ab_reverse/answer_sum"":-0.8982162475585938,""ncc"":0.076627697401634,""original/answer_mean"":0.08114267985026041,""original/answer_sum"":0.17856597900390625}","{""ab_forward/answer_sum"":""negative"",""ab_reverse/answer_sum"":""negative"",""ncc"":""positive"",""original/answer_mean"":""positive"",""original/answer_sum"":""positive""}",False,True,True
FD-3169-Q07-F1-O-P1-C,False,False,False,scope_total_bridge,"[{""coefficient"":-0.5,""condition_id"":""FQD-FD-3169-Q07-F1-O-A""},{""coefficient"":-0.5,""condition_id"":""FQD-FD-3169-Q07-F1-O-H""},{""coefficient"":0.5,""condition_id"":""FQD-FD-3169-Q07-F1-P1-A""},{""coefficient"":0.5,""condition_id"":""FQD-FD-3169-Q07-F1-P1-H""}]","{""ab_forward/answer_sum"":-3.987886428833008,""ab_reverse/answer_sum"":-4.140361785888672,""ncc"":-0.581190536362971,""original/answer_mean"":-0.6256640116373697,""original/answer_sum"":-2.1597251892089844}","{""ab_forward/answer_sum"":""negative"",""ab_reverse/answer_sum"":""negative"",""ncc"":""negative"",""original/answer_mean"":""negative"",""original/answer_sum"":""negative""}",True,True,True
FD-3169-Q07-F1-O-X1-sH,False,False,False,scope_total_bridge,"[{""coefficient"":-1.0,""condition_id"":""FQD-FD-3169-Q07-F1-O-H""},{""coefficient"":1.0,""condition_id"":""FQD-FD-3169-Q07-F1-X1-H""}]","{""ab_forward/answer_sum"":-2.6200180053710938,""ab_reverse/answer_sum"":-4.002346038818359,""ncc"":-0.45730899666844627,""original/answer_mean"":-0.4733802795410156,""original/answer_sum"":-1.6482048034667969}","{""ab_forward/answer_sum"":""negative"",""ab_reverse/answer_sum"":""negative"",""ncc"":""negative"",""original/answer_mean"":""negative"",""original/answer_sum"":""negative""}",True,True,True
FD-3169-Q07-F1-O-X1-sA,False,False,False,scope_total_bridge,"[{""coefficient"":-1.0,""condition_id"":""FQD-FD-3169-Q07-F1-O-A""},{""coefficient"":1.0,""condition_id"":""FQD-FD-3169-Q07-F1-X1-A""}]","{""ab_forward/answer_sum"":-1.6713638305664062,""ab_reverse/answer_sum"":-2.598438262939453,""ncc"":-0.3840100390154615,""original/answer_mean"":-0.4167689005533854,""original/answer_sum"":-1.3780670166015625}","{""ab_forward/answer_sum"":""negative"",""ab_reverse/answer_sum"":""negative"",""ncc"":""negative"",""original/answer_mean"":""negative"",""original/answer_sum"":""negative""}",True,True,True
FD-3169-Q07-F1-O-X1-I,False,False,False,scope_total_bridge,"[{""coefficient"":1.0,""condition_id"":""FQD-FD-3169-Q07-F1-O-A""},{""coefficient"":-1.0,""condition_id"":""FQD-FD-3169-Q07-F1-O-H""},{""coefficient"":-1.0,""condition_id"":""FQD-FD-3169-Q07-F1-X1-A""},{""coefficient"":1.0,""condition_id"":""FQD-FD-3169-Q07-F1-X1-H""}]","{""ab_forward/answer_sum"":-0.9486541748046875,""ab_reverse/answer_sum"":-1.4039077758789062,""ncc"":-0.07329895765298478,""original/answer_mean"":-0.05661137898763019,""original/answer_sum"":-0.2701377868652344}","{""ab_forward/answer_sum"":""negative"",""ab_reverse/answer_sum"":""negative"",""ncc"":""negative"",""original/answer_mean"":""negative"",""original/answer_sum"":""negative""}",True,True,True
FD-3169-Q07-F1-O-X1-C,False,False,False,scope_total_bridge,"[{""coefficient"":-0.5,""condition_id"":""FQD-FD-3169-Q07-F1-O-A""},{""coefficient"":-0.5,""condition_id"":""FQD-FD-3169-Q07-F1-O-H""},{""coefficient"":0.5,""condition_id"":""FQD-FD-3169-Q07-F1-X1-A""},{""coefficient"":0.5,""condition_id"":""FQD-FD-3169-Q07-F1-X1-H""}]","{""ab_forward/answer_sum"":-2.14569091796875,""ab_reverse/answer_sum"":-3.3003921508789062,""ncc"":-0.4206595178419539,""original/answer_mean"":-0.4450745900472005,""original/answer_sum"":-1.5131359100341797}","{""ab_forward/answer_sum"":""negative"",""ab_reverse/answer_sum"":""negative"",""ncc"":""negative"",""original/answer_mean"":""negative"",""original/answer_sum"":""negative""}",True,True,True
FD-3169-Q07-F1-O-P2-sH,False,False,False,scope_total_bridge,"[{""coefficient"":-1.0,""condition_id"":""FQD-FD-3169-Q07-F1-O-H""},{""coefficient"":1.0,""condition_id"":""FQD-FD-3169-Q07-F1-P2-H""}]","{""ab_forward/answer_sum"":-3.6363143920898438,""ab_reverse/answer_sum"":-4.264495849609375,""ncc"":-0.424536074385891,""original/answer_mean"":-0.5142140706380208,""original/answer_sum"":-1.8891220092773438}","{""ab_forward/answer_sum"":""negative"",""ab_reverse/answer_sum"":""negative"",""ncc"":""negative"",""original/answer_mean"":""negative"",""original/answer_sum"":""negative""}",True,True,True
FD-3169-Q07-F1-O-P2-sA,False,False,False,scope_total_bridge,"[{""coefficient"":-1.0,""condition_id"":""FQD-FD-3169-Q07-F1-O-A""},{""coefficient"":1.0,""condition_id"":""FQD-FD-3169-Q07-F1-P2-A""}]","{""ab_forward/answer_sum"":-3.0855255126953125,""ab_reverse/answer_sum"":-3.3137969970703125,""ncc"":-0.5329399758167592,""original/answer_mean"":-0.6248891194661459,""original/answer_sum"":-2.1449356079101562}","{""ab_forward/answer_sum"":""negative"",""ab_reverse/answer_sum"":""negative"",""ncc"":""negative"",""original/answer_mean"":""negative"",""original/answer_sum"":""negative""}",True,True,True
FD-3169-Q07-F1-O-P2-I,False,False,False,scope_total_bridge,"[{""coefficient"":1.0,""condition_id"":""FQD-FD-3169-Q07-F1-O-A""},{""coefficient"":-1.0,""condition_id"":""FQD-FD-3169-Q07-F1-O-H""},{""coefficient"":-1.0,""condition_id"":""FQD-FD-3169-Q07-F1-P2-A""},{""coefficient"":1.0,""condition_id"":""FQD-FD-3169-Q07-F1-P2-H""}]","{""ab_forward/answer_sum"":-0.5507888793945312,""ab_reverse/answer_sum"":-0.9506988525390625,""ncc"":0.1084039014308682,""original/answer_mean"":0.11067504882812501,""original/answer_sum"":0.2558135986328125}","{""ab_forward/answer_sum"":""negative"",""ab_reverse/answer_sum"":""negative"",""ncc"":""positive"",""original/answer_mean"":""positive"",""original/answer_sum"":""positive""}",False,True,True
FD-3169-Q07-F1-O-P2-C,False,False,False,scope_total_bridge,"[{""coefficient"":-0.5,""condition_id"":""FQD-FD-3169-Q07-F1-O-A""},{""coefficient"":-0.5,""condition_id"":""FQD-FD-3169-Q07-F1-O-H""},{""coefficient"":0.5,""condition_id"":""FQD-FD-3169-Q07-F1-P2-A""},{""coefficient"":0.5,""condition_id"":""FQD-FD-3169-Q07-F1-P2-H""}]","{""ab_forward/answer_sum"":-3.360919952392578,""ab_reverse/answer_sum"":-3.7891464233398438,""ncc"":-0.4787380251013251,""original/answer_mean"":-0.5695515950520833,""original/answer_sum"":-2.01702880859375}","{""ab_forward/answer_sum"":""negative"",""ab_reverse/answer_sum"":""negative"",""ncc"":""negative"",""original/answer_mean"":""negative"",""original/answer_sum"":""negative""}",True,True,True
FD-3169-Q07-F1-O-X2-sH,False,False,False,scope_total_bridge,"[{""coefficient"":-1.0,""condition_id"":""FQD-FD-3169-Q07-F1-O-H""},{""coefficient"":1.0,""condition_id"":""FQD-FD-3169-Q07-F1-X2-H""}]","{""ab_forward/answer_sum"":-2.8191452026367188,""ab_reverse/answer_sum"":-3.746753692626953,""ncc"":-0.41880804169667885,""original/answer_mean"":-0.4533935546875,""original/answer_sum"":-1.6302337646484375}","{""ab_forward/answer_sum"":""negative"",""ab_reverse/answer_sum"":""negative"",""ncc"":""negative"",""original/answer_mean"":""negative"",""original/answer_sum"":""negative""}",True,True,True
FD-3169-Q07-F1-O-X2-sA,False,False,False,scope_total_bridge,"[{""coefficient"":-1.0,""condition_id"":""FQD-FD-3169-Q07-F1-O-A""},{""coefficient"":1.0,""condition_id"":""FQD-FD-3169-Q07-F1-X2-A""}]","{""ab_forward/answer_sum"":-1.5551414489746094,""ab_reverse/answer_sum"":-2.4393310546875,""ncc"":-0.3447331938858511,""original/answer_mean"":-0.3873586018880208,""original/answer_sum"":-1.2944412231445312}","{""ab_forward/answer_sum"":""negative"",""ab_reverse/answer_sum"":""negative"",""ncc"":""negative"",""original/answer_mean"":""negative"",""original/answer_sum"":""negative""}",True,True,True
FD-3169-Q07-F1-O-X2-I,False,False,False,scope_total_bridge,"[{""coefficient"":1.0,""condition_id"":""FQD-FD-3169-Q07-F1-O-A""},{""coefficient"":-1.0,""condition_id"":""FQD-FD-3169-Q07-F1-O-H""},{""coefficient"":-1.0,""condition_id"":""FQD-FD-3169-Q07-F1-X2-A""},{""coefficient"":1.0,""condition_id"":""FQD-FD-3169-Q07-F1-X2-H""}]","{""ab_forward/answer_sum"":-1.2640037536621094,""ab_reverse/answer_sum"":-1.3074226379394531,""ncc"":-0.07407484781082774,""original/answer_mean"":-0.06603495279947916,""original/answer_sum"":-0.33579254150390625}","{""ab_forward/answer_sum"":""negative"",""ab_reverse/answer_sum"":""negative"",""ncc"":""negative"",""original/answer_mean"":""negative"",""original/answer_sum"":""negative""}",True,True,True
FD-3169-Q07-F1-O-X2-C,False,False,False,scope_total_bridge,"[{""coefficient"":-0.5,""condition_id"":""FQD-FD-3169-Q07-F1-O-A""},{""coefficient"":-0.5,""condition_id"":""FQD-FD-3169-Q07-F1-O-H""},{""coefficient"":0.5,""condition_id"":""FQD-FD-3169-Q07-F1-X2-A""},{""coefficient"":0.5,""condition_id"":""FQD-FD-3169-Q07-F1-X2-H""}]","{""ab_forward/answer_sum"":-2.187143325805664,""ab_reverse/answer_sum"":-3.0930423736572266,""ncc"":-0.381770617791265,""original/answer_mean"":-0.42037607828776036,""original/answer_sum"":-1.4623374938964844}","{""ab_forward/answer_sum"":""negative"",""ab_reverse/answer_sum"":""negative"",""ncc"":""negative"",""original/answer_mean"":""negative"",""original/answer_sum"":""negative""}",True,True,True
FD-3169-Q08-F1-O-delta,False,False,False,within_query_word_pair,"[{""coefficient"":-1.0,""condition_id"":""FQD-FD-3169-Q08-F1-O-A""},{""coefficient"":1.0,""condition_id"":""FQD-FD-3169-Q08-F1-O-H""}]","{""ab_forward/answer_sum"":-0.28774261474609375,""ab_reverse/answer_sum"":-0.6066970825195312,""ncc"":0.16592002789131577,""original/answer_mean"":0.04551607767740884,""original/answer_sum"":0.2216930389404297}","{""ab_forward/answer_sum"":""negative"",""ab_reverse/answer_sum"":""negative"",""ncc"":""positive"",""original/answer_mean"":""positive"",""original/answer_sum"":""positive""}",False,True,True
FD-3169-Q08-F1-P1-delta,False,False,False,within_query_word_pair,"[{""coefficient"":-1.0,""condition_id"":""FQD-FD-3169-Q08-F1-P1-A""},{""coefficient"":1.0,""condition_id"":""FQD-FD-3169-Q08-F1-P1-H""}]","{""ab_forward/answer_sum"":-0.1960887908935547,""ab_reverse/answer_sum"":-0.8731269836425781,""ncc"":0.1557727720865696,""original/answer_mean"":0.03988380432128902,""original/answer_sum"":0.19498634338378906}","{""ab_forward/answer_sum"":""negative"",""ab_reverse/answer_sum"":""negative"",""ncc"":""positive"",""original/answer_mean"":""positive"",""original/answer_sum"":""positive""}",False,True,True
FD-3169-Q08-F1-X1-delta,False,False,False,within_query_word_pair,"[{""coefficient"":-1.0,""condition_id"":""FQD-FD-3169-Q08-F1-X1-A""},{""coefficient"":1.0,""condition_id"":""FQD-FD-3169-Q08-F1-X1-H""}]","{""ab_forward/answer_sum"":-0.5693569183349609,""ab_reverse/answer_sum"":-1.098541259765625,""ncc"":0.08570794869699006,""original/answer_mean"":-0.018008422851562456,""original/answer_sum"":-0.09085845947265625}","{""ab_forward/answer_sum"":""negative"",""ab_reverse/answer_sum"":""negative"",""ncc"":""positive"",""original/answer_mean"":""negative"",""original/answer_sum"":""negative""}",False,False,True
FD-3169-Q08-F1-P2-delta,False,False,False,within_query_word_pair,"[{""coefficient"":-1.0,""condition_id"":""FQD-FD-3169-Q08-F1-P2-A""},{""coefficient"":1.0,""condition_id"":""FQD-FD-3169-Q08-F1-P2-H""}]","{""ab_forward/answer_sum"":-0.210479736328125,""ab_reverse/answer_sum"":-0.9804115295410156,""ncc"":0.15056841072680704,""original/answer_mean"":0.032435607910156206,""original/answer_sum"":0.15775299072265625}","{""ab_forward/answer_sum"":""negative"",""ab_reverse/answer_sum"":""negative"",""ncc"":""positive"",""original/answer_mean"":""positive"",""original/answer_sum"":""positive""}",False,True,True
FD-3169-Q08-F1-X2-delta,False,False,False,within_query_word_pair,"[{""coefficient"":-1.0,""condition_id"":""FQD-FD-3169-Q08-F1-X2-A""},{""coefficient"":1.0,""condition_id"":""FQD-FD-3169-Q08-F1-X2-H""}]","{""ab_forward/answer_sum"":-0.5566024780273438,""ab_reverse/answer_sum"":-1.0203170776367188,""ncc"":0.10674271731193352,""original/answer_mean"":-0.005621337890625022,""original/answer_sum"":-0.03037261962890625}","{""ab_forward/answer_sum"":""negative"",""ab_reverse/answer_sum"":""negative"",""ncc"":""positive"",""original/answer_mean"":""negative"",""original/answer_sum"":""negative""}",False,True,True
FD-3169-Q08-F1-P1-X1-sH,False,False,False,scope_matched,"[{""coefficient"":-1.0,""condition_id"":""FQD-FD-3169-Q08-F1-P1-H""},{""coefficient"":1.0,""condition_id"":""FQD-FD-3169-Q08-F1-X1-H""}]","{""ab_forward/answer_sum"":0.45224761962890625,""ab_reverse/answer_sum"":0.4398956298828125,""ncc"":-0.01481530461176117,""original/answer_mean"":0.011329396565755268,""original/answer_sum"":0.056499481201171875}","{""ab_forward/answer_sum"":""positive"",""ab_reverse/answer_sum"":""positive"",""ncc"":""negative"",""original/answer_mean"":""positive"",""original/answer_sum"":""positive""}",False,False,True
FD-3169-Q08-F1-P1-X1-sA,False,False,False,scope_matched,"[{""coefficient"":-1.0,""condition_id"":""FQD-FD-3169-Q08-F1-P1-A""},{""coefficient"":1.0,""condition_id"":""FQD-FD-3169-Q08-F1-X1-A""}]","{""ab_forward/answer_sum"":0.8255157470703125,""ab_reverse/answer_sum"":0.6653099060058594,""ncc"":0.05524951877781836,""original/answer_mean"":0.06922162373860674,""original/answer_sum"":0.3423442840576172}","{""ab_forward/answer_sum"":""positive"",""ab_reverse/answer_sum"":""positive"",""ncc"":""positive"",""original/answer_mean"":""positive"",""original/answer_sum"":""positive""}",True,True,True
FD-3169-Q08-F1-P1-X1-I,False,False,False,scope_matched,"[{""coefficient"":1.0,""condition_id"":""FQD-FD-3169-Q08-F1-P1-A""},{""coefficient"":-1.0,""condition_id"":""FQD-FD-3169-Q08-F1-P1-H""},{""coefficient"":-1.0,""condition_id"":""FQD-FD-3169-Q08-F1-X1-A""},{""coefficient"":1.0,""condition_id"":""FQD-FD-3169-Q08-F1-X1-H""}]","{""ab_forward/answer_sum"":-0.37326812744140625,""ab_reverse/answer_sum"":-0.22541427612304688,""ncc"":-0.07006482338957953,""original/answer_mean"":-0.057892227172851474,""original/answer_sum"":-0.2858448028564453}","{""ab_forward/answer_sum"":""negative"",""ab_reverse/answer_sum"":""negative"",""ncc"":""negative"",""original/answer_mean"":""negative"",""original/answer_sum"":""negative""}",True,True,True
FD-3169-Q08-F1-P1-X1-C,False,False,False,scope_matched,"[{""coefficient"":-0.5,""condition_id"":""FQD-FD-3169-Q08-F1-P1-A""},{""coefficient"":-0.5,""condition_id"":""FQD-FD-3169-Q08-F1-P1-H""},{""coefficient"":0.5,""condition_id"":""FQD-FD-3169-Q08-F1-X1-A""},{""coefficient"":0.5,""condition_id"":""FQD-FD-3169-Q08-F1-X1-H""}]","{""ab_forward/answer_sum"":0.6388816833496094,""ab_reverse/answer_sum"":0.5526027679443359,""ncc"":0.020217107083028596,""original/answer_mean"":0.040275510152181004,""original/answer_sum"":0.19942188262939453}","{""ab_forward/answer_sum"":""positive"",""ab_reverse/answer_sum"":""positive"",""ncc"":""positive"",""original/answer_mean"":""positive"",""original/answer_sum"":""positive""}",True,False,True
FD-3169-Q08-F1-P2-X2-sH,False,False,False,scope_matched,"[{""coefficient"":-1.0,""condition_id"":""FQD-FD-3169-Q08-F1-P2-H""},{""coefficient"":1.0,""condition_id"":""FQD-FD-3169-Q08-F1-X2-H""}]","{""ab_forward/answer_sum"":0.11041259765625,""ab_reverse/answer_sum"":0.3433113098144531,""ncc"":-0.03252206394978563,""original/answer_mean"":0.022570419311523482,""original/answer_sum"":0.11227226257324219}","{""ab_forward/answer_sum"":""positive"",""ab_reverse/answer_sum"":""positive"",""ncc"":""negative"",""original/answer_mean"":""positive"",""original/answer_sum"":""positive""}",False,False,True
FD-3169-Q08-F1-P2-X2-sA,False,False,False,scope_matched,"[{""coefficient"":-1.0,""condition_id"":""FQD-FD-3169-Q08-F1-P2-A""},{""coefficient"":1.0,""condition_id"":""FQD-FD-3169-Q08-F1-X2-A""}]","{""ab_forward/answer_sum"":0.45653533935546875,""ab_reverse/answer_sum"":0.38321685791015625,""ncc"":0.011303629465087894,""original/answer_mean"":0.06062736511230471,""original/answer_sum"":0.3003978729248047}","{""ab_forward/answer_sum"":""positive"",""ab_reverse/answer_sum"":""positive"",""ncc"":""positive"",""original/answer_mean"":""positive"",""original/answer_sum"":""positive""}",True,False,False
FD-3169-Q08-F1-P2-X2-I,False,False,False,scope_matched,"[{""coefficient"":1.0,""condition_id"":""FQD-FD-3169-Q08-F1-P2-A""},{""coefficient"":-1.0,""condition_id"":""FQD-FD-3169-Q08-F1-P2-H""},{""coefficient"":-1.0,""condition_id"":""FQD-FD-3169-Q08-F1-X2-A""},{""coefficient"":1.0,""condition_id"":""FQD-FD-3169-Q08-F1-X2-H""}]","{""ab_forward/answer_sum"":-0.34612274169921875,""ab_reverse/answer_sum"":-0.039905548095703125,""ncc"":-0.04382569341487352,""original/answer_mean"":-0.03805694580078123,""original/answer_sum"":-0.1881256103515625}","{""ab_forward/answer_sum"":""negative"",""ab_reverse/answer_sum"":""negative"",""ncc"":""negative"",""original/answer_mean"":""negative"",""original/answer_sum"":""negative""}",True,True,True
FD-3169-Q08-F1-P2-X2-C,False,False,False,scope_matched,"[{""coefficient"":-0.5,""condition_id"":""FQD-FD-3169-Q08-F1-P2-A""},{""coefficient"":-0.5,""condition_id"":""FQD-FD-3169-Q08-F1-P2-H""},{""coefficient"":0.5,""condition_id"":""FQD-FD-3169-Q08-F1-X2-A""},{""coefficient"":0.5,""condition_id"":""FQD-FD-3169-Q08-F1-X2-H""}]","{""ab_forward/answer_sum"":0.2834739685058594,""ab_reverse/answer_sum"":0.3632640838623047,""ncc"":-0.010609217242348867,""original/answer_mean"":0.041598892211914096,""original/answer_sum"":0.20633506774902344}","{""ab_forward/answer_sum"":""positive"",""ab_reverse/answer_sum"":""positive"",""ncc"":""negative"",""original/answer_mean"":""positive"",""original/answer_sum"":""positive""}",False,False,False
FD-3169-Q08-F1-O-P1-sH,False,False,False,scope_total_bridge,"[{""coefficient"":-1.0,""condition_id"":""FQD-FD-3169-Q08-F1-O-H""},{""coefficient"":1.0,""condition_id"":""FQD-FD-3169-Q08-F1-P1-H""}]","{""ab_forward/answer_sum"":0.36536216735839844,""ab_reverse/answer_sum"":1.7696266174316406,""ncc"":-0.018838372842818085,""original/answer_mean"":-0.06105435689290373,""original/answer_sum"":-0.3015460968017578}","{""ab_forward/answer_sum"":""positive"",""ab_reverse/answer_sum"":""positive"",""ncc"":""negative"",""original/answer_mean"":""negative"",""original/answer_sum"":""negative""}",False,False,False
FD-3169-Q08-F1-O-P1-sA,False,False,False,scope_total_bridge,"[{""coefficient"":-1.0,""condition_id"":""FQD-FD-3169-Q08-F1-O-A""},{""coefficient"":1.0,""condition_id"":""FQD-FD-3169-Q08-F1-P1-A""}]","{""ab_forward/answer_sum"":0.2737083435058594,""ab_reverse/answer_sum"":2.0360565185546875,""ncc"":-0.008691117038071905,""original/answer_mean"":-0.055422083536783906,""original/answer_sum"":-0.2748394012451172}","{""ab_forward/answer_sum"":""positive"",""ab_reverse/answer_sum"":""positive"",""ncc"":""negative"",""original/answer_mean"":""negative"",""original/answer_sum"":""negative""}",False,False,False
FD-3169-Q08-F1-O-P1-I,False,False,False,scope_total_bridge,"[{""coefficient"":1.0,""condition_id"":""FQD-FD-3169-Q08-F1-O-A""},{""coefficient"":-1.0,""condition_id"":""FQD-FD-3169-Q08-F1-O-H""},{""coefficient"":-1.0,""condition_id"":""FQD-FD-3169-Q08-F1-P1-A""},{""coefficient"":1.0,""condition_id"":""FQD-FD-3169-Q08-F1-P1-H""}]","{""ab_forward/answer_sum"":0.09165382385253906,""ab_reverse/answer_sum"":-0.2664299011230469,""ncc"":-0.01014725580474618,""original/answer_mean"":-0.005632273356119821,""original/answer_sum"":-0.026706695556640625}","{""ab_forward/answer_sum"":""positive"",""ab_reverse/answer_sum"":""negative"",""ncc"":""unresolved"",""original/answer_mean"":""negative"",""original/answer_sum"":""negative""}",False,False,False
FD-3169-Q08-F1-O-P1-C,False,False,False,scope_total_bridge,"[{""coefficient"":-0.5,""condition_id"":""FQD-FD-3169-Q08-F1-O-A""},{""coefficient"":-0.5,""condition_id"":""FQD-FD-3169-Q08-F1-O-H""},{""coefficient"":0.5,""condition_id"":""FQD-FD-3169-Q08-F1-P1-A""},{""coefficient"":0.5,""condition_id"":""FQD-FD-3169-Q08-F1-P1-H""}]","{""ab_forward/answer_sum"":0.3195352554321289,""ab_reverse/answer_sum"":1.902841567993164,""ncc"":-0.013764744940444995,""original/answer_mean"":-0.05823822021484382,""original/answer_sum"":-0.2881927490234375}","{""ab_forward/answer_sum"":""positive"",""ab_reverse/answer_sum"":""positive"",""ncc"":""negative"",""original/answer_mean"":""negative"",""original/answer_sum"":""negative""}",False,False,False
FD-3169-Q08-F1-O-X1-sH,False,False,False,scope_total_bridge,"[{""coefficient"":-1.0,""condition_id"":""FQD-FD-3169-Q08-F1-O-H""},{""coefficient"":1.0,""condition_id"":""FQD-FD-3169-Q08-F1-X1-H""}]","{""ab_forward/answer_sum"":0.8176097869873047,""ab_reverse/answer_sum"":2.209522247314453,""ncc"":-0.033653677454579256,""original/answer_mean"":-0.04972496032714846,""original/answer_sum"":-0.24504661560058594}","{""ab_forward/answer_sum"":""positive"",""ab_reverse/answer_sum"":""positive"",""ncc"":""negative"",""original/answer_mean"":""negative"",""original/answer_sum"":""negative""}",False,False,True
FD-3169-Q08-F1-O-X1-sA,False,False,False,scope_total_bridge,"[{""coefficient"":-1.0,""condition_id"":""FQD-FD-3169-Q08-F1-O-A""},{""coefficient"":1.0,""condition_id"":""FQD-FD-3169-Q08-F1-X1-A""}]","{""ab_forward/answer_sum"":1.0992240905761719,""ab_reverse/answer_sum"":2.701366424560547,""ncc"":0.04655840173974646,""original/answer_mean"":0.013799540201822835,""original/answer_sum"":0.0675048828125}","{""ab_forward/answer_sum"":""positive"",""ab_reverse/answer_sum"":""positive"",""ncc"":""positive"",""original/answer_mean"":""positive"",""original/answer_sum"":""positive""}",True,False,False
FD-3169-Q08-F1-O-X1-I,False,False,False,scope_total_bridge,"[{""coefficient"":1.0,""condition_id"":""FQD-FD-3169-Q08-F1-O-A""},{""coefficient"":-1.0,""condition_id"":""FQD-FD-3169-Q08-F1-O-H""},{""coefficient"":-1.0,""condition_id"":""FQD-FD-3169-Q08-F1-X1-A""},{""coefficient"":1.0,""condition_id"":""FQD-FD-3169-Q08-F1-X1-H""}]","{""ab_forward/answer_sum"":-0.2816143035888672,""ab_reverse/answer_sum"":-0.49184417724609375,""ncc"":-0.08021207919432571,""original/answer_mean"":-0.0635245005289713,""original/answer_sum"":-0.31255149841308594}","{""ab_forward/answer_sum"":""negative"",""ab_reverse/answer_sum"":""negative"",""ncc"":""negative"",""original/answer_mean"":""negative"",""original/answer_sum"":""negative""}",True,True,True
FD-3169-Q08-F1-O-X1-C,False,False,False,scope_total_bridge,"[{""coefficient"":-0.5,""condition_id"":""FQD-FD-3169-Q08-F1-O-A""},{""coefficient"":-0.5,""condition_id"":""FQD-FD-3169-Q08-F1-O-H""},{""coefficient"":0.5,""condition_id"":""FQD-FD-3169-Q08-F1-X1-A""},{""coefficient"":0.5,""condition_id"":""FQD-FD-3169-Q08-F1-X1-H""}]","{""ab_forward/answer_sum"":0.9584169387817383,""ab_reverse/answer_sum"":2.4554443359375,""ncc"":0.006452362142583601,""original/answer_mean"":-0.017962710062662812,""original/answer_sum"":-0.08877086639404297}","{""ab_forward/answer_sum"":""positive"",""ab_reverse/answer_sum"":""positive"",""ncc"":""positive"",""original/answer_mean"":""negative"",""original/answer_sum"":""negative""}",False,False,False
FD-3169-Q08-F1-O-P2-sH,False,False,False,scope_total_bridge,"[{""coefficient"":-1.0,""condition_id"":""FQD-FD-3169-Q08-F1-O-H""},{""coefficient"":1.0,""condition_id"":""FQD-FD-3169-Q08-F1-P2-H""}]","{""ab_forward/answer_sum"":0.5194320678710938,""ab_reverse/answer_sum"":2.1100540161132812,""ncc"":0.026611895177911293,""original/answer_mean"":-0.06306610107421884,""original/answer_sum"":-0.31243133544921875}","{""ab_forward/answer_sum"":""positive"",""ab_reverse/answer_sum"":""positive"",""ncc"":""positive"",""original/answer_mean"":""negative"",""original/answer_sum"":""negative""}",False,False,False
FD-3169-Q08-F1-O-P2-sA,False,False,False,scope_total_bridge,"[{""coefficient"":-1.0,""condition_id"":""FQD-FD-3169-Q08-F1-O-A""},{""coefficient"":1.0,""condition_id"":""FQD-FD-3169-Q08-F1-P2-A""}]","{""ab_forward/answer_sum"":0.442169189453125,""ab_reverse/answer_sum"":2.4837684631347656,""ncc"":0.04196351234242002,""original/answer_mean"":-0.049985631306966205,""original/answer_sum"":-0.2484912872314453}","{""ab_forward/answer_sum"":""positive"",""ab_reverse/answer_sum"":""positive"",""ncc"":""positive"",""original/answer_mean"":""negative"",""original/answer_sum"":""negative""}",False,False,True
FD-3169-Q08-F1-O-P2-I,False,False,False,scope_total_bridge,"[{""coefficient"":1.0,""condition_id"":""FQD-FD-3169-Q08-F1-O-A""},{""coefficient"":-1.0,""condition_id"":""FQD-FD-3169-Q08-F1-O-H""},{""coefficient"":-1.0,""condition_id"":""FQD-FD-3169-Q08-F1-P2-A""},{""coefficient"":1.0,""condition_id"":""FQD-FD-3169-Q08-F1-P2-H""}]","{""ab_forward/answer_sum"":0.07726287841796875,""ab_reverse/answer_sum"":-0.3737144470214844,""ncc"":-0.015351617164508724,""original/answer_mean"":-0.013080469767252634,""original/answer_sum"":-0.06394004821777344}","{""ab_forward/answer_sum"":""positive"",""ab_reverse/answer_sum"":""negative"",""ncc"":""negative"",""original/answer_mean"":""negative"",""original/answer_sum"":""negative""}",False,False,True
FD-3169-Q08-F1-O-P2-C,False,False,False,scope_total_bridge,"[{""coefficient"":-0.5,""condition_id"":""FQD-FD-3169-Q08-F1-O-A""},{""coefficient"":-0.5,""condition_id"":""FQD-FD-3169-Q08-F1-O-H""},{""coefficient"":0.5,""condition_id"":""FQD-FD-3169-Q08-F1-P2-A""},{""coefficient"":0.5,""condition_id"":""FQD-FD-3169-Q08-F1-P2-H""}]","{""ab_forward/answer_sum"":0.4808006286621094,""ab_reverse/answer_sum"":2.2969112396240234,""ncc"":0.034287703760165655,""original/answer_mean"":-0.05652586619059252,""original/answer_sum"":-0.28046131134033203}","{""ab_forward/answer_sum"":""positive"",""ab_reverse/answer_sum"":""positive"",""ncc"":""positive"",""original/answer_mean"":""negative"",""original/answer_sum"":""negative""}",False,False,True
FD-3169-Q08-F1-O-X2-sH,False,False,False,scope_total_bridge,"[{""coefficient"":-1.0,""condition_id"":""FQD-FD-3169-Q08-F1-O-H""},{""coefficient"":1.0,""condition_id"":""FQD-FD-3169-Q08-F1-X2-H""}]","{""ab_forward/answer_sum"":0.6298446655273438,""ab_reverse/answer_sum"":2.4533653259277344,""ncc"":-0.005910168771874336,""original/answer_mean"":-0.04049568176269536,""original/answer_sum"":-0.20015907287597656}","{""ab_forward/answer_sum"":""positive"",""ab_reverse/answer_sum"":""positive"",""ncc"":""negative"",""original/answer_mean"":""negative"",""original/answer_sum"":""negative""}",False,False,False
FD-3169-Q08-F1-O-X2-sA,False,False,False,scope_total_bridge,"[{""coefficient"":-1.0,""condition_id"":""FQD-FD-3169-Q08-F1-O-A""},{""coefficient"":1.0,""condition_id"":""FQD-FD-3169-Q08-F1-X2-A""}]","{""ab_forward/answer_sum"":0.8987045288085938,""ab_reverse/answer_sum"":2.866985321044922,""ncc"":0.05326714180750791,""original/answer_mean"":0.010641733805338505,""original/answer_sum"":0.051906585693359375}","{""ab_forward/answer_sum"":""positive"",""ab_reverse/answer_sum"":""positive"",""ncc"":""positive"",""original/answer_mean"":""positive"",""original/answer_sum"":""positive""}",True,False,False
FD-3169-Q08-F1-O-X2-I,False,False,False,scope_total_bridge,"[{""coefficient"":1.0,""condition_id"":""FQD-FD-3169-Q08-F1-O-A""},{""coefficient"":-1.0,""condition_id"":""FQD-FD-3169-Q08-F1-O-H""},{""coefficient"":-1.0,""condition_id"":""FQD-FD-3169-Q08-F1-X2-A""},{""coefficient"":1.0,""condition_id"":""FQD-FD-3169-Q08-F1-X2-H""}]","{""ab_forward/answer_sum"":-0.26885986328125,""ab_reverse/answer_sum"":-0.4136199951171875,""ncc"":-0.05917731057938225,""original/answer_mean"":-0.05113741556803386,""original/answer_sum"":-0.25206565856933594}","{""ab_forward/answer_sum"":""negative"",""ab_reverse/answer_sum"":""negative"",""ncc"":""negative"",""original/answer_mean"":""negative"",""original/answer_sum"":""negative""}",True,True,True
FD-3169-Q08-F1-O-X2-C,False,False,False,scope_total_bridge,"[{""coefficient"":-0.5,""condition_id"":""FQD-FD-3169-Q08-F1-O-A""},{""coefficient"":-0.5,""condition_id"":""FQD-FD-3169-Q08-F1-O-H""},{""coefficient"":0.5,""condition_id"":""FQD-FD-3169-Q08-F1-X2-A""},{""coefficient"":0.5,""condition_id"":""FQD-FD-3169-Q08-F1-X2-H""}]","{""ab_forward/answer_sum"":0.7642745971679688,""ab_reverse/answer_sum"":2.660175323486328,""ncc"":0.023678486517816788,""original/answer_mean"":-0.014926973978678426,""original/answer_sum"":-0.0741262435913086}","{""ab_forward/answer_sum"":""positive"",""ab_reverse/answer_sum"":""positive"",""ncc"":""positive"",""original/answer_mean"":""negative"",""original/answer_sum"":""negative""}",False,False,False
A-F1-O-KL,True,True,True,query_discrimination,"[{""coefficient"":0.5,""condition_id"":""FQD-FD-3169-Q01-F1-O-A""},{""coefficient"":0.5,""condition_id"":""FQD-FD-3169-Q01-F1-O-H""},{""coefficient"":-0.5,""condition_id"":""FQD-FD-3169-Q02-F1-O-A""},{""coefficient"":-0.5,""condition_id"":""FQD-FD-3169-Q02-F1-O-H""}]","{""ab_forward/answer_sum"":8.958022117614746,""ab_reverse/answer_sum"":9.086177825927734,""ncc"":0.14141991933186854,""original/answer_mean"":0.14141991933186854,""original/answer_sum"":1.4898271560668945}","{""ab_forward/answer_sum"":""positive"",""ab_reverse/answer_sum"":""positive"",""ncc"":""positive"",""original/answer_mean"":""positive"",""original/answer_sum"":""positive""}",True,True,True
A-F1-O-KG,True,True,True,query_discrimination,"[{""coefficient"":0.5,""condition_id"":""FQD-FD-3169-Q03-F1-O-A""},{""coefficient"":0.5,""condition_id"":""FQD-FD-3169-Q03-F1-O-H""},{""coefficient"":-0.5,""condition_id"":""FQD-FD-3169-Q04-F1-O-A""},{""coefficient"":-0.5,""condition_id"":""FQD-FD-3169-Q04-F1-O-H""}]","{""ab_forward/answer_sum"":3.6991682052612305,""ab_reverse/answer_sum"":9.78426742553711,""ncc"":0.6104618708292644,""original/answer_mean"":0.6104618708292644,""original/answer_sum"":2.72091007232666}","{""ab_forward/answer_sum"":""positive"",""ab_reverse/answer_sum"":""positive"",""ncc"":""positive"",""original/answer_mean"":""positive"",""original/answer_sum"":""positive""}",True,True,True
A-F1-P1-X1-dKL,True,True,True,query_discrimination_change,"[{""coefficient"":-0.5,""condition_id"":""FQD-FD-3169-Q01-F1-P1-A""},{""coefficient"":-0.5,""condition_id"":""FQD-FD-3169-Q01-F1-P1-H""},{""coefficient"":0.5,""condition_id"":""FQD-FD-3169-Q01-F1-X1-A""},{""coefficient"":0.5,""condition_id"":""FQD-FD-3169-Q01-F1-X1-H""},{""coefficient"":0.5,""condition_id"":""FQD-FD-3169-Q02-F1-P1-A""},{""coefficient"":0.5,""condition_id"":""FQD-FD-3169-Q02-F1-P1-H""},{""coefficient"":-0.5,""condition_id"":""FQD-FD-3169-Q02-F1-X1-A""},{""coefficient"":-0.5,""condition_id"":""FQD-FD-3169-Q02-F1-X1-H""}]","{""ab_forward/answer_sum"":3.035146713256836,""ab_reverse/answer_sum"":1.7446060180664062,""ncc"":0.1492730458577473,""original/answer_mean"":0.1492730458577473,""original/answer_sum"":1.1322574615478516}","{""ab_forward/answer_sum"":""positive"",""ab_reverse/answer_sum"":""positive"",""ncc"":""positive"",""original/answer_mean"":""positive"",""original/answer_sum"":""positive""}",True,True,True
A-F1-P1-X1-dKG,True,True,True,query_discrimination_change,"[{""coefficient"":-0.5,""condition_id"":""FQD-FD-3169-Q03-F1-P1-A""},{""coefficient"":-0.5,""condition_id"":""FQD-FD-3169-Q03-F1-P1-H""},{""coefficient"":0.5,""condition_id"":""FQD-FD-3169-Q03-F1-X1-A""},{""coefficient"":0.5,""condition_id"":""FQD-FD-3169-Q03-F1-X1-H""},{""coefficient"":0.5,""condition_id"":""FQD-FD-3169-Q04-F1-P1-A""},{""coefficient"":0.5,""condition_id"":""FQD-FD-3169-Q04-F1-P1-H""},{""coefficient"":-0.5,""condition_id"":""FQD-FD-3169-Q04-F1-X1-A""},{""coefficient"":-0.5,""condition_id"":""FQD-FD-3169-Q04-F1-X1-H""}]","{""ab_forward/answer_sum"":-0.2602701187133789,""ab_reverse/answer_sum"":0.6838359832763672,""ncc"":0.016250038146972567,""original/answer_mean"":0.016250038146972567,""original/answer_sum"":-0.015212059020996094}","{""ab_forward/answer_sum"":""negative"",""ab_reverse/answer_sum"":""positive"",""ncc"":""positive"",""original/answer_mean"":""positive"",""original/answer_sum"":""negative""}",False,True,True
A-F1-P1-X1-J0,True,True,True,query_dependence,"[{""coefficient"":0.5,""condition_id"":""FQD-FD-3169-Q01-F1-P1-A""},{""coefficient"":0.5,""condition_id"":""FQD-FD-3169-Q01-F1-P1-H""},{""coefficient"":-0.5,""condition_id"":""FQD-FD-3169-Q01-F1-X1-A""},{""coefficient"":-0.5,""condition_id"":""FQD-FD-3169-Q01-F1-X1-H""},{""coefficient"":-0.5,""condition_id"":""FQD-FD-3169-Q03-F1-P1-A""},{""coefficient"":-0.5,""condition_id"":""FQD-FD-3169-Q03-F1-P1-H""},{""coefficient"":0.5,""condition_id"":""FQD-FD-3169-Q03-F1-X1-A""},{""coefficient"":0.5,""condition_id"":""FQD-FD-3169-Q03-F1-X1-H""}]","{""ab_forward/answer_sum"":-2.954977035522461,""ab_reverse/answer_sum"":-1.7744216918945312,""ncc"":-0.2893901824951172,""original/answer_mean"":-0.2893901824951172,""original/answer_sum"":-1.3386478424072266}","{""ab_forward/answer_sum"":""negative"",""ab_reverse/answer_sum"":""negative"",""ncc"":""negative"",""original/answer_mean"":""negative"",""original/answer_sum"":""negative""}",True,True,True
A-F1-P1-X1-T0,True,True,True,query_dependence,"[{""coefficient"":-1.0,""condition_id"":""FQD-FD-3169-Q01-F1-P1-A""},{""coefficient"":1.0,""condition_id"":""FQD-FD-3169-Q01-F1-P1-H""},{""coefficient"":1.0,""condition_id"":""FQD-FD-3169-Q01-F1-X1-A""},{""coefficient"":-1.0,""condition_id"":""FQD-FD-3169-Q01-F1-X1-H""},{""coefficient"":1.0,""condition_id"":""FQD-FD-3169-Q03-F1-P1-A""},{""coefficient"":-1.0,""condition_id"":""FQD-FD-3169-Q03-F1-P1-H""},{""coefficient"":-1.0,""condition_id"":""FQD-FD-3169-Q03-F1-X1-A""},{""coefficient"":1.0,""condition_id"":""FQD-FD-3169-Q03-F1-X1-H""}]","{""ab_forward/answer_sum"":0.5926551818847656,""ab_reverse/answer_sum"":1.2223739624023438,""ncc"":0.1308611551920573,""original/answer_mean"":0.1308611551920573,""original/answer_sum"":0.4524345397949219}","{""ab_forward/answer_sum"":""positive"",""ab_reverse/answer_sum"":""positive"",""ncc"":""positive"",""original/answer_mean"":""positive"",""original/answer_sum"":""positive""}",True,True,True
A-F1-P1-X1-J1,True,True,True,query_dependence,"[{""coefficient"":0.5,""condition_id"":""FQD-FD-3169-Q02-F1-P1-A""},{""coefficient"":0.5,""condition_id"":""FQD-FD-3169-Q02-F1-P1-H""},{""coefficient"":-0.5,""condition_id"":""FQD-FD-3169-Q02-F1-X1-A""},{""coefficient"":-0.5,""condition_id"":""FQD-FD-3169-Q02-F1-X1-H""},{""coefficient"":-0.5,""condition_id"":""FQD-FD-3169-Q04-F1-P1-A""},{""coefficient"":-0.5,""condition_id"":""FQD-FD-3169-Q04-F1-P1-H""},{""coefficient"":0.5,""condition_id"":""FQD-FD-3169-Q04-F1-X1-A""},{""coefficient"":0.5,""condition_id"":""FQD-FD-3169-Q04-F1-X1-H""}]","{""ab_forward/answer_sum"":0.3404397964477539,""ab_reverse/answer_sum"":-0.7136516571044922,""ncc"":-0.15636717478434248,""original/answer_mean"":-0.15636717478434248,""original/answer_sum"":-0.1911783218383789}","{""ab_forward/answer_sum"":""positive"",""ab_reverse/answer_sum"":""negative"",""ncc"":""negative"",""original/answer_mean"":""negative"",""original/answer_sum"":""negative""}",False,True,True
A-F1-P1-X1-T1,True,True,True,query_dependence,"[{""coefficient"":-1.0,""condition_id"":""FQD-FD-3169-Q02-F1-P1-A""},{""coefficient"":1.0,""condition_id"":""FQD-FD-3169-Q02-F1-P1-H""},{""coefficient"":1.0,""condition_id"":""FQD-FD-3169-Q02-F1-X1-A""},{""coefficient"":-1.0,""condition_id"":""FQD-FD-3169-Q02-F1-X1-H""},{""coefficient"":1.0,""condition_id"":""FQD-FD-3169-Q04-F1-P1-A""},{""coefficient"":-1.0,""condition_id"":""FQD-FD-3169-Q04-F1-P1-H""},{""coefficient"":-1.0,""condition_id"":""FQD-FD-3169-Q04-F1-X1-A""},{""coefficient"":1.0,""condition_id"":""FQD-FD-3169-Q04-F1-X1-H""}]","{""ab_forward/answer_sum"":0.03785896301269531,""ab_reverse/answer_sum"":0.4890861511230469,""ncc"":0.09563865661621107,""original/answer_mean"":0.09563865661621107,""original/answer_sum"":0.2210063934326172}","{""ab_forward/answer_sum"":""positive"",""ab_reverse/answer_sum"":""positive"",""ncc"":""positive"",""original/answer_mean"":""positive"",""original/answer_sum"":""positive""}",True,True,True
A-F1-P2-X2-dKL,True,True,True,query_discrimination_change,"[{""coefficient"":-0.5,""condition_id"":""FQD-FD-3169-Q01-F1-P2-A""},{""coefficient"":-0.5,""condition_id"":""FQD-FD-3169-Q01-F1-P2-H""},{""coefficient"":0.5,""condition_id"":""FQD-FD-3169-Q01-F1-X2-A""},{""coefficient"":0.5,""condition_id"":""FQD-FD-3169-Q01-F1-X2-H""},{""coefficient"":0.5,""condition_id"":""FQD-FD-3169-Q02-F1-P2-A""},{""coefficient"":0.5,""condition_id"":""FQD-FD-3169-Q02-F1-P2-H""},{""coefficient"":-0.5,""condition_id"":""FQD-FD-3169-Q02-F1-X2-A""},{""coefficient"":-0.5,""condition_id"":""FQD-FD-3169-Q02-F1-X2-H""}]","{""ab_forward/answer_sum"":3.74014949798584,""ab_reverse/answer_sum"":2.169300079345703,""ncc"":0.28368479410807285,""original/answer_mean"":0.28368479410807285,""original/answer_sum"":1.4394340515136719}","{""ab_forward/answer_sum"":""positive"",""ab_reverse/answer_sum"":""positive"",""ncc"":""positive"",""original/answer_mean"":""positive"",""original/answer_sum"":""positive""}",True,True,True
A-F1-P2-X2-dKG,True,True,True,query_discrimination_change,"[{""coefficient"":-0.5,""condition_id"":""FQD-FD-3169-Q03-F1-P2-A""},{""coefficient"":-0.5,""condition_id"":""FQD-FD-3169-Q03-F1-P2-H""},{""coefficient"":0.5,""condition_id"":""FQD-FD-3169-Q03-F1-X2-A""},{""coefficient"":0.5,""condition_id"":""FQD-FD-3169-Q03-F1-X2-H""},{""coefficient"":0.5,""condition_id"":""FQD-FD-3169-Q04-F1-P2-A""},{""coefficient"":0.5,""condition_id"":""FQD-FD-3169-Q04-F1-P2-H""},{""coefficient"":-0.5,""condition_id"":""FQD-FD-3169-Q04-F1-X2-A""},{""coefficient"":-0.5,""condition_id"":""FQD-FD-3169-Q04-F1-X2-H""}]","{""ab_forward/answer_sum"":-0.6232376098632812,""ab_reverse/answer_sum"":0.497955322265625,""ncc"":-0.01675078074137376,""original/answer_mean"":-0.01675078074137376,""original/answer_sum"":-0.021927833557128906}","{""ab_forward/answer_sum"":""negative"",""ab_reverse/answer_sum"":""positive"",""ncc"":""negative"",""original/answer_mean"":""negative"",""original/answer_sum"":""negative""}",False,True,True
A-F1-P2-X2-J0,True,True,True,query_dependence,"[{""coefficient"":0.5,""condition_id"":""FQD-FD-3169-Q01-F1-P2-A""},{""coefficient"":0.5,""condition_id"":""FQD-FD-3169-Q01-F1-P2-H""},{""coefficient"":-0.5,""condition_id"":""FQD-FD-3169-Q01-F1-X2-A""},{""coefficient"":-0.5,""condition_id"":""FQD-FD-3169-Q01-F1-X2-H""},{""coefficient"":-0.5,""condition_id"":""FQD-FD-3169-Q03-F1-P2-A""},{""coefficient"":-0.5,""condition_id"":""FQD-FD-3169-Q03-F1-P2-H""},{""coefficient"":0.5,""condition_id"":""FQD-FD-3169-Q03-F1-X2-A""},{""coefficient"":0.5,""condition_id"":""FQD-FD-3169-Q03-F1-X2-H""}]","{""ab_forward/answer_sum"":-4.355785369873047,""ab_reverse/answer_sum"":-2.9328575134277344,""ncc"":-0.43099975585937494,""original/answer_mean"":-0.43099975585937494,""original/answer_sum"":-1.8351402282714844}","{""ab_forward/answer_sum"":""negative"",""ab_reverse/answer_sum"":""negative"",""ncc"":""negative"",""original/answer_mean"":""negative"",""original/answer_sum"":""negative""}",True,True,True
A-F1-P2-X2-T0,True,True,True,query_dependence,"[{""coefficient"":-1.0,""condition_id"":""FQD-FD-3169-Q01-F1-P2-A""},{""coefficient"":1.0,""condition_id"":""FQD-FD-3169-Q01-F1-P2-H""},{""coefficient"":1.0,""condition_id"":""FQD-FD-3169-Q01-F1-X2-A""},{""coefficient"":-1.0,""condition_id"":""FQD-FD-3169-Q01-F1-X2-H""},{""coefficient"":1.0,""condition_id"":""FQD-FD-3169-Q03-F1-P2-A""},{""coefficient"":-1.0,""condition_id"":""FQD-FD-3169-Q03-F1-P2-H""},{""coefficient"":-1.0,""condition_id"":""FQD-FD-3169-Q03-F1-X2-A""},{""coefficient"":1.0,""condition_id"":""FQD-FD-3169-Q03-F1-X2-H""}]","{""ab_forward/answer_sum"":1.7303085327148438,""ab_reverse/answer_sum"":1.1375198364257812,""ncc"":0.18131306966145824,""original/answer_mean"":0.18131306966145824,""original/answer_sum"":0.6306838989257812}","{""ab_forward/answer_sum"":""positive"",""ab_reverse/answer_sum"":""positive"",""ncc"":""positive"",""original/answer_mean"":""positive"",""original/answer_sum"":""positive""}",True,True,True
A-F1-P2-X2-J1,True,True,True,query_dependence,"[{""coefficient"":0.5,""condition_id"":""FQD-FD-3169-Q02-F1-P2-A""},{""coefficient"":0.5,""condition_id"":""FQD-FD-3169-Q02-F1-P2-H""},{""coefficient"":-0.5,""condition_id"":""FQD-FD-3169-Q02-F1-X2-A""},{""coefficient"":-0.5,""condition_id"":""FQD-FD-3169-Q02-F1-X2-H""},{""coefficient"":-0.5,""condition_id"":""FQD-FD-3169-Q04-F1-P2-A""},{""coefficient"":-0.5,""condition_id"":""FQD-FD-3169-Q04-F1-P2-H""},{""coefficient"":0.5,""condition_id"":""FQD-FD-3169-Q04-F1-X2-A""},{""coefficient"":0.5,""condition_id"":""FQD-FD-3169-Q04-F1-X2-H""}]","{""ab_forward/answer_sum"":0.007601737976074219,""ab_reverse/answer_sum"":-1.2615127563476562,""ncc"":-0.13056418100992837,""original/answer_mean"":-0.13056418100992837,""original/answer_sum"":-0.3737783432006836}","{""ab_forward/answer_sum"":""positive"",""ab_reverse/answer_sum"":""negative"",""ncc"":""negative"",""original/answer_mean"":""negative"",""original/answer_sum"":""negative""}",False,True,True
A-F1-P2-X2-T1,True,True,True,query_dependence,"[{""coefficient"":-1.0,""condition_id"":""FQD-FD-3169-Q02-F1-P2-A""},{""coefficient"":1.0,""condition_id"":""FQD-FD-3169-Q02-F1-P2-H""},{""coefficient"":1.0,""condition_id"":""FQD-FD-3169-Q02-F1-X2-A""},{""coefficient"":-1.0,""condition_id"":""FQD-FD-3169-Q02-F1-X2-H""},{""coefficient"":1.0,""condition_id"":""FQD-FD-3169-Q04-F1-P2-A""},{""coefficient"":-1.0,""condition_id"":""FQD-FD-3169-Q04-F1-P2-H""},{""coefficient"":-1.0,""condition_id"":""FQD-FD-3169-Q04-F1-X2-A""},{""coefficient"":1.0,""condition_id"":""FQD-FD-3169-Q04-F1-X2-H""}]","{""ab_forward/answer_sum"":0.3161296844482422,""ab_reverse/answer_sum"":0.23168182373046875,""ncc"":0.05312894185384126,""original/answer_mean"":0.05312894185384126,""original/answer_sum"":0.15337562561035156}","{""ab_forward/answer_sum"":""positive"",""ab_reverse/answer_sum"":""positive"",""ncc"":""positive"",""original/answer_mean"":""positive"",""original/answer_sum"":""positive""}",True,True,True
B-F1-O-KL,True,True,True,query_discrimination,"[{""coefficient"":0.5,""condition_id"":""FQD-FD-3169-Q05-F1-O-A""},{""coefficient"":0.5,""condition_id"":""FQD-FD-3169-Q05-F1-O-H""},{""coefficient"":-0.5,""condition_id"":""FQD-FD-3169-Q06-F1-O-A""},{""coefficient"":-0.5,""condition_id"":""FQD-FD-3169-Q06-F1-O-H""}]","{""ab_forward/answer_sum"":15.435699462890625,""ab_reverse/answer_sum"":10.084648132324219,""ncc"":1.4810887654622396,""original/answer_mean"":1.4810887654622396,""original/answer_sum"":5.130062103271484}","{""ab_forward/answer_sum"":""positive"",""ab_reverse/answer_sum"":""positive"",""ncc"":""positive"",""original/answer_mean"":""positive"",""original/answer_sum"":""positive""}",True,True,True
B-F1-O-KG,True,True,True,query_discrimination,"[{""coefficient"":0.5,""condition_id"":""FQD-FD-3169-Q07-F1-O-A""},{""coefficient"":0.5,""condition_id"":""FQD-FD-3169-Q07-F1-O-H""},{""coefficient"":-0.5,""condition_id"":""FQD-FD-3169-Q08-F1-O-A""},{""coefficient"":-0.5,""condition_id"":""FQD-FD-3169-Q08-F1-O-H""}]","{""ab_forward/answer_sum"":16.17917251586914,""ab_reverse/answer_sum"":16.24663734436035,""ncc"":1.5364576339721678,""original/answer_mean"":1.5364576339721678,""original/answer_sum"":6.139731407165527}","{""ab_forward/answer_sum"":""positive"",""ab_reverse/answer_sum"":""positive"",""ncc"":""positive"",""original/answer_mean"":""positive"",""original/answer_sum"":""positive""}",True,True,True
B-F1-P1-X1-dKL,True,True,True,query_discrimination_change,"[{""coefficient"":-0.5,""condition_id"":""FQD-FD-3169-Q05-F1-P1-A""},{""coefficient"":-0.5,""condition_id"":""FQD-FD-3169-Q05-F1-P1-H""},{""coefficient"":0.5,""condition_id"":""FQD-FD-3169-Q05-F1-X1-A""},{""coefficient"":0.5,""condition_id"":""FQD-FD-3169-Q05-F1-X1-H""},{""coefficient"":0.5,""condition_id"":""FQD-FD-3169-Q06-F1-P1-A""},{""coefficient"":0.5,""condition_id"":""FQD-FD-3169-Q06-F1-P1-H""},{""coefficient"":-0.5,""condition_id"":""FQD-FD-3169-Q06-F1-X1-A""},{""coefficient"":-0.5,""condition_id"":""FQD-FD-3169-Q06-F1-X1-H""}]","{""ab_forward/answer_sum"":-0.1835498809814453,""ab_reverse/answer_sum"":0.8220767974853516,""ncc"":0.04291610717773464,""original/answer_mean"":0.04291610717773464,""original/answer_sum"":0.3680076599121094}","{""ab_forward/answer_sum"":""negative"",""ab_reverse/answer_sum"":""positive"",""ncc"":""positive"",""original/answer_mean"":""positive"",""original/answer_sum"":""positive""}",False,True,True
B-F1-P1-X1-dKG,True,True,True,query_discrimination_change,"[{""coefficient"":-0.5,""condition_id"":""FQD-FD-3169-Q07-F1-P1-A""},{""coefficient"":-0.5,""condition_id"":""FQD-FD-3169-Q07-F1-P1-H""},{""coefficient"":0.5,""condition_id"":""FQD-FD-3169-Q07-F1-X1-A""},{""coefficient"":0.5,""condition_id"":""FQD-FD-3169-Q07-F1-X1-H""},{""coefficient"":0.5,""condition_id"":""FQD-FD-3169-Q08-F1-P1-A""},{""coefficient"":0.5,""condition_id"":""FQD-FD-3169-Q08-F1-P1-H""},{""coefficient"":-0.5,""condition_id"":""FQD-FD-3169-Q08-F1-X1-A""},{""coefficient"":-0.5,""condition_id"":""FQD-FD-3169-Q08-F1-X1-H""}]","{""ab_forward/answer_sum"":1.2033138275146484,""ab_reverse/answer_sum"":0.2873668670654297,""ncc"":0.14031391143798827,""original/answer_mean"":0.14031391143798827,""original/answer_sum"":0.44716739654541016}","{""ab_forward/answer_sum"":""positive"",""ab_reverse/answer_sum"":""positive"",""ncc"":""positive"",""original/answer_mean"":""positive"",""original/answer_sum"":""positive""}",True,True,True
B-F1-P1-X1-J0,True,True,True,query_dependence,"[{""coefficient"":0.5,""condition_id"":""FQD-FD-3169-Q05-F1-P1-A""},{""coefficient"":0.5,""condition_id"":""FQD-FD-3169-Q05-F1-P1-H""},{""coefficient"":-0.5,""condition_id"":""FQD-FD-3169-Q05-F1-X1-A""},{""coefficient"":-0.5,""condition_id"":""FQD-FD-3169-Q05-F1-X1-H""},{""coefficient"":-0.5,""condition_id"":""FQD-FD-3169-Q07-F1-P1-A""},{""coefficient"":-0.5,""condition_id"":""FQD-FD-3169-Q07-F1-P1-H""},{""coefficient"":0.5,""condition_id"":""FQD-FD-3169-Q07-F1-X1-A""},{""coefficient"":0.5,""condition_id"":""FQD-FD-3169-Q07-F1-X1-H""}]","{""ab_forward/answer_sum"":-0.16623497009277344,""ab_reverse/answer_sum"":-1.3021488189697266,""ncc"":-0.18028984069824217,""original/answer_mean"":-0.18028984069824217,""original/answer_sum"":-0.4341869354248047}","{""ab_forward/answer_sum"":""negative"",""ab_reverse/answer_sum"":""negative"",""ncc"":""negative"",""original/answer_mean"":""negative"",""original/answer_sum"":""negative""}",True,True,True
B-F1-P1-X1-T0,True,True,True,query_dependence,"[{""coefficient"":-1.0,""condition_id"":""FQD-FD-3169-Q05-F1-P1-A""},{""coefficient"":1.0,""condition_id"":""FQD-FD-3169-Q05-F1-P1-H""},{""coefficient"":1.0,""condition_id"":""FQD-FD-3169-Q05-F1-X1-A""},{""coefficient"":-1.0,""condition_id"":""FQD-FD-3169-Q05-F1-X1-H""},{""coefficient"":1.0,""condition_id"":""FQD-FD-3169-Q07-F1-P1-A""},{""coefficient"":-1.0,""condition_id"":""FQD-FD-3169-Q07-F1-P1-H""},{""coefficient"":-1.0,""condition_id"":""FQD-FD-3169-Q07-F1-X1-A""},{""coefficient"":1.0,""condition_id"":""FQD-FD-3169-Q07-F1-X1-H""}]","{""ab_forward/answer_sum"":0.8728675842285156,""ab_reverse/answer_sum"":0.9420967102050781,""ncc"":-0.14082616170247397,""original/answer_mean"":-0.14082616170247397,""original/answer_sum"":-0.4671363830566406}","{""ab_forward/answer_sum"":""positive"",""ab_reverse/answer_sum"":""positive"",""ncc"":""negative"",""original/answer_mean"":""negative"",""original/answer_sum"":""negative""}",False,True,True
B-F1-P1-X1-J1,True,True,True,query_dependence,"[{""coefficient"":0.5,""condition_id"":""FQD-FD-3169-Q06-F1-P1-A""},{""coefficient"":0.5,""condition_id"":""FQD-FD-3169-Q06-F1-P1-H""},{""coefficient"":-0.5,""condition_id"":""FQD-FD-3169-Q06-F1-X1-A""},{""coefficient"":-0.5,""condition_id"":""FQD-FD-3169-Q06-F1-X1-H""},{""coefficient"":-0.5,""condition_id"":""FQD-FD-3169-Q08-F1-P1-A""},{""coefficient"":-0.5,""condition_id"":""FQD-FD-3169-Q08-F1-P1-H""},{""coefficient"":0.5,""condition_id"":""FQD-FD-3169-Q08-F1-X1-A""},{""coefficient"":0.5,""condition_id"":""FQD-FD-3169-Q08-F1-X1-H""}]","{""ab_forward/answer_sum"":-1.5530986785888672,""ab_reverse/answer_sum"":-0.7674388885498047,""ncc"":-0.2776876449584958,""original/answer_mean"":-0.2776876449584958,""original/answer_sum"":-0.5133466720581055}","{""ab_forward/answer_sum"":""negative"",""ab_reverse/answer_sum"":""negative"",""ncc"":""negative"",""original/answer_mean"":""negative"",""original/answer_sum"":""negative""}",True,True,True
B-F1-P1-X1-T1,True,True,True,query_dependence,"[{""coefficient"":-1.0,""condition_id"":""FQD-FD-3169-Q06-F1-P1-A""},{""coefficient"":1.0,""condition_id"":""FQD-FD-3169-Q06-F1-P1-H""},{""coefficient"":1.0,""condition_id"":""FQD-FD-3169-Q06-F1-X1-A""},{""coefficient"":-1.0,""condition_id"":""FQD-FD-3169-Q06-F1-X1-H""},{""coefficient"":1.0,""condition_id"":""FQD-FD-3169-Q08-F1-P1-A""},{""coefficient"":-1.0,""condition_id"":""FQD-FD-3169-Q08-F1-P1-H""},{""coefficient"":-1.0,""condition_id"":""FQD-FD-3169-Q08-F1-X1-A""},{""coefficient"":1.0,""condition_id"":""FQD-FD-3169-Q08-F1-X1-H""}]","{""ab_forward/answer_sum"":0.7667274475097656,""ab_reverse/answer_sum"":0.8988151550292969,""ncc"":0.02415733337402315,""original/answer_mean"":0.02415733337402315,""original/answer_sum"":-0.05743598937988281}","{""ab_forward/answer_sum"":""positive"",""ab_reverse/answer_sum"":""positive"",""ncc"":""positive"",""original/answer_mean"":""positive"",""original/answer_sum"":""negative""}",False,True,True
B-F1-P2-X2-dKL,True,True,True,query_discrimination_change,"[{""coefficient"":-0.5,""condition_id"":""FQD-FD-3169-Q05-F1-P2-A""},{""coefficient"":-0.5,""condition_id"":""FQD-FD-3169-Q05-F1-P2-H""},{""coefficient"":0.5,""condition_id"":""FQD-FD-3169-Q05-F1-X2-A""},{""coefficient"":0.5,""condition_id"":""FQD-FD-3169-Q05-F1-X2-H""},{""coefficient"":0.5,""condition_id"":""FQD-FD-3169-Q06-F1-P2-A""},{""coefficient"":0.5,""condition_id"":""FQD-FD-3169-Q06-F1-P2-H""},{""coefficient"":-0.5,""condition_id"":""FQD-FD-3169-Q06-F1-X2-A""},{""coefficient"":-0.5,""condition_id"":""FQD-FD-3169-Q06-F1-X2-H""}]","{""ab_forward/answer_sum"":-0.06353187561035156,""ab_reverse/answer_sum"":0.2778797149658203,""ncc"":0.31791903177897135,""original/answer_mean"":0.31791903177897135,""original/answer_sum"":0.9663715362548828}","{""ab_forward/answer_sum"":""negative"",""ab_reverse/answer_sum"":""positive"",""ncc"":""positive"",""original/answer_mean"":""positive"",""original/answer_sum"":""positive""}",False,True,True
B-F1-P2-X2-dKG,True,True,True,query_discrimination_change,"[{""coefficient"":-0.5,""condition_id"":""FQD-FD-3169-Q07-F1-P2-A""},{""coefficient"":-0.5,""condition_id"":""FQD-FD-3169-Q07-F1-P2-H""},{""coefficient"":0.5,""condition_id"":""FQD-FD-3169-Q07-F1-X2-A""},{""coefficient"":0.5,""condition_id"":""FQD-FD-3169-Q07-F1-X2-H""},{""coefficient"":0.5,""condition_id"":""FQD-FD-3169-Q08-F1-P2-A""},{""coefficient"":0.5,""condition_id"":""FQD-FD-3169-Q08-F1-P2-H""},{""coefficient"":-0.5,""condition_id"":""FQD-FD-3169-Q08-F1-X2-A""},{""coefficient"":-0.5,""condition_id"":""FQD-FD-3169-Q08-F1-X2-H""}]","{""ab_forward/answer_sum"":0.8903026580810547,""ab_reverse/answer_sum"":0.3328399658203125,""ncc"":0.10757662455240886,""original/answer_mean"":0.10757662455240886,""original/answer_sum"":0.3483562469482422}","{""ab_forward/answer_sum"":""positive"",""ab_reverse/answer_sum"":""positive"",""ncc"":""positive"",""original/answer_mean"":""positive"",""original/answer_sum"":""positive""}",True,True,True
B-F1-P2-X2-J0,True,True,True,query_dependence,"[{""coefficient"":0.5,""condition_id"":""FQD-FD-3169-Q05-F1-P2-A""},{""coefficient"":0.5,""condition_id"":""FQD-FD-3169-Q05-F1-P2-H""},{""coefficient"":-0.5,""condition_id"":""FQD-FD-3169-Q05-F1-X2-A""},{""coefficient"":-0.5,""condition_id"":""FQD-FD-3169-Q05-F1-X2-H""},{""coefficient"":-0.5,""condition_id"":""FQD-FD-3169-Q07-F1-P2-A""},{""coefficient"":-0.5,""condition_id"":""FQD-FD-3169-Q07-F1-P2-H""},{""coefficient"":0.5,""condition_id"":""FQD-FD-3169-Q07-F1-X2-A""},{""coefficient"":0.5,""condition_id"":""FQD-FD-3169-Q07-F1-X2-H""}]","{""ab_forward/answer_sum"":-1.8387432098388672,""ab_reverse/answer_sum"":-1.5798797607421875,""ncc"":-0.44234339396158845,""original/answer_mean"":-0.44234339396158845,""original/answer_sum"":-1.3041191101074219}","{""ab_forward/answer_sum"":""negative"",""ab_reverse/answer_sum"":""negative"",""ncc"":""negative"",""original/answer_mean"":""negative"",""original/answer_sum"":""negative""}",True,True,True
B-F1-P2-X2-T0,True,True,True,query_dependence,"[{""coefficient"":-1.0,""condition_id"":""FQD-FD-3169-Q05-F1-P2-A""},{""coefficient"":1.0,""condition_id"":""FQD-FD-3169-Q05-F1-P2-H""},{""coefficient"":1.0,""condition_id"":""FQD-FD-3169-Q05-F1-X2-A""},{""coefficient"":-1.0,""condition_id"":""FQD-FD-3169-Q05-F1-X2-H""},{""coefficient"":1.0,""condition_id"":""FQD-FD-3169-Q07-F1-P2-A""},{""coefficient"":-1.0,""condition_id"":""FQD-FD-3169-Q07-F1-P2-H""},{""coefficient"":-1.0,""condition_id"":""FQD-FD-3169-Q07-F1-X2-A""},{""coefficient"":1.0,""condition_id"":""FQD-FD-3169-Q07-F1-X2-H""}]","{""ab_forward/answer_sum"":0.5721397399902344,""ab_reverse/answer_sum"":0.7883987426757812,""ncc"":-0.238714599609375,""original/answer_mean"":-0.238714599609375,""original/answer_sum"":-0.79400634765625}","{""ab_forward/answer_sum"":""positive"",""ab_reverse/answer_sum"":""positive"",""ncc"":""negative"",""original/answer_mean"":""negative"",""original/answer_sum"":""negative""}",False,True,True
B-F1-P2-X2-J1,True,True,True,query_dependence,"[{""coefficient"":0.5,""condition_id"":""FQD-FD-3169-Q06-F1-P2-A""},{""coefficient"":0.5,""condition_id"":""FQD-FD-3169-Q06-F1-P2-H""},{""coefficient"":-0.5,""condition_id"":""FQD-FD-3169-Q06-F1-X2-A""},{""coefficient"":-0.5,""condition_id"":""FQD-FD-3169-Q06-F1-X2-H""},{""coefficient"":-0.5,""condition_id"":""FQD-FD-3169-Q08-F1-P2-A""},{""coefficient"":-0.5,""condition_id"":""FQD-FD-3169-Q08-F1-P2-H""},{""coefficient"":0.5,""condition_id"":""FQD-FD-3169-Q08-F1-X2-A""},{""coefficient"":0.5,""condition_id"":""FQD-FD-3169-Q08-F1-X2-H""}]","{""ab_forward/answer_sum"":-2.7925777435302734,""ab_reverse/answer_sum"":-1.6348400115966797,""ncc"":-0.23200098673502595,""original/answer_mean"":-0.23200098673502595,""original/answer_sum"":-0.6861038208007812}","{""ab_forward/answer_sum"":""negative"",""ab_reverse/answer_sum"":""negative"",""ncc"":""negative"",""original/answer_mean"":""negative"",""original/answer_sum"":""negative""}",True,True,True
B-F1-P2-X2-T1,True,True,True,query_dependence,"[{""coefficient"":-1.0,""condition_id"":""FQD-FD-3169-Q06-F1-P2-A""},{""coefficient"":1.0,""condition_id"":""FQD-FD-3169-Q06-F1-P2-H""},{""coefficient"":1.0,""condition_id"":""FQD-FD-3169-Q06-F1-X2-A""},{""coefficient"":-1.0,""condition_id"":""FQD-FD-3169-Q06-F1-X2-H""},{""coefficient"":1.0,""condition_id"":""FQD-FD-3169-Q08-F1-P2-A""},{""coefficient"":-1.0,""condition_id"":""FQD-FD-3169-Q08-F1-P2-H""},{""coefficient"":-1.0,""condition_id"":""FQD-FD-3169-Q08-F1-X2-A""},{""coefficient"":1.0,""condition_id"":""FQD-FD-3169-Q08-F1-X2-H""}]","{""ab_forward/answer_sum"":1.4643058776855469,""ab_reverse/answer_sum"":0.5808448791503906,""ncc"":0.04212570190429654,""original/answer_mean"":0.04212570190429654,""original/answer_sum"":0.09328079223632812}","{""ab_forward/answer_sum"":""positive"",""ab_reverse/answer_sum"":""positive"",""ncc"":""positive"",""original/answer_mean"":""positive"",""original/answer_sum"":""positive""}",True,True,True
