query_id,condition,encoding,view,score_mode,non_hate_margin,numeric_bound,hate_score,non_hate_score,record_id,prompt_sha256,prediction,exact_tie,numerically_unresolved,original_reference,reviewed_reference,original_correct,reviewed_correct
3169,F1-O-H,original,original/answer_sum,answer_sum,-0.914825439453125,0.0013427734375,-0.3781547546386719,-1.2929801940917969,ELS-3169:original:F1-O-H:real,ef13fe16490f110f7db44184135995277f31ba81b9a585c96f98b25aa09de4a6,hate,False,False,non-hate,non-hate,False,False
3169,F1-O-H,original,original/answer_mean,answer_mean,-0.13254445393880207,0.0013427734375,-0.12605158487955728,-0.25859603881835935,ELS-3169:original:F1-O-H:real,ef13fe16490f110f7db44184135995277f31ba81b9a585c96f98b25aa09de4a6,hate,False,False,non-hate,non-hate,False,False
3169,F1-O-H,original,original/total_with_eos,total_with_eos,-0.914825439453125,0.0013427734375,-0.3781547546386719,-1.2929801940917969,ELS-3169:original:F1-O-H:real,ef13fe16490f110f7db44184135995277f31ba81b9a585c96f98b25aa09de4a6,hate,False,False,non-hate,non-hate,False,False
3169,F1-O-H,original,original/mean_with_eos,mean_with_eos,-0.1209580103556315,0.0013427734375,-0.09453868865966797,-0.21549669901529947,ELS-3169:original:F1-O-H:real,ef13fe16490f110f7db44184135995277f31ba81b9a585c96f98b25aa09de4a6,hate,False,False,non-hate,non-hate,False,False
3169,F1-O-O,original,original/answer_sum,answer_sum,-0.2624931335449219,0.0013427734375,-0.6202011108398438,-0.8826942443847656,ELS-3169:original:F1-O-O:real,25c781762e1243d3952a87cbe81b8df129e48699feb2a0e5293474735d7ef1a4,hate,False,False,non-hate,non-hate,False,False
3169,F1-O-O,original,original/answer_mean,answer_mean,0.03019485473632813,0.0013427734375,-0.20673370361328125,-0.17653884887695312,ELS-3169:original:F1-O-O:real,25c781762e1243d3952a87cbe81b8df129e48699feb2a0e5293474735d7ef1a4,non-hate,False,False,non-hate,non-hate,True,True
3169,F1-O-O,original,original/total_with_eos,total_with_eos,-0.2624931335449219,0.0013427734375,-0.6202011108398438,-0.8826942443847656,ELS-3169:original:F1-O-O:real,25c781762e1243d3952a87cbe81b8df129e48699feb2a0e5293474735d7ef1a4,hate,False,False,non-hate,non-hate,False,False
3169,F1-O-O,original,original/mean_with_eos,mean_with_eos,0.0079345703125,0.0013427734375,-0.15505027770996094,-0.14711570739746094,ELS-3169:original:F1-O-O:real,25c781762e1243d3952a87cbe81b8df129e48699feb2a0e5293474735d7ef1a4,non-hate,False,False,non-hate,non-hate,True,True
3169,F1-D-H,original,original/answer_sum,answer_sum,13.297550201416016,0.0013427734375,-13.297615051269531,-6.4849853515625e-05,ELS-3169:original:F1-D-H:real,3c4c8167a0cd9ad8fc328e6a49014db6309c20e716f98b312d6e657b42a55e5b,non-hate,False,False,non-hate,non-hate,True,True
3169,F1-D-H,original,original/answer_mean,answer_mean,4.432525380452474,0.0013427734375,-4.432538350423177,-1.2969970703125e-05,ELS-3169:original:F1-D-H:real,3c4c8167a0cd9ad8fc328e6a49014db6309c20e716f98b312d6e657b42a55e5b,non-hate,False,False,non-hate,non-hate,True,True
3169,F1-D-H,original,original/total_with_eos,total_with_eos,13.297550201416016,0.0013427734375,-13.297615051269531,-6.4849853515625e-05,ELS-3169:original:F1-D-H:real,3c4c8167a0cd9ad8fc328e6a49014db6309c20e716f98b312d6e657b42a55e5b,non-hate,False,False,non-hate,non-hate,True,True
3169,F1-D-H,original,original/mean_with_eos,mean_with_eos,3.3243929545084634,0.0013427734375,-3.324403762817383,-1.0808308919270834e-05,ELS-3169:original:F1-D-H:real,3c4c8167a0cd9ad8fc328e6a49014db6309c20e716f98b312d6e657b42a55e5b,non-hate,False,False,non-hate,non-hate,True,True
3169,F1-D-O,original,original/answer_sum,answer_sum,13.057464599609375,0.0013427734375,-13.057533264160156,-6.866455078125e-05,ELS-3169:original:F1-D-O:real,8e9ce1e9da59344a7e321c4cdbbaafdb2a3681a1c721dc4992385afe553cbeb3,non-hate,False,False,non-hate,non-hate,True,True
3169,F1-D-O,original,original/answer_mean,answer_mean,4.352497355143229,0.0013427734375,-4.352511088053386,-1.373291015625e-05,ELS-3169:original:F1-D-O:real,8e9ce1e9da59344a7e321c4cdbbaafdb2a3681a1c721dc4992385afe553cbeb3,non-hate,False,False,non-hate,non-hate,True,True
3169,F1-D-O,original,original/total_with_eos,total_with_eos,13.057464599609375,0.0013427734375,-13.057533264160156,-6.866455078125e-05,ELS-3169:original:F1-D-O:real,8e9ce1e9da59344a7e321c4cdbbaafdb2a3681a1c721dc4992385afe553cbeb3,non-hate,False,False,non-hate,non-hate,True,True
3169,F1-D-O,original,original/mean_with_eos,mean_with_eos,3.264371871948242,0.0013427734375,-3.264383316040039,-1.1444091796875e-05,ELS-3169:original:F1-D-O:real,8e9ce1e9da59344a7e321c4cdbbaafdb2a3681a1c721dc4992385afe553cbeb3,non-hate,False,False,non-hate,non-hate,True,True
3169,F1-N1-H,original,original/answer_sum,answer_sum,15.0438232421875,0.0013427734375,-15.043853759765625,-3.0517578125e-05,ELS-3169:original:F1-N1-H:real,808ffde8fb261c7ff85150618b4ac6810ab216ffa83e1ae7ef92d1c4ae0ba676,non-hate,False,False,non-hate,non-hate,True,True
3169,F1-N1-H,original,original/answer_mean,answer_mean,5.01461181640625,0.0013427734375,-5.014617919921875,-6.103515625e-06,ELS-3169:original:F1-N1-H:real,808ffde8fb261c7ff85150618b4ac6810ab216ffa83e1ae7ef92d1c4ae0ba676,non-hate,False,False,non-hate,non-hate,True,True
3169,F1-N1-H,original,original/total_with_eos,total_with_eos,15.0438232421875,0.0013427734375,-15.043853759765625,-3.0517578125e-05,ELS-3169:original:F1-N1-H:real,808ffde8fb261c7ff85150618b4ac6810ab216ffa83e1ae7ef92d1c4ae0ba676,non-hate,False,False,non-hate,non-hate,True,True
3169,F1-N1-H,original,original/mean_with_eos,mean_with_eos,3.7609583536783853,0.0013427734375,-3.7609634399414062,-5.086263020833333e-06,ELS-3169:original:F1-N1-H:real,808ffde8fb261c7ff85150618b4ac6810ab216ffa83e1ae7ef92d1c4ae0ba676,non-hate,False,False,non-hate,non-hate,True,True
3169,F1-N1-O,original,original/answer_sum,answer_sum,14.898624420166016,0.0013427734375,-14.89865493774414,-3.0517578125e-05,ELS-3169:original:F1-N1-O:real,be31f94510d3c43e17e651694bcc607ee286d65ce1678b8bf2b5755c7935043a,non-hate,False,False,non-hate,non-hate,True,True
3169,F1-N1-O,original,original/answer_mean,answer_mean,4.966212209065755,0.0013427734375,-4.96621831258138,-6.103515625e-06,ELS-3169:original:F1-N1-O:real,be31f94510d3c43e17e651694bcc607ee286d65ce1678b8bf2b5755c7935043a,non-hate,False,False,non-hate,non-hate,True,True
3169,F1-N1-O,original,original/total_with_eos,total_with_eos,14.898624420166016,0.0013427734375,-14.89865493774414,-3.0517578125e-05,ELS-3169:original:F1-N1-O:real,be31f94510d3c43e17e651694bcc607ee286d65ce1678b8bf2b5755c7935043a,non-hate,False,False,non-hate,non-hate,True,True
3169,F1-N1-O,original,original/mean_with_eos,mean_with_eos,3.724658648173014,0.0013427734375,-3.724663734436035,-5.086263020833333e-06,ELS-3169:original:F1-N1-O:real,be31f94510d3c43e17e651694bcc607ee286d65ce1678b8bf2b5755c7935043a,non-hate,False,False,non-hate,non-hate,True,True
3169,F1-E1-H,original,original/answer_sum,answer_sum,14.133525848388672,0.0013427734375,-14.133560180664062,-3.4332275390625e-05,ELS-3169:original:F1-E1-H:real,e682cfb92ed1581d18bcfbcb30f1840d2f7ec50bf0e4cafd994ba059ee8707fe,non-hate,False,False,non-hate,non-hate,True,True
3169,F1-E1-H,original,original/answer_mean,answer_mean,4.711179860432942,0.0013427734375,-4.7111867268880205,-6.866455078125e-06,ELS-3169:original:F1-E1-H:real,e682cfb92ed1581d18bcfbcb30f1840d2f7ec50bf0e4cafd994ba059ee8707fe,non-hate,False,False,non-hate,non-hate,True,True
3169,F1-E1-H,original,original/total_with_eos,total_with_eos,14.133525848388672,0.0013427734375,-14.133560180664062,-3.4332275390625e-05,ELS-3169:original:F1-E1-H:real,e682cfb92ed1581d18bcfbcb30f1840d2f7ec50bf0e4cafd994ba059ee8707fe,non-hate,False,False,non-hate,non-hate,True,True
3169,F1-E1-H,original,original/mean_with_eos,mean_with_eos,3.533384323120117,0.0013427734375,-3.5333900451660156,-5.7220458984375e-06,ELS-3169:original:F1-E1-H:real,e682cfb92ed1581d18bcfbcb30f1840d2f7ec50bf0e4cafd994ba059ee8707fe,non-hate,False,False,non-hate,non-hate,True,True
3169,F1-E1-O,original,original/answer_sum,answer_sum,13.852615356445312,0.0013427734375,-13.852653503417969,-3.814697265625e-05,ELS-3169:original:F1-E1-O:real,b1e2e4b73d460918fce1c7e27cb95b72e29b01f96218651b4aef7e9b239c435c,non-hate,False,False,non-hate,non-hate,True,True
3169,F1-E1-O,original,original/answer_mean,answer_mean,4.617543538411458,0.0013427734375,-4.617551167805989,-7.62939453125e-06,ELS-3169:original:F1-E1-O:real,b1e2e4b73d460918fce1c7e27cb95b72e29b01f96218651b4aef7e9b239c435c,non-hate,False,False,non-hate,non-hate,True,True
3169,F1-E1-O,original,original/total_with_eos,total_with_eos,13.852615356445312,0.0013427734375,-13.852653503417969,-3.814697265625e-05,ELS-3169:original:F1-E1-O:real,b1e2e4b73d460918fce1c7e27cb95b72e29b01f96218651b4aef7e9b239c435c,non-hate,False,False,non-hate,non-hate,True,True
3169,F1-E1-O,original,original/mean_with_eos,mean_with_eos,3.4631570180257163,0.0013427734375,-3.463163375854492,-6.357828776041667e-06,ELS-3169:original:F1-E1-O:real,b1e2e4b73d460918fce1c7e27cb95b72e29b01f96218651b4aef7e9b239c435c,non-hate,False,False,non-hate,non-hate,True,True
3169,F1-N2-H,original,original/answer_sum,answer_sum,15.12045669555664,0.0013427734375,-15.120487213134766,-3.0517578125e-05,ELS-3169:original:F1-N2-H:real,ed9fcac95d819ed6d2625a766bd631e49ca84859af1cc8dbc8103c2e3245d562,non-hate,False,False,non-hate,non-hate,True,True
3169,F1-N2-H,original,original/answer_mean,answer_mean,5.04015630086263,0.0013427734375,-5.040162404378255,-6.103515625e-06,ELS-3169:original:F1-N2-H:real,ed9fcac95d819ed6d2625a766bd631e49ca84859af1cc8dbc8103c2e3245d562,non-hate,False,False,non-hate,non-hate,True,True
3169,F1-N2-H,original,original/total_with_eos,total_with_eos,15.12045669555664,0.0013427734375,-15.120487213134766,-3.0517578125e-05,ELS-3169:original:F1-N2-H:real,ed9fcac95d819ed6d2625a766bd631e49ca84859af1cc8dbc8103c2e3245d562,non-hate,False,False,non-hate,non-hate,True,True
3169,F1-N2-H,original,original/mean_with_eos,mean_with_eos,3.7801167170206704,0.0013427734375,-3.7801218032836914,-5.086263020833333e-06,ELS-3169:original:F1-N2-H:real,ed9fcac95d819ed6d2625a766bd631e49ca84859af1cc8dbc8103c2e3245d562,non-hate,False,False,non-hate,non-hate,True,True
3169,F1-N2-O,original,original/answer_sum,answer_sum,14.942085266113281,0.0013427734375,-14.942115783691406,-3.0517578125e-05,ELS-3169:original:F1-N2-O:real,c07d3dca65c2264458f8257c39be6abcfb94b3c3d7e7603452762a10d9fbb4b2,non-hate,False,False,non-hate,non-hate,True,True
3169,F1-N2-O,original,original/answer_mean,answer_mean,4.980699157714843,0.0013427734375,-4.980705261230469,-6.103515625e-06,ELS-3169:original:F1-N2-O:real,c07d3dca65c2264458f8257c39be6abcfb94b3c3d7e7603452762a10d9fbb4b2,non-hate,False,False,non-hate,non-hate,True,True
3169,F1-N2-O,original,original/total_with_eos,total_with_eos,14.942085266113281,0.0013427734375,-14.942115783691406,-3.0517578125e-05,ELS-3169:original:F1-N2-O:real,c07d3dca65c2264458f8257c39be6abcfb94b3c3d7e7603452762a10d9fbb4b2,non-hate,False,False,non-hate,non-hate,True,True
3169,F1-N2-O,original,original/mean_with_eos,mean_with_eos,3.7355238596598306,0.0013427734375,-3.7355289459228516,-5.086263020833333e-06,ELS-3169:original:F1-N2-O:real,c07d3dca65c2264458f8257c39be6abcfb94b3c3d7e7603452762a10d9fbb4b2,non-hate,False,False,non-hate,non-hate,True,True
3169,F1-E2-H,original,original/answer_sum,answer_sum,14.0123291015625,0.0013427734375,-14.012359619140625,-3.0517578125e-05,ELS-3169:original:F1-E2-H:real,7fda90c36ce0f80a1ed216074654a5f54d4f08c0d2754b634d7fbc6a3e1f22dd,non-hate,False,False,non-hate,non-hate,True,True
3169,F1-E2-H,original,original/answer_mean,answer_mean,4.670780436197917,0.0013427734375,-4.670786539713542,-6.103515625e-06,ELS-3169:original:F1-E2-H:real,7fda90c36ce0f80a1ed216074654a5f54d4f08c0d2754b634d7fbc6a3e1f22dd,non-hate,False,False,non-hate,non-hate,True,True
3169,F1-E2-H,original,original/total_with_eos,total_with_eos,14.0123291015625,0.0013427734375,-14.012359619140625,-3.0517578125e-05,ELS-3169:original:F1-E2-H:real,7fda90c36ce0f80a1ed216074654a5f54d4f08c0d2754b634d7fbc6a3e1f22dd,non-hate,False,False,non-hate,non-hate,True,True
3169,F1-E2-H,original,original/mean_with_eos,mean_with_eos,3.5030848185221353,0.0013427734375,-3.5030899047851562,-5.086263020833333e-06,ELS-3169:original:F1-E2-H:real,7fda90c36ce0f80a1ed216074654a5f54d4f08c0d2754b634d7fbc6a3e1f22dd,non-hate,False,False,non-hate,non-hate,True,True
3169,F1-E2-O,original,original/answer_sum,answer_sum,13.642078399658203,0.0013427734375,-13.642112731933594,-3.4332275390625e-05,ELS-3169:original:F1-E2-O:real,b83aef9b3c5660f1ea47a253a1b792221b5ddea58a904606b421f4e8aab34bda,non-hate,False,False,non-hate,non-hate,True,True
3169,F1-E2-O,original,original/answer_mean,answer_mean,4.547364044189453,0.0013427734375,-4.547370910644531,-6.866455078125e-06,ELS-3169:original:F1-E2-O:real,b83aef9b3c5660f1ea47a253a1b792221b5ddea58a904606b421f4e8aab34bda,non-hate,False,False,non-hate,non-hate,True,True
3169,F1-E2-O,original,original/total_with_eos,total_with_eos,13.642078399658203,0.0013427734375,-13.642112731933594,-3.4332275390625e-05,ELS-3169:original:F1-E2-O:real,b83aef9b3c5660f1ea47a253a1b792221b5ddea58a904606b421f4e8aab34bda,non-hate,False,False,non-hate,non-hate,True,True
3169,F1-E2-O,original,original/mean_with_eos,mean_with_eos,3.4105224609375,0.0013427734375,-3.4105281829833984,-5.7220458984375e-06,ELS-3169:original:F1-E2-O:real,b83aef9b3c5660f1ea47a253a1b792221b5ddea58a904606b421f4e8aab34bda,non-hate,False,False,non-hate,non-hate,True,True
3169,F1-P1-H,original,original/answer_sum,answer_sum,-2.4400291442871094,0.0013427734375,-0.10103225708007812,-2.5410614013671875,ELS-3169:original:F1-P1-H:real,37c714036c73e85a7aa0fac042b53a8d6f83cd098de0396ed52ad163e633c67e,hate,False,False,non-hate,non-hate,False,False
3169,F1-P1-H,original,original/answer_mean,answer_mean,-0.47453486124674477,0.0013427734375,-0.03367741902669271,-0.5082122802734375,ELS-3169:original:F1-P1-H:real,37c714036c73e85a7aa0fac042b53a8d6f83cd098de0396ed52ad163e633c67e,hate,False,False,non-hate,non-hate,False,False
3169,F1-P1-H,original,original/total_with_eos,total_with_eos,-2.4400291442871094,0.0013427734375,-0.10103225708007812,-2.5410614013671875,ELS-3169:original:F1-P1-H:real,37c714036c73e85a7aa0fac042b53a8d6f83cd098de0396ed52ad163e633c67e,hate,False,False,non-hate,non-hate,False,False
3169,F1-P1-H,original,original/mean_with_eos,mean_with_eos,-0.3982521692911784,0.0013427734375,-0.02525806427001953,-0.42351023356119794,ELS-3169:original:F1-P1-H:real,37c714036c73e85a7aa0fac042b53a8d6f83cd098de0396ed52ad163e633c67e,hate,False,False,non-hate,non-hate,False,False
3169,F1-P1-O,original,original/answer_sum,answer_sum,-1.7434425354003906,0.0013427734375,-0.18136978149414062,-1.9248123168945312,ELS-3169:original:F1-P1-O:real,053ff6faea7328fae1966b1e6d7f2e8e980c4ef72e2b9fd32653fbda4302ab12,hate,False,False,non-hate,non-hate,False,False
3169,F1-P1-O,original,original/answer_mean,answer_mean,-0.3245058695475261,0.0013427734375,-0.06045659383138021,-0.38496246337890627,ELS-3169:original:F1-P1-O:real,053ff6faea7328fae1966b1e6d7f2e8e980c4ef72e2b9fd32653fbda4302ab12,hate,False,False,non-hate,non-hate,False,False
3169,F1-P1-O,original,original/total_with_eos,total_with_eos,-1.7434425354003906,0.0013427734375,-0.18136978149414062,-1.9248123168945312,ELS-3169:original:F1-P1-O:real,053ff6faea7328fae1966b1e6d7f2e8e980c4ef72e2b9fd32653fbda4302ab12,hate,False,False,non-hate,non-hate,False,False
3169,F1-P1-O,original,original/mean_with_eos,mean_with_eos,-0.27545960744222003,0.0013427734375,-0.045342445373535156,-0.3208020528157552,ELS-3169:original:F1-P1-O:real,053ff6faea7328fae1966b1e6d7f2e8e980c4ef72e2b9fd32653fbda4302ab12,hate,False,False,non-hate,non-hate,False,False
3169,F1-X1-H,original,original/answer_sum,answer_sum,-1.1467819213867188,0.0013427734375,-0.33153533935546875,-1.4783172607421875,ELS-3169:original:F1-X1-H:real,33473a37635c3fb1b03e269a03eb0429af066bc02980b162176a9f18eb2b18df,hate,False,False,non-hate,non-hate,False,False
3169,F1-X1-H,original,original/answer_mean,answer_mean,-0.18515167236328123,0.0013427734375,-0.11051177978515625,-0.2956634521484375,ELS-3169:original:F1-X1-H:real,33473a37635c3fb1b03e269a03eb0429af066bc02980b162176a9f18eb2b18df,hate,False,False,non-hate,non-hate,False,False
3169,F1-X1-H,original,original/total_with_eos,total_with_eos,-1.1467819213867188,0.0013427734375,-0.33153533935546875,-1.4783172607421875,ELS-3169:original:F1-X1-H:real,33473a37635c3fb1b03e269a03eb0429af066bc02980b162176a9f18eb2b18df,hate,False,False,non-hate,non-hate,False,False
3169,F1-X1-H,original,original/mean_with_eos,mean_with_eos,-0.16350237528483072,0.0013427734375,-0.08288383483886719,-0.2463862101236979,ELS-3169:original:F1-X1-H:real,33473a37635c3fb1b03e269a03eb0429af066bc02980b162176a9f18eb2b18df,hate,False,False,non-hate,non-hate,False,False
3169,F1-X1-O,original,original/answer_sum,answer_sum,-0.05873870849609375,0.0013427734375,-0.7247238159179688,-0.7834625244140625,ELS-3169:original:F1-X1-O:real,9f1b206d2d06d1ad757eb3e74835ffb9466e1a13c3c43ddf7eff8e44a7773d68,hate,False,False,non-hate,non-hate,False,False
3169,F1-X1-O,original,original/answer_mean,answer_mean,0.08488210042317709,0.0013427734375,-0.2415746053059896,-0.1566925048828125,ELS-3169:original:F1-X1-O:real,9f1b206d2d06d1ad757eb3e74835ffb9466e1a13c3c43ddf7eff8e44a7773d68,non-hate,False,False,non-hate,non-hate,True,True
3169,F1-X1-O,original,original/total_with_eos,total_with_eos,-0.05873870849609375,0.0013427734375,-0.7247238159179688,-0.7834625244140625,ELS-3169:original:F1-X1-O:real,9f1b206d2d06d1ad757eb3e74835ffb9466e1a13c3c43ddf7eff8e44a7773d68,hate,False,False,non-hate,non-hate,False,False
3169,F1-X1-O,original,original/mean_with_eos,mean_with_eos,0.05060386657714844,0.0013427734375,-0.1811809539794922,-0.13057708740234375,ELS-3169:original:F1-X1-O:real,9f1b206d2d06d1ad757eb3e74835ffb9466e1a13c3c43ddf7eff8e44a7773d68,non-hate,False,False,non-hate,non-hate,True,True
3169,F1-P2-H,original,original/answer_sum,answer_sum,-2.5762786865234375,0.0013427734375,-0.11044692993164062,-2.686725616455078,ELS-3169:original:F1-P2-H:real,2a0e07eee14aa9a5ac2b184b4d8fcaacbc94c16148166f8576fca36f61cbf86f,hate,False,False,non-hate,non-hate,False,False
3169,F1-P2-H,original,original/answer_mean,answer_mean,-0.5005294799804687,0.0013427734375,-0.036815643310546875,-0.5373451232910156,ELS-3169:original:F1-P2-H:real,2a0e07eee14aa9a5ac2b184b4d8fcaacbc94c16148166f8576fca36f61cbf86f,hate,False,False,non-hate,non-hate,False,False
3169,F1-P2-H,original,original/total_with_eos,total_with_eos,-2.5762786865234375,0.0013427734375,-0.11044692993164062,-2.686725616455078,ELS-3169:original:F1-P2-H:real,2a0e07eee14aa9a5ac2b184b4d8fcaacbc94c16148166f8576fca36f61cbf86f,hate,False,False,non-hate,non-hate,False,False
3169,F1-P2-H,original,original/mean_with_eos,mean_with_eos,-0.42017587025960285,0.0013427734375,-0.027611732482910156,-0.447787602742513,ELS-3169:original:F1-P2-H:real,2a0e07eee14aa9a5ac2b184b4d8fcaacbc94c16148166f8576fca36f61cbf86f,hate,False,False,non-hate,non-hate,False,False
3169,F1-P2-O,original,original/answer_sum,answer_sum,-2.0155067443847656,0.0013427734375,-0.16593551635742188,-2.1814422607421875,ELS-3169:original:F1-P2-O:real,7cacc00ad76bd3c520e64709e5c33dd9b414616f5d7af4511855d6547a6ad162,hate,False,False,non-hate,non-hate,False,False
3169,F1-P2-O,original,original/answer_mean,answer_mean,-0.38097661336263017,0.0013427734375,-0.05531183878580729,-0.4362884521484375,ELS-3169:original:F1-P2-O:real,7cacc00ad76bd3c520e64709e5c33dd9b414616f5d7af4511855d6547a6ad162,hate,False,False,non-hate,non-hate,False,False
3169,F1-P2-O,original,original/total_with_eos,total_with_eos,-2.0155067443847656,0.0013427734375,-0.16593551635742188,-2.1814422607421875,ELS-3169:original:F1-P2-O:real,7cacc00ad76bd3c520e64709e5c33dd9b414616f5d7af4511855d6547a6ad162,hate,False,False,non-hate,non-hate,False,False
3169,F1-P2-O,original,original/mean_with_eos,mean_with_eos,-0.32208983103434247,0.0013427734375,-0.04148387908935547,-0.36357371012369794,ELS-3169:original:F1-P2-O:real,7cacc00ad76bd3c520e64709e5c33dd9b414616f5d7af4511855d6547a6ad162,hate,False,False,non-hate,non-hate,False,False
3169,F1-X2-H,original,original/answer_sum,answer_sum,-0.8077468872070312,0.0013427734375,-0.4561920166015625,-1.2639389038085938,ELS-3169:original:F1-X2-H:real,578c76a24f78c62b72bd5d9d7971759886534c2e8946182b3676256033129bf1,hate,False,False,non-hate,non-hate,False,False
3169,F1-X2-H,original,original/answer_mean,answer_mean,-0.1007237752278646,0.0013427734375,-0.15206400553385416,-0.25278778076171876,ELS-3169:original:F1-X2-H:real,578c76a24f78c62b72bd5d9d7971759886534c2e8946182b3676256033129bf1,hate,False,False,non-hate,non-hate,False,False
3169,F1-X2-H,original,original/total_with_eos,total_with_eos,-0.8077468872070312,0.0013427734375,-0.4561920166015625,-1.2639389038085938,ELS-3169:original:F1-X2-H:real,578c76a24f78c62b72bd5d9d7971759886534c2e8946182b3676256033129bf1,hate,False,False,non-hate,non-hate,False,False
3169,F1-X2-H,original,original/mean_with_eos,mean_with_eos,-0.09660847981770834,0.0013427734375,-0.11404800415039062,-0.21065648396809897,ELS-3169:original:F1-X2-H:real,578c76a24f78c62b72bd5d9d7971759886534c2e8946182b3676256033129bf1,hate,False,False,non-hate,non-hate,False,False
3169,F1-X2-O,original,original/answer_sum,answer_sum,0.23892974853515625,0.0013427734375,-0.897308349609375,-0.6583786010742188,ELS-3169:original:F1-X2-O:real,6b3824d691d3fd0ee8a6f818b3b5a73f844b75da9b5afffa8ff6cb7b38c35a58,non-hate,False,False,non-hate,non-hate,True,True
3169,F1-X2-O,original,original/answer_mean,answer_mean,0.16742706298828125,0.0013427734375,-0.299102783203125,-0.13167572021484375,ELS-3169:original:F1-X2-O:real,6b3824d691d3fd0ee8a6f818b3b5a73f844b75da9b5afffa8ff6cb7b38c35a58,non-hate,False,False,non-hate,non-hate,True,True
3169,F1-X2-O,original,original/total_with_eos,total_with_eos,0.23892974853515625,0.0013427734375,-0.897308349609375,-0.6583786010742188,ELS-3169:original:F1-X2-O:real,6b3824d691d3fd0ee8a6f818b3b5a73f844b75da9b5afffa8ff6cb7b38c35a58,non-hate,False,False,non-hate,non-hate,True,True
3169,F1-X2-O,original,original/mean_with_eos,mean_with_eos,0.11459732055664062,0.0013427734375,-0.22432708740234375,-0.10972976684570312,ELS-3169:original:F1-X2-O:real,6b3824d691d3fd0ee8a6f818b3b5a73f844b75da9b5afffa8ff6cb7b38c35a58,non-hate,False,False,non-hate,non-hate,True,True
3169,F2-O-H,original,original/answer_sum,answer_sum,-0.7046051025390625,0.0013427734375,-0.4432258605957031,-1.1478309631347656,ELS-3169:original:F2-O-H:real,e91d7a7be676b04ecfaca5460784c0abe777ea9727cc536daedb81f983b27076,hate,False,False,non-hate,non-hate,False,False
3169,F2-O-H,original,original/answer_mean,answer_mean,-0.0818242390950521,0.0013427734375,-0.14774195353190103,-0.22956619262695313,ELS-3169:original:F2-O-H:real,e91d7a7be676b04ecfaca5460784c0abe777ea9727cc536daedb81f983b27076,hate,False,False,non-hate,non-hate,False,False
3169,F2-O-H,original,original/total_with_eos,total_with_eos,-0.7046051025390625,0.0013427734375,-0.4432258605957031,-1.1478309631347656,ELS-3169:original:F2-O-H:real,e91d7a7be676b04ecfaca5460784c0abe777ea9727cc536daedb81f983b27076,hate,False,False,non-hate,non-hate,False,False
3169,F2-O-H,original,original/mean_with_eos,mean_with_eos,-0.08049869537353516,0.0013427734375,-0.11080646514892578,-0.19130516052246094,ELS-3169:original:F2-O-H:real,e91d7a7be676b04ecfaca5460784c0abe777ea9727cc536daedb81f983b27076,hate,False,False,non-hate,non-hate,False,False
3169,F2-O-O,original,original/answer_sum,answer_sum,0.15717315673828125,0.0013427734375,-0.8169059753417969,-0.6597328186035156,ELS-3169:original:F2-O-O:real,0ac37e24ca490b534de01edd3429a9528decf9c8abd29fe4d1cef0b683e007c3,non-hate,False,False,non-hate,non-hate,True,True
3169,F2-O-O,original,original/answer_mean,answer_mean,0.14035542805989581,0.0013427734375,-0.27230199178059894,-0.13194656372070312,ELS-3169:original:F2-O-O:real,0ac37e24ca490b534de01edd3429a9528decf9c8abd29fe4d1cef0b683e007c3,non-hate,False,False,non-hate,non-hate,True,True
3169,F2-O-O,original,original/total_with_eos,total_with_eos,0.15717315673828125,0.0013427734375,-0.8169059753417969,-0.6597328186035156,ELS-3169:original:F2-O-O:real,0ac37e24ca490b534de01edd3429a9528decf9c8abd29fe4d1cef0b683e007c3,non-hate,False,False,non-hate,non-hate,True,True
3169,F2-O-O,original,original/mean_with_eos,mean_with_eos,0.09427102406819661,0.0013427734375,-0.20422649383544922,-0.10995546976725261,ELS-3169:original:F2-O-O:real,0ac37e24ca490b534de01edd3429a9528decf9c8abd29fe4d1cef0b683e007c3,non-hate,False,False,non-hate,non-hate,True,True
3169,F2-D-H,original,original/answer_sum,answer_sum,13.497180938720703,0.0013427734375,-13.497245788574219,-6.4849853515625e-05,ELS-3169:original:F2-D-H:real,486504e0a355f30b82ed7e2336ada4d434dbe6e8d1cea4fff3abae1d3e63f59a,non-hate,False,False,non-hate,non-hate,True,True
3169,F2-D-H,original,original/answer_mean,answer_mean,4.4990689595540365,0.0013427734375,-4.499081929524739,-1.2969970703125e-05,ELS-3169:original:F2-D-H:real,486504e0a355f30b82ed7e2336ada4d434dbe6e8d1cea4fff3abae1d3e63f59a,non-hate,False,False,non-hate,non-hate,True,True
3169,F2-D-H,original,original/total_with_eos,total_with_eos,13.497180938720703,0.0013427734375,-13.497245788574219,-6.4849853515625e-05,ELS-3169:original:F2-D-H:real,486504e0a355f30b82ed7e2336ada4d434dbe6e8d1cea4fff3abae1d3e63f59a,non-hate,False,False,non-hate,non-hate,True,True
3169,F2-D-H,original,original/mean_with_eos,mean_with_eos,3.3743006388346353,0.0013427734375,-3.3743114471435547,-1.0808308919270834e-05,ELS-3169:original:F2-D-H:real,486504e0a355f30b82ed7e2336ada4d434dbe6e8d1cea4fff3abae1d3e63f59a,non-hate,False,False,non-hate,non-hate,True,True
3169,F2-D-O,original,original/answer_sum,answer_sum,13.467029571533203,0.0013427734375,-13.467079162597656,-4.9591064453125e-05,ELS-3169:original:F2-D-O:real,9ce49a5c330b030898d710ed4eb3564c10eec205dc4ffda59ab49b51d44916d5,non-hate,False,False,non-hate,non-hate,True,True
3169,F2-D-O,original,original/answer_mean,answer_mean,4.489016469319661,0.0013427734375,-4.489026387532552,-9.918212890625e-06,ELS-3169:original:F2-D-O:real,9ce49a5c330b030898d710ed4eb3564c10eec205dc4ffda59ab49b51d44916d5,non-hate,False,False,non-hate,non-hate,True,True
3169,F2-D-O,original,original/total_with_eos,total_with_eos,13.467029571533203,0.0013427734375,-13.467079162597656,-4.9591064453125e-05,ELS-3169:original:F2-D-O:real,9ce49a5c330b030898d710ed4eb3564c10eec205dc4ffda59ab49b51d44916d5,non-hate,False,False,non-hate,non-hate,True,True
3169,F2-D-O,original,original/mean_with_eos,mean_with_eos,3.3667615254720054,0.0013427734375,-3.366769790649414,-8.265177408854166e-06,ELS-3169:original:F2-D-O:real,9ce49a5c330b030898d710ed4eb3564c10eec205dc4ffda59ab49b51d44916d5,non-hate,False,False,non-hate,non-hate,True,True
3169,F2-N1-H,original,original/answer_sum,answer_sum,15.094093322753906,0.0013427734375,-15.094120025634766,-2.6702880859375e-05,ELS-3169:original:F2-N1-H:real,9b1a84db6c5fcd620e7c726433288c6e49dcaaa72b669d94b8b67abbc6612ff8,non-hate,False,False,non-hate,non-hate,True,True
3169,F2-N1-H,original,original/answer_mean,answer_mean,5.031368001302083,0.0013427734375,-5.031373341878255,-5.340576171875e-06,ELS-3169:original:F2-N1-H:real,9b1a84db6c5fcd620e7c726433288c6e49dcaaa72b669d94b8b67abbc6612ff8,non-hate,False,False,non-hate,non-hate,True,True
3169,F2-N1-H,original,original/total_with_eos,total_with_eos,15.094093322753906,0.0013427734375,-15.094120025634766,-2.6702880859375e-05,ELS-3169:original:F2-N1-H:real,9b1a84db6c5fcd620e7c726433288c6e49dcaaa72b669d94b8b67abbc6612ff8,non-hate,False,False,non-hate,non-hate,True,True
3169,F2-N1-H,original,original/mean_with_eos,mean_with_eos,3.7735255559285483,0.0013427734375,-3.7735300064086914,-4.450480143229167e-06,ELS-3169:original:F2-N1-H:real,9b1a84db6c5fcd620e7c726433288c6e49dcaaa72b669d94b8b67abbc6612ff8,non-hate,False,False,non-hate,non-hate,True,True
3169,F2-N1-O,original,original/answer_sum,answer_sum,14.861900329589844,0.0013427734375,-14.861923217773438,-2.288818359375e-05,ELS-3169:original:F2-N1-O:real,43f751ac7931f7a390a7573042efe41c3947d35063c1cc9220ddd094b01806ac,non-hate,False,False,non-hate,non-hate,True,True
3169,F2-N1-O,original,original/answer_mean,answer_mean,4.953969828287761,0.0013427734375,-4.9539744059244795,-4.57763671875e-06,ELS-3169:original:F2-N1-O:real,43f751ac7931f7a390a7573042efe41c3947d35063c1cc9220ddd094b01806ac,non-hate,False,False,non-hate,non-hate,True,True
3169,F2-N1-O,original,original/total_with_eos,total_with_eos,14.861900329589844,0.0013427734375,-14.861923217773438,-2.288818359375e-05,ELS-3169:original:F2-N1-O:real,43f751ac7931f7a390a7573042efe41c3947d35063c1cc9220ddd094b01806ac,non-hate,False,False,non-hate,non-hate,True,True
3169,F2-N1-O,original,original/mean_with_eos,mean_with_eos,3.7154769897460938,0.0013427734375,-3.7154808044433594,-3.814697265625e-06,ELS-3169:original:F2-N1-O:real,43f751ac7931f7a390a7573042efe41c3947d35063c1cc9220ddd094b01806ac,non-hate,False,False,non-hate,non-hate,True,True
3169,F2-E1-H,original,original/answer_sum,answer_sum,14.28879165649414,0.0013427734375,-14.288822174072266,-3.0517578125e-05,ELS-3169:original:F2-E1-H:real,caec87cd40c647bb8dc54dbf3936256d253e8cc027e8694dc007dc43c7ddf217,non-hate,False,False,non-hate,non-hate,True,True
3169,F2-E1-H,original,original/answer_mean,answer_mean,4.76293462117513,0.0013427734375,-4.762940724690755,-6.103515625e-06,ELS-3169:original:F2-E1-H:real,caec87cd40c647bb8dc54dbf3936256d253e8cc027e8694dc007dc43c7ddf217,non-hate,False,False,non-hate,non-hate,True,True
3169,F2-E1-H,original,original/total_with_eos,total_with_eos,14.28879165649414,0.0013427734375,-14.288822174072266,-3.0517578125e-05,ELS-3169:original:F2-E1-H:real,caec87cd40c647bb8dc54dbf3936256d253e8cc027e8694dc007dc43c7ddf217,non-hate,False,False,non-hate,non-hate,True,True
3169,F2-E1-H,original,original/mean_with_eos,mean_with_eos,3.5722004572550454,0.0013427734375,-3.5722055435180664,-5.086263020833333e-06,ELS-3169:original:F2-E1-H:real,caec87cd40c647bb8dc54dbf3936256d253e8cc027e8694dc007dc43c7ddf217,non-hate,False,False,non-hate,non-hate,True,True
3169,F2-E1-O,original,original/answer_sum,answer_sum,14.083415985107422,0.0013427734375,-14.083442687988281,-2.6702880859375e-05,ELS-3169:original:F2-E1-O:real,7a1761c885f5d4d5bdcc6805c3b7c14f5b583c29d635a54b339c7670e73a83e1,non-hate,False,False,non-hate,non-hate,True,True
3169,F2-E1-O,original,original/answer_mean,answer_mean,4.694475555419922,0.0013427734375,-4.694480895996094,-5.340576171875e-06,ELS-3169:original:F2-E1-O:real,7a1761c885f5d4d5bdcc6805c3b7c14f5b583c29d635a54b339c7670e73a83e1,non-hate,False,False,non-hate,non-hate,True,True
3169,F2-E1-O,original,original/total_with_eos,total_with_eos,14.083415985107422,0.0013427734375,-14.083442687988281,-2.6702880859375e-05,ELS-3169:original:F2-E1-O:real,7a1761c885f5d4d5bdcc6805c3b7c14f5b583c29d635a54b339c7670e73a83e1,non-hate,False,False,non-hate,non-hate,True,True
3169,F2-E1-O,original,original/mean_with_eos,mean_with_eos,3.5208562215169272,0.0013427734375,-3.5208606719970703,-4.450480143229167e-06,ELS-3169:original:F2-E1-O:real,7a1761c885f5d4d5bdcc6805c3b7c14f5b583c29d635a54b339c7670e73a83e1,non-hate,False,False,non-hate,non-hate,True,True
3169,F2-N2-H,original,original/answer_sum,answer_sum,15.19180679321289,0.0013427734375,-15.19183349609375,-2.6702880859375e-05,ELS-3169:original:F2-N2-H:real,39cfd8f43c58ac5e7c8ee6d547dca4da55d6903084749c4abaef5472fcc4cf6d,non-hate,False,False,non-hate,non-hate,True,True
3169,F2-N2-H,original,original/answer_mean,answer_mean,5.063939158121745,0.0013427734375,-5.063944498697917,-5.340576171875e-06,ELS-3169:original:F2-N2-H:real,39cfd8f43c58ac5e7c8ee6d547dca4da55d6903084749c4abaef5472fcc4cf6d,non-hate,False,False,non-hate,non-hate,True,True
3169,F2-N2-H,original,original/total_with_eos,total_with_eos,15.19180679321289,0.0013427734375,-15.19183349609375,-2.6702880859375e-05,ELS-3169:original:F2-N2-H:real,39cfd8f43c58ac5e7c8ee6d547dca4da55d6903084749c4abaef5472fcc4cf6d,non-hate,False,False,non-hate,non-hate,True,True
3169,F2-N2-H,original,original/mean_with_eos,mean_with_eos,3.7979539235432944,0.0013427734375,-3.7979583740234375,-4.450480143229167e-06,ELS-3169:original:F2-N2-H:real,39cfd8f43c58ac5e7c8ee6d547dca4da55d6903084749c4abaef5472fcc4cf6d,non-hate,False,False,non-hate,non-hate,True,True
3169,F2-N2-O,original,original/answer_sum,answer_sum,14.899600982666016,0.0013427734375,-14.89962387084961,-2.288818359375e-05,ELS-3169:original:F2-N2-O:real,2d7f2ea296967884f503a73829a44943158fdb355bfe0c77b9bd6f737f15447f,non-hate,False,False,non-hate,non-hate,True,True
3169,F2-N2-O,original,original/answer_mean,answer_mean,4.9665367126464846,0.0013427734375,-4.966541290283203,-4.57763671875e-06,ELS-3169:original:F2-N2-O:real,2d7f2ea296967884f503a73829a44943158fdb355bfe0c77b9bd6f737f15447f,non-hate,False,False,non-hate,non-hate,True,True
3169,F2-N2-O,original,original/total_with_eos,total_with_eos,14.899600982666016,0.0013427734375,-14.89962387084961,-2.288818359375e-05,ELS-3169:original:F2-N2-O:real,2d7f2ea296967884f503a73829a44943158fdb355bfe0c77b9bd6f737f15447f,non-hate,False,False,non-hate,non-hate,True,True
3169,F2-N2-O,original,original/mean_with_eos,mean_with_eos,3.7249021530151367,0.0013427734375,-3.7249059677124023,-3.814697265625e-06,ELS-3169:original:F2-N2-O:real,2d7f2ea296967884f503a73829a44943158fdb355bfe0c77b9bd6f737f15447f,non-hate,False,False,non-hate,non-hate,True,True
3169,F2-E2-H,original,original/answer_sum,answer_sum,14.13846206665039,0.0013427734375,-14.13848876953125,-2.6702880859375e-05,ELS-3169:original:F2-E2-H:real,d8a175982a5efa90cc46cbb6e979853599b3db3223f1b7f7e65c12d194ab156e,non-hate,False,False,non-hate,non-hate,True,True
3169,F2-E2-H,original,original/answer_mean,answer_mean,4.7128242492675785,0.0013427734375,-4.71282958984375,-5.340576171875e-06,ELS-3169:original:F2-E2-H:real,d8a175982a5efa90cc46cbb6e979853599b3db3223f1b7f7e65c12d194ab156e,non-hate,False,False,non-hate,non-hate,True,True
3169,F2-E2-H,original,original/total_with_eos,total_with_eos,14.13846206665039,0.0013427734375,-14.13848876953125,-2.6702880859375e-05,ELS-3169:original:F2-E2-H:real,d8a175982a5efa90cc46cbb6e979853599b3db3223f1b7f7e65c12d194ab156e,non-hate,False,False,non-hate,non-hate,True,True
3169,F2-E2-H,original,original/mean_with_eos,mean_with_eos,3.5346177419026694,0.0013427734375,-3.5346221923828125,-4.450480143229167e-06,ELS-3169:original:F2-E2-H:real,d8a175982a5efa90cc46cbb6e979853599b3db3223f1b7f7e65c12d194ab156e,non-hate,False,False,non-hate,non-hate,True,True
3169,F2-E2-O,original,original/answer_sum,answer_sum,13.89090347290039,0.0013427734375,-13.89093017578125,-2.6702880859375e-05,ELS-3169:original:F2-E2-O:real,bae684eebe82ad0b6569934a029bfa1ef79af95d6f70e9afd9964a97733a3118,non-hate,False,False,non-hate,non-hate,True,True
3169,F2-E2-O,original,original/answer_mean,answer_mean,4.6303047180175785,0.0013427734375,-4.63031005859375,-5.340576171875e-06,ELS-3169:original:F2-E2-O:real,bae684eebe82ad0b6569934a029bfa1ef79af95d6f70e9afd9964a97733a3118,non-hate,False,False,non-hate,non-hate,True,True
3169,F2-E2-O,original,original/total_with_eos,total_with_eos,13.89090347290039,0.0013427734375,-13.89093017578125,-2.6702880859375e-05,ELS-3169:original:F2-E2-O:real,bae684eebe82ad0b6569934a029bfa1ef79af95d6f70e9afd9964a97733a3118,non-hate,False,False,non-hate,non-hate,True,True
3169,F2-E2-O,original,original/mean_with_eos,mean_with_eos,3.4727280934651694,0.0013427734375,-3.4727325439453125,-4.450480143229167e-06,ELS-3169:original:F2-E2-O:real,bae684eebe82ad0b6569934a029bfa1ef79af95d6f70e9afd9964a97733a3118,non-hate,False,False,non-hate,non-hate,True,True
3169,F2-P1-H,original,original/answer_sum,answer_sum,-2.3129005432128906,0.0013427734375,-0.11056900024414062,-2.4234695434570312,ELS-3169:original:F2-P1-H:real,4d3ef7e63d3b79e9bfe88e833128b5a42e9876b12ac79d36c4bd8efa8e1b3c51,hate,False,False,non-hate,non-hate,False,False
3169,F2-P1-H,original,original/answer_mean,answer_mean,-0.4478375752766927,0.0013427734375,-0.03685633341471354,-0.48469390869140627,ELS-3169:original:F2-P1-H:real,4d3ef7e63d3b79e9bfe88e833128b5a42e9876b12ac79d36c4bd8efa8e1b3c51,hate,False,False,non-hate,non-hate,False,False
3169,F2-P1-H,original,original/total_with_eos,total_with_eos,-2.3129005432128906,0.0013427734375,-0.11056900024414062,-2.4234695434570312,ELS-3169:original:F2-P1-H:real,4d3ef7e63d3b79e9bfe88e833128b5a42e9876b12ac79d36c4bd8efa8e1b3c51,hate,False,False,non-hate,non-hate,False,False
3169,F2-P1-H,original,original/mean_with_eos,mean_with_eos,-0.3762693405151367,0.0013427734375,-0.027642250061035156,-0.4039115905761719,ELS-3169:original:F2-P1-H:real,4d3ef7e63d3b79e9bfe88e833128b5a42e9876b12ac79d36c4bd8efa8e1b3c51,hate,False,False,non-hate,non-hate,False,False
3169,F2-P1-O,original,original/answer_sum,answer_sum,-1.6236190795898438,0.0013427734375,-0.20179367065429688,-1.8254127502441406,ELS-3169:original:F2-P1-O:real,4327f947e5e1b2fba100485455a2f3d4316c616c91865b813b1ca02893e59526,hate,False,False,non-hate,non-hate,False,False
3169,F2-P1-O,original,original/answer_mean,answer_mean,-0.2978179931640625,0.0013427734375,-0.06726455688476562,-0.3650825500488281,ELS-3169:original:F2-P1-O:real,4327f947e5e1b2fba100485455a2f3d4316c616c91865b813b1ca02893e59526,hate,False,False,non-hate,non-hate,False,False
3169,F2-P1-O,original,original/total_with_eos,total_with_eos,-1.6236190795898438,0.0013427734375,-0.20179367065429688,-1.8254127502441406,ELS-3169:original:F2-P1-O:real,4327f947e5e1b2fba100485455a2f3d4316c616c91865b813b1ca02893e59526,hate,False,False,non-hate,non-hate,False,False
3169,F2-P1-O,original,original/mean_with_eos,mean_with_eos,-0.2537870407104492,0.0013427734375,-0.05044841766357422,-0.30423545837402344,ELS-3169:original:F2-P1-O:real,4327f947e5e1b2fba100485455a2f3d4316c616c91865b813b1ca02893e59526,hate,False,False,non-hate,non-hate,False,False
3169,F2-X1-H,original,original/answer_sum,answer_sum,-0.6739654541015625,0.0013427734375,-0.4734535217285156,-1.1474189758300781,ELS-3169:original:F2-X1-H:real,6cfab57fd1280cd4b2078ffccca36be741b500c57b7587ff0945b85f73b967b1,hate,False,False,non-hate,non-hate,False,False
3169,F2-X1-H,original,original/answer_mean,answer_mean,-0.07166595458984376,0.0013427734375,-0.15781784057617188,-0.22948379516601564,ELS-3169:original:F2-X1-H:real,6cfab57fd1280cd4b2078ffccca36be741b500c57b7587ff0945b85f73b967b1,hate,False,False,non-hate,non-hate,False,False
3169,F2-X1-H,original,original/total_with_eos,total_with_eos,-0.6739654541015625,0.0013427734375,-0.4734535217285156,-1.1474189758300781,ELS-3169:original:F2-X1-H:real,6cfab57fd1280cd4b2078ffccca36be741b500c57b7587ff0945b85f73b967b1,hate,False,False,non-hate,non-hate,False,False
3169,F2-X1-H,original,original/mean_with_eos,mean_with_eos,-0.07287311553955078,0.0013427734375,-0.1183633804321289,-0.1912364959716797,ELS-3169:original:F2-X1-H:real,6cfab57fd1280cd4b2078ffccca36be741b500c57b7587ff0945b85f73b967b1,hate,False,False,non-hate,non-hate,False,False
3169,F2-X1-O,original,original/answer_sum,answer_sum,0.5181961059570312,0.0013427734375,-1.0496902465820312,-0.531494140625,ELS-3169:original:F2-X1-O:real,0ce83d8c905e65c4384067158242b99bd78ec87e3ef7104d733e54b9db2b99de,non-hate,False,False,non-hate,non-hate,True,True
3169,F2-X1-O,original,original/answer_mean,answer_mean,0.24359792073567707,0.0013427734375,-0.34989674886067706,-0.106298828125,ELS-3169:original:F2-X1-O:real,0ce83d8c905e65c4384067158242b99bd78ec87e3ef7104d733e54b9db2b99de,non-hate,False,False,non-hate,non-hate,True,True
3169,F2-X1-O,original,original/total_with_eos,total_with_eos,0.5181961059570312,0.0013427734375,-1.0496902465820312,-0.531494140625,ELS-3169:original:F2-X1-O:real,0ce83d8c905e65c4384067158242b99bd78ec87e3ef7104d733e54b9db2b99de,non-hate,False,False,non-hate,non-hate,True,True
3169,F2-X1-O,original,original/mean_with_eos,mean_with_eos,0.1738402048746745,0.0013427734375,-0.2624225616455078,-0.08858235677083333,ELS-3169:original:F2-X1-O:real,0ce83d8c905e65c4384067158242b99bd78ec87e3ef7104d733e54b9db2b99de,non-hate,False,False,non-hate,non-hate,True,True
3169,F2-P2-H,original,original/answer_sum,answer_sum,-2.3146209716796875,0.0013427734375,-0.13092041015625,-2.4455413818359375,ELS-3169:original:F2-P2-H:real,a97acd6932481723d581f03ad1cac62a22e3c4790ebe6939c451b9d0ec561f46,hate,False,False,non-hate,non-hate,False,False
3169,F2-P2-H,original,original/answer_mean,answer_mean,-0.4454681396484375,0.0013427734375,-0.04364013671875,-0.4891082763671875,ELS-3169:original:F2-P2-H:real,a97acd6932481723d581f03ad1cac62a22e3c4790ebe6939c451b9d0ec561f46,hate,False,False,non-hate,non-hate,False,False
3169,F2-P2-H,original,original/total_with_eos,total_with_eos,-2.3146209716796875,0.0013427734375,-0.13092041015625,-2.4455413818359375,ELS-3169:original:F2-P2-H:real,a97acd6932481723d581f03ad1cac62a22e3c4790ebe6939c451b9d0ec561f46,hate,False,False,non-hate,non-hate,False,False
3169,F2-P2-H,original,original/mean_with_eos,mean_with_eos,-0.37486012776692706,0.0013427734375,-0.0327301025390625,-0.40759023030598956,ELS-3169:original:F2-P2-H:real,a97acd6932481723d581f03ad1cac62a22e3c4790ebe6939c451b9d0ec561f46,hate,False,False,non-hate,non-hate,False,False
3169,F2-P2-O,original,original/answer_sum,answer_sum,-1.879608154296875,0.0013427734375,-0.18506240844726562,-2.0646705627441406,ELS-3169:original:F2-P2-O:real,b33b3b0e81b54221523d8a681796f183783c2bcafae40ba2ae4546a93cb2dc9e,hate,False,False,non-hate,non-hate,False,False
3169,F2-P2-O,original,original/answer_mean,answer_mean,-0.35124664306640624,0.0013427734375,-0.061687469482421875,-0.4129341125488281,ELS-3169:original:F2-P2-O:real,b33b3b0e81b54221523d8a681796f183783c2bcafae40ba2ae4546a93cb2dc9e,hate,False,False,non-hate,non-hate,False,False
3169,F2-P2-O,original,original/total_with_eos,total_with_eos,-1.879608154296875,0.0013427734375,-0.18506240844726562,-2.0646705627441406,ELS-3169:original:F2-P2-O:real,b33b3b0e81b54221523d8a681796f183783c2bcafae40ba2ae4546a93cb2dc9e,hate,False,False,non-hate,non-hate,False,False
3169,F2-P2-O,original,original/mean_with_eos,mean_with_eos,-0.29784615834554035,0.0013427734375,-0.046265602111816406,-0.34411176045735675,ELS-3169:original:F2-P2-O:real,b33b3b0e81b54221523d8a681796f183783c2bcafae40ba2ae4546a93cb2dc9e,hate,False,False,non-hate,non-hate,False,False
3169,F2-X2-H,original,original/answer_sum,answer_sum,-0.20197296142578125,0.0013427734375,-0.6865119934082031,-0.8884849548339844,ELS-3169:original:F2-X2-H:real,25c4170304fc9b0b5d6e10e642de7a339ca56a5e2bdf968baba12cdf1ada9dbc,hate,False,False,non-hate,non-hate,False,False
3169,F2-X2-H,original,original/answer_mean,answer_mean,0.051140340169270854,0.0013427734375,-0.22883733113606772,-0.17769699096679686,ELS-3169:original:F2-X2-H:real,25c4170304fc9b0b5d6e10e642de7a339ca56a5e2bdf968baba12cdf1ada9dbc,non-hate,False,False,non-hate,non-hate,True,True
3169,F2-X2-H,original,original/total_with_eos,total_with_eos,-0.20197296142578125,0.0013427734375,-0.6865119934082031,-0.8884849548339844,ELS-3169:original:F2-X2-H:real,25c4170304fc9b0b5d6e10e642de7a339ca56a5e2bdf968baba12cdf1ada9dbc,hate,False,False,non-hate,non-hate,False,False
3169,F2-X2-H,original,original/mean_with_eos,mean_with_eos,0.02354717254638672,0.0013427734375,-0.17162799835205078,-0.14808082580566406,ELS-3169:original:F2-X2-H:real,25c4170304fc9b0b5d6e10e642de7a339ca56a5e2bdf968baba12cdf1ada9dbc,non-hate,False,False,non-hate,non-hate,True,True
3169,F2-X2-O,original,original/answer_sum,answer_sum,0.8914680480957031,0.0013427734375,-1.3153190612792969,-0.42385101318359375,ELS-3169:original:F2-X2-O:real,89bf99c9706cc3927a7c8005d95cad2ea74bfaaf590426cacee830f11f1a5526,non-hate,False,False,non-hate,non-hate,True,True
3169,F2-X2-O,original,original/answer_mean,answer_mean,0.3536694844563802,0.0013427734375,-0.43843968709309894,-0.08477020263671875,ELS-3169:original:F2-X2-O:real,89bf99c9706cc3927a7c8005d95cad2ea74bfaaf590426cacee830f11f1a5526,non-hate,False,False,non-hate,non-hate,True,True
3169,F2-X2-O,original,original/total_with_eos,total_with_eos,0.8914680480957031,0.0013427734375,-1.3153190612792969,-0.42385101318359375,ELS-3169:original:F2-X2-O:real,89bf99c9706cc3927a7c8005d95cad2ea74bfaaf590426cacee830f11f1a5526,non-hate,False,False,non-hate,non-hate,True,True
3169,F2-X2-O,original,original/mean_with_eos,mean_with_eos,0.2581879297892253,0.0013427734375,-0.3288297653198242,-0.07064183553059895,ELS-3169:original:F2-X2-O:real,89bf99c9706cc3927a7c8005d95cad2ea74bfaaf590426cacee830f11f1a5526,non-hate,False,False,non-hate,non-hate,True,True
3169,F1-O-H,ab_forward,ab_forward/answer_sum,answer_sum,-10.057090759277344,0.0013427734375,-4.9591064453125e-05,-10.057140350341797,ELS-3169:ab_forward:F1-O-H:real,840a80c02efd99a07e289a030dfe107879e344cf7103784e71acf69a3fa56bd3,hate,False,False,non-hate,non-hate,False,False
3169,F1-O-H,ab_forward,ab_forward/answer_mean,answer_mean,-5.028545379638672,0.0013427734375,-2.47955322265625e-05,-5.028570175170898,ELS-3169:ab_forward:F1-O-H:real,840a80c02efd99a07e289a030dfe107879e344cf7103784e71acf69a3fa56bd3,hate,False,False,non-hate,non-hate,False,False
3169,F1-O-H,ab_forward,ab_forward/total_with_eos,total_with_eos,-10.057090759277344,0.0013427734375,-4.9591064453125e-05,-10.057140350341797,ELS-3169:ab_forward:F1-O-H:real,840a80c02efd99a07e289a030dfe107879e344cf7103784e71acf69a3fa56bd3,hate,False,False,non-hate,non-hate,False,False
3169,F1-O-H,ab_forward,ab_forward/mean_with_eos,mean_with_eos,-3.3523635864257812,0.0013427734375,-1.6530354817708332e-05,-3.352380116780599,ELS-3169:ab_forward:F1-O-H:real,840a80c02efd99a07e289a030dfe107879e344cf7103784e71acf69a3fa56bd3,hate,False,False,non-hate,non-hate,False,False
3169,F1-O-O,ab_forward,ab_forward/answer_sum,answer_sum,-7.084621429443359,0.0013427734375,-0.0008544921875,-7.085475921630859,ELS-3169:ab_forward:F1-O-O:real,58eef1be059c63fd1fbf5af335552b3bcde2b71977fd2d0f7050549c1041e3d3,hate,False,False,non-hate,non-hate,False,False
3169,F1-O-O,ab_forward,ab_forward/answer_mean,answer_mean,-3.5423107147216797,0.0013427734375,-0.00042724609375,-3.5427379608154297,ELS-3169:ab_forward:F1-O-O:real,58eef1be059c63fd1fbf5af335552b3bcde2b71977fd2d0f7050549c1041e3d3,hate,False,False,non-hate,non-hate,False,False
3169,F1-O-O,ab_forward,ab_forward/total_with_eos,total_with_eos,-7.084621429443359,0.0013427734375,-0.0008544921875,-7.085475921630859,ELS-3169:ab_forward:F1-O-O:real,58eef1be059c63fd1fbf5af335552b3bcde2b71977fd2d0f7050549c1041e3d3,hate,False,False,non-hate,non-hate,False,False
3169,F1-O-O,ab_forward,ab_forward/mean_with_eos,mean_with_eos,-2.36154047648112,0.0013427734375,-0.0002848307291666667,-2.3618253072102866,ELS-3169:ab_forward:F1-O-O:real,58eef1be059c63fd1fbf5af335552b3bcde2b71977fd2d0f7050549c1041e3d3,hate,False,False,non-hate,non-hate,False,False
3169,F1-D-H,ab_forward,ab_forward/answer_sum,answer_sum,10.126277923583984,0.0013427734375,-10.126777648925781,-0.000499725341796875,ELS-3169:ab_forward:F1-D-H:real,623bf33bf33b993f07af1b3b42ce61cae2b025bb55e72e03cb6953d1dca7a3dd,non-hate,False,False,non-hate,non-hate,True,True
3169,F1-D-H,ab_forward,ab_forward/answer_mean,answer_mean,5.063138961791992,0.0013427734375,-5.063388824462891,-0.0002498626708984375,ELS-3169:ab_forward:F1-D-H:real,623bf33bf33b993f07af1b3b42ce61cae2b025bb55e72e03cb6953d1dca7a3dd,non-hate,False,False,non-hate,non-hate,True,True
3169,F1-D-H,ab_forward,ab_forward/total_with_eos,total_with_eos,10.126277923583984,0.0013427734375,-10.126777648925781,-0.000499725341796875,ELS-3169:ab_forward:F1-D-H:real,623bf33bf33b993f07af1b3b42ce61cae2b025bb55e72e03cb6953d1dca7a3dd,non-hate,False,False,non-hate,non-hate,True,True
3169,F1-D-H,ab_forward,ab_forward/mean_with_eos,mean_with_eos,3.375425974527995,0.0013427734375,-3.3755925496419272,-0.00016657511393229166,ELS-3169:ab_forward:F1-D-H:real,623bf33bf33b993f07af1b3b42ce61cae2b025bb55e72e03cb6953d1dca7a3dd,non-hate,False,False,non-hate,non-hate,True,True
3169,F1-D-O,ab_forward,ab_forward/answer_sum,answer_sum,10.633262634277344,0.0013427734375,-10.633708953857422,-0.000446319580078125,ELS-3169:ab_forward:F1-D-O:real,afc62b522965ec1da7394175c986c6844f2d30ee2936d030380d2443a2bf4c75,non-hate,False,False,non-hate,non-hate,True,True
3169,F1-D-O,ab_forward,ab_forward/answer_mean,answer_mean,5.316631317138672,0.0013427734375,-5.316854476928711,-0.0002231597900390625,ELS-3169:ab_forward:F1-D-O:real,afc62b522965ec1da7394175c986c6844f2d30ee2936d030380d2443a2bf4c75,non-hate,False,False,non-hate,non-hate,True,True
3169,F1-D-O,ab_forward,ab_forward/total_with_eos,total_with_eos,10.633262634277344,0.0013427734375,-10.633708953857422,-0.000446319580078125,ELS-3169:ab_forward:F1-D-O:real,afc62b522965ec1da7394175c986c6844f2d30ee2936d030380d2443a2bf4c75,non-hate,False,False,non-hate,non-hate,True,True
3169,F1-D-O,ab_forward,ab_forward/mean_with_eos,mean_with_eos,3.5444208780924478,0.0013427734375,-3.544569651285807,-0.000148773193359375,ELS-3169:ab_forward:F1-D-O:real,afc62b522965ec1da7394175c986c6844f2d30ee2936d030380d2443a2bf4c75,non-hate,False,False,non-hate,non-hate,True,True
3169,F1-N1-H,ab_forward,ab_forward/answer_sum,answer_sum,13.373188018798828,0.0013427734375,-13.373462677001953,-0.000274658203125,ELS-3169:ab_forward:F1-N1-H:real,82c029f09ad978085884805e9f87323c7cdde73eea6a7629822738b26bf560fa,non-hate,False,False,non-hate,non-hate,True,True
3169,F1-N1-H,ab_forward,ab_forward/answer_mean,answer_mean,6.686594009399414,0.0013427734375,-6.686731338500977,-0.0001373291015625,ELS-3169:ab_forward:F1-N1-H:real,82c029f09ad978085884805e9f87323c7cdde73eea6a7629822738b26bf560fa,non-hate,False,False,non-hate,non-hate,True,True
3169,F1-N1-H,ab_forward,ab_forward/total_with_eos,total_with_eos,13.373188018798828,0.0013427734375,-13.373462677001953,-0.000274658203125,ELS-3169:ab_forward:F1-N1-H:real,82c029f09ad978085884805e9f87323c7cdde73eea6a7629822738b26bf560fa,non-hate,False,False,non-hate,non-hate,True,True
3169,F1-N1-H,ab_forward,ab_forward/mean_with_eos,mean_with_eos,4.457729339599609,0.0013427734375,-4.457820892333984,-9.1552734375e-05,ELS-3169:ab_forward:F1-N1-H:real,82c029f09ad978085884805e9f87323c7cdde73eea6a7629822738b26bf560fa,non-hate,False,False,non-hate,non-hate,True,True
3169,F1-N1-O,ab_forward,ab_forward/answer_sum,answer_sum,14.119384765625,0.0013427734375,-14.119674682617188,-0.0002899169921875,ELS-3169:ab_forward:F1-N1-O:real,e27bcc67bf500284943d0dcb4eeb0a590d6a2c860fd009901361abd29a4adfec,non-hate,False,False,non-hate,non-hate,True,True
3169,F1-N1-O,ab_forward,ab_forward/answer_mean,answer_mean,7.0596923828125,0.0013427734375,-7.059837341308594,-0.00014495849609375,ELS-3169:ab_forward:F1-N1-O:real,e27bcc67bf500284943d0dcb4eeb0a590d6a2c860fd009901361abd29a4adfec,non-hate,False,False,non-hate,non-hate,True,True
3169,F1-N1-O,ab_forward,ab_forward/total_with_eos,total_with_eos,14.119384765625,0.0013427734375,-14.119674682617188,-0.0002899169921875,ELS-3169:ab_forward:F1-N1-O:real,e27bcc67bf500284943d0dcb4eeb0a590d6a2c860fd009901361abd29a4adfec,non-hate,False,False,non-hate,non-hate,True,True
3169,F1-N1-O,ab_forward,ab_forward/mean_with_eos,mean_with_eos,4.706461588541667,0.0013427734375,-4.7065582275390625,-9.663899739583333e-05,ELS-3169:ab_forward:F1-N1-O:real,e27bcc67bf500284943d0dcb4eeb0a590d6a2c860fd009901361abd29a4adfec,non-hate,False,False,non-hate,non-hate,True,True
3169,F1-E1-H,ab_forward,ab_forward/answer_sum,answer_sum,13.523231506347656,0.0013427734375,-13.52349853515625,-0.00026702880859375,ELS-3169:ab_forward:F1-E1-H:real,b3f5f386685f482590b26be71152a7492b39d241bf9951867bcaa26d5a01c075,non-hate,False,False,non-hate,non-hate,True,True
3169,F1-E1-H,ab_forward,ab_forward/answer_mean,answer_mean,6.761615753173828,0.0013427734375,-6.761749267578125,-0.000133514404296875,ELS-3169:ab_forward:F1-E1-H:real,b3f5f386685f482590b26be71152a7492b39d241bf9951867bcaa26d5a01c075,non-hate,False,False,non-hate,non-hate,True,True
3169,F1-E1-H,ab_forward,ab_forward/total_with_eos,total_with_eos,13.523231506347656,0.0013427734375,-13.52349853515625,-0.00026702880859375,ELS-3169:ab_forward:F1-E1-H:real,b3f5f386685f482590b26be71152a7492b39d241bf9951867bcaa26d5a01c075,non-hate,False,False,non-hate,non-hate,True,True
3169,F1-E1-H,ab_forward,ab_forward/mean_with_eos,mean_with_eos,4.507743835449219,0.0013427734375,-4.507832845052083,-8.900960286458333e-05,ELS-3169:ab_forward:F1-E1-H:real,b3f5f386685f482590b26be71152a7492b39d241bf9951867bcaa26d5a01c075,non-hate,False,False,non-hate,non-hate,True,True
3169,F1-E1-O,ab_forward,ab_forward/answer_sum,answer_sum,14.30581283569336,0.0013427734375,-14.306106567382812,-0.000293731689453125,ELS-3169:ab_forward:F1-E1-O:real,d39c8928807388eaf9d95cf0d6965273ac1afad30109fea22c815777b83b03db,non-hate,False,False,non-hate,non-hate,True,True
3169,F1-E1-O,ab_forward,ab_forward/answer_mean,answer_mean,7.15290641784668,0.0013427734375,-7.153053283691406,-0.0001468658447265625,ELS-3169:ab_forward:F1-E1-O:real,d39c8928807388eaf9d95cf0d6965273ac1afad30109fea22c815777b83b03db,non-hate,False,False,non-hate,non-hate,True,True
3169,F1-E1-O,ab_forward,ab_forward/total_with_eos,total_with_eos,14.30581283569336,0.0013427734375,-14.306106567382812,-0.000293731689453125,ELS-3169:ab_forward:F1-E1-O:real,d39c8928807388eaf9d95cf0d6965273ac1afad30109fea22c815777b83b03db,non-hate,False,False,non-hate,non-hate,True,True
3169,F1-E1-O,ab_forward,ab_forward/mean_with_eos,mean_with_eos,4.768604278564453,0.0013427734375,-4.7687021891276045,-9.791056315104167e-05,ELS-3169:ab_forward:F1-E1-O:real,d39c8928807388eaf9d95cf0d6965273ac1afad30109fea22c815777b83b03db,non-hate,False,False,non-hate,non-hate,True,True
3169,F1-N2-H,ab_forward,ab_forward/answer_sum,answer_sum,13.434135437011719,0.0013427734375,-13.434398651123047,-0.000263214111328125,ELS-3169:ab_forward:F1-N2-H:real,7ff4e42ae3785245eca0e2de72de61c7696d7863c6758a38dfbfd9f5906a9c6f,non-hate,False,False,non-hate,non-hate,True,True
3169,F1-N2-H,ab_forward,ab_forward/answer_mean,answer_mean,6.717067718505859,0.0013427734375,-6.717199325561523,-0.0001316070556640625,ELS-3169:ab_forward:F1-N2-H:real,7ff4e42ae3785245eca0e2de72de61c7696d7863c6758a38dfbfd9f5906a9c6f,non-hate,False,False,non-hate,non-hate,True,True
3169,F1-N2-H,ab_forward,ab_forward/total_with_eos,total_with_eos,13.434135437011719,0.0013427734375,-13.434398651123047,-0.000263214111328125,ELS-3169:ab_forward:F1-N2-H:real,7ff4e42ae3785245eca0e2de72de61c7696d7863c6758a38dfbfd9f5906a9c6f,non-hate,False,False,non-hate,non-hate,True,True
3169,F1-N2-H,ab_forward,ab_forward/mean_with_eos,mean_with_eos,4.478045145670573,0.0013427734375,-4.478132883707683,-8.7738037109375e-05,ELS-3169:ab_forward:F1-N2-H:real,7ff4e42ae3785245eca0e2de72de61c7696d7863c6758a38dfbfd9f5906a9c6f,non-hate,False,False,non-hate,non-hate,True,True
3169,F1-N2-O,ab_forward,ab_forward/answer_sum,answer_sum,14.169700622558594,0.0013427734375,-14.169990539550781,-0.0002899169921875,ELS-3169:ab_forward:F1-N2-O:real,d95a6f5cfad73a7bce9dd75cf3f7f7cdccd5150e3445dacdc4b9204d2f7ee65f,non-hate,False,False,non-hate,non-hate,True,True
3169,F1-N2-O,ab_forward,ab_forward/answer_mean,answer_mean,7.084850311279297,0.0013427734375,-7.084995269775391,-0.00014495849609375,ELS-3169:ab_forward:F1-N2-O:real,d95a6f5cfad73a7bce9dd75cf3f7f7cdccd5150e3445dacdc4b9204d2f7ee65f,non-hate,False,False,non-hate,non-hate,True,True
3169,F1-N2-O,ab_forward,ab_forward/total_with_eos,total_with_eos,14.169700622558594,0.0013427734375,-14.169990539550781,-0.0002899169921875,ELS-3169:ab_forward:F1-N2-O:real,d95a6f5cfad73a7bce9dd75cf3f7f7cdccd5150e3445dacdc4b9204d2f7ee65f,non-hate,False,False,non-hate,non-hate,True,True
3169,F1-N2-O,ab_forward,ab_forward/mean_with_eos,mean_with_eos,4.723233540852865,0.0013427734375,-4.723330179850261,-9.663899739583333e-05,ELS-3169:ab_forward:F1-N2-O:real,d95a6f5cfad73a7bce9dd75cf3f7f7cdccd5150e3445dacdc4b9204d2f7ee65f,non-hate,False,False,non-hate,non-hate,True,True
3169,F1-E2-H,ab_forward,ab_forward/answer_sum,answer_sum,13.648231506347656,0.0013427734375,-13.648494720458984,-0.000263214111328125,ELS-3169:ab_forward:F1-E2-H:real,28cdd51f261c2836cb86fc6ecfaa078f0f7007d7b57531e7da225a0b22276bee,non-hate,False,False,non-hate,non-hate,True,True
3169,F1-E2-H,ab_forward,ab_forward/answer_mean,answer_mean,6.824115753173828,0.0013427734375,-6.824247360229492,-0.0001316070556640625,ELS-3169:ab_forward:F1-E2-H:real,28cdd51f261c2836cb86fc6ecfaa078f0f7007d7b57531e7da225a0b22276bee,non-hate,False,False,non-hate,non-hate,True,True
3169,F1-E2-H,ab_forward,ab_forward/total_with_eos,total_with_eos,13.648231506347656,0.0013427734375,-13.648494720458984,-0.000263214111328125,ELS-3169:ab_forward:F1-E2-H:real,28cdd51f261c2836cb86fc6ecfaa078f0f7007d7b57531e7da225a0b22276bee,non-hate,False,False,non-hate,non-hate,True,True
3169,F1-E2-H,ab_forward,ab_forward/mean_with_eos,mean_with_eos,4.549410502115886,0.0013427734375,-4.549498240152995,-8.7738037109375e-05,ELS-3169:ab_forward:F1-E2-H:real,28cdd51f261c2836cb86fc6ecfaa078f0f7007d7b57531e7da225a0b22276bee,non-hate,False,False,non-hate,non-hate,True,True
3169,F1-E2-O,ab_forward,ab_forward/answer_sum,answer_sum,14.325401306152344,0.0013427734375,-14.325695037841797,-0.000293731689453125,ELS-3169:ab_forward:F1-E2-O:real,46754e8b52de79ee354cdabd0caaeb22714f95352e18a22f50516938a9d0a0ab,non-hate,False,False,non-hate,non-hate,True,True
3169,F1-E2-O,ab_forward,ab_forward/answer_mean,answer_mean,7.162700653076172,0.0013427734375,-7.162847518920898,-0.0001468658447265625,ELS-3169:ab_forward:F1-E2-O:real,46754e8b52de79ee354cdabd0caaeb22714f95352e18a22f50516938a9d0a0ab,non-hate,False,False,non-hate,non-hate,True,True
3169,F1-E2-O,ab_forward,ab_forward/total_with_eos,total_with_eos,14.325401306152344,0.0013427734375,-14.325695037841797,-0.000293731689453125,ELS-3169:ab_forward:F1-E2-O:real,46754e8b52de79ee354cdabd0caaeb22714f95352e18a22f50516938a9d0a0ab,non-hate,False,False,non-hate,non-hate,True,True
3169,F1-E2-O,ab_forward,ab_forward/mean_with_eos,mean_with_eos,4.775133768717447,0.0013427734375,-4.775231679280599,-9.791056315104167e-05,ELS-3169:ab_forward:F1-E2-O:real,46754e8b52de79ee354cdabd0caaeb22714f95352e18a22f50516938a9d0a0ab,non-hate,False,False,non-hate,non-hate,True,True
3169,F1-P1-H,ab_forward,ab_forward/answer_sum,answer_sum,-12.054084777832031,0.0013427734375,-7.62939453125e-06,-12.054092407226562,ELS-3169:ab_forward:F1-P1-H:real,1a1ee9f1c3d7324ab726ff11ddfde0e0c0a20470ac3e47f094e4a79c6cda613f,hate,False,False,non-hate,non-hate,False,False
3169,F1-P1-H,ab_forward,ab_forward/answer_mean,answer_mean,-6.027042388916016,0.0013427734375,-3.814697265625e-06,-6.027046203613281,ELS-3169:ab_forward:F1-P1-H:real,1a1ee9f1c3d7324ab726ff11ddfde0e0c0a20470ac3e47f094e4a79c6cda613f,hate,False,False,non-hate,non-hate,False,False
3169,F1-P1-H,ab_forward,ab_forward/total_with_eos,total_with_eos,-12.054084777832031,0.0013427734375,-7.62939453125e-06,-12.054092407226562,ELS-3169:ab_forward:F1-P1-H:real,1a1ee9f1c3d7324ab726ff11ddfde0e0c0a20470ac3e47f094e4a79c6cda613f,hate,False,False,non-hate,non-hate,False,False
3169,F1-P1-H,ab_forward,ab_forward/mean_with_eos,mean_with_eos,-4.018028259277344,0.0013427734375,-2.5431315104166665e-06,-4.0180308024088545,ELS-3169:ab_forward:F1-P1-H:real,1a1ee9f1c3d7324ab726ff11ddfde0e0c0a20470ac3e47f094e4a79c6cda613f,hate,False,False,non-hate,non-hate,False,False
3169,F1-P1-O,ab_forward,ab_forward/answer_sum,answer_sum,-10.39532470703125,0.0013427734375,-3.4332275390625e-05,-10.39535903930664,ELS-3169:ab_forward:F1-P1-O:real,da11dd8509f5e798a7d91e79c4d3e3a427b7447c4790040081db0454c5d56d9d,hate,False,False,non-hate,non-hate,False,False
3169,F1-P1-O,ab_forward,ab_forward/answer_mean,answer_mean,-5.197662353515625,0.0013427734375,-1.71661376953125e-05,-5.19767951965332,ELS-3169:ab_forward:F1-P1-O:real,da11dd8509f5e798a7d91e79c4d3e3a427b7447c4790040081db0454c5d56d9d,hate,False,False,non-hate,non-hate,False,False
3169,F1-P1-O,ab_forward,ab_forward/total_with_eos,total_with_eos,-10.39532470703125,0.0013427734375,-3.4332275390625e-05,-10.39535903930664,ELS-3169:ab_forward:F1-P1-O:real,da11dd8509f5e798a7d91e79c4d3e3a427b7447c4790040081db0454c5d56d9d,hate,False,False,non-hate,non-hate,False,False
3169,F1-P1-O,ab_forward,ab_forward/mean_with_eos,mean_with_eos,-3.4651082356770835,0.0013427734375,-1.1444091796875e-05,-3.4651196797688804,ELS-3169:ab_forward:F1-P1-O:real,da11dd8509f5e798a7d91e79c4d3e3a427b7447c4790040081db0454c5d56d9d,hate,False,False,non-hate,non-hate,False,False
3169,F1-X1-H,ab_forward,ab_forward/answer_sum,answer_sum,-6.938835144042969,0.0013427734375,-0.000980377197265625,-6.939815521240234,ELS-3169:ab_forward:F1-X1-H:real,eb35b51a26b5c4801d2f921c241cf9fe81f64135567d57d4b1a24a6d1ee00242,hate,False,False,non-hate,non-hate,False,False
3169,F1-X1-H,ab_forward,ab_forward/answer_mean,answer_mean,-3.4694175720214844,0.0013427734375,-0.0004901885986328125,-3.469907760620117,ELS-3169:ab_forward:F1-X1-H:real,eb35b51a26b5c4801d2f921c241cf9fe81f64135567d57d4b1a24a6d1ee00242,hate,False,False,non-hate,non-hate,False,False
3169,F1-X1-H,ab_forward,ab_forward/total_with_eos,total_with_eos,-6.938835144042969,0.0013427734375,-0.000980377197265625,-6.939815521240234,ELS-3169:ab_forward:F1-X1-H:real,eb35b51a26b5c4801d2f921c241cf9fe81f64135567d57d4b1a24a6d1ee00242,hate,False,False,non-hate,non-hate,False,False
3169,F1-X1-H,ab_forward,ab_forward/mean_with_eos,mean_with_eos,-2.312945048014323,0.0013427734375,-0.0003267923990885417,-2.3132718404134116,ELS-3169:ab_forward:F1-X1-H:real,eb35b51a26b5c4801d2f921c241cf9fe81f64135567d57d4b1a24a6d1ee00242,hate,False,False,non-hate,non-hate,False,False
3169,F1-X1-O,ab_forward,ab_forward/answer_sum,answer_sum,-4.235755920410156,0.0013427734375,-0.0144195556640625,-4.250175476074219,ELS-3169:ab_forward:F1-X1-O:real,0c0316d9ea036fe55bddb1e94b8f306977aa28146b201af85422690e05f1af0c,hate,False,False,non-hate,non-hate,False,False
3169,F1-X1-O,ab_forward,ab_forward/answer_mean,answer_mean,-2.117877960205078,0.0013427734375,-0.00720977783203125,-2.1250877380371094,ELS-3169:ab_forward:F1-X1-O:real,0c0316d9ea036fe55bddb1e94b8f306977aa28146b201af85422690e05f1af0c,hate,False,False,non-hate,non-hate,False,False
3169,F1-X1-O,ab_forward,ab_forward/total_with_eos,total_with_eos,-4.235755920410156,0.0013427734375,-0.0144195556640625,-4.250175476074219,ELS-3169:ab_forward:F1-X1-O:real,0c0316d9ea036fe55bddb1e94b8f306977aa28146b201af85422690e05f1af0c,hate,False,False,non-hate,non-hate,False,False
3169,F1-X1-O,ab_forward,ab_forward/mean_with_eos,mean_with_eos,-1.4119186401367188,0.0013427734375,-0.0048065185546875,-1.4167251586914062,ELS-3169:ab_forward:F1-X1-O:real,0c0316d9ea036fe55bddb1e94b8f306977aa28146b201af85422690e05f1af0c,hate,False,False,non-hate,non-hate,False,False
3169,F1-P2-H,ab_forward,ab_forward/answer_sum,answer_sum,-12.769088745117188,0.0013427734375,-3.814697265625e-06,-12.769092559814453,ELS-3169:ab_forward:F1-P2-H:real,51a84dd47fa0b15f6a3dbf5b2c50c1eb68c90cd59bc4e22347d1acc0970c093a,hate,False,False,non-hate,non-hate,False,False
3169,F1-P2-H,ab_forward,ab_forward/answer_mean,answer_mean,-6.384544372558594,0.0013427734375,-1.9073486328125e-06,-6.384546279907227,ELS-3169:ab_forward:F1-P2-H:real,51a84dd47fa0b15f6a3dbf5b2c50c1eb68c90cd59bc4e22347d1acc0970c093a,hate,False,False,non-hate,non-hate,False,False
3169,F1-P2-H,ab_forward,ab_forward/total_with_eos,total_with_eos,-12.769088745117188,0.0013427734375,-3.814697265625e-06,-12.769092559814453,ELS-3169:ab_forward:F1-P2-H:real,51a84dd47fa0b15f6a3dbf5b2c50c1eb68c90cd59bc4e22347d1acc0970c093a,hate,False,False,non-hate,non-hate,False,False
3169,F1-P2-H,ab_forward,ab_forward/mean_with_eos,mean_with_eos,-4.2563629150390625,0.0013427734375,-1.2715657552083333e-06,-4.256364186604817,ELS-3169:ab_forward:F1-P2-H:real,51a84dd47fa0b15f6a3dbf5b2c50c1eb68c90cd59bc4e22347d1acc0970c093a,hate,False,False,non-hate,non-hate,False,False
3169,F1-P2-O,ab_forward,ab_forward/answer_sum,answer_sum,-11.477130889892578,0.0013427734375,-1.1444091796875e-05,-11.477142333984375,ELS-3169:ab_forward:F1-P2-O:real,cd7616706820d11a163ab53deaf02770617b810818c1cb9605f944c17c979241,hate,False,False,non-hate,non-hate,False,False
3169,F1-P2-O,ab_forward,ab_forward/answer_mean,answer_mean,-5.738565444946289,0.0013427734375,-5.7220458984375e-06,-5.7385711669921875,ELS-3169:ab_forward:F1-P2-O:real,cd7616706820d11a163ab53deaf02770617b810818c1cb9605f944c17c979241,hate,False,False,non-hate,non-hate,False,False
3169,F1-P2-O,ab_forward,ab_forward/total_with_eos,total_with_eos,-11.477130889892578,0.0013427734375,-1.1444091796875e-05,-11.477142333984375,ELS-3169:ab_forward:F1-P2-O:real,cd7616706820d11a163ab53deaf02770617b810818c1cb9605f944c17c979241,hate,False,False,non-hate,non-hate,False,False
3169,F1-P2-O,ab_forward,ab_forward/mean_with_eos,mean_with_eos,-3.8257102966308594,0.0013427734375,-3.814697265625e-06,-3.825714111328125,ELS-3169:ab_forward:F1-P2-O:real,cd7616706820d11a163ab53deaf02770617b810818c1cb9605f944c17c979241,hate,False,False,non-hate,non-hate,False,False
3169,F1-X2-H,ab_forward,ab_forward/answer_sum,answer_sum,-6.445690155029297,0.0013427734375,-0.001598358154296875,-6.447288513183594,ELS-3169:ab_forward:F1-X2-H:real,ffba7b82e8e1d5adffad30789d08e5bbb4ae98fb3e91406dcfaf756b43a98732,hate,False,False,non-hate,non-hate,False,False
3169,F1-X2-H,ab_forward,ab_forward/answer_mean,answer_mean,-3.2228450775146484,0.0013427734375,-0.0007991790771484375,-3.223644256591797,ELS-3169:ab_forward:F1-X2-H:real,ffba7b82e8e1d5adffad30789d08e5bbb4ae98fb3e91406dcfaf756b43a98732,hate,False,False,non-hate,non-hate,False,False
3169,F1-X2-H,ab_forward,ab_forward/total_with_eos,total_with_eos,-6.445690155029297,0.0013427734375,-0.001598358154296875,-6.447288513183594,ELS-3169:ab_forward:F1-X2-H:real,ffba7b82e8e1d5adffad30789d08e5bbb4ae98fb3e91406dcfaf756b43a98732,hate,False,False,non-hate,non-hate,False,False
3169,F1-X2-H,ab_forward,ab_forward/mean_with_eos,mean_with_eos,-2.1485633850097656,0.0013427734375,-0.0005327860514322916,-2.1490961710611978,ELS-3169:ab_forward:F1-X2-H:real,ffba7b82e8e1d5adffad30789d08e5bbb4ae98fb3e91406dcfaf756b43a98732,hate,False,False,non-hate,non-hate,False,False
3169,F1-X2-O,ab_forward,ab_forward/answer_sum,answer_sum,-3.7486419677734375,0.0013427734375,-0.02333831787109375,-3.7719802856445312,ELS-3169:ab_forward:F1-X2-O:real,e2c9d40410c5a025adcabd22579bf30dd194194060341914a43077fe0f628cd1,hate,False,False,non-hate,non-hate,False,False
3169,F1-X2-O,ab_forward,ab_forward/answer_mean,answer_mean,-1.8743209838867188,0.0013427734375,-0.011669158935546875,-1.8859901428222656,ELS-3169:ab_forward:F1-X2-O:real,e2c9d40410c5a025adcabd22579bf30dd194194060341914a43077fe0f628cd1,hate,False,False,non-hate,non-hate,False,False
3169,F1-X2-O,ab_forward,ab_forward/total_with_eos,total_with_eos,-3.7486419677734375,0.0013427734375,-0.02333831787109375,-3.7719802856445312,ELS-3169:ab_forward:F1-X2-O:real,e2c9d40410c5a025adcabd22579bf30dd194194060341914a43077fe0f628cd1,hate,False,False,non-hate,non-hate,False,False
3169,F1-X2-O,ab_forward,ab_forward/mean_with_eos,mean_with_eos,-1.249547322591146,0.0013427734375,-0.007779439290364583,-1.2573267618815105,ELS-3169:ab_forward:F1-X2-O:real,e2c9d40410c5a025adcabd22579bf30dd194194060341914a43077fe0f628cd1,hate,False,False,non-hate,non-hate,False,False
3169,F2-O-H,ab_forward,ab_forward/answer_sum,answer_sum,-9.576553344726562,0.0013427734375,-7.62939453125e-05,-9.576629638671875,ELS-3169:ab_forward:F2-O-H:real,5fe0793e7caaf97b9655d715e95f9c5d5cd937f416f46abb83bd6784e4e34a9d,hate,False,False,non-hate,non-hate,False,False
3169,F2-O-H,ab_forward,ab_forward/answer_mean,answer_mean,-4.788276672363281,0.0013427734375,-3.814697265625e-05,-4.7883148193359375,ELS-3169:ab_forward:F2-O-H:real,5fe0793e7caaf97b9655d715e95f9c5d5cd937f416f46abb83bd6784e4e34a9d,hate,False,False,non-hate,non-hate,False,False
3169,F2-O-H,ab_forward,ab_forward/total_with_eos,total_with_eos,-9.576553344726562,0.0013427734375,-7.62939453125e-05,-9.576629638671875,ELS-3169:ab_forward:F2-O-H:real,5fe0793e7caaf97b9655d715e95f9c5d5cd937f416f46abb83bd6784e4e34a9d,hate,False,False,non-hate,non-hate,False,False
3169,F2-O-H,ab_forward,ab_forward/mean_with_eos,mean_with_eos,-3.1921844482421875,0.0013427734375,-2.5431315104166668e-05,-3.1922098795572915,ELS-3169:ab_forward:F2-O-H:real,5fe0793e7caaf97b9655d715e95f9c5d5cd937f416f46abb83bd6784e4e34a9d,hate,False,False,non-hate,non-hate,False,False
3169,F2-O-O,ab_forward,ab_forward/answer_sum,answer_sum,-6.1181640625,0.0013427734375,-0.002223968505859375,-6.120388031005859,ELS-3169:ab_forward:F2-O-O:real,2b3dfde9703bcec96195bac89b876e168f8e111b84533087a3f2ca7b2578a86b,hate,False,False,non-hate,non-hate,False,False
3169,F2-O-O,ab_forward,ab_forward/answer_mean,answer_mean,-3.05908203125,0.0013427734375,-0.0011119842529296875,-3.0601940155029297,ELS-3169:ab_forward:F2-O-O:real,2b3dfde9703bcec96195bac89b876e168f8e111b84533087a3f2ca7b2578a86b,hate,False,False,non-hate,non-hate,False,False
3169,F2-O-O,ab_forward,ab_forward/total_with_eos,total_with_eos,-6.1181640625,0.0013427734375,-0.002223968505859375,-6.120388031005859,ELS-3169:ab_forward:F2-O-O:real,2b3dfde9703bcec96195bac89b876e168f8e111b84533087a3f2ca7b2578a86b,hate,False,False,non-hate,non-hate,False,False
3169,F2-O-O,ab_forward,ab_forward/mean_with_eos,mean_with_eos,-2.039388020833333,0.0013427734375,-0.0007413228352864584,-2.0401293436686196,ELS-3169:ab_forward:F2-O-O:real,2b3dfde9703bcec96195bac89b876e168f8e111b84533087a3f2ca7b2578a86b,hate,False,False,non-hate,non-hate,False,False
3169,F2-D-H,ab_forward,ab_forward/answer_sum,answer_sum,10.742996215820312,0.0013427734375,-10.743499755859375,-0.0005035400390625,ELS-3169:ab_forward:F2-D-H:real,e81e3200551949d61f98d23fc1f9acc92e8c27a2513939dbcc7f054f69fe66f6,non-hate,False,False,non-hate,non-hate,True,True
3169,F2-D-H,ab_forward,ab_forward/answer_mean,answer_mean,5.371498107910156,0.0013427734375,-5.3717498779296875,-0.00025177001953125,ELS-3169:ab_forward:F2-D-H:real,e81e3200551949d61f98d23fc1f9acc92e8c27a2513939dbcc7f054f69fe66f6,non-hate,False,False,non-hate,non-hate,True,True
3169,F2-D-H,ab_forward,ab_forward/total_with_eos,total_with_eos,10.742996215820312,0.0013427734375,-10.743499755859375,-0.0005035400390625,ELS-3169:ab_forward:F2-D-H:real,e81e3200551949d61f98d23fc1f9acc92e8c27a2513939dbcc7f054f69fe66f6,non-hate,False,False,non-hate,non-hate,True,True
3169,F2-D-H,ab_forward,ab_forward/mean_with_eos,mean_with_eos,3.580998738606771,0.0013427734375,-3.5811665852864585,-0.0001678466796875,ELS-3169:ab_forward:F2-D-H:real,e81e3200551949d61f98d23fc1f9acc92e8c27a2513939dbcc7f054f69fe66f6,non-hate,False,False,non-hate,non-hate,True,True
3169,F2-D-O,ab_forward,ab_forward/answer_sum,answer_sum,11.188518524169922,0.0013427734375,-11.189006805419922,-0.00048828125,ELS-3169:ab_forward:F2-D-O:real,1c47112f0d4c040611e8490d64d933e48d0692c0273f2dae466642f28aea25fb,non-hate,False,False,non-hate,non-hate,True,True
3169,F2-D-O,ab_forward,ab_forward/answer_mean,answer_mean,5.594259262084961,0.0013427734375,-5.594503402709961,-0.000244140625,ELS-3169:ab_forward:F2-D-O:real,1c47112f0d4c040611e8490d64d933e48d0692c0273f2dae466642f28aea25fb,non-hate,False,False,non-hate,non-hate,True,True
3169,F2-D-O,ab_forward,ab_forward/total_with_eos,total_with_eos,11.188518524169922,0.0013427734375,-11.189006805419922,-0.00048828125,ELS-3169:ab_forward:F2-D-O:real,1c47112f0d4c040611e8490d64d933e48d0692c0273f2dae466642f28aea25fb,non-hate,False,False,non-hate,non-hate,True,True
3169,F2-D-O,ab_forward,ab_forward/mean_with_eos,mean_with_eos,3.7295061747233076,0.0013427734375,-3.729668935139974,-0.00016276041666666666,ELS-3169:ab_forward:F2-D-O:real,1c47112f0d4c040611e8490d64d933e48d0692c0273f2dae466642f28aea25fb,non-hate,False,False,non-hate,non-hate,True,True
3169,F2-N1-H,ab_forward,ab_forward/answer_sum,answer_sum,13.955581665039062,0.0013427734375,-13.955860137939453,-0.000278472900390625,ELS-3169:ab_forward:F2-N1-H:real,47ffa95d2d12e4ce1ec4c37b6591cbbc0108d9b8150a7a012485bc2ed0c9c233,non-hate,False,False,non-hate,non-hate,True,True
3169,F2-N1-H,ab_forward,ab_forward/answer_mean,answer_mean,6.977790832519531,0.0013427734375,-6.977930068969727,-0.0001392364501953125,ELS-3169:ab_forward:F2-N1-H:real,47ffa95d2d12e4ce1ec4c37b6591cbbc0108d9b8150a7a012485bc2ed0c9c233,non-hate,False,False,non-hate,non-hate,True,True
3169,F2-N1-H,ab_forward,ab_forward/total_with_eos,total_with_eos,13.955581665039062,0.0013427734375,-13.955860137939453,-0.000278472900390625,ELS-3169:ab_forward:F2-N1-H:real,47ffa95d2d12e4ce1ec4c37b6591cbbc0108d9b8150a7a012485bc2ed0c9c233,non-hate,False,False,non-hate,non-hate,True,True
3169,F2-N1-H,ab_forward,ab_forward/mean_with_eos,mean_with_eos,4.651860555013021,0.0013427734375,-4.651953379313151,-9.282430013020833e-05,ELS-3169:ab_forward:F2-N1-H:real,47ffa95d2d12e4ce1ec4c37b6591cbbc0108d9b8150a7a012485bc2ed0c9c233,non-hate,False,False,non-hate,non-hate,True,True
3169,F2-N1-O,ab_forward,ab_forward/answer_sum,answer_sum,14.345596313476562,0.0013427734375,-14.345890045166016,-0.000293731689453125,ELS-3169:ab_forward:F2-N1-O:real,b0f993bfbfd04c846b31dbb78f6466d4e61d1641a67ae220728817eca2ceaee2,non-hate,False,False,non-hate,non-hate,True,True
3169,F2-N1-O,ab_forward,ab_forward/answer_mean,answer_mean,7.172798156738281,0.0013427734375,-7.172945022583008,-0.0001468658447265625,ELS-3169:ab_forward:F2-N1-O:real,b0f993bfbfd04c846b31dbb78f6466d4e61d1641a67ae220728817eca2ceaee2,non-hate,False,False,non-hate,non-hate,True,True
3169,F2-N1-O,ab_forward,ab_forward/total_with_eos,total_with_eos,14.345596313476562,0.0013427734375,-14.345890045166016,-0.000293731689453125,ELS-3169:ab_forward:F2-N1-O:real,b0f993bfbfd04c846b31dbb78f6466d4e61d1641a67ae220728817eca2ceaee2,non-hate,False,False,non-hate,non-hate,True,True
3169,F2-N1-O,ab_forward,ab_forward/mean_with_eos,mean_with_eos,4.7818654378255205,0.0013427734375,-4.781963348388672,-9.791056315104167e-05,ELS-3169:ab_forward:F2-N1-O:real,b0f993bfbfd04c846b31dbb78f6466d4e61d1641a67ae220728817eca2ceaee2,non-hate,False,False,non-hate,non-hate,True,True
3169,F2-E1-H,ab_forward,ab_forward/answer_sum,answer_sum,14.20867919921875,0.0013427734375,-14.208972930908203,-0.000293731689453125,ELS-3169:ab_forward:F2-E1-H:real,7d70fb2e94a5603e50d563205e5723867b1afb91a737cadd4948acc54d894480,non-hate,False,False,non-hate,non-hate,True,True
3169,F2-E1-H,ab_forward,ab_forward/answer_mean,answer_mean,7.104339599609375,0.0013427734375,-7.104486465454102,-0.0001468658447265625,ELS-3169:ab_forward:F2-E1-H:real,7d70fb2e94a5603e50d563205e5723867b1afb91a737cadd4948acc54d894480,non-hate,False,False,non-hate,non-hate,True,True
3169,F2-E1-H,ab_forward,ab_forward/total_with_eos,total_with_eos,14.20867919921875,0.0013427734375,-14.208972930908203,-0.000293731689453125,ELS-3169:ab_forward:F2-E1-H:real,7d70fb2e94a5603e50d563205e5723867b1afb91a737cadd4948acc54d894480,non-hate,False,False,non-hate,non-hate,True,True
3169,F2-E1-H,ab_forward,ab_forward/mean_with_eos,mean_with_eos,4.736226399739583,0.0013427734375,-4.736324310302734,-9.791056315104167e-05,ELS-3169:ab_forward:F2-E1-H:real,7d70fb2e94a5603e50d563205e5723867b1afb91a737cadd4948acc54d894480,non-hate,False,False,non-hate,non-hate,True,True
3169,F2-E1-O,ab_forward,ab_forward/answer_sum,answer_sum,14.580718994140625,0.0013427734375,-14.581008911132812,-0.0002899169921875,ELS-3169:ab_forward:F2-E1-O:real,1608e921770479cddac555841ae9886dc7bce4aa651b38cb777642d3a9216bed,non-hate,False,False,non-hate,non-hate,True,True
3169,F2-E1-O,ab_forward,ab_forward/answer_mean,answer_mean,7.2903594970703125,0.0013427734375,-7.290504455566406,-0.00014495849609375,ELS-3169:ab_forward:F2-E1-O:real,1608e921770479cddac555841ae9886dc7bce4aa651b38cb777642d3a9216bed,non-hate,False,False,non-hate,non-hate,True,True
3169,F2-E1-O,ab_forward,ab_forward/total_with_eos,total_with_eos,14.580718994140625,0.0013427734375,-14.581008911132812,-0.0002899169921875,ELS-3169:ab_forward:F2-E1-O:real,1608e921770479cddac555841ae9886dc7bce4aa651b38cb777642d3a9216bed,non-hate,False,False,non-hate,non-hate,True,True
3169,F2-E1-O,ab_forward,ab_forward/mean_with_eos,mean_with_eos,4.860239664713542,0.0013427734375,-4.8603363037109375,-9.663899739583333e-05,ELS-3169:ab_forward:F2-E1-O:real,1608e921770479cddac555841ae9886dc7bce4aa651b38cb777642d3a9216bed,non-hate,False,False,non-hate,non-hate,True,True
3169,F2-N2-H,ab_forward,ab_forward/answer_sum,answer_sum,13.983051300048828,0.0013427734375,-13.983322143554688,-0.000270843505859375,ELS-3169:ab_forward:F2-N2-H:real,51479d54a04f05787237989c4de2ef7d3f88f645e488cd4dcbfbcf6d9504816e,non-hate,False,False,non-hate,non-hate,True,True
3169,F2-N2-H,ab_forward,ab_forward/answer_mean,answer_mean,6.991525650024414,0.0013427734375,-6.991661071777344,-0.0001354217529296875,ELS-3169:ab_forward:F2-N2-H:real,51479d54a04f05787237989c4de2ef7d3f88f645e488cd4dcbfbcf6d9504816e,non-hate,False,False,non-hate,non-hate,True,True
3169,F2-N2-H,ab_forward,ab_forward/total_with_eos,total_with_eos,13.983051300048828,0.0013427734375,-13.983322143554688,-0.000270843505859375,ELS-3169:ab_forward:F2-N2-H:real,51479d54a04f05787237989c4de2ef7d3f88f645e488cd4dcbfbcf6d9504816e,non-hate,False,False,non-hate,non-hate,True,True
3169,F2-N2-H,ab_forward,ab_forward/mean_with_eos,mean_with_eos,4.6610171000162754,0.0013427734375,-4.6611073811848955,-9.028116861979167e-05,ELS-3169:ab_forward:F2-N2-H:real,51479d54a04f05787237989c4de2ef7d3f88f645e488cd4dcbfbcf6d9504816e,non-hate,False,False,non-hate,non-hate,True,True
3169,F2-N2-O,ab_forward,ab_forward/answer_sum,answer_sum,14.384063720703125,0.0013427734375,-14.384349822998047,-0.000286102294921875,ELS-3169:ab_forward:F2-N2-O:real,807dd54b18f4504adad5bffbce3e348d563e1720e4b115044572902cba99a318,non-hate,False,False,non-hate,non-hate,True,True
3169,F2-N2-O,ab_forward,ab_forward/answer_mean,answer_mean,7.1920318603515625,0.0013427734375,-7.192174911499023,-0.0001430511474609375,ELS-3169:ab_forward:F2-N2-O:real,807dd54b18f4504adad5bffbce3e348d563e1720e4b115044572902cba99a318,non-hate,False,False,non-hate,non-hate,True,True
3169,F2-N2-O,ab_forward,ab_forward/total_with_eos,total_with_eos,14.384063720703125,0.0013427734375,-14.384349822998047,-0.000286102294921875,ELS-3169:ab_forward:F2-N2-O:real,807dd54b18f4504adad5bffbce3e348d563e1720e4b115044572902cba99a318,non-hate,False,False,non-hate,non-hate,True,True
3169,F2-N2-O,ab_forward,ab_forward/mean_with_eos,mean_with_eos,4.794687906901042,0.0013427734375,-4.794783274332683,-9.5367431640625e-05,ELS-3169:ab_forward:F2-N2-O:real,807dd54b18f4504adad5bffbce3e348d563e1720e4b115044572902cba99a318,non-hate,False,False,non-hate,non-hate,True,True
3169,F2-E2-H,ab_forward,ab_forward/answer_sum,answer_sum,14.330005645751953,0.0013427734375,-14.330299377441406,-0.000293731689453125,ELS-3169:ab_forward:F2-E2-H:real,ac39e88e2fe22166b4d254bf1d19ed5095e7d9e86d5f0ea0cb4daf17cb3daf8d,non-hate,False,False,non-hate,non-hate,True,True
3169,F2-E2-H,ab_forward,ab_forward/answer_mean,answer_mean,7.165002822875977,0.0013427734375,-7.165149688720703,-0.0001468658447265625,ELS-3169:ab_forward:F2-E2-H:real,ac39e88e2fe22166b4d254bf1d19ed5095e7d9e86d5f0ea0cb4daf17cb3daf8d,non-hate,False,False,non-hate,non-hate,True,True
3169,F2-E2-H,ab_forward,ab_forward/total_with_eos,total_with_eos,14.330005645751953,0.0013427734375,-14.330299377441406,-0.000293731689453125,ELS-3169:ab_forward:F2-E2-H:real,ac39e88e2fe22166b4d254bf1d19ed5095e7d9e86d5f0ea0cb4daf17cb3daf8d,non-hate,False,False,non-hate,non-hate,True,True
3169,F2-E2-H,ab_forward,ab_forward/mean_with_eos,mean_with_eos,4.776668548583984,0.0013427734375,-4.776766459147136,-9.791056315104167e-05,ELS-3169:ab_forward:F2-E2-H:real,ac39e88e2fe22166b4d254bf1d19ed5095e7d9e86d5f0ea0cb4daf17cb3daf8d,non-hate,False,False,non-hate,non-hate,True,True
3169,F2-E2-O,ab_forward,ab_forward/answer_sum,answer_sum,14.647083282470703,0.0013427734375,-14.64737319946289,-0.0002899169921875,ELS-3169:ab_forward:F2-E2-O:real,47ea931eec692ff8218564ad7a79d3784793fc1df7ed79ae69496ea65e745515,non-hate,False,False,non-hate,non-hate,True,True
3169,F2-E2-O,ab_forward,ab_forward/answer_mean,answer_mean,7.323541641235352,0.0013427734375,-7.323686599731445,-0.00014495849609375,ELS-3169:ab_forward:F2-E2-O:real,47ea931eec692ff8218564ad7a79d3784793fc1df7ed79ae69496ea65e745515,non-hate,False,False,non-hate,non-hate,True,True
3169,F2-E2-O,ab_forward,ab_forward/total_with_eos,total_with_eos,14.647083282470703,0.0013427734375,-14.64737319946289,-0.0002899169921875,ELS-3169:ab_forward:F2-E2-O:real,47ea931eec692ff8218564ad7a79d3784793fc1df7ed79ae69496ea65e745515,non-hate,False,False,non-hate,non-hate,True,True
3169,F2-E2-O,ab_forward,ab_forward/mean_with_eos,mean_with_eos,4.882361094156901,0.0013427734375,-4.882457733154297,-9.663899739583333e-05,ELS-3169:ab_forward:F2-E2-O:real,47ea931eec692ff8218564ad7a79d3784793fc1df7ed79ae69496ea65e745515,non-hate,False,False,non-hate,non-hate,True,True
3169,F2-P1-H,ab_forward,ab_forward/answer_sum,answer_sum,-12.914421081542969,0.0013427734375,-3.814697265625e-06,-12.914424896240234,ELS-3169:ab_forward:F2-P1-H:real,a08c5e08534c130056839821d68683f41bed3d2cb2b7251cb4bc54c38ab50b63,hate,False,False,non-hate,non-hate,False,False
3169,F2-P1-H,ab_forward,ab_forward/answer_mean,answer_mean,-6.457210540771484,0.0013427734375,-1.9073486328125e-06,-6.457212448120117,ELS-3169:ab_forward:F2-P1-H:real,a08c5e08534c130056839821d68683f41bed3d2cb2b7251cb4bc54c38ab50b63,hate,False,False,non-hate,non-hate,False,False
3169,F2-P1-H,ab_forward,ab_forward/total_with_eos,total_with_eos,-12.914421081542969,0.0013427734375,-3.814697265625e-06,-12.914424896240234,ELS-3169:ab_forward:F2-P1-H:real,a08c5e08534c130056839821d68683f41bed3d2cb2b7251cb4bc54c38ab50b63,hate,False,False,non-hate,non-hate,False,False
3169,F2-P1-H,ab_forward,ab_forward/mean_with_eos,mean_with_eos,-4.30480702718099,0.0013427734375,-1.2715657552083333e-06,-4.304808298746745,ELS-3169:ab_forward:F2-P1-H:real,a08c5e08534c130056839821d68683f41bed3d2cb2b7251cb4bc54c38ab50b63,hate,False,False,non-hate,non-hate,False,False
3169,F2-P1-O,ab_forward,ab_forward/answer_sum,answer_sum,-11.011905670166016,0.0013427734375,-1.9073486328125e-05,-11.011924743652344,ELS-3169:ab_forward:F2-P1-O:real,0287b884946a9e389e481f669b9b05e745daa6eeb3d91af067e07738b582c881,hate,False,False,non-hate,non-hate,False,False
3169,F2-P1-O,ab_forward,ab_forward/answer_mean,answer_mean,-5.505952835083008,0.0013427734375,-9.5367431640625e-06,-5.505962371826172,ELS-3169:ab_forward:F2-P1-O:real,0287b884946a9e389e481f669b9b05e745daa6eeb3d91af067e07738b582c881,hate,False,False,non-hate,non-hate,False,False
3169,F2-P1-O,ab_forward,ab_forward/total_with_eos,total_with_eos,-11.011905670166016,0.0013427734375,-1.9073486328125e-05,-11.011924743652344,ELS-3169:ab_forward:F2-P1-O:real,0287b884946a9e389e481f669b9b05e745daa6eeb3d91af067e07738b582c881,hate,False,False,non-hate,non-hate,False,False
3169,F2-P1-O,ab_forward,ab_forward/mean_with_eos,mean_with_eos,-3.670635223388672,0.0013427734375,-6.357828776041667e-06,-3.6706415812174478,ELS-3169:ab_forward:F2-P1-O:real,0287b884946a9e389e481f669b9b05e745daa6eeb3d91af067e07738b582c881,hate,False,False,non-hate,non-hate,False,False
3169,F2-X1-H,ab_forward,ab_forward/answer_sum,answer_sum,-7.3425750732421875,0.0013427734375,-0.000659942626953125,-7.343235015869141,ELS-3169:ab_forward:F2-X1-H:real,446cd21d79d15c3bd71f6a3068d1ca8203baf86fce57a95d77cdf5d02e786e52,hate,False,False,non-hate,non-hate,False,False
3169,F2-X1-H,ab_forward,ab_forward/answer_mean,answer_mean,-3.6712875366210938,0.0013427734375,-0.0003299713134765625,-3.6716175079345703,ELS-3169:ab_forward:F2-X1-H:real,446cd21d79d15c3bd71f6a3068d1ca8203baf86fce57a95d77cdf5d02e786e52,hate,False,False,non-hate,non-hate,False,False
3169,F2-X1-H,ab_forward,ab_forward/total_with_eos,total_with_eos,-7.3425750732421875,0.0013427734375,-0.000659942626953125,-7.343235015869141,ELS-3169:ab_forward:F2-X1-H:real,446cd21d79d15c3bd71f6a3068d1ca8203baf86fce57a95d77cdf5d02e786e52,hate,False,False,non-hate,non-hate,False,False
3169,F2-X1-H,ab_forward,ab_forward/mean_with_eos,mean_with_eos,-2.4475250244140625,0.0013427734375,-0.00021998087565104166,-2.4477450052897134,ELS-3169:ab_forward:F2-X1-H:real,446cd21d79d15c3bd71f6a3068d1ca8203baf86fce57a95d77cdf5d02e786e52,hate,False,False,non-hate,non-hate,False,False
3169,F2-X1-O,ab_forward,ab_forward/answer_sum,answer_sum,-4.293949127197266,0.0013427734375,-0.01361083984375,-4.307559967041016,ELS-3169:ab_forward:F2-X1-O:real,a2d11bec38d12dde6e0b62b5437f932ad38257be5d820455a1d1f4910349ba0e,hate,False,False,non-hate,non-hate,False,False
3169,F2-X1-O,ab_forward,ab_forward/answer_mean,answer_mean,-2.146974563598633,0.0013427734375,-0.006805419921875,-2.153779983520508,ELS-3169:ab_forward:F2-X1-O:real,a2d11bec38d12dde6e0b62b5437f932ad38257be5d820455a1d1f4910349ba0e,hate,False,False,non-hate,non-hate,False,False
3169,F2-X1-O,ab_forward,ab_forward/total_with_eos,total_with_eos,-4.293949127197266,0.0013427734375,-0.01361083984375,-4.307559967041016,ELS-3169:ab_forward:F2-X1-O:real,a2d11bec38d12dde6e0b62b5437f932ad38257be5d820455a1d1f4910349ba0e,hate,False,False,non-hate,non-hate,False,False
3169,F2-X1-O,ab_forward,ab_forward/mean_with_eos,mean_with_eos,-1.4313163757324219,0.0013427734375,-0.004536946614583333,-1.4358533223470051,ELS-3169:ab_forward:F2-X1-O:real,a2d11bec38d12dde6e0b62b5437f932ad38257be5d820455a1d1f4910349ba0e,hate,False,False,non-hate,non-hate,False,False
3169,F2-P2-H,ab_forward,ab_forward/answer_sum,answer_sum,-13.000602722167969,0.0013427734375,-3.814697265625e-06,-13.000606536865234,ELS-3169:ab_forward:F2-P2-H:real,1d7a3c1ad7920bed45cb42f175829707626b78c6b433f49d9b3b631136b3a90e,hate,False,False,non-hate,non-hate,False,False
3169,F2-P2-H,ab_forward,ab_forward/answer_mean,answer_mean,-6.500301361083984,0.0013427734375,-1.9073486328125e-06,-6.500303268432617,ELS-3169:ab_forward:F2-P2-H:real,1d7a3c1ad7920bed45cb42f175829707626b78c6b433f49d9b3b631136b3a90e,hate,False,False,non-hate,non-hate,False,False
3169,F2-P2-H,ab_forward,ab_forward/total_with_eos,total_with_eos,-13.000602722167969,0.0013427734375,-3.814697265625e-06,-13.000606536865234,ELS-3169:ab_forward:F2-P2-H:real,1d7a3c1ad7920bed45cb42f175829707626b78c6b433f49d9b3b631136b3a90e,hate,False,False,non-hate,non-hate,False,False
3169,F2-P2-H,ab_forward,ab_forward/mean_with_eos,mean_with_eos,-4.333534240722656,0.0013427734375,-1.2715657552083333e-06,-4.333535512288411,ELS-3169:ab_forward:F2-P2-H:real,1d7a3c1ad7920bed45cb42f175829707626b78c6b433f49d9b3b631136b3a90e,hate,False,False,non-hate,non-hate,False,False
3169,F2-P2-O,ab_forward,ab_forward/answer_sum,answer_sum,-11.803020477294922,0.0013427734375,-7.62939453125e-06,-11.803028106689453,ELS-3169:ab_forward:F2-P2-O:real,2636fe6f42b78bf8210cacac574d775db7e97286621495ddbcdec6d93e40d844,hate,False,False,non-hate,non-hate,False,False
3169,F2-P2-O,ab_forward,ab_forward/answer_mean,answer_mean,-5.901510238647461,0.0013427734375,-3.814697265625e-06,-5.901514053344727,ELS-3169:ab_forward:F2-P2-O:real,2636fe6f42b78bf8210cacac574d775db7e97286621495ddbcdec6d93e40d844,hate,False,False,non-hate,non-hate,False,False
3169,F2-P2-O,ab_forward,ab_forward/total_with_eos,total_with_eos,-11.803020477294922,0.0013427734375,-7.62939453125e-06,-11.803028106689453,ELS-3169:ab_forward:F2-P2-O:real,2636fe6f42b78bf8210cacac574d775db7e97286621495ddbcdec6d93e40d844,hate,False,False,non-hate,non-hate,False,False
3169,F2-P2-O,ab_forward,ab_forward/mean_with_eos,mean_with_eos,-3.9343401590983076,0.0013427734375,-2.5431315104166665e-06,-3.934342702229818,ELS-3169:ab_forward:F2-P2-O:real,2636fe6f42b78bf8210cacac574d775db7e97286621495ddbcdec6d93e40d844,hate,False,False,non-hate,non-hate,False,False
3169,F2-X2-H,ab_forward,ab_forward/answer_sum,answer_sum,-6.904289245605469,0.0013427734375,-0.00101470947265625,-6.905303955078125,ELS-3169:ab_forward:F2-X2-H:real,bf0db9c1f161b31b0196eea91a84f2dddda32b90d1ee28dbd00a433664db1ede,hate,False,False,non-hate,non-hate,False,False
3169,F2-X2-H,ab_forward,ab_forward/answer_mean,answer_mean,-3.4521446228027344,0.0013427734375,-0.000507354736328125,-3.4526519775390625,ELS-3169:ab_forward:F2-X2-H:real,bf0db9c1f161b31b0196eea91a84f2dddda32b90d1ee28dbd00a433664db1ede,hate,False,False,non-hate,non-hate,False,False
3169,F2-X2-H,ab_forward,ab_forward/total_with_eos,total_with_eos,-6.904289245605469,0.0013427734375,-0.00101470947265625,-6.905303955078125,ELS-3169:ab_forward:F2-X2-H:real,bf0db9c1f161b31b0196eea91a84f2dddda32b90d1ee28dbd00a433664db1ede,hate,False,False,non-hate,non-hate,False,False
3169,F2-X2-H,ab_forward,ab_forward/mean_with_eos,mean_with_eos,-2.3014297485351562,0.0013427734375,-0.0003382364908854167,-2.3017679850260415,ELS-3169:ab_forward:F2-X2-H:real,bf0db9c1f161b31b0196eea91a84f2dddda32b90d1ee28dbd00a433664db1ede,hate,False,False,non-hate,non-hate,False,False
3169,F2-X2-O,ab_forward,ab_forward/answer_sum,answer_sum,-3.9562149047851562,0.0013427734375,-0.019008636474609375,-3.9752235412597656,ELS-3169:ab_forward:F2-X2-O:real,e250bd9bb90d9466e75d8de3e2575c0ce4204c4ba5e92f72911695eec3c05c50,hate,False,False,non-hate,non-hate,False,False
3169,F2-X2-O,ab_forward,ab_forward/answer_mean,answer_mean,-1.9781074523925781,0.0013427734375,-0.009504318237304688,-1.9876117706298828,ELS-3169:ab_forward:F2-X2-O:real,e250bd9bb90d9466e75d8de3e2575c0ce4204c4ba5e92f72911695eec3c05c50,hate,False,False,non-hate,non-hate,False,False
3169,F2-X2-O,ab_forward,ab_forward/total_with_eos,total_with_eos,-3.9562149047851562,0.0013427734375,-0.019008636474609375,-3.9752235412597656,ELS-3169:ab_forward:F2-X2-O:real,e250bd9bb90d9466e75d8de3e2575c0ce4204c4ba5e92f72911695eec3c05c50,hate,False,False,non-hate,non-hate,False,False
3169,F2-X2-O,ab_forward,ab_forward/mean_with_eos,mean_with_eos,-1.318738301595052,0.0013427734375,-0.006336212158203125,-1.3250745137532551,ELS-3169:ab_forward:F2-X2-O:real,e250bd9bb90d9466e75d8de3e2575c0ce4204c4ba5e92f72911695eec3c05c50,hate,False,False,non-hate,non-hate,False,False
3169,F1-O-H,ab_reverse,ab_reverse/answer_sum,answer_sum,3.568134307861328,0.0013427734375,-3.596050262451172,-0.02791595458984375,ELS-3169:ab_reverse:F1-O-H:real,3a15c75abf25f4cfa8f1ae54b1469ffd7114ef89162d976e9cb4f7b93e0b7708,non-hate,False,False,non-hate,non-hate,True,True
3169,F1-O-H,ab_reverse,ab_reverse/answer_mean,answer_mean,1.784067153930664,0.0013427734375,-1.798025131225586,-0.013957977294921875,ELS-3169:ab_reverse:F1-O-H:real,3a15c75abf25f4cfa8f1ae54b1469ffd7114ef89162d976e9cb4f7b93e0b7708,non-hate,False,False,non-hate,non-hate,True,True
3169,F1-O-H,ab_reverse,ab_reverse/total_with_eos,total_with_eos,3.568134307861328,0.0013427734375,-3.596050262451172,-0.02791595458984375,ELS-3169:ab_reverse:F1-O-H:real,3a15c75abf25f4cfa8f1ae54b1469ffd7114ef89162d976e9cb4f7b93e0b7708,non-hate,False,False,non-hate,non-hate,True,True
3169,F1-O-H,ab_reverse,ab_reverse/mean_with_eos,mean_with_eos,1.1893781026204429,0.0013427734375,-1.1986834208170574,-0.009305318196614584,ELS-3169:ab_reverse:F1-O-H:real,3a15c75abf25f4cfa8f1ae54b1469ffd7114ef89162d976e9cb4f7b93e0b7708,non-hate,False,False,non-hate,non-hate,True,True
3169,F1-O-O,ab_reverse,ab_reverse/answer_sum,answer_sum,5.61553955078125,0.0013427734375,-5.619205474853516,-0.003665924072265625,ELS-3169:ab_reverse:F1-O-O:real,90e2f52d0cdfcf86ed3a0c2f36e4670cc8a2c7bd9877dd1d76ef86f90fd2b443,non-hate,False,False,non-hate,non-hate,True,True
3169,F1-O-O,ab_reverse,ab_reverse/answer_mean,answer_mean,2.807769775390625,0.0013427734375,-2.809602737426758,-0.0018329620361328125,ELS-3169:ab_reverse:F1-O-O:real,90e2f52d0cdfcf86ed3a0c2f36e4670cc8a2c7bd9877dd1d76ef86f90fd2b443,non-hate,False,False,non-hate,non-hate,True,True
3169,F1-O-O,ab_reverse,ab_reverse/total_with_eos,total_with_eos,5.61553955078125,0.0013427734375,-5.619205474853516,-0.003665924072265625,ELS-3169:ab_reverse:F1-O-O:real,90e2f52d0cdfcf86ed3a0c2f36e4670cc8a2c7bd9877dd1d76ef86f90fd2b443,non-hate,False,False,non-hate,non-hate,True,True
3169,F1-O-O,ab_reverse,ab_reverse/mean_with_eos,mean_with_eos,1.8718465169270835,0.0013427734375,-1.8730684916178386,-0.0012219746907552083,ELS-3169:ab_reverse:F1-O-O:real,90e2f52d0cdfcf86ed3a0c2f36e4670cc8a2c7bd9877dd1d76ef86f90fd2b443,non-hate,False,False,non-hate,non-hate,True,True
3169,F1-D-H,ab_reverse,ab_reverse/answer_sum,answer_sum,20.022563934326172,0.0013427734375,-20.022563934326172,0.0,ELS-3169:ab_reverse:F1-D-H:real,3a4aa8322e04a9cffcd331324208657cbbfe2f65fa3c92563f4651cef0b21b45,non-hate,False,False,non-hate,non-hate,True,True
3169,F1-D-H,ab_reverse,ab_reverse/answer_mean,answer_mean,10.011281967163086,0.0013427734375,-10.011281967163086,0.0,ELS-3169:ab_reverse:F1-D-H:real,3a4aa8322e04a9cffcd331324208657cbbfe2f65fa3c92563f4651cef0b21b45,non-hate,False,False,non-hate,non-hate,True,True
3169,F1-D-H,ab_reverse,ab_reverse/total_with_eos,total_with_eos,20.022563934326172,0.0013427734375,-20.022563934326172,0.0,ELS-3169:ab_reverse:F1-D-H:real,3a4aa8322e04a9cffcd331324208657cbbfe2f65fa3c92563f4651cef0b21b45,non-hate,False,False,non-hate,non-hate,True,True
3169,F1-D-H,ab_reverse,ab_reverse/mean_with_eos,mean_with_eos,6.674187978108724,0.0013427734375,-6.674187978108724,0.0,ELS-3169:ab_reverse:F1-D-H:real,3a4aa8322e04a9cffcd331324208657cbbfe2f65fa3c92563f4651cef0b21b45,non-hate,False,False,non-hate,non-hate,True,True
3169,F1-D-O,ab_reverse,ab_reverse/answer_sum,answer_sum,20.279090881347656,0.0013427734375,-20.279090881347656,0.0,ELS-3169:ab_reverse:F1-D-O:real,a92855b14eec961eb3d37257b5f064f4afee80f564f7e01db65d620b759a3860,non-hate,False,False,non-hate,non-hate,True,True
3169,F1-D-O,ab_reverse,ab_reverse/answer_mean,answer_mean,10.139545440673828,0.0013427734375,-10.139545440673828,0.0,ELS-3169:ab_reverse:F1-D-O:real,a92855b14eec961eb3d37257b5f064f4afee80f564f7e01db65d620b759a3860,non-hate,False,False,non-hate,non-hate,True,True
3169,F1-D-O,ab_reverse,ab_reverse/total_with_eos,total_with_eos,20.279090881347656,0.0013427734375,-20.279090881347656,0.0,ELS-3169:ab_reverse:F1-D-O:real,a92855b14eec961eb3d37257b5f064f4afee80f564f7e01db65d620b759a3860,non-hate,False,False,non-hate,non-hate,True,True
3169,F1-D-O,ab_reverse,ab_reverse/mean_with_eos,mean_with_eos,6.759696960449219,0.0013427734375,-6.759696960449219,0.0,ELS-3169:ab_reverse:F1-D-O:real,a92855b14eec961eb3d37257b5f064f4afee80f564f7e01db65d620b759a3860,non-hate,False,False,non-hate,non-hate,True,True
3169,F1-N1-H,ab_reverse,ab_reverse/answer_sum,answer_sum,19.76845932006836,0.0013427734375,-19.76845932006836,0.0,ELS-3169:ab_reverse:F1-N1-H:real,54f045ca4343a2caa3163b44e304dd8af05cd25b14eb0656789334df0b0f17b1,non-hate,False,False,non-hate,non-hate,True,True
3169,F1-N1-H,ab_reverse,ab_reverse/answer_mean,answer_mean,9.88422966003418,0.0013427734375,-9.88422966003418,0.0,ELS-3169:ab_reverse:F1-N1-H:real,54f045ca4343a2caa3163b44e304dd8af05cd25b14eb0656789334df0b0f17b1,non-hate,False,False,non-hate,non-hate,True,True
3169,F1-N1-H,ab_reverse,ab_reverse/total_with_eos,total_with_eos,19.76845932006836,0.0013427734375,-19.76845932006836,0.0,ELS-3169:ab_reverse:F1-N1-H:real,54f045ca4343a2caa3163b44e304dd8af05cd25b14eb0656789334df0b0f17b1,non-hate,False,False,non-hate,non-hate,True,True
3169,F1-N1-H,ab_reverse,ab_reverse/mean_with_eos,mean_with_eos,6.589486440022786,0.0013427734375,-6.589486440022786,0.0,ELS-3169:ab_reverse:F1-N1-H:real,54f045ca4343a2caa3163b44e304dd8af05cd25b14eb0656789334df0b0f17b1,non-hate,False,False,non-hate,non-hate,True,True
3169,F1-N1-O,ab_reverse,ab_reverse/answer_sum,answer_sum,20.643054962158203,0.0013427734375,-20.643054962158203,0.0,ELS-3169:ab_reverse:F1-N1-O:real,e9c13b9877b2572b72db224563b2afde19257e3c723799dc0d37aaab5580299e,non-hate,False,False,non-hate,non-hate,True,True
3169,F1-N1-O,ab_reverse,ab_reverse/answer_mean,answer_mean,10.321527481079102,0.0013427734375,-10.321527481079102,0.0,ELS-3169:ab_reverse:F1-N1-O:real,e9c13b9877b2572b72db224563b2afde19257e3c723799dc0d37aaab5580299e,non-hate,False,False,non-hate,non-hate,True,True
3169,F1-N1-O,ab_reverse,ab_reverse/total_with_eos,total_with_eos,20.643054962158203,0.0013427734375,-20.643054962158203,0.0,ELS-3169:ab_reverse:F1-N1-O:real,e9c13b9877b2572b72db224563b2afde19257e3c723799dc0d37aaab5580299e,non-hate,False,False,non-hate,non-hate,True,True
3169,F1-N1-O,ab_reverse,ab_reverse/mean_with_eos,mean_with_eos,6.881018320719401,0.0013427734375,-6.881018320719401,0.0,ELS-3169:ab_reverse:F1-N1-O:real,e9c13b9877b2572b72db224563b2afde19257e3c723799dc0d37aaab5580299e,non-hate,False,False,non-hate,non-hate,True,True
3169,F1-E1-H,ab_reverse,ab_reverse/answer_sum,answer_sum,20.561203002929688,0.0013427734375,-20.561203002929688,0.0,ELS-3169:ab_reverse:F1-E1-H:real,f6cc70515911f1a365d4b46f8cee26e718af1c50961e19563525c9ce4643515c,non-hate,False,False,non-hate,non-hate,True,True
3169,F1-E1-H,ab_reverse,ab_reverse/answer_mean,answer_mean,10.280601501464844,0.0013427734375,-10.280601501464844,0.0,ELS-3169:ab_reverse:F1-E1-H:real,f6cc70515911f1a365d4b46f8cee26e718af1c50961e19563525c9ce4643515c,non-hate,False,False,non-hate,non-hate,True,True
3169,F1-E1-H,ab_reverse,ab_reverse/total_with_eos,total_with_eos,20.561203002929688,0.0013427734375,-20.561203002929688,0.0,ELS-3169:ab_reverse:F1-E1-H:real,f6cc70515911f1a365d4b46f8cee26e718af1c50961e19563525c9ce4643515c,non-hate,False,False,non-hate,non-hate,True,True
3169,F1-E1-H,ab_reverse,ab_reverse/mean_with_eos,mean_with_eos,6.8537343343098955,0.0013427734375,-6.8537343343098955,0.0,ELS-3169:ab_reverse:F1-E1-H:real,f6cc70515911f1a365d4b46f8cee26e718af1c50961e19563525c9ce4643515c,non-hate,False,False,non-hate,non-hate,True,True
3169,F1-E1-O,ab_reverse,ab_reverse/answer_sum,answer_sum,21.59455108642578,0.0013427734375,-21.59455108642578,0.0,ELS-3169:ab_reverse:F1-E1-O:real,213cc3b8f512e23a6e7033cc6baa53cba0dc32576a5be18640f4a1e066157bed,non-hate,False,False,non-hate,non-hate,True,True
3169,F1-E1-O,ab_reverse,ab_reverse/answer_mean,answer_mean,10.79727554321289,0.0013427734375,-10.79727554321289,0.0,ELS-3169:ab_reverse:F1-E1-O:real,213cc3b8f512e23a6e7033cc6baa53cba0dc32576a5be18640f4a1e066157bed,non-hate,False,False,non-hate,non-hate,True,True
3169,F1-E1-O,ab_reverse,ab_reverse/total_with_eos,total_with_eos,21.59455108642578,0.0013427734375,-21.59455108642578,0.0,ELS-3169:ab_reverse:F1-E1-O:real,213cc3b8f512e23a6e7033cc6baa53cba0dc32576a5be18640f4a1e066157bed,non-hate,False,False,non-hate,non-hate,True,True
3169,F1-E1-O,ab_reverse,ab_reverse/mean_with_eos,mean_with_eos,7.198183695475261,0.0013427734375,-7.198183695475261,0.0,ELS-3169:ab_reverse:F1-E1-O:real,213cc3b8f512e23a6e7033cc6baa53cba0dc32576a5be18640f4a1e066157bed,non-hate,False,False,non-hate,non-hate,True,True
3169,F1-N2-H,ab_reverse,ab_reverse/answer_sum,answer_sum,19.949466705322266,0.0013427734375,-19.949466705322266,0.0,ELS-3169:ab_reverse:F1-N2-H:real,2fcc69d3112567f6283c1a099e82b19a717da472fe3815b71e91721fb694ebd1,non-hate,False,False,non-hate,non-hate,True,True
3169,F1-N2-H,ab_reverse,ab_reverse/answer_mean,answer_mean,9.974733352661133,0.0013427734375,-9.974733352661133,0.0,ELS-3169:ab_reverse:F1-N2-H:real,2fcc69d3112567f6283c1a099e82b19a717da472fe3815b71e91721fb694ebd1,non-hate,False,False,non-hate,non-hate,True,True
3169,F1-N2-H,ab_reverse,ab_reverse/total_with_eos,total_with_eos,19.949466705322266,0.0013427734375,-19.949466705322266,0.0,ELS-3169:ab_reverse:F1-N2-H:real,2fcc69d3112567f6283c1a099e82b19a717da472fe3815b71e91721fb694ebd1,non-hate,False,False,non-hate,non-hate,True,True
3169,F1-N2-H,ab_reverse,ab_reverse/mean_with_eos,mean_with_eos,6.649822235107422,0.0013427734375,-6.649822235107422,0.0,ELS-3169:ab_reverse:F1-N2-H:real,2fcc69d3112567f6283c1a099e82b19a717da472fe3815b71e91721fb694ebd1,non-hate,False,False,non-hate,non-hate,True,True
3169,F1-N2-O,ab_reverse,ab_reverse/answer_sum,answer_sum,20.934959411621094,0.0013427734375,-20.934959411621094,0.0,ELS-3169:ab_reverse:F1-N2-O:real,76bb8e8259b59c8beb2d3bf6786bb00314191749a5930f8d9564dff07782b022,non-hate,False,False,non-hate,non-hate,True,True
3169,F1-N2-O,ab_reverse,ab_reverse/answer_mean,answer_mean,10.467479705810547,0.0013427734375,-10.467479705810547,0.0,ELS-3169:ab_reverse:F1-N2-O:real,76bb8e8259b59c8beb2d3bf6786bb00314191749a5930f8d9564dff07782b022,non-hate,False,False,non-hate,non-hate,True,True
3169,F1-N2-O,ab_reverse,ab_reverse/total_with_eos,total_with_eos,20.934959411621094,0.0013427734375,-20.934959411621094,0.0,ELS-3169:ab_reverse:F1-N2-O:real,76bb8e8259b59c8beb2d3bf6786bb00314191749a5930f8d9564dff07782b022,non-hate,False,False,non-hate,non-hate,True,True
3169,F1-N2-O,ab_reverse,ab_reverse/mean_with_eos,mean_with_eos,6.978319803873698,0.0013427734375,-6.978319803873698,0.0,ELS-3169:ab_reverse:F1-N2-O:real,76bb8e8259b59c8beb2d3bf6786bb00314191749a5930f8d9564dff07782b022,non-hate,False,False,non-hate,non-hate,True,True
3169,F1-E2-H,ab_reverse,ab_reverse/answer_sum,answer_sum,20.797683715820312,0.0013427734375,-20.797683715820312,0.0,ELS-3169:ab_reverse:F1-E2-H:real,5c047eb3cf831bf58cb0c38b7de9a9dc1021461fb95eecc0c1c16dd8c6e2b842,non-hate,False,False,non-hate,non-hate,True,True
3169,F1-E2-H,ab_reverse,ab_reverse/answer_mean,answer_mean,10.398841857910156,0.0013427734375,-10.398841857910156,0.0,ELS-3169:ab_reverse:F1-E2-H:real,5c047eb3cf831bf58cb0c38b7de9a9dc1021461fb95eecc0c1c16dd8c6e2b842,non-hate,False,False,non-hate,non-hate,True,True
3169,F1-E2-H,ab_reverse,ab_reverse/total_with_eos,total_with_eos,20.797683715820312,0.0013427734375,-20.797683715820312,0.0,ELS-3169:ab_reverse:F1-E2-H:real,5c047eb3cf831bf58cb0c38b7de9a9dc1021461fb95eecc0c1c16dd8c6e2b842,non-hate,False,False,non-hate,non-hate,True,True
3169,F1-E2-H,ab_reverse,ab_reverse/mean_with_eos,mean_with_eos,6.9325612386067705,0.0013427734375,-6.9325612386067705,0.0,ELS-3169:ab_reverse:F1-E2-H:real,5c047eb3cf831bf58cb0c38b7de9a9dc1021461fb95eecc0c1c16dd8c6e2b842,non-hate,False,False,non-hate,non-hate,True,True
3169,F1-E2-O,ab_reverse,ab_reverse/answer_sum,answer_sum,21.9622802734375,0.0013427734375,-21.9622802734375,0.0,ELS-3169:ab_reverse:F1-E2-O:real,0eb23650cb54a6c575075fdca60072180a78242bc2390460938833084f179e7d,non-hate,False,False,non-hate,non-hate,True,True
3169,F1-E2-O,ab_reverse,ab_reverse/answer_mean,answer_mean,10.98114013671875,0.0013427734375,-10.98114013671875,0.0,ELS-3169:ab_reverse:F1-E2-O:real,0eb23650cb54a6c575075fdca60072180a78242bc2390460938833084f179e7d,non-hate,False,False,non-hate,non-hate,True,True
3169,F1-E2-O,ab_reverse,ab_reverse/total_with_eos,total_with_eos,21.9622802734375,0.0013427734375,-21.9622802734375,0.0,ELS-3169:ab_reverse:F1-E2-O:real,0eb23650cb54a6c575075fdca60072180a78242bc2390460938833084f179e7d,non-hate,False,False,non-hate,non-hate,True,True
3169,F1-E2-O,ab_reverse,ab_reverse/mean_with_eos,mean_with_eos,7.320760091145833,0.0013427734375,-7.320760091145833,0.0,ELS-3169:ab_reverse:F1-E2-O:real,0eb23650cb54a6c575075fdca60072180a78242bc2390460938833084f179e7d,non-hate,False,False,non-hate,non-hate,True,True
3169,F1-P1-H,ab_reverse,ab_reverse/answer_sum,answer_sum,-1.2701225280761719,0.0013427734375,-0.24784088134765625,-1.5179634094238281,ELS-3169:ab_reverse:F1-P1-H:real,e06b2bc98b8dec9aa7c0fc4566e00d5d5d77c04d9481186f6190f28b33c1b7a7,hate,False,False,non-hate,non-hate,False,False
3169,F1-P1-H,ab_reverse,ab_reverse/answer_mean,answer_mean,-0.6350612640380859,0.0013427734375,-0.12392044067382812,-0.7589817047119141,ELS-3169:ab_reverse:F1-P1-H:real,e06b2bc98b8dec9aa7c0fc4566e00d5d5d77c04d9481186f6190f28b33c1b7a7,hate,False,False,non-hate,non-hate,False,False
3169,F1-P1-H,ab_reverse,ab_reverse/total_with_eos,total_with_eos,-1.2701225280761719,0.0013427734375,-0.24784088134765625,-1.5179634094238281,ELS-3169:ab_reverse:F1-P1-H:real,e06b2bc98b8dec9aa7c0fc4566e00d5d5d77c04d9481186f6190f28b33c1b7a7,hate,False,False,non-hate,non-hate,False,False
3169,F1-P1-H,ab_reverse,ab_reverse/mean_with_eos,mean_with_eos,-0.42337417602539057,0.0013427734375,-0.08261362711588542,-0.505987803141276,ELS-3169:ab_reverse:F1-P1-H:real,e06b2bc98b8dec9aa7c0fc4566e00d5d5d77c04d9481186f6190f28b33c1b7a7,hate,False,False,non-hate,non-hate,False,False
3169,F1-P1-O,ab_reverse,ab_reverse/answer_sum,answer_sum,2.1390762329101562,0.0013427734375,-2.2505226135253906,-0.11144638061523438,ELS-3169:ab_reverse:F1-P1-O:real,6bb88c8a7359a8f5a49a8e8b9e2e8625de6eb94a36a06a3232e64f9473fa3718,non-hate,False,False,non-hate,non-hate,True,True
3169,F1-P1-O,ab_reverse,ab_reverse/answer_mean,answer_mean,1.0695381164550781,0.0013427734375,-1.1252613067626953,-0.05572319030761719,ELS-3169:ab_reverse:F1-P1-O:real,6bb88c8a7359a8f5a49a8e8b9e2e8625de6eb94a36a06a3232e64f9473fa3718,non-hate,False,False,non-hate,non-hate,True,True
3169,F1-P1-O,ab_reverse,ab_reverse/total_with_eos,total_with_eos,2.1390762329101562,0.0013427734375,-2.2505226135253906,-0.11144638061523438,ELS-3169:ab_reverse:F1-P1-O:real,6bb88c8a7359a8f5a49a8e8b9e2e8625de6eb94a36a06a3232e64f9473fa3718,non-hate,False,False,non-hate,non-hate,True,True
3169,F1-P1-O,ab_reverse,ab_reverse/mean_with_eos,mean_with_eos,0.713025410970052,0.0013427734375,-0.7501742045084635,-0.03714879353841146,ELS-3169:ab_reverse:F1-P1-O:real,6bb88c8a7359a8f5a49a8e8b9e2e8625de6eb94a36a06a3232e64f9473fa3718,non-hate,False,False,non-hate,non-hate,True,True
3169,F1-X1-H,ab_reverse,ab_reverse/answer_sum,answer_sum,2.2667617797851562,0.0013427734375,-2.365528106689453,-0.09876632690429688,ELS-3169:ab_reverse:F1-X1-H:real,689824fbc87045a44ee5fbfaf9115a52e9eadccbe55be312879762a2ac2cf338,non-hate,False,False,non-hate,non-hate,True,True
3169,F1-X1-H,ab_reverse,ab_reverse/answer_mean,answer_mean,1.1333808898925781,0.0013427734375,-1.1827640533447266,-0.04938316345214844,ELS-3169:ab_reverse:F1-X1-H:real,689824fbc87045a44ee5fbfaf9115a52e9eadccbe55be312879762a2ac2cf338,non-hate,False,False,non-hate,non-hate,True,True
3169,F1-X1-H,ab_reverse,ab_reverse/total_with_eos,total_with_eos,2.2667617797851562,0.0013427734375,-2.365528106689453,-0.09876632690429688,ELS-3169:ab_reverse:F1-X1-H:real,689824fbc87045a44ee5fbfaf9115a52e9eadccbe55be312879762a2ac2cf338,non-hate,False,False,non-hate,non-hate,True,True
3169,F1-X1-H,ab_reverse,ab_reverse/mean_with_eos,mean_with_eos,0.7555872599283854,0.0013427734375,-0.7885093688964844,-0.03292210896809896,ELS-3169:ab_reverse:F1-X1-H:real,689824fbc87045a44ee5fbfaf9115a52e9eadccbe55be312879762a2ac2cf338,non-hate,False,False,non-hate,non-hate,True,True
3169,F1-X1-O,ab_reverse,ab_reverse/answer_sum,answer_sum,5.7669219970703125,0.0013427734375,-5.770072937011719,-0.00315093994140625,ELS-3169:ab_reverse:F1-X1-O:real,fed2f0d307aaabe9dfb743b0aca69485cf793a2446254fa571e5e52955699193,non-hate,False,False,non-hate,non-hate,True,True
3169,F1-X1-O,ab_reverse,ab_reverse/answer_mean,answer_mean,2.8834609985351562,0.0013427734375,-2.8850364685058594,-0.001575469970703125,ELS-3169:ab_reverse:F1-X1-O:real,fed2f0d307aaabe9dfb743b0aca69485cf793a2446254fa571e5e52955699193,non-hate,False,False,non-hate,non-hate,True,True
3169,F1-X1-O,ab_reverse,ab_reverse/total_with_eos,total_with_eos,5.7669219970703125,0.0013427734375,-5.770072937011719,-0.00315093994140625,ELS-3169:ab_reverse:F1-X1-O:real,fed2f0d307aaabe9dfb743b0aca69485cf793a2446254fa571e5e52955699193,non-hate,False,False,non-hate,non-hate,True,True
3169,F1-X1-O,ab_reverse,ab_reverse/mean_with_eos,mean_with_eos,1.922307332356771,0.0013427734375,-1.923357645670573,-0.0010503133138020833,ELS-3169:ab_reverse:F1-X1-O:real,fed2f0d307aaabe9dfb743b0aca69485cf793a2446254fa571e5e52955699193,non-hate,False,False,non-hate,non-hate,True,True
3169,F1-P2-H,ab_reverse,ab_reverse/answer_sum,answer_sum,-1.569488525390625,0.0013427734375,-0.18945693969726562,-1.7589454650878906,ELS-3169:ab_reverse:F1-P2-H:real,4f27451695495017722a327edb2cf29084de4ffebd5714b35a5024a60374da77,hate,False,False,non-hate,non-hate,False,False
3169,F1-P2-H,ab_reverse,ab_reverse/answer_mean,answer_mean,-0.7847442626953125,0.0013427734375,-0.09472846984863281,-0.8794727325439453,ELS-3169:ab_reverse:F1-P2-H:real,4f27451695495017722a327edb2cf29084de4ffebd5714b35a5024a60374da77,hate,False,False,non-hate,non-hate,False,False
3169,F1-P2-H,ab_reverse,ab_reverse/total_with_eos,total_with_eos,-1.569488525390625,0.0013427734375,-0.18945693969726562,-1.7589454650878906,ELS-3169:ab_reverse:F1-P2-H:real,4f27451695495017722a327edb2cf29084de4ffebd5714b35a5024a60374da77,hate,False,False,non-hate,non-hate,False,False
3169,F1-P2-H,ab_reverse,ab_reverse/mean_with_eos,mean_with_eos,-0.523162841796875,0.0013427734375,-0.06315231323242188,-0.5863151550292969,ELS-3169:ab_reverse:F1-P2-H:real,4f27451695495017722a327edb2cf29084de4ffebd5714b35a5024a60374da77,hate,False,False,non-hate,non-hate,False,False
3169,F1-P2-O,ab_reverse,ab_reverse/answer_sum,answer_sum,2.4266433715820312,0.0013427734375,-2.511383056640625,-0.08473968505859375,ELS-3169:ab_reverse:F1-P2-O:real,33e01abc2be5cacd1024290fc79d33e86dcded3b83eed13163ba3002c6535ce0,non-hate,False,False,non-hate,non-hate,True,True
3169,F1-P2-O,ab_reverse,ab_reverse/answer_mean,answer_mean,1.2133216857910156,0.0013427734375,-1.2556915283203125,-0.042369842529296875,ELS-3169:ab_reverse:F1-P2-O:real,33e01abc2be5cacd1024290fc79d33e86dcded3b83eed13163ba3002c6535ce0,non-hate,False,False,non-hate,non-hate,True,True
3169,F1-P2-O,ab_reverse,ab_reverse/total_with_eos,total_with_eos,2.4266433715820312,0.0013427734375,-2.511383056640625,-0.08473968505859375,ELS-3169:ab_reverse:F1-P2-O:real,33e01abc2be5cacd1024290fc79d33e86dcded3b83eed13163ba3002c6535ce0,non-hate,False,False,non-hate,non-hate,True,True
3169,F1-P2-O,ab_reverse,ab_reverse/mean_with_eos,mean_with_eos,0.8088811238606771,0.0013427734375,-0.837127685546875,-0.028246561686197918,ELS-3169:ab_reverse:F1-P2-O:real,33e01abc2be5cacd1024290fc79d33e86dcded3b83eed13163ba3002c6535ce0,non-hate,False,False,non-hate,non-hate,True,True
3169,F1-X2-H,ab_reverse,ab_reverse/answer_sum,answer_sum,2.9889984130859375,0.0013427734375,-3.038196563720703,-0.049198150634765625,ELS-3169:ab_reverse:F1-X2-H:real,da807406dcae10122fa8bcb4eb9a964927d30a9ea5fecfc89921a36cfabd282e,non-hate,False,False,non-hate,non-hate,True,True
3169,F1-X2-H,ab_reverse,ab_reverse/answer_mean,answer_mean,1.4944992065429688,0.0013427734375,-1.5190982818603516,-0.024599075317382812,ELS-3169:ab_reverse:F1-X2-H:real,da807406dcae10122fa8bcb4eb9a964927d30a9ea5fecfc89921a36cfabd282e,non-hate,False,False,non-hate,non-hate,True,True
3169,F1-X2-H,ab_reverse,ab_reverse/total_with_eos,total_with_eos,2.9889984130859375,0.0013427734375,-3.038196563720703,-0.049198150634765625,ELS-3169:ab_reverse:F1-X2-H:real,da807406dcae10122fa8bcb4eb9a964927d30a9ea5fecfc89921a36cfabd282e,non-hate,False,False,non-hate,non-hate,True,True
3169,F1-X2-H,ab_reverse,ab_reverse/mean_with_eos,mean_with_eos,0.9963328043619792,0.0013427734375,-1.0127321879069011,-0.016399383544921875,ELS-3169:ab_reverse:F1-X2-H:real,da807406dcae10122fa8bcb4eb9a964927d30a9ea5fecfc89921a36cfabd282e,non-hate,False,False,non-hate,non-hate,True,True
3169,F1-X2-O,ab_reverse,ab_reverse/answer_sum,answer_sum,5.874584197998047,0.0013427734375,-5.877407073974609,-0.0028228759765625,ELS-3169:ab_reverse:F1-X2-O:real,cb4a94ad11b0b14d06277687734e9469282c1c74c2652c0f96901488170094fc,non-hate,False,False,non-hate,non-hate,True,True
3169,F1-X2-O,ab_reverse,ab_reverse/answer_mean,answer_mean,2.9372920989990234,0.0013427734375,-2.9387035369873047,-0.00141143798828125,ELS-3169:ab_reverse:F1-X2-O:real,cb4a94ad11b0b14d06277687734e9469282c1c74c2652c0f96901488170094fc,non-hate,False,False,non-hate,non-hate,True,True
3169,F1-X2-O,ab_reverse,ab_reverse/total_with_eos,total_with_eos,5.874584197998047,0.0013427734375,-5.877407073974609,-0.0028228759765625,ELS-3169:ab_reverse:F1-X2-O:real,cb4a94ad11b0b14d06277687734e9469282c1c74c2652c0f96901488170094fc,non-hate,False,False,non-hate,non-hate,True,True
3169,F1-X2-O,ab_reverse,ab_reverse/mean_with_eos,mean_with_eos,1.9581947326660156,0.0013427734375,-1.9591356913248699,-0.0009409586588541666,ELS-3169:ab_reverse:F1-X2-O:real,cb4a94ad11b0b14d06277687734e9469282c1c74c2652c0f96901488170094fc,non-hate,False,False,non-hate,non-hate,True,True
3169,F2-O-H,ab_reverse,ab_reverse/answer_sum,answer_sum,5.492923736572266,0.0013427734375,-5.497074127197266,-0.004150390625,ELS-3169:ab_reverse:F2-O-H:real,ca00f4549175d2cec71a7f3fa94e466b7184a72941bdb2b9807f8400ff3cea91,non-hate,False,False,non-hate,non-hate,True,True
3169,F2-O-H,ab_reverse,ab_reverse/answer_mean,answer_mean,2.746461868286133,0.0013427734375,-2.748537063598633,-0.0020751953125,ELS-3169:ab_reverse:F2-O-H:real,ca00f4549175d2cec71a7f3fa94e466b7184a72941bdb2b9807f8400ff3cea91,non-hate,False,False,non-hate,non-hate,True,True
3169,F2-O-H,ab_reverse,ab_reverse/total_with_eos,total_with_eos,5.492923736572266,0.0013427734375,-5.497074127197266,-0.004150390625,ELS-3169:ab_reverse:F2-O-H:real,ca00f4549175d2cec71a7f3fa94e466b7184a72941bdb2b9807f8400ff3cea91,non-hate,False,False,non-hate,non-hate,True,True
3169,F2-O-H,ab_reverse,ab_reverse/mean_with_eos,mean_with_eos,1.8309745788574219,0.0013427734375,-1.8323580423990886,-0.0013834635416666667,ELS-3169:ab_reverse:F2-O-H:real,ca00f4549175d2cec71a7f3fa94e466b7184a72941bdb2b9807f8400ff3cea91,non-hate,False,False,non-hate,non-hate,True,True
3169,F2-O-O,ab_reverse,ab_reverse/answer_sum,answer_sum,7.485015869140625,0.0013427734375,-7.485588073730469,-0.00057220458984375,ELS-3169:ab_reverse:F2-O-O:real,c07e1c20fc97d729bbbdb5010be83000bc3708acc939a4bacf7471081c89915f,non-hate,False,False,non-hate,non-hate,True,True
3169,F2-O-O,ab_reverse,ab_reverse/answer_mean,answer_mean,3.7425079345703125,0.0013427734375,-3.7427940368652344,-0.000286102294921875,ELS-3169:ab_reverse:F2-O-O:real,c07e1c20fc97d729bbbdb5010be83000bc3708acc939a4bacf7471081c89915f,non-hate,False,False,non-hate,non-hate,True,True
3169,F2-O-O,ab_reverse,ab_reverse/total_with_eos,total_with_eos,7.485015869140625,0.0013427734375,-7.485588073730469,-0.00057220458984375,ELS-3169:ab_reverse:F2-O-O:real,c07e1c20fc97d729bbbdb5010be83000bc3708acc939a4bacf7471081c89915f,non-hate,False,False,non-hate,non-hate,True,True
3169,F2-O-O,ab_reverse,ab_reverse/mean_with_eos,mean_with_eos,2.4950052897135415,0.0013427734375,-2.4951960245768228,-0.00019073486328125,ELS-3169:ab_reverse:F2-O-O:real,c07e1c20fc97d729bbbdb5010be83000bc3708acc939a4bacf7471081c89915f,non-hate,False,False,non-hate,non-hate,True,True
3169,F2-D-H,ab_reverse,ab_reverse/answer_sum,answer_sum,21.166486740112305,0.0013427734375,-21.166486740112305,0.0,ELS-3169:ab_reverse:F2-D-H:real,bf3d8816d7760ef507e8a8f1e8cd88ec114b6af1463fbdbb755c0cda02fa9798,non-hate,False,False,non-hate,non-hate,True,True
3169,F2-D-H,ab_reverse,ab_reverse/answer_mean,answer_mean,10.583243370056152,0.0013427734375,-10.583243370056152,0.0,ELS-3169:ab_reverse:F2-D-H:real,bf3d8816d7760ef507e8a8f1e8cd88ec114b6af1463fbdbb755c0cda02fa9798,non-hate,False,False,non-hate,non-hate,True,True
3169,F2-D-H,ab_reverse,ab_reverse/total_with_eos,total_with_eos,21.166486740112305,0.0013427734375,-21.166486740112305,0.0,ELS-3169:ab_reverse:F2-D-H:real,bf3d8816d7760ef507e8a8f1e8cd88ec114b6af1463fbdbb755c0cda02fa9798,non-hate,False,False,non-hate,non-hate,True,True
3169,F2-D-H,ab_reverse,ab_reverse/mean_with_eos,mean_with_eos,7.055495580037435,0.0013427734375,-7.055495580037435,0.0,ELS-3169:ab_reverse:F2-D-H:real,bf3d8816d7760ef507e8a8f1e8cd88ec114b6af1463fbdbb755c0cda02fa9798,non-hate,False,False,non-hate,non-hate,True,True
3169,F2-D-O,ab_reverse,ab_reverse/answer_sum,answer_sum,21.6473388671875,0.0013427734375,-21.6473388671875,0.0,ELS-3169:ab_reverse:F2-D-O:real,b62f58e59e6818fdd02084d42924518261f0e3e846a0f642ca4dd52aeb594e7d,non-hate,False,False,non-hate,non-hate,True,True
3169,F2-D-O,ab_reverse,ab_reverse/answer_mean,answer_mean,10.82366943359375,0.0013427734375,-10.82366943359375,0.0,ELS-3169:ab_reverse:F2-D-O:real,b62f58e59e6818fdd02084d42924518261f0e3e846a0f642ca4dd52aeb594e7d,non-hate,False,False,non-hate,non-hate,True,True
3169,F2-D-O,ab_reverse,ab_reverse/total_with_eos,total_with_eos,21.6473388671875,0.0013427734375,-21.6473388671875,0.0,ELS-3169:ab_reverse:F2-D-O:real,b62f58e59e6818fdd02084d42924518261f0e3e846a0f642ca4dd52aeb594e7d,non-hate,False,False,non-hate,non-hate,True,True
3169,F2-D-O,ab_reverse,ab_reverse/mean_with_eos,mean_with_eos,7.215779622395833,0.0013427734375,-7.215779622395833,0.0,ELS-3169:ab_reverse:F2-D-O:real,b62f58e59e6818fdd02084d42924518261f0e3e846a0f642ca4dd52aeb594e7d,non-hate,False,False,non-hate,non-hate,True,True
3169,F2-N1-H,ab_reverse,ab_reverse/answer_sum,answer_sum,20.296669006347656,0.0013427734375,-20.296669006347656,0.0,ELS-3169:ab_reverse:F2-N1-H:real,95216d51cd03759cce2481e5bae9cf4d2cdb272f84474ca5c7e54ade1ebadbe0,non-hate,False,False,non-hate,non-hate,True,True
3169,F2-N1-H,ab_reverse,ab_reverse/answer_mean,answer_mean,10.148334503173828,0.0013427734375,-10.148334503173828,0.0,ELS-3169:ab_reverse:F2-N1-H:real,95216d51cd03759cce2481e5bae9cf4d2cdb272f84474ca5c7e54ade1ebadbe0,non-hate,False,False,non-hate,non-hate,True,True
3169,F2-N1-H,ab_reverse,ab_reverse/total_with_eos,total_with_eos,20.296669006347656,0.0013427734375,-20.296669006347656,0.0,ELS-3169:ab_reverse:F2-N1-H:real,95216d51cd03759cce2481e5bae9cf4d2cdb272f84474ca5c7e54ade1ebadbe0,non-hate,False,False,non-hate,non-hate,True,True
3169,F2-N1-H,ab_reverse,ab_reverse/mean_with_eos,mean_with_eos,6.765556335449219,0.0013427734375,-6.765556335449219,0.0,ELS-3169:ab_reverse:F2-N1-H:real,95216d51cd03759cce2481e5bae9cf4d2cdb272f84474ca5c7e54ade1ebadbe0,non-hate,False,False,non-hate,non-hate,True,True
3169,F2-N1-O,ab_reverse,ab_reverse/answer_sum,answer_sum,20.957199096679688,0.0013427734375,-20.957199096679688,0.0,ELS-3169:ab_reverse:F2-N1-O:real,3af9a49224e2236a5a090d4ff3abae82b920f0fa234791eed1e89e0284109423,non-hate,False,False,non-hate,non-hate,True,True
3169,F2-N1-O,ab_reverse,ab_reverse/answer_mean,answer_mean,10.478599548339844,0.0013427734375,-10.478599548339844,0.0,ELS-3169:ab_reverse:F2-N1-O:real,3af9a49224e2236a5a090d4ff3abae82b920f0fa234791eed1e89e0284109423,non-hate,False,False,non-hate,non-hate,True,True
3169,F2-N1-O,ab_reverse,ab_reverse/total_with_eos,total_with_eos,20.957199096679688,0.0013427734375,-20.957199096679688,0.0,ELS-3169:ab_reverse:F2-N1-O:real,3af9a49224e2236a5a090d4ff3abae82b920f0fa234791eed1e89e0284109423,non-hate,False,False,non-hate,non-hate,True,True
3169,F2-N1-O,ab_reverse,ab_reverse/mean_with_eos,mean_with_eos,6.9857330322265625,0.0013427734375,-6.9857330322265625,0.0,ELS-3169:ab_reverse:F2-N1-O:real,3af9a49224e2236a5a090d4ff3abae82b920f0fa234791eed1e89e0284109423,non-hate,False,False,non-hate,non-hate,True,True
3169,F2-E1-H,ab_reverse,ab_reverse/answer_sum,answer_sum,21.285491943359375,0.0013427734375,-21.285491943359375,0.0,ELS-3169:ab_reverse:F2-E1-H:real,323a4392308135c02f8f7ef9aee557ff4130b92a87b38dc014df475ccb535820,non-hate,False,False,non-hate,non-hate,True,True
3169,F2-E1-H,ab_reverse,ab_reverse/answer_mean,answer_mean,10.642745971679688,0.0013427734375,-10.642745971679688,0.0,ELS-3169:ab_reverse:F2-E1-H:real,323a4392308135c02f8f7ef9aee557ff4130b92a87b38dc014df475ccb535820,non-hate,False,False,non-hate,non-hate,True,True
3169,F2-E1-H,ab_reverse,ab_reverse/total_with_eos,total_with_eos,21.285491943359375,0.0013427734375,-21.285491943359375,0.0,ELS-3169:ab_reverse:F2-E1-H:real,323a4392308135c02f8f7ef9aee557ff4130b92a87b38dc014df475ccb535820,non-hate,False,False,non-hate,non-hate,True,True
3169,F2-E1-H,ab_reverse,ab_reverse/mean_with_eos,mean_with_eos,7.095163981119792,0.0013427734375,-7.095163981119792,0.0,ELS-3169:ab_reverse:F2-E1-H:real,323a4392308135c02f8f7ef9aee557ff4130b92a87b38dc014df475ccb535820,non-hate,False,False,non-hate,non-hate,True,True
3169,F2-E1-O,ab_reverse,ab_reverse/answer_sum,answer_sum,21.71869659423828,0.0013427734375,-21.71869659423828,0.0,ELS-3169:ab_reverse:F2-E1-O:real,cb4de5d459fe07797adf3c9c57e7f2b432ac6d5469eb563ad1606c448b10fee8,non-hate,False,False,non-hate,non-hate,True,True
3169,F2-E1-O,ab_reverse,ab_reverse/answer_mean,answer_mean,10.85934829711914,0.0013427734375,-10.85934829711914,0.0,ELS-3169:ab_reverse:F2-E1-O:real,cb4de5d459fe07797adf3c9c57e7f2b432ac6d5469eb563ad1606c448b10fee8,non-hate,False,False,non-hate,non-hate,True,True
3169,F2-E1-O,ab_reverse,ab_reverse/total_with_eos,total_with_eos,21.71869659423828,0.0013427734375,-21.71869659423828,0.0,ELS-3169:ab_reverse:F2-E1-O:real,cb4de5d459fe07797adf3c9c57e7f2b432ac6d5469eb563ad1606c448b10fee8,non-hate,False,False,non-hate,non-hate,True,True
3169,F2-E1-O,ab_reverse,ab_reverse/mean_with_eos,mean_with_eos,7.239565531412761,0.0013427734375,-7.239565531412761,0.0,ELS-3169:ab_reverse:F2-E1-O:real,cb4de5d459fe07797adf3c9c57e7f2b432ac6d5469eb563ad1606c448b10fee8,non-hate,False,False,non-hate,non-hate,True,True
3169,F2-N2-H,ab_reverse,ab_reverse/answer_sum,answer_sum,20.53057098388672,0.0013427734375,-20.53057098388672,0.0,ELS-3169:ab_reverse:F2-N2-H:real,db6f9fb5183287f58b19e23c347aba8be7c07f26c2a3bb42b0a9426e7fff0cdc,non-hate,False,False,non-hate,non-hate,True,True
3169,F2-N2-H,ab_reverse,ab_reverse/answer_mean,answer_mean,10.26528549194336,0.0013427734375,-10.26528549194336,0.0,ELS-3169:ab_reverse:F2-N2-H:real,db6f9fb5183287f58b19e23c347aba8be7c07f26c2a3bb42b0a9426e7fff0cdc,non-hate,False,False,non-hate,non-hate,True,True
3169,F2-N2-H,ab_reverse,ab_reverse/total_with_eos,total_with_eos,20.53057098388672,0.0013427734375,-20.53057098388672,0.0,ELS-3169:ab_reverse:F2-N2-H:real,db6f9fb5183287f58b19e23c347aba8be7c07f26c2a3bb42b0a9426e7fff0cdc,non-hate,False,False,non-hate,non-hate,True,True
3169,F2-N2-H,ab_reverse,ab_reverse/mean_with_eos,mean_with_eos,6.843523661295573,0.0013427734375,-6.843523661295573,0.0,ELS-3169:ab_reverse:F2-N2-H:real,db6f9fb5183287f58b19e23c347aba8be7c07f26c2a3bb42b0a9426e7fff0cdc,non-hate,False,False,non-hate,non-hate,True,True
3169,F2-N2-O,ab_reverse,ab_reverse/answer_sum,answer_sum,21.227588653564453,0.0013427734375,-21.227588653564453,0.0,ELS-3169:ab_reverse:F2-N2-O:real,e854d84fb7f7ed2caa876da936b3021ba6d6e723f60bb8ceaa0abaaf96c75cd9,non-hate,False,False,non-hate,non-hate,True,True
3169,F2-N2-O,ab_reverse,ab_reverse/answer_mean,answer_mean,10.613794326782227,0.0013427734375,-10.613794326782227,0.0,ELS-3169:ab_reverse:F2-N2-O:real,e854d84fb7f7ed2caa876da936b3021ba6d6e723f60bb8ceaa0abaaf96c75cd9,non-hate,False,False,non-hate,non-hate,True,True
3169,F2-N2-O,ab_reverse,ab_reverse/total_with_eos,total_with_eos,21.227588653564453,0.0013427734375,-21.227588653564453,0.0,ELS-3169:ab_reverse:F2-N2-O:real,e854d84fb7f7ed2caa876da936b3021ba6d6e723f60bb8ceaa0abaaf96c75cd9,non-hate,False,False,non-hate,non-hate,True,True
3169,F2-N2-O,ab_reverse,ab_reverse/mean_with_eos,mean_with_eos,7.075862884521484,0.0013427734375,-7.075862884521484,0.0,ELS-3169:ab_reverse:F2-N2-O:real,e854d84fb7f7ed2caa876da936b3021ba6d6e723f60bb8ceaa0abaaf96c75cd9,non-hate,False,False,non-hate,non-hate,True,True
3169,F2-E2-H,ab_reverse,ab_reverse/answer_sum,answer_sum,21.362991333007812,0.0013427734375,-21.362991333007812,0.0,ELS-3169:ab_reverse:F2-E2-H:real,28a4241022d4b02c7da064ad470a1cc201e9c084ca799554bff6a798c8bd2907,non-hate,False,False,non-hate,non-hate,True,True
3169,F2-E2-H,ab_reverse,ab_reverse/answer_mean,answer_mean,10.681495666503906,0.0013427734375,-10.681495666503906,0.0,ELS-3169:ab_reverse:F2-E2-H:real,28a4241022d4b02c7da064ad470a1cc201e9c084ca799554bff6a798c8bd2907,non-hate,False,False,non-hate,non-hate,True,True
3169,F2-E2-H,ab_reverse,ab_reverse/total_with_eos,total_with_eos,21.362991333007812,0.0013427734375,-21.362991333007812,0.0,ELS-3169:ab_reverse:F2-E2-H:real,28a4241022d4b02c7da064ad470a1cc201e9c084ca799554bff6a798c8bd2907,non-hate,False,False,non-hate,non-hate,True,True
3169,F2-E2-H,ab_reverse,ab_reverse/mean_with_eos,mean_with_eos,7.1209971110026045,0.0013427734375,-7.1209971110026045,0.0,ELS-3169:ab_reverse:F2-E2-H:real,28a4241022d4b02c7da064ad470a1cc201e9c084ca799554bff6a798c8bd2907,non-hate,False,False,non-hate,non-hate,True,True
3169,F2-E2-O,ab_reverse,ab_reverse/answer_sum,answer_sum,21.878883361816406,0.0013427734375,-21.878883361816406,0.0,ELS-3169:ab_reverse:F2-E2-O:real,fc1aec56cbac26f6edd85e902144721a590194266ae9cfbd6e43111923517fcf,non-hate,False,False,non-hate,non-hate,True,True
3169,F2-E2-O,ab_reverse,ab_reverse/answer_mean,answer_mean,10.939441680908203,0.0013427734375,-10.939441680908203,0.0,ELS-3169:ab_reverse:F2-E2-O:real,fc1aec56cbac26f6edd85e902144721a590194266ae9cfbd6e43111923517fcf,non-hate,False,False,non-hate,non-hate,True,True
3169,F2-E2-O,ab_reverse,ab_reverse/total_with_eos,total_with_eos,21.878883361816406,0.0013427734375,-21.878883361816406,0.0,ELS-3169:ab_reverse:F2-E2-O:real,fc1aec56cbac26f6edd85e902144721a590194266ae9cfbd6e43111923517fcf,non-hate,False,False,non-hate,non-hate,True,True
3169,F2-E2-O,ab_reverse,ab_reverse/mean_with_eos,mean_with_eos,7.292961120605469,0.0013427734375,-7.292961120605469,0.0,ELS-3169:ab_reverse:F2-E2-O:real,fc1aec56cbac26f6edd85e902144721a590194266ae9cfbd6e43111923517fcf,non-hate,False,False,non-hate,non-hate,True,True
3169,F2-P1-H,ab_reverse,ab_reverse/answer_sum,answer_sum,2.5235748291015625,0.0013427734375,-2.600818634033203,-0.07724380493164062,ELS-3169:ab_reverse:F2-P1-H:real,5780a7cf7fdde345e09bfa2ed379fcd957ea5c82bdbe78b6dee3a7d7f0e0be4b,non-hate,False,False,non-hate,non-hate,True,True
3169,F2-P1-H,ab_reverse,ab_reverse/answer_mean,answer_mean,1.2617874145507812,0.0013427734375,-1.3004093170166016,-0.03862190246582031,ELS-3169:ab_reverse:F2-P1-H:real,5780a7cf7fdde345e09bfa2ed379fcd957ea5c82bdbe78b6dee3a7d7f0e0be4b,non-hate,False,False,non-hate,non-hate,True,True
3169,F2-P1-H,ab_reverse,ab_reverse/total_with_eos,total_with_eos,2.5235748291015625,0.0013427734375,-2.600818634033203,-0.07724380493164062,ELS-3169:ab_reverse:F2-P1-H:real,5780a7cf7fdde345e09bfa2ed379fcd957ea5c82bdbe78b6dee3a7d7f0e0be4b,non-hate,False,False,non-hate,non-hate,True,True
3169,F2-P1-H,ab_reverse,ab_reverse/mean_with_eos,mean_with_eos,0.8411916097005209,0.0013427734375,-0.8669395446777344,-0.025747934977213543,ELS-3169:ab_reverse:F2-P1-H:real,5780a7cf7fdde345e09bfa2ed379fcd957ea5c82bdbe78b6dee3a7d7f0e0be4b,non-hate,False,False,non-hate,non-hate,True,True
3169,F2-P1-O,ab_reverse,ab_reverse/answer_sum,answer_sum,3.4917984008789062,0.0013427734375,-3.5218467712402344,-0.030048370361328125,ELS-3169:ab_reverse:F2-P1-O:real,d55db3fcbfd79273822d8f5c55bd1c627faf52464c5cb3ce6e87112629ff6aa8,non-hate,False,False,non-hate,non-hate,True,True
3169,F2-P1-O,ab_reverse,ab_reverse/answer_mean,answer_mean,1.7458992004394531,0.0013427734375,-1.7609233856201172,-0.015024185180664062,ELS-3169:ab_reverse:F2-P1-O:real,d55db3fcbfd79273822d8f5c55bd1c627faf52464c5cb3ce6e87112629ff6aa8,non-hate,False,False,non-hate,non-hate,True,True
3169,F2-P1-O,ab_reverse,ab_reverse/total_with_eos,total_with_eos,3.4917984008789062,0.0013427734375,-3.5218467712402344,-0.030048370361328125,ELS-3169:ab_reverse:F2-P1-O:real,d55db3fcbfd79273822d8f5c55bd1c627faf52464c5cb3ce6e87112629ff6aa8,non-hate,False,False,non-hate,non-hate,True,True
3169,F2-P1-O,ab_reverse,ab_reverse/mean_with_eos,mean_with_eos,1.1639328002929688,0.0013427734375,-1.1739489237467449,-0.010016123453776041,ELS-3169:ab_reverse:F2-P1-O:real,d55db3fcbfd79273822d8f5c55bd1c627faf52464c5cb3ce6e87112629ff6aa8,non-hate,False,False,non-hate,non-hate,True,True
3169,F2-X1-H,ab_reverse,ab_reverse/answer_sum,answer_sum,7.413177490234375,0.0013427734375,-7.413795471191406,-0.00061798095703125,ELS-3169:ab_reverse:F2-X1-H:real,8b50bdd81c513fb3c222c18123b6f02a12c479119f158e626540622b635950a8,non-hate,False,False,non-hate,non-hate,True,True
3169,F2-X1-H,ab_reverse,ab_reverse/answer_mean,answer_mean,3.7065887451171875,0.0013427734375,-3.706897735595703,-0.000308990478515625,ELS-3169:ab_reverse:F2-X1-H:real,8b50bdd81c513fb3c222c18123b6f02a12c479119f158e626540622b635950a8,non-hate,False,False,non-hate,non-hate,True,True
3169,F2-X1-H,ab_reverse,ab_reverse/total_with_eos,total_with_eos,7.413177490234375,0.0013427734375,-7.413795471191406,-0.00061798095703125,ELS-3169:ab_reverse:F2-X1-H:real,8b50bdd81c513fb3c222c18123b6f02a12c479119f158e626540622b635950a8,non-hate,False,False,non-hate,non-hate,True,True
3169,F2-X1-H,ab_reverse,ab_reverse/mean_with_eos,mean_with_eos,2.4710591634114585,0.0013427734375,-2.4712651570638022,-0.00020599365234375,ELS-3169:ab_reverse:F2-X1-H:real,8b50bdd81c513fb3c222c18123b6f02a12c479119f158e626540622b635950a8,non-hate,False,False,non-hate,non-hate,True,True
3169,F2-X1-O,ab_reverse,ab_reverse/answer_sum,answer_sum,7.869232177734375,0.0013427734375,-7.869625091552734,-0.000392913818359375,ELS-3169:ab_reverse:F2-X1-O:real,788b024d7d10e495265e2ce282010b6499f8045f3503459cd5ef6c4957599f3a,non-hate,False,False,non-hate,non-hate,True,True
3169,F2-X1-O,ab_reverse,ab_reverse/answer_mean,answer_mean,3.9346160888671875,0.0013427734375,-3.934812545776367,-0.0001964569091796875,ELS-3169:ab_reverse:F2-X1-O:real,788b024d7d10e495265e2ce282010b6499f8045f3503459cd5ef6c4957599f3a,non-hate,False,False,non-hate,non-hate,True,True
3169,F2-X1-O,ab_reverse,ab_reverse/total_with_eos,total_with_eos,7.869232177734375,0.0013427734375,-7.869625091552734,-0.000392913818359375,ELS-3169:ab_reverse:F2-X1-O:real,788b024d7d10e495265e2ce282010b6499f8045f3503459cd5ef6c4957599f3a,non-hate,False,False,non-hate,non-hate,True,True
3169,F2-X1-O,ab_reverse,ab_reverse/mean_with_eos,mean_with_eos,2.623077392578125,0.0013427734375,-2.6232083638509116,-0.00013097127278645834,ELS-3169:ab_reverse:F2-X1-O:real,788b024d7d10e495265e2ce282010b6499f8045f3503459cd5ef6c4957599f3a,non-hate,False,False,non-hate,non-hate,True,True
3169,F2-P2-H,ab_reverse,ab_reverse/answer_sum,answer_sum,2.7772598266601562,0.0013427734375,-2.8377151489257812,-0.060455322265625,ELS-3169:ab_reverse:F2-P2-H:real,25f2d8ec3e24545635ade22483663bd529c8916246d8851b83f3e957d95cbc84,non-hate,False,False,non-hate,non-hate,True,True
3169,F2-P2-H,ab_reverse,ab_reverse/answer_mean,answer_mean,1.3886299133300781,0.0013427734375,-1.4188575744628906,-0.0302276611328125,ELS-3169:ab_reverse:F2-P2-H:real,25f2d8ec3e24545635ade22483663bd529c8916246d8851b83f3e957d95cbc84,non-hate,False,False,non-hate,non-hate,True,True
3169,F2-P2-H,ab_reverse,ab_reverse/total_with_eos,total_with_eos,2.7772598266601562,0.0013427734375,-2.8377151489257812,-0.060455322265625,ELS-3169:ab_reverse:F2-P2-H:real,25f2d8ec3e24545635ade22483663bd529c8916246d8851b83f3e957d95cbc84,non-hate,False,False,non-hate,non-hate,True,True
3169,F2-P2-H,ab_reverse,ab_reverse/mean_with_eos,mean_with_eos,0.9257532755533855,0.0013427734375,-0.9459050496419271,-0.020151774088541668,ELS-3169:ab_reverse:F2-P2-H:real,25f2d8ec3e24545635ade22483663bd529c8916246d8851b83f3e957d95cbc84,non-hate,False,False,non-hate,non-hate,True,True
3169,F2-P2-O,ab_reverse,ab_reverse/answer_sum,answer_sum,3.5877838134765625,0.0013427734375,-3.6151199340820312,-0.02733612060546875,ELS-3169:ab_reverse:F2-P2-O:real,8bf3788c2461f2797c62a6410843091f50bf41dd3c06fa61691ff78f7ac25d34,non-hate,False,False,non-hate,non-hate,True,True
3169,F2-P2-O,ab_reverse,ab_reverse/answer_mean,answer_mean,1.7938919067382812,0.0013427734375,-1.8075599670410156,-0.013668060302734375,ELS-3169:ab_reverse:F2-P2-O:real,8bf3788c2461f2797c62a6410843091f50bf41dd3c06fa61691ff78f7ac25d34,non-hate,False,False,non-hate,non-hate,True,True
3169,F2-P2-O,ab_reverse,ab_reverse/total_with_eos,total_with_eos,3.5877838134765625,0.0013427734375,-3.6151199340820312,-0.02733612060546875,ELS-3169:ab_reverse:F2-P2-O:real,8bf3788c2461f2797c62a6410843091f50bf41dd3c06fa61691ff78f7ac25d34,non-hate,False,False,non-hate,non-hate,True,True
3169,F2-P2-O,ab_reverse,ab_reverse/mean_with_eos,mean_with_eos,1.1959279378255208,0.0013427734375,-1.2050399780273438,-0.009112040201822916,ELS-3169:ab_reverse:F2-P2-O:real,8bf3788c2461f2797c62a6410843091f50bf41dd3c06fa61691ff78f7ac25d34,non-hate,False,False,non-hate,non-hate,True,True
3169,F2-X2-H,ab_reverse,ab_reverse/answer_sum,answer_sum,7.6854095458984375,0.0013427734375,-7.685878753662109,-0.000469207763671875,ELS-3169:ab_reverse:F2-X2-H:real,bb9a4f9cffe4778cc6a68e734f916beb0179ddb2c023d1d407f686f1dc636942,non-hate,False,False,non-hate,non-hate,True,True
3169,F2-X2-H,ab_reverse,ab_reverse/answer_mean,answer_mean,3.8427047729492188,0.0013427734375,-3.8429393768310547,-0.0002346038818359375,ELS-3169:ab_reverse:F2-X2-H:real,bb9a4f9cffe4778cc6a68e734f916beb0179ddb2c023d1d407f686f1dc636942,non-hate,False,False,non-hate,non-hate,True,True
3169,F2-X2-H,ab_reverse,ab_reverse/total_with_eos,total_with_eos,7.6854095458984375,0.0013427734375,-7.685878753662109,-0.000469207763671875,ELS-3169:ab_reverse:F2-X2-H:real,bb9a4f9cffe4778cc6a68e734f916beb0179ddb2c023d1d407f686f1dc636942,non-hate,False,False,non-hate,non-hate,True,True
3169,F2-X2-H,ab_reverse,ab_reverse/mean_with_eos,mean_with_eos,2.561803181966146,0.0013427734375,-2.5619595845540366,-0.000156402587890625,ELS-3169:ab_reverse:F2-X2-H:real,bb9a4f9cffe4778cc6a68e734f916beb0179ddb2c023d1d407f686f1dc636942,non-hate,False,False,non-hate,non-hate,True,True
3169,F2-X2-O,ab_reverse,ab_reverse/answer_sum,answer_sum,8.3035888671875,0.0013427734375,-8.303844451904297,-0.000255584716796875,ELS-3169:ab_reverse:F2-X2-O:real,f91a710ba5812692997d672da65884b3b4041a24dace2cc52895fc392c73d9dc,non-hate,False,False,non-hate,non-hate,True,True
3169,F2-X2-O,ab_reverse,ab_reverse/answer_mean,answer_mean,4.15179443359375,0.0013427734375,-4.151922225952148,-0.0001277923583984375,ELS-3169:ab_reverse:F2-X2-O:real,f91a710ba5812692997d672da65884b3b4041a24dace2cc52895fc392c73d9dc,non-hate,False,False,non-hate,non-hate,True,True
3169,F2-X2-O,ab_reverse,ab_reverse/total_with_eos,total_with_eos,8.3035888671875,0.0013427734375,-8.303844451904297,-0.000255584716796875,ELS-3169:ab_reverse:F2-X2-O:real,f91a710ba5812692997d672da65884b3b4041a24dace2cc52895fc392c73d9dc,non-hate,False,False,non-hate,non-hate,True,True
3169,F2-X2-O,ab_reverse,ab_reverse/mean_with_eos,mean_with_eos,2.7678629557291665,0.0013427734375,-2.7679481506347656,-8.519490559895833e-05,ELS-3169:ab_reverse:F2-X2-O:real,f91a710ba5812692997d672da65884b3b4041a24dace2cc52895fc392c73d9dc,non-hate,False,False,non-hate,non-hate,True,True
