contrast_id,query_id,kind,terms,view,effect,numeric_bound,direction,statistical_interval,role,template
ELS-3169-F1-word_pair-O,3169,word_pair,"[{""coefficient"":1,""condition"":""F1-O-H""},{""coefficient"":-1,""condition"":""F1-O-O""}]",original/answer_sum,-0.6523323059082031,0.002685546875,negative,False,historical_pair,1
ELS-3169-F1-word_pair-O,3169,word_pair,"[{""coefficient"":1,""condition"":""F1-O-H""},{""coefficient"":-1,""condition"":""F1-O-O""}]",original/answer_mean,-0.1627393086751302,0.002685546875,negative,False,historical_pair,1
ELS-3169-F1-word_pair-O,3169,word_pair,"[{""coefficient"":1,""condition"":""F1-O-H""},{""coefficient"":-1,""condition"":""F1-O-O""}]",original/total_with_eos,-0.6523323059082031,0.002685546875,negative,False,historical_pair,1
ELS-3169-F1-word_pair-O,3169,word_pair,"[{""coefficient"":1,""condition"":""F1-O-H""},{""coefficient"":-1,""condition"":""F1-O-O""}]",original/mean_with_eos,-0.1288925806681315,0.002685546875,negative,False,historical_pair,1
ELS-3169-F1-word_pair-O,3169,word_pair,"[{""coefficient"":1,""condition"":""F1-O-H""},{""coefficient"":-1,""condition"":""F1-O-O""}]",ab_forward/answer_sum,-2.9724693298339844,0.002685546875,negative,False,historical_pair,1
ELS-3169-F1-word_pair-O,3169,word_pair,"[{""coefficient"":1,""condition"":""F1-O-H""},{""coefficient"":-1,""condition"":""F1-O-O""}]",ab_forward/answer_mean,-1.4862346649169922,0.002685546875,negative,False,historical_pair,1
ELS-3169-F1-word_pair-O,3169,word_pair,"[{""coefficient"":1,""condition"":""F1-O-H""},{""coefficient"":-1,""condition"":""F1-O-O""}]",ab_forward/total_with_eos,-2.9724693298339844,0.002685546875,negative,False,historical_pair,1
ELS-3169-F1-word_pair-O,3169,word_pair,"[{""coefficient"":1,""condition"":""F1-O-H""},{""coefficient"":-1,""condition"":""F1-O-O""}]",ab_forward/mean_with_eos,-0.9908231099446612,0.002685546875,negative,False,historical_pair,1
ELS-3169-F1-word_pair-O,3169,word_pair,"[{""coefficient"":1,""condition"":""F1-O-H""},{""coefficient"":-1,""condition"":""F1-O-O""}]",ab_reverse/answer_sum,-2.047405242919922,0.002685546875,negative,False,historical_pair,1
ELS-3169-F1-word_pair-O,3169,word_pair,"[{""coefficient"":1,""condition"":""F1-O-H""},{""coefficient"":-1,""condition"":""F1-O-O""}]",ab_reverse/answer_mean,-1.023702621459961,0.002685546875,negative,False,historical_pair,1
ELS-3169-F1-word_pair-O,3169,word_pair,"[{""coefficient"":1,""condition"":""F1-O-H""},{""coefficient"":-1,""condition"":""F1-O-O""}]",ab_reverse/total_with_eos,-2.047405242919922,0.002685546875,negative,False,historical_pair,1
ELS-3169-F1-word_pair-O,3169,word_pair,"[{""coefficient"":1,""condition"":""F1-O-H""},{""coefficient"":-1,""condition"":""F1-O-O""}]",ab_reverse/mean_with_eos,-0.6824684143066406,0.002685546875,negative,False,historical_pair,1
ELS-3169-F1-word_pair-O,3169,word_pair,"[{""coefficient"":1,""condition"":""F1-O-H""},{""coefficient"":-1,""condition"":""F1-O-O""}]",ncc,-0.04233535846122294,0.00537109375,negative,False,historical_pair,1
ELS-3169-F1-word_pair-O,3169,word_pair,"[{""coefficient"":1,""condition"":""F1-O-H""},{""coefficient"":-1,""condition"":""F1-O-O""}]",background,-0.12040395021390715,0.002685546875,negative,False,historical_pair,1
ELS-3169-F1-word_pair-O,3169,word_pair,"[{""coefficient"":1,""condition"":""F1-O-H""},{""coefficient"":-1,""condition"":""F1-O-O""}]",ab_symmetric_sum,-2.509937286376953,0.002685546875,negative,False,historical_pair,1
ELS-3169-F1-word_pair-O,3169,word_pair,"[{""coefficient"":1,""condition"":""F1-O-H""},{""coefficient"":-1,""condition"":""F1-O-O""}]",ab_mapping_gap_sum,-0.9250640869140625,0.00537109375,negative,False,historical_pair,1
ELS-3169-F1-word_pair-D,3169,word_pair,"[{""coefficient"":1,""condition"":""F1-D-H""},{""coefficient"":-1,""condition"":""F1-D-O""}]",original/answer_sum,0.24008560180664062,0.002685546875,positive,False,within_arm_pair,1
ELS-3169-F1-word_pair-D,3169,word_pair,"[{""coefficient"":1,""condition"":""F1-D-H""},{""coefficient"":-1,""condition"":""F1-D-O""}]",original/answer_mean,0.08002802530924491,0.002685546875,positive,False,within_arm_pair,1
ELS-3169-F1-word_pair-D,3169,word_pair,"[{""coefficient"":1,""condition"":""F1-D-H""},{""coefficient"":-1,""condition"":""F1-D-O""}]",original/total_with_eos,0.24008560180664062,0.002685546875,positive,False,within_arm_pair,1
ELS-3169-F1-word_pair-D,3169,word_pair,"[{""coefficient"":1,""condition"":""F1-D-H""},{""coefficient"":-1,""condition"":""F1-D-O""}]",original/mean_with_eos,0.060021082560221206,0.002685546875,positive,False,within_arm_pair,1
ELS-3169-F1-word_pair-D,3169,word_pair,"[{""coefficient"":1,""condition"":""F1-D-H""},{""coefficient"":-1,""condition"":""F1-D-O""}]",ab_forward/answer_sum,-0.5069847106933594,0.002685546875,negative,False,within_arm_pair,1
ELS-3169-F1-word_pair-D,3169,word_pair,"[{""coefficient"":1,""condition"":""F1-D-H""},{""coefficient"":-1,""condition"":""F1-D-O""}]",ab_forward/answer_mean,-0.2534923553466797,0.002685546875,negative,False,within_arm_pair,1
ELS-3169-F1-word_pair-D,3169,word_pair,"[{""coefficient"":1,""condition"":""F1-D-H""},{""coefficient"":-1,""condition"":""F1-D-O""}]",ab_forward/total_with_eos,-0.5069847106933594,0.002685546875,negative,False,within_arm_pair,1
ELS-3169-F1-word_pair-D,3169,word_pair,"[{""coefficient"":1,""condition"":""F1-D-H""},{""coefficient"":-1,""condition"":""F1-D-O""}]",ab_forward/mean_with_eos,-0.16899490356445268,0.002685546875,negative,False,within_arm_pair,1
ELS-3169-F1-word_pair-D,3169,word_pair,"[{""coefficient"":1,""condition"":""F1-D-H""},{""coefficient"":-1,""condition"":""F1-D-O""}]",ab_reverse/answer_sum,-0.2565269470214844,0.002685546875,negative,False,within_arm_pair,1
ELS-3169-F1-word_pair-D,3169,word_pair,"[{""coefficient"":1,""condition"":""F1-D-H""},{""coefficient"":-1,""condition"":""F1-D-O""}]",ab_reverse/answer_mean,-0.1282634735107422,0.002685546875,negative,False,within_arm_pair,1
ELS-3169-F1-word_pair-D,3169,word_pair,"[{""coefficient"":1,""condition"":""F1-D-H""},{""coefficient"":-1,""condition"":""F1-D-O""}]",ab_reverse/total_with_eos,-0.2565269470214844,0.002685546875,negative,False,within_arm_pair,1
ELS-3169-F1-word_pair-D,3169,word_pair,"[{""coefficient"":1,""condition"":""F1-D-H""},{""coefficient"":-1,""condition"":""F1-D-O""}]",ab_reverse/mean_with_eos,-0.08550898234049509,0.002685546875,negative,False,within_arm_pair,1
ELS-3169-F1-word_pair-D,3169,word_pair,"[{""coefficient"":1,""condition"":""F1-D-H""},{""coefficient"":-1,""condition"":""F1-D-O""}]",ncc,0.11284253827988078,0.00537109375,positive,False,within_arm_pair,1
ELS-3169-F1-word_pair-D,3169,word_pair,"[{""coefficient"":1,""condition"":""F1-D-H""},{""coefficient"":-1,""condition"":""F1-D-O""}]",background,-0.03281451297063587,0.002685546875,negative,False,within_arm_pair,1
ELS-3169-F1-word_pair-D,3169,word_pair,"[{""coefficient"":1,""condition"":""F1-D-H""},{""coefficient"":-1,""condition"":""F1-D-O""}]",ab_symmetric_sum,-0.3817558288574219,0.002685546875,negative,False,within_arm_pair,1
ELS-3169-F1-word_pair-D,3169,word_pair,"[{""coefficient"":1,""condition"":""F1-D-H""},{""coefficient"":-1,""condition"":""F1-D-O""}]",ab_mapping_gap_sum,-0.250457763671875,0.00537109375,negative,False,within_arm_pair,1
ELS-3169-F1-word_pair-N1,3169,word_pair,"[{""coefficient"":1,""condition"":""F1-N1-H""},{""coefficient"":-1,""condition"":""F1-N1-O""}]",original/answer_sum,0.14519882202148438,0.002685546875,positive,False,within_arm_pair,1
ELS-3169-F1-word_pair-N1,3169,word_pair,"[{""coefficient"":1,""condition"":""F1-N1-H""},{""coefficient"":-1,""condition"":""F1-N1-O""}]",original/answer_mean,0.04839960734049509,0.002685546875,positive,False,within_arm_pair,1
ELS-3169-F1-word_pair-N1,3169,word_pair,"[{""coefficient"":1,""condition"":""F1-N1-H""},{""coefficient"":-1,""condition"":""F1-N1-O""}]",original/total_with_eos,0.14519882202148438,0.002685546875,positive,False,within_arm_pair,1
ELS-3169-F1-word_pair-N1,3169,word_pair,"[{""coefficient"":1,""condition"":""F1-N1-H""},{""coefficient"":-1,""condition"":""F1-N1-O""}]",original/mean_with_eos,0.036299705505371094,0.002685546875,positive,False,within_arm_pair,1
ELS-3169-F1-word_pair-N1,3169,word_pair,"[{""coefficient"":1,""condition"":""F1-N1-H""},{""coefficient"":-1,""condition"":""F1-N1-O""}]",ab_forward/answer_sum,-0.7461967468261719,0.002685546875,negative,False,within_arm_pair,1
ELS-3169-F1-word_pair-N1,3169,word_pair,"[{""coefficient"":1,""condition"":""F1-N1-H""},{""coefficient"":-1,""condition"":""F1-N1-O""}]",ab_forward/answer_mean,-0.37309837341308594,0.002685546875,negative,False,within_arm_pair,1
ELS-3169-F1-word_pair-N1,3169,word_pair,"[{""coefficient"":1,""condition"":""F1-N1-H""},{""coefficient"":-1,""condition"":""F1-N1-O""}]",ab_forward/total_with_eos,-0.7461967468261719,0.002685546875,negative,False,within_arm_pair,1
ELS-3169-F1-word_pair-N1,3169,word_pair,"[{""coefficient"":1,""condition"":""F1-N1-H""},{""coefficient"":-1,""condition"":""F1-N1-O""}]",ab_forward/mean_with_eos,-0.2487322489420576,0.002685546875,negative,False,within_arm_pair,1
ELS-3169-F1-word_pair-N1,3169,word_pair,"[{""coefficient"":1,""condition"":""F1-N1-H""},{""coefficient"":-1,""condition"":""F1-N1-O""}]",ab_reverse/answer_sum,-0.8745956420898438,0.002685546875,negative,False,within_arm_pair,1
ELS-3169-F1-word_pair-N1,3169,word_pair,"[{""coefficient"":1,""condition"":""F1-N1-H""},{""coefficient"":-1,""condition"":""F1-N1-O""}]",ab_reverse/answer_mean,-0.4372978210449219,0.002685546875,negative,False,within_arm_pair,1
ELS-3169-F1-word_pair-N1,3169,word_pair,"[{""coefficient"":1,""condition"":""F1-N1-H""},{""coefficient"":-1,""condition"":""F1-N1-O""}]",ab_reverse/total_with_eos,-0.8745956420898438,0.002685546875,negative,False,within_arm_pair,1
ELS-3169-F1-word_pair-N1,3169,word_pair,"[{""coefficient"":1,""condition"":""F1-N1-H""},{""coefficient"":-1,""condition"":""F1-N1-O""}]",ab_reverse/mean_with_eos,-0.2915318806966152,0.002685546875,negative,False,within_arm_pair,1
ELS-3169-F1-word_pair-N1,3169,word_pair,"[{""coefficient"":1,""condition"":""F1-N1-H""},{""coefficient"":-1,""condition"":""F1-N1-O""}]",ncc,0.09394487865108658,0.00537109375,positive,False,within_arm_pair,1
ELS-3169-F1-word_pair-N1,3169,word_pair,"[{""coefficient"":1,""condition"":""F1-N1-H""},{""coefficient"":-1,""condition"":""F1-N1-O""}]",background,-0.045545271310591495,0.002685546875,negative,False,within_arm_pair,1
ELS-3169-F1-word_pair-N1,3169,word_pair,"[{""coefficient"":1,""condition"":""F1-N1-H""},{""coefficient"":-1,""condition"":""F1-N1-O""}]",ab_symmetric_sum,-0.8103961944580078,0.002685546875,negative,False,within_arm_pair,1
ELS-3169-F1-word_pair-N1,3169,word_pair,"[{""coefficient"":1,""condition"":""F1-N1-H""},{""coefficient"":-1,""condition"":""F1-N1-O""}]",ab_mapping_gap_sum,0.12839889526367188,0.00537109375,positive,False,within_arm_pair,1
ELS-3169-F1-word_pair-E1,3169,word_pair,"[{""coefficient"":1,""condition"":""F1-E1-H""},{""coefficient"":-1,""condition"":""F1-E1-O""}]",original/answer_sum,0.2809104919433594,0.002685546875,positive,False,within_arm_pair,1
ELS-3169-F1-word_pair-E1,3169,word_pair,"[{""coefficient"":1,""condition"":""F1-E1-H""},{""coefficient"":-1,""condition"":""F1-E1-O""}]",original/answer_mean,0.0936363220214842,0.002685546875,positive,False,within_arm_pair,1
ELS-3169-F1-word_pair-E1,3169,word_pair,"[{""coefficient"":1,""condition"":""F1-E1-H""},{""coefficient"":-1,""condition"":""F1-E1-O""}]",original/total_with_eos,0.2809104919433594,0.002685546875,positive,False,within_arm_pair,1
ELS-3169-F1-word_pair-E1,3169,word_pair,"[{""coefficient"":1,""condition"":""F1-E1-H""},{""coefficient"":-1,""condition"":""F1-E1-O""}]",original/mean_with_eos,0.0702273050944009,0.002685546875,positive,False,within_arm_pair,1
ELS-3169-F1-word_pair-E1,3169,word_pair,"[{""coefficient"":1,""condition"":""F1-E1-H""},{""coefficient"":-1,""condition"":""F1-E1-O""}]",ab_forward/answer_sum,-0.7825813293457031,0.002685546875,negative,False,within_arm_pair,1
ELS-3169-F1-word_pair-E1,3169,word_pair,"[{""coefficient"":1,""condition"":""F1-E1-H""},{""coefficient"":-1,""condition"":""F1-E1-O""}]",ab_forward/answer_mean,-0.39129066467285156,0.002685546875,negative,False,within_arm_pair,1
ELS-3169-F1-word_pair-E1,3169,word_pair,"[{""coefficient"":1,""condition"":""F1-E1-H""},{""coefficient"":-1,""condition"":""F1-E1-O""}]",ab_forward/total_with_eos,-0.7825813293457031,0.002685546875,negative,False,within_arm_pair,1
ELS-3169-F1-word_pair-E1,3169,word_pair,"[{""coefficient"":1,""condition"":""F1-E1-H""},{""coefficient"":-1,""condition"":""F1-E1-O""}]",ab_forward/mean_with_eos,-0.2608604431152344,0.002685546875,negative,False,within_arm_pair,1
ELS-3169-F1-word_pair-E1,3169,word_pair,"[{""coefficient"":1,""condition"":""F1-E1-H""},{""coefficient"":-1,""condition"":""F1-E1-O""}]",ab_reverse/answer_sum,-1.0333480834960938,0.002685546875,negative,False,within_arm_pair,1
ELS-3169-F1-word_pair-E1,3169,word_pair,"[{""coefficient"":1,""condition"":""F1-E1-H""},{""coefficient"":-1,""condition"":""F1-E1-O""}]",ab_reverse/answer_mean,-0.5166740417480469,0.002685546875,negative,False,within_arm_pair,1
ELS-3169-F1-word_pair-E1,3169,word_pair,"[{""coefficient"":1,""condition"":""F1-E1-H""},{""coefficient"":-1,""condition"":""F1-E1-O""}]",ab_reverse/total_with_eos,-1.0333480834960938,0.002685546875,negative,False,within_arm_pair,1
ELS-3169-F1-word_pair-E1,3169,word_pair,"[{""coefficient"":1,""condition"":""F1-E1-H""},{""coefficient"":-1,""condition"":""F1-E1-O""}]",ab_reverse/mean_with_eos,-0.3444493611653652,0.002685546875,negative,False,within_arm_pair,1
ELS-3169-F1-word_pair-E1,3169,word_pair,"[{""coefficient"":1,""condition"":""F1-E1-H""},{""coefficient"":-1,""condition"":""F1-E1-O""}]",ncc,0.12206253772737696,0.00537109375,positive,False,within_arm_pair,1
ELS-3169-F1-word_pair-E1,3169,word_pair,"[{""coefficient"":1,""condition"":""F1-E1-H""},{""coefficient"":-1,""condition"":""F1-E1-O""}]",background,-0.028426215705892766,0.002685546875,negative,False,within_arm_pair,1
ELS-3169-F1-word_pair-E1,3169,word_pair,"[{""coefficient"":1,""condition"":""F1-E1-H""},{""coefficient"":-1,""condition"":""F1-E1-O""}]",ab_symmetric_sum,-0.9079647064208984,0.002685546875,negative,False,within_arm_pair,1
ELS-3169-F1-word_pair-E1,3169,word_pair,"[{""coefficient"":1,""condition"":""F1-E1-H""},{""coefficient"":-1,""condition"":""F1-E1-O""}]",ab_mapping_gap_sum,0.2507667541503906,0.00537109375,positive,False,within_arm_pair,1
ELS-3169-F1-word_pair-N2,3169,word_pair,"[{""coefficient"":1,""condition"":""F1-N2-H""},{""coefficient"":-1,""condition"":""F1-N2-O""}]",original/answer_sum,0.17837142944335938,0.002685546875,positive,False,within_arm_pair,1
ELS-3169-F1-word_pair-N2,3169,word_pair,"[{""coefficient"":1,""condition"":""F1-N2-H""},{""coefficient"":-1,""condition"":""F1-N2-O""}]",original/answer_mean,0.05945714314778616,0.002685546875,positive,False,within_arm_pair,1
ELS-3169-F1-word_pair-N2,3169,word_pair,"[{""coefficient"":1,""condition"":""F1-N2-H""},{""coefficient"":-1,""condition"":""F1-N2-O""}]",original/total_with_eos,0.17837142944335938,0.002685546875,positive,False,within_arm_pair,1
ELS-3169-F1-word_pair-N2,3169,word_pair,"[{""coefficient"":1,""condition"":""F1-N2-H""},{""coefficient"":-1,""condition"":""F1-N2-O""}]",original/mean_with_eos,0.044592857360839844,0.002685546875,positive,False,within_arm_pair,1
ELS-3169-F1-word_pair-N2,3169,word_pair,"[{""coefficient"":1,""condition"":""F1-N2-H""},{""coefficient"":-1,""condition"":""F1-N2-O""}]",ab_forward/answer_sum,-0.735565185546875,0.002685546875,negative,False,within_arm_pair,1
ELS-3169-F1-word_pair-N2,3169,word_pair,"[{""coefficient"":1,""condition"":""F1-N2-H""},{""coefficient"":-1,""condition"":""F1-N2-O""}]",ab_forward/answer_mean,-0.3677825927734375,0.002685546875,negative,False,within_arm_pair,1
ELS-3169-F1-word_pair-N2,3169,word_pair,"[{""coefficient"":1,""condition"":""F1-N2-H""},{""coefficient"":-1,""condition"":""F1-N2-O""}]",ab_forward/total_with_eos,-0.735565185546875,0.002685546875,negative,False,within_arm_pair,1
ELS-3169-F1-word_pair-N2,3169,word_pair,"[{""coefficient"":1,""condition"":""F1-N2-H""},{""coefficient"":-1,""condition"":""F1-N2-O""}]",ab_forward/mean_with_eos,-0.24518839518229196,0.002685546875,negative,False,within_arm_pair,1
ELS-3169-F1-word_pair-N2,3169,word_pair,"[{""coefficient"":1,""condition"":""F1-N2-H""},{""coefficient"":-1,""condition"":""F1-N2-O""}]",ab_reverse/answer_sum,-0.9854927062988281,0.002685546875,negative,False,within_arm_pair,1
ELS-3169-F1-word_pair-N2,3169,word_pair,"[{""coefficient"":1,""condition"":""F1-N2-H""},{""coefficient"":-1,""condition"":""F1-N2-O""}]",ab_reverse/answer_mean,-0.49274635314941406,0.002685546875,negative,False,within_arm_pair,1
ELS-3169-F1-word_pair-N2,3169,word_pair,"[{""coefficient"":1,""condition"":""F1-N2-H""},{""coefficient"":-1,""condition"":""F1-N2-O""}]",ab_reverse/total_with_eos,-0.9854927062988281,0.002685546875,negative,False,within_arm_pair,1
ELS-3169-F1-word_pair-N2,3169,word_pair,"[{""coefficient"":1,""condition"":""F1-N2-H""},{""coefficient"":-1,""condition"":""F1-N2-O""}]",ab_reverse/mean_with_eos,-0.32849756876627634,0.002685546875,negative,False,within_arm_pair,1
ELS-3169-F1-word_pair-N2,3169,word_pair,"[{""coefficient"":1,""condition"":""F1-N2-H""},{""coefficient"":-1,""condition"":""F1-N2-O""}]",ncc,0.1053821816110796,0.00537109375,positive,False,within_arm_pair,1
ELS-3169-F1-word_pair-N2,3169,word_pair,"[{""coefficient"":1,""condition"":""F1-N2-H""},{""coefficient"":-1,""condition"":""F1-N2-O""}]",background,-0.04592503846329343,0.002685546875,negative,False,within_arm_pair,1
ELS-3169-F1-word_pair-N2,3169,word_pair,"[{""coefficient"":1,""condition"":""F1-N2-H""},{""coefficient"":-1,""condition"":""F1-N2-O""}]",ab_symmetric_sum,-0.8605289459228516,0.002685546875,negative,False,within_arm_pair,1
ELS-3169-F1-word_pair-N2,3169,word_pair,"[{""coefficient"":1,""condition"":""F1-N2-H""},{""coefficient"":-1,""condition"":""F1-N2-O""}]",ab_mapping_gap_sum,0.24992752075195312,0.00537109375,positive,False,within_arm_pair,1
ELS-3169-F1-word_pair-E2,3169,word_pair,"[{""coefficient"":1,""condition"":""F1-E2-H""},{""coefficient"":-1,""condition"":""F1-E2-O""}]",original/answer_sum,0.3702507019042969,0.002685546875,positive,False,within_arm_pair,1
ELS-3169-F1-word_pair-E2,3169,word_pair,"[{""coefficient"":1,""condition"":""F1-E2-H""},{""coefficient"":-1,""condition"":""F1-E2-O""}]",original/answer_mean,0.12341639200846366,0.002685546875,positive,False,within_arm_pair,1
ELS-3169-F1-word_pair-E2,3169,word_pair,"[{""coefficient"":1,""condition"":""F1-E2-H""},{""coefficient"":-1,""condition"":""F1-E2-O""}]",original/total_with_eos,0.3702507019042969,0.002685546875,positive,False,within_arm_pair,1
ELS-3169-F1-word_pair-E2,3169,word_pair,"[{""coefficient"":1,""condition"":""F1-E2-H""},{""coefficient"":-1,""condition"":""F1-E2-O""}]",original/mean_with_eos,0.09256235758463527,0.002685546875,positive,False,within_arm_pair,1
ELS-3169-F1-word_pair-E2,3169,word_pair,"[{""coefficient"":1,""condition"":""F1-E2-H""},{""coefficient"":-1,""condition"":""F1-E2-O""}]",ab_forward/answer_sum,-0.6771697998046875,0.002685546875,negative,False,within_arm_pair,1
ELS-3169-F1-word_pair-E2,3169,word_pair,"[{""coefficient"":1,""condition"":""F1-E2-H""},{""coefficient"":-1,""condition"":""F1-E2-O""}]",ab_forward/answer_mean,-0.33858489990234375,0.002685546875,negative,False,within_arm_pair,1
ELS-3169-F1-word_pair-E2,3169,word_pair,"[{""coefficient"":1,""condition"":""F1-E2-H""},{""coefficient"":-1,""condition"":""F1-E2-O""}]",ab_forward/total_with_eos,-0.6771697998046875,0.002685546875,negative,False,within_arm_pair,1
ELS-3169-F1-word_pair-E2,3169,word_pair,"[{""coefficient"":1,""condition"":""F1-E2-H""},{""coefficient"":-1,""condition"":""F1-E2-O""}]",ab_forward/mean_with_eos,-0.2257232666015616,0.002685546875,negative,False,within_arm_pair,1
ELS-3169-F1-word_pair-E2,3169,word_pair,"[{""coefficient"":1,""condition"":""F1-E2-H""},{""coefficient"":-1,""condition"":""F1-E2-O""}]",ab_reverse/answer_sum,-1.1645965576171875,0.002685546875,negative,False,within_arm_pair,1
ELS-3169-F1-word_pair-E2,3169,word_pair,"[{""coefficient"":1,""condition"":""F1-E2-H""},{""coefficient"":-1,""condition"":""F1-E2-O""}]",ab_reverse/answer_mean,-0.5822982788085938,0.002685546875,negative,False,within_arm_pair,1
ELS-3169-F1-word_pair-E2,3169,word_pair,"[{""coefficient"":1,""condition"":""F1-E2-H""},{""coefficient"":-1,""condition"":""F1-E2-O""}]",ab_reverse/total_with_eos,-1.1645965576171875,0.002685546875,negative,False,within_arm_pair,1
ELS-3169-F1-word_pair-E2,3169,word_pair,"[{""coefficient"":1,""condition"":""F1-E2-H""},{""coefficient"":-1,""condition"":""F1-E2-O""}]",ab_reverse/mean_with_eos,-0.3881988525390625,0.002685546875,negative,False,within_arm_pair,1
ELS-3169-F1-word_pair-E2,3169,word_pair,"[{""coefficient"":1,""condition"":""F1-E2-H""},{""coefficient"":-1,""condition"":""F1-E2-O""}]",ncc,0.14632447445938945,0.00537109375,positive,False,within_arm_pair,1
ELS-3169-F1-word_pair-E2,3169,word_pair,"[{""coefficient"":1,""condition"":""F1-E2-H""},{""coefficient"":-1,""condition"":""F1-E2-O""}]",background,-0.022908082450925793,0.002685546875,negative,False,within_arm_pair,1
ELS-3169-F1-word_pair-E2,3169,word_pair,"[{""coefficient"":1,""condition"":""F1-E2-H""},{""coefficient"":-1,""condition"":""F1-E2-O""}]",ab_symmetric_sum,-0.9208831787109375,0.002685546875,negative,False,within_arm_pair,1
ELS-3169-F1-word_pair-E2,3169,word_pair,"[{""coefficient"":1,""condition"":""F1-E2-H""},{""coefficient"":-1,""condition"":""F1-E2-O""}]",ab_mapping_gap_sum,0.4874267578125,0.00537109375,positive,False,within_arm_pair,1
ELS-3169-F1-word_pair-P1,3169,word_pair,"[{""coefficient"":1,""condition"":""F1-P1-H""},{""coefficient"":-1,""condition"":""F1-P1-O""}]",original/answer_sum,-0.6965866088867188,0.002685546875,negative,False,within_arm_pair,1
ELS-3169-F1-word_pair-P1,3169,word_pair,"[{""coefficient"":1,""condition"":""F1-P1-H""},{""coefficient"":-1,""condition"":""F1-P1-O""}]",original/answer_mean,-0.15002899169921868,0.002685546875,negative,False,within_arm_pair,1
ELS-3169-F1-word_pair-P1,3169,word_pair,"[{""coefficient"":1,""condition"":""F1-P1-H""},{""coefficient"":-1,""condition"":""F1-P1-O""}]",original/total_with_eos,-0.6965866088867188,0.002685546875,negative,False,within_arm_pair,1
ELS-3169-F1-word_pair-P1,3169,word_pair,"[{""coefficient"":1,""condition"":""F1-P1-H""},{""coefficient"":-1,""condition"":""F1-P1-O""}]",original/mean_with_eos,-0.12279256184895837,0.002685546875,negative,False,within_arm_pair,1
ELS-3169-F1-word_pair-P1,3169,word_pair,"[{""coefficient"":1,""condition"":""F1-P1-H""},{""coefficient"":-1,""condition"":""F1-P1-O""}]",ab_forward/answer_sum,-1.6587600708007812,0.002685546875,negative,False,within_arm_pair,1
ELS-3169-F1-word_pair-P1,3169,word_pair,"[{""coefficient"":1,""condition"":""F1-P1-H""},{""coefficient"":-1,""condition"":""F1-P1-O""}]",ab_forward/answer_mean,-0.8293800354003906,0.002685546875,negative,False,within_arm_pair,1
ELS-3169-F1-word_pair-P1,3169,word_pair,"[{""coefficient"":1,""condition"":""F1-P1-H""},{""coefficient"":-1,""condition"":""F1-P1-O""}]",ab_forward/total_with_eos,-1.6587600708007812,0.002685546875,negative,False,within_arm_pair,1
ELS-3169-F1-word_pair-P1,3169,word_pair,"[{""coefficient"":1,""condition"":""F1-P1-H""},{""coefficient"":-1,""condition"":""F1-P1-O""}]",ab_forward/mean_with_eos,-0.5529200236002603,0.002685546875,negative,False,within_arm_pair,1
ELS-3169-F1-word_pair-P1,3169,word_pair,"[{""coefficient"":1,""condition"":""F1-P1-H""},{""coefficient"":-1,""condition"":""F1-P1-O""}]",ab_reverse/answer_sum,-3.409198760986328,0.002685546875,negative,False,within_arm_pair,1
ELS-3169-F1-word_pair-P1,3169,word_pair,"[{""coefficient"":1,""condition"":""F1-P1-H""},{""coefficient"":-1,""condition"":""F1-P1-O""}]",ab_reverse/answer_mean,-1.704599380493164,0.002685546875,negative,False,within_arm_pair,1
ELS-3169-F1-word_pair-P1,3169,word_pair,"[{""coefficient"":1,""condition"":""F1-P1-H""},{""coefficient"":-1,""condition"":""F1-P1-O""}]",ab_reverse/total_with_eos,-3.409198760986328,0.002685546875,negative,False,within_arm_pair,1
ELS-3169-F1-word_pair-P1,3169,word_pair,"[{""coefficient"":1,""condition"":""F1-P1-H""},{""coefficient"":-1,""condition"":""F1-P1-O""}]",ab_reverse/mean_with_eos,-1.1363995869954426,0.002685546875,negative,False,within_arm_pair,1
ELS-3169-F1-word_pair-P1,3169,word_pair,"[{""coefficient"":1,""condition"":""F1-P1-H""},{""coefficient"":-1,""condition"":""F1-P1-O""}]",ncc,-0.03414002393393778,0.00537109375,negative,False,within_arm_pair,1
ELS-3169-F1-word_pair-P1,3169,word_pair,"[{""coefficient"":1,""condition"":""F1-P1-H""},{""coefficient"":-1,""condition"":""F1-P1-O""}]",background,-0.11588896776528079,0.002685546875,negative,False,within_arm_pair,1
ELS-3169-F1-word_pair-P1,3169,word_pair,"[{""coefficient"":1,""condition"":""F1-P1-H""},{""coefficient"":-1,""condition"":""F1-P1-O""}]",ab_symmetric_sum,-2.5339794158935547,0.002685546875,negative,False,within_arm_pair,1
ELS-3169-F1-word_pair-P1,3169,word_pair,"[{""coefficient"":1,""condition"":""F1-P1-H""},{""coefficient"":-1,""condition"":""F1-P1-O""}]",ab_mapping_gap_sum,1.7504386901855469,0.00537109375,positive,False,within_arm_pair,1
ELS-3169-F1-word_pair-X1,3169,word_pair,"[{""coefficient"":1,""condition"":""F1-X1-H""},{""coefficient"":-1,""condition"":""F1-X1-O""}]",original/answer_sum,-1.088043212890625,0.002685546875,negative,False,within_arm_pair,1
ELS-3169-F1-word_pair-X1,3169,word_pair,"[{""coefficient"":1,""condition"":""F1-X1-H""},{""coefficient"":-1,""condition"":""F1-X1-O""}]",original/answer_mean,-0.27003377278645835,0.002685546875,negative,False,within_arm_pair,1
ELS-3169-F1-word_pair-X1,3169,word_pair,"[{""coefficient"":1,""condition"":""F1-X1-H""},{""coefficient"":-1,""condition"":""F1-X1-O""}]",original/total_with_eos,-1.088043212890625,0.002685546875,negative,False,within_arm_pair,1
ELS-3169-F1-word_pair-X1,3169,word_pair,"[{""coefficient"":1,""condition"":""F1-X1-H""},{""coefficient"":-1,""condition"":""F1-X1-O""}]",original/mean_with_eos,-0.21410624186197916,0.002685546875,negative,False,within_arm_pair,1
ELS-3169-F1-word_pair-X1,3169,word_pair,"[{""coefficient"":1,""condition"":""F1-X1-H""},{""coefficient"":-1,""condition"":""F1-X1-O""}]",ab_forward/answer_sum,-2.7030792236328125,0.002685546875,negative,False,within_arm_pair,1
ELS-3169-F1-word_pair-X1,3169,word_pair,"[{""coefficient"":1,""condition"":""F1-X1-H""},{""coefficient"":-1,""condition"":""F1-X1-O""}]",ab_forward/answer_mean,-1.3515396118164062,0.002685546875,negative,False,within_arm_pair,1
ELS-3169-F1-word_pair-X1,3169,word_pair,"[{""coefficient"":1,""condition"":""F1-X1-H""},{""coefficient"":-1,""condition"":""F1-X1-O""}]",ab_forward/total_with_eos,-2.7030792236328125,0.002685546875,negative,False,within_arm_pair,1
ELS-3169-F1-word_pair-X1,3169,word_pair,"[{""coefficient"":1,""condition"":""F1-X1-H""},{""coefficient"":-1,""condition"":""F1-X1-O""}]",ab_forward/mean_with_eos,-0.9010264078776045,0.002685546875,negative,False,within_arm_pair,1
ELS-3169-F1-word_pair-X1,3169,word_pair,"[{""coefficient"":1,""condition"":""F1-X1-H""},{""coefficient"":-1,""condition"":""F1-X1-O""}]",ab_reverse/answer_sum,-3.5001602172851562,0.002685546875,negative,False,within_arm_pair,1
ELS-3169-F1-word_pair-X1,3169,word_pair,"[{""coefficient"":1,""condition"":""F1-X1-H""},{""coefficient"":-1,""condition"":""F1-X1-O""}]",ab_reverse/answer_mean,-1.7500801086425781,0.002685546875,negative,False,within_arm_pair,1
ELS-3169-F1-word_pair-X1,3169,word_pair,"[{""coefficient"":1,""condition"":""F1-X1-H""},{""coefficient"":-1,""condition"":""F1-X1-O""}]",ab_reverse/total_with_eos,-3.5001602172851562,0.002685546875,negative,False,within_arm_pair,1
ELS-3169-F1-word_pair-X1,3169,word_pair,"[{""coefficient"":1,""condition"":""F1-X1-H""},{""coefficient"":-1,""condition"":""F1-X1-O""}]",ab_reverse/mean_with_eos,-1.1667200724283857,0.002685546875,negative,False,within_arm_pair,1
ELS-3169-F1-word_pair-X1,3169,word_pair,"[{""coefficient"":1,""condition"":""F1-X1-H""},{""coefficient"":-1,""condition"":""F1-X1-O""}]",ncc,-0.16631740123790584,0.00537109375,negative,False,within_arm_pair,1
ELS-3169-F1-word_pair-X1,3169,word_pair,"[{""coefficient"":1,""condition"":""F1-X1-H""},{""coefficient"":-1,""condition"":""F1-X1-O""}]",background,-0.10371637154855273,0.002685546875,negative,False,within_arm_pair,1
ELS-3169-F1-word_pair-X1,3169,word_pair,"[{""coefficient"":1,""condition"":""F1-X1-H""},{""coefficient"":-1,""condition"":""F1-X1-O""}]",ab_symmetric_sum,-3.1016197204589844,0.002685546875,negative,False,within_arm_pair,1
ELS-3169-F1-word_pair-X1,3169,word_pair,"[{""coefficient"":1,""condition"":""F1-X1-H""},{""coefficient"":-1,""condition"":""F1-X1-O""}]",ab_mapping_gap_sum,0.7970809936523438,0.00537109375,positive,False,within_arm_pair,1
ELS-3169-F1-word_pair-P2,3169,word_pair,"[{""coefficient"":1,""condition"":""F1-P2-H""},{""coefficient"":-1,""condition"":""F1-P2-O""}]",original/answer_sum,-0.5607719421386719,0.002685546875,negative,False,within_arm_pair,1
ELS-3169-F1-word_pair-P2,3169,word_pair,"[{""coefficient"":1,""condition"":""F1-P2-H""},{""coefficient"":-1,""condition"":""F1-P2-O""}]",original/answer_mean,-0.11955286661783854,0.002685546875,negative,False,within_arm_pair,1
ELS-3169-F1-word_pair-P2,3169,word_pair,"[{""coefficient"":1,""condition"":""F1-P2-H""},{""coefficient"":-1,""condition"":""F1-P2-O""}]",original/total_with_eos,-0.5607719421386719,0.002685546875,negative,False,within_arm_pair,1
ELS-3169-F1-word_pair-P2,3169,word_pair,"[{""coefficient"":1,""condition"":""F1-P2-H""},{""coefficient"":-1,""condition"":""F1-P2-O""}]",original/mean_with_eos,-0.09808603922526038,0.002685546875,negative,False,within_arm_pair,1
ELS-3169-F1-word_pair-P2,3169,word_pair,"[{""coefficient"":1,""condition"":""F1-P2-H""},{""coefficient"":-1,""condition"":""F1-P2-O""}]",ab_forward/answer_sum,-1.2919578552246094,0.002685546875,negative,False,within_arm_pair,1
ELS-3169-F1-word_pair-P2,3169,word_pair,"[{""coefficient"":1,""condition"":""F1-P2-H""},{""coefficient"":-1,""condition"":""F1-P2-O""}]",ab_forward/answer_mean,-0.6459789276123047,0.002685546875,negative,False,within_arm_pair,1
ELS-3169-F1-word_pair-P2,3169,word_pair,"[{""coefficient"":1,""condition"":""F1-P2-H""},{""coefficient"":-1,""condition"":""F1-P2-O""}]",ab_forward/total_with_eos,-1.2919578552246094,0.002685546875,negative,False,within_arm_pair,1
ELS-3169-F1-word_pair-P2,3169,word_pair,"[{""coefficient"":1,""condition"":""F1-P2-H""},{""coefficient"":-1,""condition"":""F1-P2-O""}]",ab_forward/mean_with_eos,-0.4306526184082031,0.002685546875,negative,False,within_arm_pair,1
ELS-3169-F1-word_pair-P2,3169,word_pair,"[{""coefficient"":1,""condition"":""F1-P2-H""},{""coefficient"":-1,""condition"":""F1-P2-O""}]",ab_reverse/answer_sum,-3.9961318969726562,0.002685546875,negative,False,within_arm_pair,1
ELS-3169-F1-word_pair-P2,3169,word_pair,"[{""coefficient"":1,""condition"":""F1-P2-H""},{""coefficient"":-1,""condition"":""F1-P2-O""}]",ab_reverse/answer_mean,-1.9980659484863281,0.002685546875,negative,False,within_arm_pair,1
ELS-3169-F1-word_pair-P2,3169,word_pair,"[{""coefficient"":1,""condition"":""F1-P2-H""},{""coefficient"":-1,""condition"":""F1-P2-O""}]",ab_reverse/total_with_eos,-3.9961318969726562,0.002685546875,negative,False,within_arm_pair,1
ELS-3169-F1-word_pair-P2,3169,word_pair,"[{""coefficient"":1,""condition"":""F1-P2-H""},{""coefficient"":-1,""condition"":""F1-P2-O""}]",ab_reverse/mean_with_eos,-1.3320439656575522,0.002685546875,negative,False,within_arm_pair,1
ELS-3169-F1-word_pair-P2,3169,word_pair,"[{""coefficient"":1,""condition"":""F1-P2-H""},{""coefficient"":-1,""condition"":""F1-P2-O""}]",ncc,-0.0014200638011883093,0.00537109375,unresolved,False,within_arm_pair,1
ELS-3169-F1-word_pair-P2,3169,word_pair,"[{""coefficient"":1,""condition"":""F1-P2-H""},{""coefficient"":-1,""condition"":""F1-P2-O""}]",background,-0.11813280281665062,0.002685546875,negative,False,within_arm_pair,1
ELS-3169-F1-word_pair-P2,3169,word_pair,"[{""coefficient"":1,""condition"":""F1-P2-H""},{""coefficient"":-1,""condition"":""F1-P2-O""}]",ab_symmetric_sum,-2.644044876098633,0.002685546875,negative,False,within_arm_pair,1
ELS-3169-F1-word_pair-P2,3169,word_pair,"[{""coefficient"":1,""condition"":""F1-P2-H""},{""coefficient"":-1,""condition"":""F1-P2-O""}]",ab_mapping_gap_sum,2.704174041748047,0.00537109375,positive,False,within_arm_pair,1
ELS-3169-F1-word_pair-X2,3169,word_pair,"[{""coefficient"":1,""condition"":""F1-X2-H""},{""coefficient"":-1,""condition"":""F1-X2-O""}]",original/answer_sum,-1.0466766357421875,0.002685546875,negative,False,within_arm_pair,1
ELS-3169-F1-word_pair-X2,3169,word_pair,"[{""coefficient"":1,""condition"":""F1-X2-H""},{""coefficient"":-1,""condition"":""F1-X2-O""}]",original/answer_mean,-0.2681508382161458,0.002685546875,negative,False,within_arm_pair,1
ELS-3169-F1-word_pair-X2,3169,word_pair,"[{""coefficient"":1,""condition"":""F1-X2-H""},{""coefficient"":-1,""condition"":""F1-X2-O""}]",original/total_with_eos,-1.0466766357421875,0.002685546875,negative,False,within_arm_pair,1
ELS-3169-F1-word_pair-X2,3169,word_pair,"[{""coefficient"":1,""condition"":""F1-X2-H""},{""coefficient"":-1,""condition"":""F1-X2-O""}]",original/mean_with_eos,-0.21120580037434897,0.002685546875,negative,False,within_arm_pair,1
ELS-3169-F1-word_pair-X2,3169,word_pair,"[{""coefficient"":1,""condition"":""F1-X2-H""},{""coefficient"":-1,""condition"":""F1-X2-O""}]",ab_forward/answer_sum,-2.6970481872558594,0.002685546875,negative,False,within_arm_pair,1
ELS-3169-F1-word_pair-X2,3169,word_pair,"[{""coefficient"":1,""condition"":""F1-X2-H""},{""coefficient"":-1,""condition"":""F1-X2-O""}]",ab_forward/answer_mean,-1.3485240936279297,0.002685546875,negative,False,within_arm_pair,1
ELS-3169-F1-word_pair-X2,3169,word_pair,"[{""coefficient"":1,""condition"":""F1-X2-H""},{""coefficient"":-1,""condition"":""F1-X2-O""}]",ab_forward/total_with_eos,-2.6970481872558594,0.002685546875,negative,False,within_arm_pair,1
ELS-3169-F1-word_pair-X2,3169,word_pair,"[{""coefficient"":1,""condition"":""F1-X2-H""},{""coefficient"":-1,""condition"":""F1-X2-O""}]",ab_forward/mean_with_eos,-0.8990160624186196,0.002685546875,negative,False,within_arm_pair,1
ELS-3169-F1-word_pair-X2,3169,word_pair,"[{""coefficient"":1,""condition"":""F1-X2-H""},{""coefficient"":-1,""condition"":""F1-X2-O""}]",ab_reverse/answer_sum,-2.8855857849121094,0.002685546875,negative,False,within_arm_pair,1
ELS-3169-F1-word_pair-X2,3169,word_pair,"[{""coefficient"":1,""condition"":""F1-X2-H""},{""coefficient"":-1,""condition"":""F1-X2-O""}]",ab_reverse/answer_mean,-1.4427928924560547,0.002685546875,negative,False,within_arm_pair,1
ELS-3169-F1-word_pair-X2,3169,word_pair,"[{""coefficient"":1,""condition"":""F1-X2-H""},{""coefficient"":-1,""condition"":""F1-X2-O""}]",ab_reverse/total_with_eos,-2.8855857849121094,0.002685546875,negative,False,within_arm_pair,1
ELS-3169-F1-word_pair-X2,3169,word_pair,"[{""coefficient"":1,""condition"":""F1-X2-H""},{""coefficient"":-1,""condition"":""F1-X2-O""}]",ab_reverse/mean_with_eos,-0.9618619283040364,0.002685546875,negative,False,within_arm_pair,1
ELS-3169-F1-word_pair-X2,3169,word_pair,"[{""coefficient"":1,""condition"":""F1-X2-H""},{""coefficient"":-1,""condition"":""F1-X2-O""}]",ncc,-0.15578678301358728,0.00537109375,negative,False,within_arm_pair,1
ELS-3169-F1-word_pair-X2,3169,word_pair,"[{""coefficient"":1,""condition"":""F1-X2-H""},{""coefficient"":-1,""condition"":""F1-X2-O""}]",background,-0.11236405520255843,0.002685546875,negative,False,within_arm_pair,1
ELS-3169-F1-word_pair-X2,3169,word_pair,"[{""coefficient"":1,""condition"":""F1-X2-H""},{""coefficient"":-1,""condition"":""F1-X2-O""}]",ab_symmetric_sum,-2.7913169860839844,0.002685546875,negative,False,within_arm_pair,1
ELS-3169-F1-word_pair-X2,3169,word_pair,"[{""coefficient"":1,""condition"":""F1-X2-H""},{""coefficient"":-1,""condition"":""F1-X2-O""}]",ab_mapping_gap_sum,0.18853759765625,0.00537109375,positive,False,within_arm_pair,1
ELS-3169-F1-shift_H-O-to-D,3169,shift_H,"[{""coefficient"":1,""condition"":""F1-D-H""},{""coefficient"":-1,""condition"":""F1-O-H""}]",original/answer_sum,14.21237564086914,0.002685546875,positive,False,natural_deletion,1
ELS-3169-F1-shift_H-O-to-D,3169,shift_H,"[{""coefficient"":1,""condition"":""F1-D-H""},{""coefficient"":-1,""condition"":""F1-O-H""}]",original/answer_mean,4.565069834391276,0.002685546875,positive,False,natural_deletion,1
ELS-3169-F1-shift_H-O-to-D,3169,shift_H,"[{""coefficient"":1,""condition"":""F1-D-H""},{""coefficient"":-1,""condition"":""F1-O-H""}]",original/total_with_eos,14.21237564086914,0.002685546875,positive,False,natural_deletion,1
ELS-3169-F1-shift_H-O-to-D,3169,shift_H,"[{""coefficient"":1,""condition"":""F1-D-H""},{""coefficient"":-1,""condition"":""F1-O-H""}]",original/mean_with_eos,3.4453509648640948,0.002685546875,positive,False,natural_deletion,1
ELS-3169-F1-shift_H-O-to-D,3169,shift_H,"[{""coefficient"":1,""condition"":""F1-D-H""},{""coefficient"":-1,""condition"":""F1-O-H""}]",ab_forward/answer_sum,20.183368682861328,0.002685546875,positive,False,natural_deletion,1
ELS-3169-F1-shift_H-O-to-D,3169,shift_H,"[{""coefficient"":1,""condition"":""F1-D-H""},{""coefficient"":-1,""condition"":""F1-O-H""}]",ab_forward/answer_mean,10.091684341430664,0.002685546875,positive,False,natural_deletion,1
ELS-3169-F1-shift_H-O-to-D,3169,shift_H,"[{""coefficient"":1,""condition"":""F1-D-H""},{""coefficient"":-1,""condition"":""F1-O-H""}]",ab_forward/total_with_eos,20.183368682861328,0.002685546875,positive,False,natural_deletion,1
ELS-3169-F1-shift_H-O-to-D,3169,shift_H,"[{""coefficient"":1,""condition"":""F1-D-H""},{""coefficient"":-1,""condition"":""F1-O-H""}]",ab_forward/mean_with_eos,6.727789560953776,0.002685546875,positive,False,natural_deletion,1
ELS-3169-F1-shift_H-O-to-D,3169,shift_H,"[{""coefficient"":1,""condition"":""F1-D-H""},{""coefficient"":-1,""condition"":""F1-O-H""}]",ab_reverse/answer_sum,16.454429626464844,0.002685546875,positive,False,natural_deletion,1
ELS-3169-F1-shift_H-O-to-D,3169,shift_H,"[{""coefficient"":1,""condition"":""F1-D-H""},{""coefficient"":-1,""condition"":""F1-O-H""}]",ab_reverse/answer_mean,8.227214813232422,0.002685546875,positive,False,natural_deletion,1
ELS-3169-F1-shift_H-O-to-D,3169,shift_H,"[{""coefficient"":1,""condition"":""F1-D-H""},{""coefficient"":-1,""condition"":""F1-O-H""}]",ab_reverse/total_with_eos,16.454429626464844,0.002685546875,positive,False,natural_deletion,1
ELS-3169-F1-shift_H-O-to-D,3169,shift_H,"[{""coefficient"":1,""condition"":""F1-D-H""},{""coefficient"":-1,""condition"":""F1-O-H""}]",ab_reverse/mean_with_eos,5.484809875488281,0.002685546875,positive,False,natural_deletion,1
ELS-3169-F1-shift_H-O-to-D,3169,shift_H,"[{""coefficient"":1,""condition"":""F1-D-H""},{""coefficient"":-1,""condition"":""F1-O-H""}]",ncc,4.559394651889944,0.00537109375,positive,False,natural_deletion,1
ELS-3169-F1-shift_H-O-to-D,3169,shift_H,"[{""coefficient"":1,""condition"":""F1-D-H""},{""coefficient"":-1,""condition"":""F1-O-H""}]",background,0.005675182501331477,0.002685546875,positive,False,natural_deletion,1
ELS-3169-F1-shift_H-O-to-D,3169,shift_H,"[{""coefficient"":1,""condition"":""F1-D-H""},{""coefficient"":-1,""condition"":""F1-O-H""}]",ab_symmetric_sum,18.318899154663086,0.002685546875,positive,False,natural_deletion,1
ELS-3169-F1-shift_H-O-to-D,3169,shift_H,"[{""coefficient"":1,""condition"":""F1-D-H""},{""coefficient"":-1,""condition"":""F1-O-H""}]",ab_mapping_gap_sum,3.7289390563964844,0.00537109375,positive,False,natural_deletion,1
ELS-3169-F1-shift_O-O-to-D,3169,shift_O,"[{""coefficient"":1,""condition"":""F1-D-O""},{""coefficient"":-1,""condition"":""F1-O-O""}]",original/answer_sum,13.319957733154297,0.002685546875,positive,False,natural_deletion,1
ELS-3169-F1-shift_O-O-to-D,3169,shift_O,"[{""coefficient"":1,""condition"":""F1-D-O""},{""coefficient"":-1,""condition"":""F1-O-O""}]",original/answer_mean,4.322302500406901,0.002685546875,positive,False,natural_deletion,1
ELS-3169-F1-shift_O-O-to-D,3169,shift_O,"[{""coefficient"":1,""condition"":""F1-D-O""},{""coefficient"":-1,""condition"":""F1-O-O""}]",original/total_with_eos,13.319957733154297,0.002685546875,positive,False,natural_deletion,1
ELS-3169-F1-shift_O-O-to-D,3169,shift_O,"[{""coefficient"":1,""condition"":""F1-D-O""},{""coefficient"":-1,""condition"":""F1-O-O""}]",original/mean_with_eos,3.256437301635742,0.002685546875,positive,False,natural_deletion,1
ELS-3169-F1-shift_O-O-to-D,3169,shift_O,"[{""coefficient"":1,""condition"":""F1-D-O""},{""coefficient"":-1,""condition"":""F1-O-O""}]",ab_forward/answer_sum,17.717884063720703,0.002685546875,positive,False,natural_deletion,1
ELS-3169-F1-shift_O-O-to-D,3169,shift_O,"[{""coefficient"":1,""condition"":""F1-D-O""},{""coefficient"":-1,""condition"":""F1-O-O""}]",ab_forward/answer_mean,8.858942031860352,0.002685546875,positive,False,natural_deletion,1
ELS-3169-F1-shift_O-O-to-D,3169,shift_O,"[{""coefficient"":1,""condition"":""F1-D-O""},{""coefficient"":-1,""condition"":""F1-O-O""}]",ab_forward/total_with_eos,17.717884063720703,0.002685546875,positive,False,natural_deletion,1
ELS-3169-F1-shift_O-O-to-D,3169,shift_O,"[{""coefficient"":1,""condition"":""F1-D-O""},{""coefficient"":-1,""condition"":""F1-O-O""}]",ab_forward/mean_with_eos,5.905961354573568,0.002685546875,positive,False,natural_deletion,1
ELS-3169-F1-shift_O-O-to-D,3169,shift_O,"[{""coefficient"":1,""condition"":""F1-D-O""},{""coefficient"":-1,""condition"":""F1-O-O""}]",ab_reverse/answer_sum,14.663551330566406,0.002685546875,positive,False,natural_deletion,1
ELS-3169-F1-shift_O-O-to-D,3169,shift_O,"[{""coefficient"":1,""condition"":""F1-D-O""},{""coefficient"":-1,""condition"":""F1-O-O""}]",ab_reverse/answer_mean,7.331775665283203,0.002685546875,positive,False,natural_deletion,1
ELS-3169-F1-shift_O-O-to-D,3169,shift_O,"[{""coefficient"":1,""condition"":""F1-D-O""},{""coefficient"":-1,""condition"":""F1-O-O""}]",ab_reverse/total_with_eos,14.663551330566406,0.002685546875,positive,False,natural_deletion,1
ELS-3169-F1-shift_O-O-to-D,3169,shift_O,"[{""coefficient"":1,""condition"":""F1-D-O""},{""coefficient"":-1,""condition"":""F1-O-O""}]",ab_reverse/mean_with_eos,4.887850443522135,0.002685546875,positive,False,natural_deletion,1
ELS-3169-F1-shift_O-O-to-D,3169,shift_O,"[{""coefficient"":1,""condition"":""F1-D-O""},{""coefficient"":-1,""condition"":""F1-O-O""}]",ncc,4.404216755148841,0.00537109375,positive,False,natural_deletion,1
ELS-3169-F1-shift_O-O-to-D,3169,shift_O,"[{""coefficient"":1,""condition"":""F1-D-O""},{""coefficient"":-1,""condition"":""F1-O-O""}]",background,-0.08191425474193981,0.002685546875,negative,False,natural_deletion,1
ELS-3169-F1-shift_O-O-to-D,3169,shift_O,"[{""coefficient"":1,""condition"":""F1-D-O""},{""coefficient"":-1,""condition"":""F1-O-O""}]",ab_symmetric_sum,16.190717697143555,0.002685546875,positive,False,natural_deletion,1
ELS-3169-F1-shift_O-O-to-D,3169,shift_O,"[{""coefficient"":1,""condition"":""F1-D-O""},{""coefficient"":-1,""condition"":""F1-O-O""}]",ab_mapping_gap_sum,3.054332733154297,0.00537109375,positive,False,natural_deletion,1
ELS-3169-F1-interaction-O-to-D,3169,interaction,"[{""coefficient"":1,""condition"":""F1-D-H""},{""coefficient"":-1,""condition"":""F1-D-O""},{""coefficient"":-1,""condition"":""F1-O-H""},{""coefficient"":1,""condition"":""F1-O-O""}]",original/answer_sum,0.8924179077148438,0.00537109375,positive,False,natural_deletion,1
ELS-3169-F1-interaction-O-to-D,3169,interaction,"[{""coefficient"":1,""condition"":""F1-D-H""},{""coefficient"":-1,""condition"":""F1-D-O""},{""coefficient"":-1,""condition"":""F1-O-H""},{""coefficient"":1,""condition"":""F1-O-O""}]",original/answer_mean,0.2427673339843751,0.00537109375,positive,False,natural_deletion,1
ELS-3169-F1-interaction-O-to-D,3169,interaction,"[{""coefficient"":1,""condition"":""F1-D-H""},{""coefficient"":-1,""condition"":""F1-D-O""},{""coefficient"":-1,""condition"":""F1-O-H""},{""coefficient"":1,""condition"":""F1-O-O""}]",original/total_with_eos,0.8924179077148438,0.00537109375,positive,False,natural_deletion,1
ELS-3169-F1-interaction-O-to-D,3169,interaction,"[{""coefficient"":1,""condition"":""F1-D-H""},{""coefficient"":-1,""condition"":""F1-D-O""},{""coefficient"":-1,""condition"":""F1-O-H""},{""coefficient"":1,""condition"":""F1-O-O""}]",original/mean_with_eos,0.1889136632283527,0.00537109375,positive,False,natural_deletion,1
ELS-3169-F1-interaction-O-to-D,3169,interaction,"[{""coefficient"":1,""condition"":""F1-D-H""},{""coefficient"":-1,""condition"":""F1-D-O""},{""coefficient"":-1,""condition"":""F1-O-H""},{""coefficient"":1,""condition"":""F1-O-O""}]",ab_forward/answer_sum,2.465484619140625,0.00537109375,positive,False,natural_deletion,1
ELS-3169-F1-interaction-O-to-D,3169,interaction,"[{""coefficient"":1,""condition"":""F1-D-H""},{""coefficient"":-1,""condition"":""F1-D-O""},{""coefficient"":-1,""condition"":""F1-O-H""},{""coefficient"":1,""condition"":""F1-O-O""}]",ab_forward/answer_mean,1.2327423095703125,0.00537109375,positive,False,natural_deletion,1
ELS-3169-F1-interaction-O-to-D,3169,interaction,"[{""coefficient"":1,""condition"":""F1-D-H""},{""coefficient"":-1,""condition"":""F1-D-O""},{""coefficient"":-1,""condition"":""F1-O-H""},{""coefficient"":1,""condition"":""F1-O-O""}]",ab_forward/total_with_eos,2.465484619140625,0.00537109375,positive,False,natural_deletion,1
ELS-3169-F1-interaction-O-to-D,3169,interaction,"[{""coefficient"":1,""condition"":""F1-D-H""},{""coefficient"":-1,""condition"":""F1-D-O""},{""coefficient"":-1,""condition"":""F1-O-H""},{""coefficient"":1,""condition"":""F1-O-O""}]",ab_forward/mean_with_eos,0.8218282063802085,0.00537109375,positive,False,natural_deletion,1
ELS-3169-F1-interaction-O-to-D,3169,interaction,"[{""coefficient"":1,""condition"":""F1-D-H""},{""coefficient"":-1,""condition"":""F1-D-O""},{""coefficient"":-1,""condition"":""F1-O-H""},{""coefficient"":1,""condition"":""F1-O-O""}]",ab_reverse/answer_sum,1.7908782958984375,0.00537109375,positive,False,natural_deletion,1
ELS-3169-F1-interaction-O-to-D,3169,interaction,"[{""coefficient"":1,""condition"":""F1-D-H""},{""coefficient"":-1,""condition"":""F1-D-O""},{""coefficient"":-1,""condition"":""F1-O-H""},{""coefficient"":1,""condition"":""F1-O-O""}]",ab_reverse/answer_mean,0.8954391479492188,0.00537109375,positive,False,natural_deletion,1
ELS-3169-F1-interaction-O-to-D,3169,interaction,"[{""coefficient"":1,""condition"":""F1-D-H""},{""coefficient"":-1,""condition"":""F1-D-O""},{""coefficient"":-1,""condition"":""F1-O-H""},{""coefficient"":1,""condition"":""F1-O-O""}]",ab_reverse/total_with_eos,1.7908782958984375,0.00537109375,positive,False,natural_deletion,1
ELS-3169-F1-interaction-O-to-D,3169,interaction,"[{""coefficient"":1,""condition"":""F1-D-H""},{""coefficient"":-1,""condition"":""F1-D-O""},{""coefficient"":-1,""condition"":""F1-O-H""},{""coefficient"":1,""condition"":""F1-O-O""}]",ab_reverse/mean_with_eos,0.5969594319661455,0.00537109375,positive,False,natural_deletion,1
ELS-3169-F1-interaction-O-to-D,3169,interaction,"[{""coefficient"":1,""condition"":""F1-D-H""},{""coefficient"":-1,""condition"":""F1-D-O""},{""coefficient"":-1,""condition"":""F1-O-H""},{""coefficient"":1,""condition"":""F1-O-O""}]",ncc,0.15517789674110372,0.0107421875,positive,False,natural_deletion,1
ELS-3169-F1-interaction-O-to-D,3169,interaction,"[{""coefficient"":1,""condition"":""F1-D-H""},{""coefficient"":-1,""condition"":""F1-D-O""},{""coefficient"":-1,""condition"":""F1-O-H""},{""coefficient"":1,""condition"":""F1-O-O""}]",background,0.08758943724327128,0.00537109375,positive,False,natural_deletion,1
ELS-3169-F1-interaction-O-to-D,3169,interaction,"[{""coefficient"":1,""condition"":""F1-D-H""},{""coefficient"":-1,""condition"":""F1-D-O""},{""coefficient"":-1,""condition"":""F1-O-H""},{""coefficient"":1,""condition"":""F1-O-O""}]",ab_symmetric_sum,2.1281814575195312,0.00537109375,positive,False,natural_deletion,1
ELS-3169-F1-interaction-O-to-D,3169,interaction,"[{""coefficient"":1,""condition"":""F1-D-H""},{""coefficient"":-1,""condition"":""F1-D-O""},{""coefficient"":-1,""condition"":""F1-O-H""},{""coefficient"":1,""condition"":""F1-O-O""}]",ab_mapping_gap_sum,0.6746063232421875,0.0107421875,positive,False,natural_deletion,1
ELS-3169-F1-common_shift-O-to-D,3169,common_shift,"[{""coefficient"":0.5,""condition"":""F1-D-H""},{""coefficient"":0.5,""condition"":""F1-D-O""},{""coefficient"":-0.5,""condition"":""F1-O-H""},{""coefficient"":-0.5,""condition"":""F1-O-O""}]",original/answer_sum,13.766166687011719,0.002685546875,positive,False,natural_deletion,1
ELS-3169-F1-common_shift-O-to-D,3169,common_shift,"[{""coefficient"":0.5,""condition"":""F1-D-H""},{""coefficient"":0.5,""condition"":""F1-D-O""},{""coefficient"":-0.5,""condition"":""F1-O-H""},{""coefficient"":-0.5,""condition"":""F1-O-O""}]",original/answer_mean,4.443686167399089,0.002685546875,positive,False,natural_deletion,1
ELS-3169-F1-common_shift-O-to-D,3169,common_shift,"[{""coefficient"":0.5,""condition"":""F1-D-H""},{""coefficient"":0.5,""condition"":""F1-D-O""},{""coefficient"":-0.5,""condition"":""F1-O-H""},{""coefficient"":-0.5,""condition"":""F1-O-O""}]",original/total_with_eos,13.766166687011719,0.002685546875,positive,False,natural_deletion,1
ELS-3169-F1-common_shift-O-to-D,3169,common_shift,"[{""coefficient"":0.5,""condition"":""F1-D-H""},{""coefficient"":0.5,""condition"":""F1-D-O""},{""coefficient"":-0.5,""condition"":""F1-O-H""},{""coefficient"":-0.5,""condition"":""F1-O-O""}]",original/mean_with_eos,3.3508941332499185,0.002685546875,positive,False,natural_deletion,1
ELS-3169-F1-common_shift-O-to-D,3169,common_shift,"[{""coefficient"":0.5,""condition"":""F1-D-H""},{""coefficient"":0.5,""condition"":""F1-D-O""},{""coefficient"":-0.5,""condition"":""F1-O-H""},{""coefficient"":-0.5,""condition"":""F1-O-O""}]",ab_forward/answer_sum,18.950626373291016,0.002685546875,positive,False,natural_deletion,1
ELS-3169-F1-common_shift-O-to-D,3169,common_shift,"[{""coefficient"":0.5,""condition"":""F1-D-H""},{""coefficient"":0.5,""condition"":""F1-D-O""},{""coefficient"":-0.5,""condition"":""F1-O-H""},{""coefficient"":-0.5,""condition"":""F1-O-O""}]",ab_forward/answer_mean,9.475313186645508,0.002685546875,positive,False,natural_deletion,1
ELS-3169-F1-common_shift-O-to-D,3169,common_shift,"[{""coefficient"":0.5,""condition"":""F1-D-H""},{""coefficient"":0.5,""condition"":""F1-D-O""},{""coefficient"":-0.5,""condition"":""F1-O-H""},{""coefficient"":-0.5,""condition"":""F1-O-O""}]",ab_forward/total_with_eos,18.950626373291016,0.002685546875,positive,False,natural_deletion,1
ELS-3169-F1-common_shift-O-to-D,3169,common_shift,"[{""coefficient"":0.5,""condition"":""F1-D-H""},{""coefficient"":0.5,""condition"":""F1-D-O""},{""coefficient"":-0.5,""condition"":""F1-O-H""},{""coefficient"":-0.5,""condition"":""F1-O-O""}]",ab_forward/mean_with_eos,6.316875457763672,0.002685546875,positive,False,natural_deletion,1
ELS-3169-F1-common_shift-O-to-D,3169,common_shift,"[{""coefficient"":0.5,""condition"":""F1-D-H""},{""coefficient"":0.5,""condition"":""F1-D-O""},{""coefficient"":-0.5,""condition"":""F1-O-H""},{""coefficient"":-0.5,""condition"":""F1-O-O""}]",ab_reverse/answer_sum,15.558990478515625,0.002685546875,positive,False,natural_deletion,1
ELS-3169-F1-common_shift-O-to-D,3169,common_shift,"[{""coefficient"":0.5,""condition"":""F1-D-H""},{""coefficient"":0.5,""condition"":""F1-D-O""},{""coefficient"":-0.5,""condition"":""F1-O-H""},{""coefficient"":-0.5,""condition"":""F1-O-O""}]",ab_reverse/answer_mean,7.7794952392578125,0.002685546875,positive,False,natural_deletion,1
ELS-3169-F1-common_shift-O-to-D,3169,common_shift,"[{""coefficient"":0.5,""condition"":""F1-D-H""},{""coefficient"":0.5,""condition"":""F1-D-O""},{""coefficient"":-0.5,""condition"":""F1-O-H""},{""coefficient"":-0.5,""condition"":""F1-O-O""}]",ab_reverse/total_with_eos,15.558990478515625,0.002685546875,positive,False,natural_deletion,1
ELS-3169-F1-common_shift-O-to-D,3169,common_shift,"[{""coefficient"":0.5,""condition"":""F1-D-H""},{""coefficient"":0.5,""condition"":""F1-D-O""},{""coefficient"":-0.5,""condition"":""F1-O-H""},{""coefficient"":-0.5,""condition"":""F1-O-O""}]",ab_reverse/mean_with_eos,5.186330159505208,0.002685546875,positive,False,natural_deletion,1
ELS-3169-F1-common_shift-O-to-D,3169,common_shift,"[{""coefficient"":0.5,""condition"":""F1-D-H""},{""coefficient"":0.5,""condition"":""F1-D-O""},{""coefficient"":-0.5,""condition"":""F1-O-H""},{""coefficient"":-0.5,""condition"":""F1-O-O""}]",ncc,4.481805703519393,0.00537109375,positive,False,natural_deletion,1
ELS-3169-F1-common_shift-O-to-D,3169,common_shift,"[{""coefficient"":0.5,""condition"":""F1-D-H""},{""coefficient"":0.5,""condition"":""F1-D-O""},{""coefficient"":-0.5,""condition"":""F1-O-H""},{""coefficient"":-0.5,""condition"":""F1-O-O""}]",background,-0.038119536120304165,0.002685546875,negative,False,natural_deletion,1
ELS-3169-F1-common_shift-O-to-D,3169,common_shift,"[{""coefficient"":0.5,""condition"":""F1-D-H""},{""coefficient"":0.5,""condition"":""F1-D-O""},{""coefficient"":-0.5,""condition"":""F1-O-H""},{""coefficient"":-0.5,""condition"":""F1-O-O""}]",ab_symmetric_sum,17.25480842590332,0.002685546875,positive,False,natural_deletion,1
ELS-3169-F1-common_shift-O-to-D,3169,common_shift,"[{""coefficient"":0.5,""condition"":""F1-D-H""},{""coefficient"":0.5,""condition"":""F1-D-O""},{""coefficient"":-0.5,""condition"":""F1-O-H""},{""coefficient"":-0.5,""condition"":""F1-O-O""}]",ab_mapping_gap_sum,3.3916358947753906,0.00537109375,positive,False,natural_deletion,1
ELS-3169-F1-shift_H-O-to-N1,3169,shift_H,"[{""coefficient"":1,""condition"":""F1-N1-H""},{""coefficient"":-1,""condition"":""F1-O-H""}]",original/answer_sum,15.958648681640625,0.002685546875,positive,False,matched_replacement,1
ELS-3169-F1-shift_H-O-to-N1,3169,shift_H,"[{""coefficient"":1,""condition"":""F1-N1-H""},{""coefficient"":-1,""condition"":""F1-O-H""}]",original/answer_mean,5.147156270345052,0.002685546875,positive,False,matched_replacement,1
ELS-3169-F1-shift_H-O-to-N1,3169,shift_H,"[{""coefficient"":1,""condition"":""F1-N1-H""},{""coefficient"":-1,""condition"":""F1-O-H""}]",original/total_with_eos,15.958648681640625,0.002685546875,positive,False,matched_replacement,1
ELS-3169-F1-shift_H-O-to-N1,3169,shift_H,"[{""coefficient"":1,""condition"":""F1-N1-H""},{""coefficient"":-1,""condition"":""F1-O-H""}]",original/mean_with_eos,3.8819163640340166,0.002685546875,positive,False,matched_replacement,1
ELS-3169-F1-shift_H-O-to-N1,3169,shift_H,"[{""coefficient"":1,""condition"":""F1-N1-H""},{""coefficient"":-1,""condition"":""F1-O-H""}]",ab_forward/answer_sum,23.430278778076172,0.002685546875,positive,False,matched_replacement,1
ELS-3169-F1-shift_H-O-to-N1,3169,shift_H,"[{""coefficient"":1,""condition"":""F1-N1-H""},{""coefficient"":-1,""condition"":""F1-O-H""}]",ab_forward/answer_mean,11.715139389038086,0.002685546875,positive,False,matched_replacement,1
ELS-3169-F1-shift_H-O-to-N1,3169,shift_H,"[{""coefficient"":1,""condition"":""F1-N1-H""},{""coefficient"":-1,""condition"":""F1-O-H""}]",ab_forward/total_with_eos,23.430278778076172,0.002685546875,positive,False,matched_replacement,1
ELS-3169-F1-shift_H-O-to-N1,3169,shift_H,"[{""coefficient"":1,""condition"":""F1-N1-H""},{""coefficient"":-1,""condition"":""F1-O-H""}]",ab_forward/mean_with_eos,7.810092926025391,0.002685546875,positive,False,matched_replacement,1
ELS-3169-F1-shift_H-O-to-N1,3169,shift_H,"[{""coefficient"":1,""condition"":""F1-N1-H""},{""coefficient"":-1,""condition"":""F1-O-H""}]",ab_reverse/answer_sum,16.20032501220703,0.002685546875,positive,False,matched_replacement,1
ELS-3169-F1-shift_H-O-to-N1,3169,shift_H,"[{""coefficient"":1,""condition"":""F1-N1-H""},{""coefficient"":-1,""condition"":""F1-O-H""}]",ab_reverse/answer_mean,8.100162506103516,0.002685546875,positive,False,matched_replacement,1
ELS-3169-F1-shift_H-O-to-N1,3169,shift_H,"[{""coefficient"":1,""condition"":""F1-N1-H""},{""coefficient"":-1,""condition"":""F1-O-H""}]",ab_reverse/total_with_eos,16.20032501220703,0.002685546875,positive,False,matched_replacement,1
ELS-3169-F1-shift_H-O-to-N1,3169,shift_H,"[{""coefficient"":1,""condition"":""F1-N1-H""},{""coefficient"":-1,""condition"":""F1-O-H""}]",ab_reverse/mean_with_eos,5.400108337402344,0.002685546875,positive,False,matched_replacement,1
ELS-3169-F1-shift_H-O-to-N1,3169,shift_H,"[{""coefficient"":1,""condition"":""F1-N1-H""},{""coefficient"":-1,""condition"":""F1-O-H""}]",ncc,5.012356548186373,0.00537109375,positive,False,matched_replacement,1
ELS-3169-F1-shift_H-O-to-N1,3169,shift_H,"[{""coefficient"":1,""condition"":""F1-N1-H""},{""coefficient"":-1,""condition"":""F1-O-H""}]",background,0.13479972215867875,0.002685546875,positive,False,matched_replacement,1
ELS-3169-F1-shift_H-O-to-N1,3169,shift_H,"[{""coefficient"":1,""condition"":""F1-N1-H""},{""coefficient"":-1,""condition"":""F1-O-H""}]",ab_symmetric_sum,19.8153018951416,0.002685546875,positive,False,matched_replacement,1
ELS-3169-F1-shift_H-O-to-N1,3169,shift_H,"[{""coefficient"":1,""condition"":""F1-N1-H""},{""coefficient"":-1,""condition"":""F1-O-H""}]",ab_mapping_gap_sum,7.229953765869141,0.00537109375,positive,False,matched_replacement,1
ELS-3169-F1-shift_O-O-to-N1,3169,shift_O,"[{""coefficient"":1,""condition"":""F1-N1-O""},{""coefficient"":-1,""condition"":""F1-O-O""}]",original/answer_sum,15.161117553710938,0.002685546875,positive,False,matched_replacement,1
ELS-3169-F1-shift_O-O-to-N1,3169,shift_O,"[{""coefficient"":1,""condition"":""F1-N1-O""},{""coefficient"":-1,""condition"":""F1-O-O""}]",original/answer_mean,4.936017354329427,0.002685546875,positive,False,matched_replacement,1
ELS-3169-F1-shift_O-O-to-N1,3169,shift_O,"[{""coefficient"":1,""condition"":""F1-N1-O""},{""coefficient"":-1,""condition"":""F1-O-O""}]",original/total_with_eos,15.161117553710938,0.002685546875,positive,False,matched_replacement,1
ELS-3169-F1-shift_O-O-to-N1,3169,shift_O,"[{""coefficient"":1,""condition"":""F1-N1-O""},{""coefficient"":-1,""condition"":""F1-O-O""}]",original/mean_with_eos,3.716724077860514,0.002685546875,positive,False,matched_replacement,1
ELS-3169-F1-shift_O-O-to-N1,3169,shift_O,"[{""coefficient"":1,""condition"":""F1-N1-O""},{""coefficient"":-1,""condition"":""F1-O-O""}]",ab_forward/answer_sum,21.20400619506836,0.002685546875,positive,False,matched_replacement,1
ELS-3169-F1-shift_O-O-to-N1,3169,shift_O,"[{""coefficient"":1,""condition"":""F1-N1-O""},{""coefficient"":-1,""condition"":""F1-O-O""}]",ab_forward/answer_mean,10.60200309753418,0.002685546875,positive,False,matched_replacement,1
ELS-3169-F1-shift_O-O-to-N1,3169,shift_O,"[{""coefficient"":1,""condition"":""F1-N1-O""},{""coefficient"":-1,""condition"":""F1-O-O""}]",ab_forward/total_with_eos,21.20400619506836,0.002685546875,positive,False,matched_replacement,1
ELS-3169-F1-shift_O-O-to-N1,3169,shift_O,"[{""coefficient"":1,""condition"":""F1-N1-O""},{""coefficient"":-1,""condition"":""F1-O-O""}]",ab_forward/mean_with_eos,7.068002065022787,0.002685546875,positive,False,matched_replacement,1
ELS-3169-F1-shift_O-O-to-N1,3169,shift_O,"[{""coefficient"":1,""condition"":""F1-N1-O""},{""coefficient"":-1,""condition"":""F1-O-O""}]",ab_reverse/answer_sum,15.027515411376953,0.002685546875,positive,False,matched_replacement,1
ELS-3169-F1-shift_O-O-to-N1,3169,shift_O,"[{""coefficient"":1,""condition"":""F1-N1-O""},{""coefficient"":-1,""condition"":""F1-O-O""}]",ab_reverse/answer_mean,7.513757705688477,0.002685546875,positive,False,matched_replacement,1
ELS-3169-F1-shift_O-O-to-N1,3169,shift_O,"[{""coefficient"":1,""condition"":""F1-N1-O""},{""coefficient"":-1,""condition"":""F1-O-O""}]",ab_reverse/total_with_eos,15.027515411376953,0.002685546875,positive,False,matched_replacement,1
ELS-3169-F1-shift_O-O-to-N1,3169,shift_O,"[{""coefficient"":1,""condition"":""F1-N1-O""},{""coefficient"":-1,""condition"":""F1-O-O""}]",ab_reverse/mean_with_eos,5.009171803792318,0.002685546875,positive,False,matched_replacement,1
ELS-3169-F1-shift_O-O-to-N1,3169,shift_O,"[{""coefficient"":1,""condition"":""F1-N1-O""},{""coefficient"":-1,""condition"":""F1-O-O""}]",ncc,4.876076311074064,0.00537109375,positive,False,matched_replacement,1
ELS-3169-F1-shift_O-O-to-N1,3169,shift_O,"[{""coefficient"":1,""condition"":""F1-N1-O""},{""coefficient"":-1,""condition"":""F1-O-O""}]",background,0.05994104325536309,0.002685546875,positive,False,matched_replacement,1
ELS-3169-F1-shift_O-O-to-N1,3169,shift_O,"[{""coefficient"":1,""condition"":""F1-N1-O""},{""coefficient"":-1,""condition"":""F1-O-O""}]",ab_symmetric_sum,18.115760803222656,0.002685546875,positive,False,matched_replacement,1
ELS-3169-F1-shift_O-O-to-N1,3169,shift_O,"[{""coefficient"":1,""condition"":""F1-N1-O""},{""coefficient"":-1,""condition"":""F1-O-O""}]",ab_mapping_gap_sum,6.176490783691406,0.00537109375,positive,False,matched_replacement,1
ELS-3169-F1-interaction-O-to-N1,3169,interaction,"[{""coefficient"":1,""condition"":""F1-N1-H""},{""coefficient"":-1,""condition"":""F1-N1-O""},{""coefficient"":-1,""condition"":""F1-O-H""},{""coefficient"":1,""condition"":""F1-O-O""}]",original/answer_sum,0.7975311279296875,0.00537109375,positive,False,matched_replacement,1
ELS-3169-F1-interaction-O-to-N1,3169,interaction,"[{""coefficient"":1,""condition"":""F1-N1-H""},{""coefficient"":-1,""condition"":""F1-N1-O""},{""coefficient"":-1,""condition"":""F1-O-H""},{""coefficient"":1,""condition"":""F1-O-O""}]",original/answer_mean,0.2111389160156253,0.00537109375,positive,False,matched_replacement,1
ELS-3169-F1-interaction-O-to-N1,3169,interaction,"[{""coefficient"":1,""condition"":""F1-N1-H""},{""coefficient"":-1,""condition"":""F1-N1-O""},{""coefficient"":-1,""condition"":""F1-O-H""},{""coefficient"":1,""condition"":""F1-O-O""}]",original/total_with_eos,0.7975311279296875,0.00537109375,positive,False,matched_replacement,1
ELS-3169-F1-interaction-O-to-N1,3169,interaction,"[{""coefficient"":1,""condition"":""F1-N1-H""},{""coefficient"":-1,""condition"":""F1-N1-O""},{""coefficient"":-1,""condition"":""F1-O-H""},{""coefficient"":1,""condition"":""F1-O-O""}]",original/mean_with_eos,0.1651922861735026,0.00537109375,positive,False,matched_replacement,1
ELS-3169-F1-interaction-O-to-N1,3169,interaction,"[{""coefficient"":1,""condition"":""F1-N1-H""},{""coefficient"":-1,""condition"":""F1-N1-O""},{""coefficient"":-1,""condition"":""F1-O-H""},{""coefficient"":1,""condition"":""F1-O-O""}]",ab_forward/answer_sum,2.2262725830078125,0.00537109375,positive,False,matched_replacement,1
ELS-3169-F1-interaction-O-to-N1,3169,interaction,"[{""coefficient"":1,""condition"":""F1-N1-H""},{""coefficient"":-1,""condition"":""F1-N1-O""},{""coefficient"":-1,""condition"":""F1-O-H""},{""coefficient"":1,""condition"":""F1-O-O""}]",ab_forward/answer_mean,1.1131362915039062,0.00537109375,positive,False,matched_replacement,1
ELS-3169-F1-interaction-O-to-N1,3169,interaction,"[{""coefficient"":1,""condition"":""F1-N1-H""},{""coefficient"":-1,""condition"":""F1-N1-O""},{""coefficient"":-1,""condition"":""F1-O-H""},{""coefficient"":1,""condition"":""F1-O-O""}]",ab_forward/total_with_eos,2.2262725830078125,0.00537109375,positive,False,matched_replacement,1
ELS-3169-F1-interaction-O-to-N1,3169,interaction,"[{""coefficient"":1,""condition"":""F1-N1-H""},{""coefficient"":-1,""condition"":""F1-N1-O""},{""coefficient"":-1,""condition"":""F1-O-H""},{""coefficient"":1,""condition"":""F1-O-O""}]",ab_forward/mean_with_eos,0.7420908610026036,0.00537109375,positive,False,matched_replacement,1
ELS-3169-F1-interaction-O-to-N1,3169,interaction,"[{""coefficient"":1,""condition"":""F1-N1-H""},{""coefficient"":-1,""condition"":""F1-N1-O""},{""coefficient"":-1,""condition"":""F1-O-H""},{""coefficient"":1,""condition"":""F1-O-O""}]",ab_reverse/answer_sum,1.1728096008300781,0.00537109375,positive,False,matched_replacement,1
ELS-3169-F1-interaction-O-to-N1,3169,interaction,"[{""coefficient"":1,""condition"":""F1-N1-H""},{""coefficient"":-1,""condition"":""F1-N1-O""},{""coefficient"":-1,""condition"":""F1-O-H""},{""coefficient"":1,""condition"":""F1-O-O""}]",ab_reverse/answer_mean,0.5864048004150391,0.00537109375,positive,False,matched_replacement,1
ELS-3169-F1-interaction-O-to-N1,3169,interaction,"[{""coefficient"":1,""condition"":""F1-N1-H""},{""coefficient"":-1,""condition"":""F1-N1-O""},{""coefficient"":-1,""condition"":""F1-O-H""},{""coefficient"":1,""condition"":""F1-O-O""}]",ab_reverse/total_with_eos,1.1728096008300781,0.00537109375,positive,False,matched_replacement,1
ELS-3169-F1-interaction-O-to-N1,3169,interaction,"[{""coefficient"":1,""condition"":""F1-N1-H""},{""coefficient"":-1,""condition"":""F1-N1-O""},{""coefficient"":-1,""condition"":""F1-O-H""},{""coefficient"":1,""condition"":""F1-O-O""}]",ab_reverse/mean_with_eos,0.39093653361002545,0.00537109375,positive,False,matched_replacement,1
ELS-3169-F1-interaction-O-to-N1,3169,interaction,"[{""coefficient"":1,""condition"":""F1-N1-H""},{""coefficient"":-1,""condition"":""F1-N1-O""},{""coefficient"":-1,""condition"":""F1-O-H""},{""coefficient"":1,""condition"":""F1-O-O""}]",ncc,0.13628023711230952,0.0107421875,positive,False,matched_replacement,1
ELS-3169-F1-interaction-O-to-N1,3169,interaction,"[{""coefficient"":1,""condition"":""F1-N1-H""},{""coefficient"":-1,""condition"":""F1-N1-O""},{""coefficient"":-1,""condition"":""F1-O-H""},{""coefficient"":1,""condition"":""F1-O-O""}]",background,0.07485867890331566,0.00537109375,positive,False,matched_replacement,1
ELS-3169-F1-interaction-O-to-N1,3169,interaction,"[{""coefficient"":1,""condition"":""F1-N1-H""},{""coefficient"":-1,""condition"":""F1-N1-O""},{""coefficient"":-1,""condition"":""F1-O-H""},{""coefficient"":1,""condition"":""F1-O-O""}]",ab_symmetric_sum,1.6995410919189453,0.00537109375,positive,False,matched_replacement,1
ELS-3169-F1-interaction-O-to-N1,3169,interaction,"[{""coefficient"":1,""condition"":""F1-N1-H""},{""coefficient"":-1,""condition"":""F1-N1-O""},{""coefficient"":-1,""condition"":""F1-O-H""},{""coefficient"":1,""condition"":""F1-O-O""}]",ab_mapping_gap_sum,1.0534629821777344,0.0107421875,positive,False,matched_replacement,1
ELS-3169-F1-common_shift-O-to-N1,3169,common_shift,"[{""coefficient"":0.5,""condition"":""F1-N1-H""},{""coefficient"":0.5,""condition"":""F1-N1-O""},{""coefficient"":-0.5,""condition"":""F1-O-H""},{""coefficient"":-0.5,""condition"":""F1-O-O""}]",original/answer_sum,15.559883117675781,0.002685546875,positive,False,matched_replacement,1
ELS-3169-F1-common_shift-O-to-N1,3169,common_shift,"[{""coefficient"":0.5,""condition"":""F1-N1-H""},{""coefficient"":0.5,""condition"":""F1-N1-O""},{""coefficient"":-0.5,""condition"":""F1-O-H""},{""coefficient"":-0.5,""condition"":""F1-O-O""}]",original/answer_mean,5.041586812337239,0.002685546875,positive,False,matched_replacement,1
ELS-3169-F1-common_shift-O-to-N1,3169,common_shift,"[{""coefficient"":0.5,""condition"":""F1-N1-H""},{""coefficient"":0.5,""condition"":""F1-N1-O""},{""coefficient"":-0.5,""condition"":""F1-O-H""},{""coefficient"":-0.5,""condition"":""F1-O-O""}]",original/total_with_eos,15.559883117675781,0.002685546875,positive,False,matched_replacement,1
ELS-3169-F1-common_shift-O-to-N1,3169,common_shift,"[{""coefficient"":0.5,""condition"":""F1-N1-H""},{""coefficient"":0.5,""condition"":""F1-N1-O""},{""coefficient"":-0.5,""condition"":""F1-O-H""},{""coefficient"":-0.5,""condition"":""F1-O-O""}]",original/mean_with_eos,3.7993202209472656,0.002685546875,positive,False,matched_replacement,1
ELS-3169-F1-common_shift-O-to-N1,3169,common_shift,"[{""coefficient"":0.5,""condition"":""F1-N1-H""},{""coefficient"":0.5,""condition"":""F1-N1-O""},{""coefficient"":-0.5,""condition"":""F1-O-H""},{""coefficient"":-0.5,""condition"":""F1-O-O""}]",ab_forward/answer_sum,22.317142486572266,0.002685546875,positive,False,matched_replacement,1
ELS-3169-F1-common_shift-O-to-N1,3169,common_shift,"[{""coefficient"":0.5,""condition"":""F1-N1-H""},{""coefficient"":0.5,""condition"":""F1-N1-O""},{""coefficient"":-0.5,""condition"":""F1-O-H""},{""coefficient"":-0.5,""condition"":""F1-O-O""}]",ab_forward/answer_mean,11.158571243286133,0.002685546875,positive,False,matched_replacement,1
ELS-3169-F1-common_shift-O-to-N1,3169,common_shift,"[{""coefficient"":0.5,""condition"":""F1-N1-H""},{""coefficient"":0.5,""condition"":""F1-N1-O""},{""coefficient"":-0.5,""condition"":""F1-O-H""},{""coefficient"":-0.5,""condition"":""F1-O-O""}]",ab_forward/total_with_eos,22.317142486572266,0.002685546875,positive,False,matched_replacement,1
ELS-3169-F1-common_shift-O-to-N1,3169,common_shift,"[{""coefficient"":0.5,""condition"":""F1-N1-H""},{""coefficient"":0.5,""condition"":""F1-N1-O""},{""coefficient"":-0.5,""condition"":""F1-O-H""},{""coefficient"":-0.5,""condition"":""F1-O-O""}]",ab_forward/mean_with_eos,7.439047495524089,0.002685546875,positive,False,matched_replacement,1
ELS-3169-F1-common_shift-O-to-N1,3169,common_shift,"[{""coefficient"":0.5,""condition"":""F1-N1-H""},{""coefficient"":0.5,""condition"":""F1-N1-O""},{""coefficient"":-0.5,""condition"":""F1-O-H""},{""coefficient"":-0.5,""condition"":""F1-O-O""}]",ab_reverse/answer_sum,15.613920211791992,0.002685546875,positive,False,matched_replacement,1
ELS-3169-F1-common_shift-O-to-N1,3169,common_shift,"[{""coefficient"":0.5,""condition"":""F1-N1-H""},{""coefficient"":0.5,""condition"":""F1-N1-O""},{""coefficient"":-0.5,""condition"":""F1-O-H""},{""coefficient"":-0.5,""condition"":""F1-O-O""}]",ab_reverse/answer_mean,7.806960105895996,0.002685546875,positive,False,matched_replacement,1
ELS-3169-F1-common_shift-O-to-N1,3169,common_shift,"[{""coefficient"":0.5,""condition"":""F1-N1-H""},{""coefficient"":0.5,""condition"":""F1-N1-O""},{""coefficient"":-0.5,""condition"":""F1-O-H""},{""coefficient"":-0.5,""condition"":""F1-O-O""}]",ab_reverse/total_with_eos,15.613920211791992,0.002685546875,positive,False,matched_replacement,1
ELS-3169-F1-common_shift-O-to-N1,3169,common_shift,"[{""coefficient"":0.5,""condition"":""F1-N1-H""},{""coefficient"":0.5,""condition"":""F1-N1-O""},{""coefficient"":-0.5,""condition"":""F1-O-H""},{""coefficient"":-0.5,""condition"":""F1-O-O""}]",ab_reverse/mean_with_eos,5.20464007059733,0.002685546875,positive,False,matched_replacement,1
ELS-3169-F1-common_shift-O-to-N1,3169,common_shift,"[{""coefficient"":0.5,""condition"":""F1-N1-H""},{""coefficient"":0.5,""condition"":""F1-N1-O""},{""coefficient"":-0.5,""condition"":""F1-O-H""},{""coefficient"":-0.5,""condition"":""F1-O-O""}]",ncc,4.9442164296302185,0.00537109375,positive,False,matched_replacement,1
ELS-3169-F1-common_shift-O-to-N1,3169,common_shift,"[{""coefficient"":0.5,""condition"":""F1-N1-H""},{""coefficient"":0.5,""condition"":""F1-N1-O""},{""coefficient"":-0.5,""condition"":""F1-O-H""},{""coefficient"":-0.5,""condition"":""F1-O-O""}]",background,0.09737038270702092,0.002685546875,positive,False,matched_replacement,1
ELS-3169-F1-common_shift-O-to-N1,3169,common_shift,"[{""coefficient"":0.5,""condition"":""F1-N1-H""},{""coefficient"":0.5,""condition"":""F1-N1-O""},{""coefficient"":-0.5,""condition"":""F1-O-H""},{""coefficient"":-0.5,""condition"":""F1-O-O""}]",ab_symmetric_sum,18.96553134918213,0.002685546875,positive,False,matched_replacement,1
ELS-3169-F1-common_shift-O-to-N1,3169,common_shift,"[{""coefficient"":0.5,""condition"":""F1-N1-H""},{""coefficient"":0.5,""condition"":""F1-N1-O""},{""coefficient"":-0.5,""condition"":""F1-O-H""},{""coefficient"":-0.5,""condition"":""F1-O-O""}]",ab_mapping_gap_sum,6.703222274780273,0.00537109375,positive,False,matched_replacement,1
ELS-3169-F1-shift_H-O-to-N2,3169,shift_H,"[{""coefficient"":1,""condition"":""F1-N2-H""},{""coefficient"":-1,""condition"":""F1-O-H""}]",original/answer_sum,16.035282135009766,0.002685546875,positive,False,matched_replacement,1
ELS-3169-F1-shift_H-O-to-N2,3169,shift_H,"[{""coefficient"":1,""condition"":""F1-N2-H""},{""coefficient"":-1,""condition"":""F1-O-H""}]",original/answer_mean,5.172700754801432,0.002685546875,positive,False,matched_replacement,1
ELS-3169-F1-shift_H-O-to-N2,3169,shift_H,"[{""coefficient"":1,""condition"":""F1-N2-H""},{""coefficient"":-1,""condition"":""F1-O-H""}]",original/total_with_eos,16.035282135009766,0.002685546875,positive,False,matched_replacement,1
ELS-3169-F1-shift_H-O-to-N2,3169,shift_H,"[{""coefficient"":1,""condition"":""F1-N2-H""},{""coefficient"":-1,""condition"":""F1-O-H""}]",original/mean_with_eos,3.901074727376302,0.002685546875,positive,False,matched_replacement,1
ELS-3169-F1-shift_H-O-to-N2,3169,shift_H,"[{""coefficient"":1,""condition"":""F1-N2-H""},{""coefficient"":-1,""condition"":""F1-O-H""}]",ab_forward/answer_sum,23.491226196289062,0.002685546875,positive,False,matched_replacement,1
ELS-3169-F1-shift_H-O-to-N2,3169,shift_H,"[{""coefficient"":1,""condition"":""F1-N2-H""},{""coefficient"":-1,""condition"":""F1-O-H""}]",ab_forward/answer_mean,11.745613098144531,0.002685546875,positive,False,matched_replacement,1
ELS-3169-F1-shift_H-O-to-N2,3169,shift_H,"[{""coefficient"":1,""condition"":""F1-N2-H""},{""coefficient"":-1,""condition"":""F1-O-H""}]",ab_forward/total_with_eos,23.491226196289062,0.002685546875,positive,False,matched_replacement,1
ELS-3169-F1-shift_H-O-to-N2,3169,shift_H,"[{""coefficient"":1,""condition"":""F1-N2-H""},{""coefficient"":-1,""condition"":""F1-O-H""}]",ab_forward/mean_with_eos,7.8304087320963545,0.002685546875,positive,False,matched_replacement,1
ELS-3169-F1-shift_H-O-to-N2,3169,shift_H,"[{""coefficient"":1,""condition"":""F1-N2-H""},{""coefficient"":-1,""condition"":""F1-O-H""}]",ab_reverse/answer_sum,16.381332397460938,0.002685546875,positive,False,matched_replacement,1
ELS-3169-F1-shift_H-O-to-N2,3169,shift_H,"[{""coefficient"":1,""condition"":""F1-N2-H""},{""coefficient"":-1,""condition"":""F1-O-H""}]",ab_reverse/answer_mean,8.190666198730469,0.002685546875,positive,False,matched_replacement,1
ELS-3169-F1-shift_H-O-to-N2,3169,shift_H,"[{""coefficient"":1,""condition"":""F1-N2-H""},{""coefficient"":-1,""condition"":""F1-O-H""}]",ab_reverse/total_with_eos,16.381332397460938,0.002685546875,positive,False,matched_replacement,1
ELS-3169-F1-shift_H-O-to-N2,3169,shift_H,"[{""coefficient"":1,""condition"":""F1-N2-H""},{""coefficient"":-1,""condition"":""F1-O-H""}]",ab_reverse/mean_with_eos,5.460444132486979,0.002685546875,positive,False,matched_replacement,1
ELS-3169-F1-shift_H-O-to-N2,3169,shift_H,"[{""coefficient"":1,""condition"":""F1-N2-H""},{""coefficient"":-1,""condition"":""F1-O-H""}]",ncc,5.089645350233365,0.00537109375,positive,False,matched_replacement,1
ELS-3169-F1-shift_H-O-to-N2,3169,shift_H,"[{""coefficient"":1,""condition"":""F1-N2-H""},{""coefficient"":-1,""condition"":""F1-O-H""}]",background,0.08305540456806693,0.002685546875,positive,False,matched_replacement,1
ELS-3169-F1-shift_H-O-to-N2,3169,shift_H,"[{""coefficient"":1,""condition"":""F1-N2-H""},{""coefficient"":-1,""condition"":""F1-O-H""}]",ab_symmetric_sum,19.936279296875,0.002685546875,positive,False,matched_replacement,1
ELS-3169-F1-shift_H-O-to-N2,3169,shift_H,"[{""coefficient"":1,""condition"":""F1-N2-H""},{""coefficient"":-1,""condition"":""F1-O-H""}]",ab_mapping_gap_sum,7.109893798828125,0.00537109375,positive,False,matched_replacement,1
ELS-3169-F1-shift_O-O-to-N2,3169,shift_O,"[{""coefficient"":1,""condition"":""F1-N2-O""},{""coefficient"":-1,""condition"":""F1-O-O""}]",original/answer_sum,15.204578399658203,0.002685546875,positive,False,matched_replacement,1
ELS-3169-F1-shift_O-O-to-N2,3169,shift_O,"[{""coefficient"":1,""condition"":""F1-N2-O""},{""coefficient"":-1,""condition"":""F1-O-O""}]",original/answer_mean,4.950504302978516,0.002685546875,positive,False,matched_replacement,1
ELS-3169-F1-shift_O-O-to-N2,3169,shift_O,"[{""coefficient"":1,""condition"":""F1-N2-O""},{""coefficient"":-1,""condition"":""F1-O-O""}]",original/total_with_eos,15.204578399658203,0.002685546875,positive,False,matched_replacement,1
ELS-3169-F1-shift_O-O-to-N2,3169,shift_O,"[{""coefficient"":1,""condition"":""F1-N2-O""},{""coefficient"":-1,""condition"":""F1-O-O""}]",original/mean_with_eos,3.7275892893473306,0.002685546875,positive,False,matched_replacement,1
ELS-3169-F1-shift_O-O-to-N2,3169,shift_O,"[{""coefficient"":1,""condition"":""F1-N2-O""},{""coefficient"":-1,""condition"":""F1-O-O""}]",ab_forward/answer_sum,21.254322052001953,0.002685546875,positive,False,matched_replacement,1
ELS-3169-F1-shift_O-O-to-N2,3169,shift_O,"[{""coefficient"":1,""condition"":""F1-N2-O""},{""coefficient"":-1,""condition"":""F1-O-O""}]",ab_forward/answer_mean,10.627161026000977,0.002685546875,positive,False,matched_replacement,1
ELS-3169-F1-shift_O-O-to-N2,3169,shift_O,"[{""coefficient"":1,""condition"":""F1-N2-O""},{""coefficient"":-1,""condition"":""F1-O-O""}]",ab_forward/total_with_eos,21.254322052001953,0.002685546875,positive,False,matched_replacement,1
ELS-3169-F1-shift_O-O-to-N2,3169,shift_O,"[{""coefficient"":1,""condition"":""F1-N2-O""},{""coefficient"":-1,""condition"":""F1-O-O""}]",ab_forward/mean_with_eos,7.084774017333985,0.002685546875,positive,False,matched_replacement,1
ELS-3169-F1-shift_O-O-to-N2,3169,shift_O,"[{""coefficient"":1,""condition"":""F1-N2-O""},{""coefficient"":-1,""condition"":""F1-O-O""}]",ab_reverse/answer_sum,15.319419860839844,0.002685546875,positive,False,matched_replacement,1
ELS-3169-F1-shift_O-O-to-N2,3169,shift_O,"[{""coefficient"":1,""condition"":""F1-N2-O""},{""coefficient"":-1,""condition"":""F1-O-O""}]",ab_reverse/answer_mean,7.659709930419922,0.002685546875,positive,False,matched_replacement,1
ELS-3169-F1-shift_O-O-to-N2,3169,shift_O,"[{""coefficient"":1,""condition"":""F1-N2-O""},{""coefficient"":-1,""condition"":""F1-O-O""}]",ab_reverse/total_with_eos,15.319419860839844,0.002685546875,positive,False,matched_replacement,1
ELS-3169-F1-shift_O-O-to-N2,3169,shift_O,"[{""coefficient"":1,""condition"":""F1-N2-O""},{""coefficient"":-1,""condition"":""F1-O-O""}]",ab_reverse/mean_with_eos,5.106473286946615,0.002685546875,positive,False,matched_replacement,1
ELS-3169-F1-shift_O-O-to-N2,3169,shift_O,"[{""coefficient"":1,""condition"":""F1-N2-O""},{""coefficient"":-1,""condition"":""F1-O-O""}]",ncc,4.9419278101610615,0.00537109375,positive,False,matched_replacement,1
ELS-3169-F1-shift_O-O-to-N2,3169,shift_O,"[{""coefficient"":1,""condition"":""F1-N2-O""},{""coefficient"":-1,""condition"":""F1-O-O""}]",background,0.008576492817453207,0.002685546875,positive,False,matched_replacement,1
ELS-3169-F1-shift_O-O-to-N2,3169,shift_O,"[{""coefficient"":1,""condition"":""F1-N2-O""},{""coefficient"":-1,""condition"":""F1-O-O""}]",ab_symmetric_sum,18.2868709564209,0.002685546875,positive,False,matched_replacement,1
ELS-3169-F1-shift_O-O-to-N2,3169,shift_O,"[{""coefficient"":1,""condition"":""F1-N2-O""},{""coefficient"":-1,""condition"":""F1-O-O""}]",ab_mapping_gap_sum,5.934902191162109,0.00537109375,positive,False,matched_replacement,1
ELS-3169-F1-interaction-O-to-N2,3169,interaction,"[{""coefficient"":1,""condition"":""F1-N2-H""},{""coefficient"":-1,""condition"":""F1-N2-O""},{""coefficient"":-1,""condition"":""F1-O-H""},{""coefficient"":1,""condition"":""F1-O-O""}]",original/answer_sum,0.8307037353515625,0.00537109375,positive,False,matched_replacement,1
ELS-3169-F1-interaction-O-to-N2,3169,interaction,"[{""coefficient"":1,""condition"":""F1-N2-H""},{""coefficient"":-1,""condition"":""F1-N2-O""},{""coefficient"":-1,""condition"":""F1-O-H""},{""coefficient"":1,""condition"":""F1-O-O""}]",original/answer_mean,0.22219645182291636,0.00537109375,positive,False,matched_replacement,1
ELS-3169-F1-interaction-O-to-N2,3169,interaction,"[{""coefficient"":1,""condition"":""F1-N2-H""},{""coefficient"":-1,""condition"":""F1-N2-O""},{""coefficient"":-1,""condition"":""F1-O-H""},{""coefficient"":1,""condition"":""F1-O-O""}]",original/total_with_eos,0.8307037353515625,0.00537109375,positive,False,matched_replacement,1
ELS-3169-F1-interaction-O-to-N2,3169,interaction,"[{""coefficient"":1,""condition"":""F1-N2-H""},{""coefficient"":-1,""condition"":""F1-N2-O""},{""coefficient"":-1,""condition"":""F1-O-H""},{""coefficient"":1,""condition"":""F1-O-O""}]",original/mean_with_eos,0.17348543802897134,0.00537109375,positive,False,matched_replacement,1
ELS-3169-F1-interaction-O-to-N2,3169,interaction,"[{""coefficient"":1,""condition"":""F1-N2-H""},{""coefficient"":-1,""condition"":""F1-N2-O""},{""coefficient"":-1,""condition"":""F1-O-H""},{""coefficient"":1,""condition"":""F1-O-O""}]",ab_forward/answer_sum,2.2369041442871094,0.00537109375,positive,False,matched_replacement,1
ELS-3169-F1-interaction-O-to-N2,3169,interaction,"[{""coefficient"":1,""condition"":""F1-N2-H""},{""coefficient"":-1,""condition"":""F1-N2-O""},{""coefficient"":-1,""condition"":""F1-O-H""},{""coefficient"":1,""condition"":""F1-O-O""}]",ab_forward/answer_mean,1.1184520721435547,0.00537109375,positive,False,matched_replacement,1
ELS-3169-F1-interaction-O-to-N2,3169,interaction,"[{""coefficient"":1,""condition"":""F1-N2-H""},{""coefficient"":-1,""condition"":""F1-N2-O""},{""coefficient"":-1,""condition"":""F1-O-H""},{""coefficient"":1,""condition"":""F1-O-O""}]",ab_forward/total_with_eos,2.2369041442871094,0.00537109375,positive,False,matched_replacement,1
ELS-3169-F1-interaction-O-to-N2,3169,interaction,"[{""coefficient"":1,""condition"":""F1-N2-H""},{""coefficient"":-1,""condition"":""F1-N2-O""},{""coefficient"":-1,""condition"":""F1-O-H""},{""coefficient"":1,""condition"":""F1-O-O""}]",ab_forward/mean_with_eos,0.7456347147623692,0.00537109375,positive,False,matched_replacement,1
ELS-3169-F1-interaction-O-to-N2,3169,interaction,"[{""coefficient"":1,""condition"":""F1-N2-H""},{""coefficient"":-1,""condition"":""F1-N2-O""},{""coefficient"":-1,""condition"":""F1-O-H""},{""coefficient"":1,""condition"":""F1-O-O""}]",ab_reverse/answer_sum,1.0619125366210938,0.00537109375,positive,False,matched_replacement,1
ELS-3169-F1-interaction-O-to-N2,3169,interaction,"[{""coefficient"":1,""condition"":""F1-N2-H""},{""coefficient"":-1,""condition"":""F1-N2-O""},{""coefficient"":-1,""condition"":""F1-O-H""},{""coefficient"":1,""condition"":""F1-O-O""}]",ab_reverse/answer_mean,0.5309562683105469,0.00537109375,positive,False,matched_replacement,1
ELS-3169-F1-interaction-O-to-N2,3169,interaction,"[{""coefficient"":1,""condition"":""F1-N2-H""},{""coefficient"":-1,""condition"":""F1-N2-O""},{""coefficient"":-1,""condition"":""F1-O-H""},{""coefficient"":1,""condition"":""F1-O-O""}]",ab_reverse/total_with_eos,1.0619125366210938,0.00537109375,positive,False,matched_replacement,1
ELS-3169-F1-interaction-O-to-N2,3169,interaction,"[{""coefficient"":1,""condition"":""F1-N2-H""},{""coefficient"":-1,""condition"":""F1-N2-O""},{""coefficient"":-1,""condition"":""F1-O-H""},{""coefficient"":1,""condition"":""F1-O-O""}]",ab_reverse/mean_with_eos,0.3539708455403643,0.00537109375,positive,False,matched_replacement,1
ELS-3169-F1-interaction-O-to-N2,3169,interaction,"[{""coefficient"":1,""condition"":""F1-N2-H""},{""coefficient"":-1,""condition"":""F1-N2-O""},{""coefficient"":-1,""condition"":""F1-O-H""},{""coefficient"":1,""condition"":""F1-O-O""}]",ncc,0.14771754007230253,0.0107421875,positive,False,matched_replacement,1
ELS-3169-F1-interaction-O-to-N2,3169,interaction,"[{""coefficient"":1,""condition"":""F1-N2-H""},{""coefficient"":-1,""condition"":""F1-N2-O""},{""coefficient"":-1,""condition"":""F1-O-H""},{""coefficient"":1,""condition"":""F1-O-O""}]",background,0.07447891175061372,0.00537109375,positive,False,matched_replacement,1
ELS-3169-F1-interaction-O-to-N2,3169,interaction,"[{""coefficient"":1,""condition"":""F1-N2-H""},{""coefficient"":-1,""condition"":""F1-N2-O""},{""coefficient"":-1,""condition"":""F1-O-H""},{""coefficient"":1,""condition"":""F1-O-O""}]",ab_symmetric_sum,1.6494083404541016,0.00537109375,positive,False,matched_replacement,1
ELS-3169-F1-interaction-O-to-N2,3169,interaction,"[{""coefficient"":1,""condition"":""F1-N2-H""},{""coefficient"":-1,""condition"":""F1-N2-O""},{""coefficient"":-1,""condition"":""F1-O-H""},{""coefficient"":1,""condition"":""F1-O-O""}]",ab_mapping_gap_sum,1.1749916076660156,0.0107421875,positive,False,matched_replacement,1
ELS-3169-F1-common_shift-O-to-N2,3169,common_shift,"[{""coefficient"":0.5,""condition"":""F1-N2-H""},{""coefficient"":0.5,""condition"":""F1-N2-O""},{""coefficient"":-0.5,""condition"":""F1-O-H""},{""coefficient"":-0.5,""condition"":""F1-O-O""}]",original/answer_sum,15.619930267333984,0.002685546875,positive,False,matched_replacement,1
ELS-3169-F1-common_shift-O-to-N2,3169,common_shift,"[{""coefficient"":0.5,""condition"":""F1-N2-H""},{""coefficient"":0.5,""condition"":""F1-N2-O""},{""coefficient"":-0.5,""condition"":""F1-O-H""},{""coefficient"":-0.5,""condition"":""F1-O-O""}]",original/answer_mean,5.061602528889973,0.002685546875,positive,False,matched_replacement,1
ELS-3169-F1-common_shift-O-to-N2,3169,common_shift,"[{""coefficient"":0.5,""condition"":""F1-N2-H""},{""coefficient"":0.5,""condition"":""F1-N2-O""},{""coefficient"":-0.5,""condition"":""F1-O-H""},{""coefficient"":-0.5,""condition"":""F1-O-O""}]",original/total_with_eos,15.619930267333984,0.002685546875,positive,False,matched_replacement,1
ELS-3169-F1-common_shift-O-to-N2,3169,common_shift,"[{""coefficient"":0.5,""condition"":""F1-N2-H""},{""coefficient"":0.5,""condition"":""F1-N2-O""},{""coefficient"":-0.5,""condition"":""F1-O-H""},{""coefficient"":-0.5,""condition"":""F1-O-O""}]",original/mean_with_eos,3.8143320083618164,0.002685546875,positive,False,matched_replacement,1
ELS-3169-F1-common_shift-O-to-N2,3169,common_shift,"[{""coefficient"":0.5,""condition"":""F1-N2-H""},{""coefficient"":0.5,""condition"":""F1-N2-O""},{""coefficient"":-0.5,""condition"":""F1-O-H""},{""coefficient"":-0.5,""condition"":""F1-O-O""}]",ab_forward/answer_sum,22.372774124145508,0.002685546875,positive,False,matched_replacement,1
ELS-3169-F1-common_shift-O-to-N2,3169,common_shift,"[{""coefficient"":0.5,""condition"":""F1-N2-H""},{""coefficient"":0.5,""condition"":""F1-N2-O""},{""coefficient"":-0.5,""condition"":""F1-O-H""},{""coefficient"":-0.5,""condition"":""F1-O-O""}]",ab_forward/answer_mean,11.186387062072754,0.002685546875,positive,False,matched_replacement,1
ELS-3169-F1-common_shift-O-to-N2,3169,common_shift,"[{""coefficient"":0.5,""condition"":""F1-N2-H""},{""coefficient"":0.5,""condition"":""F1-N2-O""},{""coefficient"":-0.5,""condition"":""F1-O-H""},{""coefficient"":-0.5,""condition"":""F1-O-O""}]",ab_forward/total_with_eos,22.372774124145508,0.002685546875,positive,False,matched_replacement,1
ELS-3169-F1-common_shift-O-to-N2,3169,common_shift,"[{""coefficient"":0.5,""condition"":""F1-N2-H""},{""coefficient"":0.5,""condition"":""F1-N2-O""},{""coefficient"":-0.5,""condition"":""F1-O-H""},{""coefficient"":-0.5,""condition"":""F1-O-O""}]",ab_forward/mean_with_eos,7.45759137471517,0.002685546875,positive,False,matched_replacement,1
ELS-3169-F1-common_shift-O-to-N2,3169,common_shift,"[{""coefficient"":0.5,""condition"":""F1-N2-H""},{""coefficient"":0.5,""condition"":""F1-N2-O""},{""coefficient"":-0.5,""condition"":""F1-O-H""},{""coefficient"":-0.5,""condition"":""F1-O-O""}]",ab_reverse/answer_sum,15.85037612915039,0.002685546875,positive,False,matched_replacement,1
ELS-3169-F1-common_shift-O-to-N2,3169,common_shift,"[{""coefficient"":0.5,""condition"":""F1-N2-H""},{""coefficient"":0.5,""condition"":""F1-N2-O""},{""coefficient"":-0.5,""condition"":""F1-O-H""},{""coefficient"":-0.5,""condition"":""F1-O-O""}]",ab_reverse/answer_mean,7.925188064575195,0.002685546875,positive,False,matched_replacement,1
ELS-3169-F1-common_shift-O-to-N2,3169,common_shift,"[{""coefficient"":0.5,""condition"":""F1-N2-H""},{""coefficient"":0.5,""condition"":""F1-N2-O""},{""coefficient"":-0.5,""condition"":""F1-O-H""},{""coefficient"":-0.5,""condition"":""F1-O-O""}]",ab_reverse/total_with_eos,15.85037612915039,0.002685546875,positive,False,matched_replacement,1
ELS-3169-F1-common_shift-O-to-N2,3169,common_shift,"[{""coefficient"":0.5,""condition"":""F1-N2-H""},{""coefficient"":0.5,""condition"":""F1-N2-O""},{""coefficient"":-0.5,""condition"":""F1-O-H""},{""coefficient"":-0.5,""condition"":""F1-O-O""}]",ab_reverse/mean_with_eos,5.283458709716797,0.002685546875,positive,False,matched_replacement,1
ELS-3169-F1-common_shift-O-to-N2,3169,common_shift,"[{""coefficient"":0.5,""condition"":""F1-N2-H""},{""coefficient"":0.5,""condition"":""F1-N2-O""},{""coefficient"":-0.5,""condition"":""F1-O-H""},{""coefficient"":-0.5,""condition"":""F1-O-O""}]",ncc,5.015786580197213,0.00537109375,positive,False,matched_replacement,1
ELS-3169-F1-common_shift-O-to-N2,3169,common_shift,"[{""coefficient"":0.5,""condition"":""F1-N2-H""},{""coefficient"":0.5,""condition"":""F1-N2-O""},{""coefficient"":-0.5,""condition"":""F1-O-H""},{""coefficient"":-0.5,""condition"":""F1-O-O""}]",background,0.04581594869276007,0.002685546875,positive,False,matched_replacement,1
ELS-3169-F1-common_shift-O-to-N2,3169,common_shift,"[{""coefficient"":0.5,""condition"":""F1-N2-H""},{""coefficient"":0.5,""condition"":""F1-N2-O""},{""coefficient"":-0.5,""condition"":""F1-O-H""},{""coefficient"":-0.5,""condition"":""F1-O-O""}]",ab_symmetric_sum,19.11157512664795,0.002685546875,positive,False,matched_replacement,1
ELS-3169-F1-common_shift-O-to-N2,3169,common_shift,"[{""coefficient"":0.5,""condition"":""F1-N2-H""},{""coefficient"":0.5,""condition"":""F1-N2-O""},{""coefficient"":-0.5,""condition"":""F1-O-H""},{""coefficient"":-0.5,""condition"":""F1-O-O""}]",ab_mapping_gap_sum,6.522397994995117,0.00537109375,positive,False,matched_replacement,1
ELS-3169-F1-shift_H-D-to-E1,3169,shift_H,"[{""coefficient"":1,""condition"":""F1-E1-H""},{""coefficient"":-1,""condition"":""F1-D-H""}]",original/answer_sum,0.8359756469726562,0.002685546875,positive,False,length_refill_bridge,1
ELS-3169-F1-shift_H-D-to-E1,3169,shift_H,"[{""coefficient"":1,""condition"":""F1-E1-H""},{""coefficient"":-1,""condition"":""F1-D-H""}]",original/answer_mean,0.2786544799804682,0.002685546875,positive,False,length_refill_bridge,1
ELS-3169-F1-shift_H-D-to-E1,3169,shift_H,"[{""coefficient"":1,""condition"":""F1-E1-H""},{""coefficient"":-1,""condition"":""F1-D-H""}]",original/total_with_eos,0.8359756469726562,0.002685546875,positive,False,length_refill_bridge,1
ELS-3169-F1-shift_H-D-to-E1,3169,shift_H,"[{""coefficient"":1,""condition"":""F1-E1-H""},{""coefficient"":-1,""condition"":""F1-D-H""}]",original/mean_with_eos,0.2089913686116538,0.002685546875,positive,False,length_refill_bridge,1
ELS-3169-F1-shift_H-D-to-E1,3169,shift_H,"[{""coefficient"":1,""condition"":""F1-E1-H""},{""coefficient"":-1,""condition"":""F1-D-H""}]",ab_forward/answer_sum,3.396953582763672,0.002685546875,positive,False,length_refill_bridge,1
ELS-3169-F1-shift_H-D-to-E1,3169,shift_H,"[{""coefficient"":1,""condition"":""F1-E1-H""},{""coefficient"":-1,""condition"":""F1-D-H""}]",ab_forward/answer_mean,1.698476791381836,0.002685546875,positive,False,length_refill_bridge,1
ELS-3169-F1-shift_H-D-to-E1,3169,shift_H,"[{""coefficient"":1,""condition"":""F1-E1-H""},{""coefficient"":-1,""condition"":""F1-D-H""}]",ab_forward/total_with_eos,3.396953582763672,0.002685546875,positive,False,length_refill_bridge,1
ELS-3169-F1-shift_H-D-to-E1,3169,shift_H,"[{""coefficient"":1,""condition"":""F1-E1-H""},{""coefficient"":-1,""condition"":""F1-D-H""}]",ab_forward/mean_with_eos,1.1323178609212237,0.002685546875,positive,False,length_refill_bridge,1
ELS-3169-F1-shift_H-D-to-E1,3169,shift_H,"[{""coefficient"":1,""condition"":""F1-E1-H""},{""coefficient"":-1,""condition"":""F1-D-H""}]",ab_reverse/answer_sum,0.5386390686035156,0.002685546875,positive,False,length_refill_bridge,1
ELS-3169-F1-shift_H-D-to-E1,3169,shift_H,"[{""coefficient"":1,""condition"":""F1-E1-H""},{""coefficient"":-1,""condition"":""F1-D-H""}]",ab_reverse/answer_mean,0.2693195343017578,0.002685546875,positive,False,length_refill_bridge,1
ELS-3169-F1-shift_H-D-to-E1,3169,shift_H,"[{""coefficient"":1,""condition"":""F1-E1-H""},{""coefficient"":-1,""condition"":""F1-D-H""}]",ab_reverse/total_with_eos,0.5386390686035156,0.002685546875,positive,False,length_refill_bridge,1
ELS-3169-F1-shift_H-D-to-E1,3169,shift_H,"[{""coefficient"":1,""condition"":""F1-E1-H""},{""coefficient"":-1,""condition"":""F1-D-H""}]",ab_reverse/mean_with_eos,0.17954635620117188,0.002685546875,positive,False,length_refill_bridge,1
ELS-3169-F1-shift_H-D-to-E1,3169,shift_H,"[{""coefficient"":1,""condition"":""F1-E1-H""},{""coefficient"":-1,""condition"":""F1-D-H""}]",ncc,0.08354695214618069,0.00537109375,positive,False,length_refill_bridge,1
ELS-3169-F1-shift_H-D-to-E1,3169,shift_H,"[{""coefficient"":1,""condition"":""F1-E1-H""},{""coefficient"":-1,""condition"":""F1-D-H""}]",background,0.19510752783428753,0.002685546875,positive,False,length_refill_bridge,1
ELS-3169-F1-shift_H-D-to-E1,3169,shift_H,"[{""coefficient"":1,""condition"":""F1-E1-H""},{""coefficient"":-1,""condition"":""F1-D-H""}]",ab_symmetric_sum,1.9677963256835938,0.002685546875,positive,False,length_refill_bridge,1
ELS-3169-F1-shift_H-D-to-E1,3169,shift_H,"[{""coefficient"":1,""condition"":""F1-E1-H""},{""coefficient"":-1,""condition"":""F1-D-H""}]",ab_mapping_gap_sum,2.8583145141601562,0.00537109375,positive,False,length_refill_bridge,1
ELS-3169-F1-shift_O-D-to-E1,3169,shift_O,"[{""coefficient"":1,""condition"":""F1-E1-O""},{""coefficient"":-1,""condition"":""F1-D-O""}]",original/answer_sum,0.7951507568359375,0.002685546875,positive,False,length_refill_bridge,1
ELS-3169-F1-shift_O-D-to-E1,3169,shift_O,"[{""coefficient"":1,""condition"":""F1-E1-O""},{""coefficient"":-1,""condition"":""F1-D-O""}]",original/answer_mean,0.26504618326822893,0.002685546875,positive,False,length_refill_bridge,1
ELS-3169-F1-shift_O-D-to-E1,3169,shift_O,"[{""coefficient"":1,""condition"":""F1-E1-O""},{""coefficient"":-1,""condition"":""F1-D-O""}]",original/total_with_eos,0.7951507568359375,0.002685546875,positive,False,length_refill_bridge,1
ELS-3169-F1-shift_O-D-to-E1,3169,shift_O,"[{""coefficient"":1,""condition"":""F1-E1-O""},{""coefficient"":-1,""condition"":""F1-D-O""}]",original/mean_with_eos,0.1987851460774741,0.002685546875,positive,False,length_refill_bridge,1
ELS-3169-F1-shift_O-D-to-E1,3169,shift_O,"[{""coefficient"":1,""condition"":""F1-E1-O""},{""coefficient"":-1,""condition"":""F1-D-O""}]",ab_forward/answer_sum,3.6725502014160156,0.002685546875,positive,False,length_refill_bridge,1
ELS-3169-F1-shift_O-D-to-E1,3169,shift_O,"[{""coefficient"":1,""condition"":""F1-E1-O""},{""coefficient"":-1,""condition"":""F1-D-O""}]",ab_forward/answer_mean,1.8362751007080078,0.002685546875,positive,False,length_refill_bridge,1
ELS-3169-F1-shift_O-D-to-E1,3169,shift_O,"[{""coefficient"":1,""condition"":""F1-E1-O""},{""coefficient"":-1,""condition"":""F1-D-O""}]",ab_forward/total_with_eos,3.6725502014160156,0.002685546875,positive,False,length_refill_bridge,1
ELS-3169-F1-shift_O-D-to-E1,3169,shift_O,"[{""coefficient"":1,""condition"":""F1-E1-O""},{""coefficient"":-1,""condition"":""F1-D-O""}]",ab_forward/mean_with_eos,1.2241834004720054,0.002685546875,positive,False,length_refill_bridge,1
ELS-3169-F1-shift_O-D-to-E1,3169,shift_O,"[{""coefficient"":1,""condition"":""F1-E1-O""},{""coefficient"":-1,""condition"":""F1-D-O""}]",ab_reverse/answer_sum,1.315460205078125,0.002685546875,positive,False,length_refill_bridge,1
ELS-3169-F1-shift_O-D-to-E1,3169,shift_O,"[{""coefficient"":1,""condition"":""F1-E1-O""},{""coefficient"":-1,""condition"":""F1-D-O""}]",ab_reverse/answer_mean,0.6577301025390625,0.002685546875,positive,False,length_refill_bridge,1
ELS-3169-F1-shift_O-D-to-E1,3169,shift_O,"[{""coefficient"":1,""condition"":""F1-E1-O""},{""coefficient"":-1,""condition"":""F1-D-O""}]",ab_reverse/total_with_eos,1.315460205078125,0.002685546875,positive,False,length_refill_bridge,1
ELS-3169-F1-shift_O-D-to-E1,3169,shift_O,"[{""coefficient"":1,""condition"":""F1-E1-O""},{""coefficient"":-1,""condition"":""F1-D-O""}]",ab_reverse/mean_with_eos,0.43848673502604196,0.002685546875,positive,False,length_refill_bridge,1
ELS-3169-F1-shift_O-D-to-E1,3169,shift_O,"[{""coefficient"":1,""condition"":""F1-E1-O""},{""coefficient"":-1,""condition"":""F1-D-O""}]",ncc,0.0743269526986845,0.00537109375,positive,False,length_refill_bridge,1
ELS-3169-F1-shift_O-D-to-E1,3169,shift_O,"[{""coefficient"":1,""condition"":""F1-E1-O""},{""coefficient"":-1,""condition"":""F1-D-O""}]",background,0.19071923056954443,0.002685546875,positive,False,length_refill_bridge,1
ELS-3169-F1-shift_O-D-to-E1,3169,shift_O,"[{""coefficient"":1,""condition"":""F1-E1-O""},{""coefficient"":-1,""condition"":""F1-D-O""}]",ab_symmetric_sum,2.4940052032470703,0.002685546875,positive,False,length_refill_bridge,1
ELS-3169-F1-shift_O-D-to-E1,3169,shift_O,"[{""coefficient"":1,""condition"":""F1-E1-O""},{""coefficient"":-1,""condition"":""F1-D-O""}]",ab_mapping_gap_sum,2.3570899963378906,0.00537109375,positive,False,length_refill_bridge,1
ELS-3169-F1-interaction-D-to-E1,3169,interaction,"[{""coefficient"":1,""condition"":""F1-E1-H""},{""coefficient"":-1,""condition"":""F1-E1-O""},{""coefficient"":-1,""condition"":""F1-D-H""},{""coefficient"":1,""condition"":""F1-D-O""}]",original/answer_sum,0.04082489013671875,0.00537109375,positive,False,length_refill_bridge,1
ELS-3169-F1-interaction-D-to-E1,3169,interaction,"[{""coefficient"":1,""condition"":""F1-E1-H""},{""coefficient"":-1,""condition"":""F1-E1-O""},{""coefficient"":-1,""condition"":""F1-D-H""},{""coefficient"":1,""condition"":""F1-D-O""}]",original/answer_mean,0.013608296712239287,0.00537109375,positive,False,length_refill_bridge,1
ELS-3169-F1-interaction-D-to-E1,3169,interaction,"[{""coefficient"":1,""condition"":""F1-E1-H""},{""coefficient"":-1,""condition"":""F1-E1-O""},{""coefficient"":-1,""condition"":""F1-D-H""},{""coefficient"":1,""condition"":""F1-D-O""}]",original/total_with_eos,0.04082489013671875,0.00537109375,positive,False,length_refill_bridge,1
ELS-3169-F1-interaction-D-to-E1,3169,interaction,"[{""coefficient"":1,""condition"":""F1-E1-H""},{""coefficient"":-1,""condition"":""F1-E1-O""},{""coefficient"":-1,""condition"":""F1-D-H""},{""coefficient"":1,""condition"":""F1-D-O""}]",original/mean_with_eos,0.010206222534179688,0.00537109375,positive,False,length_refill_bridge,1
ELS-3169-F1-interaction-D-to-E1,3169,interaction,"[{""coefficient"":1,""condition"":""F1-E1-H""},{""coefficient"":-1,""condition"":""F1-E1-O""},{""coefficient"":-1,""condition"":""F1-D-H""},{""coefficient"":1,""condition"":""F1-D-O""}]",ab_forward/answer_sum,-0.27559661865234375,0.00537109375,negative,False,length_refill_bridge,1
ELS-3169-F1-interaction-D-to-E1,3169,interaction,"[{""coefficient"":1,""condition"":""F1-E1-H""},{""coefficient"":-1,""condition"":""F1-E1-O""},{""coefficient"":-1,""condition"":""F1-D-H""},{""coefficient"":1,""condition"":""F1-D-O""}]",ab_forward/answer_mean,-0.13779830932617188,0.00537109375,negative,False,length_refill_bridge,1
ELS-3169-F1-interaction-D-to-E1,3169,interaction,"[{""coefficient"":1,""condition"":""F1-E1-H""},{""coefficient"":-1,""condition"":""F1-E1-O""},{""coefficient"":-1,""condition"":""F1-D-H""},{""coefficient"":1,""condition"":""F1-D-O""}]",ab_forward/total_with_eos,-0.27559661865234375,0.00537109375,negative,False,length_refill_bridge,1
ELS-3169-F1-interaction-D-to-E1,3169,interaction,"[{""coefficient"":1,""condition"":""F1-E1-H""},{""coefficient"":-1,""condition"":""F1-E1-O""},{""coefficient"":-1,""condition"":""F1-D-H""},{""coefficient"":1,""condition"":""F1-D-O""}]",ab_forward/mean_with_eos,-0.0918655395507817,0.00537109375,negative,False,length_refill_bridge,1
ELS-3169-F1-interaction-D-to-E1,3169,interaction,"[{""coefficient"":1,""condition"":""F1-E1-H""},{""coefficient"":-1,""condition"":""F1-E1-O""},{""coefficient"":-1,""condition"":""F1-D-H""},{""coefficient"":1,""condition"":""F1-D-O""}]",ab_reverse/answer_sum,-0.7768211364746094,0.00537109375,negative,False,length_refill_bridge,1
ELS-3169-F1-interaction-D-to-E1,3169,interaction,"[{""coefficient"":1,""condition"":""F1-E1-H""},{""coefficient"":-1,""condition"":""F1-E1-O""},{""coefficient"":-1,""condition"":""F1-D-H""},{""coefficient"":1,""condition"":""F1-D-O""}]",ab_reverse/answer_mean,-0.3884105682373047,0.00537109375,negative,False,length_refill_bridge,1
ELS-3169-F1-interaction-D-to-E1,3169,interaction,"[{""coefficient"":1,""condition"":""F1-E1-H""},{""coefficient"":-1,""condition"":""F1-E1-O""},{""coefficient"":-1,""condition"":""F1-D-H""},{""coefficient"":1,""condition"":""F1-D-O""}]",ab_reverse/total_with_eos,-0.7768211364746094,0.00537109375,negative,False,length_refill_bridge,1
ELS-3169-F1-interaction-D-to-E1,3169,interaction,"[{""coefficient"":1,""condition"":""F1-E1-H""},{""coefficient"":-1,""condition"":""F1-E1-O""},{""coefficient"":-1,""condition"":""F1-D-H""},{""coefficient"":1,""condition"":""F1-D-O""}]",ab_reverse/mean_with_eos,-0.2589403788248701,0.00537109375,negative,False,length_refill_bridge,1
ELS-3169-F1-interaction-D-to-E1,3169,interaction,"[{""coefficient"":1,""condition"":""F1-E1-H""},{""coefficient"":-1,""condition"":""F1-E1-O""},{""coefficient"":-1,""condition"":""F1-D-H""},{""coefficient"":1,""condition"":""F1-D-O""}]",ncc,0.009219999447496185,0.0107421875,unresolved,False,length_refill_bridge,1
ELS-3169-F1-interaction-D-to-E1,3169,interaction,"[{""coefficient"":1,""condition"":""F1-E1-H""},{""coefficient"":-1,""condition"":""F1-E1-O""},{""coefficient"":-1,""condition"":""F1-D-H""},{""coefficient"":1,""condition"":""F1-D-O""}]",background,0.004388297264743102,0.00537109375,unresolved,False,length_refill_bridge,1
ELS-3169-F1-interaction-D-to-E1,3169,interaction,"[{""coefficient"":1,""condition"":""F1-E1-H""},{""coefficient"":-1,""condition"":""F1-E1-O""},{""coefficient"":-1,""condition"":""F1-D-H""},{""coefficient"":1,""condition"":""F1-D-O""}]",ab_symmetric_sum,-0.5262088775634766,0.00537109375,negative,False,length_refill_bridge,1
ELS-3169-F1-interaction-D-to-E1,3169,interaction,"[{""coefficient"":1,""condition"":""F1-E1-H""},{""coefficient"":-1,""condition"":""F1-E1-O""},{""coefficient"":-1,""condition"":""F1-D-H""},{""coefficient"":1,""condition"":""F1-D-O""}]",ab_mapping_gap_sum,0.5012245178222656,0.0107421875,positive,False,length_refill_bridge,1
ELS-3169-F1-common_shift-D-to-E1,3169,common_shift,"[{""coefficient"":0.5,""condition"":""F1-E1-H""},{""coefficient"":0.5,""condition"":""F1-E1-O""},{""coefficient"":-0.5,""condition"":""F1-D-H""},{""coefficient"":-0.5,""condition"":""F1-D-O""}]",original/answer_sum,0.8155632019042969,0.002685546875,positive,False,length_refill_bridge,1
ELS-3169-F1-common_shift-D-to-E1,3169,common_shift,"[{""coefficient"":0.5,""condition"":""F1-E1-H""},{""coefficient"":0.5,""condition"":""F1-E1-O""},{""coefficient"":-0.5,""condition"":""F1-D-H""},{""coefficient"":-0.5,""condition"":""F1-D-O""}]",original/answer_mean,0.2718503316243486,0.002685546875,positive,False,length_refill_bridge,1
ELS-3169-F1-common_shift-D-to-E1,3169,common_shift,"[{""coefficient"":0.5,""condition"":""F1-E1-H""},{""coefficient"":0.5,""condition"":""F1-E1-O""},{""coefficient"":-0.5,""condition"":""F1-D-H""},{""coefficient"":-0.5,""condition"":""F1-D-O""}]",original/total_with_eos,0.8155632019042969,0.002685546875,positive,False,length_refill_bridge,1
ELS-3169-F1-common_shift-D-to-E1,3169,common_shift,"[{""coefficient"":0.5,""condition"":""F1-E1-H""},{""coefficient"":0.5,""condition"":""F1-E1-O""},{""coefficient"":-0.5,""condition"":""F1-D-H""},{""coefficient"":-0.5,""condition"":""F1-D-O""}]",original/mean_with_eos,0.20388825734456395,0.002685546875,positive,False,length_refill_bridge,1
ELS-3169-F1-common_shift-D-to-E1,3169,common_shift,"[{""coefficient"":0.5,""condition"":""F1-E1-H""},{""coefficient"":0.5,""condition"":""F1-E1-O""},{""coefficient"":-0.5,""condition"":""F1-D-H""},{""coefficient"":-0.5,""condition"":""F1-D-O""}]",ab_forward/answer_sum,3.5347518920898438,0.002685546875,positive,False,length_refill_bridge,1
ELS-3169-F1-common_shift-D-to-E1,3169,common_shift,"[{""coefficient"":0.5,""condition"":""F1-E1-H""},{""coefficient"":0.5,""condition"":""F1-E1-O""},{""coefficient"":-0.5,""condition"":""F1-D-H""},{""coefficient"":-0.5,""condition"":""F1-D-O""}]",ab_forward/answer_mean,1.7673759460449219,0.002685546875,positive,False,length_refill_bridge,1
ELS-3169-F1-common_shift-D-to-E1,3169,common_shift,"[{""coefficient"":0.5,""condition"":""F1-E1-H""},{""coefficient"":0.5,""condition"":""F1-E1-O""},{""coefficient"":-0.5,""condition"":""F1-D-H""},{""coefficient"":-0.5,""condition"":""F1-D-O""}]",ab_forward/total_with_eos,3.5347518920898438,0.002685546875,positive,False,length_refill_bridge,1
ELS-3169-F1-common_shift-D-to-E1,3169,common_shift,"[{""coefficient"":0.5,""condition"":""F1-E1-H""},{""coefficient"":0.5,""condition"":""F1-E1-O""},{""coefficient"":-0.5,""condition"":""F1-D-H""},{""coefficient"":-0.5,""condition"":""F1-D-O""}]",ab_forward/mean_with_eos,1.1782506306966145,0.002685546875,positive,False,length_refill_bridge,1
ELS-3169-F1-common_shift-D-to-E1,3169,common_shift,"[{""coefficient"":0.5,""condition"":""F1-E1-H""},{""coefficient"":0.5,""condition"":""F1-E1-O""},{""coefficient"":-0.5,""condition"":""F1-D-H""},{""coefficient"":-0.5,""condition"":""F1-D-O""}]",ab_reverse/answer_sum,0.9270496368408203,0.002685546875,positive,False,length_refill_bridge,1
ELS-3169-F1-common_shift-D-to-E1,3169,common_shift,"[{""coefficient"":0.5,""condition"":""F1-E1-H""},{""coefficient"":0.5,""condition"":""F1-E1-O""},{""coefficient"":-0.5,""condition"":""F1-D-H""},{""coefficient"":-0.5,""condition"":""F1-D-O""}]",ab_reverse/answer_mean,0.46352481842041016,0.002685546875,positive,False,length_refill_bridge,1
ELS-3169-F1-common_shift-D-to-E1,3169,common_shift,"[{""coefficient"":0.5,""condition"":""F1-E1-H""},{""coefficient"":0.5,""condition"":""F1-E1-O""},{""coefficient"":-0.5,""condition"":""F1-D-H""},{""coefficient"":-0.5,""condition"":""F1-D-O""}]",ab_reverse/total_with_eos,0.9270496368408203,0.002685546875,positive,False,length_refill_bridge,1
ELS-3169-F1-common_shift-D-to-E1,3169,common_shift,"[{""coefficient"":0.5,""condition"":""F1-E1-H""},{""coefficient"":0.5,""condition"":""F1-E1-O""},{""coefficient"":-0.5,""condition"":""F1-D-H""},{""coefficient"":-0.5,""condition"":""F1-D-O""}]",ab_reverse/mean_with_eos,0.3090165456136069,0.002685546875,positive,False,length_refill_bridge,1
ELS-3169-F1-common_shift-D-to-E1,3169,common_shift,"[{""coefficient"":0.5,""condition"":""F1-E1-H""},{""coefficient"":0.5,""condition"":""F1-E1-O""},{""coefficient"":-0.5,""condition"":""F1-D-H""},{""coefficient"":-0.5,""condition"":""F1-D-O""}]",ncc,0.0789369524224326,0.00537109375,positive,False,length_refill_bridge,1
ELS-3169-F1-common_shift-D-to-E1,3169,common_shift,"[{""coefficient"":0.5,""condition"":""F1-E1-H""},{""coefficient"":0.5,""condition"":""F1-E1-O""},{""coefficient"":-0.5,""condition"":""F1-D-H""},{""coefficient"":-0.5,""condition"":""F1-D-O""}]",background,0.19291337920191598,0.002685546875,positive,False,length_refill_bridge,1
ELS-3169-F1-common_shift-D-to-E1,3169,common_shift,"[{""coefficient"":0.5,""condition"":""F1-E1-H""},{""coefficient"":0.5,""condition"":""F1-E1-O""},{""coefficient"":-0.5,""condition"":""F1-D-H""},{""coefficient"":-0.5,""condition"":""F1-D-O""}]",ab_symmetric_sum,2.230900764465332,0.002685546875,positive,False,length_refill_bridge,1
ELS-3169-F1-common_shift-D-to-E1,3169,common_shift,"[{""coefficient"":0.5,""condition"":""F1-E1-H""},{""coefficient"":0.5,""condition"":""F1-E1-O""},{""coefficient"":-0.5,""condition"":""F1-D-H""},{""coefficient"":-0.5,""condition"":""F1-D-O""}]",ab_mapping_gap_sum,2.6077022552490234,0.00537109375,positive,False,length_refill_bridge,1
ELS-3169-F1-shift_H-D-to-E2,3169,shift_H,"[{""coefficient"":1,""condition"":""F1-E2-H""},{""coefficient"":-1,""condition"":""F1-D-H""}]",original/answer_sum,0.7147789001464844,0.002685546875,positive,False,length_refill_bridge,1
ELS-3169-F1-shift_H-D-to-E2,3169,shift_H,"[{""coefficient"":1,""condition"":""F1-E2-H""},{""coefficient"":-1,""condition"":""F1-D-H""}]",original/answer_mean,0.2382550557454426,0.002685546875,positive,False,length_refill_bridge,1
ELS-3169-F1-shift_H-D-to-E2,3169,shift_H,"[{""coefficient"":1,""condition"":""F1-E2-H""},{""coefficient"":-1,""condition"":""F1-D-H""}]",original/total_with_eos,0.7147789001464844,0.002685546875,positive,False,length_refill_bridge,1
ELS-3169-F1-shift_H-D-to-E2,3169,shift_H,"[{""coefficient"":1,""condition"":""F1-E2-H""},{""coefficient"":-1,""condition"":""F1-D-H""}]",original/mean_with_eos,0.17869186401367188,0.002685546875,positive,False,length_refill_bridge,1
ELS-3169-F1-shift_H-D-to-E2,3169,shift_H,"[{""coefficient"":1,""condition"":""F1-E2-H""},{""coefficient"":-1,""condition"":""F1-D-H""}]",ab_forward/answer_sum,3.521953582763672,0.002685546875,positive,False,length_refill_bridge,1
ELS-3169-F1-shift_H-D-to-E2,3169,shift_H,"[{""coefficient"":1,""condition"":""F1-E2-H""},{""coefficient"":-1,""condition"":""F1-D-H""}]",ab_forward/answer_mean,1.760976791381836,0.002685546875,positive,False,length_refill_bridge,1
ELS-3169-F1-shift_H-D-to-E2,3169,shift_H,"[{""coefficient"":1,""condition"":""F1-E2-H""},{""coefficient"":-1,""condition"":""F1-D-H""}]",ab_forward/total_with_eos,3.521953582763672,0.002685546875,positive,False,length_refill_bridge,1
ELS-3169-F1-shift_H-D-to-E2,3169,shift_H,"[{""coefficient"":1,""condition"":""F1-E2-H""},{""coefficient"":-1,""condition"":""F1-D-H""}]",ab_forward/mean_with_eos,1.1739845275878906,0.002685546875,positive,False,length_refill_bridge,1
ELS-3169-F1-shift_H-D-to-E2,3169,shift_H,"[{""coefficient"":1,""condition"":""F1-E2-H""},{""coefficient"":-1,""condition"":""F1-D-H""}]",ab_reverse/answer_sum,0.7751197814941406,0.002685546875,positive,False,length_refill_bridge,1
ELS-3169-F1-shift_H-D-to-E2,3169,shift_H,"[{""coefficient"":1,""condition"":""F1-E2-H""},{""coefficient"":-1,""condition"":""F1-D-H""}]",ab_reverse/answer_mean,0.3875598907470703,0.002685546875,positive,False,length_refill_bridge,1
ELS-3169-F1-shift_H-D-to-E2,3169,shift_H,"[{""coefficient"":1,""condition"":""F1-E2-H""},{""coefficient"":-1,""condition"":""F1-D-H""}]",ab_reverse/total_with_eos,0.7751197814941406,0.002685546875,positive,False,length_refill_bridge,1
ELS-3169-F1-shift_H-D-to-E2,3169,shift_H,"[{""coefficient"":1,""condition"":""F1-E2-H""},{""coefficient"":-1,""condition"":""F1-D-H""}]",ab_reverse/mean_with_eos,0.2583732604980469,0.002685546875,positive,False,length_refill_bridge,1
ELS-3169-F1-shift_H-D-to-E2,3169,shift_H,"[{""coefficient"":1,""condition"":""F1-E2-H""},{""coefficient"":-1,""condition"":""F1-D-H""}]",ncc,0.16593364318495318,0.00537109375,positive,False,length_refill_bridge,1
ELS-3169-F1-shift_H-D-to-E2,3169,shift_H,"[{""coefficient"":1,""condition"":""F1-E2-H""},{""coefficient"":-1,""condition"":""F1-D-H""}]",background,0.0723214125604894,0.002685546875,positive,False,length_refill_bridge,1
ELS-3169-F1-shift_H-D-to-E2,3169,shift_H,"[{""coefficient"":1,""condition"":""F1-E2-H""},{""coefficient"":-1,""condition"":""F1-D-H""}]",ab_symmetric_sum,2.1485366821289062,0.002685546875,positive,False,length_refill_bridge,1
ELS-3169-F1-shift_H-D-to-E2,3169,shift_H,"[{""coefficient"":1,""condition"":""F1-E2-H""},{""coefficient"":-1,""condition"":""F1-D-H""}]",ab_mapping_gap_sum,2.7468338012695312,0.00537109375,positive,False,length_refill_bridge,1
ELS-3169-F1-shift_O-D-to-E2,3169,shift_O,"[{""coefficient"":1,""condition"":""F1-E2-O""},{""coefficient"":-1,""condition"":""F1-D-O""}]",original/answer_sum,0.5846138000488281,0.002685546875,positive,False,length_refill_bridge,1
ELS-3169-F1-shift_O-D-to-E2,3169,shift_O,"[{""coefficient"":1,""condition"":""F1-E2-O""},{""coefficient"":-1,""condition"":""F1-D-O""}]",original/answer_mean,0.19486668904622384,0.002685546875,positive,False,length_refill_bridge,1
ELS-3169-F1-shift_O-D-to-E2,3169,shift_O,"[{""coefficient"":1,""condition"":""F1-E2-O""},{""coefficient"":-1,""condition"":""F1-D-O""}]",original/total_with_eos,0.5846138000488281,0.002685546875,positive,False,length_refill_bridge,1
ELS-3169-F1-shift_O-D-to-E2,3169,shift_O,"[{""coefficient"":1,""condition"":""F1-E2-O""},{""coefficient"":-1,""condition"":""F1-D-O""}]",original/mean_with_eos,0.1461505889892578,0.002685546875,positive,False,length_refill_bridge,1
ELS-3169-F1-shift_O-D-to-E2,3169,shift_O,"[{""coefficient"":1,""condition"":""F1-E2-O""},{""coefficient"":-1,""condition"":""F1-D-O""}]",ab_forward/answer_sum,3.692138671875,0.002685546875,positive,False,length_refill_bridge,1
ELS-3169-F1-shift_O-D-to-E2,3169,shift_O,"[{""coefficient"":1,""condition"":""F1-E2-O""},{""coefficient"":-1,""condition"":""F1-D-O""}]",ab_forward/answer_mean,1.8460693359375,0.002685546875,positive,False,length_refill_bridge,1
ELS-3169-F1-shift_O-D-to-E2,3169,shift_O,"[{""coefficient"":1,""condition"":""F1-E2-O""},{""coefficient"":-1,""condition"":""F1-D-O""}]",ab_forward/total_with_eos,3.692138671875,0.002685546875,positive,False,length_refill_bridge,1
ELS-3169-F1-shift_O-D-to-E2,3169,shift_O,"[{""coefficient"":1,""condition"":""F1-E2-O""},{""coefficient"":-1,""condition"":""F1-D-O""}]",ab_forward/mean_with_eos,1.2307128906249996,0.002685546875,positive,False,length_refill_bridge,1
ELS-3169-F1-shift_O-D-to-E2,3169,shift_O,"[{""coefficient"":1,""condition"":""F1-E2-O""},{""coefficient"":-1,""condition"":""F1-D-O""}]",ab_reverse/answer_sum,1.6831893920898438,0.002685546875,positive,False,length_refill_bridge,1
ELS-3169-F1-shift_O-D-to-E2,3169,shift_O,"[{""coefficient"":1,""condition"":""F1-E2-O""},{""coefficient"":-1,""condition"":""F1-D-O""}]",ab_reverse/answer_mean,0.8415946960449219,0.002685546875,positive,False,length_refill_bridge,1
ELS-3169-F1-shift_O-D-to-E2,3169,shift_O,"[{""coefficient"":1,""condition"":""F1-E2-O""},{""coefficient"":-1,""condition"":""F1-D-O""}]",ab_reverse/total_with_eos,1.6831893920898438,0.002685546875,positive,False,length_refill_bridge,1
ELS-3169-F1-shift_O-D-to-E2,3169,shift_O,"[{""coefficient"":1,""condition"":""F1-E2-O""},{""coefficient"":-1,""condition"":""F1-D-O""}]",ab_reverse/mean_with_eos,0.5610631306966143,0.002685546875,positive,False,length_refill_bridge,1
ELS-3169-F1-shift_O-D-to-E2,3169,shift_O,"[{""coefficient"":1,""condition"":""F1-E2-O""},{""coefficient"":-1,""condition"":""F1-D-O""}]",ncc,0.1324517070054445,0.00537109375,positive,False,length_refill_bridge,1
ELS-3169-F1-shift_O-D-to-E2,3169,shift_O,"[{""coefficient"":1,""condition"":""F1-E2-O""},{""coefficient"":-1,""condition"":""F1-D-O""}]",background,0.06241498204077933,0.002685546875,positive,False,length_refill_bridge,1
ELS-3169-F1-shift_O-D-to-E2,3169,shift_O,"[{""coefficient"":1,""condition"":""F1-E2-O""},{""coefficient"":-1,""condition"":""F1-D-O""}]",ab_symmetric_sum,2.687664031982422,0.002685546875,positive,False,length_refill_bridge,1
ELS-3169-F1-shift_O-D-to-E2,3169,shift_O,"[{""coefficient"":1,""condition"":""F1-E2-O""},{""coefficient"":-1,""condition"":""F1-D-O""}]",ab_mapping_gap_sum,2.0089492797851562,0.00537109375,positive,False,length_refill_bridge,1
ELS-3169-F1-interaction-D-to-E2,3169,interaction,"[{""coefficient"":1,""condition"":""F1-E2-H""},{""coefficient"":-1,""condition"":""F1-E2-O""},{""coefficient"":-1,""condition"":""F1-D-H""},{""coefficient"":1,""condition"":""F1-D-O""}]",original/answer_sum,0.13016510009765625,0.00537109375,positive,False,length_refill_bridge,1
ELS-3169-F1-interaction-D-to-E2,3169,interaction,"[{""coefficient"":1,""condition"":""F1-E2-H""},{""coefficient"":-1,""condition"":""F1-E2-O""},{""coefficient"":-1,""condition"":""F1-D-H""},{""coefficient"":1,""condition"":""F1-D-O""}]",original/answer_mean,0.04338836669921875,0.00537109375,positive,False,length_refill_bridge,1
ELS-3169-F1-interaction-D-to-E2,3169,interaction,"[{""coefficient"":1,""condition"":""F1-E2-H""},{""coefficient"":-1,""condition"":""F1-E2-O""},{""coefficient"":-1,""condition"":""F1-D-H""},{""coefficient"":1,""condition"":""F1-D-O""}]",original/total_with_eos,0.13016510009765625,0.00537109375,positive,False,length_refill_bridge,1
ELS-3169-F1-interaction-D-to-E2,3169,interaction,"[{""coefficient"":1,""condition"":""F1-E2-H""},{""coefficient"":-1,""condition"":""F1-E2-O""},{""coefficient"":-1,""condition"":""F1-D-H""},{""coefficient"":1,""condition"":""F1-D-O""}]",original/mean_with_eos,0.03254127502441406,0.00537109375,positive,False,length_refill_bridge,1
ELS-3169-F1-interaction-D-to-E2,3169,interaction,"[{""coefficient"":1,""condition"":""F1-E2-H""},{""coefficient"":-1,""condition"":""F1-E2-O""},{""coefficient"":-1,""condition"":""F1-D-H""},{""coefficient"":1,""condition"":""F1-D-O""}]",ab_forward/answer_sum,-0.17018508911132812,0.00537109375,negative,False,length_refill_bridge,1
ELS-3169-F1-interaction-D-to-E2,3169,interaction,"[{""coefficient"":1,""condition"":""F1-E2-H""},{""coefficient"":-1,""condition"":""F1-E2-O""},{""coefficient"":-1,""condition"":""F1-D-H""},{""coefficient"":1,""condition"":""F1-D-O""}]",ab_forward/answer_mean,-0.08509254455566406,0.00537109375,negative,False,length_refill_bridge,1
ELS-3169-F1-interaction-D-to-E2,3169,interaction,"[{""coefficient"":1,""condition"":""F1-E2-H""},{""coefficient"":-1,""condition"":""F1-E2-O""},{""coefficient"":-1,""condition"":""F1-D-H""},{""coefficient"":1,""condition"":""F1-D-O""}]",ab_forward/total_with_eos,-0.17018508911132812,0.00537109375,negative,False,length_refill_bridge,1
ELS-3169-F1-interaction-D-to-E2,3169,interaction,"[{""coefficient"":1,""condition"":""F1-E2-H""},{""coefficient"":-1,""condition"":""F1-E2-O""},{""coefficient"":-1,""condition"":""F1-D-H""},{""coefficient"":1,""condition"":""F1-D-O""}]",ab_forward/mean_with_eos,-0.05672836303710893,0.00537109375,negative,False,length_refill_bridge,1
ELS-3169-F1-interaction-D-to-E2,3169,interaction,"[{""coefficient"":1,""condition"":""F1-E2-H""},{""coefficient"":-1,""condition"":""F1-E2-O""},{""coefficient"":-1,""condition"":""F1-D-H""},{""coefficient"":1,""condition"":""F1-D-O""}]",ab_reverse/answer_sum,-0.9080696105957031,0.00537109375,negative,False,length_refill_bridge,1
ELS-3169-F1-interaction-D-to-E2,3169,interaction,"[{""coefficient"":1,""condition"":""F1-E2-H""},{""coefficient"":-1,""condition"":""F1-E2-O""},{""coefficient"":-1,""condition"":""F1-D-H""},{""coefficient"":1,""condition"":""F1-D-O""}]",ab_reverse/answer_mean,-0.45403480529785156,0.00537109375,negative,False,length_refill_bridge,1
ELS-3169-F1-interaction-D-to-E2,3169,interaction,"[{""coefficient"":1,""condition"":""F1-E2-H""},{""coefficient"":-1,""condition"":""F1-E2-O""},{""coefficient"":-1,""condition"":""F1-D-H""},{""coefficient"":1,""condition"":""F1-D-O""}]",ab_reverse/total_with_eos,-0.9080696105957031,0.00537109375,negative,False,length_refill_bridge,1
ELS-3169-F1-interaction-D-to-E2,3169,interaction,"[{""coefficient"":1,""condition"":""F1-E2-H""},{""coefficient"":-1,""condition"":""F1-E2-O""},{""coefficient"":-1,""condition"":""F1-D-H""},{""coefficient"":1,""condition"":""F1-D-O""}]",ab_reverse/mean_with_eos,-0.3026898701985674,0.00537109375,negative,False,length_refill_bridge,1
ELS-3169-F1-interaction-D-to-E2,3169,interaction,"[{""coefficient"":1,""condition"":""F1-E2-H""},{""coefficient"":-1,""condition"":""F1-E2-O""},{""coefficient"":-1,""condition"":""F1-D-H""},{""coefficient"":1,""condition"":""F1-D-O""}]",ncc,0.033481936179508676,0.0107421875,positive,False,length_refill_bridge,1
ELS-3169-F1-interaction-D-to-E2,3169,interaction,"[{""coefficient"":1,""condition"":""F1-E2-H""},{""coefficient"":-1,""condition"":""F1-E2-O""},{""coefficient"":-1,""condition"":""F1-D-H""},{""coefficient"":1,""condition"":""F1-D-O""}]",background,0.009906430519710074,0.00537109375,positive,False,length_refill_bridge,1
ELS-3169-F1-interaction-D-to-E2,3169,interaction,"[{""coefficient"":1,""condition"":""F1-E2-H""},{""coefficient"":-1,""condition"":""F1-E2-O""},{""coefficient"":-1,""condition"":""F1-D-H""},{""coefficient"":1,""condition"":""F1-D-O""}]",ab_symmetric_sum,-0.5391273498535156,0.00537109375,negative,False,length_refill_bridge,1
ELS-3169-F1-interaction-D-to-E2,3169,interaction,"[{""coefficient"":1,""condition"":""F1-E2-H""},{""coefficient"":-1,""condition"":""F1-E2-O""},{""coefficient"":-1,""condition"":""F1-D-H""},{""coefficient"":1,""condition"":""F1-D-O""}]",ab_mapping_gap_sum,0.737884521484375,0.0107421875,positive,False,length_refill_bridge,1
ELS-3169-F1-common_shift-D-to-E2,3169,common_shift,"[{""coefficient"":0.5,""condition"":""F1-E2-H""},{""coefficient"":0.5,""condition"":""F1-E2-O""},{""coefficient"":-0.5,""condition"":""F1-D-H""},{""coefficient"":-0.5,""condition"":""F1-D-O""}]",original/answer_sum,0.6496963500976562,0.002685546875,positive,False,length_refill_bridge,1
ELS-3169-F1-common_shift-D-to-E2,3169,common_shift,"[{""coefficient"":0.5,""condition"":""F1-E2-H""},{""coefficient"":0.5,""condition"":""F1-E2-O""},{""coefficient"":-0.5,""condition"":""F1-D-H""},{""coefficient"":-0.5,""condition"":""F1-D-O""}]",original/answer_mean,0.21656087239583321,0.002685546875,positive,False,length_refill_bridge,1
ELS-3169-F1-common_shift-D-to-E2,3169,common_shift,"[{""coefficient"":0.5,""condition"":""F1-E2-H""},{""coefficient"":0.5,""condition"":""F1-E2-O""},{""coefficient"":-0.5,""condition"":""F1-D-H""},{""coefficient"":-0.5,""condition"":""F1-D-O""}]",original/total_with_eos,0.6496963500976562,0.002685546875,positive,False,length_refill_bridge,1
ELS-3169-F1-common_shift-D-to-E2,3169,common_shift,"[{""coefficient"":0.5,""condition"":""F1-E2-H""},{""coefficient"":0.5,""condition"":""F1-E2-O""},{""coefficient"":-0.5,""condition"":""F1-D-H""},{""coefficient"":-0.5,""condition"":""F1-D-O""}]",original/mean_with_eos,0.16242122650146484,0.002685546875,positive,False,length_refill_bridge,1
ELS-3169-F1-common_shift-D-to-E2,3169,common_shift,"[{""coefficient"":0.5,""condition"":""F1-E2-H""},{""coefficient"":0.5,""condition"":""F1-E2-O""},{""coefficient"":-0.5,""condition"":""F1-D-H""},{""coefficient"":-0.5,""condition"":""F1-D-O""}]",ab_forward/answer_sum,3.607046127319336,0.002685546875,positive,False,length_refill_bridge,1
ELS-3169-F1-common_shift-D-to-E2,3169,common_shift,"[{""coefficient"":0.5,""condition"":""F1-E2-H""},{""coefficient"":0.5,""condition"":""F1-E2-O""},{""coefficient"":-0.5,""condition"":""F1-D-H""},{""coefficient"":-0.5,""condition"":""F1-D-O""}]",ab_forward/answer_mean,1.803523063659668,0.002685546875,positive,False,length_refill_bridge,1
ELS-3169-F1-common_shift-D-to-E2,3169,common_shift,"[{""coefficient"":0.5,""condition"":""F1-E2-H""},{""coefficient"":0.5,""condition"":""F1-E2-O""},{""coefficient"":-0.5,""condition"":""F1-D-H""},{""coefficient"":-0.5,""condition"":""F1-D-O""}]",ab_forward/total_with_eos,3.607046127319336,0.002685546875,positive,False,length_refill_bridge,1
ELS-3169-F1-common_shift-D-to-E2,3169,common_shift,"[{""coefficient"":0.5,""condition"":""F1-E2-H""},{""coefficient"":0.5,""condition"":""F1-E2-O""},{""coefficient"":-0.5,""condition"":""F1-D-H""},{""coefficient"":-0.5,""condition"":""F1-D-O""}]",ab_forward/mean_with_eos,1.202348709106445,0.002685546875,positive,False,length_refill_bridge,1
ELS-3169-F1-common_shift-D-to-E2,3169,common_shift,"[{""coefficient"":0.5,""condition"":""F1-E2-H""},{""coefficient"":0.5,""condition"":""F1-E2-O""},{""coefficient"":-0.5,""condition"":""F1-D-H""},{""coefficient"":-0.5,""condition"":""F1-D-O""}]",ab_reverse/answer_sum,1.2291545867919922,0.002685546875,positive,False,length_refill_bridge,1
ELS-3169-F1-common_shift-D-to-E2,3169,common_shift,"[{""coefficient"":0.5,""condition"":""F1-E2-H""},{""coefficient"":0.5,""condition"":""F1-E2-O""},{""coefficient"":-0.5,""condition"":""F1-D-H""},{""coefficient"":-0.5,""condition"":""F1-D-O""}]",ab_reverse/answer_mean,0.6145772933959961,0.002685546875,positive,False,length_refill_bridge,1
ELS-3169-F1-common_shift-D-to-E2,3169,common_shift,"[{""coefficient"":0.5,""condition"":""F1-E2-H""},{""coefficient"":0.5,""condition"":""F1-E2-O""},{""coefficient"":-0.5,""condition"":""F1-D-H""},{""coefficient"":-0.5,""condition"":""F1-D-O""}]",ab_reverse/total_with_eos,1.2291545867919922,0.002685546875,positive,False,length_refill_bridge,1
ELS-3169-F1-common_shift-D-to-E2,3169,common_shift,"[{""coefficient"":0.5,""condition"":""F1-E2-H""},{""coefficient"":0.5,""condition"":""F1-E2-O""},{""coefficient"":-0.5,""condition"":""F1-D-H""},{""coefficient"":-0.5,""condition"":""F1-D-O""}]",ab_reverse/mean_with_eos,0.4097181955973306,0.002685546875,positive,False,length_refill_bridge,1
ELS-3169-F1-common_shift-D-to-E2,3169,common_shift,"[{""coefficient"":0.5,""condition"":""F1-E2-H""},{""coefficient"":0.5,""condition"":""F1-E2-O""},{""coefficient"":-0.5,""condition"":""F1-D-H""},{""coefficient"":-0.5,""condition"":""F1-D-O""}]",ncc,0.14919267509519885,0.00537109375,positive,False,length_refill_bridge,1
ELS-3169-F1-common_shift-D-to-E2,3169,common_shift,"[{""coefficient"":0.5,""condition"":""F1-E2-H""},{""coefficient"":0.5,""condition"":""F1-E2-O""},{""coefficient"":-0.5,""condition"":""F1-D-H""},{""coefficient"":-0.5,""condition"":""F1-D-O""}]",background,0.06736819730063437,0.002685546875,positive,False,length_refill_bridge,1
ELS-3169-F1-common_shift-D-to-E2,3169,common_shift,"[{""coefficient"":0.5,""condition"":""F1-E2-H""},{""coefficient"":0.5,""condition"":""F1-E2-O""},{""coefficient"":-0.5,""condition"":""F1-D-H""},{""coefficient"":-0.5,""condition"":""F1-D-O""}]",ab_symmetric_sum,2.418100357055664,0.002685546875,positive,False,length_refill_bridge,1
ELS-3169-F1-common_shift-D-to-E2,3169,common_shift,"[{""coefficient"":0.5,""condition"":""F1-E2-H""},{""coefficient"":0.5,""condition"":""F1-E2-O""},{""coefficient"":-0.5,""condition"":""F1-D-H""},{""coefficient"":-0.5,""condition"":""F1-D-O""}]",ab_mapping_gap_sum,2.3778915405273438,0.00537109375,positive,False,length_refill_bridge,1
ELS-3169-F1-shift_H-N1-to-E1,3169,shift_H,"[{""coefficient"":1,""condition"":""F1-E1-H""},{""coefficient"":-1,""condition"":""F1-N1-H""}]",original/answer_sum,-0.9102973937988281,0.002685546875,negative,False,filler_position_control,1
ELS-3169-F1-shift_H-N1-to-E1,3169,shift_H,"[{""coefficient"":1,""condition"":""F1-E1-H""},{""coefficient"":-1,""condition"":""F1-N1-H""}]",original/answer_mean,-0.3034319559733074,0.002685546875,negative,False,filler_position_control,1
ELS-3169-F1-shift_H-N1-to-E1,3169,shift_H,"[{""coefficient"":1,""condition"":""F1-E1-H""},{""coefficient"":-1,""condition"":""F1-N1-H""}]",original/total_with_eos,-0.9102973937988281,0.002685546875,negative,False,filler_position_control,1
ELS-3169-F1-shift_H-N1-to-E1,3169,shift_H,"[{""coefficient"":1,""condition"":""F1-E1-H""},{""coefficient"":-1,""condition"":""F1-N1-H""}]",original/mean_with_eos,-0.22757403055826808,0.002685546875,negative,False,filler_position_control,1
ELS-3169-F1-shift_H-N1-to-E1,3169,shift_H,"[{""coefficient"":1,""condition"":""F1-E1-H""},{""coefficient"":-1,""condition"":""F1-N1-H""}]",ab_forward/answer_sum,0.15004348754882812,0.002685546875,positive,False,filler_position_control,1
ELS-3169-F1-shift_H-N1-to-E1,3169,shift_H,"[{""coefficient"":1,""condition"":""F1-E1-H""},{""coefficient"":-1,""condition"":""F1-N1-H""}]",ab_forward/answer_mean,0.07502174377441406,0.002685546875,positive,False,filler_position_control,1
ELS-3169-F1-shift_H-N1-to-E1,3169,shift_H,"[{""coefficient"":1,""condition"":""F1-E1-H""},{""coefficient"":-1,""condition"":""F1-N1-H""}]",ab_forward/total_with_eos,0.15004348754882812,0.002685546875,positive,False,filler_position_control,1
ELS-3169-F1-shift_H-N1-to-E1,3169,shift_H,"[{""coefficient"":1,""condition"":""F1-E1-H""},{""coefficient"":-1,""condition"":""F1-N1-H""}]",ab_forward/mean_with_eos,0.050014495849609375,0.002685546875,positive,False,filler_position_control,1
ELS-3169-F1-shift_H-N1-to-E1,3169,shift_H,"[{""coefficient"":1,""condition"":""F1-E1-H""},{""coefficient"":-1,""condition"":""F1-N1-H""}]",ab_reverse/answer_sum,0.7927436828613281,0.002685546875,positive,False,filler_position_control,1
ELS-3169-F1-shift_H-N1-to-E1,3169,shift_H,"[{""coefficient"":1,""condition"":""F1-E1-H""},{""coefficient"":-1,""condition"":""F1-N1-H""}]",ab_reverse/answer_mean,0.39637184143066406,0.002685546875,positive,False,filler_position_control,1
ELS-3169-F1-shift_H-N1-to-E1,3169,shift_H,"[{""coefficient"":1,""condition"":""F1-E1-H""},{""coefficient"":-1,""condition"":""F1-N1-H""}]",ab_reverse/total_with_eos,0.7927436828613281,0.002685546875,positive,False,filler_position_control,1
ELS-3169-F1-shift_H-N1-to-E1,3169,shift_H,"[{""coefficient"":1,""condition"":""F1-E1-H""},{""coefficient"":-1,""condition"":""F1-N1-H""}]",ab_reverse/mean_with_eos,0.2642478942871094,0.002685546875,positive,False,filler_position_control,1
ELS-3169-F1-shift_H-N1-to-E1,3169,shift_H,"[{""coefficient"":1,""condition"":""F1-E1-H""},{""coefficient"":-1,""condition"":""F1-N1-H""}]",ncc,-0.36941494415024767,0.00537109375,negative,False,filler_position_control,1
ELS-3169-F1-shift_H-N1-to-E1,3169,shift_H,"[{""coefficient"":1,""condition"":""F1-E1-H""},{""coefficient"":-1,""condition"":""F1-N1-H""}]",background,0.06598298817694026,0.002685546875,positive,False,filler_position_control,1
ELS-3169-F1-shift_H-N1-to-E1,3169,shift_H,"[{""coefficient"":1,""condition"":""F1-E1-H""},{""coefficient"":-1,""condition"":""F1-N1-H""}]",ab_symmetric_sum,0.4713935852050781,0.002685546875,positive,False,filler_position_control,1
ELS-3169-F1-shift_H-N1-to-E1,3169,shift_H,"[{""coefficient"":1,""condition"":""F1-E1-H""},{""coefficient"":-1,""condition"":""F1-N1-H""}]",ab_mapping_gap_sum,-0.6427001953125,0.00537109375,negative,False,filler_position_control,1
ELS-3169-F1-shift_O-N1-to-E1,3169,shift_O,"[{""coefficient"":1,""condition"":""F1-E1-O""},{""coefficient"":-1,""condition"":""F1-N1-O""}]",original/answer_sum,-1.0460090637207031,0.002685546875,negative,False,filler_position_control,1
ELS-3169-F1-shift_O-N1-to-E1,3169,shift_O,"[{""coefficient"":1,""condition"":""F1-E1-O""},{""coefficient"":-1,""condition"":""F1-N1-O""}]",original/answer_mean,-0.3486686706542965,0.002685546875,negative,False,filler_position_control,1
ELS-3169-F1-shift_O-N1-to-E1,3169,shift_O,"[{""coefficient"":1,""condition"":""F1-E1-O""},{""coefficient"":-1,""condition"":""F1-N1-O""}]",original/total_with_eos,-1.0460090637207031,0.002685546875,negative,False,filler_position_control,1
ELS-3169-F1-shift_O-N1-to-E1,3169,shift_O,"[{""coefficient"":1,""condition"":""F1-E1-O""},{""coefficient"":-1,""condition"":""F1-N1-O""}]",original/mean_with_eos,-0.2615016301472979,0.002685546875,negative,False,filler_position_control,1
ELS-3169-F1-shift_O-N1-to-E1,3169,shift_O,"[{""coefficient"":1,""condition"":""F1-E1-O""},{""coefficient"":-1,""condition"":""F1-N1-O""}]",ab_forward/answer_sum,0.18642807006835938,0.002685546875,positive,False,filler_position_control,1
ELS-3169-F1-shift_O-N1-to-E1,3169,shift_O,"[{""coefficient"":1,""condition"":""F1-E1-O""},{""coefficient"":-1,""condition"":""F1-N1-O""}]",ab_forward/answer_mean,0.09321403503417969,0.002685546875,positive,False,filler_position_control,1
ELS-3169-F1-shift_O-N1-to-E1,3169,shift_O,"[{""coefficient"":1,""condition"":""F1-E1-O""},{""coefficient"":-1,""condition"":""F1-N1-O""}]",ab_forward/total_with_eos,0.18642807006835938,0.002685546875,positive,False,filler_position_control,1
ELS-3169-F1-shift_O-N1-to-E1,3169,shift_O,"[{""coefficient"":1,""condition"":""F1-E1-O""},{""coefficient"":-1,""condition"":""F1-N1-O""}]",ab_forward/mean_with_eos,0.06214269002278616,0.002685546875,positive,False,filler_position_control,1
ELS-3169-F1-shift_O-N1-to-E1,3169,shift_O,"[{""coefficient"":1,""condition"":""F1-E1-O""},{""coefficient"":-1,""condition"":""F1-N1-O""}]",ab_reverse/answer_sum,0.9514961242675781,0.002685546875,positive,False,filler_position_control,1
ELS-3169-F1-shift_O-N1-to-E1,3169,shift_O,"[{""coefficient"":1,""condition"":""F1-E1-O""},{""coefficient"":-1,""condition"":""F1-N1-O""}]",ab_reverse/answer_mean,0.47574806213378906,0.002685546875,positive,False,filler_position_control,1
ELS-3169-F1-shift_O-N1-to-E1,3169,shift_O,"[{""coefficient"":1,""condition"":""F1-E1-O""},{""coefficient"":-1,""condition"":""F1-N1-O""}]",ab_reverse/total_with_eos,0.9514961242675781,0.002685546875,positive,False,filler_position_control,1
ELS-3169-F1-shift_O-N1-to-E1,3169,shift_O,"[{""coefficient"":1,""condition"":""F1-E1-O""},{""coefficient"":-1,""condition"":""F1-N1-O""}]",ab_reverse/mean_with_eos,0.3171653747558594,0.002685546875,positive,False,filler_position_control,1
ELS-3169-F1-shift_O-N1-to-E1,3169,shift_O,"[{""coefficient"":1,""condition"":""F1-E1-O""},{""coefficient"":-1,""condition"":""F1-N1-O""}]",ncc,-0.39753260322653805,0.00537109375,negative,False,filler_position_control,1
ELS-3169-F1-shift_O-N1-to-E1,3169,shift_O,"[{""coefficient"":1,""condition"":""F1-E1-O""},{""coefficient"":-1,""condition"":""F1-N1-O""}]",background,0.04886393257224153,0.002685546875,positive,False,filler_position_control,1
ELS-3169-F1-shift_O-N1-to-E1,3169,shift_O,"[{""coefficient"":1,""condition"":""F1-E1-O""},{""coefficient"":-1,""condition"":""F1-N1-O""}]",ab_symmetric_sum,0.5689620971679688,0.002685546875,positive,False,filler_position_control,1
ELS-3169-F1-shift_O-N1-to-E1,3169,shift_O,"[{""coefficient"":1,""condition"":""F1-E1-O""},{""coefficient"":-1,""condition"":""F1-N1-O""}]",ab_mapping_gap_sum,-0.7650680541992188,0.00537109375,negative,False,filler_position_control,1
ELS-3169-F1-interaction-N1-to-E1,3169,interaction,"[{""coefficient"":1,""condition"":""F1-E1-H""},{""coefficient"":-1,""condition"":""F1-E1-O""},{""coefficient"":-1,""condition"":""F1-N1-H""},{""coefficient"":1,""condition"":""F1-N1-O""}]",original/answer_sum,0.135711669921875,0.00537109375,positive,False,filler_position_control,1
ELS-3169-F1-interaction-N1-to-E1,3169,interaction,"[{""coefficient"":1,""condition"":""F1-E1-H""},{""coefficient"":-1,""condition"":""F1-E1-O""},{""coefficient"":-1,""condition"":""F1-N1-H""},{""coefficient"":1,""condition"":""F1-N1-O""}]",original/answer_mean,0.04523671468098911,0.00537109375,positive,False,filler_position_control,1
ELS-3169-F1-interaction-N1-to-E1,3169,interaction,"[{""coefficient"":1,""condition"":""F1-E1-H""},{""coefficient"":-1,""condition"":""F1-E1-O""},{""coefficient"":-1,""condition"":""F1-N1-H""},{""coefficient"":1,""condition"":""F1-N1-O""}]",original/total_with_eos,0.135711669921875,0.00537109375,positive,False,filler_position_control,1
ELS-3169-F1-interaction-N1-to-E1,3169,interaction,"[{""coefficient"":1,""condition"":""F1-E1-H""},{""coefficient"":-1,""condition"":""F1-E1-O""},{""coefficient"":-1,""condition"":""F1-N1-H""},{""coefficient"":1,""condition"":""F1-N1-O""}]",original/mean_with_eos,0.0339275995890298,0.00537109375,positive,False,filler_position_control,1
ELS-3169-F1-interaction-N1-to-E1,3169,interaction,"[{""coefficient"":1,""condition"":""F1-E1-H""},{""coefficient"":-1,""condition"":""F1-E1-O""},{""coefficient"":-1,""condition"":""F1-N1-H""},{""coefficient"":1,""condition"":""F1-N1-O""}]",ab_forward/answer_sum,-0.03638458251953125,0.00537109375,negative,False,filler_position_control,1
ELS-3169-F1-interaction-N1-to-E1,3169,interaction,"[{""coefficient"":1,""condition"":""F1-E1-H""},{""coefficient"":-1,""condition"":""F1-E1-O""},{""coefficient"":-1,""condition"":""F1-N1-H""},{""coefficient"":1,""condition"":""F1-N1-O""}]",ab_forward/answer_mean,-0.018192291259765625,0.00537109375,negative,False,filler_position_control,1
ELS-3169-F1-interaction-N1-to-E1,3169,interaction,"[{""coefficient"":1,""condition"":""F1-E1-H""},{""coefficient"":-1,""condition"":""F1-E1-O""},{""coefficient"":-1,""condition"":""F1-N1-H""},{""coefficient"":1,""condition"":""F1-N1-O""}]",ab_forward/total_with_eos,-0.03638458251953125,0.00537109375,negative,False,filler_position_control,1
ELS-3169-F1-interaction-N1-to-E1,3169,interaction,"[{""coefficient"":1,""condition"":""F1-E1-H""},{""coefficient"":-1,""condition"":""F1-E1-O""},{""coefficient"":-1,""condition"":""F1-N1-H""},{""coefficient"":1,""condition"":""F1-N1-O""}]",ab_forward/mean_with_eos,-0.012128194173176787,0.00537109375,negative,False,filler_position_control,1
ELS-3169-F1-interaction-N1-to-E1,3169,interaction,"[{""coefficient"":1,""condition"":""F1-E1-H""},{""coefficient"":-1,""condition"":""F1-E1-O""},{""coefficient"":-1,""condition"":""F1-N1-H""},{""coefficient"":1,""condition"":""F1-N1-O""}]",ab_reverse/answer_sum,-0.15875244140625,0.00537109375,negative,False,filler_position_control,1
ELS-3169-F1-interaction-N1-to-E1,3169,interaction,"[{""coefficient"":1,""condition"":""F1-E1-H""},{""coefficient"":-1,""condition"":""F1-E1-O""},{""coefficient"":-1,""condition"":""F1-N1-H""},{""coefficient"":1,""condition"":""F1-N1-O""}]",ab_reverse/answer_mean,-0.079376220703125,0.00537109375,negative,False,filler_position_control,1
ELS-3169-F1-interaction-N1-to-E1,3169,interaction,"[{""coefficient"":1,""condition"":""F1-E1-H""},{""coefficient"":-1,""condition"":""F1-E1-O""},{""coefficient"":-1,""condition"":""F1-N1-H""},{""coefficient"":1,""condition"":""F1-N1-O""}]",ab_reverse/total_with_eos,-0.15875244140625,0.00537109375,negative,False,filler_position_control,1
ELS-3169-F1-interaction-N1-to-E1,3169,interaction,"[{""coefficient"":1,""condition"":""F1-E1-H""},{""coefficient"":-1,""condition"":""F1-E1-O""},{""coefficient"":-1,""condition"":""F1-N1-H""},{""coefficient"":1,""condition"":""F1-N1-O""}]",ab_reverse/mean_with_eos,-0.05291748046875,0.00537109375,negative,False,filler_position_control,1
ELS-3169-F1-interaction-N1-to-E1,3169,interaction,"[{""coefficient"":1,""condition"":""F1-E1-H""},{""coefficient"":-1,""condition"":""F1-E1-O""},{""coefficient"":-1,""condition"":""F1-N1-H""},{""coefficient"":1,""condition"":""F1-N1-O""}]",ncc,0.02811765907629038,0.0107421875,positive,False,filler_position_control,1
ELS-3169-F1-interaction-N1-to-E1,3169,interaction,"[{""coefficient"":1,""condition"":""F1-E1-H""},{""coefficient"":-1,""condition"":""F1-E1-O""},{""coefficient"":-1,""condition"":""F1-N1-H""},{""coefficient"":1,""condition"":""F1-N1-O""}]",background,0.01711905560469873,0.00537109375,positive,False,filler_position_control,1
ELS-3169-F1-interaction-N1-to-E1,3169,interaction,"[{""coefficient"":1,""condition"":""F1-E1-H""},{""coefficient"":-1,""condition"":""F1-E1-O""},{""coefficient"":-1,""condition"":""F1-N1-H""},{""coefficient"":1,""condition"":""F1-N1-O""}]",ab_symmetric_sum,-0.09756851196289062,0.00537109375,negative,False,filler_position_control,1
ELS-3169-F1-interaction-N1-to-E1,3169,interaction,"[{""coefficient"":1,""condition"":""F1-E1-H""},{""coefficient"":-1,""condition"":""F1-E1-O""},{""coefficient"":-1,""condition"":""F1-N1-H""},{""coefficient"":1,""condition"":""F1-N1-O""}]",ab_mapping_gap_sum,0.12236785888671875,0.0107421875,positive,False,filler_position_control,1
ELS-3169-F1-common_shift-N1-to-E1,3169,common_shift,"[{""coefficient"":0.5,""condition"":""F1-E1-H""},{""coefficient"":0.5,""condition"":""F1-E1-O""},{""coefficient"":-0.5,""condition"":""F1-N1-H""},{""coefficient"":-0.5,""condition"":""F1-N1-O""}]",original/answer_sum,-0.9781532287597656,0.002685546875,negative,False,filler_position_control,1
ELS-3169-F1-common_shift-N1-to-E1,3169,common_shift,"[{""coefficient"":0.5,""condition"":""F1-E1-H""},{""coefficient"":0.5,""condition"":""F1-E1-O""},{""coefficient"":-0.5,""condition"":""F1-N1-H""},{""coefficient"":-0.5,""condition"":""F1-N1-O""}]",original/answer_mean,-0.32605031331380196,0.002685546875,negative,False,filler_position_control,1
ELS-3169-F1-common_shift-N1-to-E1,3169,common_shift,"[{""coefficient"":0.5,""condition"":""F1-E1-H""},{""coefficient"":0.5,""condition"":""F1-E1-O""},{""coefficient"":-0.5,""condition"":""F1-N1-H""},{""coefficient"":-0.5,""condition"":""F1-N1-O""}]",original/total_with_eos,-0.9781532287597656,0.002685546875,negative,False,filler_position_control,1
ELS-3169-F1-common_shift-N1-to-E1,3169,common_shift,"[{""coefficient"":0.5,""condition"":""F1-E1-H""},{""coefficient"":0.5,""condition"":""F1-E1-O""},{""coefficient"":-0.5,""condition"":""F1-N1-H""},{""coefficient"":-0.5,""condition"":""F1-N1-O""}]",original/mean_with_eos,-0.24453783035278298,0.002685546875,negative,False,filler_position_control,1
ELS-3169-F1-common_shift-N1-to-E1,3169,common_shift,"[{""coefficient"":0.5,""condition"":""F1-E1-H""},{""coefficient"":0.5,""condition"":""F1-E1-O""},{""coefficient"":-0.5,""condition"":""F1-N1-H""},{""coefficient"":-0.5,""condition"":""F1-N1-O""}]",ab_forward/answer_sum,0.16823577880859375,0.002685546875,positive,False,filler_position_control,1
ELS-3169-F1-common_shift-N1-to-E1,3169,common_shift,"[{""coefficient"":0.5,""condition"":""F1-E1-H""},{""coefficient"":0.5,""condition"":""F1-E1-O""},{""coefficient"":-0.5,""condition"":""F1-N1-H""},{""coefficient"":-0.5,""condition"":""F1-N1-O""}]",ab_forward/answer_mean,0.08411788940429688,0.002685546875,positive,False,filler_position_control,1
ELS-3169-F1-common_shift-N1-to-E1,3169,common_shift,"[{""coefficient"":0.5,""condition"":""F1-E1-H""},{""coefficient"":0.5,""condition"":""F1-E1-O""},{""coefficient"":-0.5,""condition"":""F1-N1-H""},{""coefficient"":-0.5,""condition"":""F1-N1-O""}]",ab_forward/total_with_eos,0.16823577880859375,0.002685546875,positive,False,filler_position_control,1
ELS-3169-F1-common_shift-N1-to-E1,3169,common_shift,"[{""coefficient"":0.5,""condition"":""F1-E1-H""},{""coefficient"":0.5,""condition"":""F1-E1-O""},{""coefficient"":-0.5,""condition"":""F1-N1-H""},{""coefficient"":-0.5,""condition"":""F1-N1-O""}]",ab_forward/mean_with_eos,0.05607859293619777,0.002685546875,positive,False,filler_position_control,1
ELS-3169-F1-common_shift-N1-to-E1,3169,common_shift,"[{""coefficient"":0.5,""condition"":""F1-E1-H""},{""coefficient"":0.5,""condition"":""F1-E1-O""},{""coefficient"":-0.5,""condition"":""F1-N1-H""},{""coefficient"":-0.5,""condition"":""F1-N1-O""}]",ab_reverse/answer_sum,0.8721199035644531,0.002685546875,positive,False,filler_position_control,1
ELS-3169-F1-common_shift-N1-to-E1,3169,common_shift,"[{""coefficient"":0.5,""condition"":""F1-E1-H""},{""coefficient"":0.5,""condition"":""F1-E1-O""},{""coefficient"":-0.5,""condition"":""F1-N1-H""},{""coefficient"":-0.5,""condition"":""F1-N1-O""}]",ab_reverse/answer_mean,0.43605995178222656,0.002685546875,positive,False,filler_position_control,1
ELS-3169-F1-common_shift-N1-to-E1,3169,common_shift,"[{""coefficient"":0.5,""condition"":""F1-E1-H""},{""coefficient"":0.5,""condition"":""F1-E1-O""},{""coefficient"":-0.5,""condition"":""F1-N1-H""},{""coefficient"":-0.5,""condition"":""F1-N1-O""}]",ab_reverse/total_with_eos,0.8721199035644531,0.002685546875,positive,False,filler_position_control,1
ELS-3169-F1-common_shift-N1-to-E1,3169,common_shift,"[{""coefficient"":0.5,""condition"":""F1-E1-H""},{""coefficient"":0.5,""condition"":""F1-E1-O""},{""coefficient"":-0.5,""condition"":""F1-N1-H""},{""coefficient"":-0.5,""condition"":""F1-N1-O""}]",ab_reverse/mean_with_eos,0.2907066345214844,0.002685546875,positive,False,filler_position_control,1
ELS-3169-F1-common_shift-N1-to-E1,3169,common_shift,"[{""coefficient"":0.5,""condition"":""F1-E1-H""},{""coefficient"":0.5,""condition"":""F1-E1-O""},{""coefficient"":-0.5,""condition"":""F1-N1-H""},{""coefficient"":-0.5,""condition"":""F1-N1-O""}]",ncc,-0.38347377368839286,0.00537109375,negative,False,filler_position_control,1
ELS-3169-F1-common_shift-N1-to-E1,3169,common_shift,"[{""coefficient"":0.5,""condition"":""F1-E1-H""},{""coefficient"":0.5,""condition"":""F1-E1-O""},{""coefficient"":-0.5,""condition"":""F1-N1-H""},{""coefficient"":-0.5,""condition"":""F1-N1-O""}]",background,0.057423460374590896,0.002685546875,positive,False,filler_position_control,1
ELS-3169-F1-common_shift-N1-to-E1,3169,common_shift,"[{""coefficient"":0.5,""condition"":""F1-E1-H""},{""coefficient"":0.5,""condition"":""F1-E1-O""},{""coefficient"":-0.5,""condition"":""F1-N1-H""},{""coefficient"":-0.5,""condition"":""F1-N1-O""}]",ab_symmetric_sum,0.5201778411865234,0.002685546875,positive,False,filler_position_control,1
ELS-3169-F1-common_shift-N1-to-E1,3169,common_shift,"[{""coefficient"":0.5,""condition"":""F1-E1-H""},{""coefficient"":0.5,""condition"":""F1-E1-O""},{""coefficient"":-0.5,""condition"":""F1-N1-H""},{""coefficient"":-0.5,""condition"":""F1-N1-O""}]",ab_mapping_gap_sum,-0.7038841247558594,0.00537109375,negative,False,filler_position_control,1
ELS-3169-F1-shift_H-N2-to-E2,3169,shift_H,"[{""coefficient"":1,""condition"":""F1-E2-H""},{""coefficient"":-1,""condition"":""F1-N2-H""}]",original/answer_sum,-1.1081275939941406,0.002685546875,negative,False,filler_position_control,1
ELS-3169-F1-shift_H-N2-to-E2,3169,shift_H,"[{""coefficient"":1,""condition"":""F1-E2-H""},{""coefficient"":-1,""condition"":""F1-N2-H""}]",original/answer_mean,-0.36937586466471295,0.002685546875,negative,False,filler_position_control,1
ELS-3169-F1-shift_H-N2-to-E2,3169,shift_H,"[{""coefficient"":1,""condition"":""F1-E2-H""},{""coefficient"":-1,""condition"":""F1-N2-H""}]",original/total_with_eos,-1.1081275939941406,0.002685546875,negative,False,filler_position_control,1
ELS-3169-F1-shift_H-N2-to-E2,3169,shift_H,"[{""coefficient"":1,""condition"":""F1-E2-H""},{""coefficient"":-1,""condition"":""F1-N2-H""}]",original/mean_with_eos,-0.27703189849853516,0.002685546875,negative,False,filler_position_control,1
ELS-3169-F1-shift_H-N2-to-E2,3169,shift_H,"[{""coefficient"":1,""condition"":""F1-E2-H""},{""coefficient"":-1,""condition"":""F1-N2-H""}]",ab_forward/answer_sum,0.2140960693359375,0.002685546875,positive,False,filler_position_control,1
ELS-3169-F1-shift_H-N2-to-E2,3169,shift_H,"[{""coefficient"":1,""condition"":""F1-E2-H""},{""coefficient"":-1,""condition"":""F1-N2-H""}]",ab_forward/answer_mean,0.10704803466796875,0.002685546875,positive,False,filler_position_control,1
ELS-3169-F1-shift_H-N2-to-E2,3169,shift_H,"[{""coefficient"":1,""condition"":""F1-E2-H""},{""coefficient"":-1,""condition"":""F1-N2-H""}]",ab_forward/total_with_eos,0.2140960693359375,0.002685546875,positive,False,filler_position_control,1
ELS-3169-F1-shift_H-N2-to-E2,3169,shift_H,"[{""coefficient"":1,""condition"":""F1-E2-H""},{""coefficient"":-1,""condition"":""F1-N2-H""}]",ab_forward/mean_with_eos,0.0713653564453125,0.002685546875,positive,False,filler_position_control,1
ELS-3169-F1-shift_H-N2-to-E2,3169,shift_H,"[{""coefficient"":1,""condition"":""F1-E2-H""},{""coefficient"":-1,""condition"":""F1-N2-H""}]",ab_reverse/answer_sum,0.8482170104980469,0.002685546875,positive,False,filler_position_control,1
ELS-3169-F1-shift_H-N2-to-E2,3169,shift_H,"[{""coefficient"":1,""condition"":""F1-E2-H""},{""coefficient"":-1,""condition"":""F1-N2-H""}]",ab_reverse/answer_mean,0.42410850524902344,0.002685546875,positive,False,filler_position_control,1
ELS-3169-F1-shift_H-N2-to-E2,3169,shift_H,"[{""coefficient"":1,""condition"":""F1-E2-H""},{""coefficient"":-1,""condition"":""F1-N2-H""}]",ab_reverse/total_with_eos,0.8482170104980469,0.002685546875,positive,False,filler_position_control,1
ELS-3169-F1-shift_H-N2-to-E2,3169,shift_H,"[{""coefficient"":1,""condition"":""F1-E2-H""},{""coefficient"":-1,""condition"":""F1-N2-H""}]",ab_reverse/mean_with_eos,0.28273900349934866,0.002685546875,positive,False,filler_position_control,1
ELS-3169-F1-shift_H-N2-to-E2,3169,shift_H,"[{""coefficient"":1,""condition"":""F1-E2-H""},{""coefficient"":-1,""condition"":""F1-N2-H""}]",ncc,-0.3643170551584669,0.00537109375,negative,False,filler_position_control,1
ELS-3169-F1-shift_H-N2-to-E2,3169,shift_H,"[{""coefficient"":1,""condition"":""F1-E2-H""},{""coefficient"":-1,""condition"":""F1-N2-H""}]",background,-0.0050588095062460425,0.002685546875,negative,False,filler_position_control,1
ELS-3169-F1-shift_H-N2-to-E2,3169,shift_H,"[{""coefficient"":1,""condition"":""F1-E2-H""},{""coefficient"":-1,""condition"":""F1-N2-H""}]",ab_symmetric_sum,0.5311565399169922,0.002685546875,positive,False,filler_position_control,1
ELS-3169-F1-shift_H-N2-to-E2,3169,shift_H,"[{""coefficient"":1,""condition"":""F1-E2-H""},{""coefficient"":-1,""condition"":""F1-N2-H""}]",ab_mapping_gap_sum,-0.6341209411621094,0.00537109375,negative,False,filler_position_control,1
ELS-3169-F1-shift_O-N2-to-E2,3169,shift_O,"[{""coefficient"":1,""condition"":""F1-E2-O""},{""coefficient"":-1,""condition"":""F1-N2-O""}]",original/answer_sum,-1.3000068664550781,0.002685546875,negative,False,filler_position_control,1
ELS-3169-F1-shift_O-N2-to-E2,3169,shift_O,"[{""coefficient"":1,""condition"":""F1-E2-O""},{""coefficient"":-1,""condition"":""F1-N2-O""}]",original/answer_mean,-0.43333511352539045,0.002685546875,negative,False,filler_position_control,1
ELS-3169-F1-shift_O-N2-to-E2,3169,shift_O,"[{""coefficient"":1,""condition"":""F1-E2-O""},{""coefficient"":-1,""condition"":""F1-N2-O""}]",original/total_with_eos,-1.3000068664550781,0.002685546875,negative,False,filler_position_control,1
ELS-3169-F1-shift_O-N2-to-E2,3169,shift_O,"[{""coefficient"":1,""condition"":""F1-E2-O""},{""coefficient"":-1,""condition"":""F1-N2-O""}]",original/mean_with_eos,-0.3250013987223306,0.002685546875,negative,False,filler_position_control,1
ELS-3169-F1-shift_O-N2-to-E2,3169,shift_O,"[{""coefficient"":1,""condition"":""F1-E2-O""},{""coefficient"":-1,""condition"":""F1-N2-O""}]",ab_forward/answer_sum,0.15570068359375,0.002685546875,positive,False,filler_position_control,1
ELS-3169-F1-shift_O-N2-to-E2,3169,shift_O,"[{""coefficient"":1,""condition"":""F1-E2-O""},{""coefficient"":-1,""condition"":""F1-N2-O""}]",ab_forward/answer_mean,0.077850341796875,0.002685546875,positive,False,filler_position_control,1
ELS-3169-F1-shift_O-N2-to-E2,3169,shift_O,"[{""coefficient"":1,""condition"":""F1-E2-O""},{""coefficient"":-1,""condition"":""F1-N2-O""}]",ab_forward/total_with_eos,0.15570068359375,0.002685546875,positive,False,filler_position_control,1
ELS-3169-F1-shift_O-N2-to-E2,3169,shift_O,"[{""coefficient"":1,""condition"":""F1-E2-O""},{""coefficient"":-1,""condition"":""F1-N2-O""}]",ab_forward/mean_with_eos,0.05190022786458215,0.002685546875,positive,False,filler_position_control,1
ELS-3169-F1-shift_O-N2-to-E2,3169,shift_O,"[{""coefficient"":1,""condition"":""F1-E2-O""},{""coefficient"":-1,""condition"":""F1-N2-O""}]",ab_reverse/answer_sum,1.0273208618164062,0.002685546875,positive,False,filler_position_control,1
ELS-3169-F1-shift_O-N2-to-E2,3169,shift_O,"[{""coefficient"":1,""condition"":""F1-E2-O""},{""coefficient"":-1,""condition"":""F1-N2-O""}]",ab_reverse/answer_mean,0.5136604309082031,0.002685546875,positive,False,filler_position_control,1
ELS-3169-F1-shift_O-N2-to-E2,3169,shift_O,"[{""coefficient"":1,""condition"":""F1-E2-O""},{""coefficient"":-1,""condition"":""F1-N2-O""}]",ab_reverse/total_with_eos,1.0273208618164062,0.002685546875,positive,False,filler_position_control,1
ELS-3169-F1-shift_O-N2-to-E2,3169,shift_O,"[{""coefficient"":1,""condition"":""F1-E2-O""},{""coefficient"":-1,""condition"":""F1-N2-O""}]",ab_reverse/mean_with_eos,0.3424402872721348,0.002685546875,positive,False,filler_position_control,1
ELS-3169-F1-shift_O-N2-to-E2,3169,shift_O,"[{""coefficient"":1,""condition"":""F1-E2-O""},{""coefficient"":-1,""condition"":""F1-N2-O""}]",ncc,-0.40525934800677677,0.00537109375,negative,False,filler_position_control,1
ELS-3169-F1-shift_O-N2-to-E2,3169,shift_O,"[{""coefficient"":1,""condition"":""F1-E2-O""},{""coefficient"":-1,""condition"":""F1-N2-O""}]",background,-0.028075765518613682,0.002685546875,negative,False,filler_position_control,1
ELS-3169-F1-shift_O-N2-to-E2,3169,shift_O,"[{""coefficient"":1,""condition"":""F1-E2-O""},{""coefficient"":-1,""condition"":""F1-N2-O""}]",ab_symmetric_sum,0.5915107727050781,0.002685546875,positive,False,filler_position_control,1
ELS-3169-F1-shift_O-N2-to-E2,3169,shift_O,"[{""coefficient"":1,""condition"":""F1-E2-O""},{""coefficient"":-1,""condition"":""F1-N2-O""}]",ab_mapping_gap_sum,-0.8716201782226562,0.00537109375,negative,False,filler_position_control,1
ELS-3169-F1-interaction-N2-to-E2,3169,interaction,"[{""coefficient"":1,""condition"":""F1-E2-H""},{""coefficient"":-1,""condition"":""F1-E2-O""},{""coefficient"":-1,""condition"":""F1-N2-H""},{""coefficient"":1,""condition"":""F1-N2-O""}]",original/answer_sum,0.1918792724609375,0.00537109375,positive,False,filler_position_control,1
ELS-3169-F1-interaction-N2-to-E2,3169,interaction,"[{""coefficient"":1,""condition"":""F1-E2-H""},{""coefficient"":-1,""condition"":""F1-E2-O""},{""coefficient"":-1,""condition"":""F1-N2-H""},{""coefficient"":1,""condition"":""F1-N2-O""}]",original/answer_mean,0.0639592488606775,0.00537109375,positive,False,filler_position_control,1
ELS-3169-F1-interaction-N2-to-E2,3169,interaction,"[{""coefficient"":1,""condition"":""F1-E2-H""},{""coefficient"":-1,""condition"":""F1-E2-O""},{""coefficient"":-1,""condition"":""F1-N2-H""},{""coefficient"":1,""condition"":""F1-N2-O""}]",original/total_with_eos,0.1918792724609375,0.00537109375,positive,False,filler_position_control,1
ELS-3169-F1-interaction-N2-to-E2,3169,interaction,"[{""coefficient"":1,""condition"":""F1-E2-H""},{""coefficient"":-1,""condition"":""F1-E2-O""},{""coefficient"":-1,""condition"":""F1-N2-H""},{""coefficient"":1,""condition"":""F1-N2-O""}]",original/mean_with_eos,0.047969500223795425,0.00537109375,positive,False,filler_position_control,1
ELS-3169-F1-interaction-N2-to-E2,3169,interaction,"[{""coefficient"":1,""condition"":""F1-E2-H""},{""coefficient"":-1,""condition"":""F1-E2-O""},{""coefficient"":-1,""condition"":""F1-N2-H""},{""coefficient"":1,""condition"":""F1-N2-O""}]",ab_forward/answer_sum,0.0583953857421875,0.00537109375,positive,False,filler_position_control,1
ELS-3169-F1-interaction-N2-to-E2,3169,interaction,"[{""coefficient"":1,""condition"":""F1-E2-H""},{""coefficient"":-1,""condition"":""F1-E2-O""},{""coefficient"":-1,""condition"":""F1-N2-H""},{""coefficient"":1,""condition"":""F1-N2-O""}]",ab_forward/answer_mean,0.02919769287109375,0.00537109375,positive,False,filler_position_control,1
ELS-3169-F1-interaction-N2-to-E2,3169,interaction,"[{""coefficient"":1,""condition"":""F1-E2-H""},{""coefficient"":-1,""condition"":""F1-E2-O""},{""coefficient"":-1,""condition"":""F1-N2-H""},{""coefficient"":1,""condition"":""F1-N2-O""}]",ab_forward/total_with_eos,0.0583953857421875,0.00537109375,positive,False,filler_position_control,1
ELS-3169-F1-interaction-N2-to-E2,3169,interaction,"[{""coefficient"":1,""condition"":""F1-E2-H""},{""coefficient"":-1,""condition"":""F1-E2-O""},{""coefficient"":-1,""condition"":""F1-N2-H""},{""coefficient"":1,""condition"":""F1-N2-O""}]",ab_forward/mean_with_eos,0.01946512858073035,0.00537109375,positive,False,filler_position_control,1
ELS-3169-F1-interaction-N2-to-E2,3169,interaction,"[{""coefficient"":1,""condition"":""F1-E2-H""},{""coefficient"":-1,""condition"":""F1-E2-O""},{""coefficient"":-1,""condition"":""F1-N2-H""},{""coefficient"":1,""condition"":""F1-N2-O""}]",ab_reverse/answer_sum,-0.17910385131835938,0.00537109375,negative,False,filler_position_control,1
ELS-3169-F1-interaction-N2-to-E2,3169,interaction,"[{""coefficient"":1,""condition"":""F1-E2-H""},{""coefficient"":-1,""condition"":""F1-E2-O""},{""coefficient"":-1,""condition"":""F1-N2-H""},{""coefficient"":1,""condition"":""F1-N2-O""}]",ab_reverse/answer_mean,-0.08955192565917969,0.00537109375,negative,False,filler_position_control,1
ELS-3169-F1-interaction-N2-to-E2,3169,interaction,"[{""coefficient"":1,""condition"":""F1-E2-H""},{""coefficient"":-1,""condition"":""F1-E2-O""},{""coefficient"":-1,""condition"":""F1-N2-H""},{""coefficient"":1,""condition"":""F1-N2-O""}]",ab_reverse/total_with_eos,-0.17910385131835938,0.00537109375,negative,False,filler_position_control,1
ELS-3169-F1-interaction-N2-to-E2,3169,interaction,"[{""coefficient"":1,""condition"":""F1-E2-H""},{""coefficient"":-1,""condition"":""F1-E2-O""},{""coefficient"":-1,""condition"":""F1-N2-H""},{""coefficient"":1,""condition"":""F1-N2-O""}]",ab_reverse/mean_with_eos,-0.05970128377278616,0.00537109375,negative,False,filler_position_control,1
ELS-3169-F1-interaction-N2-to-E2,3169,interaction,"[{""coefficient"":1,""condition"":""F1-E2-H""},{""coefficient"":-1,""condition"":""F1-E2-O""},{""coefficient"":-1,""condition"":""F1-N2-H""},{""coefficient"":1,""condition"":""F1-N2-O""}]",ncc,0.04094229284830986,0.0107421875,positive,False,filler_position_control,1
ELS-3169-F1-interaction-N2-to-E2,3169,interaction,"[{""coefficient"":1,""condition"":""F1-E2-H""},{""coefficient"":-1,""condition"":""F1-E2-O""},{""coefficient"":-1,""condition"":""F1-N2-H""},{""coefficient"":1,""condition"":""F1-N2-O""}]",background,0.02301695601236764,0.00537109375,positive,False,filler_position_control,1
ELS-3169-F1-interaction-N2-to-E2,3169,interaction,"[{""coefficient"":1,""condition"":""F1-E2-H""},{""coefficient"":-1,""condition"":""F1-E2-O""},{""coefficient"":-1,""condition"":""F1-N2-H""},{""coefficient"":1,""condition"":""F1-N2-O""}]",ab_symmetric_sum,-0.06035423278808594,0.00537109375,negative,False,filler_position_control,1
ELS-3169-F1-interaction-N2-to-E2,3169,interaction,"[{""coefficient"":1,""condition"":""F1-E2-H""},{""coefficient"":-1,""condition"":""F1-E2-O""},{""coefficient"":-1,""condition"":""F1-N2-H""},{""coefficient"":1,""condition"":""F1-N2-O""}]",ab_mapping_gap_sum,0.23749923706054688,0.0107421875,positive,False,filler_position_control,1
ELS-3169-F1-common_shift-N2-to-E2,3169,common_shift,"[{""coefficient"":0.5,""condition"":""F1-E2-H""},{""coefficient"":0.5,""condition"":""F1-E2-O""},{""coefficient"":-0.5,""condition"":""F1-N2-H""},{""coefficient"":-0.5,""condition"":""F1-N2-O""}]",original/answer_sum,-1.2040672302246094,0.002685546875,negative,False,filler_position_control,1
ELS-3169-F1-common_shift-N2-to-E2,3169,common_shift,"[{""coefficient"":0.5,""condition"":""F1-E2-H""},{""coefficient"":0.5,""condition"":""F1-E2-O""},{""coefficient"":-0.5,""condition"":""F1-N2-H""},{""coefficient"":-0.5,""condition"":""F1-N2-O""}]",original/answer_mean,-0.4013554890950517,0.002685546875,negative,False,filler_position_control,1
ELS-3169-F1-common_shift-N2-to-E2,3169,common_shift,"[{""coefficient"":0.5,""condition"":""F1-E2-H""},{""coefficient"":0.5,""condition"":""F1-E2-O""},{""coefficient"":-0.5,""condition"":""F1-N2-H""},{""coefficient"":-0.5,""condition"":""F1-N2-O""}]",original/total_with_eos,-1.2040672302246094,0.002685546875,negative,False,filler_position_control,1
ELS-3169-F1-common_shift-N2-to-E2,3169,common_shift,"[{""coefficient"":0.5,""condition"":""F1-E2-H""},{""coefficient"":0.5,""condition"":""F1-E2-O""},{""coefficient"":-0.5,""condition"":""F1-N2-H""},{""coefficient"":-0.5,""condition"":""F1-N2-O""}]",original/mean_with_eos,-0.30101664861043287,0.002685546875,negative,False,filler_position_control,1
ELS-3169-F1-common_shift-N2-to-E2,3169,common_shift,"[{""coefficient"":0.5,""condition"":""F1-E2-H""},{""coefficient"":0.5,""condition"":""F1-E2-O""},{""coefficient"":-0.5,""condition"":""F1-N2-H""},{""coefficient"":-0.5,""condition"":""F1-N2-O""}]",ab_forward/answer_sum,0.18489837646484375,0.002685546875,positive,False,filler_position_control,1
ELS-3169-F1-common_shift-N2-to-E2,3169,common_shift,"[{""coefficient"":0.5,""condition"":""F1-E2-H""},{""coefficient"":0.5,""condition"":""F1-E2-O""},{""coefficient"":-0.5,""condition"":""F1-N2-H""},{""coefficient"":-0.5,""condition"":""F1-N2-O""}]",ab_forward/answer_mean,0.09244918823242188,0.002685546875,positive,False,filler_position_control,1
ELS-3169-F1-common_shift-N2-to-E2,3169,common_shift,"[{""coefficient"":0.5,""condition"":""F1-E2-H""},{""coefficient"":0.5,""condition"":""F1-E2-O""},{""coefficient"":-0.5,""condition"":""F1-N2-H""},{""coefficient"":-0.5,""condition"":""F1-N2-O""}]",ab_forward/total_with_eos,0.18489837646484375,0.002685546875,positive,False,filler_position_control,1
ELS-3169-F1-common_shift-N2-to-E2,3169,common_shift,"[{""coefficient"":0.5,""condition"":""F1-E2-H""},{""coefficient"":0.5,""condition"":""F1-E2-O""},{""coefficient"":-0.5,""condition"":""F1-N2-H""},{""coefficient"":-0.5,""condition"":""F1-N2-O""}]",ab_forward/mean_with_eos,0.061632792154947325,0.002685546875,positive,False,filler_position_control,1
ELS-3169-F1-common_shift-N2-to-E2,3169,common_shift,"[{""coefficient"":0.5,""condition"":""F1-E2-H""},{""coefficient"":0.5,""condition"":""F1-E2-O""},{""coefficient"":-0.5,""condition"":""F1-N2-H""},{""coefficient"":-0.5,""condition"":""F1-N2-O""}]",ab_reverse/answer_sum,0.9377689361572266,0.002685546875,positive,False,filler_position_control,1
ELS-3169-F1-common_shift-N2-to-E2,3169,common_shift,"[{""coefficient"":0.5,""condition"":""F1-E2-H""},{""coefficient"":0.5,""condition"":""F1-E2-O""},{""coefficient"":-0.5,""condition"":""F1-N2-H""},{""coefficient"":-0.5,""condition"":""F1-N2-O""}]",ab_reverse/answer_mean,0.4688844680786133,0.002685546875,positive,False,filler_position_control,1
ELS-3169-F1-common_shift-N2-to-E2,3169,common_shift,"[{""coefficient"":0.5,""condition"":""F1-E2-H""},{""coefficient"":0.5,""condition"":""F1-E2-O""},{""coefficient"":-0.5,""condition"":""F1-N2-H""},{""coefficient"":-0.5,""condition"":""F1-N2-O""}]",ab_reverse/total_with_eos,0.9377689361572266,0.002685546875,positive,False,filler_position_control,1
ELS-3169-F1-common_shift-N2-to-E2,3169,common_shift,"[{""coefficient"":0.5,""condition"":""F1-E2-H""},{""coefficient"":0.5,""condition"":""F1-E2-O""},{""coefficient"":-0.5,""condition"":""F1-N2-H""},{""coefficient"":-0.5,""condition"":""F1-N2-O""}]",ab_reverse/mean_with_eos,0.31258964538574174,0.002685546875,positive,False,filler_position_control,1
ELS-3169-F1-common_shift-N2-to-E2,3169,common_shift,"[{""coefficient"":0.5,""condition"":""F1-E2-H""},{""coefficient"":0.5,""condition"":""F1-E2-O""},{""coefficient"":-0.5,""condition"":""F1-N2-H""},{""coefficient"":-0.5,""condition"":""F1-N2-O""}]",ncc,-0.38478820158262184,0.00537109375,negative,False,filler_position_control,1
ELS-3169-F1-common_shift-N2-to-E2,3169,common_shift,"[{""coefficient"":0.5,""condition"":""F1-E2-H""},{""coefficient"":0.5,""condition"":""F1-E2-O""},{""coefficient"":-0.5,""condition"":""F1-N2-H""},{""coefficient"":-0.5,""condition"":""F1-N2-O""}]",background,-0.016567287512429862,0.002685546875,negative,False,filler_position_control,1
ELS-3169-F1-common_shift-N2-to-E2,3169,common_shift,"[{""coefficient"":0.5,""condition"":""F1-E2-H""},{""coefficient"":0.5,""condition"":""F1-E2-O""},{""coefficient"":-0.5,""condition"":""F1-N2-H""},{""coefficient"":-0.5,""condition"":""F1-N2-O""}]",ab_symmetric_sum,0.5613336563110352,0.002685546875,positive,False,filler_position_control,1
ELS-3169-F1-common_shift-N2-to-E2,3169,common_shift,"[{""coefficient"":0.5,""condition"":""F1-E2-H""},{""coefficient"":0.5,""condition"":""F1-E2-O""},{""coefficient"":-0.5,""condition"":""F1-N2-H""},{""coefficient"":-0.5,""condition"":""F1-N2-O""}]",ab_mapping_gap_sum,-0.7528705596923828,0.00537109375,negative,False,filler_position_control,1
ELS-3169-F1-shift_H-O-to-P1,3169,shift_H,"[{""coefficient"":1,""condition"":""F1-P1-H""},{""coefficient"":-1,""condition"":""F1-O-H""}]",original/answer_sum,-1.5252037048339844,0.002685546875,negative,False,restatement_bridge,1
ELS-3169-F1-shift_H-O-to-P1,3169,shift_H,"[{""coefficient"":1,""condition"":""F1-P1-H""},{""coefficient"":-1,""condition"":""F1-O-H""}]",original/answer_mean,-0.3419904073079427,0.002685546875,negative,False,restatement_bridge,1
ELS-3169-F1-shift_H-O-to-P1,3169,shift_H,"[{""coefficient"":1,""condition"":""F1-P1-H""},{""coefficient"":-1,""condition"":""F1-O-H""}]",original/total_with_eos,-1.5252037048339844,0.002685546875,negative,False,restatement_bridge,1
ELS-3169-F1-shift_H-O-to-P1,3169,shift_H,"[{""coefficient"":1,""condition"":""F1-P1-H""},{""coefficient"":-1,""condition"":""F1-O-H""}]",original/mean_with_eos,-0.2772941589355469,0.002685546875,negative,False,restatement_bridge,1
ELS-3169-F1-shift_H-O-to-P1,3169,shift_H,"[{""coefficient"":1,""condition"":""F1-P1-H""},{""coefficient"":-1,""condition"":""F1-O-H""}]",ab_forward/answer_sum,-1.9969940185546875,0.002685546875,negative,False,restatement_bridge,1
ELS-3169-F1-shift_H-O-to-P1,3169,shift_H,"[{""coefficient"":1,""condition"":""F1-P1-H""},{""coefficient"":-1,""condition"":""F1-O-H""}]",ab_forward/answer_mean,-0.9984970092773438,0.002685546875,negative,False,restatement_bridge,1
ELS-3169-F1-shift_H-O-to-P1,3169,shift_H,"[{""coefficient"":1,""condition"":""F1-P1-H""},{""coefficient"":-1,""condition"":""F1-O-H""}]",ab_forward/total_with_eos,-1.9969940185546875,0.002685546875,negative,False,restatement_bridge,1
ELS-3169-F1-shift_H-O-to-P1,3169,shift_H,"[{""coefficient"":1,""condition"":""F1-P1-H""},{""coefficient"":-1,""condition"":""F1-O-H""}]",ab_forward/mean_with_eos,-0.6656646728515625,0.002685546875,negative,False,restatement_bridge,1
ELS-3169-F1-shift_H-O-to-P1,3169,shift_H,"[{""coefficient"":1,""condition"":""F1-P1-H""},{""coefficient"":-1,""condition"":""F1-O-H""}]",ab_reverse/answer_sum,-4.8382568359375,0.002685546875,negative,False,restatement_bridge,1
ELS-3169-F1-shift_H-O-to-P1,3169,shift_H,"[{""coefficient"":1,""condition"":""F1-P1-H""},{""coefficient"":-1,""condition"":""F1-O-H""}]",ab_reverse/answer_mean,-2.41912841796875,0.002685546875,negative,False,restatement_bridge,1
ELS-3169-F1-shift_H-O-to-P1,3169,shift_H,"[{""coefficient"":1,""condition"":""F1-P1-H""},{""coefficient"":-1,""condition"":""F1-O-H""}]",ab_reverse/total_with_eos,-4.8382568359375,0.002685546875,negative,False,restatement_bridge,1
ELS-3169-F1-shift_H-O-to-P1,3169,shift_H,"[{""coefficient"":1,""condition"":""F1-P1-H""},{""coefficient"":-1,""condition"":""F1-O-H""}]",ab_reverse/mean_with_eos,-1.6127522786458335,0.002685546875,negative,False,restatement_bridge,1
ELS-3169-F1-shift_H-O-to-P1,3169,shift_H,"[{""coefficient"":1,""condition"":""F1-P1-H""},{""coefficient"":-1,""condition"":""F1-O-H""}]",ncc,-0.2997744232578574,0.00537109375,negative,False,restatement_bridge,1
ELS-3169-F1-shift_H-O-to-P1,3169,shift_H,"[{""coefficient"":1,""condition"":""F1-P1-H""},{""coefficient"":-1,""condition"":""F1-O-H""}]",background,-0.04221598405008553,0.002685546875,negative,False,restatement_bridge,1
ELS-3169-F1-shift_H-O-to-P1,3169,shift_H,"[{""coefficient"":1,""condition"":""F1-P1-H""},{""coefficient"":-1,""condition"":""F1-O-H""}]",ab_symmetric_sum,-3.4176254272460938,0.002685546875,negative,False,restatement_bridge,1
ELS-3169-F1-shift_H-O-to-P1,3169,shift_H,"[{""coefficient"":1,""condition"":""F1-P1-H""},{""coefficient"":-1,""condition"":""F1-O-H""}]",ab_mapping_gap_sum,2.8412628173828125,0.00537109375,positive,False,restatement_bridge,1
ELS-3169-F1-shift_O-O-to-P1,3169,shift_O,"[{""coefficient"":1,""condition"":""F1-P1-O""},{""coefficient"":-1,""condition"":""F1-O-O""}]",original/answer_sum,-1.4809494018554688,0.002685546875,negative,False,restatement_bridge,1
ELS-3169-F1-shift_O-O-to-P1,3169,shift_O,"[{""coefficient"":1,""condition"":""F1-P1-O""},{""coefficient"":-1,""condition"":""F1-O-O""}]",original/answer_mean,-0.35470072428385424,0.002685546875,negative,False,restatement_bridge,1
ELS-3169-F1-shift_O-O-to-P1,3169,shift_O,"[{""coefficient"":1,""condition"":""F1-P1-O""},{""coefficient"":-1,""condition"":""F1-O-O""}]",original/total_with_eos,-1.4809494018554688,0.002685546875,negative,False,restatement_bridge,1
ELS-3169-F1-shift_O-O-to-P1,3169,shift_O,"[{""coefficient"":1,""condition"":""F1-P1-O""},{""coefficient"":-1,""condition"":""F1-O-O""}]",original/mean_with_eos,-0.28339417775472003,0.002685546875,negative,False,restatement_bridge,1
ELS-3169-F1-shift_O-O-to-P1,3169,shift_O,"[{""coefficient"":1,""condition"":""F1-P1-O""},{""coefficient"":-1,""condition"":""F1-O-O""}]",ab_forward/answer_sum,-3.3107032775878906,0.002685546875,negative,False,restatement_bridge,1
ELS-3169-F1-shift_O-O-to-P1,3169,shift_O,"[{""coefficient"":1,""condition"":""F1-P1-O""},{""coefficient"":-1,""condition"":""F1-O-O""}]",ab_forward/answer_mean,-1.6553516387939453,0.002685546875,negative,False,restatement_bridge,1
ELS-3169-F1-shift_O-O-to-P1,3169,shift_O,"[{""coefficient"":1,""condition"":""F1-P1-O""},{""coefficient"":-1,""condition"":""F1-O-O""}]",ab_forward/total_with_eos,-3.3107032775878906,0.002685546875,negative,False,restatement_bridge,1
ELS-3169-F1-shift_O-O-to-P1,3169,shift_O,"[{""coefficient"":1,""condition"":""F1-P1-O""},{""coefficient"":-1,""condition"":""F1-O-O""}]",ab_forward/mean_with_eos,-1.1035677591959634,0.002685546875,negative,False,restatement_bridge,1
ELS-3169-F1-shift_O-O-to-P1,3169,shift_O,"[{""coefficient"":1,""condition"":""F1-P1-O""},{""coefficient"":-1,""condition"":""F1-O-O""}]",ab_reverse/answer_sum,-3.4764633178710938,0.002685546875,negative,False,restatement_bridge,1
ELS-3169-F1-shift_O-O-to-P1,3169,shift_O,"[{""coefficient"":1,""condition"":""F1-P1-O""},{""coefficient"":-1,""condition"":""F1-O-O""}]",ab_reverse/answer_mean,-1.7382316589355469,0.002685546875,negative,False,restatement_bridge,1
ELS-3169-F1-shift_O-O-to-P1,3169,shift_O,"[{""coefficient"":1,""condition"":""F1-P1-O""},{""coefficient"":-1,""condition"":""F1-O-O""}]",ab_reverse/total_with_eos,-3.4764633178710938,0.002685546875,negative,False,restatement_bridge,1
ELS-3169-F1-shift_O-O-to-P1,3169,shift_O,"[{""coefficient"":1,""condition"":""F1-P1-O""},{""coefficient"":-1,""condition"":""F1-O-O""}]",ab_reverse/mean_with_eos,-1.1588211059570315,0.002685546875,negative,False,restatement_bridge,1
ELS-3169-F1-shift_O-O-to-P1,3169,shift_O,"[{""coefficient"":1,""condition"":""F1-P1-O""},{""coefficient"":-1,""condition"":""F1-O-O""}]",ncc,-0.3079697577851426,0.00537109375,negative,False,restatement_bridge,1
ELS-3169-F1-shift_O-O-to-P1,3169,shift_O,"[{""coefficient"":1,""condition"":""F1-P1-O""},{""coefficient"":-1,""condition"":""F1-O-O""}]",background,-0.04673096649871189,0.002685546875,negative,False,restatement_bridge,1
ELS-3169-F1-shift_O-O-to-P1,3169,shift_O,"[{""coefficient"":1,""condition"":""F1-P1-O""},{""coefficient"":-1,""condition"":""F1-O-O""}]",ab_symmetric_sum,-3.393583297729492,0.002685546875,negative,False,restatement_bridge,1
ELS-3169-F1-shift_O-O-to-P1,3169,shift_O,"[{""coefficient"":1,""condition"":""F1-P1-O""},{""coefficient"":-1,""condition"":""F1-O-O""}]",ab_mapping_gap_sum,0.16576004028320312,0.00537109375,positive,False,restatement_bridge,1
ELS-3169-F1-interaction-O-to-P1,3169,interaction,"[{""coefficient"":1,""condition"":""F1-P1-H""},{""coefficient"":-1,""condition"":""F1-P1-O""},{""coefficient"":-1,""condition"":""F1-O-H""},{""coefficient"":1,""condition"":""F1-O-O""}]",original/answer_sum,-0.044254302978515625,0.00537109375,negative,False,restatement_bridge,1
ELS-3169-F1-interaction-O-to-P1,3169,interaction,"[{""coefficient"":1,""condition"":""F1-P1-H""},{""coefficient"":-1,""condition"":""F1-P1-O""},{""coefficient"":-1,""condition"":""F1-O-H""},{""coefficient"":1,""condition"":""F1-O-O""}]",original/answer_mean,0.012710316975911518,0.00537109375,positive,False,restatement_bridge,1
ELS-3169-F1-interaction-O-to-P1,3169,interaction,"[{""coefficient"":1,""condition"":""F1-P1-H""},{""coefficient"":-1,""condition"":""F1-P1-O""},{""coefficient"":-1,""condition"":""F1-O-H""},{""coefficient"":1,""condition"":""F1-O-O""}]",original/total_with_eos,-0.044254302978515625,0.00537109375,negative,False,restatement_bridge,1
ELS-3169-F1-interaction-O-to-P1,3169,interaction,"[{""coefficient"":1,""condition"":""F1-P1-H""},{""coefficient"":-1,""condition"":""F1-P1-O""},{""coefficient"":-1,""condition"":""F1-O-H""},{""coefficient"":1,""condition"":""F1-O-O""}]",original/mean_with_eos,0.006100018819173131,0.00537109375,positive,False,restatement_bridge,1
ELS-3169-F1-interaction-O-to-P1,3169,interaction,"[{""coefficient"":1,""condition"":""F1-P1-H""},{""coefficient"":-1,""condition"":""F1-P1-O""},{""coefficient"":-1,""condition"":""F1-O-H""},{""coefficient"":1,""condition"":""F1-O-O""}]",ab_forward/answer_sum,1.3137092590332031,0.00537109375,positive,False,restatement_bridge,1
ELS-3169-F1-interaction-O-to-P1,3169,interaction,"[{""coefficient"":1,""condition"":""F1-P1-H""},{""coefficient"":-1,""condition"":""F1-P1-O""},{""coefficient"":-1,""condition"":""F1-O-H""},{""coefficient"":1,""condition"":""F1-O-O""}]",ab_forward/answer_mean,0.6568546295166016,0.00537109375,positive,False,restatement_bridge,1
ELS-3169-F1-interaction-O-to-P1,3169,interaction,"[{""coefficient"":1,""condition"":""F1-P1-H""},{""coefficient"":-1,""condition"":""F1-P1-O""},{""coefficient"":-1,""condition"":""F1-O-H""},{""coefficient"":1,""condition"":""F1-O-O""}]",ab_forward/total_with_eos,1.3137092590332031,0.00537109375,positive,False,restatement_bridge,1
ELS-3169-F1-interaction-O-to-P1,3169,interaction,"[{""coefficient"":1,""condition"":""F1-P1-H""},{""coefficient"":-1,""condition"":""F1-P1-O""},{""coefficient"":-1,""condition"":""F1-O-H""},{""coefficient"":1,""condition"":""F1-O-O""}]",ab_forward/mean_with_eos,0.4379030863444009,0.00537109375,positive,False,restatement_bridge,1
ELS-3169-F1-interaction-O-to-P1,3169,interaction,"[{""coefficient"":1,""condition"":""F1-P1-H""},{""coefficient"":-1,""condition"":""F1-P1-O""},{""coefficient"":-1,""condition"":""F1-O-H""},{""coefficient"":1,""condition"":""F1-O-O""}]",ab_reverse/answer_sum,-1.3617935180664062,0.00537109375,negative,False,restatement_bridge,1
ELS-3169-F1-interaction-O-to-P1,3169,interaction,"[{""coefficient"":1,""condition"":""F1-P1-H""},{""coefficient"":-1,""condition"":""F1-P1-O""},{""coefficient"":-1,""condition"":""F1-O-H""},{""coefficient"":1,""condition"":""F1-O-O""}]",ab_reverse/answer_mean,-0.6808967590332031,0.00537109375,negative,False,restatement_bridge,1
ELS-3169-F1-interaction-O-to-P1,3169,interaction,"[{""coefficient"":1,""condition"":""F1-P1-H""},{""coefficient"":-1,""condition"":""F1-P1-O""},{""coefficient"":-1,""condition"":""F1-O-H""},{""coefficient"":1,""condition"":""F1-O-O""}]",ab_reverse/total_with_eos,-1.3617935180664062,0.00537109375,negative,False,restatement_bridge,1
ELS-3169-F1-interaction-O-to-P1,3169,interaction,"[{""coefficient"":1,""condition"":""F1-P1-H""},{""coefficient"":-1,""condition"":""F1-P1-O""},{""coefficient"":-1,""condition"":""F1-O-H""},{""coefficient"":1,""condition"":""F1-O-O""}]",ab_reverse/mean_with_eos,-0.45393117268880195,0.00537109375,negative,False,restatement_bridge,1
ELS-3169-F1-interaction-O-to-P1,3169,interaction,"[{""coefficient"":1,""condition"":""F1-P1-H""},{""coefficient"":-1,""condition"":""F1-P1-O""},{""coefficient"":-1,""condition"":""F1-O-H""},{""coefficient"":1,""condition"":""F1-O-O""}]",ncc,0.008195334527285159,0.0107421875,unresolved,False,restatement_bridge,1
ELS-3169-F1-interaction-O-to-P1,3169,interaction,"[{""coefficient"":1,""condition"":""F1-P1-H""},{""coefficient"":-1,""condition"":""F1-P1-O""},{""coefficient"":-1,""condition"":""F1-O-H""},{""coefficient"":1,""condition"":""F1-O-O""}]",background,0.004514982448626359,0.00537109375,unresolved,False,restatement_bridge,1
ELS-3169-F1-interaction-O-to-P1,3169,interaction,"[{""coefficient"":1,""condition"":""F1-P1-H""},{""coefficient"":-1,""condition"":""F1-P1-O""},{""coefficient"":-1,""condition"":""F1-O-H""},{""coefficient"":1,""condition"":""F1-O-O""}]",ab_symmetric_sum,-0.024042129516601562,0.00537109375,negative,False,restatement_bridge,1
ELS-3169-F1-interaction-O-to-P1,3169,interaction,"[{""coefficient"":1,""condition"":""F1-P1-H""},{""coefficient"":-1,""condition"":""F1-P1-O""},{""coefficient"":-1,""condition"":""F1-O-H""},{""coefficient"":1,""condition"":""F1-O-O""}]",ab_mapping_gap_sum,2.6755027770996094,0.0107421875,positive,False,restatement_bridge,1
ELS-3169-F1-common_shift-O-to-P1,3169,common_shift,"[{""coefficient"":0.5,""condition"":""F1-P1-H""},{""coefficient"":0.5,""condition"":""F1-P1-O""},{""coefficient"":-0.5,""condition"":""F1-O-H""},{""coefficient"":-0.5,""condition"":""F1-O-O""}]",original/answer_sum,-1.5030765533447266,0.002685546875,negative,False,restatement_bridge,1
ELS-3169-F1-common_shift-O-to-P1,3169,common_shift,"[{""coefficient"":0.5,""condition"":""F1-P1-H""},{""coefficient"":0.5,""condition"":""F1-P1-O""},{""coefficient"":-0.5,""condition"":""F1-O-H""},{""coefficient"":-0.5,""condition"":""F1-O-O""}]",original/answer_mean,-0.3483455657958985,0.002685546875,negative,False,restatement_bridge,1
ELS-3169-F1-common_shift-O-to-P1,3169,common_shift,"[{""coefficient"":0.5,""condition"":""F1-P1-H""},{""coefficient"":0.5,""condition"":""F1-P1-O""},{""coefficient"":-0.5,""condition"":""F1-O-H""},{""coefficient"":-0.5,""condition"":""F1-O-O""}]",original/total_with_eos,-1.5030765533447266,0.002685546875,negative,False,restatement_bridge,1
ELS-3169-F1-common_shift-O-to-P1,3169,common_shift,"[{""coefficient"":0.5,""condition"":""F1-P1-H""},{""coefficient"":0.5,""condition"":""F1-P1-O""},{""coefficient"":-0.5,""condition"":""F1-O-H""},{""coefficient"":-0.5,""condition"":""F1-O-O""}]",original/mean_with_eos,-0.2803441683451335,0.002685546875,negative,False,restatement_bridge,1
ELS-3169-F1-common_shift-O-to-P1,3169,common_shift,"[{""coefficient"":0.5,""condition"":""F1-P1-H""},{""coefficient"":0.5,""condition"":""F1-P1-O""},{""coefficient"":-0.5,""condition"":""F1-O-H""},{""coefficient"":-0.5,""condition"":""F1-O-O""}]",ab_forward/answer_sum,-2.653848648071289,0.002685546875,negative,False,restatement_bridge,1
ELS-3169-F1-common_shift-O-to-P1,3169,common_shift,"[{""coefficient"":0.5,""condition"":""F1-P1-H""},{""coefficient"":0.5,""condition"":""F1-P1-O""},{""coefficient"":-0.5,""condition"":""F1-O-H""},{""coefficient"":-0.5,""condition"":""F1-O-O""}]",ab_forward/answer_mean,-1.3269243240356445,0.002685546875,negative,False,restatement_bridge,1
ELS-3169-F1-common_shift-O-to-P1,3169,common_shift,"[{""coefficient"":0.5,""condition"":""F1-P1-H""},{""coefficient"":0.5,""condition"":""F1-P1-O""},{""coefficient"":-0.5,""condition"":""F1-O-H""},{""coefficient"":-0.5,""condition"":""F1-O-O""}]",ab_forward/total_with_eos,-2.653848648071289,0.002685546875,negative,False,restatement_bridge,1
ELS-3169-F1-common_shift-O-to-P1,3169,common_shift,"[{""coefficient"":0.5,""condition"":""F1-P1-H""},{""coefficient"":0.5,""condition"":""F1-P1-O""},{""coefficient"":-0.5,""condition"":""F1-O-H""},{""coefficient"":-0.5,""condition"":""F1-O-O""}]",ab_forward/mean_with_eos,-0.884616216023763,0.002685546875,negative,False,restatement_bridge,1
ELS-3169-F1-common_shift-O-to-P1,3169,common_shift,"[{""coefficient"":0.5,""condition"":""F1-P1-H""},{""coefficient"":0.5,""condition"":""F1-P1-O""},{""coefficient"":-0.5,""condition"":""F1-O-H""},{""coefficient"":-0.5,""condition"":""F1-O-O""}]",ab_reverse/answer_sum,-4.157360076904297,0.002685546875,negative,False,restatement_bridge,1
ELS-3169-F1-common_shift-O-to-P1,3169,common_shift,"[{""coefficient"":0.5,""condition"":""F1-P1-H""},{""coefficient"":0.5,""condition"":""F1-P1-O""},{""coefficient"":-0.5,""condition"":""F1-O-H""},{""coefficient"":-0.5,""condition"":""F1-O-O""}]",ab_reverse/answer_mean,-2.0786800384521484,0.002685546875,negative,False,restatement_bridge,1
ELS-3169-F1-common_shift-O-to-P1,3169,common_shift,"[{""coefficient"":0.5,""condition"":""F1-P1-H""},{""coefficient"":0.5,""condition"":""F1-P1-O""},{""coefficient"":-0.5,""condition"":""F1-O-H""},{""coefficient"":-0.5,""condition"":""F1-O-O""}]",ab_reverse/total_with_eos,-4.157360076904297,0.002685546875,negative,False,restatement_bridge,1
ELS-3169-F1-common_shift-O-to-P1,3169,common_shift,"[{""coefficient"":0.5,""condition"":""F1-P1-H""},{""coefficient"":0.5,""condition"":""F1-P1-O""},{""coefficient"":-0.5,""condition"":""F1-O-H""},{""coefficient"":-0.5,""condition"":""F1-O-O""}]",ab_reverse/mean_with_eos,-1.3857866923014324,0.002685546875,negative,False,restatement_bridge,1
ELS-3169-F1-common_shift-O-to-P1,3169,common_shift,"[{""coefficient"":0.5,""condition"":""F1-P1-H""},{""coefficient"":0.5,""condition"":""F1-P1-O""},{""coefficient"":-0.5,""condition"":""F1-O-H""},{""coefficient"":-0.5,""condition"":""F1-O-O""}]",ncc,-0.3038720905215,0.00537109375,negative,False,restatement_bridge,1
ELS-3169-F1-common_shift-O-to-P1,3169,common_shift,"[{""coefficient"":0.5,""condition"":""F1-P1-H""},{""coefficient"":0.5,""condition"":""F1-P1-O""},{""coefficient"":-0.5,""condition"":""F1-O-H""},{""coefficient"":-0.5,""condition"":""F1-O-O""}]",background,-0.04447347527439871,0.002685546875,negative,False,restatement_bridge,1
ELS-3169-F1-common_shift-O-to-P1,3169,common_shift,"[{""coefficient"":0.5,""condition"":""F1-P1-H""},{""coefficient"":0.5,""condition"":""F1-P1-O""},{""coefficient"":-0.5,""condition"":""F1-O-H""},{""coefficient"":-0.5,""condition"":""F1-O-O""}]",ab_symmetric_sum,-3.405604362487793,0.002685546875,negative,False,restatement_bridge,1
ELS-3169-F1-common_shift-O-to-P1,3169,common_shift,"[{""coefficient"":0.5,""condition"":""F1-P1-H""},{""coefficient"":0.5,""condition"":""F1-P1-O""},{""coefficient"":-0.5,""condition"":""F1-O-H""},{""coefficient"":-0.5,""condition"":""F1-O-O""}]",ab_mapping_gap_sum,1.5035114288330078,0.00537109375,positive,False,restatement_bridge,1
ELS-3169-F1-shift_H-O-to-P2,3169,shift_H,"[{""coefficient"":1,""condition"":""F1-P2-H""},{""coefficient"":-1,""condition"":""F1-O-H""}]",original/answer_sum,-1.6614532470703125,0.002685546875,negative,False,restatement_bridge,1
ELS-3169-F1-shift_H-O-to-P2,3169,shift_H,"[{""coefficient"":1,""condition"":""F1-P2-H""},{""coefficient"":-1,""condition"":""F1-O-H""}]",original/answer_mean,-0.3679850260416666,0.002685546875,negative,False,restatement_bridge,1
ELS-3169-F1-shift_H-O-to-P2,3169,shift_H,"[{""coefficient"":1,""condition"":""F1-P2-H""},{""coefficient"":-1,""condition"":""F1-O-H""}]",original/total_with_eos,-1.6614532470703125,0.002685546875,negative,False,restatement_bridge,1
ELS-3169-F1-shift_H-O-to-P2,3169,shift_H,"[{""coefficient"":1,""condition"":""F1-P2-H""},{""coefficient"":-1,""condition"":""F1-O-H""}]",original/mean_with_eos,-0.2992178599039713,0.002685546875,negative,False,restatement_bridge,1
ELS-3169-F1-shift_H-O-to-P2,3169,shift_H,"[{""coefficient"":1,""condition"":""F1-P2-H""},{""coefficient"":-1,""condition"":""F1-O-H""}]",ab_forward/answer_sum,-2.7119979858398438,0.002685546875,negative,False,restatement_bridge,1
ELS-3169-F1-shift_H-O-to-P2,3169,shift_H,"[{""coefficient"":1,""condition"":""F1-P2-H""},{""coefficient"":-1,""condition"":""F1-O-H""}]",ab_forward/answer_mean,-1.3559989929199219,0.002685546875,negative,False,restatement_bridge,1
ELS-3169-F1-shift_H-O-to-P2,3169,shift_H,"[{""coefficient"":1,""condition"":""F1-P2-H""},{""coefficient"":-1,""condition"":""F1-O-H""}]",ab_forward/total_with_eos,-2.7119979858398438,0.002685546875,negative,False,restatement_bridge,1
ELS-3169-F1-shift_H-O-to-P2,3169,shift_H,"[{""coefficient"":1,""condition"":""F1-P2-H""},{""coefficient"":-1,""condition"":""F1-O-H""}]",ab_forward/mean_with_eos,-0.9039993286132812,0.002685546875,negative,False,restatement_bridge,1
ELS-3169-F1-shift_H-O-to-P2,3169,shift_H,"[{""coefficient"":1,""condition"":""F1-P2-H""},{""coefficient"":-1,""condition"":""F1-O-H""}]",ab_reverse/answer_sum,-5.137622833251953,0.002685546875,negative,False,restatement_bridge,1
ELS-3169-F1-shift_H-O-to-P2,3169,shift_H,"[{""coefficient"":1,""condition"":""F1-P2-H""},{""coefficient"":-1,""condition"":""F1-O-H""}]",ab_reverse/answer_mean,-2.5688114166259766,0.002685546875,negative,False,restatement_bridge,1
ELS-3169-F1-shift_H-O-to-P2,3169,shift_H,"[{""coefficient"":1,""condition"":""F1-P2-H""},{""coefficient"":-1,""condition"":""F1-O-H""}]",ab_reverse/total_with_eos,-5.137622833251953,0.002685546875,negative,False,restatement_bridge,1
ELS-3169-F1-shift_H-O-to-P2,3169,shift_H,"[{""coefficient"":1,""condition"":""F1-P2-H""},{""coefficient"":-1,""condition"":""F1-O-H""}]",ab_reverse/mean_with_eos,-1.7125409444173179,0.002685546875,negative,False,restatement_bridge,1
ELS-3169-F1-shift_H-O-to-P2,3169,shift_H,"[{""coefficient"":1,""condition"":""F1-P2-H""},{""coefficient"":-1,""condition"":""F1-O-H""}]",ncc,-0.27830702978953736,0.00537109375,negative,False,restatement_bridge,1
ELS-3169-F1-shift_H-O-to-P2,3169,shift_H,"[{""coefficient"":1,""condition"":""F1-P2-H""},{""coefficient"":-1,""condition"":""F1-O-H""}]",background,-0.08967799625212969,0.002685546875,negative,False,restatement_bridge,1
ELS-3169-F1-shift_H-O-to-P2,3169,shift_H,"[{""coefficient"":1,""condition"":""F1-P2-H""},{""coefficient"":-1,""condition"":""F1-O-H""}]",ab_symmetric_sum,-3.9248104095458984,0.002685546875,negative,False,restatement_bridge,1
ELS-3169-F1-shift_H-O-to-P2,3169,shift_H,"[{""coefficient"":1,""condition"":""F1-P2-H""},{""coefficient"":-1,""condition"":""F1-O-H""}]",ab_mapping_gap_sum,2.4256248474121094,0.00537109375,positive,False,restatement_bridge,1
ELS-3169-F1-shift_O-O-to-P2,3169,shift_O,"[{""coefficient"":1,""condition"":""F1-P2-O""},{""coefficient"":-1,""condition"":""F1-O-O""}]",original/answer_sum,-1.7530136108398438,0.002685546875,negative,False,restatement_bridge,1
ELS-3169-F1-shift_O-O-to-P2,3169,shift_O,"[{""coefficient"":1,""condition"":""F1-P2-O""},{""coefficient"":-1,""condition"":""F1-O-O""}]",original/answer_mean,-0.4111714680989583,0.002685546875,negative,False,restatement_bridge,1
ELS-3169-F1-shift_O-O-to-P2,3169,shift_O,"[{""coefficient"":1,""condition"":""F1-P2-O""},{""coefficient"":-1,""condition"":""F1-O-O""}]",original/total_with_eos,-1.7530136108398438,0.002685546875,negative,False,restatement_bridge,1
ELS-3169-F1-shift_O-O-to-P2,3169,shift_O,"[{""coefficient"":1,""condition"":""F1-P2-O""},{""coefficient"":-1,""condition"":""F1-O-O""}]",original/mean_with_eos,-0.33002440134684247,0.002685546875,negative,False,restatement_bridge,1
ELS-3169-F1-shift_O-O-to-P2,3169,shift_O,"[{""coefficient"":1,""condition"":""F1-P2-O""},{""coefficient"":-1,""condition"":""F1-O-O""}]",ab_forward/answer_sum,-4.392509460449219,0.002685546875,negative,False,restatement_bridge,1
ELS-3169-F1-shift_O-O-to-P2,3169,shift_O,"[{""coefficient"":1,""condition"":""F1-P2-O""},{""coefficient"":-1,""condition"":""F1-O-O""}]",ab_forward/answer_mean,-2.1962547302246094,0.002685546875,negative,False,restatement_bridge,1
ELS-3169-F1-shift_O-O-to-P2,3169,shift_O,"[{""coefficient"":1,""condition"":""F1-P2-O""},{""coefficient"":-1,""condition"":""F1-O-O""}]",ab_forward/total_with_eos,-4.392509460449219,0.002685546875,negative,False,restatement_bridge,1
ELS-3169-F1-shift_O-O-to-P2,3169,shift_O,"[{""coefficient"":1,""condition"":""F1-P2-O""},{""coefficient"":-1,""condition"":""F1-O-O""}]",ab_forward/mean_with_eos,-1.4641698201497393,0.002685546875,negative,False,restatement_bridge,1
ELS-3169-F1-shift_O-O-to-P2,3169,shift_O,"[{""coefficient"":1,""condition"":""F1-P2-O""},{""coefficient"":-1,""condition"":""F1-O-O""}]",ab_reverse/answer_sum,-3.1888961791992188,0.002685546875,negative,False,restatement_bridge,1
ELS-3169-F1-shift_O-O-to-P2,3169,shift_O,"[{""coefficient"":1,""condition"":""F1-P2-O""},{""coefficient"":-1,""condition"":""F1-O-O""}]",ab_reverse/answer_mean,-1.5944480895996094,0.002685546875,negative,False,restatement_bridge,1
ELS-3169-F1-shift_O-O-to-P2,3169,shift_O,"[{""coefficient"":1,""condition"":""F1-P2-O""},{""coefficient"":-1,""condition"":""F1-O-O""}]",ab_reverse/total_with_eos,-3.1888961791992188,0.002685546875,negative,False,restatement_bridge,1
ELS-3169-F1-shift_O-O-to-P2,3169,shift_O,"[{""coefficient"":1,""condition"":""F1-P2-O""},{""coefficient"":-1,""condition"":""F1-O-O""}]",ab_reverse/mean_with_eos,-1.0629653930664062,0.002685546875,negative,False,restatement_bridge,1
ELS-3169-F1-shift_O-O-to-P2,3169,shift_O,"[{""coefficient"":1,""condition"":""F1-P2-O""},{""coefficient"":-1,""condition"":""F1-O-O""}]",ncc,-0.319222324449572,0.00537109375,negative,False,restatement_bridge,1
ELS-3169-F1-shift_O-O-to-P2,3169,shift_O,"[{""coefficient"":1,""condition"":""F1-P2-O""},{""coefficient"":-1,""condition"":""F1-O-O""}]",background,-0.09194914364938622,0.002685546875,negative,False,restatement_bridge,1
ELS-3169-F1-shift_O-O-to-P2,3169,shift_O,"[{""coefficient"":1,""condition"":""F1-P2-O""},{""coefficient"":-1,""condition"":""F1-O-O""}]",ab_symmetric_sum,-3.7907028198242188,0.002685546875,negative,False,restatement_bridge,1
ELS-3169-F1-shift_O-O-to-P2,3169,shift_O,"[{""coefficient"":1,""condition"":""F1-P2-O""},{""coefficient"":-1,""condition"":""F1-O-O""}]",ab_mapping_gap_sum,-1.20361328125,0.00537109375,negative,False,restatement_bridge,1
ELS-3169-F1-interaction-O-to-P2,3169,interaction,"[{""coefficient"":1,""condition"":""F1-P2-H""},{""coefficient"":-1,""condition"":""F1-P2-O""},{""coefficient"":-1,""condition"":""F1-O-H""},{""coefficient"":1,""condition"":""F1-O-O""}]",original/answer_sum,0.09156036376953125,0.00537109375,positive,False,restatement_bridge,1
ELS-3169-F1-interaction-O-to-P2,3169,interaction,"[{""coefficient"":1,""condition"":""F1-P2-H""},{""coefficient"":-1,""condition"":""F1-P2-O""},{""coefficient"":-1,""condition"":""F1-O-H""},{""coefficient"":1,""condition"":""F1-O-O""}]",original/answer_mean,0.04318644205729166,0.00537109375,positive,False,restatement_bridge,1
ELS-3169-F1-interaction-O-to-P2,3169,interaction,"[{""coefficient"":1,""condition"":""F1-P2-H""},{""coefficient"":-1,""condition"":""F1-P2-O""},{""coefficient"":-1,""condition"":""F1-O-H""},{""coefficient"":1,""condition"":""F1-O-O""}]",original/total_with_eos,0.09156036376953125,0.00537109375,positive,False,restatement_bridge,1
ELS-3169-F1-interaction-O-to-P2,3169,interaction,"[{""coefficient"":1,""condition"":""F1-P2-H""},{""coefficient"":-1,""condition"":""F1-P2-O""},{""coefficient"":-1,""condition"":""F1-O-H""},{""coefficient"":1,""condition"":""F1-O-O""}]",original/mean_with_eos,0.03080654144287112,0.00537109375,positive,False,restatement_bridge,1
ELS-3169-F1-interaction-O-to-P2,3169,interaction,"[{""coefficient"":1,""condition"":""F1-P2-H""},{""coefficient"":-1,""condition"":""F1-P2-O""},{""coefficient"":-1,""condition"":""F1-O-H""},{""coefficient"":1,""condition"":""F1-O-O""}]",ab_forward/answer_sum,1.680511474609375,0.00537109375,positive,False,restatement_bridge,1
ELS-3169-F1-interaction-O-to-P2,3169,interaction,"[{""coefficient"":1,""condition"":""F1-P2-H""},{""coefficient"":-1,""condition"":""F1-P2-O""},{""coefficient"":-1,""condition"":""F1-O-H""},{""coefficient"":1,""condition"":""F1-O-O""}]",ab_forward/answer_mean,0.8402557373046875,0.00537109375,positive,False,restatement_bridge,1
ELS-3169-F1-interaction-O-to-P2,3169,interaction,"[{""coefficient"":1,""condition"":""F1-P2-H""},{""coefficient"":-1,""condition"":""F1-P2-O""},{""coefficient"":-1,""condition"":""F1-O-H""},{""coefficient"":1,""condition"":""F1-O-O""}]",ab_forward/total_with_eos,1.680511474609375,0.00537109375,positive,False,restatement_bridge,1
ELS-3169-F1-interaction-O-to-P2,3169,interaction,"[{""coefficient"":1,""condition"":""F1-P2-H""},{""coefficient"":-1,""condition"":""F1-P2-O""},{""coefficient"":-1,""condition"":""F1-O-H""},{""coefficient"":1,""condition"":""F1-O-O""}]",ab_forward/mean_with_eos,0.560170491536458,0.00537109375,positive,False,restatement_bridge,1
ELS-3169-F1-interaction-O-to-P2,3169,interaction,"[{""coefficient"":1,""condition"":""F1-P2-H""},{""coefficient"":-1,""condition"":""F1-P2-O""},{""coefficient"":-1,""condition"":""F1-O-H""},{""coefficient"":1,""condition"":""F1-O-O""}]",ab_reverse/answer_sum,-1.9487266540527344,0.00537109375,negative,False,restatement_bridge,1
ELS-3169-F1-interaction-O-to-P2,3169,interaction,"[{""coefficient"":1,""condition"":""F1-P2-H""},{""coefficient"":-1,""condition"":""F1-P2-O""},{""coefficient"":-1,""condition"":""F1-O-H""},{""coefficient"":1,""condition"":""F1-O-O""}]",ab_reverse/answer_mean,-0.9743633270263672,0.00537109375,negative,False,restatement_bridge,1
ELS-3169-F1-interaction-O-to-P2,3169,interaction,"[{""coefficient"":1,""condition"":""F1-P2-H""},{""coefficient"":-1,""condition"":""F1-P2-O""},{""coefficient"":-1,""condition"":""F1-O-H""},{""coefficient"":1,""condition"":""F1-O-O""}]",ab_reverse/total_with_eos,-1.9487266540527344,0.00537109375,negative,False,restatement_bridge,1
ELS-3169-F1-interaction-O-to-P2,3169,interaction,"[{""coefficient"":1,""condition"":""F1-P2-H""},{""coefficient"":-1,""condition"":""F1-P2-O""},{""coefficient"":-1,""condition"":""F1-O-H""},{""coefficient"":1,""condition"":""F1-O-O""}]",ab_reverse/mean_with_eos,-0.6495755513509115,0.00537109375,negative,False,restatement_bridge,1
ELS-3169-F1-interaction-O-to-P2,3169,interaction,"[{""coefficient"":1,""condition"":""F1-P2-H""},{""coefficient"":-1,""condition"":""F1-P2-O""},{""coefficient"":-1,""condition"":""F1-O-H""},{""coefficient"":1,""condition"":""F1-O-O""}]",ncc,0.04091529466003463,0.0107421875,positive,False,restatement_bridge,1
ELS-3169-F1-interaction-O-to-P2,3169,interaction,"[{""coefficient"":1,""condition"":""F1-P2-H""},{""coefficient"":-1,""condition"":""F1-P2-O""},{""coefficient"":-1,""condition"":""F1-O-H""},{""coefficient"":1,""condition"":""F1-O-O""}]",background,0.0022711473972565344,0.00537109375,unresolved,False,restatement_bridge,1
ELS-3169-F1-interaction-O-to-P2,3169,interaction,"[{""coefficient"":1,""condition"":""F1-P2-H""},{""coefficient"":-1,""condition"":""F1-P2-O""},{""coefficient"":-1,""condition"":""F1-O-H""},{""coefficient"":1,""condition"":""F1-O-O""}]",ab_symmetric_sum,-0.1341075897216797,0.00537109375,negative,False,restatement_bridge,1
ELS-3169-F1-interaction-O-to-P2,3169,interaction,"[{""coefficient"":1,""condition"":""F1-P2-H""},{""coefficient"":-1,""condition"":""F1-P2-O""},{""coefficient"":-1,""condition"":""F1-O-H""},{""coefficient"":1,""condition"":""F1-O-O""}]",ab_mapping_gap_sum,3.6292381286621094,0.0107421875,positive,False,restatement_bridge,1
ELS-3169-F1-common_shift-O-to-P2,3169,common_shift,"[{""coefficient"":0.5,""condition"":""F1-P2-H""},{""coefficient"":0.5,""condition"":""F1-P2-O""},{""coefficient"":-0.5,""condition"":""F1-O-H""},{""coefficient"":-0.5,""condition"":""F1-O-O""}]",original/answer_sum,-1.7072334289550781,0.002685546875,negative,False,restatement_bridge,1
ELS-3169-F1-common_shift-O-to-P2,3169,common_shift,"[{""coefficient"":0.5,""condition"":""F1-P2-H""},{""coefficient"":0.5,""condition"":""F1-P2-O""},{""coefficient"":-0.5,""condition"":""F1-O-H""},{""coefficient"":-0.5,""condition"":""F1-O-O""}]",original/answer_mean,-0.38957824707031247,0.002685546875,negative,False,restatement_bridge,1
ELS-3169-F1-common_shift-O-to-P2,3169,common_shift,"[{""coefficient"":0.5,""condition"":""F1-P2-H""},{""coefficient"":0.5,""condition"":""F1-P2-O""},{""coefficient"":-0.5,""condition"":""F1-O-H""},{""coefficient"":-0.5,""condition"":""F1-O-O""}]",original/total_with_eos,-1.7072334289550781,0.002685546875,negative,False,restatement_bridge,1
ELS-3169-F1-common_shift-O-to-P2,3169,common_shift,"[{""coefficient"":0.5,""condition"":""F1-P2-H""},{""coefficient"":0.5,""condition"":""F1-P2-O""},{""coefficient"":-0.5,""condition"":""F1-O-H""},{""coefficient"":-0.5,""condition"":""F1-O-O""}]",original/mean_with_eos,-0.3146211306254069,0.002685546875,negative,False,restatement_bridge,1
ELS-3169-F1-common_shift-O-to-P2,3169,common_shift,"[{""coefficient"":0.5,""condition"":""F1-P2-H""},{""coefficient"":0.5,""condition"":""F1-P2-O""},{""coefficient"":-0.5,""condition"":""F1-O-H""},{""coefficient"":-0.5,""condition"":""F1-O-O""}]",ab_forward/answer_sum,-3.5522537231445312,0.002685546875,negative,False,restatement_bridge,1
ELS-3169-F1-common_shift-O-to-P2,3169,common_shift,"[{""coefficient"":0.5,""condition"":""F1-P2-H""},{""coefficient"":0.5,""condition"":""F1-P2-O""},{""coefficient"":-0.5,""condition"":""F1-O-H""},{""coefficient"":-0.5,""condition"":""F1-O-O""}]",ab_forward/answer_mean,-1.7761268615722656,0.002685546875,negative,False,restatement_bridge,1
ELS-3169-F1-common_shift-O-to-P2,3169,common_shift,"[{""coefficient"":0.5,""condition"":""F1-P2-H""},{""coefficient"":0.5,""condition"":""F1-P2-O""},{""coefficient"":-0.5,""condition"":""F1-O-H""},{""coefficient"":-0.5,""condition"":""F1-O-O""}]",ab_forward/total_with_eos,-3.5522537231445312,0.002685546875,negative,False,restatement_bridge,1
ELS-3169-F1-common_shift-O-to-P2,3169,common_shift,"[{""coefficient"":0.5,""condition"":""F1-P2-H""},{""coefficient"":0.5,""condition"":""F1-P2-O""},{""coefficient"":-0.5,""condition"":""F1-O-H""},{""coefficient"":-0.5,""condition"":""F1-O-O""}]",ab_forward/mean_with_eos,-1.1840845743815103,0.002685546875,negative,False,restatement_bridge,1
ELS-3169-F1-common_shift-O-to-P2,3169,common_shift,"[{""coefficient"":0.5,""condition"":""F1-P2-H""},{""coefficient"":0.5,""condition"":""F1-P2-O""},{""coefficient"":-0.5,""condition"":""F1-O-H""},{""coefficient"":-0.5,""condition"":""F1-O-O""}]",ab_reverse/answer_sum,-4.163259506225586,0.002685546875,negative,False,restatement_bridge,1
ELS-3169-F1-common_shift-O-to-P2,3169,common_shift,"[{""coefficient"":0.5,""condition"":""F1-P2-H""},{""coefficient"":0.5,""condition"":""F1-P2-O""},{""coefficient"":-0.5,""condition"":""F1-O-H""},{""coefficient"":-0.5,""condition"":""F1-O-O""}]",ab_reverse/answer_mean,-2.081629753112793,0.002685546875,negative,False,restatement_bridge,1
ELS-3169-F1-common_shift-O-to-P2,3169,common_shift,"[{""coefficient"":0.5,""condition"":""F1-P2-H""},{""coefficient"":0.5,""condition"":""F1-P2-O""},{""coefficient"":-0.5,""condition"":""F1-O-H""},{""coefficient"":-0.5,""condition"":""F1-O-O""}]",ab_reverse/total_with_eos,-4.163259506225586,0.002685546875,negative,False,restatement_bridge,1
ELS-3169-F1-common_shift-O-to-P2,3169,common_shift,"[{""coefficient"":0.5,""condition"":""F1-P2-H""},{""coefficient"":0.5,""condition"":""F1-P2-O""},{""coefficient"":-0.5,""condition"":""F1-O-H""},{""coefficient"":-0.5,""condition"":""F1-O-O""}]",ab_reverse/mean_with_eos,-1.387753168741862,0.002685546875,negative,False,restatement_bridge,1
ELS-3169-F1-common_shift-O-to-P2,3169,common_shift,"[{""coefficient"":0.5,""condition"":""F1-P2-H""},{""coefficient"":0.5,""condition"":""F1-P2-O""},{""coefficient"":-0.5,""condition"":""F1-O-H""},{""coefficient"":-0.5,""condition"":""F1-O-O""}]",ncc,-0.2987646771195547,0.00537109375,negative,False,restatement_bridge,1
ELS-3169-F1-common_shift-O-to-P2,3169,common_shift,"[{""coefficient"":0.5,""condition"":""F1-P2-H""},{""coefficient"":0.5,""condition"":""F1-P2-O""},{""coefficient"":-0.5,""condition"":""F1-O-H""},{""coefficient"":-0.5,""condition"":""F1-O-O""}]",background,-0.09081356995075796,0.002685546875,negative,False,restatement_bridge,1
ELS-3169-F1-common_shift-O-to-P2,3169,common_shift,"[{""coefficient"":0.5,""condition"":""F1-P2-H""},{""coefficient"":0.5,""condition"":""F1-P2-O""},{""coefficient"":-0.5,""condition"":""F1-O-H""},{""coefficient"":-0.5,""condition"":""F1-O-O""}]",ab_symmetric_sum,-3.8577566146850586,0.002685546875,negative,False,restatement_bridge,1
ELS-3169-F1-common_shift-O-to-P2,3169,common_shift,"[{""coefficient"":0.5,""condition"":""F1-P2-H""},{""coefficient"":0.5,""condition"":""F1-P2-O""},{""coefficient"":-0.5,""condition"":""F1-O-H""},{""coefficient"":-0.5,""condition"":""F1-O-O""}]",ab_mapping_gap_sum,0.6110057830810547,0.00537109375,positive,False,restatement_bridge,1
ELS-3169-F1-shift_H-O-to-X1,3169,shift_H,"[{""coefficient"":1,""condition"":""F1-X1-H""},{""coefficient"":-1,""condition"":""F1-O-H""}]",original/answer_sum,-0.23195648193359375,0.002685546875,negative,False,scope_total_bridge,1
ELS-3169-F1-shift_H-O-to-X1,3169,shift_H,"[{""coefficient"":1,""condition"":""F1-X1-H""},{""coefficient"":-1,""condition"":""F1-O-H""}]",original/answer_mean,-0.05260721842447916,0.002685546875,negative,False,scope_total_bridge,1
ELS-3169-F1-shift_H-O-to-X1,3169,shift_H,"[{""coefficient"":1,""condition"":""F1-X1-H""},{""coefficient"":-1,""condition"":""F1-O-H""}]",original/total_with_eos,-0.23195648193359375,0.002685546875,negative,False,scope_total_bridge,1
ELS-3169-F1-shift_H-O-to-X1,3169,shift_H,"[{""coefficient"":1,""condition"":""F1-X1-H""},{""coefficient"":-1,""condition"":""F1-O-H""}]",original/mean_with_eos,-0.04254436492919922,0.002685546875,negative,False,scope_total_bridge,1
ELS-3169-F1-shift_H-O-to-X1,3169,shift_H,"[{""coefficient"":1,""condition"":""F1-X1-H""},{""coefficient"":-1,""condition"":""F1-O-H""}]",ab_forward/answer_sum,3.118255615234375,0.002685546875,positive,False,scope_total_bridge,1
ELS-3169-F1-shift_H-O-to-X1,3169,shift_H,"[{""coefficient"":1,""condition"":""F1-X1-H""},{""coefficient"":-1,""condition"":""F1-O-H""}]",ab_forward/answer_mean,1.5591278076171875,0.002685546875,positive,False,scope_total_bridge,1
ELS-3169-F1-shift_H-O-to-X1,3169,shift_H,"[{""coefficient"":1,""condition"":""F1-X1-H""},{""coefficient"":-1,""condition"":""F1-O-H""}]",ab_forward/total_with_eos,3.118255615234375,0.002685546875,positive,False,scope_total_bridge,1
ELS-3169-F1-shift_H-O-to-X1,3169,shift_H,"[{""coefficient"":1,""condition"":""F1-X1-H""},{""coefficient"":-1,""condition"":""F1-O-H""}]",ab_forward/mean_with_eos,1.039418538411458,0.002685546875,positive,False,scope_total_bridge,1
ELS-3169-F1-shift_H-O-to-X1,3169,shift_H,"[{""coefficient"":1,""condition"":""F1-X1-H""},{""coefficient"":-1,""condition"":""F1-O-H""}]",ab_reverse/answer_sum,-1.3013725280761719,0.002685546875,negative,False,scope_total_bridge,1
ELS-3169-F1-shift_H-O-to-X1,3169,shift_H,"[{""coefficient"":1,""condition"":""F1-X1-H""},{""coefficient"":-1,""condition"":""F1-O-H""}]",ab_reverse/answer_mean,-0.6506862640380859,0.002685546875,negative,False,scope_total_bridge,1
ELS-3169-F1-shift_H-O-to-X1,3169,shift_H,"[{""coefficient"":1,""condition"":""F1-X1-H""},{""coefficient"":-1,""condition"":""F1-O-H""}]",ab_reverse/total_with_eos,-1.3013725280761719,0.002685546875,negative,False,scope_total_bridge,1
ELS-3169-F1-shift_H-O-to-X1,3169,shift_H,"[{""coefficient"":1,""condition"":""F1-X1-H""},{""coefficient"":-1,""condition"":""F1-O-H""}]",ab_reverse/mean_with_eos,-0.4337908426920575,0.002685546875,negative,False,scope_total_bridge,1
ELS-3169-F1-shift_H-O-to-X1,3169,shift_H,"[{""coefficient"":1,""condition"":""F1-X1-H""},{""coefficient"":-1,""condition"":""F1-O-H""}]",ncc,-0.03653593555191037,0.00537109375,negative,False,scope_total_bridge,1
ELS-3169-F1-shift_H-O-to-X1,3169,shift_H,"[{""coefficient"":1,""condition"":""F1-X1-H""},{""coefficient"":-1,""condition"":""F1-O-H""}]",background,-0.016071282872569093,0.002685546875,negative,False,scope_total_bridge,1
ELS-3169-F1-shift_H-O-to-X1,3169,shift_H,"[{""coefficient"":1,""condition"":""F1-X1-H""},{""coefficient"":-1,""condition"":""F1-O-H""}]",ab_symmetric_sum,0.9084415435791016,0.002685546875,positive,False,scope_total_bridge,1
ELS-3169-F1-shift_H-O-to-X1,3169,shift_H,"[{""coefficient"":1,""condition"":""F1-X1-H""},{""coefficient"":-1,""condition"":""F1-O-H""}]",ab_mapping_gap_sum,4.419628143310547,0.00537109375,positive,False,scope_total_bridge,1
ELS-3169-F1-shift_O-O-to-X1,3169,shift_O,"[{""coefficient"":1,""condition"":""F1-X1-O""},{""coefficient"":-1,""condition"":""F1-O-O""}]",original/answer_sum,0.20375442504882812,0.002685546875,positive,False,scope_total_bridge,1
ELS-3169-F1-shift_O-O-to-X1,3169,shift_O,"[{""coefficient"":1,""condition"":""F1-X1-O""},{""coefficient"":-1,""condition"":""F1-O-O""}]",original/answer_mean,0.05468724568684896,0.002685546875,positive,False,scope_total_bridge,1
ELS-3169-F1-shift_O-O-to-X1,3169,shift_O,"[{""coefficient"":1,""condition"":""F1-X1-O""},{""coefficient"":-1,""condition"":""F1-O-O""}]",original/total_with_eos,0.20375442504882812,0.002685546875,positive,False,scope_total_bridge,1
ELS-3169-F1-shift_O-O-to-X1,3169,shift_O,"[{""coefficient"":1,""condition"":""F1-X1-O""},{""coefficient"":-1,""condition"":""F1-O-O""}]",original/mean_with_eos,0.04266929626464844,0.002685546875,positive,False,scope_total_bridge,1
ELS-3169-F1-shift_O-O-to-X1,3169,shift_O,"[{""coefficient"":1,""condition"":""F1-X1-O""},{""coefficient"":-1,""condition"":""F1-O-O""}]",ab_forward/answer_sum,2.848865509033203,0.002685546875,positive,False,scope_total_bridge,1
ELS-3169-F1-shift_O-O-to-X1,3169,shift_O,"[{""coefficient"":1,""condition"":""F1-X1-O""},{""coefficient"":-1,""condition"":""F1-O-O""}]",ab_forward/answer_mean,1.4244327545166016,0.002685546875,positive,False,scope_total_bridge,1
ELS-3169-F1-shift_O-O-to-X1,3169,shift_O,"[{""coefficient"":1,""condition"":""F1-X1-O""},{""coefficient"":-1,""condition"":""F1-O-O""}]",ab_forward/total_with_eos,2.848865509033203,0.002685546875,positive,False,scope_total_bridge,1
ELS-3169-F1-shift_O-O-to-X1,3169,shift_O,"[{""coefficient"":1,""condition"":""F1-X1-O""},{""coefficient"":-1,""condition"":""F1-O-O""}]",ab_forward/mean_with_eos,0.9496218363444013,0.002685546875,positive,False,scope_total_bridge,1
ELS-3169-F1-shift_O-O-to-X1,3169,shift_O,"[{""coefficient"":1,""condition"":""F1-X1-O""},{""coefficient"":-1,""condition"":""F1-O-O""}]",ab_reverse/answer_sum,0.1513824462890625,0.002685546875,positive,False,scope_total_bridge,1
ELS-3169-F1-shift_O-O-to-X1,3169,shift_O,"[{""coefficient"":1,""condition"":""F1-X1-O""},{""coefficient"":-1,""condition"":""F1-O-O""}]",ab_reverse/answer_mean,0.07569122314453125,0.002685546875,positive,False,scope_total_bridge,1
ELS-3169-F1-shift_O-O-to-X1,3169,shift_O,"[{""coefficient"":1,""condition"":""F1-X1-O""},{""coefficient"":-1,""condition"":""F1-O-O""}]",ab_reverse/total_with_eos,0.1513824462890625,0.002685546875,positive,False,scope_total_bridge,1
ELS-3169-F1-shift_O-O-to-X1,3169,shift_O,"[{""coefficient"":1,""condition"":""F1-X1-O""},{""coefficient"":-1,""condition"":""F1-O-O""}]",ab_reverse/mean_with_eos,0.0504608154296875,0.002685546875,positive,False,scope_total_bridge,1
ELS-3169-F1-shift_O-O-to-X1,3169,shift_O,"[{""coefficient"":1,""condition"":""F1-X1-O""},{""coefficient"":-1,""condition"":""F1-O-O""}]",ncc,0.08744610722477253,0.00537109375,positive,False,scope_total_bridge,1
ELS-3169-F1-shift_O-O-to-X1,3169,shift_O,"[{""coefficient"":1,""condition"":""F1-X1-O""},{""coefficient"":-1,""condition"":""F1-O-O""}]",background,-0.03275886153792351,0.002685546875,negative,False,scope_total_bridge,1
ELS-3169-F1-shift_O-O-to-X1,3169,shift_O,"[{""coefficient"":1,""condition"":""F1-X1-O""},{""coefficient"":-1,""condition"":""F1-O-O""}]",ab_symmetric_sum,1.5001239776611328,0.002685546875,positive,False,scope_total_bridge,1
ELS-3169-F1-shift_O-O-to-X1,3169,shift_O,"[{""coefficient"":1,""condition"":""F1-X1-O""},{""coefficient"":-1,""condition"":""F1-O-O""}]",ab_mapping_gap_sum,2.6974830627441406,0.00537109375,positive,False,scope_total_bridge,1
ELS-3169-F1-interaction-O-to-X1,3169,interaction,"[{""coefficient"":1,""condition"":""F1-X1-H""},{""coefficient"":-1,""condition"":""F1-X1-O""},{""coefficient"":-1,""condition"":""F1-O-H""},{""coefficient"":1,""condition"":""F1-O-O""}]",original/answer_sum,-0.4357109069824219,0.00537109375,negative,False,scope_total_bridge,1
ELS-3169-F1-interaction-O-to-X1,3169,interaction,"[{""coefficient"":1,""condition"":""F1-X1-H""},{""coefficient"":-1,""condition"":""F1-X1-O""},{""coefficient"":-1,""condition"":""F1-O-H""},{""coefficient"":1,""condition"":""F1-O-O""}]",original/answer_mean,-0.10729446411132812,0.00537109375,negative,False,scope_total_bridge,1
ELS-3169-F1-interaction-O-to-X1,3169,interaction,"[{""coefficient"":1,""condition"":""F1-X1-H""},{""coefficient"":-1,""condition"":""F1-X1-O""},{""coefficient"":-1,""condition"":""F1-O-H""},{""coefficient"":1,""condition"":""F1-O-O""}]",original/total_with_eos,-0.4357109069824219,0.00537109375,negative,False,scope_total_bridge,1
ELS-3169-F1-interaction-O-to-X1,3169,interaction,"[{""coefficient"":1,""condition"":""F1-X1-H""},{""coefficient"":-1,""condition"":""F1-X1-O""},{""coefficient"":-1,""condition"":""F1-O-H""},{""coefficient"":1,""condition"":""F1-O-O""}]",original/mean_with_eos,-0.08521366119384766,0.00537109375,negative,False,scope_total_bridge,1
ELS-3169-F1-interaction-O-to-X1,3169,interaction,"[{""coefficient"":1,""condition"":""F1-X1-H""},{""coefficient"":-1,""condition"":""F1-X1-O""},{""coefficient"":-1,""condition"":""F1-O-H""},{""coefficient"":1,""condition"":""F1-O-O""}]",ab_forward/answer_sum,0.2693901062011719,0.00537109375,positive,False,scope_total_bridge,1
ELS-3169-F1-interaction-O-to-X1,3169,interaction,"[{""coefficient"":1,""condition"":""F1-X1-H""},{""coefficient"":-1,""condition"":""F1-X1-O""},{""coefficient"":-1,""condition"":""F1-O-H""},{""coefficient"":1,""condition"":""F1-O-O""}]",ab_forward/answer_mean,0.13469505310058594,0.00537109375,positive,False,scope_total_bridge,1
ELS-3169-F1-interaction-O-to-X1,3169,interaction,"[{""coefficient"":1,""condition"":""F1-X1-H""},{""coefficient"":-1,""condition"":""F1-X1-O""},{""coefficient"":-1,""condition"":""F1-O-H""},{""coefficient"":1,""condition"":""F1-O-O""}]",ab_forward/total_with_eos,0.2693901062011719,0.00537109375,positive,False,scope_total_bridge,1
ELS-3169-F1-interaction-O-to-X1,3169,interaction,"[{""coefficient"":1,""condition"":""F1-X1-H""},{""coefficient"":-1,""condition"":""F1-X1-O""},{""coefficient"":-1,""condition"":""F1-O-H""},{""coefficient"":1,""condition"":""F1-O-O""}]",ab_forward/mean_with_eos,0.0897967020670567,0.00537109375,positive,False,scope_total_bridge,1
ELS-3169-F1-interaction-O-to-X1,3169,interaction,"[{""coefficient"":1,""condition"":""F1-X1-H""},{""coefficient"":-1,""condition"":""F1-X1-O""},{""coefficient"":-1,""condition"":""F1-O-H""},{""coefficient"":1,""condition"":""F1-O-O""}]",ab_reverse/answer_sum,-1.4527549743652344,0.00537109375,negative,False,scope_total_bridge,1
ELS-3169-F1-interaction-O-to-X1,3169,interaction,"[{""coefficient"":1,""condition"":""F1-X1-H""},{""coefficient"":-1,""condition"":""F1-X1-O""},{""coefficient"":-1,""condition"":""F1-O-H""},{""coefficient"":1,""condition"":""F1-O-O""}]",ab_reverse/answer_mean,-0.7263774871826172,0.00537109375,negative,False,scope_total_bridge,1
ELS-3169-F1-interaction-O-to-X1,3169,interaction,"[{""coefficient"":1,""condition"":""F1-X1-H""},{""coefficient"":-1,""condition"":""F1-X1-O""},{""coefficient"":-1,""condition"":""F1-O-H""},{""coefficient"":1,""condition"":""F1-O-O""}]",ab_reverse/total_with_eos,-1.4527549743652344,0.00537109375,negative,False,scope_total_bridge,1
ELS-3169-F1-interaction-O-to-X1,3169,interaction,"[{""coefficient"":1,""condition"":""F1-X1-H""},{""coefficient"":-1,""condition"":""F1-X1-O""},{""coefficient"":-1,""condition"":""F1-O-H""},{""coefficient"":1,""condition"":""F1-O-O""}]",ab_reverse/mean_with_eos,-0.484251658121745,0.00537109375,negative,False,scope_total_bridge,1
ELS-3169-F1-interaction-O-to-X1,3169,interaction,"[{""coefficient"":1,""condition"":""F1-X1-H""},{""coefficient"":-1,""condition"":""F1-X1-O""},{""coefficient"":-1,""condition"":""F1-O-H""},{""coefficient"":1,""condition"":""F1-O-O""}]",ncc,-0.1239820427766829,0.0107421875,negative,False,scope_total_bridge,1
ELS-3169-F1-interaction-O-to-X1,3169,interaction,"[{""coefficient"":1,""condition"":""F1-X1-H""},{""coefficient"":-1,""condition"":""F1-X1-O""},{""coefficient"":-1,""condition"":""F1-O-H""},{""coefficient"":1,""condition"":""F1-O-O""}]",background,0.01668757866535442,0.00537109375,positive,False,scope_total_bridge,1
ELS-3169-F1-interaction-O-to-X1,3169,interaction,"[{""coefficient"":1,""condition"":""F1-X1-H""},{""coefficient"":-1,""condition"":""F1-X1-O""},{""coefficient"":-1,""condition"":""F1-O-H""},{""coefficient"":1,""condition"":""F1-O-O""}]",ab_symmetric_sum,-0.5916824340820312,0.00537109375,negative,False,scope_total_bridge,1
ELS-3169-F1-interaction-O-to-X1,3169,interaction,"[{""coefficient"":1,""condition"":""F1-X1-H""},{""coefficient"":-1,""condition"":""F1-X1-O""},{""coefficient"":-1,""condition"":""F1-O-H""},{""coefficient"":1,""condition"":""F1-O-O""}]",ab_mapping_gap_sum,1.7221450805664062,0.0107421875,positive,False,scope_total_bridge,1
ELS-3169-F1-common_shift-O-to-X1,3169,common_shift,"[{""coefficient"":0.5,""condition"":""F1-X1-H""},{""coefficient"":0.5,""condition"":""F1-X1-O""},{""coefficient"":-0.5,""condition"":""F1-O-H""},{""coefficient"":-0.5,""condition"":""F1-O-O""}]",original/answer_sum,-0.014101028442382812,0.002685546875,negative,False,scope_total_bridge,1
ELS-3169-F1-common_shift-O-to-X1,3169,common_shift,"[{""coefficient"":0.5,""condition"":""F1-X1-H""},{""coefficient"":0.5,""condition"":""F1-X1-O""},{""coefficient"":-0.5,""condition"":""F1-O-H""},{""coefficient"":-0.5,""condition"":""F1-O-O""}]",original/answer_mean,0.0010400136311849023,0.002685546875,unresolved,False,scope_total_bridge,1
ELS-3169-F1-common_shift-O-to-X1,3169,common_shift,"[{""coefficient"":0.5,""condition"":""F1-X1-H""},{""coefficient"":0.5,""condition"":""F1-X1-O""},{""coefficient"":-0.5,""condition"":""F1-O-H""},{""coefficient"":-0.5,""condition"":""F1-O-O""}]",original/total_with_eos,-0.014101028442382812,0.002685546875,negative,False,scope_total_bridge,1
ELS-3169-F1-common_shift-O-to-X1,3169,common_shift,"[{""coefficient"":0.5,""condition"":""F1-X1-H""},{""coefficient"":0.5,""condition"":""F1-X1-O""},{""coefficient"":-0.5,""condition"":""F1-O-H""},{""coefficient"":-0.5,""condition"":""F1-O-O""}]",original/mean_with_eos,6.246566772460938e-05,0.002685546875,unresolved,False,scope_total_bridge,1
ELS-3169-F1-common_shift-O-to-X1,3169,common_shift,"[{""coefficient"":0.5,""condition"":""F1-X1-H""},{""coefficient"":0.5,""condition"":""F1-X1-O""},{""coefficient"":-0.5,""condition"":""F1-O-H""},{""coefficient"":-0.5,""condition"":""F1-O-O""}]",ab_forward/answer_sum,2.983560562133789,0.002685546875,positive,False,scope_total_bridge,1
ELS-3169-F1-common_shift-O-to-X1,3169,common_shift,"[{""coefficient"":0.5,""condition"":""F1-X1-H""},{""coefficient"":0.5,""condition"":""F1-X1-O""},{""coefficient"":-0.5,""condition"":""F1-O-H""},{""coefficient"":-0.5,""condition"":""F1-O-O""}]",ab_forward/answer_mean,1.4917802810668945,0.002685546875,positive,False,scope_total_bridge,1
ELS-3169-F1-common_shift-O-to-X1,3169,common_shift,"[{""coefficient"":0.5,""condition"":""F1-X1-H""},{""coefficient"":0.5,""condition"":""F1-X1-O""},{""coefficient"":-0.5,""condition"":""F1-O-H""},{""coefficient"":-0.5,""condition"":""F1-O-O""}]",ab_forward/total_with_eos,2.983560562133789,0.002685546875,positive,False,scope_total_bridge,1
ELS-3169-F1-common_shift-O-to-X1,3169,common_shift,"[{""coefficient"":0.5,""condition"":""F1-X1-H""},{""coefficient"":0.5,""condition"":""F1-X1-O""},{""coefficient"":-0.5,""condition"":""F1-O-H""},{""coefficient"":-0.5,""condition"":""F1-O-O""}]",ab_forward/mean_with_eos,0.9945201873779297,0.002685546875,positive,False,scope_total_bridge,1
ELS-3169-F1-common_shift-O-to-X1,3169,common_shift,"[{""coefficient"":0.5,""condition"":""F1-X1-H""},{""coefficient"":0.5,""condition"":""F1-X1-O""},{""coefficient"":-0.5,""condition"":""F1-O-H""},{""coefficient"":-0.5,""condition"":""F1-O-O""}]",ab_reverse/answer_sum,-0.5749950408935547,0.002685546875,negative,False,scope_total_bridge,1
ELS-3169-F1-common_shift-O-to-X1,3169,common_shift,"[{""coefficient"":0.5,""condition"":""F1-X1-H""},{""coefficient"":0.5,""condition"":""F1-X1-O""},{""coefficient"":-0.5,""condition"":""F1-O-H""},{""coefficient"":-0.5,""condition"":""F1-O-O""}]",ab_reverse/answer_mean,-0.28749752044677734,0.002685546875,negative,False,scope_total_bridge,1
ELS-3169-F1-common_shift-O-to-X1,3169,common_shift,"[{""coefficient"":0.5,""condition"":""F1-X1-H""},{""coefficient"":0.5,""condition"":""F1-X1-O""},{""coefficient"":-0.5,""condition"":""F1-O-H""},{""coefficient"":-0.5,""condition"":""F1-O-O""}]",ab_reverse/total_with_eos,-0.5749950408935547,0.002685546875,negative,False,scope_total_bridge,1
ELS-3169-F1-common_shift-O-to-X1,3169,common_shift,"[{""coefficient"":0.5,""condition"":""F1-X1-H""},{""coefficient"":0.5,""condition"":""F1-X1-O""},{""coefficient"":-0.5,""condition"":""F1-O-H""},{""coefficient"":-0.5,""condition"":""F1-O-O""}]",ab_reverse/mean_with_eos,-0.191665013631185,0.002685546875,negative,False,scope_total_bridge,1
ELS-3169-F1-common_shift-O-to-X1,3169,common_shift,"[{""coefficient"":0.5,""condition"":""F1-X1-H""},{""coefficient"":0.5,""condition"":""F1-X1-O""},{""coefficient"":-0.5,""condition"":""F1-O-H""},{""coefficient"":-0.5,""condition"":""F1-O-O""}]",ncc,0.02545508583643108,0.00537109375,positive,False,scope_total_bridge,1
ELS-3169-F1-common_shift-O-to-X1,3169,common_shift,"[{""coefficient"":0.5,""condition"":""F1-X1-H""},{""coefficient"":0.5,""condition"":""F1-X1-O""},{""coefficient"":-0.5,""condition"":""F1-O-H""},{""coefficient"":-0.5,""condition"":""F1-O-O""}]",background,-0.024415072205246302,0.002685546875,negative,False,scope_total_bridge,1
ELS-3169-F1-common_shift-O-to-X1,3169,common_shift,"[{""coefficient"":0.5,""condition"":""F1-X1-H""},{""coefficient"":0.5,""condition"":""F1-X1-O""},{""coefficient"":-0.5,""condition"":""F1-O-H""},{""coefficient"":-0.5,""condition"":""F1-O-O""}]",ab_symmetric_sum,1.2042827606201172,0.002685546875,positive,False,scope_total_bridge,1
ELS-3169-F1-common_shift-O-to-X1,3169,common_shift,"[{""coefficient"":0.5,""condition"":""F1-X1-H""},{""coefficient"":0.5,""condition"":""F1-X1-O""},{""coefficient"":-0.5,""condition"":""F1-O-H""},{""coefficient"":-0.5,""condition"":""F1-O-O""}]",ab_mapping_gap_sum,3.5585556030273438,0.00537109375,positive,False,scope_total_bridge,1
ELS-3169-F1-shift_H-O-to-X2,3169,shift_H,"[{""coefficient"":1,""condition"":""F1-X2-H""},{""coefficient"":-1,""condition"":""F1-O-H""}]",original/answer_sum,0.10707855224609375,0.002685546875,positive,False,scope_total_bridge,1
ELS-3169-F1-shift_H-O-to-X2,3169,shift_H,"[{""coefficient"":1,""condition"":""F1-X2-H""},{""coefficient"":-1,""condition"":""F1-O-H""}]",original/answer_mean,0.03182067871093747,0.002685546875,positive,False,scope_total_bridge,1
ELS-3169-F1-shift_H-O-to-X2,3169,shift_H,"[{""coefficient"":1,""condition"":""F1-X2-H""},{""coefficient"":-1,""condition"":""F1-O-H""}]",original/total_with_eos,0.10707855224609375,0.002685546875,positive,False,scope_total_bridge,1
ELS-3169-F1-shift_H-O-to-X2,3169,shift_H,"[{""coefficient"":1,""condition"":""F1-X2-H""},{""coefficient"":-1,""condition"":""F1-O-H""}]",original/mean_with_eos,0.02434953053792316,0.002685546875,positive,False,scope_total_bridge,1
ELS-3169-F1-shift_H-O-to-X2,3169,shift_H,"[{""coefficient"":1,""condition"":""F1-X2-H""},{""coefficient"":-1,""condition"":""F1-O-H""}]",ab_forward/answer_sum,3.611400604248047,0.002685546875,positive,False,scope_total_bridge,1
ELS-3169-F1-shift_H-O-to-X2,3169,shift_H,"[{""coefficient"":1,""condition"":""F1-X2-H""},{""coefficient"":-1,""condition"":""F1-O-H""}]",ab_forward/answer_mean,1.8057003021240234,0.002685546875,positive,False,scope_total_bridge,1
ELS-3169-F1-shift_H-O-to-X2,3169,shift_H,"[{""coefficient"":1,""condition"":""F1-X2-H""},{""coefficient"":-1,""condition"":""F1-O-H""}]",ab_forward/total_with_eos,3.611400604248047,0.002685546875,positive,False,scope_total_bridge,1
ELS-3169-F1-shift_H-O-to-X2,3169,shift_H,"[{""coefficient"":1,""condition"":""F1-X2-H""},{""coefficient"":-1,""condition"":""F1-O-H""}]",ab_forward/mean_with_eos,1.2038002014160156,0.002685546875,positive,False,scope_total_bridge,1
ELS-3169-F1-shift_H-O-to-X2,3169,shift_H,"[{""coefficient"":1,""condition"":""F1-X2-H""},{""coefficient"":-1,""condition"":""F1-O-H""}]",ab_reverse/answer_sum,-0.5791358947753906,0.002685546875,negative,False,scope_total_bridge,1
ELS-3169-F1-shift_H-O-to-X2,3169,shift_H,"[{""coefficient"":1,""condition"":""F1-X2-H""},{""coefficient"":-1,""condition"":""F1-O-H""}]",ab_reverse/answer_mean,-0.2895679473876953,0.002685546875,negative,False,scope_total_bridge,1
ELS-3169-F1-shift_H-O-to-X2,3169,shift_H,"[{""coefficient"":1,""condition"":""F1-X2-H""},{""coefficient"":-1,""condition"":""F1-O-H""}]",ab_reverse/total_with_eos,-0.5791358947753906,0.002685546875,negative,False,scope_total_bridge,1
ELS-3169-F1-shift_H-O-to-X2,3169,shift_H,"[{""coefficient"":1,""condition"":""F1-X2-H""},{""coefficient"":-1,""condition"":""F1-O-H""}]",ab_reverse/mean_with_eos,-0.19304529825846362,0.002685546875,negative,False,scope_total_bridge,1
ELS-3169-F1-shift_H-O-to-X2,3169,shift_H,"[{""coefficient"":1,""condition"":""F1-X2-H""},{""coefficient"":-1,""condition"":""F1-O-H""}]",ncc,0.06640619170175821,0.00537109375,positive,False,scope_total_bridge,1
ELS-3169-F1-shift_H-O-to-X2,3169,shift_H,"[{""coefficient"":1,""condition"":""F1-X2-H""},{""coefficient"":-1,""condition"":""F1-O-H""}]",background,-0.0345855129908208,0.002685546875,negative,False,scope_total_bridge,1
ELS-3169-F1-shift_H-O-to-X2,3169,shift_H,"[{""coefficient"":1,""condition"":""F1-X2-H""},{""coefficient"":-1,""condition"":""F1-O-H""}]",ab_symmetric_sum,1.5161323547363281,0.002685546875,positive,False,scope_total_bridge,1
ELS-3169-F1-shift_H-O-to-X2,3169,shift_H,"[{""coefficient"":1,""condition"":""F1-X2-H""},{""coefficient"":-1,""condition"":""F1-O-H""}]",ab_mapping_gap_sum,4.1905364990234375,0.00537109375,positive,False,scope_total_bridge,1
ELS-3169-F1-shift_O-O-to-X2,3169,shift_O,"[{""coefficient"":1,""condition"":""F1-X2-O""},{""coefficient"":-1,""condition"":""F1-O-O""}]",original/answer_sum,0.5014228820800781,0.002685546875,positive,False,scope_total_bridge,1
ELS-3169-F1-shift_O-O-to-X2,3169,shift_O,"[{""coefficient"":1,""condition"":""F1-X2-O""},{""coefficient"":-1,""condition"":""F1-O-O""}]",original/answer_mean,0.13723220825195312,0.002685546875,positive,False,scope_total_bridge,1
ELS-3169-F1-shift_O-O-to-X2,3169,shift_O,"[{""coefficient"":1,""condition"":""F1-X2-O""},{""coefficient"":-1,""condition"":""F1-O-O""}]",original/total_with_eos,0.5014228820800781,0.002685546875,positive,False,scope_total_bridge,1
ELS-3169-F1-shift_O-O-to-X2,3169,shift_O,"[{""coefficient"":1,""condition"":""F1-X2-O""},{""coefficient"":-1,""condition"":""F1-O-O""}]",original/mean_with_eos,0.10666275024414062,0.002685546875,positive,False,scope_total_bridge,1
ELS-3169-F1-shift_O-O-to-X2,3169,shift_O,"[{""coefficient"":1,""condition"":""F1-X2-O""},{""coefficient"":-1,""condition"":""F1-O-O""}]",ab_forward/answer_sum,3.335979461669922,0.002685546875,positive,False,scope_total_bridge,1
ELS-3169-F1-shift_O-O-to-X2,3169,shift_O,"[{""coefficient"":1,""condition"":""F1-X2-O""},{""coefficient"":-1,""condition"":""F1-O-O""}]",ab_forward/answer_mean,1.667989730834961,0.002685546875,positive,False,scope_total_bridge,1
ELS-3169-F1-shift_O-O-to-X2,3169,shift_O,"[{""coefficient"":1,""condition"":""F1-X2-O""},{""coefficient"":-1,""condition"":""F1-O-O""}]",ab_forward/total_with_eos,3.335979461669922,0.002685546875,positive,False,scope_total_bridge,1
ELS-3169-F1-shift_O-O-to-X2,3169,shift_O,"[{""coefficient"":1,""condition"":""F1-X2-O""},{""coefficient"":-1,""condition"":""F1-O-O""}]",ab_forward/mean_with_eos,1.111993153889974,0.002685546875,positive,False,scope_total_bridge,1
ELS-3169-F1-shift_O-O-to-X2,3169,shift_O,"[{""coefficient"":1,""condition"":""F1-X2-O""},{""coefficient"":-1,""condition"":""F1-O-O""}]",ab_reverse/answer_sum,0.2590446472167969,0.002685546875,positive,False,scope_total_bridge,1
ELS-3169-F1-shift_O-O-to-X2,3169,shift_O,"[{""coefficient"":1,""condition"":""F1-X2-O""},{""coefficient"":-1,""condition"":""F1-O-O""}]",ab_reverse/answer_mean,0.12952232360839844,0.002685546875,positive,False,scope_total_bridge,1
ELS-3169-F1-shift_O-O-to-X2,3169,shift_O,"[{""coefficient"":1,""condition"":""F1-X2-O""},{""coefficient"":-1,""condition"":""F1-O-O""}]",ab_reverse/total_with_eos,0.2590446472167969,0.002685546875,positive,False,scope_total_bridge,1
ELS-3169-F1-shift_O-O-to-X2,3169,shift_O,"[{""coefficient"":1,""condition"":""F1-X2-O""},{""coefficient"":-1,""condition"":""F1-O-O""}]",ab_reverse/mean_with_eos,0.08634821573893214,0.002685546875,positive,False,scope_total_bridge,1
ELS-3169-F1-shift_O-O-to-X2,3169,shift_O,"[{""coefficient"":1,""condition"":""F1-X2-O""},{""coefficient"":-1,""condition"":""F1-O-O""}]",ncc,0.17985761625412255,0.00537109375,positive,False,scope_total_bridge,1
ELS-3169-F1-shift_O-O-to-X2,3169,shift_O,"[{""coefficient"":1,""condition"":""F1-X2-O""},{""coefficient"":-1,""condition"":""F1-O-O""}]",background,-0.04262540800216952,0.002685546875,negative,False,scope_total_bridge,1
ELS-3169-F1-shift_O-O-to-X2,3169,shift_O,"[{""coefficient"":1,""condition"":""F1-X2-O""},{""coefficient"":-1,""condition"":""F1-O-O""}]",ab_symmetric_sum,1.7975120544433594,0.002685546875,positive,False,scope_total_bridge,1
ELS-3169-F1-shift_O-O-to-X2,3169,shift_O,"[{""coefficient"":1,""condition"":""F1-X2-O""},{""coefficient"":-1,""condition"":""F1-O-O""}]",ab_mapping_gap_sum,3.076934814453125,0.00537109375,positive,False,scope_total_bridge,1
ELS-3169-F1-interaction-O-to-X2,3169,interaction,"[{""coefficient"":1,""condition"":""F1-X2-H""},{""coefficient"":-1,""condition"":""F1-X2-O""},{""coefficient"":-1,""condition"":""F1-O-H""},{""coefficient"":1,""condition"":""F1-O-O""}]",original/answer_sum,-0.3943443298339844,0.00537109375,negative,False,scope_total_bridge,1
ELS-3169-F1-interaction-O-to-X2,3169,interaction,"[{""coefficient"":1,""condition"":""F1-X2-H""},{""coefficient"":-1,""condition"":""F1-X2-O""},{""coefficient"":-1,""condition"":""F1-O-H""},{""coefficient"":1,""condition"":""F1-O-O""}]",original/answer_mean,-0.10541152954101565,0.00537109375,negative,False,scope_total_bridge,1
ELS-3169-F1-interaction-O-to-X2,3169,interaction,"[{""coefficient"":1,""condition"":""F1-X2-H""},{""coefficient"":-1,""condition"":""F1-X2-O""},{""coefficient"":-1,""condition"":""F1-O-H""},{""coefficient"":1,""condition"":""F1-O-O""}]",original/total_with_eos,-0.3943443298339844,0.00537109375,negative,False,scope_total_bridge,1
ELS-3169-F1-interaction-O-to-X2,3169,interaction,"[{""coefficient"":1,""condition"":""F1-X2-H""},{""coefficient"":-1,""condition"":""F1-X2-O""},{""coefficient"":-1,""condition"":""F1-O-H""},{""coefficient"":1,""condition"":""F1-O-O""}]",original/mean_with_eos,-0.08231321970621747,0.00537109375,negative,False,scope_total_bridge,1
ELS-3169-F1-interaction-O-to-X2,3169,interaction,"[{""coefficient"":1,""condition"":""F1-X2-H""},{""coefficient"":-1,""condition"":""F1-X2-O""},{""coefficient"":-1,""condition"":""F1-O-H""},{""coefficient"":1,""condition"":""F1-O-O""}]",ab_forward/answer_sum,0.275421142578125,0.00537109375,positive,False,scope_total_bridge,1
ELS-3169-F1-interaction-O-to-X2,3169,interaction,"[{""coefficient"":1,""condition"":""F1-X2-H""},{""coefficient"":-1,""condition"":""F1-X2-O""},{""coefficient"":-1,""condition"":""F1-O-H""},{""coefficient"":1,""condition"":""F1-O-O""}]",ab_forward/answer_mean,0.1377105712890625,0.00537109375,positive,False,scope_total_bridge,1
ELS-3169-F1-interaction-O-to-X2,3169,interaction,"[{""coefficient"":1,""condition"":""F1-X2-H""},{""coefficient"":-1,""condition"":""F1-X2-O""},{""coefficient"":-1,""condition"":""F1-O-H""},{""coefficient"":1,""condition"":""F1-O-O""}]",ab_forward/total_with_eos,0.275421142578125,0.00537109375,positive,False,scope_total_bridge,1
ELS-3169-F1-interaction-O-to-X2,3169,interaction,"[{""coefficient"":1,""condition"":""F1-X2-H""},{""coefficient"":-1,""condition"":""F1-X2-O""},{""coefficient"":-1,""condition"":""F1-O-H""},{""coefficient"":1,""condition"":""F1-O-O""}]",ab_forward/mean_with_eos,0.09180704752604152,0.00537109375,positive,False,scope_total_bridge,1
ELS-3169-F1-interaction-O-to-X2,3169,interaction,"[{""coefficient"":1,""condition"":""F1-X2-H""},{""coefficient"":-1,""condition"":""F1-X2-O""},{""coefficient"":-1,""condition"":""F1-O-H""},{""coefficient"":1,""condition"":""F1-O-O""}]",ab_reverse/answer_sum,-0.8381805419921875,0.00537109375,negative,False,scope_total_bridge,1
ELS-3169-F1-interaction-O-to-X2,3169,interaction,"[{""coefficient"":1,""condition"":""F1-X2-H""},{""coefficient"":-1,""condition"":""F1-X2-O""},{""coefficient"":-1,""condition"":""F1-O-H""},{""coefficient"":1,""condition"":""F1-O-O""}]",ab_reverse/answer_mean,-0.41909027099609375,0.00537109375,negative,False,scope_total_bridge,1
ELS-3169-F1-interaction-O-to-X2,3169,interaction,"[{""coefficient"":1,""condition"":""F1-X2-H""},{""coefficient"":-1,""condition"":""F1-X2-O""},{""coefficient"":-1,""condition"":""F1-O-H""},{""coefficient"":1,""condition"":""F1-O-O""}]",ab_reverse/total_with_eos,-0.8381805419921875,0.00537109375,negative,False,scope_total_bridge,1
ELS-3169-F1-interaction-O-to-X2,3169,interaction,"[{""coefficient"":1,""condition"":""F1-X2-H""},{""coefficient"":-1,""condition"":""F1-X2-O""},{""coefficient"":-1,""condition"":""F1-O-H""},{""coefficient"":1,""condition"":""F1-O-O""}]",ab_reverse/mean_with_eos,-0.27939351399739576,0.00537109375,negative,False,scope_total_bridge,1
ELS-3169-F1-interaction-O-to-X2,3169,interaction,"[{""coefficient"":1,""condition"":""F1-X2-H""},{""coefficient"":-1,""condition"":""F1-X2-O""},{""coefficient"":-1,""condition"":""F1-O-H""},{""coefficient"":1,""condition"":""F1-O-O""}]",ncc,-0.11345142455236434,0.0107421875,negative,False,scope_total_bridge,1
ELS-3169-F1-interaction-O-to-X2,3169,interaction,"[{""coefficient"":1,""condition"":""F1-X2-H""},{""coefficient"":-1,""condition"":""F1-X2-O""},{""coefficient"":-1,""condition"":""F1-O-H""},{""coefficient"":1,""condition"":""F1-O-O""}]",background,0.008039895011348719,0.00537109375,positive,False,scope_total_bridge,1
ELS-3169-F1-interaction-O-to-X2,3169,interaction,"[{""coefficient"":1,""condition"":""F1-X2-H""},{""coefficient"":-1,""condition"":""F1-X2-O""},{""coefficient"":-1,""condition"":""F1-O-H""},{""coefficient"":1,""condition"":""F1-O-O""}]",ab_symmetric_sum,-0.28137969970703125,0.00537109375,negative,False,scope_total_bridge,1
ELS-3169-F1-interaction-O-to-X2,3169,interaction,"[{""coefficient"":1,""condition"":""F1-X2-H""},{""coefficient"":-1,""condition"":""F1-X2-O""},{""coefficient"":-1,""condition"":""F1-O-H""},{""coefficient"":1,""condition"":""F1-O-O""}]",ab_mapping_gap_sum,1.1136016845703125,0.0107421875,positive,False,scope_total_bridge,1
ELS-3169-F1-common_shift-O-to-X2,3169,common_shift,"[{""coefficient"":0.5,""condition"":""F1-X2-H""},{""coefficient"":0.5,""condition"":""F1-X2-O""},{""coefficient"":-0.5,""condition"":""F1-O-H""},{""coefficient"":-0.5,""condition"":""F1-O-O""}]",original/answer_sum,0.30425071716308594,0.002685546875,positive,False,scope_total_bridge,1
ELS-3169-F1-common_shift-O-to-X2,3169,common_shift,"[{""coefficient"":0.5,""condition"":""F1-X2-H""},{""coefficient"":0.5,""condition"":""F1-X2-O""},{""coefficient"":-0.5,""condition"":""F1-O-H""},{""coefficient"":-0.5,""condition"":""F1-O-O""}]",original/answer_mean,0.0845264434814453,0.002685546875,positive,False,scope_total_bridge,1
ELS-3169-F1-common_shift-O-to-X2,3169,common_shift,"[{""coefficient"":0.5,""condition"":""F1-X2-H""},{""coefficient"":0.5,""condition"":""F1-X2-O""},{""coefficient"":-0.5,""condition"":""F1-O-H""},{""coefficient"":-0.5,""condition"":""F1-O-O""}]",original/total_with_eos,0.30425071716308594,0.002685546875,positive,False,scope_total_bridge,1
ELS-3169-F1-common_shift-O-to-X2,3169,common_shift,"[{""coefficient"":0.5,""condition"":""F1-X2-H""},{""coefficient"":0.5,""condition"":""F1-X2-O""},{""coefficient"":-0.5,""condition"":""F1-O-H""},{""coefficient"":-0.5,""condition"":""F1-O-O""}]",original/mean_with_eos,0.06550614039103189,0.002685546875,positive,False,scope_total_bridge,1
ELS-3169-F1-common_shift-O-to-X2,3169,common_shift,"[{""coefficient"":0.5,""condition"":""F1-X2-H""},{""coefficient"":0.5,""condition"":""F1-X2-O""},{""coefficient"":-0.5,""condition"":""F1-O-H""},{""coefficient"":-0.5,""condition"":""F1-O-O""}]",ab_forward/answer_sum,3.4736900329589844,0.002685546875,positive,False,scope_total_bridge,1
ELS-3169-F1-common_shift-O-to-X2,3169,common_shift,"[{""coefficient"":0.5,""condition"":""F1-X2-H""},{""coefficient"":0.5,""condition"":""F1-X2-O""},{""coefficient"":-0.5,""condition"":""F1-O-H""},{""coefficient"":-0.5,""condition"":""F1-O-O""}]",ab_forward/answer_mean,1.7368450164794922,0.002685546875,positive,False,scope_total_bridge,1
ELS-3169-F1-common_shift-O-to-X2,3169,common_shift,"[{""coefficient"":0.5,""condition"":""F1-X2-H""},{""coefficient"":0.5,""condition"":""F1-X2-O""},{""coefficient"":-0.5,""condition"":""F1-O-H""},{""coefficient"":-0.5,""condition"":""F1-O-O""}]",ab_forward/total_with_eos,3.4736900329589844,0.002685546875,positive,False,scope_total_bridge,1
ELS-3169-F1-common_shift-O-to-X2,3169,common_shift,"[{""coefficient"":0.5,""condition"":""F1-X2-H""},{""coefficient"":0.5,""condition"":""F1-X2-O""},{""coefficient"":-0.5,""condition"":""F1-O-H""},{""coefficient"":-0.5,""condition"":""F1-O-O""}]",ab_forward/mean_with_eos,1.1578966776529949,0.002685546875,positive,False,scope_total_bridge,1
ELS-3169-F1-common_shift-O-to-X2,3169,common_shift,"[{""coefficient"":0.5,""condition"":""F1-X2-H""},{""coefficient"":0.5,""condition"":""F1-X2-O""},{""coefficient"":-0.5,""condition"":""F1-O-H""},{""coefficient"":-0.5,""condition"":""F1-O-O""}]",ab_reverse/answer_sum,-0.16004562377929688,0.002685546875,negative,False,scope_total_bridge,1
ELS-3169-F1-common_shift-O-to-X2,3169,common_shift,"[{""coefficient"":0.5,""condition"":""F1-X2-H""},{""coefficient"":0.5,""condition"":""F1-X2-O""},{""coefficient"":-0.5,""condition"":""F1-O-H""},{""coefficient"":-0.5,""condition"":""F1-O-O""}]",ab_reverse/answer_mean,-0.08002281188964844,0.002685546875,negative,False,scope_total_bridge,1
ELS-3169-F1-common_shift-O-to-X2,3169,common_shift,"[{""coefficient"":0.5,""condition"":""F1-X2-H""},{""coefficient"":0.5,""condition"":""F1-X2-O""},{""coefficient"":-0.5,""condition"":""F1-O-H""},{""coefficient"":-0.5,""condition"":""F1-O-O""}]",ab_reverse/total_with_eos,-0.16004562377929688,0.002685546875,negative,False,scope_total_bridge,1
ELS-3169-F1-common_shift-O-to-X2,3169,common_shift,"[{""coefficient"":0.5,""condition"":""F1-X2-H""},{""coefficient"":0.5,""condition"":""F1-X2-O""},{""coefficient"":-0.5,""condition"":""F1-O-H""},{""coefficient"":-0.5,""condition"":""F1-O-O""}]",ab_reverse/mean_with_eos,-0.053348541259765736,0.002685546875,negative,False,scope_total_bridge,1
ELS-3169-F1-common_shift-O-to-X2,3169,common_shift,"[{""coefficient"":0.5,""condition"":""F1-X2-H""},{""coefficient"":0.5,""condition"":""F1-X2-O""},{""coefficient"":-0.5,""condition"":""F1-O-H""},{""coefficient"":-0.5,""condition"":""F1-O-O""}]",ncc,0.12313190397794038,0.00537109375,positive,False,scope_total_bridge,1
ELS-3169-F1-common_shift-O-to-X2,3169,common_shift,"[{""coefficient"":0.5,""condition"":""F1-X2-H""},{""coefficient"":0.5,""condition"":""F1-X2-O""},{""coefficient"":-0.5,""condition"":""F1-O-H""},{""coefficient"":-0.5,""condition"":""F1-O-O""}]",background,-0.03860546049649516,0.002685546875,negative,False,scope_total_bridge,1
ELS-3169-F1-common_shift-O-to-X2,3169,common_shift,"[{""coefficient"":0.5,""condition"":""F1-X2-H""},{""coefficient"":0.5,""condition"":""F1-X2-O""},{""coefficient"":-0.5,""condition"":""F1-O-H""},{""coefficient"":-0.5,""condition"":""F1-O-O""}]",ab_symmetric_sum,1.6568222045898438,0.002685546875,positive,False,scope_total_bridge,1
ELS-3169-F1-common_shift-O-to-X2,3169,common_shift,"[{""coefficient"":0.5,""condition"":""F1-X2-H""},{""coefficient"":0.5,""condition"":""F1-X2-O""},{""coefficient"":-0.5,""condition"":""F1-O-H""},{""coefficient"":-0.5,""condition"":""F1-O-O""}]",ab_mapping_gap_sum,3.6337356567382812,0.00537109375,positive,False,scope_total_bridge,1
ELS-3169-F1-shift_H-P1-to-X1,3169,shift_H,"[{""coefficient"":1,""condition"":""F1-X1-H""},{""coefficient"":-1,""condition"":""F1-P1-H""}]",original/answer_sum,1.2932472229003906,0.002685546875,positive,False,matched_scope_note,1
ELS-3169-F1-shift_H-P1-to-X1,3169,shift_H,"[{""coefficient"":1,""condition"":""F1-X1-H""},{""coefficient"":-1,""condition"":""F1-P1-H""}]",original/answer_mean,0.28938318888346354,0.002685546875,positive,False,matched_scope_note,1
ELS-3169-F1-shift_H-P1-to-X1,3169,shift_H,"[{""coefficient"":1,""condition"":""F1-X1-H""},{""coefficient"":-1,""condition"":""F1-P1-H""}]",original/total_with_eos,1.2932472229003906,0.002685546875,positive,False,matched_scope_note,1
ELS-3169-F1-shift_H-P1-to-X1,3169,shift_H,"[{""coefficient"":1,""condition"":""F1-X1-H""},{""coefficient"":-1,""condition"":""F1-P1-H""}]",original/mean_with_eos,0.23474979400634768,0.002685546875,positive,False,matched_scope_note,1
ELS-3169-F1-shift_H-P1-to-X1,3169,shift_H,"[{""coefficient"":1,""condition"":""F1-X1-H""},{""coefficient"":-1,""condition"":""F1-P1-H""}]",ab_forward/answer_sum,5.1152496337890625,0.002685546875,positive,False,matched_scope_note,1
ELS-3169-F1-shift_H-P1-to-X1,3169,shift_H,"[{""coefficient"":1,""condition"":""F1-X1-H""},{""coefficient"":-1,""condition"":""F1-P1-H""}]",ab_forward/answer_mean,2.5576248168945312,0.002685546875,positive,False,matched_scope_note,1
ELS-3169-F1-shift_H-P1-to-X1,3169,shift_H,"[{""coefficient"":1,""condition"":""F1-X1-H""},{""coefficient"":-1,""condition"":""F1-P1-H""}]",ab_forward/total_with_eos,5.1152496337890625,0.002685546875,positive,False,matched_scope_note,1
ELS-3169-F1-shift_H-P1-to-X1,3169,shift_H,"[{""coefficient"":1,""condition"":""F1-X1-H""},{""coefficient"":-1,""condition"":""F1-P1-H""}]",ab_forward/mean_with_eos,1.7050832112630205,0.002685546875,positive,False,matched_scope_note,1
ELS-3169-F1-shift_H-P1-to-X1,3169,shift_H,"[{""coefficient"":1,""condition"":""F1-X1-H""},{""coefficient"":-1,""condition"":""F1-P1-H""}]",ab_reverse/answer_sum,3.536884307861328,0.002685546875,positive,False,matched_scope_note,1
ELS-3169-F1-shift_H-P1-to-X1,3169,shift_H,"[{""coefficient"":1,""condition"":""F1-X1-H""},{""coefficient"":-1,""condition"":""F1-P1-H""}]",ab_reverse/answer_mean,1.768442153930664,0.002685546875,positive,False,matched_scope_note,1
ELS-3169-F1-shift_H-P1-to-X1,3169,shift_H,"[{""coefficient"":1,""condition"":""F1-X1-H""},{""coefficient"":-1,""condition"":""F1-P1-H""}]",ab_reverse/total_with_eos,3.536884307861328,0.002685546875,positive,False,matched_scope_note,1
ELS-3169-F1-shift_H-P1-to-X1,3169,shift_H,"[{""coefficient"":1,""condition"":""F1-X1-H""},{""coefficient"":-1,""condition"":""F1-P1-H""}]",ab_reverse/mean_with_eos,1.178961435953776,0.002685546875,positive,False,matched_scope_note,1
ELS-3169-F1-shift_H-P1-to-X1,3169,shift_H,"[{""coefficient"":1,""condition"":""F1-X1-H""},{""coefficient"":-1,""condition"":""F1-P1-H""}]",ncc,0.26323848770594704,0.00537109375,positive,False,matched_scope_note,1
ELS-3169-F1-shift_H-P1-to-X1,3169,shift_H,"[{""coefficient"":1,""condition"":""F1-X1-H""},{""coefficient"":-1,""condition"":""F1-P1-H""}]",background,0.02614470117751644,0.002685546875,positive,False,matched_scope_note,1
ELS-3169-F1-shift_H-P1-to-X1,3169,shift_H,"[{""coefficient"":1,""condition"":""F1-X1-H""},{""coefficient"":-1,""condition"":""F1-P1-H""}]",ab_symmetric_sum,4.326066970825195,0.002685546875,positive,False,matched_scope_note,1
ELS-3169-F1-shift_H-P1-to-X1,3169,shift_H,"[{""coefficient"":1,""condition"":""F1-X1-H""},{""coefficient"":-1,""condition"":""F1-P1-H""}]",ab_mapping_gap_sum,1.5783653259277344,0.00537109375,positive,False,matched_scope_note,1
ELS-3169-F1-shift_O-P1-to-X1,3169,shift_O,"[{""coefficient"":1,""condition"":""F1-X1-O""},{""coefficient"":-1,""condition"":""F1-P1-O""}]",original/answer_sum,1.6847038269042969,0.002685546875,positive,False,matched_scope_note,1
ELS-3169-F1-shift_O-P1-to-X1,3169,shift_O,"[{""coefficient"":1,""condition"":""F1-X1-O""},{""coefficient"":-1,""condition"":""F1-P1-O""}]",original/answer_mean,0.40938796997070315,0.002685546875,positive,False,matched_scope_note,1
ELS-3169-F1-shift_O-P1-to-X1,3169,shift_O,"[{""coefficient"":1,""condition"":""F1-X1-O""},{""coefficient"":-1,""condition"":""F1-P1-O""}]",original/total_with_eos,1.6847038269042969,0.002685546875,positive,False,matched_scope_note,1
ELS-3169-F1-shift_O-P1-to-X1,3169,shift_O,"[{""coefficient"":1,""condition"":""F1-X1-O""},{""coefficient"":-1,""condition"":""F1-P1-O""}]",original/mean_with_eos,0.32606347401936847,0.002685546875,positive,False,matched_scope_note,1
ELS-3169-F1-shift_O-P1-to-X1,3169,shift_O,"[{""coefficient"":1,""condition"":""F1-X1-O""},{""coefficient"":-1,""condition"":""F1-P1-O""}]",ab_forward/answer_sum,6.159568786621094,0.002685546875,positive,False,matched_scope_note,1
ELS-3169-F1-shift_O-P1-to-X1,3169,shift_O,"[{""coefficient"":1,""condition"":""F1-X1-O""},{""coefficient"":-1,""condition"":""F1-P1-O""}]",ab_forward/answer_mean,3.079784393310547,0.002685546875,positive,False,matched_scope_note,1
ELS-3169-F1-shift_O-P1-to-X1,3169,shift_O,"[{""coefficient"":1,""condition"":""F1-X1-O""},{""coefficient"":-1,""condition"":""F1-P1-O""}]",ab_forward/total_with_eos,6.159568786621094,0.002685546875,positive,False,matched_scope_note,1
ELS-3169-F1-shift_O-P1-to-X1,3169,shift_O,"[{""coefficient"":1,""condition"":""F1-X1-O""},{""coefficient"":-1,""condition"":""F1-P1-O""}]",ab_forward/mean_with_eos,2.0531895955403647,0.002685546875,positive,False,matched_scope_note,1
ELS-3169-F1-shift_O-P1-to-X1,3169,shift_O,"[{""coefficient"":1,""condition"":""F1-X1-O""},{""coefficient"":-1,""condition"":""F1-P1-O""}]",ab_reverse/answer_sum,3.6278457641601562,0.002685546875,positive,False,matched_scope_note,1
ELS-3169-F1-shift_O-P1-to-X1,3169,shift_O,"[{""coefficient"":1,""condition"":""F1-X1-O""},{""coefficient"":-1,""condition"":""F1-P1-O""}]",ab_reverse/answer_mean,1.8139228820800781,0.002685546875,positive,False,matched_scope_note,1
ELS-3169-F1-shift_O-P1-to-X1,3169,shift_O,"[{""coefficient"":1,""condition"":""F1-X1-O""},{""coefficient"":-1,""condition"":""F1-P1-O""}]",ab_reverse/total_with_eos,3.6278457641601562,0.002685546875,positive,False,matched_scope_note,1
ELS-3169-F1-shift_O-P1-to-X1,3169,shift_O,"[{""coefficient"":1,""condition"":""F1-X1-O""},{""coefficient"":-1,""condition"":""F1-P1-O""}]",ab_reverse/mean_with_eos,1.209281921386719,0.002685546875,positive,False,matched_scope_note,1
ELS-3169-F1-shift_O-P1-to-X1,3169,shift_O,"[{""coefficient"":1,""condition"":""F1-X1-O""},{""coefficient"":-1,""condition"":""F1-P1-O""}]",ncc,0.3954158650099151,0.00537109375,positive,False,matched_scope_note,1
ELS-3169-F1-shift_O-P1-to-X1,3169,shift_O,"[{""coefficient"":1,""condition"":""F1-X1-O""},{""coefficient"":-1,""condition"":""F1-P1-O""}]",background,0.013972104960788378,0.002685546875,positive,False,matched_scope_note,1
ELS-3169-F1-shift_O-P1-to-X1,3169,shift_O,"[{""coefficient"":1,""condition"":""F1-X1-O""},{""coefficient"":-1,""condition"":""F1-P1-O""}]",ab_symmetric_sum,4.893707275390625,0.002685546875,positive,False,matched_scope_note,1
ELS-3169-F1-shift_O-P1-to-X1,3169,shift_O,"[{""coefficient"":1,""condition"":""F1-X1-O""},{""coefficient"":-1,""condition"":""F1-P1-O""}]",ab_mapping_gap_sum,2.5317230224609375,0.00537109375,positive,False,matched_scope_note,1
ELS-3169-F1-interaction-P1-to-X1,3169,interaction,"[{""coefficient"":1,""condition"":""F1-X1-H""},{""coefficient"":-1,""condition"":""F1-X1-O""},{""coefficient"":-1,""condition"":""F1-P1-H""},{""coefficient"":1,""condition"":""F1-P1-O""}]",original/answer_sum,-0.39145660400390625,0.00537109375,negative,False,matched_scope_note,1
ELS-3169-F1-interaction-P1-to-X1,3169,interaction,"[{""coefficient"":1,""condition"":""F1-X1-H""},{""coefficient"":-1,""condition"":""F1-X1-O""},{""coefficient"":-1,""condition"":""F1-P1-H""},{""coefficient"":1,""condition"":""F1-P1-O""}]",original/answer_mean,-0.12000478108723964,0.00537109375,negative,False,matched_scope_note,1
ELS-3169-F1-interaction-P1-to-X1,3169,interaction,"[{""coefficient"":1,""condition"":""F1-X1-H""},{""coefficient"":-1,""condition"":""F1-X1-O""},{""coefficient"":-1,""condition"":""F1-P1-H""},{""coefficient"":1,""condition"":""F1-P1-O""}]",original/total_with_eos,-0.39145660400390625,0.00537109375,negative,False,matched_scope_note,1
ELS-3169-F1-interaction-P1-to-X1,3169,interaction,"[{""coefficient"":1,""condition"":""F1-X1-H""},{""coefficient"":-1,""condition"":""F1-X1-O""},{""coefficient"":-1,""condition"":""F1-P1-H""},{""coefficient"":1,""condition"":""F1-P1-O""}]",original/mean_with_eos,-0.09131368001302079,0.00537109375,negative,False,matched_scope_note,1
ELS-3169-F1-interaction-P1-to-X1,3169,interaction,"[{""coefficient"":1,""condition"":""F1-X1-H""},{""coefficient"":-1,""condition"":""F1-X1-O""},{""coefficient"":-1,""condition"":""F1-P1-H""},{""coefficient"":1,""condition"":""F1-P1-O""}]",ab_forward/answer_sum,-1.0443191528320312,0.00537109375,negative,False,matched_scope_note,1
ELS-3169-F1-interaction-P1-to-X1,3169,interaction,"[{""coefficient"":1,""condition"":""F1-X1-H""},{""coefficient"":-1,""condition"":""F1-X1-O""},{""coefficient"":-1,""condition"":""F1-P1-H""},{""coefficient"":1,""condition"":""F1-P1-O""}]",ab_forward/answer_mean,-0.5221595764160156,0.00537109375,negative,False,matched_scope_note,1
ELS-3169-F1-interaction-P1-to-X1,3169,interaction,"[{""coefficient"":1,""condition"":""F1-X1-H""},{""coefficient"":-1,""condition"":""F1-X1-O""},{""coefficient"":-1,""condition"":""F1-P1-H""},{""coefficient"":1,""condition"":""F1-P1-O""}]",ab_forward/total_with_eos,-1.0443191528320312,0.00537109375,negative,False,matched_scope_note,1
ELS-3169-F1-interaction-P1-to-X1,3169,interaction,"[{""coefficient"":1,""condition"":""F1-X1-H""},{""coefficient"":-1,""condition"":""F1-X1-O""},{""coefficient"":-1,""condition"":""F1-P1-H""},{""coefficient"":1,""condition"":""F1-P1-O""}]",ab_forward/mean_with_eos,-0.3481063842773442,0.00537109375,negative,False,matched_scope_note,1
ELS-3169-F1-interaction-P1-to-X1,3169,interaction,"[{""coefficient"":1,""condition"":""F1-X1-H""},{""coefficient"":-1,""condition"":""F1-X1-O""},{""coefficient"":-1,""condition"":""F1-P1-H""},{""coefficient"":1,""condition"":""F1-P1-O""}]",ab_reverse/answer_sum,-0.09096145629882812,0.00537109375,negative,False,matched_scope_note,1
ELS-3169-F1-interaction-P1-to-X1,3169,interaction,"[{""coefficient"":1,""condition"":""F1-X1-H""},{""coefficient"":-1,""condition"":""F1-X1-O""},{""coefficient"":-1,""condition"":""F1-P1-H""},{""coefficient"":1,""condition"":""F1-P1-O""}]",ab_reverse/answer_mean,-0.04548072814941406,0.00537109375,negative,False,matched_scope_note,1
ELS-3169-F1-interaction-P1-to-X1,3169,interaction,"[{""coefficient"":1,""condition"":""F1-X1-H""},{""coefficient"":-1,""condition"":""F1-X1-O""},{""coefficient"":-1,""condition"":""F1-P1-H""},{""coefficient"":1,""condition"":""F1-P1-O""}]",ab_reverse/total_with_eos,-0.09096145629882812,0.00537109375,negative,False,matched_scope_note,1
ELS-3169-F1-interaction-P1-to-X1,3169,interaction,"[{""coefficient"":1,""condition"":""F1-X1-H""},{""coefficient"":-1,""condition"":""F1-X1-O""},{""coefficient"":-1,""condition"":""F1-P1-H""},{""coefficient"":1,""condition"":""F1-P1-O""}]",ab_reverse/mean_with_eos,-0.030320485432943023,0.00537109375,negative,False,matched_scope_note,1
ELS-3169-F1-interaction-P1-to-X1,3169,interaction,"[{""coefficient"":1,""condition"":""F1-X1-H""},{""coefficient"":-1,""condition"":""F1-X1-O""},{""coefficient"":-1,""condition"":""F1-P1-H""},{""coefficient"":1,""condition"":""F1-P1-O""}]",ncc,-0.13217737730396806,0.0107421875,negative,False,matched_scope_note,1
ELS-3169-F1-interaction-P1-to-X1,3169,interaction,"[{""coefficient"":1,""condition"":""F1-X1-H""},{""coefficient"":-1,""condition"":""F1-X1-O""},{""coefficient"":-1,""condition"":""F1-P1-H""},{""coefficient"":1,""condition"":""F1-P1-O""}]",background,0.01217259621672806,0.00537109375,positive,False,matched_scope_note,1
ELS-3169-F1-interaction-P1-to-X1,3169,interaction,"[{""coefficient"":1,""condition"":""F1-X1-H""},{""coefficient"":-1,""condition"":""F1-X1-O""},{""coefficient"":-1,""condition"":""F1-P1-H""},{""coefficient"":1,""condition"":""F1-P1-O""}]",ab_symmetric_sum,-0.5676403045654297,0.00537109375,negative,False,matched_scope_note,1
ELS-3169-F1-interaction-P1-to-X1,3169,interaction,"[{""coefficient"":1,""condition"":""F1-X1-H""},{""coefficient"":-1,""condition"":""F1-X1-O""},{""coefficient"":-1,""condition"":""F1-P1-H""},{""coefficient"":1,""condition"":""F1-P1-O""}]",ab_mapping_gap_sum,-0.9533576965332031,0.0107421875,negative,False,matched_scope_note,1
ELS-3169-F1-common_shift-P1-to-X1,3169,common_shift,"[{""coefficient"":0.5,""condition"":""F1-X1-H""},{""coefficient"":0.5,""condition"":""F1-X1-O""},{""coefficient"":-0.5,""condition"":""F1-P1-H""},{""coefficient"":-0.5,""condition"":""F1-P1-O""}]",original/answer_sum,1.4889755249023438,0.002685546875,positive,False,matched_scope_note,1
ELS-3169-F1-common_shift-P1-to-X1,3169,common_shift,"[{""coefficient"":0.5,""condition"":""F1-X1-H""},{""coefficient"":0.5,""condition"":""F1-X1-O""},{""coefficient"":-0.5,""condition"":""F1-P1-H""},{""coefficient"":-0.5,""condition"":""F1-P1-O""}]",original/answer_mean,0.34938557942708337,0.002685546875,positive,False,matched_scope_note,1
ELS-3169-F1-common_shift-P1-to-X1,3169,common_shift,"[{""coefficient"":0.5,""condition"":""F1-X1-H""},{""coefficient"":0.5,""condition"":""F1-X1-O""},{""coefficient"":-0.5,""condition"":""F1-P1-H""},{""coefficient"":-0.5,""condition"":""F1-P1-O""}]",original/total_with_eos,1.4889755249023438,0.002685546875,positive,False,matched_scope_note,1
ELS-3169-F1-common_shift-P1-to-X1,3169,common_shift,"[{""coefficient"":0.5,""condition"":""F1-X1-H""},{""coefficient"":0.5,""condition"":""F1-X1-O""},{""coefficient"":-0.5,""condition"":""F1-P1-H""},{""coefficient"":-0.5,""condition"":""F1-P1-O""}]",original/mean_with_eos,0.2804066340128581,0.002685546875,positive,False,matched_scope_note,1
ELS-3169-F1-common_shift-P1-to-X1,3169,common_shift,"[{""coefficient"":0.5,""condition"":""F1-X1-H""},{""coefficient"":0.5,""condition"":""F1-X1-O""},{""coefficient"":-0.5,""condition"":""F1-P1-H""},{""coefficient"":-0.5,""condition"":""F1-P1-O""}]",ab_forward/answer_sum,5.637409210205078,0.002685546875,positive,False,matched_scope_note,1
ELS-3169-F1-common_shift-P1-to-X1,3169,common_shift,"[{""coefficient"":0.5,""condition"":""F1-X1-H""},{""coefficient"":0.5,""condition"":""F1-X1-O""},{""coefficient"":-0.5,""condition"":""F1-P1-H""},{""coefficient"":-0.5,""condition"":""F1-P1-O""}]",ab_forward/answer_mean,2.818704605102539,0.002685546875,positive,False,matched_scope_note,1
ELS-3169-F1-common_shift-P1-to-X1,3169,common_shift,"[{""coefficient"":0.5,""condition"":""F1-X1-H""},{""coefficient"":0.5,""condition"":""F1-X1-O""},{""coefficient"":-0.5,""condition"":""F1-P1-H""},{""coefficient"":-0.5,""condition"":""F1-P1-O""}]",ab_forward/total_with_eos,5.637409210205078,0.002685546875,positive,False,matched_scope_note,1
ELS-3169-F1-common_shift-P1-to-X1,3169,common_shift,"[{""coefficient"":0.5,""condition"":""F1-X1-H""},{""coefficient"":0.5,""condition"":""F1-X1-O""},{""coefficient"":-0.5,""condition"":""F1-P1-H""},{""coefficient"":-0.5,""condition"":""F1-P1-O""}]",ab_forward/mean_with_eos,1.8791364034016926,0.002685546875,positive,False,matched_scope_note,1
ELS-3169-F1-common_shift-P1-to-X1,3169,common_shift,"[{""coefficient"":0.5,""condition"":""F1-X1-H""},{""coefficient"":0.5,""condition"":""F1-X1-O""},{""coefficient"":-0.5,""condition"":""F1-P1-H""},{""coefficient"":-0.5,""condition"":""F1-P1-O""}]",ab_reverse/answer_sum,3.582365036010742,0.002685546875,positive,False,matched_scope_note,1
ELS-3169-F1-common_shift-P1-to-X1,3169,common_shift,"[{""coefficient"":0.5,""condition"":""F1-X1-H""},{""coefficient"":0.5,""condition"":""F1-X1-O""},{""coefficient"":-0.5,""condition"":""F1-P1-H""},{""coefficient"":-0.5,""condition"":""F1-P1-O""}]",ab_reverse/answer_mean,1.791182518005371,0.002685546875,positive,False,matched_scope_note,1
ELS-3169-F1-common_shift-P1-to-X1,3169,common_shift,"[{""coefficient"":0.5,""condition"":""F1-X1-H""},{""coefficient"":0.5,""condition"":""F1-X1-O""},{""coefficient"":-0.5,""condition"":""F1-P1-H""},{""coefficient"":-0.5,""condition"":""F1-P1-O""}]",ab_reverse/total_with_eos,3.582365036010742,0.002685546875,positive,False,matched_scope_note,1
ELS-3169-F1-common_shift-P1-to-X1,3169,common_shift,"[{""coefficient"":0.5,""condition"":""F1-X1-H""},{""coefficient"":0.5,""condition"":""F1-X1-O""},{""coefficient"":-0.5,""condition"":""F1-P1-H""},{""coefficient"":-0.5,""condition"":""F1-P1-O""}]",ab_reverse/mean_with_eos,1.1941216786702475,0.002685546875,positive,False,matched_scope_note,1
ELS-3169-F1-common_shift-P1-to-X1,3169,common_shift,"[{""coefficient"":0.5,""condition"":""F1-X1-H""},{""coefficient"":0.5,""condition"":""F1-X1-O""},{""coefficient"":-0.5,""condition"":""F1-P1-H""},{""coefficient"":-0.5,""condition"":""F1-P1-O""}]",ncc,0.3293271763579311,0.00537109375,positive,False,matched_scope_note,1
ELS-3169-F1-common_shift-P1-to-X1,3169,common_shift,"[{""coefficient"":0.5,""condition"":""F1-X1-H""},{""coefficient"":0.5,""condition"":""F1-X1-O""},{""coefficient"":-0.5,""condition"":""F1-P1-H""},{""coefficient"":-0.5,""condition"":""F1-P1-O""}]",background,0.02005840306915241,0.002685546875,positive,False,matched_scope_note,1
ELS-3169-F1-common_shift-P1-to-X1,3169,common_shift,"[{""coefficient"":0.5,""condition"":""F1-X1-H""},{""coefficient"":0.5,""condition"":""F1-X1-O""},{""coefficient"":-0.5,""condition"":""F1-P1-H""},{""coefficient"":-0.5,""condition"":""F1-P1-O""}]",ab_symmetric_sum,4.60988712310791,0.002685546875,positive,False,matched_scope_note,1
ELS-3169-F1-common_shift-P1-to-X1,3169,common_shift,"[{""coefficient"":0.5,""condition"":""F1-X1-H""},{""coefficient"":0.5,""condition"":""F1-X1-O""},{""coefficient"":-0.5,""condition"":""F1-P1-H""},{""coefficient"":-0.5,""condition"":""F1-P1-O""}]",ab_mapping_gap_sum,2.055044174194336,0.00537109375,positive,False,matched_scope_note,1
ELS-3169-F1-shift_H-P2-to-X2,3169,shift_H,"[{""coefficient"":1,""condition"":""F1-X2-H""},{""coefficient"":-1,""condition"":""F1-P2-H""}]",original/answer_sum,1.7685317993164062,0.002685546875,positive,False,matched_scope_note,1
ELS-3169-F1-shift_H-P2-to-X2,3169,shift_H,"[{""coefficient"":1,""condition"":""F1-X2-H""},{""coefficient"":-1,""condition"":""F1-P2-H""}]",original/answer_mean,0.39980570475260413,0.002685546875,positive,False,matched_scope_note,1
ELS-3169-F1-shift_H-P2-to-X2,3169,shift_H,"[{""coefficient"":1,""condition"":""F1-X2-H""},{""coefficient"":-1,""condition"":""F1-P2-H""}]",original/total_with_eos,1.7685317993164062,0.002685546875,positive,False,matched_scope_note,1
ELS-3169-F1-shift_H-P2-to-X2,3169,shift_H,"[{""coefficient"":1,""condition"":""F1-X2-H""},{""coefficient"":-1,""condition"":""F1-P2-H""}]",original/mean_with_eos,0.32356739044189453,0.002685546875,positive,False,matched_scope_note,1
ELS-3169-F1-shift_H-P2-to-X2,3169,shift_H,"[{""coefficient"":1,""condition"":""F1-X2-H""},{""coefficient"":-1,""condition"":""F1-P2-H""}]",ab_forward/answer_sum,6.323398590087891,0.002685546875,positive,False,matched_scope_note,1
ELS-3169-F1-shift_H-P2-to-X2,3169,shift_H,"[{""coefficient"":1,""condition"":""F1-X2-H""},{""coefficient"":-1,""condition"":""F1-P2-H""}]",ab_forward/answer_mean,3.1616992950439453,0.002685546875,positive,False,matched_scope_note,1
ELS-3169-F1-shift_H-P2-to-X2,3169,shift_H,"[{""coefficient"":1,""condition"":""F1-X2-H""},{""coefficient"":-1,""condition"":""F1-P2-H""}]",ab_forward/total_with_eos,6.323398590087891,0.002685546875,positive,False,matched_scope_note,1
ELS-3169-F1-shift_H-P2-to-X2,3169,shift_H,"[{""coefficient"":1,""condition"":""F1-X2-H""},{""coefficient"":-1,""condition"":""F1-P2-H""}]",ab_forward/mean_with_eos,2.107799530029297,0.002685546875,positive,False,matched_scope_note,1
ELS-3169-F1-shift_H-P2-to-X2,3169,shift_H,"[{""coefficient"":1,""condition"":""F1-X2-H""},{""coefficient"":-1,""condition"":""F1-P2-H""}]",ab_reverse/answer_sum,4.5584869384765625,0.002685546875,positive,False,matched_scope_note,1
ELS-3169-F1-shift_H-P2-to-X2,3169,shift_H,"[{""coefficient"":1,""condition"":""F1-X2-H""},{""coefficient"":-1,""condition"":""F1-P2-H""}]",ab_reverse/answer_mean,2.2792434692382812,0.002685546875,positive,False,matched_scope_note,1
ELS-3169-F1-shift_H-P2-to-X2,3169,shift_H,"[{""coefficient"":1,""condition"":""F1-X2-H""},{""coefficient"":-1,""condition"":""F1-P2-H""}]",ab_reverse/total_with_eos,4.5584869384765625,0.002685546875,positive,False,matched_scope_note,1
ELS-3169-F1-shift_H-P2-to-X2,3169,shift_H,"[{""coefficient"":1,""condition"":""F1-X2-H""},{""coefficient"":-1,""condition"":""F1-P2-H""}]",ab_reverse/mean_with_eos,1.5194956461588542,0.002685546875,positive,False,matched_scope_note,1
ELS-3169-F1-shift_H-P2-to-X2,3169,shift_H,"[{""coefficient"":1,""condition"":""F1-X2-H""},{""coefficient"":-1,""condition"":""F1-P2-H""}]",ncc,0.3447132214912956,0.00537109375,positive,False,matched_scope_note,1
ELS-3169-F1-shift_H-P2-to-X2,3169,shift_H,"[{""coefficient"":1,""condition"":""F1-X2-H""},{""coefficient"":-1,""condition"":""F1-P2-H""}]",background,0.05509248326130889,0.002685546875,positive,False,matched_scope_note,1
ELS-3169-F1-shift_H-P2-to-X2,3169,shift_H,"[{""coefficient"":1,""condition"":""F1-X2-H""},{""coefficient"":-1,""condition"":""F1-P2-H""}]",ab_symmetric_sum,5.440942764282227,0.002685546875,positive,False,matched_scope_note,1
ELS-3169-F1-shift_H-P2-to-X2,3169,shift_H,"[{""coefficient"":1,""condition"":""F1-X2-H""},{""coefficient"":-1,""condition"":""F1-P2-H""}]",ab_mapping_gap_sum,1.7649116516113281,0.00537109375,positive,False,matched_scope_note,1
ELS-3169-F1-shift_O-P2-to-X2,3169,shift_O,"[{""coefficient"":1,""condition"":""F1-X2-O""},{""coefficient"":-1,""condition"":""F1-P2-O""}]",original/answer_sum,2.254436492919922,0.002685546875,positive,False,matched_scope_note,1
ELS-3169-F1-shift_O-P2-to-X2,3169,shift_O,"[{""coefficient"":1,""condition"":""F1-X2-O""},{""coefficient"":-1,""condition"":""F1-P2-O""}]",original/answer_mean,0.5484036763509115,0.002685546875,positive,False,matched_scope_note,1
ELS-3169-F1-shift_O-P2-to-X2,3169,shift_O,"[{""coefficient"":1,""condition"":""F1-X2-O""},{""coefficient"":-1,""condition"":""F1-P2-O""}]",original/total_with_eos,2.254436492919922,0.002685546875,positive,False,matched_scope_note,1
ELS-3169-F1-shift_O-P2-to-X2,3169,shift_O,"[{""coefficient"":1,""condition"":""F1-X2-O""},{""coefficient"":-1,""condition"":""F1-P2-O""}]",original/mean_with_eos,0.4366871515909831,0.002685546875,positive,False,matched_scope_note,1
ELS-3169-F1-shift_O-P2-to-X2,3169,shift_O,"[{""coefficient"":1,""condition"":""F1-X2-O""},{""coefficient"":-1,""condition"":""F1-P2-O""}]",ab_forward/answer_sum,7.728488922119141,0.002685546875,positive,False,matched_scope_note,1
ELS-3169-F1-shift_O-P2-to-X2,3169,shift_O,"[{""coefficient"":1,""condition"":""F1-X2-O""},{""coefficient"":-1,""condition"":""F1-P2-O""}]",ab_forward/answer_mean,3.8642444610595703,0.002685546875,positive,False,matched_scope_note,1
ELS-3169-F1-shift_O-P2-to-X2,3169,shift_O,"[{""coefficient"":1,""condition"":""F1-X2-O""},{""coefficient"":-1,""condition"":""F1-P2-O""}]",ab_forward/total_with_eos,7.728488922119141,0.002685546875,positive,False,matched_scope_note,1
ELS-3169-F1-shift_O-P2-to-X2,3169,shift_O,"[{""coefficient"":1,""condition"":""F1-X2-O""},{""coefficient"":-1,""condition"":""F1-P2-O""}]",ab_forward/mean_with_eos,2.5761629740397134,0.002685546875,positive,False,matched_scope_note,1
ELS-3169-F1-shift_O-P2-to-X2,3169,shift_O,"[{""coefficient"":1,""condition"":""F1-X2-O""},{""coefficient"":-1,""condition"":""F1-P2-O""}]",ab_reverse/answer_sum,3.4479408264160156,0.002685546875,positive,False,matched_scope_note,1
ELS-3169-F1-shift_O-P2-to-X2,3169,shift_O,"[{""coefficient"":1,""condition"":""F1-X2-O""},{""coefficient"":-1,""condition"":""F1-P2-O""}]",ab_reverse/answer_mean,1.7239704132080078,0.002685546875,positive,False,matched_scope_note,1
ELS-3169-F1-shift_O-P2-to-X2,3169,shift_O,"[{""coefficient"":1,""condition"":""F1-X2-O""},{""coefficient"":-1,""condition"":""F1-P2-O""}]",ab_reverse/total_with_eos,3.4479408264160156,0.002685546875,positive,False,matched_scope_note,1
ELS-3169-F1-shift_O-P2-to-X2,3169,shift_O,"[{""coefficient"":1,""condition"":""F1-X2-O""},{""coefficient"":-1,""condition"":""F1-P2-O""}]",ab_reverse/mean_with_eos,1.1493136088053384,0.002685546875,positive,False,matched_scope_note,1
ELS-3169-F1-shift_O-P2-to-X2,3169,shift_O,"[{""coefficient"":1,""condition"":""F1-X2-O""},{""coefficient"":-1,""condition"":""F1-P2-O""}]",ncc,0.49907994070369455,0.00537109375,positive,False,matched_scope_note,1
ELS-3169-F1-shift_O-P2-to-X2,3169,shift_O,"[{""coefficient"":1,""condition"":""F1-X2-O""},{""coefficient"":-1,""condition"":""F1-P2-O""}]",background,0.049323735647216704,0.002685546875,positive,False,matched_scope_note,1
ELS-3169-F1-shift_O-P2-to-X2,3169,shift_O,"[{""coefficient"":1,""condition"":""F1-X2-O""},{""coefficient"":-1,""condition"":""F1-P2-O""}]",ab_symmetric_sum,5.588214874267578,0.002685546875,positive,False,matched_scope_note,1
ELS-3169-F1-shift_O-P2-to-X2,3169,shift_O,"[{""coefficient"":1,""condition"":""F1-X2-O""},{""coefficient"":-1,""condition"":""F1-P2-O""}]",ab_mapping_gap_sum,4.280548095703125,0.00537109375,positive,False,matched_scope_note,1
ELS-3169-F1-interaction-P2-to-X2,3169,interaction,"[{""coefficient"":1,""condition"":""F1-X2-H""},{""coefficient"":-1,""condition"":""F1-X2-O""},{""coefficient"":-1,""condition"":""F1-P2-H""},{""coefficient"":1,""condition"":""F1-P2-O""}]",original/answer_sum,-0.4859046936035156,0.00537109375,negative,False,matched_scope_note,1
ELS-3169-F1-interaction-P2-to-X2,3169,interaction,"[{""coefficient"":1,""condition"":""F1-X2-H""},{""coefficient"":-1,""condition"":""F1-X2-O""},{""coefficient"":-1,""condition"":""F1-P2-H""},{""coefficient"":1,""condition"":""F1-P2-O""}]",original/answer_mean,-0.14859797159830732,0.00537109375,negative,False,matched_scope_note,1
ELS-3169-F1-interaction-P2-to-X2,3169,interaction,"[{""coefficient"":1,""condition"":""F1-X2-H""},{""coefficient"":-1,""condition"":""F1-X2-O""},{""coefficient"":-1,""condition"":""F1-P2-H""},{""coefficient"":1,""condition"":""F1-P2-O""}]",original/total_with_eos,-0.4859046936035156,0.00537109375,negative,False,matched_scope_note,1
ELS-3169-F1-interaction-P2-to-X2,3169,interaction,"[{""coefficient"":1,""condition"":""F1-X2-H""},{""coefficient"":-1,""condition"":""F1-X2-O""},{""coefficient"":-1,""condition"":""F1-P2-H""},{""coefficient"":1,""condition"":""F1-P2-O""}]",original/mean_with_eos,-0.11311976114908859,0.00537109375,negative,False,matched_scope_note,1
ELS-3169-F1-interaction-P2-to-X2,3169,interaction,"[{""coefficient"":1,""condition"":""F1-X2-H""},{""coefficient"":-1,""condition"":""F1-X2-O""},{""coefficient"":-1,""condition"":""F1-P2-H""},{""coefficient"":1,""condition"":""F1-P2-O""}]",ab_forward/answer_sum,-1.40509033203125,0.00537109375,negative,False,matched_scope_note,1
ELS-3169-F1-interaction-P2-to-X2,3169,interaction,"[{""coefficient"":1,""condition"":""F1-X2-H""},{""coefficient"":-1,""condition"":""F1-X2-O""},{""coefficient"":-1,""condition"":""F1-P2-H""},{""coefficient"":1,""condition"":""F1-P2-O""}]",ab_forward/answer_mean,-0.702545166015625,0.00537109375,negative,False,matched_scope_note,1
ELS-3169-F1-interaction-P2-to-X2,3169,interaction,"[{""coefficient"":1,""condition"":""F1-X2-H""},{""coefficient"":-1,""condition"":""F1-X2-O""},{""coefficient"":-1,""condition"":""F1-P2-H""},{""coefficient"":1,""condition"":""F1-P2-O""}]",ab_forward/total_with_eos,-1.40509033203125,0.00537109375,negative,False,matched_scope_note,1
ELS-3169-F1-interaction-P2-to-X2,3169,interaction,"[{""coefficient"":1,""condition"":""F1-X2-H""},{""coefficient"":-1,""condition"":""F1-X2-O""},{""coefficient"":-1,""condition"":""F1-P2-H""},{""coefficient"":1,""condition"":""F1-P2-O""}]",ab_forward/mean_with_eos,-0.4683634440104165,0.00537109375,negative,False,matched_scope_note,1
ELS-3169-F1-interaction-P2-to-X2,3169,interaction,"[{""coefficient"":1,""condition"":""F1-X2-H""},{""coefficient"":-1,""condition"":""F1-X2-O""},{""coefficient"":-1,""condition"":""F1-P2-H""},{""coefficient"":1,""condition"":""F1-P2-O""}]",ab_reverse/answer_sum,1.1105461120605469,0.00537109375,positive,False,matched_scope_note,1
ELS-3169-F1-interaction-P2-to-X2,3169,interaction,"[{""coefficient"":1,""condition"":""F1-X2-H""},{""coefficient"":-1,""condition"":""F1-X2-O""},{""coefficient"":-1,""condition"":""F1-P2-H""},{""coefficient"":1,""condition"":""F1-P2-O""}]",ab_reverse/answer_mean,0.5552730560302734,0.00537109375,positive,False,matched_scope_note,1
ELS-3169-F1-interaction-P2-to-X2,3169,interaction,"[{""coefficient"":1,""condition"":""F1-X2-H""},{""coefficient"":-1,""condition"":""F1-X2-O""},{""coefficient"":-1,""condition"":""F1-P2-H""},{""coefficient"":1,""condition"":""F1-P2-O""}]",ab_reverse/total_with_eos,1.1105461120605469,0.00537109375,positive,False,matched_scope_note,1
ELS-3169-F1-interaction-P2-to-X2,3169,interaction,"[{""coefficient"":1,""condition"":""F1-X2-H""},{""coefficient"":-1,""condition"":""F1-X2-O""},{""coefficient"":-1,""condition"":""F1-P2-H""},{""coefficient"":1,""condition"":""F1-P2-O""}]",ab_reverse/mean_with_eos,0.37018203735351574,0.00537109375,positive,False,matched_scope_note,1
ELS-3169-F1-interaction-P2-to-X2,3169,interaction,"[{""coefficient"":1,""condition"":""F1-X2-H""},{""coefficient"":-1,""condition"":""F1-X2-O""},{""coefficient"":-1,""condition"":""F1-P2-H""},{""coefficient"":1,""condition"":""F1-P2-O""}]",ncc,-0.15436671921239897,0.0107421875,negative,False,matched_scope_note,1
ELS-3169-F1-interaction-P2-to-X2,3169,interaction,"[{""coefficient"":1,""condition"":""F1-X2-H""},{""coefficient"":-1,""condition"":""F1-X2-O""},{""coefficient"":-1,""condition"":""F1-P2-H""},{""coefficient"":1,""condition"":""F1-P2-O""}]",background,0.0057687476140921845,0.00537109375,positive,False,matched_scope_note,1
ELS-3169-F1-interaction-P2-to-X2,3169,interaction,"[{""coefficient"":1,""condition"":""F1-X2-H""},{""coefficient"":-1,""condition"":""F1-X2-O""},{""coefficient"":-1,""condition"":""F1-P2-H""},{""coefficient"":1,""condition"":""F1-P2-O""}]",ab_symmetric_sum,-0.14727210998535156,0.00537109375,negative,False,matched_scope_note,1
ELS-3169-F1-interaction-P2-to-X2,3169,interaction,"[{""coefficient"":1,""condition"":""F1-X2-H""},{""coefficient"":-1,""condition"":""F1-X2-O""},{""coefficient"":-1,""condition"":""F1-P2-H""},{""coefficient"":1,""condition"":""F1-P2-O""}]",ab_mapping_gap_sum,-2.515636444091797,0.0107421875,negative,False,matched_scope_note,1
ELS-3169-F1-common_shift-P2-to-X2,3169,common_shift,"[{""coefficient"":0.5,""condition"":""F1-X2-H""},{""coefficient"":0.5,""condition"":""F1-X2-O""},{""coefficient"":-0.5,""condition"":""F1-P2-H""},{""coefficient"":-0.5,""condition"":""F1-P2-O""}]",original/answer_sum,2.011484146118164,0.002685546875,positive,False,matched_scope_note,1
ELS-3169-F1-common_shift-P2-to-X2,3169,common_shift,"[{""coefficient"":0.5,""condition"":""F1-X2-H""},{""coefficient"":0.5,""condition"":""F1-X2-O""},{""coefficient"":-0.5,""condition"":""F1-P2-H""},{""coefficient"":-0.5,""condition"":""F1-P2-O""}]",original/answer_mean,0.47410469055175775,0.002685546875,positive,False,matched_scope_note,1
ELS-3169-F1-common_shift-P2-to-X2,3169,common_shift,"[{""coefficient"":0.5,""condition"":""F1-X2-H""},{""coefficient"":0.5,""condition"":""F1-X2-O""},{""coefficient"":-0.5,""condition"":""F1-P2-H""},{""coefficient"":-0.5,""condition"":""F1-P2-O""}]",original/total_with_eos,2.011484146118164,0.002685546875,positive,False,matched_scope_note,1
ELS-3169-F1-common_shift-P2-to-X2,3169,common_shift,"[{""coefficient"":0.5,""condition"":""F1-X2-H""},{""coefficient"":0.5,""condition"":""F1-X2-O""},{""coefficient"":-0.5,""condition"":""F1-P2-H""},{""coefficient"":-0.5,""condition"":""F1-P2-O""}]",original/mean_with_eos,0.3801272710164388,0.002685546875,positive,False,matched_scope_note,1
ELS-3169-F1-common_shift-P2-to-X2,3169,common_shift,"[{""coefficient"":0.5,""condition"":""F1-X2-H""},{""coefficient"":0.5,""condition"":""F1-X2-O""},{""coefficient"":-0.5,""condition"":""F1-P2-H""},{""coefficient"":-0.5,""condition"":""F1-P2-O""}]",ab_forward/answer_sum,7.025943756103516,0.002685546875,positive,False,matched_scope_note,1
ELS-3169-F1-common_shift-P2-to-X2,3169,common_shift,"[{""coefficient"":0.5,""condition"":""F1-X2-H""},{""coefficient"":0.5,""condition"":""F1-X2-O""},{""coefficient"":-0.5,""condition"":""F1-P2-H""},{""coefficient"":-0.5,""condition"":""F1-P2-O""}]",ab_forward/answer_mean,3.512971878051758,0.002685546875,positive,False,matched_scope_note,1
ELS-3169-F1-common_shift-P2-to-X2,3169,common_shift,"[{""coefficient"":0.5,""condition"":""F1-X2-H""},{""coefficient"":0.5,""condition"":""F1-X2-O""},{""coefficient"":-0.5,""condition"":""F1-P2-H""},{""coefficient"":-0.5,""condition"":""F1-P2-O""}]",ab_forward/total_with_eos,7.025943756103516,0.002685546875,positive,False,matched_scope_note,1
ELS-3169-F1-common_shift-P2-to-X2,3169,common_shift,"[{""coefficient"":0.5,""condition"":""F1-X2-H""},{""coefficient"":0.5,""condition"":""F1-X2-O""},{""coefficient"":-0.5,""condition"":""F1-P2-H""},{""coefficient"":-0.5,""condition"":""F1-P2-O""}]",ab_forward/mean_with_eos,2.341981252034505,0.002685546875,positive,False,matched_scope_note,1
ELS-3169-F1-common_shift-P2-to-X2,3169,common_shift,"[{""coefficient"":0.5,""condition"":""F1-X2-H""},{""coefficient"":0.5,""condition"":""F1-X2-O""},{""coefficient"":-0.5,""condition"":""F1-P2-H""},{""coefficient"":-0.5,""condition"":""F1-P2-O""}]",ab_reverse/answer_sum,4.003213882446289,0.002685546875,positive,False,matched_scope_note,1
ELS-3169-F1-common_shift-P2-to-X2,3169,common_shift,"[{""coefficient"":0.5,""condition"":""F1-X2-H""},{""coefficient"":0.5,""condition"":""F1-X2-O""},{""coefficient"":-0.5,""condition"":""F1-P2-H""},{""coefficient"":-0.5,""condition"":""F1-P2-O""}]",ab_reverse/answer_mean,2.0016069412231445,0.002685546875,positive,False,matched_scope_note,1
ELS-3169-F1-common_shift-P2-to-X2,3169,common_shift,"[{""coefficient"":0.5,""condition"":""F1-X2-H""},{""coefficient"":0.5,""condition"":""F1-X2-O""},{""coefficient"":-0.5,""condition"":""F1-P2-H""},{""coefficient"":-0.5,""condition"":""F1-P2-O""}]",ab_reverse/total_with_eos,4.003213882446289,0.002685546875,positive,False,matched_scope_note,1
ELS-3169-F1-common_shift-P2-to-X2,3169,common_shift,"[{""coefficient"":0.5,""condition"":""F1-X2-H""},{""coefficient"":0.5,""condition"":""F1-X2-O""},{""coefficient"":-0.5,""condition"":""F1-P2-H""},{""coefficient"":-0.5,""condition"":""F1-P2-O""}]",ab_reverse/mean_with_eos,1.3344046274820964,0.002685546875,positive,False,matched_scope_note,1
ELS-3169-F1-common_shift-P2-to-X2,3169,common_shift,"[{""coefficient"":0.5,""condition"":""F1-X2-H""},{""coefficient"":0.5,""condition"":""F1-X2-O""},{""coefficient"":-0.5,""condition"":""F1-P2-H""},{""coefficient"":-0.5,""condition"":""F1-P2-O""}]",ncc,0.42189658109749506,0.00537109375,positive,False,matched_scope_note,1
ELS-3169-F1-common_shift-P2-to-X2,3169,common_shift,"[{""coefficient"":0.5,""condition"":""F1-X2-H""},{""coefficient"":0.5,""condition"":""F1-X2-O""},{""coefficient"":-0.5,""condition"":""F1-P2-H""},{""coefficient"":-0.5,""condition"":""F1-P2-O""}]",background,0.0522081094542628,0.002685546875,positive,False,matched_scope_note,1
ELS-3169-F1-common_shift-P2-to-X2,3169,common_shift,"[{""coefficient"":0.5,""condition"":""F1-X2-H""},{""coefficient"":0.5,""condition"":""F1-X2-O""},{""coefficient"":-0.5,""condition"":""F1-P2-H""},{""coefficient"":-0.5,""condition"":""F1-P2-O""}]",ab_symmetric_sum,5.514578819274902,0.002685546875,positive,False,matched_scope_note,1
ELS-3169-F1-common_shift-P2-to-X2,3169,common_shift,"[{""coefficient"":0.5,""condition"":""F1-X2-H""},{""coefficient"":0.5,""condition"":""F1-X2-O""},{""coefficient"":-0.5,""condition"":""F1-P2-H""},{""coefficient"":-0.5,""condition"":""F1-P2-O""}]",ab_mapping_gap_sum,3.0227298736572266,0.00537109375,positive,False,matched_scope_note,1
ELS-3169-F2-word_pair-O,3169,word_pair,"[{""coefficient"":1,""condition"":""F2-O-H""},{""coefficient"":-1,""condition"":""F2-O-O""}]",original/answer_sum,-0.8617782592773438,0.002685546875,negative,False,historical_pair,2
ELS-3169-F2-word_pair-O,3169,word_pair,"[{""coefficient"":1,""condition"":""F2-O-H""},{""coefficient"":-1,""condition"":""F2-O-O""}]",original/answer_mean,-0.2221796671549479,0.002685546875,negative,False,historical_pair,2
ELS-3169-F2-word_pair-O,3169,word_pair,"[{""coefficient"":1,""condition"":""F2-O-H""},{""coefficient"":-1,""condition"":""F2-O-O""}]",original/total_with_eos,-0.8617782592773438,0.002685546875,negative,False,historical_pair,2
ELS-3169-F2-word_pair-O,3169,word_pair,"[{""coefficient"":1,""condition"":""F2-O-H""},{""coefficient"":-1,""condition"":""F2-O-O""}]",original/mean_with_eos,-0.17476971944173175,0.002685546875,negative,False,historical_pair,2
ELS-3169-F2-word_pair-O,3169,word_pair,"[{""coefficient"":1,""condition"":""F2-O-H""},{""coefficient"":-1,""condition"":""F2-O-O""}]",ab_forward/answer_sum,-3.4583892822265625,0.002685546875,negative,False,historical_pair,2
ELS-3169-F2-word_pair-O,3169,word_pair,"[{""coefficient"":1,""condition"":""F2-O-H""},{""coefficient"":-1,""condition"":""F2-O-O""}]",ab_forward/answer_mean,-1.7291946411132812,0.002685546875,negative,False,historical_pair,2
ELS-3169-F2-word_pair-O,3169,word_pair,"[{""coefficient"":1,""condition"":""F2-O-H""},{""coefficient"":-1,""condition"":""F2-O-O""}]",ab_forward/total_with_eos,-3.4583892822265625,0.002685546875,negative,False,historical_pair,2
ELS-3169-F2-word_pair-O,3169,word_pair,"[{""coefficient"":1,""condition"":""F2-O-H""},{""coefficient"":-1,""condition"":""F2-O-O""}]",ab_forward/mean_with_eos,-1.1527964274088545,0.002685546875,negative,False,historical_pair,2
ELS-3169-F2-word_pair-O,3169,word_pair,"[{""coefficient"":1,""condition"":""F2-O-H""},{""coefficient"":-1,""condition"":""F2-O-O""}]",ab_reverse/answer_sum,-1.9920921325683594,0.002685546875,negative,False,historical_pair,2
ELS-3169-F2-word_pair-O,3169,word_pair,"[{""coefficient"":1,""condition"":""F2-O-H""},{""coefficient"":-1,""condition"":""F2-O-O""}]",ab_reverse/answer_mean,-0.9960460662841797,0.002685546875,negative,False,historical_pair,2
ELS-3169-F2-word_pair-O,3169,word_pair,"[{""coefficient"":1,""condition"":""F2-O-H""},{""coefficient"":-1,""condition"":""F2-O-O""}]",ab_reverse/total_with_eos,-1.9920921325683594,0.002685546875,negative,False,historical_pair,2
ELS-3169-F2-word_pair-O,3169,word_pair,"[{""coefficient"":1,""condition"":""F2-O-H""},{""coefficient"":-1,""condition"":""F2-O-O""}]",ab_reverse/mean_with_eos,-0.6640307108561196,0.002685546875,negative,False,historical_pair,2
ELS-3169-F2-word_pair-O,3169,word_pair,"[{""coefficient"":1,""condition"":""F2-O-H""},{""coefficient"":-1,""condition"":""F2-O-O""}]",ncc,-0.182690399901261,0.00537109375,negative,False,historical_pair,2
ELS-3169-F2-word_pair-O,3169,word_pair,"[{""coefficient"":1,""condition"":""F2-O-H""},{""coefficient"":-1,""condition"":""F2-O-O""}]",background,-0.039489267253686844,0.002685546875,negative,False,historical_pair,2
ELS-3169-F2-word_pair-O,3169,word_pair,"[{""coefficient"":1,""condition"":""F2-O-H""},{""coefficient"":-1,""condition"":""F2-O-O""}]",ab_symmetric_sum,-2.725240707397461,0.002685546875,negative,False,historical_pair,2
ELS-3169-F2-word_pair-O,3169,word_pair,"[{""coefficient"":1,""condition"":""F2-O-H""},{""coefficient"":-1,""condition"":""F2-O-O""}]",ab_mapping_gap_sum,-1.4662971496582031,0.00537109375,negative,False,historical_pair,2
ELS-3169-F2-word_pair-D,3169,word_pair,"[{""coefficient"":1,""condition"":""F2-D-H""},{""coefficient"":-1,""condition"":""F2-D-O""}]",original/answer_sum,0.0301513671875,0.002685546875,positive,False,within_arm_pair,2
ELS-3169-F2-word_pair-D,3169,word_pair,"[{""coefficient"":1,""condition"":""F2-D-H""},{""coefficient"":-1,""condition"":""F2-D-O""}]",original/answer_mean,0.01005249023437571,0.002685546875,positive,False,within_arm_pair,2
ELS-3169-F2-word_pair-D,3169,word_pair,"[{""coefficient"":1,""condition"":""F2-D-H""},{""coefficient"":-1,""condition"":""F2-D-O""}]",original/total_with_eos,0.0301513671875,0.002685546875,positive,False,within_arm_pair,2
ELS-3169-F2-word_pair-D,3169,word_pair,"[{""coefficient"":1,""condition"":""F2-D-H""},{""coefficient"":-1,""condition"":""F2-D-O""}]",original/mean_with_eos,0.007539113362629912,0.002685546875,positive,False,within_arm_pair,2
ELS-3169-F2-word_pair-D,3169,word_pair,"[{""coefficient"":1,""condition"":""F2-D-H""},{""coefficient"":-1,""condition"":""F2-D-O""}]",ab_forward/answer_sum,-0.4455223083496094,0.002685546875,negative,False,within_arm_pair,2
ELS-3169-F2-word_pair-D,3169,word_pair,"[{""coefficient"":1,""condition"":""F2-D-H""},{""coefficient"":-1,""condition"":""F2-D-O""}]",ab_forward/answer_mean,-0.2227611541748047,0.002685546875,negative,False,within_arm_pair,2
ELS-3169-F2-word_pair-D,3169,word_pair,"[{""coefficient"":1,""condition"":""F2-D-H""},{""coefficient"":-1,""condition"":""F2-D-O""}]",ab_forward/total_with_eos,-0.4455223083496094,0.002685546875,negative,False,within_arm_pair,2
ELS-3169-F2-word_pair-D,3169,word_pair,"[{""coefficient"":1,""condition"":""F2-D-H""},{""coefficient"":-1,""condition"":""F2-D-O""}]",ab_forward/mean_with_eos,-0.1485074361165366,0.002685546875,negative,False,within_arm_pair,2
ELS-3169-F2-word_pair-D,3169,word_pair,"[{""coefficient"":1,""condition"":""F2-D-H""},{""coefficient"":-1,""condition"":""F2-D-O""}]",ab_reverse/answer_sum,-0.4808521270751953,0.002685546875,negative,False,within_arm_pair,2
ELS-3169-F2-word_pair-D,3169,word_pair,"[{""coefficient"":1,""condition"":""F2-D-H""},{""coefficient"":-1,""condition"":""F2-D-O""}]",ab_reverse/answer_mean,-0.24042606353759766,0.002685546875,negative,False,within_arm_pair,2
ELS-3169-F2-word_pair-D,3169,word_pair,"[{""coefficient"":1,""condition"":""F2-D-H""},{""coefficient"":-1,""condition"":""F2-D-O""}]",ab_reverse/total_with_eos,-0.4808521270751953,0.002685546875,negative,False,within_arm_pair,2
ELS-3169-F2-word_pair-D,3169,word_pair,"[{""coefficient"":1,""condition"":""F2-D-H""},{""coefficient"":-1,""condition"":""F2-D-O""}]",ab_reverse/mean_with_eos,-0.16028404235839844,0.002685546875,negative,False,within_arm_pair,2
ELS-3169-F2-word_pair-D,3169,word_pair,"[{""coefficient"":1,""condition"":""F2-D-H""},{""coefficient"":-1,""condition"":""F2-D-O""}]",ncc,0.03809300740811494,0.00537109375,positive,False,within_arm_pair,2
ELS-3169-F2-word_pair-D,3169,word_pair,"[{""coefficient"":1,""condition"":""F2-D-H""},{""coefficient"":-1,""condition"":""F2-D-O""}]",background,-0.028040517173739232,0.002685546875,negative,False,within_arm_pair,2
ELS-3169-F2-word_pair-D,3169,word_pair,"[{""coefficient"":1,""condition"":""F2-D-H""},{""coefficient"":-1,""condition"":""F2-D-O""}]",ab_symmetric_sum,-0.46318721771240234,0.002685546875,negative,False,within_arm_pair,2
ELS-3169-F2-word_pair-D,3169,word_pair,"[{""coefficient"":1,""condition"":""F2-D-H""},{""coefficient"":-1,""condition"":""F2-D-O""}]",ab_mapping_gap_sum,0.03532981872558594,0.00537109375,positive,False,within_arm_pair,2
ELS-3169-F2-word_pair-N1,3169,word_pair,"[{""coefficient"":1,""condition"":""F2-N1-H""},{""coefficient"":-1,""condition"":""F2-N1-O""}]",original/answer_sum,0.2321929931640625,0.002685546875,positive,False,within_arm_pair,2
ELS-3169-F2-word_pair-N1,3169,word_pair,"[{""coefficient"":1,""condition"":""F2-N1-H""},{""coefficient"":-1,""condition"":""F2-N1-O""}]",original/answer_mean,0.0773981730143225,0.002685546875,positive,False,within_arm_pair,2
ELS-3169-F2-word_pair-N1,3169,word_pair,"[{""coefficient"":1,""condition"":""F2-N1-H""},{""coefficient"":-1,""condition"":""F2-N1-O""}]",original/total_with_eos,0.2321929931640625,0.002685546875,positive,False,within_arm_pair,2
ELS-3169-F2-word_pair-N1,3169,word_pair,"[{""coefficient"":1,""condition"":""F2-N1-H""},{""coefficient"":-1,""condition"":""F2-N1-O""}]",original/mean_with_eos,0.058048566182454575,0.002685546875,positive,False,within_arm_pair,2
ELS-3169-F2-word_pair-N1,3169,word_pair,"[{""coefficient"":1,""condition"":""F2-N1-H""},{""coefficient"":-1,""condition"":""F2-N1-O""}]",ab_forward/answer_sum,-0.3900146484375,0.002685546875,negative,False,within_arm_pair,2
ELS-3169-F2-word_pair-N1,3169,word_pair,"[{""coefficient"":1,""condition"":""F2-N1-H""},{""coefficient"":-1,""condition"":""F2-N1-O""}]",ab_forward/answer_mean,-0.19500732421875,0.002685546875,negative,False,within_arm_pair,2
ELS-3169-F2-word_pair-N1,3169,word_pair,"[{""coefficient"":1,""condition"":""F2-N1-H""},{""coefficient"":-1,""condition"":""F2-N1-O""}]",ab_forward/total_with_eos,-0.3900146484375,0.002685546875,negative,False,within_arm_pair,2
ELS-3169-F2-word_pair-N1,3169,word_pair,"[{""coefficient"":1,""condition"":""F2-N1-H""},{""coefficient"":-1,""condition"":""F2-N1-O""}]",ab_forward/mean_with_eos,-0.1300048828124991,0.002685546875,negative,False,within_arm_pair,2
ELS-3169-F2-word_pair-N1,3169,word_pair,"[{""coefficient"":1,""condition"":""F2-N1-H""},{""coefficient"":-1,""condition"":""F2-N1-O""}]",ab_reverse/answer_sum,-0.6605300903320312,0.002685546875,negative,False,within_arm_pair,2
ELS-3169-F2-word_pair-N1,3169,word_pair,"[{""coefficient"":1,""condition"":""F2-N1-H""},{""coefficient"":-1,""condition"":""F2-N1-O""}]",ab_reverse/answer_mean,-0.3302650451660156,0.002685546875,negative,False,within_arm_pair,2
ELS-3169-F2-word_pair-N1,3169,word_pair,"[{""coefficient"":1,""condition"":""F2-N1-H""},{""coefficient"":-1,""condition"":""F2-N1-O""}]",ab_reverse/total_with_eos,-0.6605300903320312,0.002685546875,negative,False,within_arm_pair,2
ELS-3169-F2-word_pair-N1,3169,word_pair,"[{""coefficient"":1,""condition"":""F2-N1-H""},{""coefficient"":-1,""condition"":""F2-N1-O""}]",ab_reverse/mean_with_eos,-0.22017669677734375,0.002685546875,negative,False,within_arm_pair,2
ELS-3169-F2-word_pair-N1,3169,word_pair,"[{""coefficient"":1,""condition"":""F2-N1-H""},{""coefficient"":-1,""condition"":""F2-N1-O""}]",ncc,0.11222176768611591,0.00537109375,positive,False,within_arm_pair,2
ELS-3169-F2-word_pair-N1,3169,word_pair,"[{""coefficient"":1,""condition"":""F2-N1-H""},{""coefficient"":-1,""condition"":""F2-N1-O""}]",background,-0.03482359467179341,0.002685546875,negative,False,within_arm_pair,2
ELS-3169-F2-word_pair-N1,3169,word_pair,"[{""coefficient"":1,""condition"":""F2-N1-H""},{""coefficient"":-1,""condition"":""F2-N1-O""}]",ab_symmetric_sum,-0.5252723693847656,0.002685546875,negative,False,within_arm_pair,2
ELS-3169-F2-word_pair-N1,3169,word_pair,"[{""coefficient"":1,""condition"":""F2-N1-H""},{""coefficient"":-1,""condition"":""F2-N1-O""}]",ab_mapping_gap_sum,0.27051544189453125,0.00537109375,positive,False,within_arm_pair,2
ELS-3169-F2-word_pair-E1,3169,word_pair,"[{""coefficient"":1,""condition"":""F2-E1-H""},{""coefficient"":-1,""condition"":""F2-E1-O""}]",original/answer_sum,0.20537567138671875,0.002685546875,positive,False,within_arm_pair,2
ELS-3169-F2-word_pair-E1,3169,word_pair,"[{""coefficient"":1,""condition"":""F2-E1-H""},{""coefficient"":-1,""condition"":""F2-E1-O""}]",original/answer_mean,0.06845906575520733,0.002685546875,positive,False,within_arm_pair,2
ELS-3169-F2-word_pair-E1,3169,word_pair,"[{""coefficient"":1,""condition"":""F2-E1-H""},{""coefficient"":-1,""condition"":""F2-E1-O""}]",original/total_with_eos,0.20537567138671875,0.002685546875,positive,False,within_arm_pair,2
ELS-3169-F2-word_pair-E1,3169,word_pair,"[{""coefficient"":1,""condition"":""F2-E1-H""},{""coefficient"":-1,""condition"":""F2-E1-O""}]",original/mean_with_eos,0.051344235738118194,0.002685546875,positive,False,within_arm_pair,2
ELS-3169-F2-word_pair-E1,3169,word_pair,"[{""coefficient"":1,""condition"":""F2-E1-H""},{""coefficient"":-1,""condition"":""F2-E1-O""}]",ab_forward/answer_sum,-0.372039794921875,0.002685546875,negative,False,within_arm_pair,2
ELS-3169-F2-word_pair-E1,3169,word_pair,"[{""coefficient"":1,""condition"":""F2-E1-H""},{""coefficient"":-1,""condition"":""F2-E1-O""}]",ab_forward/answer_mean,-0.1860198974609375,0.002685546875,negative,False,within_arm_pair,2
ELS-3169-F2-word_pair-E1,3169,word_pair,"[{""coefficient"":1,""condition"":""F2-E1-H""},{""coefficient"":-1,""condition"":""F2-E1-O""}]",ab_forward/total_with_eos,-0.372039794921875,0.002685546875,negative,False,within_arm_pair,2
ELS-3169-F2-word_pair-E1,3169,word_pair,"[{""coefficient"":1,""condition"":""F2-E1-H""},{""coefficient"":-1,""condition"":""F2-E1-O""}]",ab_forward/mean_with_eos,-0.12401326497395893,0.002685546875,negative,False,within_arm_pair,2
ELS-3169-F2-word_pair-E1,3169,word_pair,"[{""coefficient"":1,""condition"":""F2-E1-H""},{""coefficient"":-1,""condition"":""F2-E1-O""}]",ab_reverse/answer_sum,-0.43320465087890625,0.002685546875,negative,False,within_arm_pair,2
ELS-3169-F2-word_pair-E1,3169,word_pair,"[{""coefficient"":1,""condition"":""F2-E1-H""},{""coefficient"":-1,""condition"":""F2-E1-O""}]",ab_reverse/answer_mean,-0.21660232543945312,0.002685546875,negative,False,within_arm_pair,2
ELS-3169-F2-word_pair-E1,3169,word_pair,"[{""coefficient"":1,""condition"":""F2-E1-H""},{""coefficient"":-1,""condition"":""F2-E1-O""}]",ab_reverse/total_with_eos,-0.43320465087890625,0.002685546875,negative,False,within_arm_pair,2
ELS-3169-F2-word_pair-E1,3169,word_pair,"[{""coefficient"":1,""condition"":""F2-E1-H""},{""coefficient"":-1,""condition"":""F2-E1-O""}]",ab_reverse/mean_with_eos,-0.14440155029296875,0.002685546875,negative,False,within_arm_pair,2
ELS-3169-F2-word_pair-E1,3169,word_pair,"[{""coefficient"":1,""condition"":""F2-E1-H""},{""coefficient"":-1,""condition"":""F2-E1-O""}]",ncc,0.08168222724881424,0.00537109375,positive,False,within_arm_pair,2
ELS-3169-F2-word_pair-E1,3169,word_pair,"[{""coefficient"":1,""condition"":""F2-E1-H""},{""coefficient"":-1,""condition"":""F2-E1-O""}]",background,-0.013223161493606916,0.002685546875,negative,False,within_arm_pair,2
ELS-3169-F2-word_pair-E1,3169,word_pair,"[{""coefficient"":1,""condition"":""F2-E1-H""},{""coefficient"":-1,""condition"":""F2-E1-O""}]",ab_symmetric_sum,-0.4026222229003906,0.002685546875,negative,False,within_arm_pair,2
ELS-3169-F2-word_pair-E1,3169,word_pair,"[{""coefficient"":1,""condition"":""F2-E1-H""},{""coefficient"":-1,""condition"":""F2-E1-O""}]",ab_mapping_gap_sum,0.06116485595703125,0.00537109375,positive,False,within_arm_pair,2
ELS-3169-F2-word_pair-N2,3169,word_pair,"[{""coefficient"":1,""condition"":""F2-N2-H""},{""coefficient"":-1,""condition"":""F2-N2-O""}]",original/answer_sum,0.292205810546875,0.002685546875,positive,False,within_arm_pair,2
ELS-3169-F2-word_pair-N2,3169,word_pair,"[{""coefficient"":1,""condition"":""F2-N2-H""},{""coefficient"":-1,""condition"":""F2-N2-O""}]",original/answer_mean,0.09740244547526089,0.002685546875,positive,False,within_arm_pair,2
ELS-3169-F2-word_pair-N2,3169,word_pair,"[{""coefficient"":1,""condition"":""F2-N2-H""},{""coefficient"":-1,""condition"":""F2-N2-O""}]",original/total_with_eos,0.292205810546875,0.002685546875,positive,False,within_arm_pair,2
ELS-3169-F2-word_pair-N2,3169,word_pair,"[{""coefficient"":1,""condition"":""F2-N2-H""},{""coefficient"":-1,""condition"":""F2-N2-O""}]",original/mean_with_eos,0.0730517705281577,0.002685546875,positive,False,within_arm_pair,2
ELS-3169-F2-word_pair-N2,3169,word_pair,"[{""coefficient"":1,""condition"":""F2-N2-H""},{""coefficient"":-1,""condition"":""F2-N2-O""}]",ab_forward/answer_sum,-0.4010124206542969,0.002685546875,negative,False,within_arm_pair,2
ELS-3169-F2-word_pair-N2,3169,word_pair,"[{""coefficient"":1,""condition"":""F2-N2-H""},{""coefficient"":-1,""condition"":""F2-N2-O""}]",ab_forward/answer_mean,-0.20050621032714844,0.002685546875,negative,False,within_arm_pair,2
ELS-3169-F2-word_pair-N2,3169,word_pair,"[{""coefficient"":1,""condition"":""F2-N2-H""},{""coefficient"":-1,""condition"":""F2-N2-O""}]",ab_forward/total_with_eos,-0.4010124206542969,0.002685546875,negative,False,within_arm_pair,2
ELS-3169-F2-word_pair-N2,3169,word_pair,"[{""coefficient"":1,""condition"":""F2-N2-H""},{""coefficient"":-1,""condition"":""F2-N2-O""}]",ab_forward/mean_with_eos,-0.1336708068847665,0.002685546875,negative,False,within_arm_pair,2
ELS-3169-F2-word_pair-N2,3169,word_pair,"[{""coefficient"":1,""condition"":""F2-N2-H""},{""coefficient"":-1,""condition"":""F2-N2-O""}]",ab_reverse/answer_sum,-0.6970176696777344,0.002685546875,negative,False,within_arm_pair,2
ELS-3169-F2-word_pair-N2,3169,word_pair,"[{""coefficient"":1,""condition"":""F2-N2-H""},{""coefficient"":-1,""condition"":""F2-N2-O""}]",ab_reverse/answer_mean,-0.3485088348388672,0.002685546875,negative,False,within_arm_pair,2
ELS-3169-F2-word_pair-N2,3169,word_pair,"[{""coefficient"":1,""condition"":""F2-N2-H""},{""coefficient"":-1,""condition"":""F2-N2-O""}]",ab_reverse/total_with_eos,-0.6970176696777344,0.002685546875,negative,False,within_arm_pair,2
ELS-3169-F2-word_pair-N2,3169,word_pair,"[{""coefficient"":1,""condition"":""F2-N2-H""},{""coefficient"":-1,""condition"":""F2-N2-O""}]",ab_reverse/mean_with_eos,-0.23233922322591116,0.002685546875,negative,False,within_arm_pair,2
ELS-3169-F2-word_pair-N2,3169,word_pair,"[{""coefficient"":1,""condition"":""F2-N2-H""},{""coefficient"":-1,""condition"":""F2-N2-O""}]",ncc,0.1397537473325805,0.00537109375,positive,False,within_arm_pair,2
ELS-3169-F2-word_pair-N2,3169,word_pair,"[{""coefficient"":1,""condition"":""F2-N2-H""},{""coefficient"":-1,""condition"":""F2-N2-O""}]",background,-0.04235130185731961,0.002685546875,negative,False,within_arm_pair,2
ELS-3169-F2-word_pair-N2,3169,word_pair,"[{""coefficient"":1,""condition"":""F2-N2-H""},{""coefficient"":-1,""condition"":""F2-N2-O""}]",ab_symmetric_sum,-0.5490150451660156,0.002685546875,negative,False,within_arm_pair,2
ELS-3169-F2-word_pair-N2,3169,word_pair,"[{""coefficient"":1,""condition"":""F2-N2-H""},{""coefficient"":-1,""condition"":""F2-N2-O""}]",ab_mapping_gap_sum,0.2960052490234375,0.00537109375,positive,False,within_arm_pair,2
ELS-3169-F2-word_pair-E2,3169,word_pair,"[{""coefficient"":1,""condition"":""F2-E2-H""},{""coefficient"":-1,""condition"":""F2-E2-O""}]",original/answer_sum,0.24755859375,0.002685546875,positive,False,within_arm_pair,2
ELS-3169-F2-word_pair-E2,3169,word_pair,"[{""coefficient"":1,""condition"":""F2-E2-H""},{""coefficient"":-1,""condition"":""F2-E2-O""}]",original/answer_mean,0.08251953125,0.002685546875,positive,False,within_arm_pair,2
ELS-3169-F2-word_pair-E2,3169,word_pair,"[{""coefficient"":1,""condition"":""F2-E2-H""},{""coefficient"":-1,""condition"":""F2-E2-O""}]",original/total_with_eos,0.24755859375,0.002685546875,positive,False,within_arm_pair,2
ELS-3169-F2-word_pair-E2,3169,word_pair,"[{""coefficient"":1,""condition"":""F2-E2-H""},{""coefficient"":-1,""condition"":""F2-E2-O""}]",original/mean_with_eos,0.0618896484375,0.002685546875,positive,False,within_arm_pair,2
ELS-3169-F2-word_pair-E2,3169,word_pair,"[{""coefficient"":1,""condition"":""F2-E2-H""},{""coefficient"":-1,""condition"":""F2-E2-O""}]",ab_forward/answer_sum,-0.31707763671875,0.002685546875,negative,False,within_arm_pair,2
ELS-3169-F2-word_pair-E2,3169,word_pair,"[{""coefficient"":1,""condition"":""F2-E2-H""},{""coefficient"":-1,""condition"":""F2-E2-O""}]",ab_forward/answer_mean,-0.158538818359375,0.002685546875,negative,False,within_arm_pair,2
ELS-3169-F2-word_pair-E2,3169,word_pair,"[{""coefficient"":1,""condition"":""F2-E2-H""},{""coefficient"":-1,""condition"":""F2-E2-O""}]",ab_forward/total_with_eos,-0.31707763671875,0.002685546875,negative,False,within_arm_pair,2
ELS-3169-F2-word_pair-E2,3169,word_pair,"[{""coefficient"":1,""condition"":""F2-E2-H""},{""coefficient"":-1,""condition"":""F2-E2-O""}]",ab_forward/mean_with_eos,-0.10569254557291696,0.002685546875,negative,False,within_arm_pair,2
ELS-3169-F2-word_pair-E2,3169,word_pair,"[{""coefficient"":1,""condition"":""F2-E2-H""},{""coefficient"":-1,""condition"":""F2-E2-O""}]",ab_reverse/answer_sum,-0.5158920288085938,0.002685546875,negative,False,within_arm_pair,2
ELS-3169-F2-word_pair-E2,3169,word_pair,"[{""coefficient"":1,""condition"":""F2-E2-H""},{""coefficient"":-1,""condition"":""F2-E2-O""}]",ab_reverse/answer_mean,-0.2579460144042969,0.002685546875,negative,False,within_arm_pair,2
ELS-3169-F2-word_pair-E2,3169,word_pair,"[{""coefficient"":1,""condition"":""F2-E2-H""},{""coefficient"":-1,""condition"":""F2-E2-O""}]",ab_reverse/total_with_eos,-0.5158920288085938,0.002685546875,negative,False,within_arm_pair,2
ELS-3169-F2-word_pair-E2,3169,word_pair,"[{""coefficient"":1,""condition"":""F2-E2-H""},{""coefficient"":-1,""condition"":""F2-E2-O""}]",ab_reverse/mean_with_eos,-0.1719640096028643,0.002685546875,negative,False,within_arm_pair,2
ELS-3169-F2-word_pair-E2,3169,word_pair,"[{""coefficient"":1,""condition"":""F2-E2-H""},{""coefficient"":-1,""condition"":""F2-E2-O""}]",ncc,0.09897378411916513,0.00537109375,positive,False,within_arm_pair,2
ELS-3169-F2-word_pair-E2,3169,word_pair,"[{""coefficient"":1,""condition"":""F2-E2-H""},{""coefficient"":-1,""condition"":""F2-E2-O""}]",background,-0.01645425286916513,0.002685546875,negative,False,within_arm_pair,2
ELS-3169-F2-word_pair-E2,3169,word_pair,"[{""coefficient"":1,""condition"":""F2-E2-H""},{""coefficient"":-1,""condition"":""F2-E2-O""}]",ab_symmetric_sum,-0.4164848327636719,0.002685546875,negative,False,within_arm_pair,2
ELS-3169-F2-word_pair-E2,3169,word_pair,"[{""coefficient"":1,""condition"":""F2-E2-H""},{""coefficient"":-1,""condition"":""F2-E2-O""}]",ab_mapping_gap_sum,0.19881439208984375,0.00537109375,positive,False,within_arm_pair,2
ELS-3169-F2-word_pair-P1,3169,word_pair,"[{""coefficient"":1,""condition"":""F2-P1-H""},{""coefficient"":-1,""condition"":""F2-P1-O""}]",original/answer_sum,-0.6892814636230469,0.002685546875,negative,False,within_arm_pair,2
ELS-3169-F2-word_pair-P1,3169,word_pair,"[{""coefficient"":1,""condition"":""F2-P1-H""},{""coefficient"":-1,""condition"":""F2-P1-O""}]",original/answer_mean,-0.15001958211263022,0.002685546875,negative,False,within_arm_pair,2
ELS-3169-F2-word_pair-P1,3169,word_pair,"[{""coefficient"":1,""condition"":""F2-P1-H""},{""coefficient"":-1,""condition"":""F2-P1-O""}]",original/total_with_eos,-0.6892814636230469,0.002685546875,negative,False,within_arm_pair,2
ELS-3169-F2-word_pair-P1,3169,word_pair,"[{""coefficient"":1,""condition"":""F2-P1-H""},{""coefficient"":-1,""condition"":""F2-P1-O""}]",original/mean_with_eos,-0.1224822998046875,0.002685546875,negative,False,within_arm_pair,2
ELS-3169-F2-word_pair-P1,3169,word_pair,"[{""coefficient"":1,""condition"":""F2-P1-H""},{""coefficient"":-1,""condition"":""F2-P1-O""}]",ab_forward/answer_sum,-1.9025154113769531,0.002685546875,negative,False,within_arm_pair,2
ELS-3169-F2-word_pair-P1,3169,word_pair,"[{""coefficient"":1,""condition"":""F2-P1-H""},{""coefficient"":-1,""condition"":""F2-P1-O""}]",ab_forward/answer_mean,-0.9512577056884766,0.002685546875,negative,False,within_arm_pair,2
ELS-3169-F2-word_pair-P1,3169,word_pair,"[{""coefficient"":1,""condition"":""F2-P1-H""},{""coefficient"":-1,""condition"":""F2-P1-O""}]",ab_forward/total_with_eos,-1.9025154113769531,0.002685546875,negative,False,within_arm_pair,2
ELS-3169-F2-word_pair-P1,3169,word_pair,"[{""coefficient"":1,""condition"":""F2-P1-H""},{""coefficient"":-1,""condition"":""F2-P1-O""}]",ab_forward/mean_with_eos,-0.6341718037923183,0.002685546875,negative,False,within_arm_pair,2
ELS-3169-F2-word_pair-P1,3169,word_pair,"[{""coefficient"":1,""condition"":""F2-P1-H""},{""coefficient"":-1,""condition"":""F2-P1-O""}]",ab_reverse/answer_sum,-0.9682235717773438,0.002685546875,negative,False,within_arm_pair,2
ELS-3169-F2-word_pair-P1,3169,word_pair,"[{""coefficient"":1,""condition"":""F2-P1-H""},{""coefficient"":-1,""condition"":""F2-P1-O""}]",ab_reverse/answer_mean,-0.4841117858886719,0.002685546875,negative,False,within_arm_pair,2
ELS-3169-F2-word_pair-P1,3169,word_pair,"[{""coefficient"":1,""condition"":""F2-P1-H""},{""coefficient"":-1,""condition"":""F2-P1-O""}]",ab_reverse/total_with_eos,-0.9682235717773438,0.002685546875,negative,False,within_arm_pair,2
ELS-3169-F2-word_pair-P1,3169,word_pair,"[{""coefficient"":1,""condition"":""F2-P1-H""},{""coefficient"":-1,""condition"":""F2-P1-O""}]",ab_reverse/mean_with_eos,-0.3227411905924479,0.002685546875,negative,False,within_arm_pair,2
ELS-3169-F2-word_pair-P1,3169,word_pair,"[{""coefficient"":1,""condition"":""F2-P1-H""},{""coefficient"":-1,""condition"":""F2-P1-O""}]",ncc,-0.10898212381076,0.00537109375,negative,False,within_arm_pair,2
ELS-3169-F2-word_pair-P1,3169,word_pair,"[{""coefficient"":1,""condition"":""F2-P1-H""},{""coefficient"":-1,""condition"":""F2-P1-O""}]",background,-0.041037458301870444,0.002685546875,negative,False,within_arm_pair,2
ELS-3169-F2-word_pair-P1,3169,word_pair,"[{""coefficient"":1,""condition"":""F2-P1-H""},{""coefficient"":-1,""condition"":""F2-P1-O""}]",ab_symmetric_sum,-1.4353694915771484,0.002685546875,negative,False,within_arm_pair,2
ELS-3169-F2-word_pair-P1,3169,word_pair,"[{""coefficient"":1,""condition"":""F2-P1-H""},{""coefficient"":-1,""condition"":""F2-P1-O""}]",ab_mapping_gap_sum,-0.9342918395996094,0.00537109375,negative,False,within_arm_pair,2
ELS-3169-F2-word_pair-X1,3169,word_pair,"[{""coefficient"":1,""condition"":""F2-X1-H""},{""coefficient"":-1,""condition"":""F2-X1-O""}]",original/answer_sum,-1.1921615600585938,0.002685546875,negative,False,within_arm_pair,2
ELS-3169-F2-word_pair-X1,3169,word_pair,"[{""coefficient"":1,""condition"":""F2-X1-H""},{""coefficient"":-1,""condition"":""F2-X1-O""}]",original/answer_mean,-0.3152638753255208,0.002685546875,negative,False,within_arm_pair,2
ELS-3169-F2-word_pair-X1,3169,word_pair,"[{""coefficient"":1,""condition"":""F2-X1-H""},{""coefficient"":-1,""condition"":""F2-X1-O""}]",original/total_with_eos,-1.1921615600585938,0.002685546875,negative,False,within_arm_pair,2
ELS-3169-F2-word_pair-X1,3169,word_pair,"[{""coefficient"":1,""condition"":""F2-X1-H""},{""coefficient"":-1,""condition"":""F2-X1-O""}]",original/mean_with_eos,-0.24671332041422528,0.002685546875,negative,False,within_arm_pair,2
ELS-3169-F2-word_pair-X1,3169,word_pair,"[{""coefficient"":1,""condition"":""F2-X1-H""},{""coefficient"":-1,""condition"":""F2-X1-O""}]",ab_forward/answer_sum,-3.048625946044922,0.002685546875,negative,False,within_arm_pair,2
ELS-3169-F2-word_pair-X1,3169,word_pair,"[{""coefficient"":1,""condition"":""F2-X1-H""},{""coefficient"":-1,""condition"":""F2-X1-O""}]",ab_forward/answer_mean,-1.524312973022461,0.002685546875,negative,False,within_arm_pair,2
ELS-3169-F2-word_pair-X1,3169,word_pair,"[{""coefficient"":1,""condition"":""F2-X1-H""},{""coefficient"":-1,""condition"":""F2-X1-O""}]",ab_forward/total_with_eos,-3.048625946044922,0.002685546875,negative,False,within_arm_pair,2
ELS-3169-F2-word_pair-X1,3169,word_pair,"[{""coefficient"":1,""condition"":""F2-X1-H""},{""coefficient"":-1,""condition"":""F2-X1-O""}]",ab_forward/mean_with_eos,-1.0162086486816406,0.002685546875,negative,False,within_arm_pair,2
ELS-3169-F2-word_pair-X1,3169,word_pair,"[{""coefficient"":1,""condition"":""F2-X1-H""},{""coefficient"":-1,""condition"":""F2-X1-O""}]",ab_reverse/answer_sum,-0.4560546875,0.002685546875,negative,False,within_arm_pair,2
ELS-3169-F2-word_pair-X1,3169,word_pair,"[{""coefficient"":1,""condition"":""F2-X1-H""},{""coefficient"":-1,""condition"":""F2-X1-O""}]",ab_reverse/answer_mean,-0.22802734375,0.002685546875,negative,False,within_arm_pair,2
ELS-3169-F2-word_pair-X1,3169,word_pair,"[{""coefficient"":1,""condition"":""F2-X1-H""},{""coefficient"":-1,""condition"":""F2-X1-O""}]",ab_reverse/total_with_eos,-0.4560546875,0.002685546875,negative,False,within_arm_pair,2
ELS-3169-F2-word_pair-X1,3169,word_pair,"[{""coefficient"":1,""condition"":""F2-X1-H""},{""coefficient"":-1,""condition"":""F2-X1-O""}]",ab_reverse/mean_with_eos,-0.15201822916666652,0.002685546875,negative,False,within_arm_pair,2
ELS-3169-F2-word_pair-X1,3169,word_pair,"[{""coefficient"":1,""condition"":""F2-X1-H""},{""coefficient"":-1,""condition"":""F2-X1-O""}]",ncc,-0.2784522220604737,0.00537109375,negative,False,within_arm_pair,2
ELS-3169-F2-word_pair-X1,3169,word_pair,"[{""coefficient"":1,""condition"":""F2-X1-H""},{""coefficient"":-1,""condition"":""F2-X1-O""}]",background,-0.036811653265047095,0.002685546875,negative,False,within_arm_pair,2
ELS-3169-F2-word_pair-X1,3169,word_pair,"[{""coefficient"":1,""condition"":""F2-X1-H""},{""coefficient"":-1,""condition"":""F2-X1-O""}]",ab_symmetric_sum,-1.752340316772461,0.002685546875,negative,False,within_arm_pair,2
ELS-3169-F2-word_pair-X1,3169,word_pair,"[{""coefficient"":1,""condition"":""F2-X1-H""},{""coefficient"":-1,""condition"":""F2-X1-O""}]",ab_mapping_gap_sum,-2.592571258544922,0.00537109375,negative,False,within_arm_pair,2
ELS-3169-F2-word_pair-P2,3169,word_pair,"[{""coefficient"":1,""condition"":""F2-P2-H""},{""coefficient"":-1,""condition"":""F2-P2-O""}]",original/answer_sum,-0.4350128173828125,0.002685546875,negative,False,within_arm_pair,2
ELS-3169-F2-word_pair-P2,3169,word_pair,"[{""coefficient"":1,""condition"":""F2-P2-H""},{""coefficient"":-1,""condition"":""F2-P2-O""}]",original/answer_mean,-0.09422149658203127,0.002685546875,negative,False,within_arm_pair,2
ELS-3169-F2-word_pair-P2,3169,word_pair,"[{""coefficient"":1,""condition"":""F2-P2-H""},{""coefficient"":-1,""condition"":""F2-P2-O""}]",original/total_with_eos,-0.4350128173828125,0.002685546875,negative,False,within_arm_pair,2
ELS-3169-F2-word_pair-P2,3169,word_pair,"[{""coefficient"":1,""condition"":""F2-P2-H""},{""coefficient"":-1,""condition"":""F2-P2-O""}]",original/mean_with_eos,-0.07701396942138672,0.002685546875,negative,False,within_arm_pair,2
ELS-3169-F2-word_pair-P2,3169,word_pair,"[{""coefficient"":1,""condition"":""F2-P2-H""},{""coefficient"":-1,""condition"":""F2-P2-O""}]",ab_forward/answer_sum,-1.1975822448730469,0.002685546875,negative,False,within_arm_pair,2
ELS-3169-F2-word_pair-P2,3169,word_pair,"[{""coefficient"":1,""condition"":""F2-P2-H""},{""coefficient"":-1,""condition"":""F2-P2-O""}]",ab_forward/answer_mean,-0.5987911224365234,0.002685546875,negative,False,within_arm_pair,2
ELS-3169-F2-word_pair-P2,3169,word_pair,"[{""coefficient"":1,""condition"":""F2-P2-H""},{""coefficient"":-1,""condition"":""F2-P2-O""}]",ab_forward/total_with_eos,-1.1975822448730469,0.002685546875,negative,False,within_arm_pair,2
ELS-3169-F2-word_pair-P2,3169,word_pair,"[{""coefficient"":1,""condition"":""F2-P2-H""},{""coefficient"":-1,""condition"":""F2-P2-O""}]",ab_forward/mean_with_eos,-0.39919408162434866,0.002685546875,negative,False,within_arm_pair,2
ELS-3169-F2-word_pair-P2,3169,word_pair,"[{""coefficient"":1,""condition"":""F2-P2-H""},{""coefficient"":-1,""condition"":""F2-P2-O""}]",ab_reverse/answer_sum,-0.8105239868164062,0.002685546875,negative,False,within_arm_pair,2
ELS-3169-F2-word_pair-P2,3169,word_pair,"[{""coefficient"":1,""condition"":""F2-P2-H""},{""coefficient"":-1,""condition"":""F2-P2-O""}]",ab_reverse/answer_mean,-0.4052619934082031,0.002685546875,negative,False,within_arm_pair,2
ELS-3169-F2-word_pair-P2,3169,word_pair,"[{""coefficient"":1,""condition"":""F2-P2-H""},{""coefficient"":-1,""condition"":""F2-P2-O""}]",ab_reverse/total_with_eos,-0.8105239868164062,0.002685546875,negative,False,within_arm_pair,2
ELS-3169-F2-word_pair-P2,3169,word_pair,"[{""coefficient"":1,""condition"":""F2-P2-H""},{""coefficient"":-1,""condition"":""F2-P2-O""}]",ab_reverse/mean_with_eos,-0.27017466227213527,0.002685546875,negative,False,within_arm_pair,2
ELS-3169-F2-word_pair-P2,3169,word_pair,"[{""coefficient"":1,""condition"":""F2-P2-H""},{""coefficient"":-1,""condition"":""F2-P2-O""}]",ncc,-0.03373744240914922,0.00537109375,negative,False,within_arm_pair,2
ELS-3169-F2-word_pair-P2,3169,word_pair,"[{""coefficient"":1,""condition"":""F2-P2-H""},{""coefficient"":-1,""condition"":""F2-P2-O""}]",background,-0.060484054172882384,0.002685546875,negative,False,within_arm_pair,2
ELS-3169-F2-word_pair-P2,3169,word_pair,"[{""coefficient"":1,""condition"":""F2-P2-H""},{""coefficient"":-1,""condition"":""F2-P2-O""}]",ab_symmetric_sum,-1.0040531158447266,0.002685546875,negative,False,within_arm_pair,2
ELS-3169-F2-word_pair-P2,3169,word_pair,"[{""coefficient"":1,""condition"":""F2-P2-H""},{""coefficient"":-1,""condition"":""F2-P2-O""}]",ab_mapping_gap_sum,-0.3870582580566406,0.00537109375,negative,False,within_arm_pair,2
ELS-3169-F2-word_pair-X2,3169,word_pair,"[{""coefficient"":1,""condition"":""F2-X2-H""},{""coefficient"":-1,""condition"":""F2-X2-O""}]",original/answer_sum,-1.0934410095214844,0.002685546875,negative,False,within_arm_pair,2
ELS-3169-F2-word_pair-X2,3169,word_pair,"[{""coefficient"":1,""condition"":""F2-X2-H""},{""coefficient"":-1,""condition"":""F2-X2-O""}]",original/answer_mean,-0.3025291442871093,0.002685546875,negative,False,within_arm_pair,2
ELS-3169-F2-word_pair-X2,3169,word_pair,"[{""coefficient"":1,""condition"":""F2-X2-H""},{""coefficient"":-1,""condition"":""F2-X2-O""}]",original/total_with_eos,-1.0934410095214844,0.002685546875,negative,False,within_arm_pair,2
ELS-3169-F2-word_pair-X2,3169,word_pair,"[{""coefficient"":1,""condition"":""F2-X2-H""},{""coefficient"":-1,""condition"":""F2-X2-O""}]",original/mean_with_eos,-0.23464075724283856,0.002685546875,negative,False,within_arm_pair,2
ELS-3169-F2-word_pair-X2,3169,word_pair,"[{""coefficient"":1,""condition"":""F2-X2-H""},{""coefficient"":-1,""condition"":""F2-X2-O""}]",ab_forward/answer_sum,-2.9480743408203125,0.002685546875,negative,False,within_arm_pair,2
ELS-3169-F2-word_pair-X2,3169,word_pair,"[{""coefficient"":1,""condition"":""F2-X2-H""},{""coefficient"":-1,""condition"":""F2-X2-O""}]",ab_forward/answer_mean,-1.4740371704101562,0.002685546875,negative,False,within_arm_pair,2
ELS-3169-F2-word_pair-X2,3169,word_pair,"[{""coefficient"":1,""condition"":""F2-X2-H""},{""coefficient"":-1,""condition"":""F2-X2-O""}]",ab_forward/total_with_eos,-2.9480743408203125,0.002685546875,negative,False,within_arm_pair,2
ELS-3169-F2-word_pair-X2,3169,word_pair,"[{""coefficient"":1,""condition"":""F2-X2-H""},{""coefficient"":-1,""condition"":""F2-X2-O""}]",ab_forward/mean_with_eos,-0.9826914469401042,0.002685546875,negative,False,within_arm_pair,2
ELS-3169-F2-word_pair-X2,3169,word_pair,"[{""coefficient"":1,""condition"":""F2-X2-H""},{""coefficient"":-1,""condition"":""F2-X2-O""}]",ab_reverse/answer_sum,-0.6181793212890625,0.002685546875,negative,False,within_arm_pair,2
ELS-3169-F2-word_pair-X2,3169,word_pair,"[{""coefficient"":1,""condition"":""F2-X2-H""},{""coefficient"":-1,""condition"":""F2-X2-O""}]",ab_reverse/answer_mean,-0.30908966064453125,0.002685546875,negative,False,within_arm_pair,2
ELS-3169-F2-word_pair-X2,3169,word_pair,"[{""coefficient"":1,""condition"":""F2-X2-H""},{""coefficient"":-1,""condition"":""F2-X2-O""}]",ab_reverse/total_with_eos,-0.6181793212890625,0.002685546875,negative,False,within_arm_pair,2
ELS-3169-F2-word_pair-X2,3169,word_pair,"[{""coefficient"":1,""condition"":""F2-X2-H""},{""coefficient"":-1,""condition"":""F2-X2-O""}]",ab_reverse/mean_with_eos,-0.20605977376302054,0.002685546875,negative,False,within_arm_pair,2
ELS-3169-F2-word_pair-X2,3169,word_pair,"[{""coefficient"":1,""condition"":""F2-X2-H""},{""coefficient"":-1,""condition"":""F2-X2-O""}]",ncc,-0.2573700218903463,0.00537109375,negative,False,within_arm_pair,2
ELS-3169-F2-word_pair-X2,3169,word_pair,"[{""coefficient"":1,""condition"":""F2-X2-H""},{""coefficient"":-1,""condition"":""F2-X2-O""}]",background,-0.04515912239676334,0.002685546875,negative,False,within_arm_pair,2
ELS-3169-F2-word_pair-X2,3169,word_pair,"[{""coefficient"":1,""condition"":""F2-X2-H""},{""coefficient"":-1,""condition"":""F2-X2-O""}]",ab_symmetric_sum,-1.7831268310546875,0.002685546875,negative,False,within_arm_pair,2
ELS-3169-F2-word_pair-X2,3169,word_pair,"[{""coefficient"":1,""condition"":""F2-X2-H""},{""coefficient"":-1,""condition"":""F2-X2-O""}]",ab_mapping_gap_sum,-2.32989501953125,0.00537109375,negative,False,within_arm_pair,2
ELS-3169-F2-shift_H-O-to-D,3169,shift_H,"[{""coefficient"":1,""condition"":""F2-D-H""},{""coefficient"":-1,""condition"":""F2-O-H""}]",original/answer_sum,14.201786041259766,0.002685546875,positive,False,natural_deletion,2
ELS-3169-F2-shift_H-O-to-D,3169,shift_H,"[{""coefficient"":1,""condition"":""F2-D-H""},{""coefficient"":-1,""condition"":""F2-O-H""}]",original/answer_mean,4.580893198649089,0.002685546875,positive,False,natural_deletion,2
ELS-3169-F2-shift_H-O-to-D,3169,shift_H,"[{""coefficient"":1,""condition"":""F2-D-H""},{""coefficient"":-1,""condition"":""F2-O-H""}]",original/total_with_eos,14.201786041259766,0.002685546875,positive,False,natural_deletion,2
ELS-3169-F2-shift_H-O-to-D,3169,shift_H,"[{""coefficient"":1,""condition"":""F2-D-H""},{""coefficient"":-1,""condition"":""F2-O-H""}]",original/mean_with_eos,3.4547993342081704,0.002685546875,positive,False,natural_deletion,2
ELS-3169-F2-shift_H-O-to-D,3169,shift_H,"[{""coefficient"":1,""condition"":""F2-D-H""},{""coefficient"":-1,""condition"":""F2-O-H""}]",ab_forward/answer_sum,20.319549560546875,0.002685546875,positive,False,natural_deletion,2
ELS-3169-F2-shift_H-O-to-D,3169,shift_H,"[{""coefficient"":1,""condition"":""F2-D-H""},{""coefficient"":-1,""condition"":""F2-O-H""}]",ab_forward/answer_mean,10.159774780273438,0.002685546875,positive,False,natural_deletion,2
ELS-3169-F2-shift_H-O-to-D,3169,shift_H,"[{""coefficient"":1,""condition"":""F2-D-H""},{""coefficient"":-1,""condition"":""F2-O-H""}]",ab_forward/total_with_eos,20.319549560546875,0.002685546875,positive,False,natural_deletion,2
ELS-3169-F2-shift_H-O-to-D,3169,shift_H,"[{""coefficient"":1,""condition"":""F2-D-H""},{""coefficient"":-1,""condition"":""F2-O-H""}]",ab_forward/mean_with_eos,6.773183186848959,0.002685546875,positive,False,natural_deletion,2
ELS-3169-F2-shift_H-O-to-D,3169,shift_H,"[{""coefficient"":1,""condition"":""F2-D-H""},{""coefficient"":-1,""condition"":""F2-O-H""}]",ab_reverse/answer_sum,15.673563003540039,0.002685546875,positive,False,natural_deletion,2
ELS-3169-F2-shift_H-O-to-D,3169,shift_H,"[{""coefficient"":1,""condition"":""F2-D-H""},{""coefficient"":-1,""condition"":""F2-O-H""}]",ab_reverse/answer_mean,7.8367815017700195,0.002685546875,positive,False,natural_deletion,2
ELS-3169-F2-shift_H-O-to-D,3169,shift_H,"[{""coefficient"":1,""condition"":""F2-D-H""},{""coefficient"":-1,""condition"":""F2-O-H""}]",ab_reverse/total_with_eos,15.673563003540039,0.002685546875,positive,False,natural_deletion,2
ELS-3169-F2-shift_H-O-to-D,3169,shift_H,"[{""coefficient"":1,""condition"":""F2-D-H""},{""coefficient"":-1,""condition"":""F2-O-H""}]",ab_reverse/mean_with_eos,5.224521001180013,0.002685546875,positive,False,natural_deletion,2
ELS-3169-F2-shift_H-O-to-D,3169,shift_H,"[{""coefficient"":1,""condition"":""F2-D-H""},{""coefficient"":-1,""condition"":""F2-O-H""}]",ncc,4.668514283834289,0.00537109375,positive,False,natural_deletion,2
ELS-3169-F2-shift_H-O-to-D,3169,shift_H,"[{""coefficient"":1,""condition"":""F2-D-H""},{""coefficient"":-1,""condition"":""F2-O-H""}]",background,-0.08762108518520018,0.002685546875,negative,False,natural_deletion,2
ELS-3169-F2-shift_H-O-to-D,3169,shift_H,"[{""coefficient"":1,""condition"":""F2-D-H""},{""coefficient"":-1,""condition"":""F2-O-H""}]",ab_symmetric_sum,17.996556282043457,0.002685546875,positive,False,natural_deletion,2
ELS-3169-F2-shift_H-O-to-D,3169,shift_H,"[{""coefficient"":1,""condition"":""F2-D-H""},{""coefficient"":-1,""condition"":""F2-O-H""}]",ab_mapping_gap_sum,4.645986557006836,0.00537109375,positive,False,natural_deletion,2
ELS-3169-F2-shift_O-O-to-D,3169,shift_O,"[{""coefficient"":1,""condition"":""F2-D-O""},{""coefficient"":-1,""condition"":""F2-O-O""}]",original/answer_sum,13.309856414794922,0.002685546875,positive,False,natural_deletion,2
ELS-3169-F2-shift_O-O-to-D,3169,shift_O,"[{""coefficient"":1,""condition"":""F2-D-O""},{""coefficient"":-1,""condition"":""F2-O-O""}]",original/answer_mean,4.348661041259765,0.002685546875,positive,False,natural_deletion,2
ELS-3169-F2-shift_O-O-to-D,3169,shift_O,"[{""coefficient"":1,""condition"":""F2-D-O""},{""coefficient"":-1,""condition"":""F2-O-O""}]",original/total_with_eos,13.309856414794922,0.002685546875,positive,False,natural_deletion,2
ELS-3169-F2-shift_O-O-to-D,3169,shift_O,"[{""coefficient"":1,""condition"":""F2-D-O""},{""coefficient"":-1,""condition"":""F2-O-O""}]",original/mean_with_eos,3.2724905014038086,0.002685546875,positive,False,natural_deletion,2
ELS-3169-F2-shift_O-O-to-D,3169,shift_O,"[{""coefficient"":1,""condition"":""F2-D-O""},{""coefficient"":-1,""condition"":""F2-O-O""}]",ab_forward/answer_sum,17.306682586669922,0.002685546875,positive,False,natural_deletion,2
ELS-3169-F2-shift_O-O-to-D,3169,shift_O,"[{""coefficient"":1,""condition"":""F2-D-O""},{""coefficient"":-1,""condition"":""F2-O-O""}]",ab_forward/answer_mean,8.653341293334961,0.002685546875,positive,False,natural_deletion,2
ELS-3169-F2-shift_O-O-to-D,3169,shift_O,"[{""coefficient"":1,""condition"":""F2-D-O""},{""coefficient"":-1,""condition"":""F2-O-O""}]",ab_forward/total_with_eos,17.306682586669922,0.002685546875,positive,False,natural_deletion,2
ELS-3169-F2-shift_O-O-to-D,3169,shift_O,"[{""coefficient"":1,""condition"":""F2-D-O""},{""coefficient"":-1,""condition"":""F2-O-O""}]",ab_forward/mean_with_eos,5.768894195556641,0.002685546875,positive,False,natural_deletion,2
ELS-3169-F2-shift_O-O-to-D,3169,shift_O,"[{""coefficient"":1,""condition"":""F2-D-O""},{""coefficient"":-1,""condition"":""F2-O-O""}]",ab_reverse/answer_sum,14.162322998046875,0.002685546875,positive,False,natural_deletion,2
ELS-3169-F2-shift_O-O-to-D,3169,shift_O,"[{""coefficient"":1,""condition"":""F2-D-O""},{""coefficient"":-1,""condition"":""F2-O-O""}]",ab_reverse/answer_mean,7.0811614990234375,0.002685546875,positive,False,natural_deletion,2
ELS-3169-F2-shift_O-O-to-D,3169,shift_O,"[{""coefficient"":1,""condition"":""F2-D-O""},{""coefficient"":-1,""condition"":""F2-O-O""}]",ab_reverse/total_with_eos,14.162322998046875,0.002685546875,positive,False,natural_deletion,2
ELS-3169-F2-shift_O-O-to-D,3169,shift_O,"[{""coefficient"":1,""condition"":""F2-D-O""},{""coefficient"":-1,""condition"":""F2-O-O""}]",ab_reverse/mean_with_eos,4.720774332682291,0.002685546875,positive,False,natural_deletion,2
ELS-3169-F2-shift_O-O-to-D,3169,shift_O,"[{""coefficient"":1,""condition"":""F2-D-O""},{""coefficient"":-1,""condition"":""F2-O-O""}]",ncc,4.447730876524913,0.00537109375,positive,False,natural_deletion,2
ELS-3169-F2-shift_O-O-to-D,3169,shift_O,"[{""coefficient"":1,""condition"":""F2-D-O""},{""coefficient"":-1,""condition"":""F2-O-O""}]",background,-0.09906983526514779,0.002685546875,negative,False,natural_deletion,2
ELS-3169-F2-shift_O-O-to-D,3169,shift_O,"[{""coefficient"":1,""condition"":""F2-D-O""},{""coefficient"":-1,""condition"":""F2-O-O""}]",ab_symmetric_sum,15.734502792358398,0.002685546875,positive,False,natural_deletion,2
ELS-3169-F2-shift_O-O-to-D,3169,shift_O,"[{""coefficient"":1,""condition"":""F2-D-O""},{""coefficient"":-1,""condition"":""F2-O-O""}]",ab_mapping_gap_sum,3.144359588623047,0.00537109375,positive,False,natural_deletion,2
ELS-3169-F2-interaction-O-to-D,3169,interaction,"[{""coefficient"":1,""condition"":""F2-D-H""},{""coefficient"":-1,""condition"":""F2-D-O""},{""coefficient"":-1,""condition"":""F2-O-H""},{""coefficient"":1,""condition"":""F2-O-O""}]",original/answer_sum,0.8919296264648438,0.00537109375,positive,False,natural_deletion,2
ELS-3169-F2-interaction-O-to-D,3169,interaction,"[{""coefficient"":1,""condition"":""F2-D-H""},{""coefficient"":-1,""condition"":""F2-D-O""},{""coefficient"":-1,""condition"":""F2-O-H""},{""coefficient"":1,""condition"":""F2-O-O""}]",original/answer_mean,0.23223215738932362,0.00537109375,positive,False,natural_deletion,2
ELS-3169-F2-interaction-O-to-D,3169,interaction,"[{""coefficient"":1,""condition"":""F2-D-H""},{""coefficient"":-1,""condition"":""F2-D-O""},{""coefficient"":-1,""condition"":""F2-O-H""},{""coefficient"":1,""condition"":""F2-O-O""}]",original/total_with_eos,0.8919296264648438,0.00537109375,positive,False,natural_deletion,2
ELS-3169-F2-interaction-O-to-D,3169,interaction,"[{""coefficient"":1,""condition"":""F2-D-H""},{""coefficient"":-1,""condition"":""F2-D-O""},{""coefficient"":-1,""condition"":""F2-O-H""},{""coefficient"":1,""condition"":""F2-O-O""}]",original/mean_with_eos,0.18230883280436166,0.00537109375,positive,False,natural_deletion,2
ELS-3169-F2-interaction-O-to-D,3169,interaction,"[{""coefficient"":1,""condition"":""F2-D-H""},{""coefficient"":-1,""condition"":""F2-D-O""},{""coefficient"":-1,""condition"":""F2-O-H""},{""coefficient"":1,""condition"":""F2-O-O""}]",ab_forward/answer_sum,3.012866973876953,0.00537109375,positive,False,natural_deletion,2
ELS-3169-F2-interaction-O-to-D,3169,interaction,"[{""coefficient"":1,""condition"":""F2-D-H""},{""coefficient"":-1,""condition"":""F2-D-O""},{""coefficient"":-1,""condition"":""F2-O-H""},{""coefficient"":1,""condition"":""F2-O-O""}]",ab_forward/answer_mean,1.5064334869384766,0.00537109375,positive,False,natural_deletion,2
ELS-3169-F2-interaction-O-to-D,3169,interaction,"[{""coefficient"":1,""condition"":""F2-D-H""},{""coefficient"":-1,""condition"":""F2-D-O""},{""coefficient"":-1,""condition"":""F2-O-H""},{""coefficient"":1,""condition"":""F2-O-O""}]",ab_forward/total_with_eos,3.012866973876953,0.00537109375,positive,False,natural_deletion,2
ELS-3169-F2-interaction-O-to-D,3169,interaction,"[{""coefficient"":1,""condition"":""F2-D-H""},{""coefficient"":-1,""condition"":""F2-D-O""},{""coefficient"":-1,""condition"":""F2-O-H""},{""coefficient"":1,""condition"":""F2-O-O""}]",ab_forward/mean_with_eos,1.0042889912923179,0.00537109375,positive,False,natural_deletion,2
ELS-3169-F2-interaction-O-to-D,3169,interaction,"[{""coefficient"":1,""condition"":""F2-D-H""},{""coefficient"":-1,""condition"":""F2-D-O""},{""coefficient"":-1,""condition"":""F2-O-H""},{""coefficient"":1,""condition"":""F2-O-O""}]",ab_reverse/answer_sum,1.511240005493164,0.00537109375,positive,False,natural_deletion,2
ELS-3169-F2-interaction-O-to-D,3169,interaction,"[{""coefficient"":1,""condition"":""F2-D-H""},{""coefficient"":-1,""condition"":""F2-D-O""},{""coefficient"":-1,""condition"":""F2-O-H""},{""coefficient"":1,""condition"":""F2-O-O""}]",ab_reverse/answer_mean,0.755620002746582,0.00537109375,positive,False,natural_deletion,2
ELS-3169-F2-interaction-O-to-D,3169,interaction,"[{""coefficient"":1,""condition"":""F2-D-H""},{""coefficient"":-1,""condition"":""F2-D-O""},{""coefficient"":-1,""condition"":""F2-O-H""},{""coefficient"":1,""condition"":""F2-O-O""}]",ab_reverse/total_with_eos,1.511240005493164,0.00537109375,positive,False,natural_deletion,2
ELS-3169-F2-interaction-O-to-D,3169,interaction,"[{""coefficient"":1,""condition"":""F2-D-H""},{""coefficient"":-1,""condition"":""F2-D-O""},{""coefficient"":-1,""condition"":""F2-O-H""},{""coefficient"":1,""condition"":""F2-O-O""}]",ab_reverse/mean_with_eos,0.5037466684977212,0.00537109375,positive,False,natural_deletion,2
ELS-3169-F2-interaction-O-to-D,3169,interaction,"[{""coefficient"":1,""condition"":""F2-D-H""},{""coefficient"":-1,""condition"":""F2-D-O""},{""coefficient"":-1,""condition"":""F2-O-H""},{""coefficient"":1,""condition"":""F2-O-O""}]",ncc,0.22078340730937596,0.0107421875,positive,False,natural_deletion,2
ELS-3169-F2-interaction-O-to-D,3169,interaction,"[{""coefficient"":1,""condition"":""F2-D-H""},{""coefficient"":-1,""condition"":""F2-D-O""},{""coefficient"":-1,""condition"":""F2-O-H""},{""coefficient"":1,""condition"":""F2-O-O""}]",background,0.011448750079947612,0.00537109375,positive,False,natural_deletion,2
ELS-3169-F2-interaction-O-to-D,3169,interaction,"[{""coefficient"":1,""condition"":""F2-D-H""},{""coefficient"":-1,""condition"":""F2-D-O""},{""coefficient"":-1,""condition"":""F2-O-H""},{""coefficient"":1,""condition"":""F2-O-O""}]",ab_symmetric_sum,2.2620534896850586,0.00537109375,positive,False,natural_deletion,2
ELS-3169-F2-interaction-O-to-D,3169,interaction,"[{""coefficient"":1,""condition"":""F2-D-H""},{""coefficient"":-1,""condition"":""F2-D-O""},{""coefficient"":-1,""condition"":""F2-O-H""},{""coefficient"":1,""condition"":""F2-O-O""}]",ab_mapping_gap_sum,1.501626968383789,0.0107421875,positive,False,natural_deletion,2
ELS-3169-F2-common_shift-O-to-D,3169,common_shift,"[{""coefficient"":0.5,""condition"":""F2-D-H""},{""coefficient"":0.5,""condition"":""F2-D-O""},{""coefficient"":-0.5,""condition"":""F2-O-H""},{""coefficient"":-0.5,""condition"":""F2-O-O""}]",original/answer_sum,13.755821228027344,0.002685546875,positive,False,natural_deletion,2
ELS-3169-F2-common_shift-O-to-D,3169,common_shift,"[{""coefficient"":0.5,""condition"":""F2-D-H""},{""coefficient"":0.5,""condition"":""F2-D-O""},{""coefficient"":-0.5,""condition"":""F2-O-H""},{""coefficient"":-0.5,""condition"":""F2-O-O""}]",original/answer_mean,4.464777119954427,0.002685546875,positive,False,natural_deletion,2
ELS-3169-F2-common_shift-O-to-D,3169,common_shift,"[{""coefficient"":0.5,""condition"":""F2-D-H""},{""coefficient"":0.5,""condition"":""F2-D-O""},{""coefficient"":-0.5,""condition"":""F2-O-H""},{""coefficient"":-0.5,""condition"":""F2-O-O""}]",original/total_with_eos,13.755821228027344,0.002685546875,positive,False,natural_deletion,2
ELS-3169-F2-common_shift-O-to-D,3169,common_shift,"[{""coefficient"":0.5,""condition"":""F2-D-H""},{""coefficient"":0.5,""condition"":""F2-D-O""},{""coefficient"":-0.5,""condition"":""F2-O-H""},{""coefficient"":-0.5,""condition"":""F2-O-O""}]",original/mean_with_eos,3.3636449178059897,0.002685546875,positive,False,natural_deletion,2
ELS-3169-F2-common_shift-O-to-D,3169,common_shift,"[{""coefficient"":0.5,""condition"":""F2-D-H""},{""coefficient"":0.5,""condition"":""F2-D-O""},{""coefficient"":-0.5,""condition"":""F2-O-H""},{""coefficient"":-0.5,""condition"":""F2-O-O""}]",ab_forward/answer_sum,18.8131160736084,0.002685546875,positive,False,natural_deletion,2
ELS-3169-F2-common_shift-O-to-D,3169,common_shift,"[{""coefficient"":0.5,""condition"":""F2-D-H""},{""coefficient"":0.5,""condition"":""F2-D-O""},{""coefficient"":-0.5,""condition"":""F2-O-H""},{""coefficient"":-0.5,""condition"":""F2-O-O""}]",ab_forward/answer_mean,9.4065580368042,0.002685546875,positive,False,natural_deletion,2
ELS-3169-F2-common_shift-O-to-D,3169,common_shift,"[{""coefficient"":0.5,""condition"":""F2-D-H""},{""coefficient"":0.5,""condition"":""F2-D-O""},{""coefficient"":-0.5,""condition"":""F2-O-H""},{""coefficient"":-0.5,""condition"":""F2-O-O""}]",ab_forward/total_with_eos,18.8131160736084,0.002685546875,positive,False,natural_deletion,2
ELS-3169-F2-common_shift-O-to-D,3169,common_shift,"[{""coefficient"":0.5,""condition"":""F2-D-H""},{""coefficient"":0.5,""condition"":""F2-D-O""},{""coefficient"":-0.5,""condition"":""F2-O-H""},{""coefficient"":-0.5,""condition"":""F2-O-O""}]",ab_forward/mean_with_eos,6.2710386912028,0.002685546875,positive,False,natural_deletion,2
ELS-3169-F2-common_shift-O-to-D,3169,common_shift,"[{""coefficient"":0.5,""condition"":""F2-D-H""},{""coefficient"":0.5,""condition"":""F2-D-O""},{""coefficient"":-0.5,""condition"":""F2-O-H""},{""coefficient"":-0.5,""condition"":""F2-O-O""}]",ab_reverse/answer_sum,14.917943000793457,0.002685546875,positive,False,natural_deletion,2
ELS-3169-F2-common_shift-O-to-D,3169,common_shift,"[{""coefficient"":0.5,""condition"":""F2-D-H""},{""coefficient"":0.5,""condition"":""F2-D-O""},{""coefficient"":-0.5,""condition"":""F2-O-H""},{""coefficient"":-0.5,""condition"":""F2-O-O""}]",ab_reverse/answer_mean,7.4589715003967285,0.002685546875,positive,False,natural_deletion,2
ELS-3169-F2-common_shift-O-to-D,3169,common_shift,"[{""coefficient"":0.5,""condition"":""F2-D-H""},{""coefficient"":0.5,""condition"":""F2-D-O""},{""coefficient"":-0.5,""condition"":""F2-O-H""},{""coefficient"":-0.5,""condition"":""F2-O-O""}]",ab_reverse/total_with_eos,14.917943000793457,0.002685546875,positive,False,natural_deletion,2
ELS-3169-F2-common_shift-O-to-D,3169,common_shift,"[{""coefficient"":0.5,""condition"":""F2-D-H""},{""coefficient"":0.5,""condition"":""F2-D-O""},{""coefficient"":-0.5,""condition"":""F2-O-H""},{""coefficient"":-0.5,""condition"":""F2-O-O""}]",ab_reverse/mean_with_eos,4.972647666931152,0.002685546875,positive,False,natural_deletion,2
ELS-3169-F2-common_shift-O-to-D,3169,common_shift,"[{""coefficient"":0.5,""condition"":""F2-D-H""},{""coefficient"":0.5,""condition"":""F2-D-O""},{""coefficient"":-0.5,""condition"":""F2-O-H""},{""coefficient"":-0.5,""condition"":""F2-O-O""}]",ncc,4.5581225801796,0.00537109375,positive,False,natural_deletion,2
ELS-3169-F2-common_shift-O-to-D,3169,common_shift,"[{""coefficient"":0.5,""condition"":""F2-D-H""},{""coefficient"":0.5,""condition"":""F2-D-O""},{""coefficient"":-0.5,""condition"":""F2-O-H""},{""coefficient"":-0.5,""condition"":""F2-O-O""}]",background,-0.09334546022517398,0.002685546875,negative,False,natural_deletion,2
ELS-3169-F2-common_shift-O-to-D,3169,common_shift,"[{""coefficient"":0.5,""condition"":""F2-D-H""},{""coefficient"":0.5,""condition"":""F2-D-O""},{""coefficient"":-0.5,""condition"":""F2-O-H""},{""coefficient"":-0.5,""condition"":""F2-O-O""}]",ab_symmetric_sum,16.865529537200928,0.002685546875,positive,False,natural_deletion,2
ELS-3169-F2-common_shift-O-to-D,3169,common_shift,"[{""coefficient"":0.5,""condition"":""F2-D-H""},{""coefficient"":0.5,""condition"":""F2-D-O""},{""coefficient"":-0.5,""condition"":""F2-O-H""},{""coefficient"":-0.5,""condition"":""F2-O-O""}]",ab_mapping_gap_sum,3.8951730728149414,0.00537109375,positive,False,natural_deletion,2
ELS-3169-F2-shift_H-O-to-N1,3169,shift_H,"[{""coefficient"":1,""condition"":""F2-N1-H""},{""coefficient"":-1,""condition"":""F2-O-H""}]",original/answer_sum,15.798698425292969,0.002685546875,positive,False,matched_replacement,2
ELS-3169-F2-shift_H-O-to-N1,3169,shift_H,"[{""coefficient"":1,""condition"":""F2-N1-H""},{""coefficient"":-1,""condition"":""F2-O-H""}]",original/answer_mean,5.113192240397136,0.002685546875,positive,False,matched_replacement,2
ELS-3169-F2-shift_H-O-to-N1,3169,shift_H,"[{""coefficient"":1,""condition"":""F2-N1-H""},{""coefficient"":-1,""condition"":""F2-O-H""}]",original/total_with_eos,15.798698425292969,0.002685546875,positive,False,matched_replacement,2
ELS-3169-F2-shift_H-O-to-N1,3169,shift_H,"[{""coefficient"":1,""condition"":""F2-N1-H""},{""coefficient"":-1,""condition"":""F2-O-H""}]",original/mean_with_eos,3.8540242513020835,0.002685546875,positive,False,matched_replacement,2
ELS-3169-F2-shift_H-O-to-N1,3169,shift_H,"[{""coefficient"":1,""condition"":""F2-N1-H""},{""coefficient"":-1,""condition"":""F2-O-H""}]",ab_forward/answer_sum,23.532135009765625,0.002685546875,positive,False,matched_replacement,2
ELS-3169-F2-shift_H-O-to-N1,3169,shift_H,"[{""coefficient"":1,""condition"":""F2-N1-H""},{""coefficient"":-1,""condition"":""F2-O-H""}]",ab_forward/answer_mean,11.766067504882812,0.002685546875,positive,False,matched_replacement,2
ELS-3169-F2-shift_H-O-to-N1,3169,shift_H,"[{""coefficient"":1,""condition"":""F2-N1-H""},{""coefficient"":-1,""condition"":""F2-O-H""}]",ab_forward/total_with_eos,23.532135009765625,0.002685546875,positive,False,matched_replacement,2
ELS-3169-F2-shift_H-O-to-N1,3169,shift_H,"[{""coefficient"":1,""condition"":""F2-N1-H""},{""coefficient"":-1,""condition"":""F2-O-H""}]",ab_forward/mean_with_eos,7.844045003255209,0.002685546875,positive,False,matched_replacement,2
ELS-3169-F2-shift_H-O-to-N1,3169,shift_H,"[{""coefficient"":1,""condition"":""F2-N1-H""},{""coefficient"":-1,""condition"":""F2-O-H""}]",ab_reverse/answer_sum,14.80374526977539,0.002685546875,positive,False,matched_replacement,2
ELS-3169-F2-shift_H-O-to-N1,3169,shift_H,"[{""coefficient"":1,""condition"":""F2-N1-H""},{""coefficient"":-1,""condition"":""F2-O-H""}]",ab_reverse/answer_mean,7.401872634887695,0.002685546875,positive,False,matched_replacement,2
ELS-3169-F2-shift_H-O-to-N1,3169,shift_H,"[{""coefficient"":1,""condition"":""F2-N1-H""},{""coefficient"":-1,""condition"":""F2-O-H""}]",ab_reverse/total_with_eos,14.80374526977539,0.002685546875,positive,False,matched_replacement,2
ELS-3169-F2-shift_H-O-to-N1,3169,shift_H,"[{""coefficient"":1,""condition"":""F2-N1-H""},{""coefficient"":-1,""condition"":""F2-O-H""}]",ab_reverse/mean_with_eos,4.934581756591797,0.002685546875,positive,False,matched_replacement,2
ELS-3169-F2-shift_H-O-to-N1,3169,shift_H,"[{""coefficient"":1,""condition"":""F2-N1-H""},{""coefficient"":-1,""condition"":""F2-O-H""}]",ncc,5.0685485973796744,0.00537109375,positive,False,matched_replacement,2
ELS-3169-F2-shift_H-O-to-N1,3169,shift_H,"[{""coefficient"":1,""condition"":""F2-N1-H""},{""coefficient"":-1,""condition"":""F2-O-H""}]",background,0.04464364301746082,0.002685546875,positive,False,matched_replacement,2
ELS-3169-F2-shift_H-O-to-N1,3169,shift_H,"[{""coefficient"":1,""condition"":""F2-N1-H""},{""coefficient"":-1,""condition"":""F2-O-H""}]",ab_symmetric_sum,19.167940139770508,0.002685546875,positive,False,matched_replacement,2
ELS-3169-F2-shift_H-O-to-N1,3169,shift_H,"[{""coefficient"":1,""condition"":""F2-N1-H""},{""coefficient"":-1,""condition"":""F2-O-H""}]",ab_mapping_gap_sum,8.728389739990234,0.00537109375,positive,False,matched_replacement,2
ELS-3169-F2-shift_O-O-to-N1,3169,shift_O,"[{""coefficient"":1,""condition"":""F2-N1-O""},{""coefficient"":-1,""condition"":""F2-O-O""}]",original/answer_sum,14.704727172851562,0.002685546875,positive,False,matched_replacement,2
ELS-3169-F2-shift_O-O-to-N1,3169,shift_O,"[{""coefficient"":1,""condition"":""F2-N1-O""},{""coefficient"":-1,""condition"":""F2-O-O""}]",original/answer_mean,4.813614400227865,0.002685546875,positive,False,matched_replacement,2
ELS-3169-F2-shift_O-O-to-N1,3169,shift_O,"[{""coefficient"":1,""condition"":""F2-N1-O""},{""coefficient"":-1,""condition"":""F2-O-O""}]",original/total_with_eos,14.704727172851562,0.002685546875,positive,False,matched_replacement,2
ELS-3169-F2-shift_O-O-to-N1,3169,shift_O,"[{""coefficient"":1,""condition"":""F2-N1-O""},{""coefficient"":-1,""condition"":""F2-O-O""}]",original/mean_with_eos,3.621205965677897,0.002685546875,positive,False,matched_replacement,2
ELS-3169-F2-shift_O-O-to-N1,3169,shift_O,"[{""coefficient"":1,""condition"":""F2-N1-O""},{""coefficient"":-1,""condition"":""F2-O-O""}]",ab_forward/answer_sum,20.463760375976562,0.002685546875,positive,False,matched_replacement,2
ELS-3169-F2-shift_O-O-to-N1,3169,shift_O,"[{""coefficient"":1,""condition"":""F2-N1-O""},{""coefficient"":-1,""condition"":""F2-O-O""}]",ab_forward/answer_mean,10.231880187988281,0.002685546875,positive,False,matched_replacement,2
ELS-3169-F2-shift_O-O-to-N1,3169,shift_O,"[{""coefficient"":1,""condition"":""F2-N1-O""},{""coefficient"":-1,""condition"":""F2-O-O""}]",ab_forward/total_with_eos,20.463760375976562,0.002685546875,positive,False,matched_replacement,2
ELS-3169-F2-shift_O-O-to-N1,3169,shift_O,"[{""coefficient"":1,""condition"":""F2-N1-O""},{""coefficient"":-1,""condition"":""F2-O-O""}]",ab_forward/mean_with_eos,6.821253458658854,0.002685546875,positive,False,matched_replacement,2
ELS-3169-F2-shift_O-O-to-N1,3169,shift_O,"[{""coefficient"":1,""condition"":""F2-N1-O""},{""coefficient"":-1,""condition"":""F2-O-O""}]",ab_reverse/answer_sum,13.472183227539062,0.002685546875,positive,False,matched_replacement,2
ELS-3169-F2-shift_O-O-to-N1,3169,shift_O,"[{""coefficient"":1,""condition"":""F2-N1-O""},{""coefficient"":-1,""condition"":""F2-O-O""}]",ab_reverse/answer_mean,6.736091613769531,0.002685546875,positive,False,matched_replacement,2
ELS-3169-F2-shift_O-O-to-N1,3169,shift_O,"[{""coefficient"":1,""condition"":""F2-N1-O""},{""coefficient"":-1,""condition"":""F2-O-O""}]",ab_reverse/total_with_eos,13.472183227539062,0.002685546875,positive,False,matched_replacement,2
ELS-3169-F2-shift_O-O-to-N1,3169,shift_O,"[{""coefficient"":1,""condition"":""F2-N1-O""},{""coefficient"":-1,""condition"":""F2-O-O""}]",ab_reverse/mean_with_eos,4.490727742513021,0.002685546875,positive,False,matched_replacement,2
ELS-3169-F2-shift_O-O-to-N1,3169,shift_O,"[{""coefficient"":1,""condition"":""F2-N1-O""},{""coefficient"":-1,""condition"":""F2-O-O""}]",ncc,4.7736364297922975,0.00537109375,positive,False,matched_replacement,2
ELS-3169-F2-shift_O-O-to-N1,3169,shift_O,"[{""coefficient"":1,""condition"":""F2-N1-O""},{""coefficient"":-1,""condition"":""F2-O-O""}]",background,0.03997797043556739,0.002685546875,positive,False,matched_replacement,2
ELS-3169-F2-shift_O-O-to-N1,3169,shift_O,"[{""coefficient"":1,""condition"":""F2-N1-O""},{""coefficient"":-1,""condition"":""F2-O-O""}]",ab_symmetric_sum,16.967971801757812,0.002685546875,positive,False,matched_replacement,2
ELS-3169-F2-shift_O-O-to-N1,3169,shift_O,"[{""coefficient"":1,""condition"":""F2-N1-O""},{""coefficient"":-1,""condition"":""F2-O-O""}]",ab_mapping_gap_sum,6.9915771484375,0.00537109375,positive,False,matched_replacement,2
ELS-3169-F2-interaction-O-to-N1,3169,interaction,"[{""coefficient"":1,""condition"":""F2-N1-H""},{""coefficient"":-1,""condition"":""F2-N1-O""},{""coefficient"":-1,""condition"":""F2-O-H""},{""coefficient"":1,""condition"":""F2-O-O""}]",original/answer_sum,1.0939712524414062,0.00537109375,positive,False,matched_replacement,2
ELS-3169-F2-interaction-O-to-N1,3169,interaction,"[{""coefficient"":1,""condition"":""F2-N1-H""},{""coefficient"":-1,""condition"":""F2-N1-O""},{""coefficient"":-1,""condition"":""F2-O-H""},{""coefficient"":1,""condition"":""F2-O-O""}]",original/answer_mean,0.2995778401692704,0.00537109375,positive,False,matched_replacement,2
ELS-3169-F2-interaction-O-to-N1,3169,interaction,"[{""coefficient"":1,""condition"":""F2-N1-H""},{""coefficient"":-1,""condition"":""F2-N1-O""},{""coefficient"":-1,""condition"":""F2-O-H""},{""coefficient"":1,""condition"":""F2-O-O""}]",original/total_with_eos,1.0939712524414062,0.00537109375,positive,False,matched_replacement,2
ELS-3169-F2-interaction-O-to-N1,3169,interaction,"[{""coefficient"":1,""condition"":""F2-N1-H""},{""coefficient"":-1,""condition"":""F2-N1-O""},{""coefficient"":-1,""condition"":""F2-O-H""},{""coefficient"":1,""condition"":""F2-O-O""}]",original/mean_with_eos,0.23281828562418633,0.00537109375,positive,False,matched_replacement,2
ELS-3169-F2-interaction-O-to-N1,3169,interaction,"[{""coefficient"":1,""condition"":""F2-N1-H""},{""coefficient"":-1,""condition"":""F2-N1-O""},{""coefficient"":-1,""condition"":""F2-O-H""},{""coefficient"":1,""condition"":""F2-O-O""}]",ab_forward/answer_sum,3.0683746337890625,0.00537109375,positive,False,matched_replacement,2
ELS-3169-F2-interaction-O-to-N1,3169,interaction,"[{""coefficient"":1,""condition"":""F2-N1-H""},{""coefficient"":-1,""condition"":""F2-N1-O""},{""coefficient"":-1,""condition"":""F2-O-H""},{""coefficient"":1,""condition"":""F2-O-O""}]",ab_forward/answer_mean,1.5341873168945312,0.00537109375,positive,False,matched_replacement,2
ELS-3169-F2-interaction-O-to-N1,3169,interaction,"[{""coefficient"":1,""condition"":""F2-N1-H""},{""coefficient"":-1,""condition"":""F2-N1-O""},{""coefficient"":-1,""condition"":""F2-O-H""},{""coefficient"":1,""condition"":""F2-O-O""}]",ab_forward/total_with_eos,3.0683746337890625,0.00537109375,positive,False,matched_replacement,2
ELS-3169-F2-interaction-O-to-N1,3169,interaction,"[{""coefficient"":1,""condition"":""F2-N1-H""},{""coefficient"":-1,""condition"":""F2-N1-O""},{""coefficient"":-1,""condition"":""F2-O-H""},{""coefficient"":1,""condition"":""F2-O-O""}]",ab_forward/mean_with_eos,1.0227915445963554,0.00537109375,positive,False,matched_replacement,2
ELS-3169-F2-interaction-O-to-N1,3169,interaction,"[{""coefficient"":1,""condition"":""F2-N1-H""},{""coefficient"":-1,""condition"":""F2-N1-O""},{""coefficient"":-1,""condition"":""F2-O-H""},{""coefficient"":1,""condition"":""F2-O-O""}]",ab_reverse/answer_sum,1.3315620422363281,0.00537109375,positive,False,matched_replacement,2
ELS-3169-F2-interaction-O-to-N1,3169,interaction,"[{""coefficient"":1,""condition"":""F2-N1-H""},{""coefficient"":-1,""condition"":""F2-N1-O""},{""coefficient"":-1,""condition"":""F2-O-H""},{""coefficient"":1,""condition"":""F2-O-O""}]",ab_reverse/answer_mean,0.6657810211181641,0.00537109375,positive,False,matched_replacement,2
ELS-3169-F2-interaction-O-to-N1,3169,interaction,"[{""coefficient"":1,""condition"":""F2-N1-H""},{""coefficient"":-1,""condition"":""F2-N1-O""},{""coefficient"":-1,""condition"":""F2-O-H""},{""coefficient"":1,""condition"":""F2-O-O""}]",ab_reverse/total_with_eos,1.3315620422363281,0.00537109375,positive,False,matched_replacement,2
ELS-3169-F2-interaction-O-to-N1,3169,interaction,"[{""coefficient"":1,""condition"":""F2-N1-H""},{""coefficient"":-1,""condition"":""F2-N1-O""},{""coefficient"":-1,""condition"":""F2-O-H""},{""coefficient"":1,""condition"":""F2-O-O""}]",ab_reverse/mean_with_eos,0.4438540140787759,0.00537109375,positive,False,matched_replacement,2
ELS-3169-F2-interaction-O-to-N1,3169,interaction,"[{""coefficient"":1,""condition"":""F2-N1-H""},{""coefficient"":-1,""condition"":""F2-N1-O""},{""coefficient"":-1,""condition"":""F2-O-H""},{""coefficient"":1,""condition"":""F2-O-O""}]",ncc,0.2949121675873769,0.0107421875,positive,False,matched_replacement,2
ELS-3169-F2-interaction-O-to-N1,3169,interaction,"[{""coefficient"":1,""condition"":""F2-N1-H""},{""coefficient"":-1,""condition"":""F2-N1-O""},{""coefficient"":-1,""condition"":""F2-O-H""},{""coefficient"":1,""condition"":""F2-O-O""}]",background,0.004665672581893432,0.00537109375,unresolved,False,matched_replacement,2
ELS-3169-F2-interaction-O-to-N1,3169,interaction,"[{""coefficient"":1,""condition"":""F2-N1-H""},{""coefficient"":-1,""condition"":""F2-N1-O""},{""coefficient"":-1,""condition"":""F2-O-H""},{""coefficient"":1,""condition"":""F2-O-O""}]",ab_symmetric_sum,2.1999683380126953,0.00537109375,positive,False,matched_replacement,2
ELS-3169-F2-interaction-O-to-N1,3169,interaction,"[{""coefficient"":1,""condition"":""F2-N1-H""},{""coefficient"":-1,""condition"":""F2-N1-O""},{""coefficient"":-1,""condition"":""F2-O-H""},{""coefficient"":1,""condition"":""F2-O-O""}]",ab_mapping_gap_sum,1.7368125915527344,0.0107421875,positive,False,matched_replacement,2
ELS-3169-F2-common_shift-O-to-N1,3169,common_shift,"[{""coefficient"":0.5,""condition"":""F2-N1-H""},{""coefficient"":0.5,""condition"":""F2-N1-O""},{""coefficient"":-0.5,""condition"":""F2-O-H""},{""coefficient"":-0.5,""condition"":""F2-O-O""}]",original/answer_sum,15.251712799072266,0.002685546875,positive,False,matched_replacement,2
ELS-3169-F2-common_shift-O-to-N1,3169,common_shift,"[{""coefficient"":0.5,""condition"":""F2-N1-H""},{""coefficient"":0.5,""condition"":""F2-N1-O""},{""coefficient"":-0.5,""condition"":""F2-O-H""},{""coefficient"":-0.5,""condition"":""F2-O-O""}]",original/answer_mean,4.9634033203125005,0.002685546875,positive,False,matched_replacement,2
ELS-3169-F2-common_shift-O-to-N1,3169,common_shift,"[{""coefficient"":0.5,""condition"":""F2-N1-H""},{""coefficient"":0.5,""condition"":""F2-N1-O""},{""coefficient"":-0.5,""condition"":""F2-O-H""},{""coefficient"":-0.5,""condition"":""F2-O-O""}]",original/total_with_eos,15.251712799072266,0.002685546875,positive,False,matched_replacement,2
ELS-3169-F2-common_shift-O-to-N1,3169,common_shift,"[{""coefficient"":0.5,""condition"":""F2-N1-H""},{""coefficient"":0.5,""condition"":""F2-N1-O""},{""coefficient"":-0.5,""condition"":""F2-O-H""},{""coefficient"":-0.5,""condition"":""F2-O-O""}]",original/mean_with_eos,3.7376151084899902,0.002685546875,positive,False,matched_replacement,2
ELS-3169-F2-common_shift-O-to-N1,3169,common_shift,"[{""coefficient"":0.5,""condition"":""F2-N1-H""},{""coefficient"":0.5,""condition"":""F2-N1-O""},{""coefficient"":-0.5,""condition"":""F2-O-H""},{""coefficient"":-0.5,""condition"":""F2-O-O""}]",ab_forward/answer_sum,21.997947692871094,0.002685546875,positive,False,matched_replacement,2
ELS-3169-F2-common_shift-O-to-N1,3169,common_shift,"[{""coefficient"":0.5,""condition"":""F2-N1-H""},{""coefficient"":0.5,""condition"":""F2-N1-O""},{""coefficient"":-0.5,""condition"":""F2-O-H""},{""coefficient"":-0.5,""condition"":""F2-O-O""}]",ab_forward/answer_mean,10.998973846435547,0.002685546875,positive,False,matched_replacement,2
ELS-3169-F2-common_shift-O-to-N1,3169,common_shift,"[{""coefficient"":0.5,""condition"":""F2-N1-H""},{""coefficient"":0.5,""condition"":""F2-N1-O""},{""coefficient"":-0.5,""condition"":""F2-O-H""},{""coefficient"":-0.5,""condition"":""F2-O-O""}]",ab_forward/total_with_eos,21.997947692871094,0.002685546875,positive,False,matched_replacement,2
ELS-3169-F2-common_shift-O-to-N1,3169,common_shift,"[{""coefficient"":0.5,""condition"":""F2-N1-H""},{""coefficient"":0.5,""condition"":""F2-N1-O""},{""coefficient"":-0.5,""condition"":""F2-O-H""},{""coefficient"":-0.5,""condition"":""F2-O-O""}]",ab_forward/mean_with_eos,7.332649230957031,0.002685546875,positive,False,matched_replacement,2
ELS-3169-F2-common_shift-O-to-N1,3169,common_shift,"[{""coefficient"":0.5,""condition"":""F2-N1-H""},{""coefficient"":0.5,""condition"":""F2-N1-O""},{""coefficient"":-0.5,""condition"":""F2-O-H""},{""coefficient"":-0.5,""condition"":""F2-O-O""}]",ab_reverse/answer_sum,14.137964248657227,0.002685546875,positive,False,matched_replacement,2
ELS-3169-F2-common_shift-O-to-N1,3169,common_shift,"[{""coefficient"":0.5,""condition"":""F2-N1-H""},{""coefficient"":0.5,""condition"":""F2-N1-O""},{""coefficient"":-0.5,""condition"":""F2-O-H""},{""coefficient"":-0.5,""condition"":""F2-O-O""}]",ab_reverse/answer_mean,7.068982124328613,0.002685546875,positive,False,matched_replacement,2
ELS-3169-F2-common_shift-O-to-N1,3169,common_shift,"[{""coefficient"":0.5,""condition"":""F2-N1-H""},{""coefficient"":0.5,""condition"":""F2-N1-O""},{""coefficient"":-0.5,""condition"":""F2-O-H""},{""coefficient"":-0.5,""condition"":""F2-O-O""}]",ab_reverse/total_with_eos,14.137964248657227,0.002685546875,positive,False,matched_replacement,2
ELS-3169-F2-common_shift-O-to-N1,3169,common_shift,"[{""coefficient"":0.5,""condition"":""F2-N1-H""},{""coefficient"":0.5,""condition"":""F2-N1-O""},{""coefficient"":-0.5,""condition"":""F2-O-H""},{""coefficient"":-0.5,""condition"":""F2-O-O""}]",ab_reverse/mean_with_eos,4.712654749552409,0.002685546875,positive,False,matched_replacement,2
ELS-3169-F2-common_shift-O-to-N1,3169,common_shift,"[{""coefficient"":0.5,""condition"":""F2-N1-H""},{""coefficient"":0.5,""condition"":""F2-N1-O""},{""coefficient"":-0.5,""condition"":""F2-O-H""},{""coefficient"":-0.5,""condition"":""F2-O-O""}]",ncc,4.921092513585986,0.00537109375,positive,False,matched_replacement,2
ELS-3169-F2-common_shift-O-to-N1,3169,common_shift,"[{""coefficient"":0.5,""condition"":""F2-N1-H""},{""coefficient"":0.5,""condition"":""F2-N1-O""},{""coefficient"":-0.5,""condition"":""F2-O-H""},{""coefficient"":-0.5,""condition"":""F2-O-O""}]",background,0.042310806726514105,0.002685546875,positive,False,matched_replacement,2
ELS-3169-F2-common_shift-O-to-N1,3169,common_shift,"[{""coefficient"":0.5,""condition"":""F2-N1-H""},{""coefficient"":0.5,""condition"":""F2-N1-O""},{""coefficient"":-0.5,""condition"":""F2-O-H""},{""coefficient"":-0.5,""condition"":""F2-O-O""}]",ab_symmetric_sum,18.06795597076416,0.002685546875,positive,False,matched_replacement,2
ELS-3169-F2-common_shift-O-to-N1,3169,common_shift,"[{""coefficient"":0.5,""condition"":""F2-N1-H""},{""coefficient"":0.5,""condition"":""F2-N1-O""},{""coefficient"":-0.5,""condition"":""F2-O-H""},{""coefficient"":-0.5,""condition"":""F2-O-O""}]",ab_mapping_gap_sum,7.859983444213867,0.00537109375,positive,False,matched_replacement,2
ELS-3169-F2-shift_H-O-to-N2,3169,shift_H,"[{""coefficient"":1,""condition"":""F2-N2-H""},{""coefficient"":-1,""condition"":""F2-O-H""}]",original/answer_sum,15.896411895751953,0.002685546875,positive,False,matched_replacement,2
ELS-3169-F2-shift_H-O-to-N2,3169,shift_H,"[{""coefficient"":1,""condition"":""F2-N2-H""},{""coefficient"":-1,""condition"":""F2-O-H""}]",original/answer_mean,5.145763397216798,0.002685546875,positive,False,matched_replacement,2
ELS-3169-F2-shift_H-O-to-N2,3169,shift_H,"[{""coefficient"":1,""condition"":""F2-N2-H""},{""coefficient"":-1,""condition"":""F2-O-H""}]",original/total_with_eos,15.896411895751953,0.002685546875,positive,False,matched_replacement,2
ELS-3169-F2-shift_H-O-to-N2,3169,shift_H,"[{""coefficient"":1,""condition"":""F2-N2-H""},{""coefficient"":-1,""condition"":""F2-O-H""}]",original/mean_with_eos,3.8784526189168296,0.002685546875,positive,False,matched_replacement,2
ELS-3169-F2-shift_H-O-to-N2,3169,shift_H,"[{""coefficient"":1,""condition"":""F2-N2-H""},{""coefficient"":-1,""condition"":""F2-O-H""}]",ab_forward/answer_sum,23.55960464477539,0.002685546875,positive,False,matched_replacement,2
ELS-3169-F2-shift_H-O-to-N2,3169,shift_H,"[{""coefficient"":1,""condition"":""F2-N2-H""},{""coefficient"":-1,""condition"":""F2-O-H""}]",ab_forward/answer_mean,11.779802322387695,0.002685546875,positive,False,matched_replacement,2
ELS-3169-F2-shift_H-O-to-N2,3169,shift_H,"[{""coefficient"":1,""condition"":""F2-N2-H""},{""coefficient"":-1,""condition"":""F2-O-H""}]",ab_forward/total_with_eos,23.55960464477539,0.002685546875,positive,False,matched_replacement,2
ELS-3169-F2-shift_H-O-to-N2,3169,shift_H,"[{""coefficient"":1,""condition"":""F2-N2-H""},{""coefficient"":-1,""condition"":""F2-O-H""}]",ab_forward/mean_with_eos,7.853201548258463,0.002685546875,positive,False,matched_replacement,2
ELS-3169-F2-shift_H-O-to-N2,3169,shift_H,"[{""coefficient"":1,""condition"":""F2-N2-H""},{""coefficient"":-1,""condition"":""F2-O-H""}]",ab_reverse/answer_sum,15.037647247314453,0.002685546875,positive,False,matched_replacement,2
ELS-3169-F2-shift_H-O-to-N2,3169,shift_H,"[{""coefficient"":1,""condition"":""F2-N2-H""},{""coefficient"":-1,""condition"":""F2-O-H""}]",ab_reverse/answer_mean,7.518823623657227,0.002685546875,positive,False,matched_replacement,2
ELS-3169-F2-shift_H-O-to-N2,3169,shift_H,"[{""coefficient"":1,""condition"":""F2-N2-H""},{""coefficient"":-1,""condition"":""F2-O-H""}]",ab_reverse/total_with_eos,15.037647247314453,0.002685546875,positive,False,matched_replacement,2
ELS-3169-F2-shift_H-O-to-N2,3169,shift_H,"[{""coefficient"":1,""condition"":""F2-N2-H""},{""coefficient"":-1,""condition"":""F2-O-H""}]",ab_reverse/mean_with_eos,5.012549082438151,0.002685546875,positive,False,matched_replacement,2
ELS-3169-F2-shift_H-O-to-N2,3169,shift_H,"[{""coefficient"":1,""condition"":""F2-N2-H""},{""coefficient"":-1,""condition"":""F2-O-H""}]",ncc,5.150140978057936,0.00537109375,positive,False,matched_replacement,2
ELS-3169-F2-shift_H-O-to-N2,3169,shift_H,"[{""coefficient"":1,""condition"":""F2-N2-H""},{""coefficient"":-1,""condition"":""F2-O-H""}]",background,-0.004377580841139039,0.002685546875,negative,False,matched_replacement,2
ELS-3169-F2-shift_H-O-to-N2,3169,shift_H,"[{""coefficient"":1,""condition"":""F2-N2-H""},{""coefficient"":-1,""condition"":""F2-O-H""}]",ab_symmetric_sum,19.298625946044922,0.002685546875,positive,False,matched_replacement,2
ELS-3169-F2-shift_H-O-to-N2,3169,shift_H,"[{""coefficient"":1,""condition"":""F2-N2-H""},{""coefficient"":-1,""condition"":""F2-O-H""}]",ab_mapping_gap_sum,8.521957397460938,0.00537109375,positive,False,matched_replacement,2
ELS-3169-F2-shift_O-O-to-N2,3169,shift_O,"[{""coefficient"":1,""condition"":""F2-N2-O""},{""coefficient"":-1,""condition"":""F2-O-O""}]",original/answer_sum,14.742427825927734,0.002685546875,positive,False,matched_replacement,2
ELS-3169-F2-shift_O-O-to-N2,3169,shift_O,"[{""coefficient"":1,""condition"":""F2-N2-O""},{""coefficient"":-1,""condition"":""F2-O-O""}]",original/answer_mean,4.826181284586589,0.002685546875,positive,False,matched_replacement,2
ELS-3169-F2-shift_O-O-to-N2,3169,shift_O,"[{""coefficient"":1,""condition"":""F2-N2-O""},{""coefficient"":-1,""condition"":""F2-O-O""}]",original/total_with_eos,14.742427825927734,0.002685546875,positive,False,matched_replacement,2
ELS-3169-F2-shift_O-O-to-N2,3169,shift_O,"[{""coefficient"":1,""condition"":""F2-N2-O""},{""coefficient"":-1,""condition"":""F2-O-O""}]",original/mean_with_eos,3.63063112894694,0.002685546875,positive,False,matched_replacement,2
ELS-3169-F2-shift_O-O-to-N2,3169,shift_O,"[{""coefficient"":1,""condition"":""F2-N2-O""},{""coefficient"":-1,""condition"":""F2-O-O""}]",ab_forward/answer_sum,20.502227783203125,0.002685546875,positive,False,matched_replacement,2
ELS-3169-F2-shift_O-O-to-N2,3169,shift_O,"[{""coefficient"":1,""condition"":""F2-N2-O""},{""coefficient"":-1,""condition"":""F2-O-O""}]",ab_forward/answer_mean,10.251113891601562,0.002685546875,positive,False,matched_replacement,2
ELS-3169-F2-shift_O-O-to-N2,3169,shift_O,"[{""coefficient"":1,""condition"":""F2-N2-O""},{""coefficient"":-1,""condition"":""F2-O-O""}]",ab_forward/total_with_eos,20.502227783203125,0.002685546875,positive,False,matched_replacement,2
ELS-3169-F2-shift_O-O-to-N2,3169,shift_O,"[{""coefficient"":1,""condition"":""F2-N2-O""},{""coefficient"":-1,""condition"":""F2-O-O""}]",ab_forward/mean_with_eos,6.834075927734375,0.002685546875,positive,False,matched_replacement,2
ELS-3169-F2-shift_O-O-to-N2,3169,shift_O,"[{""coefficient"":1,""condition"":""F2-N2-O""},{""coefficient"":-1,""condition"":""F2-O-O""}]",ab_reverse/answer_sum,13.742572784423828,0.002685546875,positive,False,matched_replacement,2
ELS-3169-F2-shift_O-O-to-N2,3169,shift_O,"[{""coefficient"":1,""condition"":""F2-N2-O""},{""coefficient"":-1,""condition"":""F2-O-O""}]",ab_reverse/answer_mean,6.871286392211914,0.002685546875,positive,False,matched_replacement,2
ELS-3169-F2-shift_O-O-to-N2,3169,shift_O,"[{""coefficient"":1,""condition"":""F2-N2-O""},{""coefficient"":-1,""condition"":""F2-O-O""}]",ab_reverse/total_with_eos,13.742572784423828,0.002685546875,positive,False,matched_replacement,2
ELS-3169-F2-shift_O-O-to-N2,3169,shift_O,"[{""coefficient"":1,""condition"":""F2-N2-O""},{""coefficient"":-1,""condition"":""F2-O-O""}]",ab_reverse/mean_with_eos,4.580857594807943,0.002685546875,positive,False,matched_replacement,2
ELS-3169-F2-shift_O-O-to-N2,3169,shift_O,"[{""coefficient"":1,""condition"":""F2-N2-O""},{""coefficient"":-1,""condition"":""F2-O-O""}]",ncc,4.827696830824095,0.00537109375,positive,False,matched_replacement,2
ELS-3169-F2-shift_O-O-to-N2,3169,shift_O,"[{""coefficient"":1,""condition"":""F2-N2-O""},{""coefficient"":-1,""condition"":""F2-O-O""}]",background,-0.0015155462375062712,0.002685546875,unresolved,False,matched_replacement,2
ELS-3169-F2-shift_O-O-to-N2,3169,shift_O,"[{""coefficient"":1,""condition"":""F2-N2-O""},{""coefficient"":-1,""condition"":""F2-O-O""}]",ab_symmetric_sum,17.122400283813477,0.002685546875,positive,False,matched_replacement,2
ELS-3169-F2-shift_O-O-to-N2,3169,shift_O,"[{""coefficient"":1,""condition"":""F2-N2-O""},{""coefficient"":-1,""condition"":""F2-O-O""}]",ab_mapping_gap_sum,6.759654998779297,0.00537109375,positive,False,matched_replacement,2
ELS-3169-F2-interaction-O-to-N2,3169,interaction,"[{""coefficient"":1,""condition"":""F2-N2-H""},{""coefficient"":-1,""condition"":""F2-N2-O""},{""coefficient"":-1,""condition"":""F2-O-H""},{""coefficient"":1,""condition"":""F2-O-O""}]",original/answer_sum,1.1539840698242188,0.00537109375,positive,False,matched_replacement,2
ELS-3169-F2-interaction-O-to-N2,3169,interaction,"[{""coefficient"":1,""condition"":""F2-N2-H""},{""coefficient"":-1,""condition"":""F2-N2-O""},{""coefficient"":-1,""condition"":""F2-O-H""},{""coefficient"":1,""condition"":""F2-O-O""}]",original/answer_mean,0.3195821126302088,0.00537109375,positive,False,matched_replacement,2
ELS-3169-F2-interaction-O-to-N2,3169,interaction,"[{""coefficient"":1,""condition"":""F2-N2-H""},{""coefficient"":-1,""condition"":""F2-N2-O""},{""coefficient"":-1,""condition"":""F2-O-H""},{""coefficient"":1,""condition"":""F2-O-O""}]",original/total_with_eos,1.1539840698242188,0.00537109375,positive,False,matched_replacement,2
ELS-3169-F2-interaction-O-to-N2,3169,interaction,"[{""coefficient"":1,""condition"":""F2-N2-H""},{""coefficient"":-1,""condition"":""F2-N2-O""},{""coefficient"":-1,""condition"":""F2-O-H""},{""coefficient"":1,""condition"":""F2-O-O""}]",original/mean_with_eos,0.24782148996988945,0.00537109375,positive,False,matched_replacement,2
ELS-3169-F2-interaction-O-to-N2,3169,interaction,"[{""coefficient"":1,""condition"":""F2-N2-H""},{""coefficient"":-1,""condition"":""F2-N2-O""},{""coefficient"":-1,""condition"":""F2-O-H""},{""coefficient"":1,""condition"":""F2-O-O""}]",ab_forward/answer_sum,3.0573768615722656,0.00537109375,positive,False,matched_replacement,2
ELS-3169-F2-interaction-O-to-N2,3169,interaction,"[{""coefficient"":1,""condition"":""F2-N2-H""},{""coefficient"":-1,""condition"":""F2-N2-O""},{""coefficient"":-1,""condition"":""F2-O-H""},{""coefficient"":1,""condition"":""F2-O-O""}]",ab_forward/answer_mean,1.5286884307861328,0.00537109375,positive,False,matched_replacement,2
ELS-3169-F2-interaction-O-to-N2,3169,interaction,"[{""coefficient"":1,""condition"":""F2-N2-H""},{""coefficient"":-1,""condition"":""F2-N2-O""},{""coefficient"":-1,""condition"":""F2-O-H""},{""coefficient"":1,""condition"":""F2-O-O""}]",ab_forward/total_with_eos,3.0573768615722656,0.00537109375,positive,False,matched_replacement,2
ELS-3169-F2-interaction-O-to-N2,3169,interaction,"[{""coefficient"":1,""condition"":""F2-N2-H""},{""coefficient"":-1,""condition"":""F2-N2-O""},{""coefficient"":-1,""condition"":""F2-O-H""},{""coefficient"":1,""condition"":""F2-O-O""}]",ab_forward/mean_with_eos,1.019125620524088,0.00537109375,positive,False,matched_replacement,2
ELS-3169-F2-interaction-O-to-N2,3169,interaction,"[{""coefficient"":1,""condition"":""F2-N2-H""},{""coefficient"":-1,""condition"":""F2-N2-O""},{""coefficient"":-1,""condition"":""F2-O-H""},{""coefficient"":1,""condition"":""F2-O-O""}]",ab_reverse/answer_sum,1.295074462890625,0.00537109375,positive,False,matched_replacement,2
ELS-3169-F2-interaction-O-to-N2,3169,interaction,"[{""coefficient"":1,""condition"":""F2-N2-H""},{""coefficient"":-1,""condition"":""F2-N2-O""},{""coefficient"":-1,""condition"":""F2-O-H""},{""coefficient"":1,""condition"":""F2-O-O""}]",ab_reverse/answer_mean,0.6475372314453125,0.00537109375,positive,False,matched_replacement,2
ELS-3169-F2-interaction-O-to-N2,3169,interaction,"[{""coefficient"":1,""condition"":""F2-N2-H""},{""coefficient"":-1,""condition"":""F2-N2-O""},{""coefficient"":-1,""condition"":""F2-O-H""},{""coefficient"":1,""condition"":""F2-O-O""}]",ab_reverse/total_with_eos,1.295074462890625,0.00537109375,positive,False,matched_replacement,2
ELS-3169-F2-interaction-O-to-N2,3169,interaction,"[{""coefficient"":1,""condition"":""F2-N2-H""},{""coefficient"":-1,""condition"":""F2-N2-O""},{""coefficient"":-1,""condition"":""F2-O-H""},{""coefficient"":1,""condition"":""F2-O-O""}]",ab_reverse/mean_with_eos,0.4316914876302085,0.00537109375,positive,False,matched_replacement,2
ELS-3169-F2-interaction-O-to-N2,3169,interaction,"[{""coefficient"":1,""condition"":""F2-N2-H""},{""coefficient"":-1,""condition"":""F2-N2-O""},{""coefficient"":-1,""condition"":""F2-O-H""},{""coefficient"":1,""condition"":""F2-O-O""}]",ncc,0.3224441472338415,0.0107421875,positive,False,matched_replacement,2
ELS-3169-F2-interaction-O-to-N2,3169,interaction,"[{""coefficient"":1,""condition"":""F2-N2-H""},{""coefficient"":-1,""condition"":""F2-N2-O""},{""coefficient"":-1,""condition"":""F2-O-H""},{""coefficient"":1,""condition"":""F2-O-O""}]",background,-0.002862034603632768,0.00537109375,unresolved,False,matched_replacement,2
ELS-3169-F2-interaction-O-to-N2,3169,interaction,"[{""coefficient"":1,""condition"":""F2-N2-H""},{""coefficient"":-1,""condition"":""F2-N2-O""},{""coefficient"":-1,""condition"":""F2-O-H""},{""coefficient"":1,""condition"":""F2-O-O""}]",ab_symmetric_sum,2.1762256622314453,0.00537109375,positive,False,matched_replacement,2
ELS-3169-F2-interaction-O-to-N2,3169,interaction,"[{""coefficient"":1,""condition"":""F2-N2-H""},{""coefficient"":-1,""condition"":""F2-N2-O""},{""coefficient"":-1,""condition"":""F2-O-H""},{""coefficient"":1,""condition"":""F2-O-O""}]",ab_mapping_gap_sum,1.7623023986816406,0.0107421875,positive,False,matched_replacement,2
ELS-3169-F2-common_shift-O-to-N2,3169,common_shift,"[{""coefficient"":0.5,""condition"":""F2-N2-H""},{""coefficient"":0.5,""condition"":""F2-N2-O""},{""coefficient"":-0.5,""condition"":""F2-O-H""},{""coefficient"":-0.5,""condition"":""F2-O-O""}]",original/answer_sum,15.319419860839844,0.002685546875,positive,False,matched_replacement,2
ELS-3169-F2-common_shift-O-to-N2,3169,common_shift,"[{""coefficient"":0.5,""condition"":""F2-N2-H""},{""coefficient"":0.5,""condition"":""F2-N2-O""},{""coefficient"":-0.5,""condition"":""F2-O-H""},{""coefficient"":-0.5,""condition"":""F2-O-O""}]",original/answer_mean,4.985972340901693,0.002685546875,positive,False,matched_replacement,2
ELS-3169-F2-common_shift-O-to-N2,3169,common_shift,"[{""coefficient"":0.5,""condition"":""F2-N2-H""},{""coefficient"":0.5,""condition"":""F2-N2-O""},{""coefficient"":-0.5,""condition"":""F2-O-H""},{""coefficient"":-0.5,""condition"":""F2-O-O""}]",original/total_with_eos,15.319419860839844,0.002685546875,positive,False,matched_replacement,2
ELS-3169-F2-common_shift-O-to-N2,3169,common_shift,"[{""coefficient"":0.5,""condition"":""F2-N2-H""},{""coefficient"":0.5,""condition"":""F2-N2-O""},{""coefficient"":-0.5,""condition"":""F2-O-H""},{""coefficient"":-0.5,""condition"":""F2-O-O""}]",original/mean_with_eos,3.7545418739318848,0.002685546875,positive,False,matched_replacement,2
ELS-3169-F2-common_shift-O-to-N2,3169,common_shift,"[{""coefficient"":0.5,""condition"":""F2-N2-H""},{""coefficient"":0.5,""condition"":""F2-N2-O""},{""coefficient"":-0.5,""condition"":""F2-O-H""},{""coefficient"":-0.5,""condition"":""F2-O-O""}]",ab_forward/answer_sum,22.030916213989258,0.002685546875,positive,False,matched_replacement,2
ELS-3169-F2-common_shift-O-to-N2,3169,common_shift,"[{""coefficient"":0.5,""condition"":""F2-N2-H""},{""coefficient"":0.5,""condition"":""F2-N2-O""},{""coefficient"":-0.5,""condition"":""F2-O-H""},{""coefficient"":-0.5,""condition"":""F2-O-O""}]",ab_forward/answer_mean,11.015458106994629,0.002685546875,positive,False,matched_replacement,2
ELS-3169-F2-common_shift-O-to-N2,3169,common_shift,"[{""coefficient"":0.5,""condition"":""F2-N2-H""},{""coefficient"":0.5,""condition"":""F2-N2-O""},{""coefficient"":-0.5,""condition"":""F2-O-H""},{""coefficient"":-0.5,""condition"":""F2-O-O""}]",ab_forward/total_with_eos,22.030916213989258,0.002685546875,positive,False,matched_replacement,2
ELS-3169-F2-common_shift-O-to-N2,3169,common_shift,"[{""coefficient"":0.5,""condition"":""F2-N2-H""},{""coefficient"":0.5,""condition"":""F2-N2-O""},{""coefficient"":-0.5,""condition"":""F2-O-H""},{""coefficient"":-0.5,""condition"":""F2-O-O""}]",ab_forward/mean_with_eos,7.343638737996419,0.002685546875,positive,False,matched_replacement,2
ELS-3169-F2-common_shift-O-to-N2,3169,common_shift,"[{""coefficient"":0.5,""condition"":""F2-N2-H""},{""coefficient"":0.5,""condition"":""F2-N2-O""},{""coefficient"":-0.5,""condition"":""F2-O-H""},{""coefficient"":-0.5,""condition"":""F2-O-O""}]",ab_reverse/answer_sum,14.39011001586914,0.002685546875,positive,False,matched_replacement,2
ELS-3169-F2-common_shift-O-to-N2,3169,common_shift,"[{""coefficient"":0.5,""condition"":""F2-N2-H""},{""coefficient"":0.5,""condition"":""F2-N2-O""},{""coefficient"":-0.5,""condition"":""F2-O-H""},{""coefficient"":-0.5,""condition"":""F2-O-O""}]",ab_reverse/answer_mean,7.19505500793457,0.002685546875,positive,False,matched_replacement,2
ELS-3169-F2-common_shift-O-to-N2,3169,common_shift,"[{""coefficient"":0.5,""condition"":""F2-N2-H""},{""coefficient"":0.5,""condition"":""F2-N2-O""},{""coefficient"":-0.5,""condition"":""F2-O-H""},{""coefficient"":-0.5,""condition"":""F2-O-O""}]",ab_reverse/total_with_eos,14.39011001586914,0.002685546875,positive,False,matched_replacement,2
ELS-3169-F2-common_shift-O-to-N2,3169,common_shift,"[{""coefficient"":0.5,""condition"":""F2-N2-H""},{""coefficient"":0.5,""condition"":""F2-N2-O""},{""coefficient"":-0.5,""condition"":""F2-O-H""},{""coefficient"":-0.5,""condition"":""F2-O-O""}]",ab_reverse/mean_with_eos,4.796703338623047,0.002685546875,positive,False,matched_replacement,2
ELS-3169-F2-common_shift-O-to-N2,3169,common_shift,"[{""coefficient"":0.5,""condition"":""F2-N2-H""},{""coefficient"":0.5,""condition"":""F2-N2-O""},{""coefficient"":-0.5,""condition"":""F2-O-H""},{""coefficient"":-0.5,""condition"":""F2-O-O""}]",ncc,4.988918904441015,0.00537109375,positive,False,matched_replacement,2
ELS-3169-F2-common_shift-O-to-N2,3169,common_shift,"[{""coefficient"":0.5,""condition"":""F2-N2-H""},{""coefficient"":0.5,""condition"":""F2-N2-O""},{""coefficient"":-0.5,""condition"":""F2-O-H""},{""coefficient"":-0.5,""condition"":""F2-O-O""}]",background,-0.0029465635393226552,0.002685546875,negative,False,matched_replacement,2
ELS-3169-F2-common_shift-O-to-N2,3169,common_shift,"[{""coefficient"":0.5,""condition"":""F2-N2-H""},{""coefficient"":0.5,""condition"":""F2-N2-O""},{""coefficient"":-0.5,""condition"":""F2-O-H""},{""coefficient"":-0.5,""condition"":""F2-O-O""}]",ab_symmetric_sum,18.2105131149292,0.002685546875,positive,False,matched_replacement,2
ELS-3169-F2-common_shift-O-to-N2,3169,common_shift,"[{""coefficient"":0.5,""condition"":""F2-N2-H""},{""coefficient"":0.5,""condition"":""F2-N2-O""},{""coefficient"":-0.5,""condition"":""F2-O-H""},{""coefficient"":-0.5,""condition"":""F2-O-O""}]",ab_mapping_gap_sum,7.640806198120117,0.00537109375,positive,False,matched_replacement,2
ELS-3169-F2-shift_H-D-to-E1,3169,shift_H,"[{""coefficient"":1,""condition"":""F2-E1-H""},{""coefficient"":-1,""condition"":""F2-D-H""}]",original/answer_sum,0.7916107177734375,0.002685546875,positive,False,length_refill_bridge,2
ELS-3169-F2-shift_H-D-to-E1,3169,shift_H,"[{""coefficient"":1,""condition"":""F2-E1-H""},{""coefficient"":-1,""condition"":""F2-D-H""}]",original/answer_mean,0.26386566162109304,0.002685546875,positive,False,length_refill_bridge,2
ELS-3169-F2-shift_H-D-to-E1,3169,shift_H,"[{""coefficient"":1,""condition"":""F2-E1-H""},{""coefficient"":-1,""condition"":""F2-D-H""}]",original/total_with_eos,0.7916107177734375,0.002685546875,positive,False,length_refill_bridge,2
ELS-3169-F2-shift_H-D-to-E1,3169,shift_H,"[{""coefficient"":1,""condition"":""F2-E1-H""},{""coefficient"":-1,""condition"":""F2-D-H""}]",original/mean_with_eos,0.19789981842041016,0.002685546875,positive,False,length_refill_bridge,2
ELS-3169-F2-shift_H-D-to-E1,3169,shift_H,"[{""coefficient"":1,""condition"":""F2-E1-H""},{""coefficient"":-1,""condition"":""F2-D-H""}]",ab_forward/answer_sum,3.4656829833984375,0.002685546875,positive,False,length_refill_bridge,2
ELS-3169-F2-shift_H-D-to-E1,3169,shift_H,"[{""coefficient"":1,""condition"":""F2-E1-H""},{""coefficient"":-1,""condition"":""F2-D-H""}]",ab_forward/answer_mean,1.7328414916992188,0.002685546875,positive,False,length_refill_bridge,2
ELS-3169-F2-shift_H-D-to-E1,3169,shift_H,"[{""coefficient"":1,""condition"":""F2-E1-H""},{""coefficient"":-1,""condition"":""F2-D-H""}]",ab_forward/total_with_eos,3.4656829833984375,0.002685546875,positive,False,length_refill_bridge,2
ELS-3169-F2-shift_H-D-to-E1,3169,shift_H,"[{""coefficient"":1,""condition"":""F2-E1-H""},{""coefficient"":-1,""condition"":""F2-D-H""}]",ab_forward/mean_with_eos,1.155227661132812,0.002685546875,positive,False,length_refill_bridge,2
ELS-3169-F2-shift_H-D-to-E1,3169,shift_H,"[{""coefficient"":1,""condition"":""F2-E1-H""},{""coefficient"":-1,""condition"":""F2-D-H""}]",ab_reverse/answer_sum,0.11900520324707031,0.002685546875,positive,False,length_refill_bridge,2
ELS-3169-F2-shift_H-D-to-E1,3169,shift_H,"[{""coefficient"":1,""condition"":""F2-E1-H""},{""coefficient"":-1,""condition"":""F2-D-H""}]",ab_reverse/answer_mean,0.059502601623535156,0.002685546875,positive,False,length_refill_bridge,2
ELS-3169-F2-shift_H-D-to-E1,3169,shift_H,"[{""coefficient"":1,""condition"":""F2-E1-H""},{""coefficient"":-1,""condition"":""F2-D-H""}]",ab_reverse/total_with_eos,0.11900520324707031,0.002685546875,positive,False,length_refill_bridge,2
ELS-3169-F2-shift_H-D-to-E1,3169,shift_H,"[{""coefficient"":1,""condition"":""F2-E1-H""},{""coefficient"":-1,""condition"":""F2-D-H""}]",ab_reverse/mean_with_eos,0.03966840108235736,0.002685546875,positive,False,length_refill_bridge,2
ELS-3169-F2-shift_H-D-to-E1,3169,shift_H,"[{""coefficient"":1,""condition"":""F2-E1-H""},{""coefficient"":-1,""condition"":""F2-D-H""}]",ncc,0.004309249832935791,0.00537109375,unresolved,False,length_refill_bridge,2
ELS-3169-F2-shift_H-D-to-E1,3169,shift_H,"[{""coefficient"":1,""condition"":""F2-E1-H""},{""coefficient"":-1,""condition"":""F2-D-H""}]",background,0.25955641178815725,0.002685546875,positive,False,length_refill_bridge,2
ELS-3169-F2-shift_H-D-to-E1,3169,shift_H,"[{""coefficient"":1,""condition"":""F2-E1-H""},{""coefficient"":-1,""condition"":""F2-D-H""}]",ab_symmetric_sum,1.792344093322754,0.002685546875,positive,False,length_refill_bridge,2
ELS-3169-F2-shift_H-D-to-E1,3169,shift_H,"[{""coefficient"":1,""condition"":""F2-E1-H""},{""coefficient"":-1,""condition"":""F2-D-H""}]",ab_mapping_gap_sum,3.346677780151367,0.00537109375,positive,False,length_refill_bridge,2
ELS-3169-F2-shift_O-D-to-E1,3169,shift_O,"[{""coefficient"":1,""condition"":""F2-E1-O""},{""coefficient"":-1,""condition"":""F2-D-O""}]",original/answer_sum,0.6163864135742188,0.002685546875,positive,False,length_refill_bridge,2
ELS-3169-F2-shift_O-D-to-E1,3169,shift_O,"[{""coefficient"":1,""condition"":""F2-E1-O""},{""coefficient"":-1,""condition"":""F2-D-O""}]",original/answer_mean,0.20545908610026142,0.002685546875,positive,False,length_refill_bridge,2
ELS-3169-F2-shift_O-D-to-E1,3169,shift_O,"[{""coefficient"":1,""condition"":""F2-E1-O""},{""coefficient"":-1,""condition"":""F2-D-O""}]",original/total_with_eos,0.6163864135742188,0.002685546875,positive,False,length_refill_bridge,2
ELS-3169-F2-shift_O-D-to-E1,3169,shift_O,"[{""coefficient"":1,""condition"":""F2-E1-O""},{""coefficient"":-1,""condition"":""F2-D-O""}]",original/mean_with_eos,0.15409469604492188,0.002685546875,positive,False,length_refill_bridge,2
ELS-3169-F2-shift_O-D-to-E1,3169,shift_O,"[{""coefficient"":1,""condition"":""F2-E1-O""},{""coefficient"":-1,""condition"":""F2-D-O""}]",ab_forward/answer_sum,3.392200469970703,0.002685546875,positive,False,length_refill_bridge,2
ELS-3169-F2-shift_O-D-to-E1,3169,shift_O,"[{""coefficient"":1,""condition"":""F2-E1-O""},{""coefficient"":-1,""condition"":""F2-D-O""}]",ab_forward/answer_mean,1.6961002349853516,0.002685546875,positive,False,length_refill_bridge,2
ELS-3169-F2-shift_O-D-to-E1,3169,shift_O,"[{""coefficient"":1,""condition"":""F2-E1-O""},{""coefficient"":-1,""condition"":""F2-D-O""}]",ab_forward/total_with_eos,3.392200469970703,0.002685546875,positive,False,length_refill_bridge,2
ELS-3169-F2-shift_O-D-to-E1,3169,shift_O,"[{""coefficient"":1,""condition"":""F2-E1-O""},{""coefficient"":-1,""condition"":""F2-D-O""}]",ab_forward/mean_with_eos,1.1307334899902344,0.002685546875,positive,False,length_refill_bridge,2
ELS-3169-F2-shift_O-D-to-E1,3169,shift_O,"[{""coefficient"":1,""condition"":""F2-E1-O""},{""coefficient"":-1,""condition"":""F2-D-O""}]",ab_reverse/answer_sum,0.07135772705078125,0.002685546875,positive,False,length_refill_bridge,2
ELS-3169-F2-shift_O-D-to-E1,3169,shift_O,"[{""coefficient"":1,""condition"":""F2-E1-O""},{""coefficient"":-1,""condition"":""F2-D-O""}]",ab_reverse/answer_mean,0.035678863525390625,0.002685546875,positive,False,length_refill_bridge,2
ELS-3169-F2-shift_O-D-to-E1,3169,shift_O,"[{""coefficient"":1,""condition"":""F2-E1-O""},{""coefficient"":-1,""condition"":""F2-D-O""}]",ab_reverse/total_with_eos,0.07135772705078125,0.002685546875,positive,False,length_refill_bridge,2
ELS-3169-F2-shift_O-D-to-E1,3169,shift_O,"[{""coefficient"":1,""condition"":""F2-E1-O""},{""coefficient"":-1,""condition"":""F2-D-O""}]",ab_reverse/mean_with_eos,0.023785909016927675,0.002685546875,positive,False,length_refill_bridge,2
ELS-3169-F2-shift_O-D-to-E1,3169,shift_O,"[{""coefficient"":1,""condition"":""F2-E1-O""},{""coefficient"":-1,""condition"":""F2-D-O""}]",ncc,-0.03927997000776351,0.00537109375,negative,False,length_refill_bridge,2
ELS-3169-F2-shift_O-D-to-E1,3169,shift_O,"[{""coefficient"":1,""condition"":""F2-E1-O""},{""coefficient"":-1,""condition"":""F2-D-O""}]",background,0.24473905610802493,0.002685546875,positive,False,length_refill_bridge,2
ELS-3169-F2-shift_O-D-to-E1,3169,shift_O,"[{""coefficient"":1,""condition"":""F2-E1-O""},{""coefficient"":-1,""condition"":""F2-D-O""}]",ab_symmetric_sum,1.7317790985107422,0.002685546875,positive,False,length_refill_bridge,2
ELS-3169-F2-shift_O-D-to-E1,3169,shift_O,"[{""coefficient"":1,""condition"":""F2-E1-O""},{""coefficient"":-1,""condition"":""F2-D-O""}]",ab_mapping_gap_sum,3.320842742919922,0.00537109375,positive,False,length_refill_bridge,2
ELS-3169-F2-interaction-D-to-E1,3169,interaction,"[{""coefficient"":1,""condition"":""F2-E1-H""},{""coefficient"":-1,""condition"":""F2-E1-O""},{""coefficient"":-1,""condition"":""F2-D-H""},{""coefficient"":1,""condition"":""F2-D-O""}]",original/answer_sum,0.17522430419921875,0.00537109375,positive,False,length_refill_bridge,2
ELS-3169-F2-interaction-D-to-E1,3169,interaction,"[{""coefficient"":1,""condition"":""F2-E1-H""},{""coefficient"":-1,""condition"":""F2-E1-O""},{""coefficient"":-1,""condition"":""F2-D-H""},{""coefficient"":1,""condition"":""F2-D-O""}]",original/answer_mean,0.058406575520831616,0.00537109375,positive,False,length_refill_bridge,2
ELS-3169-F2-interaction-D-to-E1,3169,interaction,"[{""coefficient"":1,""condition"":""F2-E1-H""},{""coefficient"":-1,""condition"":""F2-E1-O""},{""coefficient"":-1,""condition"":""F2-D-H""},{""coefficient"":1,""condition"":""F2-D-O""}]",original/total_with_eos,0.17522430419921875,0.00537109375,positive,False,length_refill_bridge,2
ELS-3169-F2-interaction-D-to-E1,3169,interaction,"[{""coefficient"":1,""condition"":""F2-E1-H""},{""coefficient"":-1,""condition"":""F2-E1-O""},{""coefficient"":-1,""condition"":""F2-D-H""},{""coefficient"":1,""condition"":""F2-D-O""}]",original/mean_with_eos,0.04380512237548828,0.00537109375,positive,False,length_refill_bridge,2
ELS-3169-F2-interaction-D-to-E1,3169,interaction,"[{""coefficient"":1,""condition"":""F2-E1-H""},{""coefficient"":-1,""condition"":""F2-E1-O""},{""coefficient"":-1,""condition"":""F2-D-H""},{""coefficient"":1,""condition"":""F2-D-O""}]",ab_forward/answer_sum,0.07348251342773438,0.00537109375,positive,False,length_refill_bridge,2
ELS-3169-F2-interaction-D-to-E1,3169,interaction,"[{""coefficient"":1,""condition"":""F2-E1-H""},{""coefficient"":-1,""condition"":""F2-E1-O""},{""coefficient"":-1,""condition"":""F2-D-H""},{""coefficient"":1,""condition"":""F2-D-O""}]",ab_forward/answer_mean,0.03674125671386719,0.00537109375,positive,False,length_refill_bridge,2
ELS-3169-F2-interaction-D-to-E1,3169,interaction,"[{""coefficient"":1,""condition"":""F2-E1-H""},{""coefficient"":-1,""condition"":""F2-E1-O""},{""coefficient"":-1,""condition"":""F2-D-H""},{""coefficient"":1,""condition"":""F2-D-O""}]",ab_forward/total_with_eos,0.07348251342773438,0.00537109375,positive,False,length_refill_bridge,2
ELS-3169-F2-interaction-D-to-E1,3169,interaction,"[{""coefficient"":1,""condition"":""F2-E1-H""},{""coefficient"":-1,""condition"":""F2-E1-O""},{""coefficient"":-1,""condition"":""F2-D-H""},{""coefficient"":1,""condition"":""F2-D-O""}]",ab_forward/mean_with_eos,0.02449417114257768,0.00537109375,positive,False,length_refill_bridge,2
ELS-3169-F2-interaction-D-to-E1,3169,interaction,"[{""coefficient"":1,""condition"":""F2-E1-H""},{""coefficient"":-1,""condition"":""F2-E1-O""},{""coefficient"":-1,""condition"":""F2-D-H""},{""coefficient"":1,""condition"":""F2-D-O""}]",ab_reverse/answer_sum,0.04764747619628906,0.00537109375,positive,False,length_refill_bridge,2
ELS-3169-F2-interaction-D-to-E1,3169,interaction,"[{""coefficient"":1,""condition"":""F2-E1-H""},{""coefficient"":-1,""condition"":""F2-E1-O""},{""coefficient"":-1,""condition"":""F2-D-H""},{""coefficient"":1,""condition"":""F2-D-O""}]",ab_reverse/answer_mean,0.02382373809814453,0.00537109375,positive,False,length_refill_bridge,2
ELS-3169-F2-interaction-D-to-E1,3169,interaction,"[{""coefficient"":1,""condition"":""F2-E1-H""},{""coefficient"":-1,""condition"":""F2-E1-O""},{""coefficient"":-1,""condition"":""F2-D-H""},{""coefficient"":1,""condition"":""F2-D-O""}]",ab_reverse/total_with_eos,0.04764747619628906,0.00537109375,positive,False,length_refill_bridge,2
ELS-3169-F2-interaction-D-to-E1,3169,interaction,"[{""coefficient"":1,""condition"":""F2-E1-H""},{""coefficient"":-1,""condition"":""F2-E1-O""},{""coefficient"":-1,""condition"":""F2-D-H""},{""coefficient"":1,""condition"":""F2-D-O""}]",ab_reverse/mean_with_eos,0.015882492065429688,0.00537109375,positive,False,length_refill_bridge,2
ELS-3169-F2-interaction-D-to-E1,3169,interaction,"[{""coefficient"":1,""condition"":""F2-E1-H""},{""coefficient"":-1,""condition"":""F2-E1-O""},{""coefficient"":-1,""condition"":""F2-D-H""},{""coefficient"":1,""condition"":""F2-D-O""}]",ncc,0.0435892198406993,0.0107421875,positive,False,length_refill_bridge,2
ELS-3169-F2-interaction-D-to-E1,3169,interaction,"[{""coefficient"":1,""condition"":""F2-E1-H""},{""coefficient"":-1,""condition"":""F2-E1-O""},{""coefficient"":-1,""condition"":""F2-D-H""},{""coefficient"":1,""condition"":""F2-D-O""}]",background,0.014817355680132316,0.00537109375,positive,False,length_refill_bridge,2
ELS-3169-F2-interaction-D-to-E1,3169,interaction,"[{""coefficient"":1,""condition"":""F2-E1-H""},{""coefficient"":-1,""condition"":""F2-E1-O""},{""coefficient"":-1,""condition"":""F2-D-H""},{""coefficient"":1,""condition"":""F2-D-O""}]",ab_symmetric_sum,0.06056499481201172,0.00537109375,positive,False,length_refill_bridge,2
ELS-3169-F2-interaction-D-to-E1,3169,interaction,"[{""coefficient"":1,""condition"":""F2-E1-H""},{""coefficient"":-1,""condition"":""F2-E1-O""},{""coefficient"":-1,""condition"":""F2-D-H""},{""coefficient"":1,""condition"":""F2-D-O""}]",ab_mapping_gap_sum,0.025835037231445312,0.0107421875,positive,False,length_refill_bridge,2
ELS-3169-F2-common_shift-D-to-E1,3169,common_shift,"[{""coefficient"":0.5,""condition"":""F2-E1-H""},{""coefficient"":0.5,""condition"":""F2-E1-O""},{""coefficient"":-0.5,""condition"":""F2-D-H""},{""coefficient"":-0.5,""condition"":""F2-D-O""}]",original/answer_sum,0.7039985656738281,0.002685546875,positive,False,length_refill_bridge,2
ELS-3169-F2-common_shift-D-to-E1,3169,common_shift,"[{""coefficient"":0.5,""condition"":""F2-E1-H""},{""coefficient"":0.5,""condition"":""F2-E1-O""},{""coefficient"":-0.5,""condition"":""F2-D-H""},{""coefficient"":-0.5,""condition"":""F2-D-O""}]",original/answer_mean,0.23466237386067723,0.002685546875,positive,False,length_refill_bridge,2
ELS-3169-F2-common_shift-D-to-E1,3169,common_shift,"[{""coefficient"":0.5,""condition"":""F2-E1-H""},{""coefficient"":0.5,""condition"":""F2-E1-O""},{""coefficient"":-0.5,""condition"":""F2-D-H""},{""coefficient"":-0.5,""condition"":""F2-D-O""}]",original/total_with_eos,0.7039985656738281,0.002685546875,positive,False,length_refill_bridge,2
ELS-3169-F2-common_shift-D-to-E1,3169,common_shift,"[{""coefficient"":0.5,""condition"":""F2-E1-H""},{""coefficient"":0.5,""condition"":""F2-E1-O""},{""coefficient"":-0.5,""condition"":""F2-D-H""},{""coefficient"":-0.5,""condition"":""F2-D-O""}]",original/mean_with_eos,0.17599725723266602,0.002685546875,positive,False,length_refill_bridge,2
ELS-3169-F2-common_shift-D-to-E1,3169,common_shift,"[{""coefficient"":0.5,""condition"":""F2-E1-H""},{""coefficient"":0.5,""condition"":""F2-E1-O""},{""coefficient"":-0.5,""condition"":""F2-D-H""},{""coefficient"":-0.5,""condition"":""F2-D-O""}]",ab_forward/answer_sum,3.4289417266845703,0.002685546875,positive,False,length_refill_bridge,2
ELS-3169-F2-common_shift-D-to-E1,3169,common_shift,"[{""coefficient"":0.5,""condition"":""F2-E1-H""},{""coefficient"":0.5,""condition"":""F2-E1-O""},{""coefficient"":-0.5,""condition"":""F2-D-H""},{""coefficient"":-0.5,""condition"":""F2-D-O""}]",ab_forward/answer_mean,1.7144708633422852,0.002685546875,positive,False,length_refill_bridge,2
ELS-3169-F2-common_shift-D-to-E1,3169,common_shift,"[{""coefficient"":0.5,""condition"":""F2-E1-H""},{""coefficient"":0.5,""condition"":""F2-E1-O""},{""coefficient"":-0.5,""condition"":""F2-D-H""},{""coefficient"":-0.5,""condition"":""F2-D-O""}]",ab_forward/total_with_eos,3.4289417266845703,0.002685546875,positive,False,length_refill_bridge,2
ELS-3169-F2-common_shift-D-to-E1,3169,common_shift,"[{""coefficient"":0.5,""condition"":""F2-E1-H""},{""coefficient"":0.5,""condition"":""F2-E1-O""},{""coefficient"":-0.5,""condition"":""F2-D-H""},{""coefficient"":-0.5,""condition"":""F2-D-O""}]",ab_forward/mean_with_eos,1.1429805755615232,0.002685546875,positive,False,length_refill_bridge,2
ELS-3169-F2-common_shift-D-to-E1,3169,common_shift,"[{""coefficient"":0.5,""condition"":""F2-E1-H""},{""coefficient"":0.5,""condition"":""F2-E1-O""},{""coefficient"":-0.5,""condition"":""F2-D-H""},{""coefficient"":-0.5,""condition"":""F2-D-O""}]",ab_reverse/answer_sum,0.09518146514892578,0.002685546875,positive,False,length_refill_bridge,2
ELS-3169-F2-common_shift-D-to-E1,3169,common_shift,"[{""coefficient"":0.5,""condition"":""F2-E1-H""},{""coefficient"":0.5,""condition"":""F2-E1-O""},{""coefficient"":-0.5,""condition"":""F2-D-H""},{""coefficient"":-0.5,""condition"":""F2-D-O""}]",ab_reverse/answer_mean,0.04759073257446289,0.002685546875,positive,False,length_refill_bridge,2
ELS-3169-F2-common_shift-D-to-E1,3169,common_shift,"[{""coefficient"":0.5,""condition"":""F2-E1-H""},{""coefficient"":0.5,""condition"":""F2-E1-O""},{""coefficient"":-0.5,""condition"":""F2-D-H""},{""coefficient"":-0.5,""condition"":""F2-D-O""}]",ab_reverse/total_with_eos,0.09518146514892578,0.002685546875,positive,False,length_refill_bridge,2
ELS-3169-F2-common_shift-D-to-E1,3169,common_shift,"[{""coefficient"":0.5,""condition"":""F2-E1-H""},{""coefficient"":0.5,""condition"":""F2-E1-O""},{""coefficient"":-0.5,""condition"":""F2-D-H""},{""coefficient"":-0.5,""condition"":""F2-D-O""}]",ab_reverse/mean_with_eos,0.03172715504964252,0.002685546875,positive,False,length_refill_bridge,2
ELS-3169-F2-common_shift-D-to-E1,3169,common_shift,"[{""coefficient"":0.5,""condition"":""F2-E1-H""},{""coefficient"":0.5,""condition"":""F2-E1-O""},{""coefficient"":-0.5,""condition"":""F2-D-H""},{""coefficient"":-0.5,""condition"":""F2-D-O""}]",ncc,-0.01748536008741386,0.00537109375,negative,False,length_refill_bridge,2
ELS-3169-F2-common_shift-D-to-E1,3169,common_shift,"[{""coefficient"":0.5,""condition"":""F2-E1-H""},{""coefficient"":0.5,""condition"":""F2-E1-O""},{""coefficient"":-0.5,""condition"":""F2-D-H""},{""coefficient"":-0.5,""condition"":""F2-D-O""}]",background,0.2521477339480911,0.002685546875,positive,False,length_refill_bridge,2
ELS-3169-F2-common_shift-D-to-E1,3169,common_shift,"[{""coefficient"":0.5,""condition"":""F2-E1-H""},{""coefficient"":0.5,""condition"":""F2-E1-O""},{""coefficient"":-0.5,""condition"":""F2-D-H""},{""coefficient"":-0.5,""condition"":""F2-D-O""}]",ab_symmetric_sum,1.762061595916748,0.002685546875,positive,False,length_refill_bridge,2
ELS-3169-F2-common_shift-D-to-E1,3169,common_shift,"[{""coefficient"":0.5,""condition"":""F2-E1-H""},{""coefficient"":0.5,""condition"":""F2-E1-O""},{""coefficient"":-0.5,""condition"":""F2-D-H""},{""coefficient"":-0.5,""condition"":""F2-D-O""}]",ab_mapping_gap_sum,3.3337602615356445,0.00537109375,positive,False,length_refill_bridge,2
ELS-3169-F2-shift_H-D-to-E2,3169,shift_H,"[{""coefficient"":1,""condition"":""F2-E2-H""},{""coefficient"":-1,""condition"":""F2-D-H""}]",original/answer_sum,0.6412811279296875,0.002685546875,positive,False,length_refill_bridge,2
ELS-3169-F2-shift_H-D-to-E2,3169,shift_H,"[{""coefficient"":1,""condition"":""F2-E2-H""},{""coefficient"":-1,""condition"":""F2-D-H""}]",original/answer_mean,0.21375528971354196,0.002685546875,positive,False,length_refill_bridge,2
ELS-3169-F2-shift_H-D-to-E2,3169,shift_H,"[{""coefficient"":1,""condition"":""F2-E2-H""},{""coefficient"":-1,""condition"":""F2-D-H""}]",original/total_with_eos,0.6412811279296875,0.002685546875,positive,False,length_refill_bridge,2
ELS-3169-F2-shift_H-D-to-E2,3169,shift_H,"[{""coefficient"":1,""condition"":""F2-E2-H""},{""coefficient"":-1,""condition"":""F2-D-H""}]",original/mean_with_eos,0.16031710306803415,0.002685546875,positive,False,length_refill_bridge,2
ELS-3169-F2-shift_H-D-to-E2,3169,shift_H,"[{""coefficient"":1,""condition"":""F2-E2-H""},{""coefficient"":-1,""condition"":""F2-D-H""}]",ab_forward/answer_sum,3.5870094299316406,0.002685546875,positive,False,length_refill_bridge,2
ELS-3169-F2-shift_H-D-to-E2,3169,shift_H,"[{""coefficient"":1,""condition"":""F2-E2-H""},{""coefficient"":-1,""condition"":""F2-D-H""}]",ab_forward/answer_mean,1.7935047149658203,0.002685546875,positive,False,length_refill_bridge,2
ELS-3169-F2-shift_H-D-to-E2,3169,shift_H,"[{""coefficient"":1,""condition"":""F2-E2-H""},{""coefficient"":-1,""condition"":""F2-D-H""}]",ab_forward/total_with_eos,3.5870094299316406,0.002685546875,positive,False,length_refill_bridge,2
ELS-3169-F2-shift_H-D-to-E2,3169,shift_H,"[{""coefficient"":1,""condition"":""F2-E2-H""},{""coefficient"":-1,""condition"":""F2-D-H""}]",ab_forward/mean_with_eos,1.1956698099772134,0.002685546875,positive,False,length_refill_bridge,2
ELS-3169-F2-shift_H-D-to-E2,3169,shift_H,"[{""coefficient"":1,""condition"":""F2-E2-H""},{""coefficient"":-1,""condition"":""F2-D-H""}]",ab_reverse/answer_sum,0.1965045928955078,0.002685546875,positive,False,length_refill_bridge,2
ELS-3169-F2-shift_H-D-to-E2,3169,shift_H,"[{""coefficient"":1,""condition"":""F2-E2-H""},{""coefficient"":-1,""condition"":""F2-D-H""}]",ab_reverse/answer_mean,0.0982522964477539,0.002685546875,positive,False,length_refill_bridge,2
ELS-3169-F2-shift_H-D-to-E2,3169,shift_H,"[{""coefficient"":1,""condition"":""F2-E2-H""},{""coefficient"":-1,""condition"":""F2-D-H""}]",ab_reverse/total_with_eos,0.1965045928955078,0.002685546875,positive,False,length_refill_bridge,2
ELS-3169-F2-shift_H-D-to-E2,3169,shift_H,"[{""coefficient"":1,""condition"":""F2-E2-H""},{""coefficient"":-1,""condition"":""F2-D-H""}]",ab_reverse/mean_with_eos,0.06550153096516986,0.002685546875,positive,False,length_refill_bridge,2
ELS-3169-F2-shift_H-D-to-E2,3169,shift_H,"[{""coefficient"":1,""condition"":""F2-E2-H""},{""coefficient"":-1,""condition"":""F2-D-H""}]",ncc,0.09858376213870113,0.00537109375,positive,False,length_refill_bridge,2
ELS-3169-F2-shift_H-D-to-E2,3169,shift_H,"[{""coefficient"":1,""condition"":""F2-E2-H""},{""coefficient"":-1,""condition"":""F2-D-H""}]",background,0.11517152757484084,0.002685546875,positive,False,length_refill_bridge,2
ELS-3169-F2-shift_H-D-to-E2,3169,shift_H,"[{""coefficient"":1,""condition"":""F2-E2-H""},{""coefficient"":-1,""condition"":""F2-D-H""}]",ab_symmetric_sum,1.8917570114135742,0.002685546875,positive,False,length_refill_bridge,2
ELS-3169-F2-shift_H-D-to-E2,3169,shift_H,"[{""coefficient"":1,""condition"":""F2-E2-H""},{""coefficient"":-1,""condition"":""F2-D-H""}]",ab_mapping_gap_sum,3.390504837036133,0.00537109375,positive,False,length_refill_bridge,2
ELS-3169-F2-shift_O-D-to-E2,3169,shift_O,"[{""coefficient"":1,""condition"":""F2-E2-O""},{""coefficient"":-1,""condition"":""F2-D-O""}]",original/answer_sum,0.4238739013671875,0.002685546875,positive,False,length_refill_bridge,2
ELS-3169-F2-shift_O-D-to-E2,3169,shift_O,"[{""coefficient"":1,""condition"":""F2-E2-O""},{""coefficient"":-1,""condition"":""F2-D-O""}]",original/answer_mean,0.14128824869791767,0.002685546875,positive,False,length_refill_bridge,2
ELS-3169-F2-shift_O-D-to-E2,3169,shift_O,"[{""coefficient"":1,""condition"":""F2-E2-O""},{""coefficient"":-1,""condition"":""F2-D-O""}]",original/total_with_eos,0.4238739013671875,0.002685546875,positive,False,length_refill_bridge,2
ELS-3169-F2-shift_O-D-to-E2,3169,shift_O,"[{""coefficient"":1,""condition"":""F2-E2-O""},{""coefficient"":-1,""condition"":""F2-D-O""}]",original/mean_with_eos,0.10596656799316406,0.002685546875,positive,False,length_refill_bridge,2
ELS-3169-F2-shift_O-D-to-E2,3169,shift_O,"[{""coefficient"":1,""condition"":""F2-E2-O""},{""coefficient"":-1,""condition"":""F2-D-O""}]",ab_forward/answer_sum,3.4585647583007812,0.002685546875,positive,False,length_refill_bridge,2
ELS-3169-F2-shift_O-D-to-E2,3169,shift_O,"[{""coefficient"":1,""condition"":""F2-E2-O""},{""coefficient"":-1,""condition"":""F2-D-O""}]",ab_forward/answer_mean,1.7292823791503906,0.002685546875,positive,False,length_refill_bridge,2
ELS-3169-F2-shift_O-D-to-E2,3169,shift_O,"[{""coefficient"":1,""condition"":""F2-E2-O""},{""coefficient"":-1,""condition"":""F2-D-O""}]",ab_forward/total_with_eos,3.4585647583007812,0.002685546875,positive,False,length_refill_bridge,2
ELS-3169-F2-shift_O-D-to-E2,3169,shift_O,"[{""coefficient"":1,""condition"":""F2-E2-O""},{""coefficient"":-1,""condition"":""F2-D-O""}]",ab_forward/mean_with_eos,1.1528549194335938,0.002685546875,positive,False,length_refill_bridge,2
ELS-3169-F2-shift_O-D-to-E2,3169,shift_O,"[{""coefficient"":1,""condition"":""F2-E2-O""},{""coefficient"":-1,""condition"":""F2-D-O""}]",ab_reverse/answer_sum,0.23154449462890625,0.002685546875,positive,False,length_refill_bridge,2
ELS-3169-F2-shift_O-D-to-E2,3169,shift_O,"[{""coefficient"":1,""condition"":""F2-E2-O""},{""coefficient"":-1,""condition"":""F2-D-O""}]",ab_reverse/answer_mean,0.11577224731445312,0.002685546875,positive,False,length_refill_bridge,2
ELS-3169-F2-shift_O-D-to-E2,3169,shift_O,"[{""coefficient"":1,""condition"":""F2-E2-O""},{""coefficient"":-1,""condition"":""F2-D-O""}]",ab_reverse/total_with_eos,0.23154449462890625,0.002685546875,positive,False,length_refill_bridge,2
ELS-3169-F2-shift_O-D-to-E2,3169,shift_O,"[{""coefficient"":1,""condition"":""F2-E2-O""},{""coefficient"":-1,""condition"":""F2-D-O""}]",ab_reverse/mean_with_eos,0.07718149820963571,0.002685546875,positive,False,length_refill_bridge,2
ELS-3169-F2-shift_O-D-to-E2,3169,shift_O,"[{""coefficient"":1,""condition"":""F2-E2-O""},{""coefficient"":-1,""condition"":""F2-D-O""}]",ncc,0.03770298542765094,0.00537109375,positive,False,length_refill_bridge,2
ELS-3169-F2-shift_O-D-to-E2,3169,shift_O,"[{""coefficient"":1,""condition"":""F2-E2-O""},{""coefficient"":-1,""condition"":""F2-D-O""}]",background,0.10358526327026674,0.002685546875,positive,False,length_refill_bridge,2
ELS-3169-F2-shift_O-D-to-E2,3169,shift_O,"[{""coefficient"":1,""condition"":""F2-E2-O""},{""coefficient"":-1,""condition"":""F2-D-O""}]",ab_symmetric_sum,1.8450546264648438,0.002685546875,positive,False,length_refill_bridge,2
ELS-3169-F2-shift_O-D-to-E2,3169,shift_O,"[{""coefficient"":1,""condition"":""F2-E2-O""},{""coefficient"":-1,""condition"":""F2-D-O""}]",ab_mapping_gap_sum,3.227020263671875,0.00537109375,positive,False,length_refill_bridge,2
ELS-3169-F2-interaction-D-to-E2,3169,interaction,"[{""coefficient"":1,""condition"":""F2-E2-H""},{""coefficient"":-1,""condition"":""F2-E2-O""},{""coefficient"":-1,""condition"":""F2-D-H""},{""coefficient"":1,""condition"":""F2-D-O""}]",original/answer_sum,0.2174072265625,0.00537109375,positive,False,length_refill_bridge,2
ELS-3169-F2-interaction-D-to-E2,3169,interaction,"[{""coefficient"":1,""condition"":""F2-E2-H""},{""coefficient"":-1,""condition"":""F2-E2-O""},{""coefficient"":-1,""condition"":""F2-D-H""},{""coefficient"":1,""condition"":""F2-D-O""}]",original/answer_mean,0.07246704101562429,0.00537109375,positive,False,length_refill_bridge,2
ELS-3169-F2-interaction-D-to-E2,3169,interaction,"[{""coefficient"":1,""condition"":""F2-E2-H""},{""coefficient"":-1,""condition"":""F2-E2-O""},{""coefficient"":-1,""condition"":""F2-D-H""},{""coefficient"":1,""condition"":""F2-D-O""}]",original/total_with_eos,0.2174072265625,0.00537109375,positive,False,length_refill_bridge,2
ELS-3169-F2-interaction-D-to-E2,3169,interaction,"[{""coefficient"":1,""condition"":""F2-E2-H""},{""coefficient"":-1,""condition"":""F2-E2-O""},{""coefficient"":-1,""condition"":""F2-D-H""},{""coefficient"":1,""condition"":""F2-D-O""}]",original/mean_with_eos,0.05435053507487009,0.00537109375,positive,False,length_refill_bridge,2
ELS-3169-F2-interaction-D-to-E2,3169,interaction,"[{""coefficient"":1,""condition"":""F2-E2-H""},{""coefficient"":-1,""condition"":""F2-E2-O""},{""coefficient"":-1,""condition"":""F2-D-H""},{""coefficient"":1,""condition"":""F2-D-O""}]",ab_forward/answer_sum,0.12844467163085938,0.00537109375,positive,False,length_refill_bridge,2
ELS-3169-F2-interaction-D-to-E2,3169,interaction,"[{""coefficient"":1,""condition"":""F2-E2-H""},{""coefficient"":-1,""condition"":""F2-E2-O""},{""coefficient"":-1,""condition"":""F2-D-H""},{""coefficient"":1,""condition"":""F2-D-O""}]",ab_forward/answer_mean,0.06422233581542969,0.00537109375,positive,False,length_refill_bridge,2
ELS-3169-F2-interaction-D-to-E2,3169,interaction,"[{""coefficient"":1,""condition"":""F2-E2-H""},{""coefficient"":-1,""condition"":""F2-E2-O""},{""coefficient"":-1,""condition"":""F2-D-H""},{""coefficient"":1,""condition"":""F2-D-O""}]",ab_forward/total_with_eos,0.12844467163085938,0.00537109375,positive,False,length_refill_bridge,2
ELS-3169-F2-interaction-D-to-E2,3169,interaction,"[{""coefficient"":1,""condition"":""F2-E2-H""},{""coefficient"":-1,""condition"":""F2-E2-O""},{""coefficient"":-1,""condition"":""F2-D-H""},{""coefficient"":1,""condition"":""F2-D-O""}]",ab_forward/mean_with_eos,0.042814890543619644,0.00537109375,positive,False,length_refill_bridge,2
ELS-3169-F2-interaction-D-to-E2,3169,interaction,"[{""coefficient"":1,""condition"":""F2-E2-H""},{""coefficient"":-1,""condition"":""F2-E2-O""},{""coefficient"":-1,""condition"":""F2-D-H""},{""coefficient"":1,""condition"":""F2-D-O""}]",ab_reverse/answer_sum,-0.03503990173339844,0.00537109375,negative,False,length_refill_bridge,2
ELS-3169-F2-interaction-D-to-E2,3169,interaction,"[{""coefficient"":1,""condition"":""F2-E2-H""},{""coefficient"":-1,""condition"":""F2-E2-O""},{""coefficient"":-1,""condition"":""F2-D-H""},{""coefficient"":1,""condition"":""F2-D-O""}]",ab_reverse/answer_mean,-0.01751995086669922,0.00537109375,negative,False,length_refill_bridge,2
ELS-3169-F2-interaction-D-to-E2,3169,interaction,"[{""coefficient"":1,""condition"":""F2-E2-H""},{""coefficient"":-1,""condition"":""F2-E2-O""},{""coefficient"":-1,""condition"":""F2-D-H""},{""coefficient"":1,""condition"":""F2-D-O""}]",ab_reverse/total_with_eos,-0.03503990173339844,0.00537109375,negative,False,length_refill_bridge,2
ELS-3169-F2-interaction-D-to-E2,3169,interaction,"[{""coefficient"":1,""condition"":""F2-E2-H""},{""coefficient"":-1,""condition"":""F2-E2-O""},{""coefficient"":-1,""condition"":""F2-D-H""},{""coefficient"":1,""condition"":""F2-D-O""}]",ab_reverse/mean_with_eos,-0.01167996724446585,0.00537109375,negative,False,length_refill_bridge,2
ELS-3169-F2-interaction-D-to-E2,3169,interaction,"[{""coefficient"":1,""condition"":""F2-E2-H""},{""coefficient"":-1,""condition"":""F2-E2-O""},{""coefficient"":-1,""condition"":""F2-D-H""},{""coefficient"":1,""condition"":""F2-D-O""}]",ncc,0.06088077671105019,0.0107421875,positive,False,length_refill_bridge,2
ELS-3169-F2-interaction-D-to-E2,3169,interaction,"[{""coefficient"":1,""condition"":""F2-E2-H""},{""coefficient"":-1,""condition"":""F2-E2-O""},{""coefficient"":-1,""condition"":""F2-D-H""},{""coefficient"":1,""condition"":""F2-D-O""}]",background,0.011586264304574101,0.00537109375,positive,False,length_refill_bridge,2
ELS-3169-F2-interaction-D-to-E2,3169,interaction,"[{""coefficient"":1,""condition"":""F2-E2-H""},{""coefficient"":-1,""condition"":""F2-E2-O""},{""coefficient"":-1,""condition"":""F2-D-H""},{""coefficient"":1,""condition"":""F2-D-O""}]",ab_symmetric_sum,0.04670238494873047,0.00537109375,positive,False,length_refill_bridge,2
ELS-3169-F2-interaction-D-to-E2,3169,interaction,"[{""coefficient"":1,""condition"":""F2-E2-H""},{""coefficient"":-1,""condition"":""F2-E2-O""},{""coefficient"":-1,""condition"":""F2-D-H""},{""coefficient"":1,""condition"":""F2-D-O""}]",ab_mapping_gap_sum,0.1634845733642578,0.0107421875,positive,False,length_refill_bridge,2
ELS-3169-F2-common_shift-D-to-E2,3169,common_shift,"[{""coefficient"":0.5,""condition"":""F2-E2-H""},{""coefficient"":0.5,""condition"":""F2-E2-O""},{""coefficient"":-0.5,""condition"":""F2-D-H""},{""coefficient"":-0.5,""condition"":""F2-D-O""}]",original/answer_sum,0.5325775146484375,0.002685546875,positive,False,length_refill_bridge,2
ELS-3169-F2-common_shift-D-to-E2,3169,common_shift,"[{""coefficient"":0.5,""condition"":""F2-E2-H""},{""coefficient"":0.5,""condition"":""F2-E2-O""},{""coefficient"":-0.5,""condition"":""F2-D-H""},{""coefficient"":-0.5,""condition"":""F2-D-O""}]",original/answer_mean,0.17752176920572982,0.002685546875,positive,False,length_refill_bridge,2
ELS-3169-F2-common_shift-D-to-E2,3169,common_shift,"[{""coefficient"":0.5,""condition"":""F2-E2-H""},{""coefficient"":0.5,""condition"":""F2-E2-O""},{""coefficient"":-0.5,""condition"":""F2-D-H""},{""coefficient"":-0.5,""condition"":""F2-D-O""}]",original/total_with_eos,0.5325775146484375,0.002685546875,positive,False,length_refill_bridge,2
ELS-3169-F2-common_shift-D-to-E2,3169,common_shift,"[{""coefficient"":0.5,""condition"":""F2-E2-H""},{""coefficient"":0.5,""condition"":""F2-E2-O""},{""coefficient"":-0.5,""condition"":""F2-D-H""},{""coefficient"":-0.5,""condition"":""F2-D-O""}]",original/mean_with_eos,0.1331418355305991,0.002685546875,positive,False,length_refill_bridge,2
ELS-3169-F2-common_shift-D-to-E2,3169,common_shift,"[{""coefficient"":0.5,""condition"":""F2-E2-H""},{""coefficient"":0.5,""condition"":""F2-E2-O""},{""coefficient"":-0.5,""condition"":""F2-D-H""},{""coefficient"":-0.5,""condition"":""F2-D-O""}]",ab_forward/answer_sum,3.522787094116211,0.002685546875,positive,False,length_refill_bridge,2
ELS-3169-F2-common_shift-D-to-E2,3169,common_shift,"[{""coefficient"":0.5,""condition"":""F2-E2-H""},{""coefficient"":0.5,""condition"":""F2-E2-O""},{""coefficient"":-0.5,""condition"":""F2-D-H""},{""coefficient"":-0.5,""condition"":""F2-D-O""}]",ab_forward/answer_mean,1.7613935470581055,0.002685546875,positive,False,length_refill_bridge,2
ELS-3169-F2-common_shift-D-to-E2,3169,common_shift,"[{""coefficient"":0.5,""condition"":""F2-E2-H""},{""coefficient"":0.5,""condition"":""F2-E2-O""},{""coefficient"":-0.5,""condition"":""F2-D-H""},{""coefficient"":-0.5,""condition"":""F2-D-O""}]",ab_forward/total_with_eos,3.522787094116211,0.002685546875,positive,False,length_refill_bridge,2
ELS-3169-F2-common_shift-D-to-E2,3169,common_shift,"[{""coefficient"":0.5,""condition"":""F2-E2-H""},{""coefficient"":0.5,""condition"":""F2-E2-O""},{""coefficient"":-0.5,""condition"":""F2-D-H""},{""coefficient"":-0.5,""condition"":""F2-D-O""}]",ab_forward/mean_with_eos,1.1742623647054036,0.002685546875,positive,False,length_refill_bridge,2
ELS-3169-F2-common_shift-D-to-E2,3169,common_shift,"[{""coefficient"":0.5,""condition"":""F2-E2-H""},{""coefficient"":0.5,""condition"":""F2-E2-O""},{""coefficient"":-0.5,""condition"":""F2-D-H""},{""coefficient"":-0.5,""condition"":""F2-D-O""}]",ab_reverse/answer_sum,0.21402454376220703,0.002685546875,positive,False,length_refill_bridge,2
ELS-3169-F2-common_shift-D-to-E2,3169,common_shift,"[{""coefficient"":0.5,""condition"":""F2-E2-H""},{""coefficient"":0.5,""condition"":""F2-E2-O""},{""coefficient"":-0.5,""condition"":""F2-D-H""},{""coefficient"":-0.5,""condition"":""F2-D-O""}]",ab_reverse/answer_mean,0.10701227188110352,0.002685546875,positive,False,length_refill_bridge,2
ELS-3169-F2-common_shift-D-to-E2,3169,common_shift,"[{""coefficient"":0.5,""condition"":""F2-E2-H""},{""coefficient"":0.5,""condition"":""F2-E2-O""},{""coefficient"":-0.5,""condition"":""F2-D-H""},{""coefficient"":-0.5,""condition"":""F2-D-O""}]",ab_reverse/total_with_eos,0.21402454376220703,0.002685546875,positive,False,length_refill_bridge,2
ELS-3169-F2-common_shift-D-to-E2,3169,common_shift,"[{""coefficient"":0.5,""condition"":""F2-E2-H""},{""coefficient"":0.5,""condition"":""F2-E2-O""},{""coefficient"":-0.5,""condition"":""F2-D-H""},{""coefficient"":-0.5,""condition"":""F2-D-O""}]",ab_reverse/mean_with_eos,0.07134151458740279,0.002685546875,positive,False,length_refill_bridge,2
ELS-3169-F2-common_shift-D-to-E2,3169,common_shift,"[{""coefficient"":0.5,""condition"":""F2-E2-H""},{""coefficient"":0.5,""condition"":""F2-E2-O""},{""coefficient"":-0.5,""condition"":""F2-D-H""},{""coefficient"":-0.5,""condition"":""F2-D-O""}]",ncc,0.06814337378317603,0.00537109375,positive,False,length_refill_bridge,2
ELS-3169-F2-common_shift-D-to-E2,3169,common_shift,"[{""coefficient"":0.5,""condition"":""F2-E2-H""},{""coefficient"":0.5,""condition"":""F2-E2-O""},{""coefficient"":-0.5,""condition"":""F2-D-H""},{""coefficient"":-0.5,""condition"":""F2-D-O""}]",background,0.10937839542255379,0.002685546875,positive,False,length_refill_bridge,2
ELS-3169-F2-common_shift-D-to-E2,3169,common_shift,"[{""coefficient"":0.5,""condition"":""F2-E2-H""},{""coefficient"":0.5,""condition"":""F2-E2-O""},{""coefficient"":-0.5,""condition"":""F2-D-H""},{""coefficient"":-0.5,""condition"":""F2-D-O""}]",ab_symmetric_sum,1.868405818939209,0.002685546875,positive,False,length_refill_bridge,2
ELS-3169-F2-common_shift-D-to-E2,3169,common_shift,"[{""coefficient"":0.5,""condition"":""F2-E2-H""},{""coefficient"":0.5,""condition"":""F2-E2-O""},{""coefficient"":-0.5,""condition"":""F2-D-H""},{""coefficient"":-0.5,""condition"":""F2-D-O""}]",ab_mapping_gap_sum,3.308762550354004,0.00537109375,positive,False,length_refill_bridge,2
ELS-3169-F2-shift_H-N1-to-E1,3169,shift_H,"[{""coefficient"":1,""condition"":""F2-E1-H""},{""coefficient"":-1,""condition"":""F2-N1-H""}]",original/answer_sum,-0.8053016662597656,0.002685546875,negative,False,filler_position_control,2
ELS-3169-F2-shift_H-N1-to-E1,3169,shift_H,"[{""coefficient"":1,""condition"":""F2-E1-H""},{""coefficient"":-1,""condition"":""F2-N1-H""}]",original/answer_mean,-0.26843338012695384,0.002685546875,negative,False,filler_position_control,2
ELS-3169-F2-shift_H-N1-to-E1,3169,shift_H,"[{""coefficient"":1,""condition"":""F2-E1-H""},{""coefficient"":-1,""condition"":""F2-N1-H""}]",original/total_with_eos,-0.8053016662597656,0.002685546875,negative,False,filler_position_control,2
ELS-3169-F2-shift_H-N1-to-E1,3169,shift_H,"[{""coefficient"":1,""condition"":""F2-E1-H""},{""coefficient"":-1,""condition"":""F2-N1-H""}]",original/mean_with_eos,-0.2013250986735029,0.002685546875,negative,False,filler_position_control,2
ELS-3169-F2-shift_H-N1-to-E1,3169,shift_H,"[{""coefficient"":1,""condition"":""F2-E1-H""},{""coefficient"":-1,""condition"":""F2-N1-H""}]",ab_forward/answer_sum,0.2530975341796875,0.002685546875,positive,False,filler_position_control,2
ELS-3169-F2-shift_H-N1-to-E1,3169,shift_H,"[{""coefficient"":1,""condition"":""F2-E1-H""},{""coefficient"":-1,""condition"":""F2-N1-H""}]",ab_forward/answer_mean,0.12654876708984375,0.002685546875,positive,False,filler_position_control,2
ELS-3169-F2-shift_H-N1-to-E1,3169,shift_H,"[{""coefficient"":1,""condition"":""F2-E1-H""},{""coefficient"":-1,""condition"":""F2-N1-H""}]",ab_forward/total_with_eos,0.2530975341796875,0.002685546875,positive,False,filler_position_control,2
ELS-3169-F2-shift_H-N1-to-E1,3169,shift_H,"[{""coefficient"":1,""condition"":""F2-E1-H""},{""coefficient"":-1,""condition"":""F2-N1-H""}]",ab_forward/mean_with_eos,0.08436584472656161,0.002685546875,positive,False,filler_position_control,2
ELS-3169-F2-shift_H-N1-to-E1,3169,shift_H,"[{""coefficient"":1,""condition"":""F2-E1-H""},{""coefficient"":-1,""condition"":""F2-N1-H""}]",ab_reverse/answer_sum,0.9888229370117188,0.002685546875,positive,False,filler_position_control,2
ELS-3169-F2-shift_H-N1-to-E1,3169,shift_H,"[{""coefficient"":1,""condition"":""F2-E1-H""},{""coefficient"":-1,""condition"":""F2-N1-H""}]",ab_reverse/answer_mean,0.4944114685058594,0.002685546875,positive,False,filler_position_control,2
ELS-3169-F2-shift_H-N1-to-E1,3169,shift_H,"[{""coefficient"":1,""condition"":""F2-E1-H""},{""coefficient"":-1,""condition"":""F2-N1-H""}]",ab_reverse/total_with_eos,0.9888229370117188,0.002685546875,positive,False,filler_position_control,2
ELS-3169-F2-shift_H-N1-to-E1,3169,shift_H,"[{""coefficient"":1,""condition"":""F2-E1-H""},{""coefficient"":-1,""condition"":""F2-N1-H""}]",ab_reverse/mean_with_eos,0.3296076456705732,0.002685546875,positive,False,filler_position_control,2
ELS-3169-F2-shift_H-N1-to-E1,3169,shift_H,"[{""coefficient"":1,""condition"":""F2-E1-H""},{""coefficient"":-1,""condition"":""F2-N1-H""}]",ncc,-0.3957250637124501,0.00537109375,negative,False,filler_position_control,2
ELS-3169-F2-shift_H-N1-to-E1,3169,shift_H,"[{""coefficient"":1,""condition"":""F2-E1-H""},{""coefficient"":-1,""condition"":""F2-N1-H""}]",background,0.12729168358549625,0.002685546875,positive,False,filler_position_control,2
ELS-3169-F2-shift_H-N1-to-E1,3169,shift_H,"[{""coefficient"":1,""condition"":""F2-E1-H""},{""coefficient"":-1,""condition"":""F2-N1-H""}]",ab_symmetric_sum,0.6209602355957031,0.002685546875,positive,False,filler_position_control,2
ELS-3169-F2-shift_H-N1-to-E1,3169,shift_H,"[{""coefficient"":1,""condition"":""F2-E1-H""},{""coefficient"":-1,""condition"":""F2-N1-H""}]",ab_mapping_gap_sum,-0.7357254028320312,0.00537109375,negative,False,filler_position_control,2
ELS-3169-F2-shift_O-N1-to-E1,3169,shift_O,"[{""coefficient"":1,""condition"":""F2-E1-O""},{""coefficient"":-1,""condition"":""F2-N1-O""}]",original/answer_sum,-0.7784843444824219,0.002685546875,negative,False,filler_position_control,2
ELS-3169-F2-shift_O-N1-to-E1,3169,shift_O,"[{""coefficient"":1,""condition"":""F2-E1-O""},{""coefficient"":-1,""condition"":""F2-N1-O""}]",original/answer_mean,-0.25949427286783866,0.002685546875,negative,False,filler_position_control,2
ELS-3169-F2-shift_O-N1-to-E1,3169,shift_O,"[{""coefficient"":1,""condition"":""F2-E1-O""},{""coefficient"":-1,""condition"":""F2-N1-O""}]",original/total_with_eos,-0.7784843444824219,0.002685546875,negative,False,filler_position_control,2
ELS-3169-F2-shift_O-N1-to-E1,3169,shift_O,"[{""coefficient"":1,""condition"":""F2-E1-O""},{""coefficient"":-1,""condition"":""F2-N1-O""}]",original/mean_with_eos,-0.19462076822916652,0.002685546875,negative,False,filler_position_control,2
ELS-3169-F2-shift_O-N1-to-E1,3169,shift_O,"[{""coefficient"":1,""condition"":""F2-E1-O""},{""coefficient"":-1,""condition"":""F2-N1-O""}]",ab_forward/answer_sum,0.2351226806640625,0.002685546875,positive,False,filler_position_control,2
ELS-3169-F2-shift_O-N1-to-E1,3169,shift_O,"[{""coefficient"":1,""condition"":""F2-E1-O""},{""coefficient"":-1,""condition"":""F2-N1-O""}]",ab_forward/answer_mean,0.11756134033203125,0.002685546875,positive,False,filler_position_control,2
ELS-3169-F2-shift_O-N1-to-E1,3169,shift_O,"[{""coefficient"":1,""condition"":""F2-E1-O""},{""coefficient"":-1,""condition"":""F2-N1-O""}]",ab_forward/total_with_eos,0.2351226806640625,0.002685546875,positive,False,filler_position_control,2
ELS-3169-F2-shift_O-N1-to-E1,3169,shift_O,"[{""coefficient"":1,""condition"":""F2-E1-O""},{""coefficient"":-1,""condition"":""F2-N1-O""}]",ab_forward/mean_with_eos,0.07837422688802143,0.002685546875,positive,False,filler_position_control,2
ELS-3169-F2-shift_O-N1-to-E1,3169,shift_O,"[{""coefficient"":1,""condition"":""F2-E1-O""},{""coefficient"":-1,""condition"":""F2-N1-O""}]",ab_reverse/answer_sum,0.7614974975585938,0.002685546875,positive,False,filler_position_control,2
ELS-3169-F2-shift_O-N1-to-E1,3169,shift_O,"[{""coefficient"":1,""condition"":""F2-E1-O""},{""coefficient"":-1,""condition"":""F2-N1-O""}]",ab_reverse/answer_mean,0.3807487487792969,0.002685546875,positive,False,filler_position_control,2
ELS-3169-F2-shift_O-N1-to-E1,3169,shift_O,"[{""coefficient"":1,""condition"":""F2-E1-O""},{""coefficient"":-1,""condition"":""F2-N1-O""}]",ab_reverse/total_with_eos,0.7614974975585938,0.002685546875,positive,False,filler_position_control,2
ELS-3169-F2-shift_O-N1-to-E1,3169,shift_O,"[{""coefficient"":1,""condition"":""F2-E1-O""},{""coefficient"":-1,""condition"":""F2-N1-O""}]",ab_reverse/mean_with_eos,0.2538324991861982,0.002685546875,positive,False,filler_position_control,2
ELS-3169-F2-shift_O-N1-to-E1,3169,shift_O,"[{""coefficient"":1,""condition"":""F2-E1-O""},{""coefficient"":-1,""condition"":""F2-N1-O""}]",ncc,-0.3651855232751484,0.00537109375,negative,False,filler_position_control,2
ELS-3169-F2-shift_O-N1-to-E1,3169,shift_O,"[{""coefficient"":1,""condition"":""F2-E1-O""},{""coefficient"":-1,""condition"":""F2-N1-O""}]",background,0.10569125040730976,0.002685546875,positive,False,filler_position_control,2
ELS-3169-F2-shift_O-N1-to-E1,3169,shift_O,"[{""coefficient"":1,""condition"":""F2-E1-O""},{""coefficient"":-1,""condition"":""F2-N1-O""}]",ab_symmetric_sum,0.4983100891113281,0.002685546875,positive,False,filler_position_control,2
ELS-3169-F2-shift_O-N1-to-E1,3169,shift_O,"[{""coefficient"":1,""condition"":""F2-E1-O""},{""coefficient"":-1,""condition"":""F2-N1-O""}]",ab_mapping_gap_sum,-0.5263748168945312,0.00537109375,negative,False,filler_position_control,2
ELS-3169-F2-interaction-N1-to-E1,3169,interaction,"[{""coefficient"":1,""condition"":""F2-E1-H""},{""coefficient"":-1,""condition"":""F2-E1-O""},{""coefficient"":-1,""condition"":""F2-N1-H""},{""coefficient"":1,""condition"":""F2-N1-O""}]",original/answer_sum,-0.02681732177734375,0.00537109375,negative,False,filler_position_control,2
ELS-3169-F2-interaction-N1-to-E1,3169,interaction,"[{""coefficient"":1,""condition"":""F2-E1-H""},{""coefficient"":-1,""condition"":""F2-E1-O""},{""coefficient"":-1,""condition"":""F2-N1-H""},{""coefficient"":1,""condition"":""F2-N1-O""}]",original/answer_mean,-0.008939107259115175,0.00537109375,negative,False,filler_position_control,2
ELS-3169-F2-interaction-N1-to-E1,3169,interaction,"[{""coefficient"":1,""condition"":""F2-E1-H""},{""coefficient"":-1,""condition"":""F2-E1-O""},{""coefficient"":-1,""condition"":""F2-N1-H""},{""coefficient"":1,""condition"":""F2-N1-O""}]",original/total_with_eos,-0.02681732177734375,0.00537109375,negative,False,filler_position_control,2
ELS-3169-F2-interaction-N1-to-E1,3169,interaction,"[{""coefficient"":1,""condition"":""F2-E1-H""},{""coefficient"":-1,""condition"":""F2-E1-O""},{""coefficient"":-1,""condition"":""F2-N1-H""},{""coefficient"":1,""condition"":""F2-N1-O""}]",original/mean_with_eos,-0.006704330444336382,0.00537109375,negative,False,filler_position_control,2
ELS-3169-F2-interaction-N1-to-E1,3169,interaction,"[{""coefficient"":1,""condition"":""F2-E1-H""},{""coefficient"":-1,""condition"":""F2-E1-O""},{""coefficient"":-1,""condition"":""F2-N1-H""},{""coefficient"":1,""condition"":""F2-N1-O""}]",ab_forward/answer_sum,0.017974853515625,0.00537109375,positive,False,filler_position_control,2
ELS-3169-F2-interaction-N1-to-E1,3169,interaction,"[{""coefficient"":1,""condition"":""F2-E1-H""},{""coefficient"":-1,""condition"":""F2-E1-O""},{""coefficient"":-1,""condition"":""F2-N1-H""},{""coefficient"":1,""condition"":""F2-N1-O""}]",ab_forward/answer_mean,0.0089874267578125,0.00537109375,positive,False,filler_position_control,2
ELS-3169-F2-interaction-N1-to-E1,3169,interaction,"[{""coefficient"":1,""condition"":""F2-E1-H""},{""coefficient"":-1,""condition"":""F2-E1-O""},{""coefficient"":-1,""condition"":""F2-N1-H""},{""coefficient"":1,""condition"":""F2-N1-O""}]",ab_forward/total_with_eos,0.017974853515625,0.00537109375,positive,False,filler_position_control,2
ELS-3169-F2-interaction-N1-to-E1,3169,interaction,"[{""coefficient"":1,""condition"":""F2-E1-H""},{""coefficient"":-1,""condition"":""F2-E1-O""},{""coefficient"":-1,""condition"":""F2-N1-H""},{""coefficient"":1,""condition"":""F2-N1-O""}]",ab_forward/mean_with_eos,0.005991617838540186,0.00537109375,positive,False,filler_position_control,2
ELS-3169-F2-interaction-N1-to-E1,3169,interaction,"[{""coefficient"":1,""condition"":""F2-E1-H""},{""coefficient"":-1,""condition"":""F2-E1-O""},{""coefficient"":-1,""condition"":""F2-N1-H""},{""coefficient"":1,""condition"":""F2-N1-O""}]",ab_reverse/answer_sum,0.227325439453125,0.00537109375,positive,False,filler_position_control,2
ELS-3169-F2-interaction-N1-to-E1,3169,interaction,"[{""coefficient"":1,""condition"":""F2-E1-H""},{""coefficient"":-1,""condition"":""F2-E1-O""},{""coefficient"":-1,""condition"":""F2-N1-H""},{""coefficient"":1,""condition"":""F2-N1-O""}]",ab_reverse/answer_mean,0.1136627197265625,0.00537109375,positive,False,filler_position_control,2
ELS-3169-F2-interaction-N1-to-E1,3169,interaction,"[{""coefficient"":1,""condition"":""F2-E1-H""},{""coefficient"":-1,""condition"":""F2-E1-O""},{""coefficient"":-1,""condition"":""F2-N1-H""},{""coefficient"":1,""condition"":""F2-N1-O""}]",ab_reverse/total_with_eos,0.227325439453125,0.00537109375,positive,False,filler_position_control,2
ELS-3169-F2-interaction-N1-to-E1,3169,interaction,"[{""coefficient"":1,""condition"":""F2-E1-H""},{""coefficient"":-1,""condition"":""F2-E1-O""},{""coefficient"":-1,""condition"":""F2-N1-H""},{""coefficient"":1,""condition"":""F2-N1-O""}]",ab_reverse/mean_with_eos,0.075775146484375,0.00537109375,positive,False,filler_position_control,2
ELS-3169-F2-interaction-N1-to-E1,3169,interaction,"[{""coefficient"":1,""condition"":""F2-E1-H""},{""coefficient"":-1,""condition"":""F2-E1-O""},{""coefficient"":-1,""condition"":""F2-N1-H""},{""coefficient"":1,""condition"":""F2-N1-O""}]",ncc,-0.03053954043730167,0.0107421875,negative,False,filler_position_control,2
ELS-3169-F2-interaction-N1-to-E1,3169,interaction,"[{""coefficient"":1,""condition"":""F2-E1-H""},{""coefficient"":-1,""condition"":""F2-E1-O""},{""coefficient"":-1,""condition"":""F2-N1-H""},{""coefficient"":1,""condition"":""F2-N1-O""}]",background,0.021600433178186496,0.00537109375,positive,False,filler_position_control,2
ELS-3169-F2-interaction-N1-to-E1,3169,interaction,"[{""coefficient"":1,""condition"":""F2-E1-H""},{""coefficient"":-1,""condition"":""F2-E1-O""},{""coefficient"":-1,""condition"":""F2-N1-H""},{""coefficient"":1,""condition"":""F2-N1-O""}]",ab_symmetric_sum,0.122650146484375,0.00537109375,positive,False,filler_position_control,2
ELS-3169-F2-interaction-N1-to-E1,3169,interaction,"[{""coefficient"":1,""condition"":""F2-E1-H""},{""coefficient"":-1,""condition"":""F2-E1-O""},{""coefficient"":-1,""condition"":""F2-N1-H""},{""coefficient"":1,""condition"":""F2-N1-O""}]",ab_mapping_gap_sum,-0.2093505859375,0.0107421875,negative,False,filler_position_control,2
ELS-3169-F2-common_shift-N1-to-E1,3169,common_shift,"[{""coefficient"":0.5,""condition"":""F2-E1-H""},{""coefficient"":0.5,""condition"":""F2-E1-O""},{""coefficient"":-0.5,""condition"":""F2-N1-H""},{""coefficient"":-0.5,""condition"":""F2-N1-O""}]",original/answer_sum,-0.7918930053710938,0.002685546875,negative,False,filler_position_control,2
ELS-3169-F2-common_shift-N1-to-E1,3169,common_shift,"[{""coefficient"":0.5,""condition"":""F2-E1-H""},{""coefficient"":0.5,""condition"":""F2-E1-O""},{""coefficient"":-0.5,""condition"":""F2-N1-H""},{""coefficient"":-0.5,""condition"":""F2-N1-O""}]",original/answer_mean,-0.26396382649739625,0.002685546875,negative,False,filler_position_control,2
ELS-3169-F2-common_shift-N1-to-E1,3169,common_shift,"[{""coefficient"":0.5,""condition"":""F2-E1-H""},{""coefficient"":0.5,""condition"":""F2-E1-O""},{""coefficient"":-0.5,""condition"":""F2-N1-H""},{""coefficient"":-0.5,""condition"":""F2-N1-O""}]",original/total_with_eos,-0.7918930053710938,0.002685546875,negative,False,filler_position_control,2
ELS-3169-F2-common_shift-N1-to-E1,3169,common_shift,"[{""coefficient"":0.5,""condition"":""F2-E1-H""},{""coefficient"":0.5,""condition"":""F2-E1-O""},{""coefficient"":-0.5,""condition"":""F2-N1-H""},{""coefficient"":-0.5,""condition"":""F2-N1-O""}]",original/mean_with_eos,-0.1979729334513347,0.002685546875,negative,False,filler_position_control,2
ELS-3169-F2-common_shift-N1-to-E1,3169,common_shift,"[{""coefficient"":0.5,""condition"":""F2-E1-H""},{""coefficient"":0.5,""condition"":""F2-E1-O""},{""coefficient"":-0.5,""condition"":""F2-N1-H""},{""coefficient"":-0.5,""condition"":""F2-N1-O""}]",ab_forward/answer_sum,0.244110107421875,0.002685546875,positive,False,filler_position_control,2
ELS-3169-F2-common_shift-N1-to-E1,3169,common_shift,"[{""coefficient"":0.5,""condition"":""F2-E1-H""},{""coefficient"":0.5,""condition"":""F2-E1-O""},{""coefficient"":-0.5,""condition"":""F2-N1-H""},{""coefficient"":-0.5,""condition"":""F2-N1-O""}]",ab_forward/answer_mean,0.1220550537109375,0.002685546875,positive,False,filler_position_control,2
ELS-3169-F2-common_shift-N1-to-E1,3169,common_shift,"[{""coefficient"":0.5,""condition"":""F2-E1-H""},{""coefficient"":0.5,""condition"":""F2-E1-O""},{""coefficient"":-0.5,""condition"":""F2-N1-H""},{""coefficient"":-0.5,""condition"":""F2-N1-O""}]",ab_forward/total_with_eos,0.244110107421875,0.002685546875,positive,False,filler_position_control,2
ELS-3169-F2-common_shift-N1-to-E1,3169,common_shift,"[{""coefficient"":0.5,""condition"":""F2-E1-H""},{""coefficient"":0.5,""condition"":""F2-E1-O""},{""coefficient"":-0.5,""condition"":""F2-N1-H""},{""coefficient"":-0.5,""condition"":""F2-N1-O""}]",ab_forward/mean_with_eos,0.08137003580729152,0.002685546875,positive,False,filler_position_control,2
ELS-3169-F2-common_shift-N1-to-E1,3169,common_shift,"[{""coefficient"":0.5,""condition"":""F2-E1-H""},{""coefficient"":0.5,""condition"":""F2-E1-O""},{""coefficient"":-0.5,""condition"":""F2-N1-H""},{""coefficient"":-0.5,""condition"":""F2-N1-O""}]",ab_reverse/answer_sum,0.8751602172851562,0.002685546875,positive,False,filler_position_control,2
ELS-3169-F2-common_shift-N1-to-E1,3169,common_shift,"[{""coefficient"":0.5,""condition"":""F2-E1-H""},{""coefficient"":0.5,""condition"":""F2-E1-O""},{""coefficient"":-0.5,""condition"":""F2-N1-H""},{""coefficient"":-0.5,""condition"":""F2-N1-O""}]",ab_reverse/answer_mean,0.4375801086425781,0.002685546875,positive,False,filler_position_control,2
ELS-3169-F2-common_shift-N1-to-E1,3169,common_shift,"[{""coefficient"":0.5,""condition"":""F2-E1-H""},{""coefficient"":0.5,""condition"":""F2-E1-O""},{""coefficient"":-0.5,""condition"":""F2-N1-H""},{""coefficient"":-0.5,""condition"":""F2-N1-O""}]",ab_reverse/total_with_eos,0.8751602172851562,0.002685546875,positive,False,filler_position_control,2
ELS-3169-F2-common_shift-N1-to-E1,3169,common_shift,"[{""coefficient"":0.5,""condition"":""F2-E1-H""},{""coefficient"":0.5,""condition"":""F2-E1-O""},{""coefficient"":-0.5,""condition"":""F2-N1-H""},{""coefficient"":-0.5,""condition"":""F2-N1-O""}]",ab_reverse/mean_with_eos,0.2917200724283857,0.002685546875,positive,False,filler_position_control,2
ELS-3169-F2-common_shift-N1-to-E1,3169,common_shift,"[{""coefficient"":0.5,""condition"":""F2-E1-H""},{""coefficient"":0.5,""condition"":""F2-E1-O""},{""coefficient"":-0.5,""condition"":""F2-N1-H""},{""coefficient"":-0.5,""condition"":""F2-N1-O""}]",ncc,-0.38045529349379925,0.00537109375,negative,False,filler_position_control,2
ELS-3169-F2-common_shift-N1-to-E1,3169,common_shift,"[{""coefficient"":0.5,""condition"":""F2-E1-H""},{""coefficient"":0.5,""condition"":""F2-E1-O""},{""coefficient"":-0.5,""condition"":""F2-N1-H""},{""coefficient"":-0.5,""condition"":""F2-N1-O""}]",background,0.116491466996403,0.002685546875,positive,False,filler_position_control,2
ELS-3169-F2-common_shift-N1-to-E1,3169,common_shift,"[{""coefficient"":0.5,""condition"":""F2-E1-H""},{""coefficient"":0.5,""condition"":""F2-E1-O""},{""coefficient"":-0.5,""condition"":""F2-N1-H""},{""coefficient"":-0.5,""condition"":""F2-N1-O""}]",ab_symmetric_sum,0.5596351623535156,0.002685546875,positive,False,filler_position_control,2
ELS-3169-F2-common_shift-N1-to-E1,3169,common_shift,"[{""coefficient"":0.5,""condition"":""F2-E1-H""},{""coefficient"":0.5,""condition"":""F2-E1-O""},{""coefficient"":-0.5,""condition"":""F2-N1-H""},{""coefficient"":-0.5,""condition"":""F2-N1-O""}]",ab_mapping_gap_sum,-0.6310501098632812,0.00537109375,negative,False,filler_position_control,2
ELS-3169-F2-shift_H-N2-to-E2,3169,shift_H,"[{""coefficient"":1,""condition"":""F2-E2-H""},{""coefficient"":-1,""condition"":""F2-N2-H""}]",original/answer_sum,-1.0533447265625,0.002685546875,negative,False,filler_position_control,2
ELS-3169-F2-shift_H-N2-to-E2,3169,shift_H,"[{""coefficient"":1,""condition"":""F2-E2-H""},{""coefficient"":-1,""condition"":""F2-N2-H""}]",original/answer_mean,-0.35111490885416696,0.002685546875,negative,False,filler_position_control,2
ELS-3169-F2-shift_H-N2-to-E2,3169,shift_H,"[{""coefficient"":1,""condition"":""F2-E2-H""},{""coefficient"":-1,""condition"":""F2-N2-H""}]",original/total_with_eos,-1.0533447265625,0.002685546875,negative,False,filler_position_control,2
ELS-3169-F2-shift_H-N2-to-E2,3169,shift_H,"[{""coefficient"":1,""condition"":""F2-E2-H""},{""coefficient"":-1,""condition"":""F2-N2-H""}]",original/mean_with_eos,-0.263336181640625,0.002685546875,negative,False,filler_position_control,2
ELS-3169-F2-shift_H-N2-to-E2,3169,shift_H,"[{""coefficient"":1,""condition"":""F2-E2-H""},{""coefficient"":-1,""condition"":""F2-N2-H""}]",ab_forward/answer_sum,0.346954345703125,0.002685546875,positive,False,filler_position_control,2
ELS-3169-F2-shift_H-N2-to-E2,3169,shift_H,"[{""coefficient"":1,""condition"":""F2-E2-H""},{""coefficient"":-1,""condition"":""F2-N2-H""}]",ab_forward/answer_mean,0.1734771728515625,0.002685546875,positive,False,filler_position_control,2
ELS-3169-F2-shift_H-N2-to-E2,3169,shift_H,"[{""coefficient"":1,""condition"":""F2-E2-H""},{""coefficient"":-1,""condition"":""F2-N2-H""}]",ab_forward/total_with_eos,0.346954345703125,0.002685546875,positive,False,filler_position_control,2
ELS-3169-F2-shift_H-N2-to-E2,3169,shift_H,"[{""coefficient"":1,""condition"":""F2-E2-H""},{""coefficient"":-1,""condition"":""F2-N2-H""}]",ab_forward/mean_with_eos,0.11565144856770893,0.002685546875,positive,False,filler_position_control,2
ELS-3169-F2-shift_H-N2-to-E2,3169,shift_H,"[{""coefficient"":1,""condition"":""F2-E2-H""},{""coefficient"":-1,""condition"":""F2-N2-H""}]",ab_reverse/answer_sum,0.8324203491210938,0.002685546875,positive,False,filler_position_control,2
ELS-3169-F2-shift_H-N2-to-E2,3169,shift_H,"[{""coefficient"":1,""condition"":""F2-E2-H""},{""coefficient"":-1,""condition"":""F2-N2-H""}]",ab_reverse/answer_mean,0.4162101745605469,0.002685546875,positive,False,filler_position_control,2
ELS-3169-F2-shift_H-N2-to-E2,3169,shift_H,"[{""coefficient"":1,""condition"":""F2-E2-H""},{""coefficient"":-1,""condition"":""F2-N2-H""}]",ab_reverse/total_with_eos,0.8324203491210938,0.002685546875,positive,False,filler_position_control,2
ELS-3169-F2-shift_H-N2-to-E2,3169,shift_H,"[{""coefficient"":1,""condition"":""F2-E2-H""},{""coefficient"":-1,""condition"":""F2-N2-H""}]",ab_reverse/mean_with_eos,0.27747344970703125,0.002685546875,positive,False,filler_position_control,2
ELS-3169-F2-shift_H-N2-to-E2,3169,shift_H,"[{""coefficient"":1,""condition"":""F2-E2-H""},{""coefficient"":-1,""condition"":""F2-N2-H""}]",ncc,-0.38304293208494666,0.00537109375,negative,False,filler_position_control,2
ELS-3169-F2-shift_H-N2-to-E2,3169,shift_H,"[{""coefficient"":1,""condition"":""F2-E2-H""},{""coefficient"":-1,""condition"":""F2-N2-H""}]",background,0.0319280232307797,0.002685546875,positive,False,filler_position_control,2
ELS-3169-F2-shift_H-N2-to-E2,3169,shift_H,"[{""coefficient"":1,""condition"":""F2-E2-H""},{""coefficient"":-1,""condition"":""F2-N2-H""}]",ab_symmetric_sum,0.5896873474121094,0.002685546875,positive,False,filler_position_control,2
ELS-3169-F2-shift_H-N2-to-E2,3169,shift_H,"[{""coefficient"":1,""condition"":""F2-E2-H""},{""coefficient"":-1,""condition"":""F2-N2-H""}]",ab_mapping_gap_sum,-0.48546600341796875,0.00537109375,negative,False,filler_position_control,2
ELS-3169-F2-shift_O-N2-to-E2,3169,shift_O,"[{""coefficient"":1,""condition"":""F2-E2-O""},{""coefficient"":-1,""condition"":""F2-N2-O""}]",original/answer_sum,-1.008697509765625,0.002685546875,negative,False,filler_position_control,2
ELS-3169-F2-shift_O-N2-to-E2,3169,shift_O,"[{""coefficient"":1,""condition"":""F2-E2-O""},{""coefficient"":-1,""condition"":""F2-N2-O""}]",original/answer_mean,-0.3362319946289061,0.002685546875,negative,False,filler_position_control,2
ELS-3169-F2-shift_O-N2-to-E2,3169,shift_O,"[{""coefficient"":1,""condition"":""F2-E2-O""},{""coefficient"":-1,""condition"":""F2-N2-O""}]",original/total_with_eos,-1.008697509765625,0.002685546875,negative,False,filler_position_control,2
ELS-3169-F2-shift_O-N2-to-E2,3169,shift_O,"[{""coefficient"":1,""condition"":""F2-E2-O""},{""coefficient"":-1,""condition"":""F2-N2-O""}]",original/mean_with_eos,-0.2521740595499673,0.002685546875,negative,False,filler_position_control,2
ELS-3169-F2-shift_O-N2-to-E2,3169,shift_O,"[{""coefficient"":1,""condition"":""F2-E2-O""},{""coefficient"":-1,""condition"":""F2-N2-O""}]",ab_forward/answer_sum,0.2630195617675781,0.002685546875,positive,False,filler_position_control,2
ELS-3169-F2-shift_O-N2-to-E2,3169,shift_O,"[{""coefficient"":1,""condition"":""F2-E2-O""},{""coefficient"":-1,""condition"":""F2-N2-O""}]",ab_forward/answer_mean,0.13150978088378906,0.002685546875,positive,False,filler_position_control,2
ELS-3169-F2-shift_O-N2-to-E2,3169,shift_O,"[{""coefficient"":1,""condition"":""F2-E2-O""},{""coefficient"":-1,""condition"":""F2-N2-O""}]",ab_forward/total_with_eos,0.2630195617675781,0.002685546875,positive,False,filler_position_control,2
ELS-3169-F2-shift_O-N2-to-E2,3169,shift_O,"[{""coefficient"":1,""condition"":""F2-E2-O""},{""coefficient"":-1,""condition"":""F2-N2-O""}]",ab_forward/mean_with_eos,0.08767318725585938,0.002685546875,positive,False,filler_position_control,2
ELS-3169-F2-shift_O-N2-to-E2,3169,shift_O,"[{""coefficient"":1,""condition"":""F2-E2-O""},{""coefficient"":-1,""condition"":""F2-N2-O""}]",ab_reverse/answer_sum,0.6512947082519531,0.002685546875,positive,False,filler_position_control,2
ELS-3169-F2-shift_O-N2-to-E2,3169,shift_O,"[{""coefficient"":1,""condition"":""F2-E2-O""},{""coefficient"":-1,""condition"":""F2-N2-O""}]",ab_reverse/answer_mean,0.32564735412597656,0.002685546875,positive,False,filler_position_control,2
ELS-3169-F2-shift_O-N2-to-E2,3169,shift_O,"[{""coefficient"":1,""condition"":""F2-E2-O""},{""coefficient"":-1,""condition"":""F2-N2-O""}]",ab_reverse/total_with_eos,0.6512947082519531,0.002685546875,positive,False,filler_position_control,2
ELS-3169-F2-shift_O-N2-to-E2,3169,shift_O,"[{""coefficient"":1,""condition"":""F2-E2-O""},{""coefficient"":-1,""condition"":""F2-N2-O""}]",ab_reverse/mean_with_eos,0.21709823608398438,0.002685546875,positive,False,filler_position_control,2
ELS-3169-F2-shift_O-N2-to-E2,3169,shift_O,"[{""coefficient"":1,""condition"":""F2-E2-O""},{""coefficient"":-1,""condition"":""F2-N2-O""}]",ncc,-0.3422629688715313,0.00537109375,negative,False,filler_position_control,2
ELS-3169-F2-shift_O-N2-to-E2,3169,shift_O,"[{""coefficient"":1,""condition"":""F2-E2-O""},{""coefficient"":-1,""condition"":""F2-N2-O""}]",background,0.00603097424262522,0.002685546875,positive,False,filler_position_control,2
ELS-3169-F2-shift_O-N2-to-E2,3169,shift_O,"[{""coefficient"":1,""condition"":""F2-E2-O""},{""coefficient"":-1,""condition"":""F2-N2-O""}]",ab_symmetric_sum,0.4571571350097656,0.002685546875,positive,False,filler_position_control,2
ELS-3169-F2-shift_O-N2-to-E2,3169,shift_O,"[{""coefficient"":1,""condition"":""F2-E2-O""},{""coefficient"":-1,""condition"":""F2-N2-O""}]",ab_mapping_gap_sum,-0.388275146484375,0.00537109375,negative,False,filler_position_control,2
ELS-3169-F2-interaction-N2-to-E2,3169,interaction,"[{""coefficient"":1,""condition"":""F2-E2-H""},{""coefficient"":-1,""condition"":""F2-E2-O""},{""coefficient"":-1,""condition"":""F2-N2-H""},{""coefficient"":1,""condition"":""F2-N2-O""}]",original/answer_sum,-0.044647216796875,0.00537109375,negative,False,filler_position_control,2
ELS-3169-F2-interaction-N2-to-E2,3169,interaction,"[{""coefficient"":1,""condition"":""F2-E2-H""},{""coefficient"":-1,""condition"":""F2-E2-O""},{""coefficient"":-1,""condition"":""F2-N2-H""},{""coefficient"":1,""condition"":""F2-N2-O""}]",original/answer_mean,-0.01488291422526089,0.00537109375,negative,False,filler_position_control,2
ELS-3169-F2-interaction-N2-to-E2,3169,interaction,"[{""coefficient"":1,""condition"":""F2-E2-H""},{""coefficient"":-1,""condition"":""F2-E2-O""},{""coefficient"":-1,""condition"":""F2-N2-H""},{""coefficient"":1,""condition"":""F2-N2-O""}]",original/total_with_eos,-0.044647216796875,0.00537109375,negative,False,filler_position_control,2
ELS-3169-F2-interaction-N2-to-E2,3169,interaction,"[{""coefficient"":1,""condition"":""F2-E2-H""},{""coefficient"":-1,""condition"":""F2-E2-O""},{""coefficient"":-1,""condition"":""F2-N2-H""},{""coefficient"":1,""condition"":""F2-N2-O""}]",original/mean_with_eos,-0.0111621220906577,0.00537109375,negative,False,filler_position_control,2
ELS-3169-F2-interaction-N2-to-E2,3169,interaction,"[{""coefficient"":1,""condition"":""F2-E2-H""},{""coefficient"":-1,""condition"":""F2-E2-O""},{""coefficient"":-1,""condition"":""F2-N2-H""},{""coefficient"":1,""condition"":""F2-N2-O""}]",ab_forward/answer_sum,0.08393478393554688,0.00537109375,positive,False,filler_position_control,2
ELS-3169-F2-interaction-N2-to-E2,3169,interaction,"[{""coefficient"":1,""condition"":""F2-E2-H""},{""coefficient"":-1,""condition"":""F2-E2-O""},{""coefficient"":-1,""condition"":""F2-N2-H""},{""coefficient"":1,""condition"":""F2-N2-O""}]",ab_forward/answer_mean,0.04196739196777344,0.00537109375,positive,False,filler_position_control,2
ELS-3169-F2-interaction-N2-to-E2,3169,interaction,"[{""coefficient"":1,""condition"":""F2-E2-H""},{""coefficient"":-1,""condition"":""F2-E2-O""},{""coefficient"":-1,""condition"":""F2-N2-H""},{""coefficient"":1,""condition"":""F2-N2-O""}]",ab_forward/total_with_eos,0.08393478393554688,0.00537109375,positive,False,filler_position_control,2
ELS-3169-F2-interaction-N2-to-E2,3169,interaction,"[{""coefficient"":1,""condition"":""F2-E2-H""},{""coefficient"":-1,""condition"":""F2-E2-O""},{""coefficient"":-1,""condition"":""F2-N2-H""},{""coefficient"":1,""condition"":""F2-N2-O""}]",ab_forward/mean_with_eos,0.02797826131184955,0.00537109375,positive,False,filler_position_control,2
ELS-3169-F2-interaction-N2-to-E2,3169,interaction,"[{""coefficient"":1,""condition"":""F2-E2-H""},{""coefficient"":-1,""condition"":""F2-E2-O""},{""coefficient"":-1,""condition"":""F2-N2-H""},{""coefficient"":1,""condition"":""F2-N2-O""}]",ab_reverse/answer_sum,0.18112564086914062,0.00537109375,positive,False,filler_position_control,2
ELS-3169-F2-interaction-N2-to-E2,3169,interaction,"[{""coefficient"":1,""condition"":""F2-E2-H""},{""coefficient"":-1,""condition"":""F2-E2-O""},{""coefficient"":-1,""condition"":""F2-N2-H""},{""coefficient"":1,""condition"":""F2-N2-O""}]",ab_reverse/answer_mean,0.09056282043457031,0.00537109375,positive,False,filler_position_control,2
ELS-3169-F2-interaction-N2-to-E2,3169,interaction,"[{""coefficient"":1,""condition"":""F2-E2-H""},{""coefficient"":-1,""condition"":""F2-E2-O""},{""coefficient"":-1,""condition"":""F2-N2-H""},{""coefficient"":1,""condition"":""F2-N2-O""}]",ab_reverse/total_with_eos,0.18112564086914062,0.00537109375,positive,False,filler_position_control,2
ELS-3169-F2-interaction-N2-to-E2,3169,interaction,"[{""coefficient"":1,""condition"":""F2-E2-H""},{""coefficient"":-1,""condition"":""F2-E2-O""},{""coefficient"":-1,""condition"":""F2-N2-H""},{""coefficient"":1,""condition"":""F2-N2-O""}]",ab_reverse/mean_with_eos,0.060375213623046875,0.00537109375,positive,False,filler_position_control,2
ELS-3169-F2-interaction-N2-to-E2,3169,interaction,"[{""coefficient"":1,""condition"":""F2-E2-H""},{""coefficient"":-1,""condition"":""F2-E2-O""},{""coefficient"":-1,""condition"":""F2-N2-H""},{""coefficient"":1,""condition"":""F2-N2-O""}]",ncc,-0.04077996321341537,0.0107421875,negative,False,filler_position_control,2
ELS-3169-F2-interaction-N2-to-E2,3169,interaction,"[{""coefficient"":1,""condition"":""F2-E2-H""},{""coefficient"":-1,""condition"":""F2-E2-O""},{""coefficient"":-1,""condition"":""F2-N2-H""},{""coefficient"":1,""condition"":""F2-N2-O""}]",background,0.02589704898815448,0.00537109375,positive,False,filler_position_control,2
ELS-3169-F2-interaction-N2-to-E2,3169,interaction,"[{""coefficient"":1,""condition"":""F2-E2-H""},{""coefficient"":-1,""condition"":""F2-E2-O""},{""coefficient"":-1,""condition"":""F2-N2-H""},{""coefficient"":1,""condition"":""F2-N2-O""}]",ab_symmetric_sum,0.13253021240234375,0.00537109375,positive,False,filler_position_control,2
ELS-3169-F2-interaction-N2-to-E2,3169,interaction,"[{""coefficient"":1,""condition"":""F2-E2-H""},{""coefficient"":-1,""condition"":""F2-E2-O""},{""coefficient"":-1,""condition"":""F2-N2-H""},{""coefficient"":1,""condition"":""F2-N2-O""}]",ab_mapping_gap_sum,-0.09719085693359375,0.0107421875,negative,False,filler_position_control,2
ELS-3169-F2-common_shift-N2-to-E2,3169,common_shift,"[{""coefficient"":0.5,""condition"":""F2-E2-H""},{""coefficient"":0.5,""condition"":""F2-E2-O""},{""coefficient"":-0.5,""condition"":""F2-N2-H""},{""coefficient"":-0.5,""condition"":""F2-N2-O""}]",original/answer_sum,-1.0310211181640625,0.002685546875,negative,False,filler_position_control,2
ELS-3169-F2-common_shift-N2-to-E2,3169,common_shift,"[{""coefficient"":0.5,""condition"":""F2-E2-H""},{""coefficient"":0.5,""condition"":""F2-E2-O""},{""coefficient"":-0.5,""condition"":""F2-N2-H""},{""coefficient"":-0.5,""condition"":""F2-N2-O""}]",original/answer_mean,-0.3436734517415365,0.002685546875,negative,False,filler_position_control,2
ELS-3169-F2-common_shift-N2-to-E2,3169,common_shift,"[{""coefficient"":0.5,""condition"":""F2-E2-H""},{""coefficient"":0.5,""condition"":""F2-E2-O""},{""coefficient"":-0.5,""condition"":""F2-N2-H""},{""coefficient"":-0.5,""condition"":""F2-N2-O""}]",original/total_with_eos,-1.0310211181640625,0.002685546875,negative,False,filler_position_control,2
ELS-3169-F2-common_shift-N2-to-E2,3169,common_shift,"[{""coefficient"":0.5,""condition"":""F2-E2-H""},{""coefficient"":0.5,""condition"":""F2-E2-O""},{""coefficient"":-0.5,""condition"":""F2-N2-H""},{""coefficient"":-0.5,""condition"":""F2-N2-O""}]",original/mean_with_eos,-0.25775512059529615,0.002685546875,negative,False,filler_position_control,2
ELS-3169-F2-common_shift-N2-to-E2,3169,common_shift,"[{""coefficient"":0.5,""condition"":""F2-E2-H""},{""coefficient"":0.5,""condition"":""F2-E2-O""},{""coefficient"":-0.5,""condition"":""F2-N2-H""},{""coefficient"":-0.5,""condition"":""F2-N2-O""}]",ab_forward/answer_sum,0.30498695373535156,0.002685546875,positive,False,filler_position_control,2
ELS-3169-F2-common_shift-N2-to-E2,3169,common_shift,"[{""coefficient"":0.5,""condition"":""F2-E2-H""},{""coefficient"":0.5,""condition"":""F2-E2-O""},{""coefficient"":-0.5,""condition"":""F2-N2-H""},{""coefficient"":-0.5,""condition"":""F2-N2-O""}]",ab_forward/answer_mean,0.15249347686767578,0.002685546875,positive,False,filler_position_control,2
ELS-3169-F2-common_shift-N2-to-E2,3169,common_shift,"[{""coefficient"":0.5,""condition"":""F2-E2-H""},{""coefficient"":0.5,""condition"":""F2-E2-O""},{""coefficient"":-0.5,""condition"":""F2-N2-H""},{""coefficient"":-0.5,""condition"":""F2-N2-O""}]",ab_forward/total_with_eos,0.30498695373535156,0.002685546875,positive,False,filler_position_control,2
ELS-3169-F2-common_shift-N2-to-E2,3169,common_shift,"[{""coefficient"":0.5,""condition"":""F2-E2-H""},{""coefficient"":0.5,""condition"":""F2-E2-O""},{""coefficient"":-0.5,""condition"":""F2-N2-H""},{""coefficient"":-0.5,""condition"":""F2-N2-O""}]",ab_forward/mean_with_eos,0.10166231791178415,0.002685546875,positive,False,filler_position_control,2
ELS-3169-F2-common_shift-N2-to-E2,3169,common_shift,"[{""coefficient"":0.5,""condition"":""F2-E2-H""},{""coefficient"":0.5,""condition"":""F2-E2-O""},{""coefficient"":-0.5,""condition"":""F2-N2-H""},{""coefficient"":-0.5,""condition"":""F2-N2-O""}]",ab_reverse/answer_sum,0.7418575286865234,0.002685546875,positive,False,filler_position_control,2
ELS-3169-F2-common_shift-N2-to-E2,3169,common_shift,"[{""coefficient"":0.5,""condition"":""F2-E2-H""},{""coefficient"":0.5,""condition"":""F2-E2-O""},{""coefficient"":-0.5,""condition"":""F2-N2-H""},{""coefficient"":-0.5,""condition"":""F2-N2-O""}]",ab_reverse/answer_mean,0.3709287643432617,0.002685546875,positive,False,filler_position_control,2
ELS-3169-F2-common_shift-N2-to-E2,3169,common_shift,"[{""coefficient"":0.5,""condition"":""F2-E2-H""},{""coefficient"":0.5,""condition"":""F2-E2-O""},{""coefficient"":-0.5,""condition"":""F2-N2-H""},{""coefficient"":-0.5,""condition"":""F2-N2-O""}]",ab_reverse/total_with_eos,0.7418575286865234,0.002685546875,positive,False,filler_position_control,2
ELS-3169-F2-common_shift-N2-to-E2,3169,common_shift,"[{""coefficient"":0.5,""condition"":""F2-E2-H""},{""coefficient"":0.5,""condition"":""F2-E2-O""},{""coefficient"":-0.5,""condition"":""F2-N2-H""},{""coefficient"":-0.5,""condition"":""F2-N2-O""}]",ab_reverse/mean_with_eos,0.2472858428955078,0.002685546875,positive,False,filler_position_control,2
ELS-3169-F2-common_shift-N2-to-E2,3169,common_shift,"[{""coefficient"":0.5,""condition"":""F2-E2-H""},{""coefficient"":0.5,""condition"":""F2-E2-O""},{""coefficient"":-0.5,""condition"":""F2-N2-H""},{""coefficient"":-0.5,""condition"":""F2-N2-O""}]",ncc,-0.362652950478239,0.00537109375,negative,False,filler_position_control,2
ELS-3169-F2-common_shift-N2-to-E2,3169,common_shift,"[{""coefficient"":0.5,""condition"":""F2-E2-H""},{""coefficient"":0.5,""condition"":""F2-E2-O""},{""coefficient"":-0.5,""condition"":""F2-N2-H""},{""coefficient"":-0.5,""condition"":""F2-N2-O""}]",background,0.01897949873670246,0.002685546875,positive,False,filler_position_control,2
ELS-3169-F2-common_shift-N2-to-E2,3169,common_shift,"[{""coefficient"":0.5,""condition"":""F2-E2-H""},{""coefficient"":0.5,""condition"":""F2-E2-O""},{""coefficient"":-0.5,""condition"":""F2-N2-H""},{""coefficient"":-0.5,""condition"":""F2-N2-O""}]",ab_symmetric_sum,0.5234222412109375,0.002685546875,positive,False,filler_position_control,2
ELS-3169-F2-common_shift-N2-to-E2,3169,common_shift,"[{""coefficient"":0.5,""condition"":""F2-E2-H""},{""coefficient"":0.5,""condition"":""F2-E2-O""},{""coefficient"":-0.5,""condition"":""F2-N2-H""},{""coefficient"":-0.5,""condition"":""F2-N2-O""}]",ab_mapping_gap_sum,-0.4368705749511719,0.00537109375,negative,False,filler_position_control,2
ELS-3169-F2-shift_H-O-to-P1,3169,shift_H,"[{""coefficient"":1,""condition"":""F2-P1-H""},{""coefficient"":-1,""condition"":""F2-O-H""}]",original/answer_sum,-1.6082954406738281,0.002685546875,negative,False,restatement_bridge,2
ELS-3169-F2-shift_H-O-to-P1,3169,shift_H,"[{""coefficient"":1,""condition"":""F2-P1-H""},{""coefficient"":-1,""condition"":""F2-O-H""}]",original/answer_mean,-0.3660133361816406,0.002685546875,negative,False,restatement_bridge,2
ELS-3169-F2-shift_H-O-to-P1,3169,shift_H,"[{""coefficient"":1,""condition"":""F2-P1-H""},{""coefficient"":-1,""condition"":""F2-O-H""}]",original/total_with_eos,-1.6082954406738281,0.002685546875,negative,False,restatement_bridge,2
ELS-3169-F2-shift_H-O-to-P1,3169,shift_H,"[{""coefficient"":1,""condition"":""F2-P1-H""},{""coefficient"":-1,""condition"":""F2-O-H""}]",original/mean_with_eos,-0.29577064514160156,0.002685546875,negative,False,restatement_bridge,2
ELS-3169-F2-shift_H-O-to-P1,3169,shift_H,"[{""coefficient"":1,""condition"":""F2-P1-H""},{""coefficient"":-1,""condition"":""F2-O-H""}]",ab_forward/answer_sum,-3.3378677368164062,0.002685546875,negative,False,restatement_bridge,2
ELS-3169-F2-shift_H-O-to-P1,3169,shift_H,"[{""coefficient"":1,""condition"":""F2-P1-H""},{""coefficient"":-1,""condition"":""F2-O-H""}]",ab_forward/answer_mean,-1.6689338684082031,0.002685546875,negative,False,restatement_bridge,2
ELS-3169-F2-shift_H-O-to-P1,3169,shift_H,"[{""coefficient"":1,""condition"":""F2-P1-H""},{""coefficient"":-1,""condition"":""F2-O-H""}]",ab_forward/total_with_eos,-3.3378677368164062,0.002685546875,negative,False,restatement_bridge,2
ELS-3169-F2-shift_H-O-to-P1,3169,shift_H,"[{""coefficient"":1,""condition"":""F2-P1-H""},{""coefficient"":-1,""condition"":""F2-O-H""}]",ab_forward/mean_with_eos,-1.1126225789388027,0.002685546875,negative,False,restatement_bridge,2
ELS-3169-F2-shift_H-O-to-P1,3169,shift_H,"[{""coefficient"":1,""condition"":""F2-P1-H""},{""coefficient"":-1,""condition"":""F2-O-H""}]",ab_reverse/answer_sum,-2.969348907470703,0.002685546875,negative,False,restatement_bridge,2
ELS-3169-F2-shift_H-O-to-P1,3169,shift_H,"[{""coefficient"":1,""condition"":""F2-P1-H""},{""coefficient"":-1,""condition"":""F2-O-H""}]",ab_reverse/answer_mean,-1.4846744537353516,0.002685546875,negative,False,restatement_bridge,2
ELS-3169-F2-shift_H-O-to-P1,3169,shift_H,"[{""coefficient"":1,""condition"":""F2-P1-H""},{""coefficient"":-1,""condition"":""F2-O-H""}]",ab_reverse/total_with_eos,-2.969348907470703,0.002685546875,negative,False,restatement_bridge,2
ELS-3169-F2-shift_H-O-to-P1,3169,shift_H,"[{""coefficient"":1,""condition"":""F2-P1-H""},{""coefficient"":-1,""condition"":""F2-O-H""}]",ab_reverse/mean_with_eos,-0.989782969156901,0.002685546875,negative,False,restatement_bridge,2
ELS-3169-F2-shift_H-O-to-P1,3169,shift_H,"[{""coefficient"":1,""condition"":""F2-P1-H""},{""coefficient"":-1,""condition"":""F2-O-H""}]",ncc,-0.30759137070147924,0.00537109375,negative,False,restatement_bridge,2
ELS-3169-F2-shift_H-O-to-P1,3169,shift_H,"[{""coefficient"":1,""condition"":""F2-P1-H""},{""coefficient"":-1,""condition"":""F2-O-H""}]",background,-0.05842196548016165,0.002685546875,negative,False,restatement_bridge,2
ELS-3169-F2-shift_H-O-to-P1,3169,shift_H,"[{""coefficient"":1,""condition"":""F2-P1-H""},{""coefficient"":-1,""condition"":""F2-O-H""}]",ab_symmetric_sum,-3.1536083221435547,0.002685546875,negative,False,restatement_bridge,2
ELS-3169-F2-shift_H-O-to-P1,3169,shift_H,"[{""coefficient"":1,""condition"":""F2-P1-H""},{""coefficient"":-1,""condition"":""F2-O-H""}]",ab_mapping_gap_sum,-0.3685188293457031,0.00537109375,negative,False,restatement_bridge,2
ELS-3169-F2-shift_O-O-to-P1,3169,shift_O,"[{""coefficient"":1,""condition"":""F2-P1-O""},{""coefficient"":-1,""condition"":""F2-O-O""}]",original/answer_sum,-1.780792236328125,0.002685546875,negative,False,restatement_bridge,2
ELS-3169-F2-shift_O-O-to-P1,3169,shift_O,"[{""coefficient"":1,""condition"":""F2-P1-O""},{""coefficient"":-1,""condition"":""F2-O-O""}]",original/answer_mean,-0.4381734212239583,0.002685546875,negative,False,restatement_bridge,2
ELS-3169-F2-shift_O-O-to-P1,3169,shift_O,"[{""coefficient"":1,""condition"":""F2-P1-O""},{""coefficient"":-1,""condition"":""F2-O-O""}]",original/total_with_eos,-1.780792236328125,0.002685546875,negative,False,restatement_bridge,2
ELS-3169-F2-shift_O-O-to-P1,3169,shift_O,"[{""coefficient"":1,""condition"":""F2-P1-O""},{""coefficient"":-1,""condition"":""F2-O-O""}]",original/mean_with_eos,-0.3480580647786458,0.002685546875,negative,False,restatement_bridge,2
ELS-3169-F2-shift_O-O-to-P1,3169,shift_O,"[{""coefficient"":1,""condition"":""F2-P1-O""},{""coefficient"":-1,""condition"":""F2-O-O""}]",ab_forward/answer_sum,-4.893741607666016,0.002685546875,negative,False,restatement_bridge,2
ELS-3169-F2-shift_O-O-to-P1,3169,shift_O,"[{""coefficient"":1,""condition"":""F2-P1-O""},{""coefficient"":-1,""condition"":""F2-O-O""}]",ab_forward/answer_mean,-2.446870803833008,0.002685546875,negative,False,restatement_bridge,2
ELS-3169-F2-shift_O-O-to-P1,3169,shift_O,"[{""coefficient"":1,""condition"":""F2-P1-O""},{""coefficient"":-1,""condition"":""F2-O-O""}]",ab_forward/total_with_eos,-4.893741607666016,0.002685546875,negative,False,restatement_bridge,2
ELS-3169-F2-shift_O-O-to-P1,3169,shift_O,"[{""coefficient"":1,""condition"":""F2-P1-O""},{""coefficient"":-1,""condition"":""F2-O-O""}]",ab_forward/mean_with_eos,-1.6312472025553388,0.002685546875,negative,False,restatement_bridge,2
ELS-3169-F2-shift_O-O-to-P1,3169,shift_O,"[{""coefficient"":1,""condition"":""F2-P1-O""},{""coefficient"":-1,""condition"":""F2-O-O""}]",ab_reverse/answer_sum,-3.9932174682617188,0.002685546875,negative,False,restatement_bridge,2
ELS-3169-F2-shift_O-O-to-P1,3169,shift_O,"[{""coefficient"":1,""condition"":""F2-P1-O""},{""coefficient"":-1,""condition"":""F2-O-O""}]",ab_reverse/answer_mean,-1.9966087341308594,0.002685546875,negative,False,restatement_bridge,2
ELS-3169-F2-shift_O-O-to-P1,3169,shift_O,"[{""coefficient"":1,""condition"":""F2-P1-O""},{""coefficient"":-1,""condition"":""F2-O-O""}]",ab_reverse/total_with_eos,-3.9932174682617188,0.002685546875,negative,False,restatement_bridge,2
ELS-3169-F2-shift_O-O-to-P1,3169,shift_O,"[{""coefficient"":1,""condition"":""F2-P1-O""},{""coefficient"":-1,""condition"":""F2-O-O""}]",ab_reverse/mean_with_eos,-1.3310724894205728,0.002685546875,negative,False,restatement_bridge,2
ELS-3169-F2-shift_O-O-to-P1,3169,shift_O,"[{""coefficient"":1,""condition"":""F2-P1-O""},{""coefficient"":-1,""condition"":""F2-O-O""}]",ncc,-0.38129964679198025,0.00537109375,negative,False,restatement_bridge,2
ELS-3169-F2-shift_O-O-to-P1,3169,shift_O,"[{""coefficient"":1,""condition"":""F2-P1-O""},{""coefficient"":-1,""condition"":""F2-O-O""}]",background,-0.05687377443197805,0.002685546875,negative,False,restatement_bridge,2
ELS-3169-F2-shift_O-O-to-P1,3169,shift_O,"[{""coefficient"":1,""condition"":""F2-P1-O""},{""coefficient"":-1,""condition"":""F2-O-O""}]",ab_symmetric_sum,-4.443479537963867,0.002685546875,negative,False,restatement_bridge,2
ELS-3169-F2-shift_O-O-to-P1,3169,shift_O,"[{""coefficient"":1,""condition"":""F2-P1-O""},{""coefficient"":-1,""condition"":""F2-O-O""}]",ab_mapping_gap_sum,-0.9005241394042969,0.00537109375,negative,False,restatement_bridge,2
ELS-3169-F2-interaction-O-to-P1,3169,interaction,"[{""coefficient"":1,""condition"":""F2-P1-H""},{""coefficient"":-1,""condition"":""F2-P1-O""},{""coefficient"":-1,""condition"":""F2-O-H""},{""coefficient"":1,""condition"":""F2-O-O""}]",original/answer_sum,0.17249679565429688,0.00537109375,positive,False,restatement_bridge,2
ELS-3169-F2-interaction-O-to-P1,3169,interaction,"[{""coefficient"":1,""condition"":""F2-P1-H""},{""coefficient"":-1,""condition"":""F2-P1-O""},{""coefficient"":-1,""condition"":""F2-O-H""},{""coefficient"":1,""condition"":""F2-O-O""}]",original/answer_mean,0.07216008504231769,0.00537109375,positive,False,restatement_bridge,2
ELS-3169-F2-interaction-O-to-P1,3169,interaction,"[{""coefficient"":1,""condition"":""F2-P1-H""},{""coefficient"":-1,""condition"":""F2-P1-O""},{""coefficient"":-1,""condition"":""F2-O-H""},{""coefficient"":1,""condition"":""F2-O-O""}]",original/total_with_eos,0.17249679565429688,0.00537109375,positive,False,restatement_bridge,2
ELS-3169-F2-interaction-O-to-P1,3169,interaction,"[{""coefficient"":1,""condition"":""F2-P1-H""},{""coefficient"":-1,""condition"":""F2-P1-O""},{""coefficient"":-1,""condition"":""F2-O-H""},{""coefficient"":1,""condition"":""F2-O-O""}]",original/mean_with_eos,0.052287419637044266,0.00537109375,positive,False,restatement_bridge,2
ELS-3169-F2-interaction-O-to-P1,3169,interaction,"[{""coefficient"":1,""condition"":""F2-P1-H""},{""coefficient"":-1,""condition"":""F2-P1-O""},{""coefficient"":-1,""condition"":""F2-O-H""},{""coefficient"":1,""condition"":""F2-O-O""}]",ab_forward/answer_sum,1.5558738708496094,0.00537109375,positive,False,restatement_bridge,2
ELS-3169-F2-interaction-O-to-P1,3169,interaction,"[{""coefficient"":1,""condition"":""F2-P1-H""},{""coefficient"":-1,""condition"":""F2-P1-O""},{""coefficient"":-1,""condition"":""F2-O-H""},{""coefficient"":1,""condition"":""F2-O-O""}]",ab_forward/answer_mean,0.7779369354248047,0.00537109375,positive,False,restatement_bridge,2
ELS-3169-F2-interaction-O-to-P1,3169,interaction,"[{""coefficient"":1,""condition"":""F2-P1-H""},{""coefficient"":-1,""condition"":""F2-P1-O""},{""coefficient"":-1,""condition"":""F2-O-H""},{""coefficient"":1,""condition"":""F2-O-O""}]",ab_forward/total_with_eos,1.5558738708496094,0.00537109375,positive,False,restatement_bridge,2
ELS-3169-F2-interaction-O-to-P1,3169,interaction,"[{""coefficient"":1,""condition"":""F2-P1-H""},{""coefficient"":-1,""condition"":""F2-P1-O""},{""coefficient"":-1,""condition"":""F2-O-H""},{""coefficient"":1,""condition"":""F2-O-O""}]",ab_forward/mean_with_eos,0.5186246236165362,0.00537109375,positive,False,restatement_bridge,2
ELS-3169-F2-interaction-O-to-P1,3169,interaction,"[{""coefficient"":1,""condition"":""F2-P1-H""},{""coefficient"":-1,""condition"":""F2-P1-O""},{""coefficient"":-1,""condition"":""F2-O-H""},{""coefficient"":1,""condition"":""F2-O-O""}]",ab_reverse/answer_sum,1.0238685607910156,0.00537109375,positive,False,restatement_bridge,2
ELS-3169-F2-interaction-O-to-P1,3169,interaction,"[{""coefficient"":1,""condition"":""F2-P1-H""},{""coefficient"":-1,""condition"":""F2-P1-O""},{""coefficient"":-1,""condition"":""F2-O-H""},{""coefficient"":1,""condition"":""F2-O-O""}]",ab_reverse/answer_mean,0.5119342803955078,0.00537109375,positive,False,restatement_bridge,2
ELS-3169-F2-interaction-O-to-P1,3169,interaction,"[{""coefficient"":1,""condition"":""F2-P1-H""},{""coefficient"":-1,""condition"":""F2-P1-O""},{""coefficient"":-1,""condition"":""F2-O-H""},{""coefficient"":1,""condition"":""F2-O-O""}]",ab_reverse/total_with_eos,1.0238685607910156,0.00537109375,positive,False,restatement_bridge,2
ELS-3169-F2-interaction-O-to-P1,3169,interaction,"[{""coefficient"":1,""condition"":""F2-P1-H""},{""coefficient"":-1,""condition"":""F2-P1-O""},{""coefficient"":-1,""condition"":""F2-O-H""},{""coefficient"":1,""condition"":""F2-O-O""}]",ab_reverse/mean_with_eos,0.34128952026367176,0.00537109375,positive,False,restatement_bridge,2
ELS-3169-F2-interaction-O-to-P1,3169,interaction,"[{""coefficient"":1,""condition"":""F2-P1-H""},{""coefficient"":-1,""condition"":""F2-P1-O""},{""coefficient"":-1,""condition"":""F2-O-H""},{""coefficient"":1,""condition"":""F2-O-O""}]",ncc,0.07370827609050101,0.0107421875,positive,False,restatement_bridge,2
ELS-3169-F2-interaction-O-to-P1,3169,interaction,"[{""coefficient"":1,""condition"":""F2-P1-H""},{""coefficient"":-1,""condition"":""F2-P1-O""},{""coefficient"":-1,""condition"":""F2-O-H""},{""coefficient"":1,""condition"":""F2-O-O""}]",background,-0.0015481910481836003,0.00537109375,unresolved,False,restatement_bridge,2
ELS-3169-F2-interaction-O-to-P1,3169,interaction,"[{""coefficient"":1,""condition"":""F2-P1-H""},{""coefficient"":-1,""condition"":""F2-P1-O""},{""coefficient"":-1,""condition"":""F2-O-H""},{""coefficient"":1,""condition"":""F2-O-O""}]",ab_symmetric_sum,1.2898712158203125,0.00537109375,positive,False,restatement_bridge,2
ELS-3169-F2-interaction-O-to-P1,3169,interaction,"[{""coefficient"":1,""condition"":""F2-P1-H""},{""coefficient"":-1,""condition"":""F2-P1-O""},{""coefficient"":-1,""condition"":""F2-O-H""},{""coefficient"":1,""condition"":""F2-O-O""}]",ab_mapping_gap_sum,0.5320053100585938,0.0107421875,positive,False,restatement_bridge,2
ELS-3169-F2-common_shift-O-to-P1,3169,common_shift,"[{""coefficient"":0.5,""condition"":""F2-P1-H""},{""coefficient"":0.5,""condition"":""F2-P1-O""},{""coefficient"":-0.5,""condition"":""F2-O-H""},{""coefficient"":-0.5,""condition"":""F2-O-O""}]",original/answer_sum,-1.6945438385009766,0.002685546875,negative,False,restatement_bridge,2
ELS-3169-F2-common_shift-O-to-P1,3169,common_shift,"[{""coefficient"":0.5,""condition"":""F2-P1-H""},{""coefficient"":0.5,""condition"":""F2-P1-O""},{""coefficient"":-0.5,""condition"":""F2-O-H""},{""coefficient"":-0.5,""condition"":""F2-O-O""}]",original/answer_mean,-0.4020933787027995,0.002685546875,negative,False,restatement_bridge,2
ELS-3169-F2-common_shift-O-to-P1,3169,common_shift,"[{""coefficient"":0.5,""condition"":""F2-P1-H""},{""coefficient"":0.5,""condition"":""F2-P1-O""},{""coefficient"":-0.5,""condition"":""F2-O-H""},{""coefficient"":-0.5,""condition"":""F2-O-O""}]",original/total_with_eos,-1.6945438385009766,0.002685546875,negative,False,restatement_bridge,2
ELS-3169-F2-common_shift-O-to-P1,3169,common_shift,"[{""coefficient"":0.5,""condition"":""F2-P1-H""},{""coefficient"":0.5,""condition"":""F2-P1-O""},{""coefficient"":-0.5,""condition"":""F2-O-H""},{""coefficient"":-0.5,""condition"":""F2-O-O""}]",original/mean_with_eos,-0.3219143549601237,0.002685546875,negative,False,restatement_bridge,2
ELS-3169-F2-common_shift-O-to-P1,3169,common_shift,"[{""coefficient"":0.5,""condition"":""F2-P1-H""},{""coefficient"":0.5,""condition"":""F2-P1-O""},{""coefficient"":-0.5,""condition"":""F2-O-H""},{""coefficient"":-0.5,""condition"":""F2-O-O""}]",ab_forward/answer_sum,-4.115804672241211,0.002685546875,negative,False,restatement_bridge,2
ELS-3169-F2-common_shift-O-to-P1,3169,common_shift,"[{""coefficient"":0.5,""condition"":""F2-P1-H""},{""coefficient"":0.5,""condition"":""F2-P1-O""},{""coefficient"":-0.5,""condition"":""F2-O-H""},{""coefficient"":-0.5,""condition"":""F2-O-O""}]",ab_forward/answer_mean,-2.0579023361206055,0.002685546875,negative,False,restatement_bridge,2
ELS-3169-F2-common_shift-O-to-P1,3169,common_shift,"[{""coefficient"":0.5,""condition"":""F2-P1-H""},{""coefficient"":0.5,""condition"":""F2-P1-O""},{""coefficient"":-0.5,""condition"":""F2-O-H""},{""coefficient"":-0.5,""condition"":""F2-O-O""}]",ab_forward/total_with_eos,-4.115804672241211,0.002685546875,negative,False,restatement_bridge,2
ELS-3169-F2-common_shift-O-to-P1,3169,common_shift,"[{""coefficient"":0.5,""condition"":""F2-P1-H""},{""coefficient"":0.5,""condition"":""F2-P1-O""},{""coefficient"":-0.5,""condition"":""F2-O-H""},{""coefficient"":-0.5,""condition"":""F2-O-O""}]",ab_forward/mean_with_eos,-1.3719348907470708,0.002685546875,negative,False,restatement_bridge,2
ELS-3169-F2-common_shift-O-to-P1,3169,common_shift,"[{""coefficient"":0.5,""condition"":""F2-P1-H""},{""coefficient"":0.5,""condition"":""F2-P1-O""},{""coefficient"":-0.5,""condition"":""F2-O-H""},{""coefficient"":-0.5,""condition"":""F2-O-O""}]",ab_reverse/answer_sum,-3.481283187866211,0.002685546875,negative,False,restatement_bridge,2
ELS-3169-F2-common_shift-O-to-P1,3169,common_shift,"[{""coefficient"":0.5,""condition"":""F2-P1-H""},{""coefficient"":0.5,""condition"":""F2-P1-O""},{""coefficient"":-0.5,""condition"":""F2-O-H""},{""coefficient"":-0.5,""condition"":""F2-O-O""}]",ab_reverse/answer_mean,-1.7406415939331055,0.002685546875,negative,False,restatement_bridge,2
ELS-3169-F2-common_shift-O-to-P1,3169,common_shift,"[{""coefficient"":0.5,""condition"":""F2-P1-H""},{""coefficient"":0.5,""condition"":""F2-P1-O""},{""coefficient"":-0.5,""condition"":""F2-O-H""},{""coefficient"":-0.5,""condition"":""F2-O-O""}]",ab_reverse/total_with_eos,-3.481283187866211,0.002685546875,negative,False,restatement_bridge,2
ELS-3169-F2-common_shift-O-to-P1,3169,common_shift,"[{""coefficient"":0.5,""condition"":""F2-P1-H""},{""coefficient"":0.5,""condition"":""F2-P1-O""},{""coefficient"":-0.5,""condition"":""F2-O-H""},{""coefficient"":-0.5,""condition"":""F2-O-O""}]",ab_reverse/mean_with_eos,-1.1604277292887368,0.002685546875,negative,False,restatement_bridge,2
ELS-3169-F2-common_shift-O-to-P1,3169,common_shift,"[{""coefficient"":0.5,""condition"":""F2-P1-H""},{""coefficient"":0.5,""condition"":""F2-P1-O""},{""coefficient"":-0.5,""condition"":""F2-O-H""},{""coefficient"":-0.5,""condition"":""F2-O-O""}]",ncc,-0.34444550874672974,0.00537109375,negative,False,restatement_bridge,2
ELS-3169-F2-common_shift-O-to-P1,3169,common_shift,"[{""coefficient"":0.5,""condition"":""F2-P1-H""},{""coefficient"":0.5,""condition"":""F2-P1-O""},{""coefficient"":-0.5,""condition"":""F2-O-H""},{""coefficient"":-0.5,""condition"":""F2-O-O""}]",background,-0.05764786995606985,0.002685546875,negative,False,restatement_bridge,2
ELS-3169-F2-common_shift-O-to-P1,3169,common_shift,"[{""coefficient"":0.5,""condition"":""F2-P1-H""},{""coefficient"":0.5,""condition"":""F2-P1-O""},{""coefficient"":-0.5,""condition"":""F2-O-H""},{""coefficient"":-0.5,""condition"":""F2-O-O""}]",ab_symmetric_sum,-3.798543930053711,0.002685546875,negative,False,restatement_bridge,2
ELS-3169-F2-common_shift-O-to-P1,3169,common_shift,"[{""coefficient"":0.5,""condition"":""F2-P1-H""},{""coefficient"":0.5,""condition"":""F2-P1-O""},{""coefficient"":-0.5,""condition"":""F2-O-H""},{""coefficient"":-0.5,""condition"":""F2-O-O""}]",ab_mapping_gap_sum,-0.634521484375,0.00537109375,negative,False,restatement_bridge,2
ELS-3169-F2-shift_H-O-to-P2,3169,shift_H,"[{""coefficient"":1,""condition"":""F2-P2-H""},{""coefficient"":-1,""condition"":""F2-O-H""}]",original/answer_sum,-1.610015869140625,0.002685546875,negative,False,restatement_bridge,2
ELS-3169-F2-shift_H-O-to-P2,3169,shift_H,"[{""coefficient"":1,""condition"":""F2-P2-H""},{""coefficient"":-1,""condition"":""F2-O-H""}]",original/answer_mean,-0.3636439005533854,0.002685546875,negative,False,restatement_bridge,2
ELS-3169-F2-shift_H-O-to-P2,3169,shift_H,"[{""coefficient"":1,""condition"":""F2-P2-H""},{""coefficient"":-1,""condition"":""F2-O-H""}]",original/total_with_eos,-1.610015869140625,0.002685546875,negative,False,restatement_bridge,2
ELS-3169-F2-shift_H-O-to-P2,3169,shift_H,"[{""coefficient"":1,""condition"":""F2-P2-H""},{""coefficient"":-1,""condition"":""F2-O-H""}]",original/mean_with_eos,-0.2943614323933919,0.002685546875,negative,False,restatement_bridge,2
ELS-3169-F2-shift_H-O-to-P2,3169,shift_H,"[{""coefficient"":1,""condition"":""F2-P2-H""},{""coefficient"":-1,""condition"":""F2-O-H""}]",ab_forward/answer_sum,-3.4240493774414062,0.002685546875,negative,False,restatement_bridge,2
ELS-3169-F2-shift_H-O-to-P2,3169,shift_H,"[{""coefficient"":1,""condition"":""F2-P2-H""},{""coefficient"":-1,""condition"":""F2-O-H""}]",ab_forward/answer_mean,-1.7120246887207031,0.002685546875,negative,False,restatement_bridge,2
ELS-3169-F2-shift_H-O-to-P2,3169,shift_H,"[{""coefficient"":1,""condition"":""F2-P2-H""},{""coefficient"":-1,""condition"":""F2-O-H""}]",ab_forward/total_with_eos,-3.4240493774414062,0.002685546875,negative,False,restatement_bridge,2
ELS-3169-F2-shift_H-O-to-P2,3169,shift_H,"[{""coefficient"":1,""condition"":""F2-P2-H""},{""coefficient"":-1,""condition"":""F2-O-H""}]",ab_forward/mean_with_eos,-1.1413497924804688,0.002685546875,negative,False,restatement_bridge,2
ELS-3169-F2-shift_H-O-to-P2,3169,shift_H,"[{""coefficient"":1,""condition"":""F2-P2-H""},{""coefficient"":-1,""condition"":""F2-O-H""}]",ab_reverse/answer_sum,-2.7156639099121094,0.002685546875,negative,False,restatement_bridge,2
ELS-3169-F2-shift_H-O-to-P2,3169,shift_H,"[{""coefficient"":1,""condition"":""F2-P2-H""},{""coefficient"":-1,""condition"":""F2-O-H""}]",ab_reverse/answer_mean,-1.3578319549560547,0.002685546875,negative,False,restatement_bridge,2
ELS-3169-F2-shift_H-O-to-P2,3169,shift_H,"[{""coefficient"":1,""condition"":""F2-P2-H""},{""coefficient"":-1,""condition"":""F2-O-H""}]",ab_reverse/total_with_eos,-2.7156639099121094,0.002685546875,negative,False,restatement_bridge,2
ELS-3169-F2-shift_H-O-to-P2,3169,shift_H,"[{""coefficient"":1,""condition"":""F2-P2-H""},{""coefficient"":-1,""condition"":""F2-O-H""}]",ab_reverse/mean_with_eos,-0.9052213033040364,0.002685546875,negative,False,restatement_bridge,2
ELS-3169-F2-shift_H-O-to-P2,3169,shift_H,"[{""coefficient"":1,""condition"":""F2-P2-H""},{""coefficient"":-1,""condition"":""F2-O-H""}]",ncc,-0.26188372171707597,0.00537109375,negative,False,restatement_bridge,2
ELS-3169-F2-shift_H-O-to-P2,3169,shift_H,"[{""coefficient"":1,""condition"":""F2-P2-H""},{""coefficient"":-1,""condition"":""F2-O-H""}]",background,-0.10176017883630983,0.002685546875,negative,False,restatement_bridge,2
ELS-3169-F2-shift_H-O-to-P2,3169,shift_H,"[{""coefficient"":1,""condition"":""F2-P2-H""},{""coefficient"":-1,""condition"":""F2-O-H""}]",ab_symmetric_sum,-3.069856643676758,0.002685546875,negative,False,restatement_bridge,2
ELS-3169-F2-shift_H-O-to-P2,3169,shift_H,"[{""coefficient"":1,""condition"":""F2-P2-H""},{""coefficient"":-1,""condition"":""F2-O-H""}]",ab_mapping_gap_sum,-0.7083854675292969,0.00537109375,negative,False,restatement_bridge,2
ELS-3169-F2-shift_O-O-to-P2,3169,shift_O,"[{""coefficient"":1,""condition"":""F2-P2-O""},{""coefficient"":-1,""condition"":""F2-O-O""}]",original/answer_sum,-2.0367813110351562,0.002685546875,negative,False,restatement_bridge,2
ELS-3169-F2-shift_O-O-to-P2,3169,shift_O,"[{""coefficient"":1,""condition"":""F2-P2-O""},{""coefficient"":-1,""condition"":""F2-O-O""}]",original/answer_mean,-0.49160207112630205,0.002685546875,negative,False,restatement_bridge,2
ELS-3169-F2-shift_O-O-to-P2,3169,shift_O,"[{""coefficient"":1,""condition"":""F2-P2-O""},{""coefficient"":-1,""condition"":""F2-O-O""}]",original/total_with_eos,-2.0367813110351562,0.002685546875,negative,False,restatement_bridge,2
ELS-3169-F2-shift_O-O-to-P2,3169,shift_O,"[{""coefficient"":1,""condition"":""F2-P2-O""},{""coefficient"":-1,""condition"":""F2-O-O""}]",original/mean_with_eos,-0.39211718241373694,0.002685546875,negative,False,restatement_bridge,2
ELS-3169-F2-shift_O-O-to-P2,3169,shift_O,"[{""coefficient"":1,""condition"":""F2-P2-O""},{""coefficient"":-1,""condition"":""F2-O-O""}]",ab_forward/answer_sum,-5.684856414794922,0.002685546875,negative,False,restatement_bridge,2
ELS-3169-F2-shift_O-O-to-P2,3169,shift_O,"[{""coefficient"":1,""condition"":""F2-P2-O""},{""coefficient"":-1,""condition"":""F2-O-O""}]",ab_forward/answer_mean,-2.842428207397461,0.002685546875,negative,False,restatement_bridge,2
ELS-3169-F2-shift_O-O-to-P2,3169,shift_O,"[{""coefficient"":1,""condition"":""F2-P2-O""},{""coefficient"":-1,""condition"":""F2-O-O""}]",ab_forward/total_with_eos,-5.684856414794922,0.002685546875,negative,False,restatement_bridge,2
ELS-3169-F2-shift_O-O-to-P2,3169,shift_O,"[{""coefficient"":1,""condition"":""F2-P2-O""},{""coefficient"":-1,""condition"":""F2-O-O""}]",ab_forward/mean_with_eos,-1.8949521382649746,0.002685546875,negative,False,restatement_bridge,2
ELS-3169-F2-shift_O-O-to-P2,3169,shift_O,"[{""coefficient"":1,""condition"":""F2-P2-O""},{""coefficient"":-1,""condition"":""F2-O-O""}]",ab_reverse/answer_sum,-3.8972320556640625,0.002685546875,negative,False,restatement_bridge,2
ELS-3169-F2-shift_O-O-to-P2,3169,shift_O,"[{""coefficient"":1,""condition"":""F2-P2-O""},{""coefficient"":-1,""condition"":""F2-O-O""}]",ab_reverse/answer_mean,-1.9486160278320312,0.002685546875,negative,False,restatement_bridge,2
ELS-3169-F2-shift_O-O-to-P2,3169,shift_O,"[{""coefficient"":1,""condition"":""F2-P2-O""},{""coefficient"":-1,""condition"":""F2-O-O""}]",ab_reverse/total_with_eos,-3.8972320556640625,0.002685546875,negative,False,restatement_bridge,2
ELS-3169-F2-shift_O-O-to-P2,3169,shift_O,"[{""coefficient"":1,""condition"":""F2-P2-O""},{""coefficient"":-1,""condition"":""F2-O-O""}]",ab_reverse/mean_with_eos,-1.2990773518880208,0.002685546875,negative,False,restatement_bridge,2
ELS-3169-F2-shift_O-O-to-P2,3169,shift_O,"[{""coefficient"":1,""condition"":""F2-P2-O""},{""coefficient"":-1,""condition"":""F2-O-O""}]",ncc,-0.41083667920918776,0.00537109375,negative,False,restatement_bridge,2
ELS-3169-F2-shift_O-O-to-P2,3169,shift_O,"[{""coefficient"":1,""condition"":""F2-P2-O""},{""coefficient"":-1,""condition"":""F2-O-O""}]",background,-0.0807653919171143,0.002685546875,negative,False,restatement_bridge,2
ELS-3169-F2-shift_O-O-to-P2,3169,shift_O,"[{""coefficient"":1,""condition"":""F2-P2-O""},{""coefficient"":-1,""condition"":""F2-O-O""}]",ab_symmetric_sum,-4.791044235229492,0.002685546875,negative,False,restatement_bridge,2
ELS-3169-F2-shift_O-O-to-P2,3169,shift_O,"[{""coefficient"":1,""condition"":""F2-P2-O""},{""coefficient"":-1,""condition"":""F2-O-O""}]",ab_mapping_gap_sum,-1.7876243591308594,0.00537109375,negative,False,restatement_bridge,2
ELS-3169-F2-interaction-O-to-P2,3169,interaction,"[{""coefficient"":1,""condition"":""F2-P2-H""},{""coefficient"":-1,""condition"":""F2-P2-O""},{""coefficient"":-1,""condition"":""F2-O-H""},{""coefficient"":1,""condition"":""F2-O-O""}]",original/answer_sum,0.42676544189453125,0.00537109375,positive,False,restatement_bridge,2
ELS-3169-F2-interaction-O-to-P2,3169,interaction,"[{""coefficient"":1,""condition"":""F2-P2-H""},{""coefficient"":-1,""condition"":""F2-P2-O""},{""coefficient"":-1,""condition"":""F2-O-H""},{""coefficient"":1,""condition"":""F2-O-O""}]",original/answer_mean,0.12795817057291664,0.00537109375,positive,False,restatement_bridge,2
ELS-3169-F2-interaction-O-to-P2,3169,interaction,"[{""coefficient"":1,""condition"":""F2-P2-H""},{""coefficient"":-1,""condition"":""F2-P2-O""},{""coefficient"":-1,""condition"":""F2-O-H""},{""coefficient"":1,""condition"":""F2-O-O""}]",original/total_with_eos,0.42676544189453125,0.00537109375,positive,False,restatement_bridge,2
ELS-3169-F2-interaction-O-to-P2,3169,interaction,"[{""coefficient"":1,""condition"":""F2-P2-H""},{""coefficient"":-1,""condition"":""F2-P2-O""},{""coefficient"":-1,""condition"":""F2-O-H""},{""coefficient"":1,""condition"":""F2-O-O""}]",original/mean_with_eos,0.09775575002034505,0.00537109375,positive,False,restatement_bridge,2
ELS-3169-F2-interaction-O-to-P2,3169,interaction,"[{""coefficient"":1,""condition"":""F2-P2-H""},{""coefficient"":-1,""condition"":""F2-P2-O""},{""coefficient"":-1,""condition"":""F2-O-H""},{""coefficient"":1,""condition"":""F2-O-O""}]",ab_forward/answer_sum,2.2608070373535156,0.00537109375,positive,False,restatement_bridge,2
ELS-3169-F2-interaction-O-to-P2,3169,interaction,"[{""coefficient"":1,""condition"":""F2-P2-H""},{""coefficient"":-1,""condition"":""F2-P2-O""},{""coefficient"":-1,""condition"":""F2-O-H""},{""coefficient"":1,""condition"":""F2-O-O""}]",ab_forward/answer_mean,1.1304035186767578,0.00537109375,positive,False,restatement_bridge,2
ELS-3169-F2-interaction-O-to-P2,3169,interaction,"[{""coefficient"":1,""condition"":""F2-P2-H""},{""coefficient"":-1,""condition"":""F2-P2-O""},{""coefficient"":-1,""condition"":""F2-O-H""},{""coefficient"":1,""condition"":""F2-O-O""}]",ab_forward/total_with_eos,2.2608070373535156,0.00537109375,positive,False,restatement_bridge,2
ELS-3169-F2-interaction-O-to-P2,3169,interaction,"[{""coefficient"":1,""condition"":""F2-P2-H""},{""coefficient"":-1,""condition"":""F2-P2-O""},{""coefficient"":-1,""condition"":""F2-O-H""},{""coefficient"":1,""condition"":""F2-O-O""}]",ab_forward/mean_with_eos,0.7536023457845058,0.00537109375,positive,False,restatement_bridge,2
ELS-3169-F2-interaction-O-to-P2,3169,interaction,"[{""coefficient"":1,""condition"":""F2-P2-H""},{""coefficient"":-1,""condition"":""F2-P2-O""},{""coefficient"":-1,""condition"":""F2-O-H""},{""coefficient"":1,""condition"":""F2-O-O""}]",ab_reverse/answer_sum,1.1815681457519531,0.00537109375,positive,False,restatement_bridge,2
ELS-3169-F2-interaction-O-to-P2,3169,interaction,"[{""coefficient"":1,""condition"":""F2-P2-H""},{""coefficient"":-1,""condition"":""F2-P2-O""},{""coefficient"":-1,""condition"":""F2-O-H""},{""coefficient"":1,""condition"":""F2-O-O""}]",ab_reverse/answer_mean,0.5907840728759766,0.00537109375,positive,False,restatement_bridge,2
ELS-3169-F2-interaction-O-to-P2,3169,interaction,"[{""coefficient"":1,""condition"":""F2-P2-H""},{""coefficient"":-1,""condition"":""F2-P2-O""},{""coefficient"":-1,""condition"":""F2-O-H""},{""coefficient"":1,""condition"":""F2-O-O""}]",ab_reverse/total_with_eos,1.1815681457519531,0.00537109375,positive,False,restatement_bridge,2
ELS-3169-F2-interaction-O-to-P2,3169,interaction,"[{""coefficient"":1,""condition"":""F2-P2-H""},{""coefficient"":-1,""condition"":""F2-P2-O""},{""coefficient"":-1,""condition"":""F2-O-H""},{""coefficient"":1,""condition"":""F2-O-O""}]",ab_reverse/mean_with_eos,0.3938560485839844,0.00537109375,positive,False,restatement_bridge,2
ELS-3169-F2-interaction-O-to-P2,3169,interaction,"[{""coefficient"":1,""condition"":""F2-P2-H""},{""coefficient"":-1,""condition"":""F2-P2-O""},{""coefficient"":-1,""condition"":""F2-O-H""},{""coefficient"":1,""condition"":""F2-O-O""}]",ncc,0.1489529574921118,0.0107421875,positive,False,restatement_bridge,2
ELS-3169-F2-interaction-O-to-P2,3169,interaction,"[{""coefficient"":1,""condition"":""F2-P2-H""},{""coefficient"":-1,""condition"":""F2-P2-O""},{""coefficient"":-1,""condition"":""F2-O-H""},{""coefficient"":1,""condition"":""F2-O-O""}]",background,-0.02099478691919554,0.00537109375,negative,False,restatement_bridge,2
ELS-3169-F2-interaction-O-to-P2,3169,interaction,"[{""coefficient"":1,""condition"":""F2-P2-H""},{""coefficient"":-1,""condition"":""F2-P2-O""},{""coefficient"":-1,""condition"":""F2-O-H""},{""coefficient"":1,""condition"":""F2-O-O""}]",ab_symmetric_sum,1.7211875915527344,0.00537109375,positive,False,restatement_bridge,2
ELS-3169-F2-interaction-O-to-P2,3169,interaction,"[{""coefficient"":1,""condition"":""F2-P2-H""},{""coefficient"":-1,""condition"":""F2-P2-O""},{""coefficient"":-1,""condition"":""F2-O-H""},{""coefficient"":1,""condition"":""F2-O-O""}]",ab_mapping_gap_sum,1.0792388916015625,0.0107421875,positive,False,restatement_bridge,2
ELS-3169-F2-common_shift-O-to-P2,3169,common_shift,"[{""coefficient"":0.5,""condition"":""F2-P2-H""},{""coefficient"":0.5,""condition"":""F2-P2-O""},{""coefficient"":-0.5,""condition"":""F2-O-H""},{""coefficient"":-0.5,""condition"":""F2-O-O""}]",original/answer_sum,-1.8233985900878906,0.002685546875,negative,False,restatement_bridge,2
ELS-3169-F2-common_shift-O-to-P2,3169,common_shift,"[{""coefficient"":0.5,""condition"":""F2-P2-H""},{""coefficient"":0.5,""condition"":""F2-P2-O""},{""coefficient"":-0.5,""condition"":""F2-O-H""},{""coefficient"":-0.5,""condition"":""F2-O-O""}]",original/answer_mean,-0.4276229858398437,0.002685546875,negative,False,restatement_bridge,2
ELS-3169-F2-common_shift-O-to-P2,3169,common_shift,"[{""coefficient"":0.5,""condition"":""F2-P2-H""},{""coefficient"":0.5,""condition"":""F2-P2-O""},{""coefficient"":-0.5,""condition"":""F2-O-H""},{""coefficient"":-0.5,""condition"":""F2-O-O""}]",original/total_with_eos,-1.8233985900878906,0.002685546875,negative,False,restatement_bridge,2
ELS-3169-F2-common_shift-O-to-P2,3169,common_shift,"[{""coefficient"":0.5,""condition"":""F2-P2-H""},{""coefficient"":0.5,""condition"":""F2-P2-O""},{""coefficient"":-0.5,""condition"":""F2-O-H""},{""coefficient"":-0.5,""condition"":""F2-O-O""}]",original/mean_with_eos,-0.34323930740356445,0.002685546875,negative,False,restatement_bridge,2
ELS-3169-F2-common_shift-O-to-P2,3169,common_shift,"[{""coefficient"":0.5,""condition"":""F2-P2-H""},{""coefficient"":0.5,""condition"":""F2-P2-O""},{""coefficient"":-0.5,""condition"":""F2-O-H""},{""coefficient"":-0.5,""condition"":""F2-O-O""}]",ab_forward/answer_sum,-4.554452896118164,0.002685546875,negative,False,restatement_bridge,2
ELS-3169-F2-common_shift-O-to-P2,3169,common_shift,"[{""coefficient"":0.5,""condition"":""F2-P2-H""},{""coefficient"":0.5,""condition"":""F2-P2-O""},{""coefficient"":-0.5,""condition"":""F2-O-H""},{""coefficient"":-0.5,""condition"":""F2-O-O""}]",ab_forward/answer_mean,-2.277226448059082,0.002685546875,negative,False,restatement_bridge,2
ELS-3169-F2-common_shift-O-to-P2,3169,common_shift,"[{""coefficient"":0.5,""condition"":""F2-P2-H""},{""coefficient"":0.5,""condition"":""F2-P2-O""},{""coefficient"":-0.5,""condition"":""F2-O-H""},{""coefficient"":-0.5,""condition"":""F2-O-O""}]",ab_forward/total_with_eos,-4.554452896118164,0.002685546875,negative,False,restatement_bridge,2
ELS-3169-F2-common_shift-O-to-P2,3169,common_shift,"[{""coefficient"":0.5,""condition"":""F2-P2-H""},{""coefficient"":0.5,""condition"":""F2-P2-O""},{""coefficient"":-0.5,""condition"":""F2-O-H""},{""coefficient"":-0.5,""condition"":""F2-O-O""}]",ab_forward/mean_with_eos,-1.5181509653727217,0.002685546875,negative,False,restatement_bridge,2
ELS-3169-F2-common_shift-O-to-P2,3169,common_shift,"[{""coefficient"":0.5,""condition"":""F2-P2-H""},{""coefficient"":0.5,""condition"":""F2-P2-O""},{""coefficient"":-0.5,""condition"":""F2-O-H""},{""coefficient"":-0.5,""condition"":""F2-O-O""}]",ab_reverse/answer_sum,-3.306447982788086,0.002685546875,negative,False,restatement_bridge,2
ELS-3169-F2-common_shift-O-to-P2,3169,common_shift,"[{""coefficient"":0.5,""condition"":""F2-P2-H""},{""coefficient"":0.5,""condition"":""F2-P2-O""},{""coefficient"":-0.5,""condition"":""F2-O-H""},{""coefficient"":-0.5,""condition"":""F2-O-O""}]",ab_reverse/answer_mean,-1.653223991394043,0.002685546875,negative,False,restatement_bridge,2
ELS-3169-F2-common_shift-O-to-P2,3169,common_shift,"[{""coefficient"":0.5,""condition"":""F2-P2-H""},{""coefficient"":0.5,""condition"":""F2-P2-O""},{""coefficient"":-0.5,""condition"":""F2-O-H""},{""coefficient"":-0.5,""condition"":""F2-O-O""}]",ab_reverse/total_with_eos,-3.306447982788086,0.002685546875,negative,False,restatement_bridge,2
ELS-3169-F2-common_shift-O-to-P2,3169,common_shift,"[{""coefficient"":0.5,""condition"":""F2-P2-H""},{""coefficient"":0.5,""condition"":""F2-P2-O""},{""coefficient"":-0.5,""condition"":""F2-O-H""},{""coefficient"":-0.5,""condition"":""F2-O-O""}]",ab_reverse/mean_with_eos,-1.1021493275960286,0.002685546875,negative,False,restatement_bridge,2
ELS-3169-F2-common_shift-O-to-P2,3169,common_shift,"[{""coefficient"":0.5,""condition"":""F2-P2-H""},{""coefficient"":0.5,""condition"":""F2-P2-O""},{""coefficient"":-0.5,""condition"":""F2-O-H""},{""coefficient"":-0.5,""condition"":""F2-O-O""}]",ncc,-0.33636020046313186,0.00537109375,negative,False,restatement_bridge,2
ELS-3169-F2-common_shift-O-to-P2,3169,common_shift,"[{""coefficient"":0.5,""condition"":""F2-P2-H""},{""coefficient"":0.5,""condition"":""F2-P2-O""},{""coefficient"":-0.5,""condition"":""F2-O-H""},{""coefficient"":-0.5,""condition"":""F2-O-O""}]",background,-0.09126278537671206,0.002685546875,negative,False,restatement_bridge,2
ELS-3169-F2-common_shift-O-to-P2,3169,common_shift,"[{""coefficient"":0.5,""condition"":""F2-P2-H""},{""coefficient"":0.5,""condition"":""F2-P2-O""},{""coefficient"":-0.5,""condition"":""F2-O-H""},{""coefficient"":-0.5,""condition"":""F2-O-O""}]",ab_symmetric_sum,-3.930450439453125,0.002685546875,negative,False,restatement_bridge,2
ELS-3169-F2-common_shift-O-to-P2,3169,common_shift,"[{""coefficient"":0.5,""condition"":""F2-P2-H""},{""coefficient"":0.5,""condition"":""F2-P2-O""},{""coefficient"":-0.5,""condition"":""F2-O-H""},{""coefficient"":-0.5,""condition"":""F2-O-O""}]",ab_mapping_gap_sum,-1.2480049133300781,0.00537109375,negative,False,restatement_bridge,2
ELS-3169-F2-shift_H-O-to-X1,3169,shift_H,"[{""coefficient"":1,""condition"":""F2-X1-H""},{""coefficient"":-1,""condition"":""F2-O-H""}]",original/answer_sum,0.0306396484375,0.002685546875,positive,False,scope_total_bridge,2
ELS-3169-F2-shift_H-O-to-X1,3169,shift_H,"[{""coefficient"":1,""condition"":""F2-X1-H""},{""coefficient"":-1,""condition"":""F2-O-H""}]",original/answer_mean,0.010158284505208337,0.002685546875,positive,False,scope_total_bridge,2
ELS-3169-F2-shift_H-O-to-X1,3169,shift_H,"[{""coefficient"":1,""condition"":""F2-X1-H""},{""coefficient"":-1,""condition"":""F2-O-H""}]",original/total_with_eos,0.0306396484375,0.002685546875,positive,False,scope_total_bridge,2
ELS-3169-F2-shift_H-O-to-X1,3169,shift_H,"[{""coefficient"":1,""condition"":""F2-X1-H""},{""coefficient"":-1,""condition"":""F2-O-H""}]",original/mean_with_eos,0.007625579833984375,0.002685546875,positive,False,scope_total_bridge,2
ELS-3169-F2-shift_H-O-to-X1,3169,shift_H,"[{""coefficient"":1,""condition"":""F2-X1-H""},{""coefficient"":-1,""condition"":""F2-O-H""}]",ab_forward/answer_sum,2.233978271484375,0.002685546875,positive,False,scope_total_bridge,2
ELS-3169-F2-shift_H-O-to-X1,3169,shift_H,"[{""coefficient"":1,""condition"":""F2-X1-H""},{""coefficient"":-1,""condition"":""F2-O-H""}]",ab_forward/answer_mean,1.1169891357421875,0.002685546875,positive,False,scope_total_bridge,2
ELS-3169-F2-shift_H-O-to-X1,3169,shift_H,"[{""coefficient"":1,""condition"":""F2-X1-H""},{""coefficient"":-1,""condition"":""F2-O-H""}]",ab_forward/total_with_eos,2.233978271484375,0.002685546875,positive,False,scope_total_bridge,2
ELS-3169-F2-shift_H-O-to-X1,3169,shift_H,"[{""coefficient"":1,""condition"":""F2-X1-H""},{""coefficient"":-1,""condition"":""F2-O-H""}]",ab_forward/mean_with_eos,0.744659423828125,0.002685546875,positive,False,scope_total_bridge,2
ELS-3169-F2-shift_H-O-to-X1,3169,shift_H,"[{""coefficient"":1,""condition"":""F2-X1-H""},{""coefficient"":-1,""condition"":""F2-O-H""}]",ab_reverse/answer_sum,1.9202537536621094,0.002685546875,positive,False,scope_total_bridge,2
ELS-3169-F2-shift_H-O-to-X1,3169,shift_H,"[{""coefficient"":1,""condition"":""F2-X1-H""},{""coefficient"":-1,""condition"":""F2-O-H""}]",ab_reverse/answer_mean,0.9601268768310547,0.002685546875,positive,False,scope_total_bridge,2
ELS-3169-F2-shift_H-O-to-X1,3169,shift_H,"[{""coefficient"":1,""condition"":""F2-X1-H""},{""coefficient"":-1,""condition"":""F2-O-H""}]",ab_reverse/total_with_eos,1.9202537536621094,0.002685546875,positive,False,scope_total_bridge,2
ELS-3169-F2-shift_H-O-to-X1,3169,shift_H,"[{""coefficient"":1,""condition"":""F2-X1-H""},{""coefficient"":-1,""condition"":""F2-O-H""}]",ab_reverse/mean_with_eos,0.6400845845540366,0.002685546875,positive,False,scope_total_bridge,2
ELS-3169-F2-shift_H-O-to-X1,3169,shift_H,"[{""coefficient"":1,""condition"":""F2-X1-H""},{""coefficient"":-1,""condition"":""F2-O-H""}]",ncc,0.04684734926852574,0.00537109375,positive,False,scope_total_bridge,2
ELS-3169-F2-shift_H-O-to-X1,3169,shift_H,"[{""coefficient"":1,""condition"":""F2-X1-H""},{""coefficient"":-1,""condition"":""F2-O-H""}]",background,-0.03668906476331779,0.002685546875,negative,False,scope_total_bridge,2
ELS-3169-F2-shift_H-O-to-X1,3169,shift_H,"[{""coefficient"":1,""condition"":""F2-X1-H""},{""coefficient"":-1,""condition"":""F2-O-H""}]",ab_symmetric_sum,2.077116012573242,0.002685546875,positive,False,scope_total_bridge,2
ELS-3169-F2-shift_H-O-to-X1,3169,shift_H,"[{""coefficient"":1,""condition"":""F2-X1-H""},{""coefficient"":-1,""condition"":""F2-O-H""}]",ab_mapping_gap_sum,0.3137245178222656,0.00537109375,positive,False,scope_total_bridge,2
ELS-3169-F2-shift_O-O-to-X1,3169,shift_O,"[{""coefficient"":1,""condition"":""F2-X1-O""},{""coefficient"":-1,""condition"":""F2-O-O""}]",original/answer_sum,0.36102294921875,0.002685546875,positive,False,scope_total_bridge,2
ELS-3169-F2-shift_O-O-to-X1,3169,shift_O,"[{""coefficient"":1,""condition"":""F2-X1-O""},{""coefficient"":-1,""condition"":""F2-O-O""}]",original/answer_mean,0.10324249267578126,0.002685546875,positive,False,scope_total_bridge,2
ELS-3169-F2-shift_O-O-to-X1,3169,shift_O,"[{""coefficient"":1,""condition"":""F2-X1-O""},{""coefficient"":-1,""condition"":""F2-O-O""}]",original/total_with_eos,0.36102294921875,0.002685546875,positive,False,scope_total_bridge,2
ELS-3169-F2-shift_O-O-to-X1,3169,shift_O,"[{""coefficient"":1,""condition"":""F2-X1-O""},{""coefficient"":-1,""condition"":""F2-O-O""}]",original/mean_with_eos,0.07956918080647789,0.002685546875,positive,False,scope_total_bridge,2
ELS-3169-F2-shift_O-O-to-X1,3169,shift_O,"[{""coefficient"":1,""condition"":""F2-X1-O""},{""coefficient"":-1,""condition"":""F2-O-O""}]",ab_forward/answer_sum,1.8242149353027344,0.002685546875,positive,False,scope_total_bridge,2
ELS-3169-F2-shift_O-O-to-X1,3169,shift_O,"[{""coefficient"":1,""condition"":""F2-X1-O""},{""coefficient"":-1,""condition"":""F2-O-O""}]",ab_forward/answer_mean,0.9121074676513672,0.002685546875,positive,False,scope_total_bridge,2
ELS-3169-F2-shift_O-O-to-X1,3169,shift_O,"[{""coefficient"":1,""condition"":""F2-X1-O""},{""coefficient"":-1,""condition"":""F2-O-O""}]",ab_forward/total_with_eos,1.8242149353027344,0.002685546875,positive,False,scope_total_bridge,2
ELS-3169-F2-shift_O-O-to-X1,3169,shift_O,"[{""coefficient"":1,""condition"":""F2-X1-O""},{""coefficient"":-1,""condition"":""F2-O-O""}]",ab_forward/mean_with_eos,0.6080716451009112,0.002685546875,positive,False,scope_total_bridge,2
ELS-3169-F2-shift_O-O-to-X1,3169,shift_O,"[{""coefficient"":1,""condition"":""F2-X1-O""},{""coefficient"":-1,""condition"":""F2-O-O""}]",ab_reverse/answer_sum,0.38421630859375,0.002685546875,positive,False,scope_total_bridge,2
ELS-3169-F2-shift_O-O-to-X1,3169,shift_O,"[{""coefficient"":1,""condition"":""F2-X1-O""},{""coefficient"":-1,""condition"":""F2-O-O""}]",ab_reverse/answer_mean,0.192108154296875,0.002685546875,positive,False,scope_total_bridge,2
ELS-3169-F2-shift_O-O-to-X1,3169,shift_O,"[{""coefficient"":1,""condition"":""F2-X1-O""},{""coefficient"":-1,""condition"":""F2-O-O""}]",ab_reverse/total_with_eos,0.38421630859375,0.002685546875,positive,False,scope_total_bridge,2
ELS-3169-F2-shift_O-O-to-X1,3169,shift_O,"[{""coefficient"":1,""condition"":""F2-X1-O""},{""coefficient"":-1,""condition"":""F2-O-O""}]",ab_reverse/mean_with_eos,0.12807210286458348,0.002685546875,positive,False,scope_total_bridge,2
ELS-3169-F2-shift_O-O-to-X1,3169,shift_O,"[{""coefficient"":1,""condition"":""F2-X1-O""},{""coefficient"":-1,""condition"":""F2-O-O""}]",ncc,0.14260917142773843,0.00537109375,positive,False,scope_total_bridge,2
ELS-3169-F2-shift_O-O-to-X1,3169,shift_O,"[{""coefficient"":1,""condition"":""F2-X1-O""},{""coefficient"":-1,""condition"":""F2-O-O""}]",background,-0.03936667875195754,0.002685546875,negative,False,scope_total_bridge,2
ELS-3169-F2-shift_O-O-to-X1,3169,shift_O,"[{""coefficient"":1,""condition"":""F2-X1-O""},{""coefficient"":-1,""condition"":""F2-O-O""}]",ab_symmetric_sum,1.1042156219482422,0.002685546875,positive,False,scope_total_bridge,2
ELS-3169-F2-shift_O-O-to-X1,3169,shift_O,"[{""coefficient"":1,""condition"":""F2-X1-O""},{""coefficient"":-1,""condition"":""F2-O-O""}]",ab_mapping_gap_sum,1.4399986267089844,0.00537109375,positive,False,scope_total_bridge,2
ELS-3169-F2-interaction-O-to-X1,3169,interaction,"[{""coefficient"":1,""condition"":""F2-X1-H""},{""coefficient"":-1,""condition"":""F2-X1-O""},{""coefficient"":-1,""condition"":""F2-O-H""},{""coefficient"":1,""condition"":""F2-O-O""}]",original/answer_sum,-0.33038330078125,0.00537109375,negative,False,scope_total_bridge,2
ELS-3169-F2-interaction-O-to-X1,3169,interaction,"[{""coefficient"":1,""condition"":""F2-X1-H""},{""coefficient"":-1,""condition"":""F2-X1-O""},{""coefficient"":-1,""condition"":""F2-O-H""},{""coefficient"":1,""condition"":""F2-O-O""}]",original/answer_mean,-0.09308420817057292,0.00537109375,negative,False,scope_total_bridge,2
ELS-3169-F2-interaction-O-to-X1,3169,interaction,"[{""coefficient"":1,""condition"":""F2-X1-H""},{""coefficient"":-1,""condition"":""F2-X1-O""},{""coefficient"":-1,""condition"":""F2-O-H""},{""coefficient"":1,""condition"":""F2-O-O""}]",original/total_with_eos,-0.33038330078125,0.00537109375,negative,False,scope_total_bridge,2
ELS-3169-F2-interaction-O-to-X1,3169,interaction,"[{""coefficient"":1,""condition"":""F2-X1-H""},{""coefficient"":-1,""condition"":""F2-X1-O""},{""coefficient"":-1,""condition"":""F2-O-H""},{""coefficient"":1,""condition"":""F2-O-O""}]",original/mean_with_eos,-0.07194360097249351,0.00537109375,negative,False,scope_total_bridge,2
ELS-3169-F2-interaction-O-to-X1,3169,interaction,"[{""coefficient"":1,""condition"":""F2-X1-H""},{""coefficient"":-1,""condition"":""F2-X1-O""},{""coefficient"":-1,""condition"":""F2-O-H""},{""coefficient"":1,""condition"":""F2-O-O""}]",ab_forward/answer_sum,0.4097633361816406,0.00537109375,positive,False,scope_total_bridge,2
ELS-3169-F2-interaction-O-to-X1,3169,interaction,"[{""coefficient"":1,""condition"":""F2-X1-H""},{""coefficient"":-1,""condition"":""F2-X1-O""},{""coefficient"":-1,""condition"":""F2-O-H""},{""coefficient"":1,""condition"":""F2-O-O""}]",ab_forward/answer_mean,0.2048816680908203,0.00537109375,positive,False,scope_total_bridge,2
ELS-3169-F2-interaction-O-to-X1,3169,interaction,"[{""coefficient"":1,""condition"":""F2-X1-H""},{""coefficient"":-1,""condition"":""F2-X1-O""},{""coefficient"":-1,""condition"":""F2-O-H""},{""coefficient"":1,""condition"":""F2-O-O""}]",ab_forward/total_with_eos,0.4097633361816406,0.00537109375,positive,False,scope_total_bridge,2
ELS-3169-F2-interaction-O-to-X1,3169,interaction,"[{""coefficient"":1,""condition"":""F2-X1-H""},{""coefficient"":-1,""condition"":""F2-X1-O""},{""coefficient"":-1,""condition"":""F2-O-H""},{""coefficient"":1,""condition"":""F2-O-O""}]",ab_forward/mean_with_eos,0.13658777872721384,0.00537109375,positive,False,scope_total_bridge,2
ELS-3169-F2-interaction-O-to-X1,3169,interaction,"[{""coefficient"":1,""condition"":""F2-X1-H""},{""coefficient"":-1,""condition"":""F2-X1-O""},{""coefficient"":-1,""condition"":""F2-O-H""},{""coefficient"":1,""condition"":""F2-O-O""}]",ab_reverse/answer_sum,1.5360374450683594,0.00537109375,positive,False,scope_total_bridge,2
ELS-3169-F2-interaction-O-to-X1,3169,interaction,"[{""coefficient"":1,""condition"":""F2-X1-H""},{""coefficient"":-1,""condition"":""F2-X1-O""},{""coefficient"":-1,""condition"":""F2-O-H""},{""coefficient"":1,""condition"":""F2-O-O""}]",ab_reverse/answer_mean,0.7680187225341797,0.00537109375,positive,False,scope_total_bridge,2
ELS-3169-F2-interaction-O-to-X1,3169,interaction,"[{""coefficient"":1,""condition"":""F2-X1-H""},{""coefficient"":-1,""condition"":""F2-X1-O""},{""coefficient"":-1,""condition"":""F2-O-H""},{""coefficient"":1,""condition"":""F2-O-O""}]",ab_reverse/total_with_eos,1.5360374450683594,0.00537109375,positive,False,scope_total_bridge,2
ELS-3169-F2-interaction-O-to-X1,3169,interaction,"[{""coefficient"":1,""condition"":""F2-X1-H""},{""coefficient"":-1,""condition"":""F2-X1-O""},{""coefficient"":-1,""condition"":""F2-O-H""},{""coefficient"":1,""condition"":""F2-O-O""}]",ab_reverse/mean_with_eos,0.5120124816894531,0.00537109375,positive,False,scope_total_bridge,2
ELS-3169-F2-interaction-O-to-X1,3169,interaction,"[{""coefficient"":1,""condition"":""F2-X1-H""},{""coefficient"":-1,""condition"":""F2-X1-O""},{""coefficient"":-1,""condition"":""F2-O-H""},{""coefficient"":1,""condition"":""F2-O-O""}]",ncc,-0.0957618221592127,0.0107421875,negative,False,scope_total_bridge,2
ELS-3169-F2-interaction-O-to-X1,3169,interaction,"[{""coefficient"":1,""condition"":""F2-X1-H""},{""coefficient"":-1,""condition"":""F2-X1-O""},{""coefficient"":-1,""condition"":""F2-O-H""},{""coefficient"":1,""condition"":""F2-O-O""}]",background,0.0026776139886397488,0.00537109375,unresolved,False,scope_total_bridge,2
ELS-3169-F2-interaction-O-to-X1,3169,interaction,"[{""coefficient"":1,""condition"":""F2-X1-H""},{""coefficient"":-1,""condition"":""F2-X1-O""},{""coefficient"":-1,""condition"":""F2-O-H""},{""coefficient"":1,""condition"":""F2-O-O""}]",ab_symmetric_sum,0.972900390625,0.00537109375,positive,False,scope_total_bridge,2
ELS-3169-F2-interaction-O-to-X1,3169,interaction,"[{""coefficient"":1,""condition"":""F2-X1-H""},{""coefficient"":-1,""condition"":""F2-X1-O""},{""coefficient"":-1,""condition"":""F2-O-H""},{""coefficient"":1,""condition"":""F2-O-O""}]",ab_mapping_gap_sum,-1.1262741088867188,0.0107421875,negative,False,scope_total_bridge,2
ELS-3169-F2-common_shift-O-to-X1,3169,common_shift,"[{""coefficient"":0.5,""condition"":""F2-X1-H""},{""coefficient"":0.5,""condition"":""F2-X1-O""},{""coefficient"":-0.5,""condition"":""F2-O-H""},{""coefficient"":-0.5,""condition"":""F2-O-O""}]",original/answer_sum,0.195831298828125,0.002685546875,positive,False,scope_total_bridge,2
ELS-3169-F2-common_shift-O-to-X1,3169,common_shift,"[{""coefficient"":0.5,""condition"":""F2-X1-H""},{""coefficient"":0.5,""condition"":""F2-X1-O""},{""coefficient"":-0.5,""condition"":""F2-O-H""},{""coefficient"":-0.5,""condition"":""F2-O-O""}]",original/answer_mean,0.056700388590494796,0.002685546875,positive,False,scope_total_bridge,2
ELS-3169-F2-common_shift-O-to-X1,3169,common_shift,"[{""coefficient"":0.5,""condition"":""F2-X1-H""},{""coefficient"":0.5,""condition"":""F2-X1-O""},{""coefficient"":-0.5,""condition"":""F2-O-H""},{""coefficient"":-0.5,""condition"":""F2-O-O""}]",original/total_with_eos,0.195831298828125,0.002685546875,positive,False,scope_total_bridge,2
ELS-3169-F2-common_shift-O-to-X1,3169,common_shift,"[{""coefficient"":0.5,""condition"":""F2-X1-H""},{""coefficient"":0.5,""condition"":""F2-X1-O""},{""coefficient"":-0.5,""condition"":""F2-O-H""},{""coefficient"":-0.5,""condition"":""F2-O-O""}]",original/mean_with_eos,0.04359738032023113,0.002685546875,positive,False,scope_total_bridge,2
ELS-3169-F2-common_shift-O-to-X1,3169,common_shift,"[{""coefficient"":0.5,""condition"":""F2-X1-H""},{""coefficient"":0.5,""condition"":""F2-X1-O""},{""coefficient"":-0.5,""condition"":""F2-O-H""},{""coefficient"":-0.5,""condition"":""F2-O-O""}]",ab_forward/answer_sum,2.0290966033935547,0.002685546875,positive,False,scope_total_bridge,2
ELS-3169-F2-common_shift-O-to-X1,3169,common_shift,"[{""coefficient"":0.5,""condition"":""F2-X1-H""},{""coefficient"":0.5,""condition"":""F2-X1-O""},{""coefficient"":-0.5,""condition"":""F2-O-H""},{""coefficient"":-0.5,""condition"":""F2-O-O""}]",ab_forward/answer_mean,1.0145483016967773,0.002685546875,positive,False,scope_total_bridge,2
ELS-3169-F2-common_shift-O-to-X1,3169,common_shift,"[{""coefficient"":0.5,""condition"":""F2-X1-H""},{""coefficient"":0.5,""condition"":""F2-X1-O""},{""coefficient"":-0.5,""condition"":""F2-O-H""},{""coefficient"":-0.5,""condition"":""F2-O-O""}]",ab_forward/total_with_eos,2.0290966033935547,0.002685546875,positive,False,scope_total_bridge,2
ELS-3169-F2-common_shift-O-to-X1,3169,common_shift,"[{""coefficient"":0.5,""condition"":""F2-X1-H""},{""coefficient"":0.5,""condition"":""F2-X1-O""},{""coefficient"":-0.5,""condition"":""F2-O-H""},{""coefficient"":-0.5,""condition"":""F2-O-O""}]",ab_forward/mean_with_eos,0.6763655344645181,0.002685546875,positive,False,scope_total_bridge,2
ELS-3169-F2-common_shift-O-to-X1,3169,common_shift,"[{""coefficient"":0.5,""condition"":""F2-X1-H""},{""coefficient"":0.5,""condition"":""F2-X1-O""},{""coefficient"":-0.5,""condition"":""F2-O-H""},{""coefficient"":-0.5,""condition"":""F2-O-O""}]",ab_reverse/answer_sum,1.1522350311279297,0.002685546875,positive,False,scope_total_bridge,2
ELS-3169-F2-common_shift-O-to-X1,3169,common_shift,"[{""coefficient"":0.5,""condition"":""F2-X1-H""},{""coefficient"":0.5,""condition"":""F2-X1-O""},{""coefficient"":-0.5,""condition"":""F2-O-H""},{""coefficient"":-0.5,""condition"":""F2-O-O""}]",ab_reverse/answer_mean,0.5761175155639648,0.002685546875,positive,False,scope_total_bridge,2
ELS-3169-F2-common_shift-O-to-X1,3169,common_shift,"[{""coefficient"":0.5,""condition"":""F2-X1-H""},{""coefficient"":0.5,""condition"":""F2-X1-O""},{""coefficient"":-0.5,""condition"":""F2-O-H""},{""coefficient"":-0.5,""condition"":""F2-O-O""}]",ab_reverse/total_with_eos,1.1522350311279297,0.002685546875,positive,False,scope_total_bridge,2
ELS-3169-F2-common_shift-O-to-X1,3169,common_shift,"[{""coefficient"":0.5,""condition"":""F2-X1-H""},{""coefficient"":0.5,""condition"":""F2-X1-O""},{""coefficient"":-0.5,""condition"":""F2-O-H""},{""coefficient"":-0.5,""condition"":""F2-O-O""}]",ab_reverse/mean_with_eos,0.38407834370931004,0.002685546875,positive,False,scope_total_bridge,2
ELS-3169-F2-common_shift-O-to-X1,3169,common_shift,"[{""coefficient"":0.5,""condition"":""F2-X1-H""},{""coefficient"":0.5,""condition"":""F2-X1-O""},{""coefficient"":-0.5,""condition"":""F2-O-H""},{""coefficient"":-0.5,""condition"":""F2-O-O""}]",ncc,0.09472826034813209,0.00537109375,positive,False,scope_total_bridge,2
ELS-3169-F2-common_shift-O-to-X1,3169,common_shift,"[{""coefficient"":0.5,""condition"":""F2-X1-H""},{""coefficient"":0.5,""condition"":""F2-X1-O""},{""coefficient"":-0.5,""condition"":""F2-O-H""},{""coefficient"":-0.5,""condition"":""F2-O-O""}]",background,-0.038027871757637666,0.002685546875,negative,False,scope_total_bridge,2
ELS-3169-F2-common_shift-O-to-X1,3169,common_shift,"[{""coefficient"":0.5,""condition"":""F2-X1-H""},{""coefficient"":0.5,""condition"":""F2-X1-O""},{""coefficient"":-0.5,""condition"":""F2-O-H""},{""coefficient"":-0.5,""condition"":""F2-O-O""}]",ab_symmetric_sum,1.5906658172607422,0.002685546875,positive,False,scope_total_bridge,2
ELS-3169-F2-common_shift-O-to-X1,3169,common_shift,"[{""coefficient"":0.5,""condition"":""F2-X1-H""},{""coefficient"":0.5,""condition"":""F2-X1-O""},{""coefficient"":-0.5,""condition"":""F2-O-H""},{""coefficient"":-0.5,""condition"":""F2-O-O""}]",ab_mapping_gap_sum,0.876861572265625,0.00537109375,positive,False,scope_total_bridge,2
ELS-3169-F2-shift_H-O-to-X2,3169,shift_H,"[{""coefficient"":1,""condition"":""F2-X2-H""},{""coefficient"":-1,""condition"":""F2-O-H""}]",original/answer_sum,0.5026321411132812,0.002685546875,positive,False,scope_total_bridge,2
ELS-3169-F2-shift_H-O-to-X2,3169,shift_H,"[{""coefficient"":1,""condition"":""F2-X2-H""},{""coefficient"":-1,""condition"":""F2-O-H""}]",original/answer_mean,0.13296457926432295,0.002685546875,positive,False,scope_total_bridge,2
ELS-3169-F2-shift_H-O-to-X2,3169,shift_H,"[{""coefficient"":1,""condition"":""F2-X2-H""},{""coefficient"":-1,""condition"":""F2-O-H""}]",original/total_with_eos,0.5026321411132812,0.002685546875,positive,False,scope_total_bridge,2
ELS-3169-F2-shift_H-O-to-X2,3169,shift_H,"[{""coefficient"":1,""condition"":""F2-X2-H""},{""coefficient"":-1,""condition"":""F2-O-H""}]",original/mean_with_eos,0.10404586791992188,0.002685546875,positive,False,scope_total_bridge,2
ELS-3169-F2-shift_H-O-to-X2,3169,shift_H,"[{""coefficient"":1,""condition"":""F2-X2-H""},{""coefficient"":-1,""condition"":""F2-O-H""}]",ab_forward/answer_sum,2.6722640991210938,0.002685546875,positive,False,scope_total_bridge,2
ELS-3169-F2-shift_H-O-to-X2,3169,shift_H,"[{""coefficient"":1,""condition"":""F2-X2-H""},{""coefficient"":-1,""condition"":""F2-O-H""}]",ab_forward/answer_mean,1.3361320495605469,0.002685546875,positive,False,scope_total_bridge,2
ELS-3169-F2-shift_H-O-to-X2,3169,shift_H,"[{""coefficient"":1,""condition"":""F2-X2-H""},{""coefficient"":-1,""condition"":""F2-O-H""}]",ab_forward/total_with_eos,2.6722640991210938,0.002685546875,positive,False,scope_total_bridge,2
ELS-3169-F2-shift_H-O-to-X2,3169,shift_H,"[{""coefficient"":1,""condition"":""F2-X2-H""},{""coefficient"":-1,""condition"":""F2-O-H""}]",ab_forward/mean_with_eos,0.8907546997070312,0.002685546875,positive,False,scope_total_bridge,2
ELS-3169-F2-shift_H-O-to-X2,3169,shift_H,"[{""coefficient"":1,""condition"":""F2-X2-H""},{""coefficient"":-1,""condition"":""F2-O-H""}]",ab_reverse/answer_sum,2.192485809326172,0.002685546875,positive,False,scope_total_bridge,2
ELS-3169-F2-shift_H-O-to-X2,3169,shift_H,"[{""coefficient"":1,""condition"":""F2-X2-H""},{""coefficient"":-1,""condition"":""F2-O-H""}]",ab_reverse/answer_mean,1.096242904663086,0.002685546875,positive,False,scope_total_bridge,2
ELS-3169-F2-shift_H-O-to-X2,3169,shift_H,"[{""coefficient"":1,""condition"":""F2-X2-H""},{""coefficient"":-1,""condition"":""F2-O-H""}]",ab_reverse/total_with_eos,2.192485809326172,0.002685546875,positive,False,scope_total_bridge,2
ELS-3169-F2-shift_H-O-to-X2,3169,shift_H,"[{""coefficient"":1,""condition"":""F2-X2-H""},{""coefficient"":-1,""condition"":""F2-O-H""}]",ab_reverse/mean_with_eos,0.7308286031087241,0.002685546875,positive,False,scope_total_bridge,2
ELS-3169-F2-shift_H-O-to-X2,3169,shift_H,"[{""coefficient"":1,""condition"":""F2-X2-H""},{""coefficient"":-1,""condition"":""F2-O-H""}]",ncc,0.18179284502437332,0.00537109375,positive,False,scope_total_bridge,2
ELS-3169-F2-shift_H-O-to-X2,3169,shift_H,"[{""coefficient"":1,""condition"":""F2-X2-H""},{""coefficient"":-1,""condition"":""F2-O-H""}]",background,-0.048828265760050726,0.002685546875,negative,False,scope_total_bridge,2
ELS-3169-F2-shift_H-O-to-X2,3169,shift_H,"[{""coefficient"":1,""condition"":""F2-X2-H""},{""coefficient"":-1,""condition"":""F2-O-H""}]",ab_symmetric_sum,2.432374954223633,0.002685546875,positive,False,scope_total_bridge,2
ELS-3169-F2-shift_H-O-to-X2,3169,shift_H,"[{""coefficient"":1,""condition"":""F2-X2-H""},{""coefficient"":-1,""condition"":""F2-O-H""}]",ab_mapping_gap_sum,0.4797782897949219,0.00537109375,positive,False,scope_total_bridge,2
ELS-3169-F2-shift_O-O-to-X2,3169,shift_O,"[{""coefficient"":1,""condition"":""F2-X2-O""},{""coefficient"":-1,""condition"":""F2-O-O""}]",original/answer_sum,0.7342948913574219,0.002685546875,positive,False,scope_total_bridge,2
ELS-3169-F2-shift_O-O-to-X2,3169,shift_O,"[{""coefficient"":1,""condition"":""F2-X2-O""},{""coefficient"":-1,""condition"":""F2-O-O""}]",original/answer_mean,0.21331405639648438,0.002685546875,positive,False,scope_total_bridge,2
ELS-3169-F2-shift_O-O-to-X2,3169,shift_O,"[{""coefficient"":1,""condition"":""F2-X2-O""},{""coefficient"":-1,""condition"":""F2-O-O""}]",original/total_with_eos,0.7342948913574219,0.002685546875,positive,False,scope_total_bridge,2
ELS-3169-F2-shift_O-O-to-X2,3169,shift_O,"[{""coefficient"":1,""condition"":""F2-X2-O""},{""coefficient"":-1,""condition"":""F2-O-O""}]",original/mean_with_eos,0.16391690572102868,0.002685546875,positive,False,scope_total_bridge,2
ELS-3169-F2-shift_O-O-to-X2,3169,shift_O,"[{""coefficient"":1,""condition"":""F2-X2-O""},{""coefficient"":-1,""condition"":""F2-O-O""}]",ab_forward/answer_sum,2.1619491577148438,0.002685546875,positive,False,scope_total_bridge,2
ELS-3169-F2-shift_O-O-to-X2,3169,shift_O,"[{""coefficient"":1,""condition"":""F2-X2-O""},{""coefficient"":-1,""condition"":""F2-O-O""}]",ab_forward/answer_mean,1.0809745788574219,0.002685546875,positive,False,scope_total_bridge,2
ELS-3169-F2-shift_O-O-to-X2,3169,shift_O,"[{""coefficient"":1,""condition"":""F2-X2-O""},{""coefficient"":-1,""condition"":""F2-O-O""}]",ab_forward/total_with_eos,2.1619491577148438,0.002685546875,positive,False,scope_total_bridge,2
ELS-3169-F2-shift_O-O-to-X2,3169,shift_O,"[{""coefficient"":1,""condition"":""F2-X2-O""},{""coefficient"":-1,""condition"":""F2-O-O""}]",ab_forward/mean_with_eos,0.720649719238281,0.002685546875,positive,False,scope_total_bridge,2
ELS-3169-F2-shift_O-O-to-X2,3169,shift_O,"[{""coefficient"":1,""condition"":""F2-X2-O""},{""coefficient"":-1,""condition"":""F2-O-O""}]",ab_reverse/answer_sum,0.818572998046875,0.002685546875,positive,False,scope_total_bridge,2
ELS-3169-F2-shift_O-O-to-X2,3169,shift_O,"[{""coefficient"":1,""condition"":""F2-X2-O""},{""coefficient"":-1,""condition"":""F2-O-O""}]",ab_reverse/answer_mean,0.4092864990234375,0.002685546875,positive,False,scope_total_bridge,2
ELS-3169-F2-shift_O-O-to-X2,3169,shift_O,"[{""coefficient"":1,""condition"":""F2-X2-O""},{""coefficient"":-1,""condition"":""F2-O-O""}]",ab_reverse/total_with_eos,0.818572998046875,0.002685546875,positive,False,scope_total_bridge,2
ELS-3169-F2-shift_O-O-to-X2,3169,shift_O,"[{""coefficient"":1,""condition"":""F2-X2-O""},{""coefficient"":-1,""condition"":""F2-O-O""}]",ab_reverse/mean_with_eos,0.272857666015625,0.002685546875,positive,False,scope_total_bridge,2
ELS-3169-F2-shift_O-O-to-X2,3169,shift_O,"[{""coefficient"":1,""condition"":""F2-X2-O""},{""coefficient"":-1,""condition"":""F2-O-O""}]",ncc,0.2564724670134586,0.00537109375,positive,False,scope_total_bridge,2
ELS-3169-F2-shift_O-O-to-X2,3169,shift_O,"[{""coefficient"":1,""condition"":""F2-X2-O""},{""coefficient"":-1,""condition"":""F2-O-O""}]",background,-0.04315841061697423,0.002685546875,negative,False,scope_total_bridge,2
ELS-3169-F2-shift_O-O-to-X2,3169,shift_O,"[{""coefficient"":1,""condition"":""F2-X2-O""},{""coefficient"":-1,""condition"":""F2-O-O""}]",ab_symmetric_sum,1.4902610778808594,0.002685546875,positive,False,scope_total_bridge,2
ELS-3169-F2-shift_O-O-to-X2,3169,shift_O,"[{""coefficient"":1,""condition"":""F2-X2-O""},{""coefficient"":-1,""condition"":""F2-O-O""}]",ab_mapping_gap_sum,1.3433761596679688,0.00537109375,positive,False,scope_total_bridge,2
ELS-3169-F2-interaction-O-to-X2,3169,interaction,"[{""coefficient"":1,""condition"":""F2-X2-H""},{""coefficient"":-1,""condition"":""F2-X2-O""},{""coefficient"":-1,""condition"":""F2-O-H""},{""coefficient"":1,""condition"":""F2-O-O""}]",original/answer_sum,-0.23166275024414062,0.00537109375,negative,False,scope_total_bridge,2
ELS-3169-F2-interaction-O-to-X2,3169,interaction,"[{""coefficient"":1,""condition"":""F2-X2-H""},{""coefficient"":-1,""condition"":""F2-X2-O""},{""coefficient"":-1,""condition"":""F2-O-H""},{""coefficient"":1,""condition"":""F2-O-O""}]",original/answer_mean,-0.08034947713216142,0.00537109375,negative,False,scope_total_bridge,2
ELS-3169-F2-interaction-O-to-X2,3169,interaction,"[{""coefficient"":1,""condition"":""F2-X2-H""},{""coefficient"":-1,""condition"":""F2-X2-O""},{""coefficient"":-1,""condition"":""F2-O-H""},{""coefficient"":1,""condition"":""F2-O-O""}]",original/total_with_eos,-0.23166275024414062,0.00537109375,negative,False,scope_total_bridge,2
ELS-3169-F2-interaction-O-to-X2,3169,interaction,"[{""coefficient"":1,""condition"":""F2-X2-H""},{""coefficient"":-1,""condition"":""F2-X2-O""},{""coefficient"":-1,""condition"":""F2-O-H""},{""coefficient"":1,""condition"":""F2-O-O""}]",original/mean_with_eos,-0.059871037801106794,0.00537109375,negative,False,scope_total_bridge,2
ELS-3169-F2-interaction-O-to-X2,3169,interaction,"[{""coefficient"":1,""condition"":""F2-X2-H""},{""coefficient"":-1,""condition"":""F2-X2-O""},{""coefficient"":-1,""condition"":""F2-O-H""},{""coefficient"":1,""condition"":""F2-O-O""}]",ab_forward/answer_sum,0.51031494140625,0.00537109375,positive,False,scope_total_bridge,2
ELS-3169-F2-interaction-O-to-X2,3169,interaction,"[{""coefficient"":1,""condition"":""F2-X2-H""},{""coefficient"":-1,""condition"":""F2-X2-O""},{""coefficient"":-1,""condition"":""F2-O-H""},{""coefficient"":1,""condition"":""F2-O-O""}]",ab_forward/answer_mean,0.255157470703125,0.00537109375,positive,False,scope_total_bridge,2
ELS-3169-F2-interaction-O-to-X2,3169,interaction,"[{""coefficient"":1,""condition"":""F2-X2-H""},{""coefficient"":-1,""condition"":""F2-X2-O""},{""coefficient"":-1,""condition"":""F2-O-H""},{""coefficient"":1,""condition"":""F2-O-O""}]",ab_forward/total_with_eos,0.51031494140625,0.00537109375,positive,False,scope_total_bridge,2
ELS-3169-F2-interaction-O-to-X2,3169,interaction,"[{""coefficient"":1,""condition"":""F2-X2-H""},{""coefficient"":-1,""condition"":""F2-X2-O""},{""coefficient"":-1,""condition"":""F2-O-H""},{""coefficient"":1,""condition"":""F2-O-O""}]",ab_forward/mean_with_eos,0.17010498046875022,0.00537109375,positive,False,scope_total_bridge,2
ELS-3169-F2-interaction-O-to-X2,3169,interaction,"[{""coefficient"":1,""condition"":""F2-X2-H""},{""coefficient"":-1,""condition"":""F2-X2-O""},{""coefficient"":-1,""condition"":""F2-O-H""},{""coefficient"":1,""condition"":""F2-O-O""}]",ab_reverse/answer_sum,1.3739128112792969,0.00537109375,positive,False,scope_total_bridge,2
ELS-3169-F2-interaction-O-to-X2,3169,interaction,"[{""coefficient"":1,""condition"":""F2-X2-H""},{""coefficient"":-1,""condition"":""F2-X2-O""},{""coefficient"":-1,""condition"":""F2-O-H""},{""coefficient"":1,""condition"":""F2-O-O""}]",ab_reverse/answer_mean,0.6869564056396484,0.00537109375,positive,False,scope_total_bridge,2
ELS-3169-F2-interaction-O-to-X2,3169,interaction,"[{""coefficient"":1,""condition"":""F2-X2-H""},{""coefficient"":-1,""condition"":""F2-X2-O""},{""coefficient"":-1,""condition"":""F2-O-H""},{""coefficient"":1,""condition"":""F2-O-O""}]",ab_reverse/total_with_eos,1.3739128112792969,0.00537109375,positive,False,scope_total_bridge,2
ELS-3169-F2-interaction-O-to-X2,3169,interaction,"[{""coefficient"":1,""condition"":""F2-X2-H""},{""coefficient"":-1,""condition"":""F2-X2-O""},{""coefficient"":-1,""condition"":""F2-O-H""},{""coefficient"":1,""condition"":""F2-O-O""}]",ab_reverse/mean_with_eos,0.4579709370930991,0.00537109375,positive,False,scope_total_bridge,2
ELS-3169-F2-interaction-O-to-X2,3169,interaction,"[{""coefficient"":1,""condition"":""F2-X2-H""},{""coefficient"":-1,""condition"":""F2-X2-O""},{""coefficient"":-1,""condition"":""F2-O-H""},{""coefficient"":1,""condition"":""F2-O-O""}]",ncc,-0.07467962198908529,0.0107421875,negative,False,scope_total_bridge,2
ELS-3169-F2-interaction-O-to-X2,3169,interaction,"[{""coefficient"":1,""condition"":""F2-X2-H""},{""coefficient"":-1,""condition"":""F2-X2-O""},{""coefficient"":-1,""condition"":""F2-O-H""},{""coefficient"":1,""condition"":""F2-O-O""}]",background,-0.0056698551430764965,0.00537109375,negative,False,scope_total_bridge,2
ELS-3169-F2-interaction-O-to-X2,3169,interaction,"[{""coefficient"":1,""condition"":""F2-X2-H""},{""coefficient"":-1,""condition"":""F2-X2-O""},{""coefficient"":-1,""condition"":""F2-O-H""},{""coefficient"":1,""condition"":""F2-O-O""}]",ab_symmetric_sum,0.9421138763427734,0.00537109375,positive,False,scope_total_bridge,2
ELS-3169-F2-interaction-O-to-X2,3169,interaction,"[{""coefficient"":1,""condition"":""F2-X2-H""},{""coefficient"":-1,""condition"":""F2-X2-O""},{""coefficient"":-1,""condition"":""F2-O-H""},{""coefficient"":1,""condition"":""F2-O-O""}]",ab_mapping_gap_sum,-0.8635978698730469,0.0107421875,negative,False,scope_total_bridge,2
ELS-3169-F2-common_shift-O-to-X2,3169,common_shift,"[{""coefficient"":0.5,""condition"":""F2-X2-H""},{""coefficient"":0.5,""condition"":""F2-X2-O""},{""coefficient"":-0.5,""condition"":""F2-O-H""},{""coefficient"":-0.5,""condition"":""F2-O-O""}]",original/answer_sum,0.6184635162353516,0.002685546875,positive,False,scope_total_bridge,2
ELS-3169-F2-common_shift-O-to-X2,3169,common_shift,"[{""coefficient"":0.5,""condition"":""F2-X2-H""},{""coefficient"":0.5,""condition"":""F2-X2-O""},{""coefficient"":-0.5,""condition"":""F2-O-H""},{""coefficient"":-0.5,""condition"":""F2-O-O""}]",original/answer_mean,0.17313931783040365,0.002685546875,positive,False,scope_total_bridge,2
ELS-3169-F2-common_shift-O-to-X2,3169,common_shift,"[{""coefficient"":0.5,""condition"":""F2-X2-H""},{""coefficient"":0.5,""condition"":""F2-X2-O""},{""coefficient"":-0.5,""condition"":""F2-O-H""},{""coefficient"":-0.5,""condition"":""F2-O-O""}]",original/total_with_eos,0.6184635162353516,0.002685546875,positive,False,scope_total_bridge,2
ELS-3169-F2-common_shift-O-to-X2,3169,common_shift,"[{""coefficient"":0.5,""condition"":""F2-X2-H""},{""coefficient"":0.5,""condition"":""F2-X2-O""},{""coefficient"":-0.5,""condition"":""F2-O-H""},{""coefficient"":-0.5,""condition"":""F2-O-O""}]",original/mean_with_eos,0.13398138682047528,0.002685546875,positive,False,scope_total_bridge,2
ELS-3169-F2-common_shift-O-to-X2,3169,common_shift,"[{""coefficient"":0.5,""condition"":""F2-X2-H""},{""coefficient"":0.5,""condition"":""F2-X2-O""},{""coefficient"":-0.5,""condition"":""F2-O-H""},{""coefficient"":-0.5,""condition"":""F2-O-O""}]",ab_forward/answer_sum,2.4171066284179688,0.002685546875,positive,False,scope_total_bridge,2
ELS-3169-F2-common_shift-O-to-X2,3169,common_shift,"[{""coefficient"":0.5,""condition"":""F2-X2-H""},{""coefficient"":0.5,""condition"":""F2-X2-O""},{""coefficient"":-0.5,""condition"":""F2-O-H""},{""coefficient"":-0.5,""condition"":""F2-O-O""}]",ab_forward/answer_mean,1.2085533142089844,0.002685546875,positive,False,scope_total_bridge,2
ELS-3169-F2-common_shift-O-to-X2,3169,common_shift,"[{""coefficient"":0.5,""condition"":""F2-X2-H""},{""coefficient"":0.5,""condition"":""F2-X2-O""},{""coefficient"":-0.5,""condition"":""F2-O-H""},{""coefficient"":-0.5,""condition"":""F2-O-O""}]",ab_forward/total_with_eos,2.4171066284179688,0.002685546875,positive,False,scope_total_bridge,2
ELS-3169-F2-common_shift-O-to-X2,3169,common_shift,"[{""coefficient"":0.5,""condition"":""F2-X2-H""},{""coefficient"":0.5,""condition"":""F2-X2-O""},{""coefficient"":-0.5,""condition"":""F2-O-H""},{""coefficient"":-0.5,""condition"":""F2-O-O""}]",ab_forward/mean_with_eos,0.8057022094726561,0.002685546875,positive,False,scope_total_bridge,2
ELS-3169-F2-common_shift-O-to-X2,3169,common_shift,"[{""coefficient"":0.5,""condition"":""F2-X2-H""},{""coefficient"":0.5,""condition"":""F2-X2-O""},{""coefficient"":-0.5,""condition"":""F2-O-H""},{""coefficient"":-0.5,""condition"":""F2-O-O""}]",ab_reverse/answer_sum,1.5055294036865234,0.002685546875,positive,False,scope_total_bridge,2
ELS-3169-F2-common_shift-O-to-X2,3169,common_shift,"[{""coefficient"":0.5,""condition"":""F2-X2-H""},{""coefficient"":0.5,""condition"":""F2-X2-O""},{""coefficient"":-0.5,""condition"":""F2-O-H""},{""coefficient"":-0.5,""condition"":""F2-O-O""}]",ab_reverse/answer_mean,0.7527647018432617,0.002685546875,positive,False,scope_total_bridge,2
ELS-3169-F2-common_shift-O-to-X2,3169,common_shift,"[{""coefficient"":0.5,""condition"":""F2-X2-H""},{""coefficient"":0.5,""condition"":""F2-X2-O""},{""coefficient"":-0.5,""condition"":""F2-O-H""},{""coefficient"":-0.5,""condition"":""F2-O-O""}]",ab_reverse/total_with_eos,1.5055294036865234,0.002685546875,positive,False,scope_total_bridge,2
ELS-3169-F2-common_shift-O-to-X2,3169,common_shift,"[{""coefficient"":0.5,""condition"":""F2-X2-H""},{""coefficient"":0.5,""condition"":""F2-X2-O""},{""coefficient"":-0.5,""condition"":""F2-O-H""},{""coefficient"":-0.5,""condition"":""F2-O-O""}]",ab_reverse/mean_with_eos,0.5018431345621746,0.002685546875,positive,False,scope_total_bridge,2
ELS-3169-F2-common_shift-O-to-X2,3169,common_shift,"[{""coefficient"":0.5,""condition"":""F2-X2-H""},{""coefficient"":0.5,""condition"":""F2-X2-O""},{""coefficient"":-0.5,""condition"":""F2-O-H""},{""coefficient"":-0.5,""condition"":""F2-O-O""}]",ncc,0.21913265601891596,0.00537109375,positive,False,scope_total_bridge,2
ELS-3169-F2-common_shift-O-to-X2,3169,common_shift,"[{""coefficient"":0.5,""condition"":""F2-X2-H""},{""coefficient"":0.5,""condition"":""F2-X2-O""},{""coefficient"":-0.5,""condition"":""F2-O-H""},{""coefficient"":-0.5,""condition"":""F2-O-O""}]",background,-0.04599333818851248,0.002685546875,negative,False,scope_total_bridge,2
ELS-3169-F2-common_shift-O-to-X2,3169,common_shift,"[{""coefficient"":0.5,""condition"":""F2-X2-H""},{""coefficient"":0.5,""condition"":""F2-X2-O""},{""coefficient"":-0.5,""condition"":""F2-O-H""},{""coefficient"":-0.5,""condition"":""F2-O-O""}]",ab_symmetric_sum,1.961318016052246,0.002685546875,positive,False,scope_total_bridge,2
ELS-3169-F2-common_shift-O-to-X2,3169,common_shift,"[{""coefficient"":0.5,""condition"":""F2-X2-H""},{""coefficient"":0.5,""condition"":""F2-X2-O""},{""coefficient"":-0.5,""condition"":""F2-O-H""},{""coefficient"":-0.5,""condition"":""F2-O-O""}]",ab_mapping_gap_sum,0.9115772247314453,0.00537109375,positive,False,scope_total_bridge,2
ELS-3169-F2-shift_H-P1-to-X1,3169,shift_H,"[{""coefficient"":1,""condition"":""F2-X1-H""},{""coefficient"":-1,""condition"":""F2-P1-H""}]",original/answer_sum,1.6389350891113281,0.002685546875,positive,False,matched_scope_note,2
ELS-3169-F2-shift_H-P1-to-X1,3169,shift_H,"[{""coefficient"":1,""condition"":""F2-X1-H""},{""coefficient"":-1,""condition"":""F2-P1-H""}]",original/answer_mean,0.37617162068684895,0.002685546875,positive,False,matched_scope_note,2
ELS-3169-F2-shift_H-P1-to-X1,3169,shift_H,"[{""coefficient"":1,""condition"":""F2-X1-H""},{""coefficient"":-1,""condition"":""F2-P1-H""}]",original/total_with_eos,1.6389350891113281,0.002685546875,positive,False,matched_scope_note,2
ELS-3169-F2-shift_H-P1-to-X1,3169,shift_H,"[{""coefficient"":1,""condition"":""F2-X1-H""},{""coefficient"":-1,""condition"":""F2-P1-H""}]",original/mean_with_eos,0.30339622497558594,0.002685546875,positive,False,matched_scope_note,2
ELS-3169-F2-shift_H-P1-to-X1,3169,shift_H,"[{""coefficient"":1,""condition"":""F2-X1-H""},{""coefficient"":-1,""condition"":""F2-P1-H""}]",ab_forward/answer_sum,5.571846008300781,0.002685546875,positive,False,matched_scope_note,2
ELS-3169-F2-shift_H-P1-to-X1,3169,shift_H,"[{""coefficient"":1,""condition"":""F2-X1-H""},{""coefficient"":-1,""condition"":""F2-P1-H""}]",ab_forward/answer_mean,2.7859230041503906,0.002685546875,positive,False,matched_scope_note,2
ELS-3169-F2-shift_H-P1-to-X1,3169,shift_H,"[{""coefficient"":1,""condition"":""F2-X1-H""},{""coefficient"":-1,""condition"":""F2-P1-H""}]",ab_forward/total_with_eos,5.571846008300781,0.002685546875,positive,False,matched_scope_note,2
ELS-3169-F2-shift_H-P1-to-X1,3169,shift_H,"[{""coefficient"":1,""condition"":""F2-X1-H""},{""coefficient"":-1,""condition"":""F2-P1-H""}]",ab_forward/mean_with_eos,1.8572820027669277,0.002685546875,positive,False,matched_scope_note,2
ELS-3169-F2-shift_H-P1-to-X1,3169,shift_H,"[{""coefficient"":1,""condition"":""F2-X1-H""},{""coefficient"":-1,""condition"":""F2-P1-H""}]",ab_reverse/answer_sum,4.8896026611328125,0.002685546875,positive,False,matched_scope_note,2
ELS-3169-F2-shift_H-P1-to-X1,3169,shift_H,"[{""coefficient"":1,""condition"":""F2-X1-H""},{""coefficient"":-1,""condition"":""F2-P1-H""}]",ab_reverse/answer_mean,2.4448013305664062,0.002685546875,positive,False,matched_scope_note,2
ELS-3169-F2-shift_H-P1-to-X1,3169,shift_H,"[{""coefficient"":1,""condition"":""F2-X1-H""},{""coefficient"":-1,""condition"":""F2-P1-H""}]",ab_reverse/total_with_eos,4.8896026611328125,0.002685546875,positive,False,matched_scope_note,2
ELS-3169-F2-shift_H-P1-to-X1,3169,shift_H,"[{""coefficient"":1,""condition"":""F2-X1-H""},{""coefficient"":-1,""condition"":""F2-P1-H""}]",ab_reverse/mean_with_eos,1.6298675537109375,0.002685546875,positive,False,matched_scope_note,2
ELS-3169-F2-shift_H-P1-to-X1,3169,shift_H,"[{""coefficient"":1,""condition"":""F2-X1-H""},{""coefficient"":-1,""condition"":""F2-P1-H""}]",ncc,0.354438719970005,0.00537109375,positive,False,matched_scope_note,2
ELS-3169-F2-shift_H-P1-to-X1,3169,shift_H,"[{""coefficient"":1,""condition"":""F2-X1-H""},{""coefficient"":-1,""condition"":""F2-P1-H""}]",background,0.02173290071684386,0.002685546875,positive,False,matched_scope_note,2
ELS-3169-F2-shift_H-P1-to-X1,3169,shift_H,"[{""coefficient"":1,""condition"":""F2-X1-H""},{""coefficient"":-1,""condition"":""F2-P1-H""}]",ab_symmetric_sum,5.230724334716797,0.002685546875,positive,False,matched_scope_note,2
ELS-3169-F2-shift_H-P1-to-X1,3169,shift_H,"[{""coefficient"":1,""condition"":""F2-X1-H""},{""coefficient"":-1,""condition"":""F2-P1-H""}]",ab_mapping_gap_sum,0.6822433471679688,0.00537109375,positive,False,matched_scope_note,2
ELS-3169-F2-shift_O-P1-to-X1,3169,shift_O,"[{""coefficient"":1,""condition"":""F2-X1-O""},{""coefficient"":-1,""condition"":""F2-P1-O""}]",original/answer_sum,2.141815185546875,0.002685546875,positive,False,matched_scope_note,2
ELS-3169-F2-shift_O-P1-to-X1,3169,shift_O,"[{""coefficient"":1,""condition"":""F2-X1-O""},{""coefficient"":-1,""condition"":""F2-P1-O""}]",original/answer_mean,0.5414159138997395,0.002685546875,positive,False,matched_scope_note,2
ELS-3169-F2-shift_O-P1-to-X1,3169,shift_O,"[{""coefficient"":1,""condition"":""F2-X1-O""},{""coefficient"":-1,""condition"":""F2-P1-O""}]",original/total_with_eos,2.141815185546875,0.002685546875,positive,False,matched_scope_note,2
ELS-3169-F2-shift_O-P1-to-X1,3169,shift_O,"[{""coefficient"":1,""condition"":""F2-X1-O""},{""coefficient"":-1,""condition"":""F2-P1-O""}]",original/mean_with_eos,0.4276272455851237,0.002685546875,positive,False,matched_scope_note,2
ELS-3169-F2-shift_O-P1-to-X1,3169,shift_O,"[{""coefficient"":1,""condition"":""F2-X1-O""},{""coefficient"":-1,""condition"":""F2-P1-O""}]",ab_forward/answer_sum,6.71795654296875,0.002685546875,positive,False,matched_scope_note,2
ELS-3169-F2-shift_O-P1-to-X1,3169,shift_O,"[{""coefficient"":1,""condition"":""F2-X1-O""},{""coefficient"":-1,""condition"":""F2-P1-O""}]",ab_forward/answer_mean,3.358978271484375,0.002685546875,positive,False,matched_scope_note,2
ELS-3169-F2-shift_O-P1-to-X1,3169,shift_O,"[{""coefficient"":1,""condition"":""F2-X1-O""},{""coefficient"":-1,""condition"":""F2-P1-O""}]",ab_forward/total_with_eos,6.71795654296875,0.002685546875,positive,False,matched_scope_note,2
ELS-3169-F2-shift_O-P1-to-X1,3169,shift_O,"[{""coefficient"":1,""condition"":""F2-X1-O""},{""coefficient"":-1,""condition"":""F2-P1-O""}]",ab_forward/mean_with_eos,2.23931884765625,0.002685546875,positive,False,matched_scope_note,2
ELS-3169-F2-shift_O-P1-to-X1,3169,shift_O,"[{""coefficient"":1,""condition"":""F2-X1-O""},{""coefficient"":-1,""condition"":""F2-P1-O""}]",ab_reverse/answer_sum,4.377433776855469,0.002685546875,positive,False,matched_scope_note,2
ELS-3169-F2-shift_O-P1-to-X1,3169,shift_O,"[{""coefficient"":1,""condition"":""F2-X1-O""},{""coefficient"":-1,""condition"":""F2-P1-O""}]",ab_reverse/answer_mean,2.1887168884277344,0.002685546875,positive,False,matched_scope_note,2
ELS-3169-F2-shift_O-P1-to-X1,3169,shift_O,"[{""coefficient"":1,""condition"":""F2-X1-O""},{""coefficient"":-1,""condition"":""F2-P1-O""}]",ab_reverse/total_with_eos,4.377433776855469,0.002685546875,positive,False,matched_scope_note,2
ELS-3169-F2-shift_O-P1-to-X1,3169,shift_O,"[{""coefficient"":1,""condition"":""F2-X1-O""},{""coefficient"":-1,""condition"":""F2-P1-O""}]",ab_reverse/mean_with_eos,1.4591445922851562,0.002685546875,positive,False,matched_scope_note,2
ELS-3169-F2-shift_O-P1-to-X1,3169,shift_O,"[{""coefficient"":1,""condition"":""F2-X1-O""},{""coefficient"":-1,""condition"":""F2-P1-O""}]",ncc,0.5239088182197187,0.00537109375,positive,False,matched_scope_note,2
ELS-3169-F2-shift_O-P1-to-X1,3169,shift_O,"[{""coefficient"":1,""condition"":""F2-X1-O""},{""coefficient"":-1,""condition"":""F2-P1-O""}]",background,0.017507095680020512,0.002685546875,positive,False,matched_scope_note,2
ELS-3169-F2-shift_O-P1-to-X1,3169,shift_O,"[{""coefficient"":1,""condition"":""F2-X1-O""},{""coefficient"":-1,""condition"":""F2-P1-O""}]",ab_symmetric_sum,5.547695159912109,0.002685546875,positive,False,matched_scope_note,2
ELS-3169-F2-shift_O-P1-to-X1,3169,shift_O,"[{""coefficient"":1,""condition"":""F2-X1-O""},{""coefficient"":-1,""condition"":""F2-P1-O""}]",ab_mapping_gap_sum,2.3405227661132812,0.00537109375,positive,False,matched_scope_note,2
ELS-3169-F2-interaction-P1-to-X1,3169,interaction,"[{""coefficient"":1,""condition"":""F2-X1-H""},{""coefficient"":-1,""condition"":""F2-X1-O""},{""coefficient"":-1,""condition"":""F2-P1-H""},{""coefficient"":1,""condition"":""F2-P1-O""}]",original/answer_sum,-0.5028800964355469,0.00537109375,negative,False,matched_scope_note,2
ELS-3169-F2-interaction-P1-to-X1,3169,interaction,"[{""coefficient"":1,""condition"":""F2-X1-H""},{""coefficient"":-1,""condition"":""F2-X1-O""},{""coefficient"":-1,""condition"":""F2-P1-H""},{""coefficient"":1,""condition"":""F2-P1-O""}]",original/answer_mean,-0.1652442932128906,0.00537109375,negative,False,matched_scope_note,2
ELS-3169-F2-interaction-P1-to-X1,3169,interaction,"[{""coefficient"":1,""condition"":""F2-X1-H""},{""coefficient"":-1,""condition"":""F2-X1-O""},{""coefficient"":-1,""condition"":""F2-P1-H""},{""coefficient"":1,""condition"":""F2-P1-O""}]",original/total_with_eos,-0.5028800964355469,0.00537109375,negative,False,matched_scope_note,2
ELS-3169-F2-interaction-P1-to-X1,3169,interaction,"[{""coefficient"":1,""condition"":""F2-X1-H""},{""coefficient"":-1,""condition"":""F2-X1-O""},{""coefficient"":-1,""condition"":""F2-P1-H""},{""coefficient"":1,""condition"":""F2-P1-O""}]",original/mean_with_eos,-0.12423102060953778,0.00537109375,negative,False,matched_scope_note,2
ELS-3169-F2-interaction-P1-to-X1,3169,interaction,"[{""coefficient"":1,""condition"":""F2-X1-H""},{""coefficient"":-1,""condition"":""F2-X1-O""},{""coefficient"":-1,""condition"":""F2-P1-H""},{""coefficient"":1,""condition"":""F2-P1-O""}]",ab_forward/answer_sum,-1.1461105346679688,0.00537109375,negative,False,matched_scope_note,2
ELS-3169-F2-interaction-P1-to-X1,3169,interaction,"[{""coefficient"":1,""condition"":""F2-X1-H""},{""coefficient"":-1,""condition"":""F2-X1-O""},{""coefficient"":-1,""condition"":""F2-P1-H""},{""coefficient"":1,""condition"":""F2-P1-O""}]",ab_forward/answer_mean,-0.5730552673339844,0.00537109375,negative,False,matched_scope_note,2
ELS-3169-F2-interaction-P1-to-X1,3169,interaction,"[{""coefficient"":1,""condition"":""F2-X1-H""},{""coefficient"":-1,""condition"":""F2-X1-O""},{""coefficient"":-1,""condition"":""F2-P1-H""},{""coefficient"":1,""condition"":""F2-P1-O""}]",ab_forward/total_with_eos,-1.1461105346679688,0.00537109375,negative,False,matched_scope_note,2
ELS-3169-F2-interaction-P1-to-X1,3169,interaction,"[{""coefficient"":1,""condition"":""F2-X1-H""},{""coefficient"":-1,""condition"":""F2-X1-O""},{""coefficient"":-1,""condition"":""F2-P1-H""},{""coefficient"":1,""condition"":""F2-P1-O""}]",ab_forward/mean_with_eos,-0.3820368448893223,0.00537109375,negative,False,matched_scope_note,2
ELS-3169-F2-interaction-P1-to-X1,3169,interaction,"[{""coefficient"":1,""condition"":""F2-X1-H""},{""coefficient"":-1,""condition"":""F2-X1-O""},{""coefficient"":-1,""condition"":""F2-P1-H""},{""coefficient"":1,""condition"":""F2-P1-O""}]",ab_reverse/answer_sum,0.5121688842773438,0.00537109375,positive,False,matched_scope_note,2
ELS-3169-F2-interaction-P1-to-X1,3169,interaction,"[{""coefficient"":1,""condition"":""F2-X1-H""},{""coefficient"":-1,""condition"":""F2-X1-O""},{""coefficient"":-1,""condition"":""F2-P1-H""},{""coefficient"":1,""condition"":""F2-P1-O""}]",ab_reverse/answer_mean,0.2560844421386719,0.00537109375,positive,False,matched_scope_note,2
ELS-3169-F2-interaction-P1-to-X1,3169,interaction,"[{""coefficient"":1,""condition"":""F2-X1-H""},{""coefficient"":-1,""condition"":""F2-X1-O""},{""coefficient"":-1,""condition"":""F2-P1-H""},{""coefficient"":1,""condition"":""F2-P1-O""}]",ab_reverse/total_with_eos,0.5121688842773438,0.00537109375,positive,False,matched_scope_note,2
ELS-3169-F2-interaction-P1-to-X1,3169,interaction,"[{""coefficient"":1,""condition"":""F2-X1-H""},{""coefficient"":-1,""condition"":""F2-X1-O""},{""coefficient"":-1,""condition"":""F2-P1-H""},{""coefficient"":1,""condition"":""F2-P1-O""}]",ab_reverse/mean_with_eos,0.17072296142578136,0.00537109375,positive,False,matched_scope_note,2
ELS-3169-F2-interaction-P1-to-X1,3169,interaction,"[{""coefficient"":1,""condition"":""F2-X1-H""},{""coefficient"":-1,""condition"":""F2-X1-O""},{""coefficient"":-1,""condition"":""F2-P1-H""},{""coefficient"":1,""condition"":""F2-P1-O""}]",ncc,-0.1694700982497137,0.0107421875,negative,False,matched_scope_note,2
ELS-3169-F2-interaction-P1-to-X1,3169,interaction,"[{""coefficient"":1,""condition"":""F2-X1-H""},{""coefficient"":-1,""condition"":""F2-X1-O""},{""coefficient"":-1,""condition"":""F2-P1-H""},{""coefficient"":1,""condition"":""F2-P1-O""}]",background,0.004225805036823349,0.00537109375,unresolved,False,matched_scope_note,2
ELS-3169-F2-interaction-P1-to-X1,3169,interaction,"[{""coefficient"":1,""condition"":""F2-X1-H""},{""coefficient"":-1,""condition"":""F2-X1-O""},{""coefficient"":-1,""condition"":""F2-P1-H""},{""coefficient"":1,""condition"":""F2-P1-O""}]",ab_symmetric_sum,-0.3169708251953125,0.00537109375,negative,False,matched_scope_note,2
ELS-3169-F2-interaction-P1-to-X1,3169,interaction,"[{""coefficient"":1,""condition"":""F2-X1-H""},{""coefficient"":-1,""condition"":""F2-X1-O""},{""coefficient"":-1,""condition"":""F2-P1-H""},{""coefficient"":1,""condition"":""F2-P1-O""}]",ab_mapping_gap_sum,-1.6582794189453125,0.0107421875,negative,False,matched_scope_note,2
ELS-3169-F2-common_shift-P1-to-X1,3169,common_shift,"[{""coefficient"":0.5,""condition"":""F2-X1-H""},{""coefficient"":0.5,""condition"":""F2-X1-O""},{""coefficient"":-0.5,""condition"":""F2-P1-H""},{""coefficient"":-0.5,""condition"":""F2-P1-O""}]",original/answer_sum,1.8903751373291016,0.002685546875,positive,False,matched_scope_note,2
ELS-3169-F2-common_shift-P1-to-X1,3169,common_shift,"[{""coefficient"":0.5,""condition"":""F2-X1-H""},{""coefficient"":0.5,""condition"":""F2-X1-O""},{""coefficient"":-0.5,""condition"":""F2-P1-H""},{""coefficient"":-0.5,""condition"":""F2-P1-O""}]",original/answer_mean,0.45879376729329424,0.002685546875,positive,False,matched_scope_note,2
ELS-3169-F2-common_shift-P1-to-X1,3169,common_shift,"[{""coefficient"":0.5,""condition"":""F2-X1-H""},{""coefficient"":0.5,""condition"":""F2-X1-O""},{""coefficient"":-0.5,""condition"":""F2-P1-H""},{""coefficient"":-0.5,""condition"":""F2-P1-O""}]",original/total_with_eos,1.8903751373291016,0.002685546875,positive,False,matched_scope_note,2
ELS-3169-F2-common_shift-P1-to-X1,3169,common_shift,"[{""coefficient"":0.5,""condition"":""F2-X1-H""},{""coefficient"":0.5,""condition"":""F2-X1-O""},{""coefficient"":-0.5,""condition"":""F2-P1-H""},{""coefficient"":-0.5,""condition"":""F2-P1-O""}]",original/mean_with_eos,0.36551173528035485,0.002685546875,positive,False,matched_scope_note,2
ELS-3169-F2-common_shift-P1-to-X1,3169,common_shift,"[{""coefficient"":0.5,""condition"":""F2-X1-H""},{""coefficient"":0.5,""condition"":""F2-X1-O""},{""coefficient"":-0.5,""condition"":""F2-P1-H""},{""coefficient"":-0.5,""condition"":""F2-P1-O""}]",ab_forward/answer_sum,6.144901275634766,0.002685546875,positive,False,matched_scope_note,2
ELS-3169-F2-common_shift-P1-to-X1,3169,common_shift,"[{""coefficient"":0.5,""condition"":""F2-X1-H""},{""coefficient"":0.5,""condition"":""F2-X1-O""},{""coefficient"":-0.5,""condition"":""F2-P1-H""},{""coefficient"":-0.5,""condition"":""F2-P1-O""}]",ab_forward/answer_mean,3.072450637817383,0.002685546875,positive,False,matched_scope_note,2
ELS-3169-F2-common_shift-P1-to-X1,3169,common_shift,"[{""coefficient"":0.5,""condition"":""F2-X1-H""},{""coefficient"":0.5,""condition"":""F2-X1-O""},{""coefficient"":-0.5,""condition"":""F2-P1-H""},{""coefficient"":-0.5,""condition"":""F2-P1-O""}]",ab_forward/total_with_eos,6.144901275634766,0.002685546875,positive,False,matched_scope_note,2
ELS-3169-F2-common_shift-P1-to-X1,3169,common_shift,"[{""coefficient"":0.5,""condition"":""F2-X1-H""},{""coefficient"":0.5,""condition"":""F2-X1-O""},{""coefficient"":-0.5,""condition"":""F2-P1-H""},{""coefficient"":-0.5,""condition"":""F2-P1-O""}]",ab_forward/mean_with_eos,2.048300425211589,0.002685546875,positive,False,matched_scope_note,2
ELS-3169-F2-common_shift-P1-to-X1,3169,common_shift,"[{""coefficient"":0.5,""condition"":""F2-X1-H""},{""coefficient"":0.5,""condition"":""F2-X1-O""},{""coefficient"":-0.5,""condition"":""F2-P1-H""},{""coefficient"":-0.5,""condition"":""F2-P1-O""}]",ab_reverse/answer_sum,4.633518218994141,0.002685546875,positive,False,matched_scope_note,2
ELS-3169-F2-common_shift-P1-to-X1,3169,common_shift,"[{""coefficient"":0.5,""condition"":""F2-X1-H""},{""coefficient"":0.5,""condition"":""F2-X1-O""},{""coefficient"":-0.5,""condition"":""F2-P1-H""},{""coefficient"":-0.5,""condition"":""F2-P1-O""}]",ab_reverse/answer_mean,2.3167591094970703,0.002685546875,positive,False,matched_scope_note,2
ELS-3169-F2-common_shift-P1-to-X1,3169,common_shift,"[{""coefficient"":0.5,""condition"":""F2-X1-H""},{""coefficient"":0.5,""condition"":""F2-X1-O""},{""coefficient"":-0.5,""condition"":""F2-P1-H""},{""coefficient"":-0.5,""condition"":""F2-P1-O""}]",ab_reverse/total_with_eos,4.633518218994141,0.002685546875,positive,False,matched_scope_note,2
ELS-3169-F2-common_shift-P1-to-X1,3169,common_shift,"[{""coefficient"":0.5,""condition"":""F2-X1-H""},{""coefficient"":0.5,""condition"":""F2-X1-O""},{""coefficient"":-0.5,""condition"":""F2-P1-H""},{""coefficient"":-0.5,""condition"":""F2-P1-O""}]",ab_reverse/mean_with_eos,1.5445060729980469,0.002685546875,positive,False,matched_scope_note,2
ELS-3169-F2-common_shift-P1-to-X1,3169,common_shift,"[{""coefficient"":0.5,""condition"":""F2-X1-H""},{""coefficient"":0.5,""condition"":""F2-X1-O""},{""coefficient"":-0.5,""condition"":""F2-P1-H""},{""coefficient"":-0.5,""condition"":""F2-P1-O""}]",ncc,0.43917376909486183,0.00537109375,positive,False,matched_scope_note,2
ELS-3169-F2-common_shift-P1-to-X1,3169,common_shift,"[{""coefficient"":0.5,""condition"":""F2-X1-H""},{""coefficient"":0.5,""condition"":""F2-X1-O""},{""coefficient"":-0.5,""condition"":""F2-P1-H""},{""coefficient"":-0.5,""condition"":""F2-P1-O""}]",background,0.019619998198432187,0.002685546875,positive,False,matched_scope_note,2
ELS-3169-F2-common_shift-P1-to-X1,3169,common_shift,"[{""coefficient"":0.5,""condition"":""F2-X1-H""},{""coefficient"":0.5,""condition"":""F2-X1-O""},{""coefficient"":-0.5,""condition"":""F2-P1-H""},{""coefficient"":-0.5,""condition"":""F2-P1-O""}]",ab_symmetric_sum,5.389209747314453,0.002685546875,positive,False,matched_scope_note,2
ELS-3169-F2-common_shift-P1-to-X1,3169,common_shift,"[{""coefficient"":0.5,""condition"":""F2-X1-H""},{""coefficient"":0.5,""condition"":""F2-X1-O""},{""coefficient"":-0.5,""condition"":""F2-P1-H""},{""coefficient"":-0.5,""condition"":""F2-P1-O""}]",ab_mapping_gap_sum,1.511383056640625,0.00537109375,positive,False,matched_scope_note,2
ELS-3169-F2-shift_H-P2-to-X2,3169,shift_H,"[{""coefficient"":1,""condition"":""F2-X2-H""},{""coefficient"":-1,""condition"":""F2-P2-H""}]",original/answer_sum,2.1126480102539062,0.002685546875,positive,False,matched_scope_note,2
ELS-3169-F2-shift_H-P2-to-X2,3169,shift_H,"[{""coefficient"":1,""condition"":""F2-X2-H""},{""coefficient"":-1,""condition"":""F2-P2-H""}]",original/answer_mean,0.4966084798177084,0.002685546875,positive,False,matched_scope_note,2
ELS-3169-F2-shift_H-P2-to-X2,3169,shift_H,"[{""coefficient"":1,""condition"":""F2-X2-H""},{""coefficient"":-1,""condition"":""F2-P2-H""}]",original/total_with_eos,2.1126480102539062,0.002685546875,positive,False,matched_scope_note,2
ELS-3169-F2-shift_H-P2-to-X2,3169,shift_H,"[{""coefficient"":1,""condition"":""F2-X2-H""},{""coefficient"":-1,""condition"":""F2-P2-H""}]",original/mean_with_eos,0.3984073003133138,0.002685546875,positive,False,matched_scope_note,2
ELS-3169-F2-shift_H-P2-to-X2,3169,shift_H,"[{""coefficient"":1,""condition"":""F2-X2-H""},{""coefficient"":-1,""condition"":""F2-P2-H""}]",ab_forward/answer_sum,6.0963134765625,0.002685546875,positive,False,matched_scope_note,2
ELS-3169-F2-shift_H-P2-to-X2,3169,shift_H,"[{""coefficient"":1,""condition"":""F2-X2-H""},{""coefficient"":-1,""condition"":""F2-P2-H""}]",ab_forward/answer_mean,3.04815673828125,0.002685546875,positive,False,matched_scope_note,2
ELS-3169-F2-shift_H-P2-to-X2,3169,shift_H,"[{""coefficient"":1,""condition"":""F2-X2-H""},{""coefficient"":-1,""condition"":""F2-P2-H""}]",ab_forward/total_with_eos,6.0963134765625,0.002685546875,positive,False,matched_scope_note,2
ELS-3169-F2-shift_H-P2-to-X2,3169,shift_H,"[{""coefficient"":1,""condition"":""F2-X2-H""},{""coefficient"":-1,""condition"":""F2-P2-H""}]",ab_forward/mean_with_eos,2.0321044921875,0.002685546875,positive,False,matched_scope_note,2
ELS-3169-F2-shift_H-P2-to-X2,3169,shift_H,"[{""coefficient"":1,""condition"":""F2-X2-H""},{""coefficient"":-1,""condition"":""F2-P2-H""}]",ab_reverse/answer_sum,4.908149719238281,0.002685546875,positive,False,matched_scope_note,2
ELS-3169-F2-shift_H-P2-to-X2,3169,shift_H,"[{""coefficient"":1,""condition"":""F2-X2-H""},{""coefficient"":-1,""condition"":""F2-P2-H""}]",ab_reverse/answer_mean,2.4540748596191406,0.002685546875,positive,False,matched_scope_note,2
ELS-3169-F2-shift_H-P2-to-X2,3169,shift_H,"[{""coefficient"":1,""condition"":""F2-X2-H""},{""coefficient"":-1,""condition"":""F2-P2-H""}]",ab_reverse/total_with_eos,4.908149719238281,0.002685546875,positive,False,matched_scope_note,2
ELS-3169-F2-shift_H-P2-to-X2,3169,shift_H,"[{""coefficient"":1,""condition"":""F2-X2-H""},{""coefficient"":-1,""condition"":""F2-P2-H""}]",ab_reverse/mean_with_eos,1.6360499064127605,0.002685546875,positive,False,matched_scope_note,2
ELS-3169-F2-shift_H-P2-to-X2,3169,shift_H,"[{""coefficient"":1,""condition"":""F2-X2-H""},{""coefficient"":-1,""condition"":""F2-P2-H""}]",ncc,0.4436765667414493,0.00537109375,positive,False,matched_scope_note,2
ELS-3169-F2-shift_H-P2-to-X2,3169,shift_H,"[{""coefficient"":1,""condition"":""F2-X2-H""},{""coefficient"":-1,""condition"":""F2-P2-H""}]",background,0.05293191307625911,0.002685546875,positive,False,matched_scope_note,2
ELS-3169-F2-shift_H-P2-to-X2,3169,shift_H,"[{""coefficient"":1,""condition"":""F2-X2-H""},{""coefficient"":-1,""condition"":""F2-P2-H""}]",ab_symmetric_sum,5.502231597900391,0.002685546875,positive,False,matched_scope_note,2
ELS-3169-F2-shift_H-P2-to-X2,3169,shift_H,"[{""coefficient"":1,""condition"":""F2-X2-H""},{""coefficient"":-1,""condition"":""F2-P2-H""}]",ab_mapping_gap_sum,1.1881637573242188,0.00537109375,positive,False,matched_scope_note,2
ELS-3169-F2-shift_O-P2-to-X2,3169,shift_O,"[{""coefficient"":1,""condition"":""F2-X2-O""},{""coefficient"":-1,""condition"":""F2-P2-O""}]",original/answer_sum,2.771076202392578,0.002685546875,positive,False,matched_scope_note,2
ELS-3169-F2-shift_O-P2-to-X2,3169,shift_O,"[{""coefficient"":1,""condition"":""F2-X2-O""},{""coefficient"":-1,""condition"":""F2-P2-O""}]",original/answer_mean,0.7049161275227864,0.002685546875,positive,False,matched_scope_note,2
ELS-3169-F2-shift_O-P2-to-X2,3169,shift_O,"[{""coefficient"":1,""condition"":""F2-X2-O""},{""coefficient"":-1,""condition"":""F2-P2-O""}]",original/total_with_eos,2.771076202392578,0.002685546875,positive,False,matched_scope_note,2
ELS-3169-F2-shift_O-P2-to-X2,3169,shift_O,"[{""coefficient"":1,""condition"":""F2-X2-O""},{""coefficient"":-1,""condition"":""F2-P2-O""}]",original/mean_with_eos,0.5560340881347656,0.002685546875,positive,False,matched_scope_note,2
ELS-3169-F2-shift_O-P2-to-X2,3169,shift_O,"[{""coefficient"":1,""condition"":""F2-X2-O""},{""coefficient"":-1,""condition"":""F2-P2-O""}]",ab_forward/answer_sum,7.846805572509766,0.002685546875,positive,False,matched_scope_note,2
ELS-3169-F2-shift_O-P2-to-X2,3169,shift_O,"[{""coefficient"":1,""condition"":""F2-X2-O""},{""coefficient"":-1,""condition"":""F2-P2-O""}]",ab_forward/answer_mean,3.923402786254883,0.002685546875,positive,False,matched_scope_note,2
ELS-3169-F2-shift_O-P2-to-X2,3169,shift_O,"[{""coefficient"":1,""condition"":""F2-X2-O""},{""coefficient"":-1,""condition"":""F2-P2-O""}]",ab_forward/total_with_eos,7.846805572509766,0.002685546875,positive,False,matched_scope_note,2
ELS-3169-F2-shift_O-P2-to-X2,3169,shift_O,"[{""coefficient"":1,""condition"":""F2-X2-O""},{""coefficient"":-1,""condition"":""F2-P2-O""}]",ab_forward/mean_with_eos,2.615601857503256,0.002685546875,positive,False,matched_scope_note,2
ELS-3169-F2-shift_O-P2-to-X2,3169,shift_O,"[{""coefficient"":1,""condition"":""F2-X2-O""},{""coefficient"":-1,""condition"":""F2-P2-O""}]",ab_reverse/answer_sum,4.7158050537109375,0.002685546875,positive,False,matched_scope_note,2
ELS-3169-F2-shift_O-P2-to-X2,3169,shift_O,"[{""coefficient"":1,""condition"":""F2-X2-O""},{""coefficient"":-1,""condition"":""F2-P2-O""}]",ab_reverse/answer_mean,2.3579025268554688,0.002685546875,positive,False,matched_scope_note,2
ELS-3169-F2-shift_O-P2-to-X2,3169,shift_O,"[{""coefficient"":1,""condition"":""F2-X2-O""},{""coefficient"":-1,""condition"":""F2-P2-O""}]",ab_reverse/total_with_eos,4.7158050537109375,0.002685546875,positive,False,matched_scope_note,2
ELS-3169-F2-shift_O-P2-to-X2,3169,shift_O,"[{""coefficient"":1,""condition"":""F2-X2-O""},{""coefficient"":-1,""condition"":""F2-P2-O""}]",ab_reverse/mean_with_eos,1.5719350179036458,0.002685546875,positive,False,matched_scope_note,2
ELS-3169-F2-shift_O-P2-to-X2,3169,shift_O,"[{""coefficient"":1,""condition"":""F2-X2-O""},{""coefficient"":-1,""condition"":""F2-P2-O""}]",ncc,0.6673091462226464,0.00537109375,positive,False,matched_scope_note,2
ELS-3169-F2-shift_O-P2-to-X2,3169,shift_O,"[{""coefficient"":1,""condition"":""F2-X2-O""},{""coefficient"":-1,""condition"":""F2-P2-O""}]",background,0.03760698130014006,0.002685546875,positive,False,matched_scope_note,2
ELS-3169-F2-shift_O-P2-to-X2,3169,shift_O,"[{""coefficient"":1,""condition"":""F2-X2-O""},{""coefficient"":-1,""condition"":""F2-P2-O""}]",ab_symmetric_sum,6.281305313110352,0.002685546875,positive,False,matched_scope_note,2
ELS-3169-F2-shift_O-P2-to-X2,3169,shift_O,"[{""coefficient"":1,""condition"":""F2-X2-O""},{""coefficient"":-1,""condition"":""F2-P2-O""}]",ab_mapping_gap_sum,3.131000518798828,0.00537109375,positive,False,matched_scope_note,2
ELS-3169-F2-interaction-P2-to-X2,3169,interaction,"[{""coefficient"":1,""condition"":""F2-X2-H""},{""coefficient"":-1,""condition"":""F2-X2-O""},{""coefficient"":-1,""condition"":""F2-P2-H""},{""coefficient"":1,""condition"":""F2-P2-O""}]",original/answer_sum,-0.6584281921386719,0.00537109375,negative,False,matched_scope_note,2
ELS-3169-F2-interaction-P2-to-X2,3169,interaction,"[{""coefficient"":1,""condition"":""F2-X2-H""},{""coefficient"":-1,""condition"":""F2-X2-O""},{""coefficient"":-1,""condition"":""F2-P2-H""},{""coefficient"":1,""condition"":""F2-P2-O""}]",original/answer_mean,-0.20830764770507806,0.00537109375,negative,False,matched_scope_note,2
ELS-3169-F2-interaction-P2-to-X2,3169,interaction,"[{""coefficient"":1,""condition"":""F2-X2-H""},{""coefficient"":-1,""condition"":""F2-X2-O""},{""coefficient"":-1,""condition"":""F2-P2-H""},{""coefficient"":1,""condition"":""F2-P2-O""}]",original/total_with_eos,-0.6584281921386719,0.00537109375,negative,False,matched_scope_note,2
ELS-3169-F2-interaction-P2-to-X2,3169,interaction,"[{""coefficient"":1,""condition"":""F2-X2-H""},{""coefficient"":-1,""condition"":""F2-X2-O""},{""coefficient"":-1,""condition"":""F2-P2-H""},{""coefficient"":1,""condition"":""F2-P2-O""}]",original/mean_with_eos,-0.15762678782145184,0.00537109375,negative,False,matched_scope_note,2
ELS-3169-F2-interaction-P2-to-X2,3169,interaction,"[{""coefficient"":1,""condition"":""F2-X2-H""},{""coefficient"":-1,""condition"":""F2-X2-O""},{""coefficient"":-1,""condition"":""F2-P2-H""},{""coefficient"":1,""condition"":""F2-P2-O""}]",ab_forward/answer_sum,-1.7504920959472656,0.00537109375,negative,False,matched_scope_note,2
ELS-3169-F2-interaction-P2-to-X2,3169,interaction,"[{""coefficient"":1,""condition"":""F2-X2-H""},{""coefficient"":-1,""condition"":""F2-X2-O""},{""coefficient"":-1,""condition"":""F2-P2-H""},{""coefficient"":1,""condition"":""F2-P2-O""}]",ab_forward/answer_mean,-0.8752460479736328,0.00537109375,negative,False,matched_scope_note,2
ELS-3169-F2-interaction-P2-to-X2,3169,interaction,"[{""coefficient"":1,""condition"":""F2-X2-H""},{""coefficient"":-1,""condition"":""F2-X2-O""},{""coefficient"":-1,""condition"":""F2-P2-H""},{""coefficient"":1,""condition"":""F2-P2-O""}]",ab_forward/total_with_eos,-1.7504920959472656,0.00537109375,negative,False,matched_scope_note,2
ELS-3169-F2-interaction-P2-to-X2,3169,interaction,"[{""coefficient"":1,""condition"":""F2-X2-H""},{""coefficient"":-1,""condition"":""F2-X2-O""},{""coefficient"":-1,""condition"":""F2-P2-H""},{""coefficient"":1,""condition"":""F2-P2-O""}]",ab_forward/mean_with_eos,-0.5834973653157556,0.00537109375,negative,False,matched_scope_note,2
ELS-3169-F2-interaction-P2-to-X2,3169,interaction,"[{""coefficient"":1,""condition"":""F2-X2-H""},{""coefficient"":-1,""condition"":""F2-X2-O""},{""coefficient"":-1,""condition"":""F2-P2-H""},{""coefficient"":1,""condition"":""F2-P2-O""}]",ab_reverse/answer_sum,0.19234466552734375,0.00537109375,positive,False,matched_scope_note,2
ELS-3169-F2-interaction-P2-to-X2,3169,interaction,"[{""coefficient"":1,""condition"":""F2-X2-H""},{""coefficient"":-1,""condition"":""F2-X2-O""},{""coefficient"":-1,""condition"":""F2-P2-H""},{""coefficient"":1,""condition"":""F2-P2-O""}]",ab_reverse/answer_mean,0.09617233276367188,0.00537109375,positive,False,matched_scope_note,2
ELS-3169-F2-interaction-P2-to-X2,3169,interaction,"[{""coefficient"":1,""condition"":""F2-X2-H""},{""coefficient"":-1,""condition"":""F2-X2-O""},{""coefficient"":-1,""condition"":""F2-P2-H""},{""coefficient"":1,""condition"":""F2-P2-O""}]",ab_reverse/total_with_eos,0.19234466552734375,0.00537109375,positive,False,matched_scope_note,2
ELS-3169-F2-interaction-P2-to-X2,3169,interaction,"[{""coefficient"":1,""condition"":""F2-X2-H""},{""coefficient"":-1,""condition"":""F2-X2-O""},{""coefficient"":-1,""condition"":""F2-P2-H""},{""coefficient"":1,""condition"":""F2-P2-O""}]",ab_reverse/mean_with_eos,0.06411488850911473,0.00537109375,positive,False,matched_scope_note,2
ELS-3169-F2-interaction-P2-to-X2,3169,interaction,"[{""coefficient"":1,""condition"":""F2-X2-H""},{""coefficient"":-1,""condition"":""F2-X2-O""},{""coefficient"":-1,""condition"":""F2-P2-H""},{""coefficient"":1,""condition"":""F2-P2-O""}]",ncc,-0.22363257948119708,0.0107421875,negative,False,matched_scope_note,2
ELS-3169-F2-interaction-P2-to-X2,3169,interaction,"[{""coefficient"":1,""condition"":""F2-X2-H""},{""coefficient"":-1,""condition"":""F2-X2-O""},{""coefficient"":-1,""condition"":""F2-P2-H""},{""coefficient"":1,""condition"":""F2-P2-O""}]",background,0.015324931776119044,0.00537109375,positive,False,matched_scope_note,2
ELS-3169-F2-interaction-P2-to-X2,3169,interaction,"[{""coefficient"":1,""condition"":""F2-X2-H""},{""coefficient"":-1,""condition"":""F2-X2-O""},{""coefficient"":-1,""condition"":""F2-P2-H""},{""coefficient"":1,""condition"":""F2-P2-O""}]",ab_symmetric_sum,-0.7790737152099609,0.00537109375,negative,False,matched_scope_note,2
ELS-3169-F2-interaction-P2-to-X2,3169,interaction,"[{""coefficient"":1,""condition"":""F2-X2-H""},{""coefficient"":-1,""condition"":""F2-X2-O""},{""coefficient"":-1,""condition"":""F2-P2-H""},{""coefficient"":1,""condition"":""F2-P2-O""}]",ab_mapping_gap_sum,-1.9428367614746094,0.0107421875,negative,False,matched_scope_note,2
ELS-3169-F2-common_shift-P2-to-X2,3169,common_shift,"[{""coefficient"":0.5,""condition"":""F2-X2-H""},{""coefficient"":0.5,""condition"":""F2-X2-O""},{""coefficient"":-0.5,""condition"":""F2-P2-H""},{""coefficient"":-0.5,""condition"":""F2-P2-O""}]",original/answer_sum,2.441862106323242,0.002685546875,positive,False,matched_scope_note,2
ELS-3169-F2-common_shift-P2-to-X2,3169,common_shift,"[{""coefficient"":0.5,""condition"":""F2-X2-H""},{""coefficient"":0.5,""condition"":""F2-X2-O""},{""coefficient"":-0.5,""condition"":""F2-P2-H""},{""coefficient"":-0.5,""condition"":""F2-P2-O""}]",original/answer_mean,0.6007623036702474,0.002685546875,positive,False,matched_scope_note,2
ELS-3169-F2-common_shift-P2-to-X2,3169,common_shift,"[{""coefficient"":0.5,""condition"":""F2-X2-H""},{""coefficient"":0.5,""condition"":""F2-X2-O""},{""coefficient"":-0.5,""condition"":""F2-P2-H""},{""coefficient"":-0.5,""condition"":""F2-P2-O""}]",original/total_with_eos,2.441862106323242,0.002685546875,positive,False,matched_scope_note,2
ELS-3169-F2-common_shift-P2-to-X2,3169,common_shift,"[{""coefficient"":0.5,""condition"":""F2-X2-H""},{""coefficient"":0.5,""condition"":""F2-X2-O""},{""coefficient"":-0.5,""condition"":""F2-P2-H""},{""coefficient"":-0.5,""condition"":""F2-P2-O""}]",original/mean_with_eos,0.4772206942240397,0.002685546875,positive,False,matched_scope_note,2
ELS-3169-F2-common_shift-P2-to-X2,3169,common_shift,"[{""coefficient"":0.5,""condition"":""F2-X2-H""},{""coefficient"":0.5,""condition"":""F2-X2-O""},{""coefficient"":-0.5,""condition"":""F2-P2-H""},{""coefficient"":-0.5,""condition"":""F2-P2-O""}]",ab_forward/answer_sum,6.971559524536133,0.002685546875,positive,False,matched_scope_note,2
ELS-3169-F2-common_shift-P2-to-X2,3169,common_shift,"[{""coefficient"":0.5,""condition"":""F2-X2-H""},{""coefficient"":0.5,""condition"":""F2-X2-O""},{""coefficient"":-0.5,""condition"":""F2-P2-H""},{""coefficient"":-0.5,""condition"":""F2-P2-O""}]",ab_forward/answer_mean,3.4857797622680664,0.002685546875,positive,False,matched_scope_note,2
ELS-3169-F2-common_shift-P2-to-X2,3169,common_shift,"[{""coefficient"":0.5,""condition"":""F2-X2-H""},{""coefficient"":0.5,""condition"":""F2-X2-O""},{""coefficient"":-0.5,""condition"":""F2-P2-H""},{""coefficient"":-0.5,""condition"":""F2-P2-O""}]",ab_forward/total_with_eos,6.971559524536133,0.002685546875,positive,False,matched_scope_note,2
ELS-3169-F2-common_shift-P2-to-X2,3169,common_shift,"[{""coefficient"":0.5,""condition"":""F2-X2-H""},{""coefficient"":0.5,""condition"":""F2-X2-O""},{""coefficient"":-0.5,""condition"":""F2-P2-H""},{""coefficient"":-0.5,""condition"":""F2-P2-O""}]",ab_forward/mean_with_eos,2.323853174845378,0.002685546875,positive,False,matched_scope_note,2
ELS-3169-F2-common_shift-P2-to-X2,3169,common_shift,"[{""coefficient"":0.5,""condition"":""F2-X2-H""},{""coefficient"":0.5,""condition"":""F2-X2-O""},{""coefficient"":-0.5,""condition"":""F2-P2-H""},{""coefficient"":-0.5,""condition"":""F2-P2-O""}]",ab_reverse/answer_sum,4.811977386474609,0.002685546875,positive,False,matched_scope_note,2
ELS-3169-F2-common_shift-P2-to-X2,3169,common_shift,"[{""coefficient"":0.5,""condition"":""F2-X2-H""},{""coefficient"":0.5,""condition"":""F2-X2-O""},{""coefficient"":-0.5,""condition"":""F2-P2-H""},{""coefficient"":-0.5,""condition"":""F2-P2-O""}]",ab_reverse/answer_mean,2.4059886932373047,0.002685546875,positive,False,matched_scope_note,2
ELS-3169-F2-common_shift-P2-to-X2,3169,common_shift,"[{""coefficient"":0.5,""condition"":""F2-X2-H""},{""coefficient"":0.5,""condition"":""F2-X2-O""},{""coefficient"":-0.5,""condition"":""F2-P2-H""},{""coefficient"":-0.5,""condition"":""F2-P2-O""}]",ab_reverse/total_with_eos,4.811977386474609,0.002685546875,positive,False,matched_scope_note,2
ELS-3169-F2-common_shift-P2-to-X2,3169,common_shift,"[{""coefficient"":0.5,""condition"":""F2-X2-H""},{""coefficient"":0.5,""condition"":""F2-X2-O""},{""coefficient"":-0.5,""condition"":""F2-P2-H""},{""coefficient"":-0.5,""condition"":""F2-P2-O""}]",ab_reverse/mean_with_eos,1.6039924621582031,0.002685546875,positive,False,matched_scope_note,2
ELS-3169-F2-common_shift-P2-to-X2,3169,common_shift,"[{""coefficient"":0.5,""condition"":""F2-X2-H""},{""coefficient"":0.5,""condition"":""F2-X2-O""},{""coefficient"":-0.5,""condition"":""F2-P2-H""},{""coefficient"":-0.5,""condition"":""F2-P2-O""}]",ncc,0.5554928564820478,0.00537109375,positive,False,matched_scope_note,2
ELS-3169-F2-common_shift-P2-to-X2,3169,common_shift,"[{""coefficient"":0.5,""condition"":""F2-X2-H""},{""coefficient"":0.5,""condition"":""F2-X2-O""},{""coefficient"":-0.5,""condition"":""F2-P2-H""},{""coefficient"":-0.5,""condition"":""F2-P2-O""}]",background,0.045269447188199585,0.002685546875,positive,False,matched_scope_note,2
ELS-3169-F2-common_shift-P2-to-X2,3169,common_shift,"[{""coefficient"":0.5,""condition"":""F2-X2-H""},{""coefficient"":0.5,""condition"":""F2-X2-O""},{""coefficient"":-0.5,""condition"":""F2-P2-H""},{""coefficient"":-0.5,""condition"":""F2-P2-O""}]",ab_symmetric_sum,5.891768455505371,0.002685546875,positive,False,matched_scope_note,2
ELS-3169-F2-common_shift-P2-to-X2,3169,common_shift,"[{""coefficient"":0.5,""condition"":""F2-X2-H""},{""coefficient"":0.5,""condition"":""F2-X2-O""},{""coefficient"":-0.5,""condition"":""F2-P2-H""},{""coefficient"":-0.5,""condition"":""F2-P2-O""}]",ab_mapping_gap_sum,2.1595821380615234,0.00537109375,positive,False,matched_scope_note,2
