job_id	comparison	layer0	probe_pre	probe_mid	probe_post	increment_attention	increment_mlp	branch_attention	branch_mlp	scale_attention	scale_mlp	rounding_attention	rounding_mlp
Q01-D01-upstream	minus-native	0	0.0	0.0	0.0	0.0	0.0	0.0	0.0	0.0	0.0	0.0	0.0
Q01-D01-upstream	minus-native	1	0.0	0.0	0.0	0.0	0.0	0.0	0.0	0.0	0.0	0.0	0.0
Q01-D01-upstream	minus-native	2	0.0	0.0	0.0	0.0	0.0	0.0	0.0	0.0	0.0	0.0	0.0
Q01-D01-upstream	minus-native	3	0.0	0.0	0.0	0.0	0.0	0.0	0.0	0.0	0.0	0.0	0.0
Q01-D01-upstream	minus-native	4	0.0	0.0	0.0	0.0	0.0	0.0	0.0	0.0	0.0	0.0	0.0
Q01-D01-upstream	minus-native	5	0.0	0.0	0.0	0.0	0.0	0.0	0.0	0.0	0.0	0.0	0.0
Q01-D01-upstream	minus-native	6	0.0	0.0	0.0	0.0	0.0	0.0	0.0	0.0	0.0	0.0	0.0
Q01-D01-upstream	minus-native	7	0.0	0.0	0.0	0.0	0.0	0.0	0.0	0.0	0.0	0.0	0.0
Q01-D01-upstream	minus-native	8	0.0	0.0	0.0	0.0	0.0	0.0	0.0	0.0	0.0	0.0	0.0
Q01-D01-upstream	minus-native	9	0.0	0.0	0.0	0.0	0.0	0.0	0.0	0.0	0.0	0.0	0.0
Q01-D01-upstream	minus-native	10	0.0	0.0	0.0	0.0	0.0	0.0	0.0	0.0	0.0	0.0	0.0
Q01-D01-upstream	minus-native	11	0.0	0.0	0.0	0.0	0.0	0.0	0.0	0.0	0.0	0.0	0.0
Q01-D01-upstream	minus-native	12	0.0	0.0	0.0	0.0	0.0	0.0	0.0	0.0	0.0	0.0	0.0
Q01-D01-upstream	minus-native	13	0.0	0.0	0.0	0.0	0.0	0.0	0.0	0.0	0.0	0.0	0.0
Q01-D01-upstream	minus-native	14	0.0	0.0	0.0	0.0	0.0	0.0	0.0	0.0	0.0	0.0	0.0
Q01-D01-upstream	minus-native	15	0.0	0.0	0.0	0.0	0.0	0.0	0.0	0.0	0.0	0.0	0.0
Q01-D01-upstream	minus-native	16	0.0	0.0	0.0	0.0	0.0	0.0	0.0	0.0	0.0	0.0	0.0
Q01-D01-upstream	minus-native	17	0.0	0.0	0.0	0.0	0.0	0.0	0.0	0.0	0.0	0.0	0.0
Q01-D01-upstream	minus-native	18	0.0	-0.00035953521728515625	0.0024045705795288086	-0.00035953521728515625	0.002764105796813965	-0.000288872187576672	0.002581859910998574	-7.004751220085481e-05	0.00018191281276225268	-6.155175076294483e-07	3.330730531381221e-07
Q01-D01-upstream	minus-native	19	0.0024045705795288086	0.030157089233398438	0.061597585678100586	0.02775251865386963	0.03144049644470215	0.02766424300928061	0.03239079852250559	8.886044567790741e-05	-0.0009501473478428224	-5.848010888875876e-07	-1.5472996062193545e-07
Q01-D01-upstream	minus-native	20	0.061597585678100586	0.04075455665588379	0.027620553970336914	-0.020843029022216797	-0.013134002685546875	-0.027310236899031226	-0.006180363223665785	0.006465674680160682	-0.006952105120033969	1.5331966537468489e-06	-1.534341847075904e-06
Q01-D01-upstream	minus-native	21	0.027620553970336914	0.5747992992401123	-0.0005495548248291016	0.5471787452697754	-0.5753488540649414	0.5242752380130868	-0.5214681786997728	0.022904426352209906	-0.053881297549561114	-9.190955213567165e-07	6.221843925069415e-07
Q01-D01-upstream	minus-native	22	-0.0005495548248291016	0.4508669376373291	0.4300520420074463	0.4514164924621582	-0.020814895629882812	0.5075503755106888	-0.026595246742201484	-0.05613579695101706	0.005781033448597803	1.9139024864389675e-06	-6.823362791313903e-07
Q01-D01-upstream	minus-native	23	0.4300520420074463	0.9885792434215546	3.2649075388908386	0.5585272014141083	2.276328295469284	0.6429552793581881	2.3590674836179217	-0.08442892911364641	-0.08273879861000338	8.51169566606913e-07	-3.8953863429336266e-07
Q01-D01-upstream	minus-native	24	3.2649075388908386	3.451189875602722	4.017341256141663	0.18628233671188354	0.5661513805389404	0.47272979730193354	0.9726961948736237	-0.2864494503323509	-0.4065441870933353	1.9897423009229698e-06	-6.272413479169181e-07
Q01-D01-upstream	minus-native	25	4.017341256141663	3.6892243027687073	3.8912603855133057	-0.3281169533729553	0.2020360827445984	-0.11165973460797968	0.47336472409101404	-0.21645557882786867	-0.2713310768593378	-1.6399371069730773e-06	2.435512922172034e-06
Q01-D01-upstream	minus-native	26	3.8912603855133057	9.814724564552307	9.187376022338867	5.9234641790390015	-0.6273485422134399	6.136809935007086	0.5418646931053486	-0.2133485526811223	-1.1692055816562625	2.7967130373784954e-06	-7.65366252597488e-06
Q01-D01-upstream	minus-native	27	9.187376022338867	9.31991958618164	9.521045684814453	0.13254356384277344	0.2011260986328125	0.3384602838101055	0.9640338397200122	-0.20591773921061152	-0.7629104428667707	1.0192432794292605e-06	2.7017795709571857e-06
Q01-D01-upstream	minus-native	28	9.521045684814453	9.499405860900879	14.99201488494873	-0.02163982391357422	5.492609024047852	0.30389601530297305	6.626233372634154	-0.325533997256243	-1.133623907462802	-1.8419603042899024e-06	-4.4112350011671353e-07
Q01-D01-upstream	minus-native	29	14.99201488494873	18.699420928955078	14.33257007598877	3.7074060440063477	-4.366850852966309	4.910241364864126	-2.5271122118843015	-1.2028376348693874	-1.8397357610480658	2.3140116096609376e-06	-2.8800339415546716e-06
Q01-D01-upstream	minus-native	30	14.33257007598877	16.041316032409668	14.789681434631348	1.7087459564208984	-1.2516345977783203	2.545801391081045	0.9068137907668983	-0.8370530787894523	-2.158453489803154	-2.355870694248363e-06	5.101257935624659e-06
Q01-D01-upstream	minus-native	31	14.789681434631348	14.514130592346191	15.652541160583496	-0.27555084228515625	1.1384105682373047	0.32533642164361987	2.588178967366881	-0.6008842521723534	-1.449772390515394	-3.01175642278273e-06	3.991385818080673e-06
Q01-D01-upstream	minus-native	32	15.652541160583496	17.69501495361328	22.749605178833008	2.042473793029785	5.054590225219727	3.0218508791687793	6.281092422737416	-0.9793744367719424	-1.2265038554738337	-2.6493670517435675e-06	1.6579561443186286e-06
Q01-D01-upstream	minus-native	33	22.749605178833008	21.352947235107422	19.59706974029541	-1.396657943725586	-1.7558774948120117	0.1324034148136034	0.5211771192587427	-1.5290591126169666	-2.2770592062787656	-2.245922222643415e-06	4.592208011300336e-06
Q01-D01-upstream	minus-native	34	19.59706974029541	17.294471740722656	12.98365306854248	-2.302597999572754	-4.310818672180176	-0.14618182607117589	-0.8258184063519098	-2.1564146009380427	-3.484996514262571	-1.5725635352792366e-06	-3.7515656952091803e-06
Q01-D01-upstream	minus-native	35	12.98365306854248	12.49797534942627	22.876495361328125	-0.48567771911621094	10.378520011901855	0.5434322758881796	-3.56352327672608	-1.0291054631524879	13.942038537486496	-4.531851902606077e-06	4.751141438052997e-06
Q01-D01-restore-L26-attention	minus-native	0	0.0	0.0	0.0	0.0	0.0	0.0	0.0	0.0	0.0	0.0	0.0
Q01-D01-restore-L26-attention	minus-native	1	0.0	0.0	0.0	0.0	0.0	0.0	0.0	0.0	0.0	0.0	0.0
Q01-D01-restore-L26-attention	minus-native	2	0.0	0.0	0.0	0.0	0.0	0.0	0.0	0.0	0.0	0.0	0.0
Q01-D01-restore-L26-attention	minus-native	3	0.0	0.0	0.0	0.0	0.0	0.0	0.0	0.0	0.0	0.0	0.0
Q01-D01-restore-L26-attention	minus-native	4	0.0	0.0	0.0	0.0	0.0	0.0	0.0	0.0	0.0	0.0	0.0
Q01-D01-restore-L26-attention	minus-native	5	0.0	0.0	0.0	0.0	0.0	0.0	0.0	0.0	0.0	0.0	0.0
Q01-D01-restore-L26-attention	minus-native	6	0.0	0.0	0.0	0.0	0.0	0.0	0.0	0.0	0.0	0.0	0.0
Q01-D01-restore-L26-attention	minus-native	7	0.0	0.0	0.0	0.0	0.0	0.0	0.0	0.0	0.0	0.0	0.0
Q01-D01-restore-L26-attention	minus-native	8	0.0	0.0	0.0	0.0	0.0	0.0	0.0	0.0	0.0	0.0	0.0
Q01-D01-restore-L26-attention	minus-native	9	0.0	0.0	0.0	0.0	0.0	0.0	0.0	0.0	0.0	0.0	0.0
Q01-D01-restore-L26-attention	minus-native	10	0.0	0.0	0.0	0.0	0.0	0.0	0.0	0.0	0.0	0.0	0.0
Q01-D01-restore-L26-attention	minus-native	11	0.0	0.0	0.0	0.0	0.0	0.0	0.0	0.0	0.0	0.0	0.0
Q01-D01-restore-L26-attention	minus-native	12	0.0	0.0	0.0	0.0	0.0	0.0	0.0	0.0	0.0	0.0	0.0
Q01-D01-restore-L26-attention	minus-native	13	0.0	0.0	0.0	0.0	0.0	0.0	0.0	0.0	0.0	0.0	0.0
Q01-D01-restore-L26-attention	minus-native	14	0.0	0.0	0.0	0.0	0.0	0.0	0.0	0.0	0.0	0.0	0.0
Q01-D01-restore-L26-attention	minus-native	15	0.0	0.0	0.0	0.0	0.0	0.0	0.0	0.0	0.0	0.0	0.0
Q01-D01-restore-L26-attention	minus-native	16	0.0	0.0	0.0	0.0	0.0	0.0	0.0	0.0	0.0	0.0	0.0
Q01-D01-restore-L26-attention	minus-native	17	0.0	0.0	0.0	0.0	0.0	0.0	0.0	0.0	0.0	0.0	0.0
Q01-D01-restore-L26-attention	minus-native	18	0.0	-0.00035953521728515625	0.0024045705795288086	-0.00035953521728515625	0.002764105796813965	-0.000288872187576672	0.002581859910998574	-7.004751220085481e-05	0.00018191281276225268	-6.155175076294483e-07	3.330730531381221e-07
Q01-D01-restore-L26-attention	minus-native	19	0.0024045705795288086	0.030157089233398438	0.061597585678100586	0.02775251865386963	0.03144049644470215	0.02766424300928061	0.03239079852250559	8.886044567790741e-05	-0.0009501473478428224	-5.848010888875876e-07	-1.5472996062193545e-07
Q01-D01-restore-L26-attention	minus-native	20	0.061597585678100586	0.04075455665588379	0.027620553970336914	-0.020843029022216797	-0.013134002685546875	-0.027310236899031226	-0.006180363223665785	0.006465674680160682	-0.006952105120033969	1.5331966537468489e-06	-1.534341847075904e-06
Q01-D01-restore-L26-attention	minus-native	21	0.027620553970336914	0.5747992992401123	-0.0005495548248291016	0.5471787452697754	-0.5753488540649414	0.5242752380130868	-0.5214681786997728	0.022904426352209906	-0.053881297549561114	-9.190955213567165e-07	6.221843925069415e-07
Q01-D01-restore-L26-attention	minus-native	22	-0.0005495548248291016	0.4508669376373291	0.4300520420074463	0.4514164924621582	-0.020814895629882812	0.5075503755106888	-0.026595246742201484	-0.05613579695101706	0.005781033448597803	1.9139024864389675e-06	-6.823362791313903e-07
Q01-D01-restore-L26-attention	minus-native	23	0.4300520420074463	0.9885792434215546	3.2649075388908386	0.5585272014141083	2.276328295469284	0.6429552793581881	2.3590674836179217	-0.08442892911364641	-0.08273879861000338	8.51169566606913e-07	-3.8953863429336266e-07
Q01-D01-restore-L26-attention	minus-native	24	3.2649075388908386	3.451189875602722	4.017341256141663	0.18628233671188354	0.5661513805389404	0.47272979730193354	0.9726961948736237	-0.2864494503323509	-0.4065441870933353	1.9897423009229698e-06	-6.272413479169181e-07
Q01-D01-restore-L26-attention	minus-native	25	4.017341256141663	3.6892243027687073	3.8912603855133057	-0.3281169533729553	0.2020360827445984	-0.11165973460797968	0.47336472409101404	-0.21645557882786867	-0.2713310768593378	-1.6399371069730773e-06	2.435512922172034e-06
Q01-D01-restore-L26-attention	minus-native	26	3.8912603855133057	3.7110531330108643	3.064852714538574	-0.1802072525024414	-0.64620041847229	-0.004665547640842149	-0.23258030972898183	-0.17554222556867943	-0.4136133742664257	5.207070801760416e-07	-6.7344768824861845e-06
Q01-D01-restore-L26-attention	minus-native	27	3.064852714538574	2.9251065254211426	3.3269271850585938	-0.13974618911743164	0.40182065963745117	-0.05487677362706589	0.6354276882371697	-0.08487077141056999	-0.23361046028946114	1.3559202042406904e-06	3.431689742650068e-06
Q01-D01-restore-L26-attention	minus-native	28	3.3269271850585938	3.1845521926879883	6.434684753417969	-0.14237499237060547	3.2501325607299805	-0.022223628792908734	3.6255855579620206	-0.12015437082462271	-0.37544886262651644	3.0072469259720402e-06	-4.134605523758994e-06
Q01-D01-restore-L26-attention	minus-native	29	6.434684753417969	8.589971542358398	7.289666175842285	2.1552867889404297	-1.3003053665161133	2.656552624328321	-0.4701021268971399	-0.5012657870129639	-0.8302042560520775	-4.8374927480443475e-08	1.0164331040174446e-06
Q01-D01-restore-L26-attention	minus-native	30	7.289666175842285	8.503094673156738	7.40999698638916	1.2134284973144531	-1.0930976867675781	1.614695260386248	0.05728227559618482	-0.40126329879318007	-1.1503861314706556	-3.464278614917493e-06	6.1691068925645576e-06
Q01-D01-restore-L26-attention	minus-native	31	7.40999698638916	7.363753318786621	7.974327087402344	-0.04624366760253906	0.6105737686157227	0.256840572197625	1.330740903483758	-0.3030856293658024	-0.720161151776238	1.3895656383530741e-06	-5.983091797473472e-06
Q01-D01-restore-L26-attention	minus-native	32	7.974327087402344	9.081851959228516	11.136892318725586	1.1075248718261719	2.0550403594970703	1.6172905377582882	2.5975451900278985	-0.509767538459572	-0.5425029077663986	1.8725274556763427e-06	-1.92276442956274e-06
Q01-D01-restore-L26-attention	minus-native	33	11.136892318725586	10.45610237121582	9.972357749938965	-0.6807899475097656	-0.48374462127685547	0.043050456488497424	0.5908740292325261	-0.723843375047171	-1.0746223173384237	2.9710489080625457e-06	3.6668290421815186e-06
Q01-D01-restore-L26-attention	minus-native	34	9.972357749938965	8.813987731933594	6.625519752502441	-1.158370018005371	-2.1884679794311523	-0.037480107576292804	-0.4345760592039596	-1.1208853741518041	-1.7538890764615287	-4.536277274258538e-06	-2.843765663951281e-06
Q01-D01-restore-L26-attention	minus-native	35	6.625519752502441	6.415776252746582	12.209884643554688	-0.20974349975585938	5.7941083908081055	0.3194403780078743	-0.7290332620327402	-0.5291843031030299	6.523138282702593	4.2533929628385536e-07	3.37013825202348e-06
Q01-D01-restore-L28-mlp	minus-native	0	0.0	0.0	0.0	0.0	0.0	0.0	0.0	0.0	0.0	0.0	0.0
Q01-D01-restore-L28-mlp	minus-native	1	0.0	0.0	0.0	0.0	0.0	0.0	0.0	0.0	0.0	0.0	0.0
Q01-D01-restore-L28-mlp	minus-native	2	0.0	0.0	0.0	0.0	0.0	0.0	0.0	0.0	0.0	0.0	0.0
Q01-D01-restore-L28-mlp	minus-native	3	0.0	0.0	0.0	0.0	0.0	0.0	0.0	0.0	0.0	0.0	0.0
Q01-D01-restore-L28-mlp	minus-native	4	0.0	0.0	0.0	0.0	0.0	0.0	0.0	0.0	0.0	0.0	0.0
Q01-D01-restore-L28-mlp	minus-native	5	0.0	0.0	0.0	0.0	0.0	0.0	0.0	0.0	0.0	0.0	0.0
Q01-D01-restore-L28-mlp	minus-native	6	0.0	0.0	0.0	0.0	0.0	0.0	0.0	0.0	0.0	0.0	0.0
Q01-D01-restore-L28-mlp	minus-native	7	0.0	0.0	0.0	0.0	0.0	0.0	0.0	0.0	0.0	0.0	0.0
Q01-D01-restore-L28-mlp	minus-native	8	0.0	0.0	0.0	0.0	0.0	0.0	0.0	0.0	0.0	0.0	0.0
Q01-D01-restore-L28-mlp	minus-native	9	0.0	0.0	0.0	0.0	0.0	0.0	0.0	0.0	0.0	0.0	0.0
Q01-D01-restore-L28-mlp	minus-native	10	0.0	0.0	0.0	0.0	0.0	0.0	0.0	0.0	0.0	0.0	0.0
Q01-D01-restore-L28-mlp	minus-native	11	0.0	0.0	0.0	0.0	0.0	0.0	0.0	0.0	0.0	0.0	0.0
Q01-D01-restore-L28-mlp	minus-native	12	0.0	0.0	0.0	0.0	0.0	0.0	0.0	0.0	0.0	0.0	0.0
Q01-D01-restore-L28-mlp	minus-native	13	0.0	0.0	0.0	0.0	0.0	0.0	0.0	0.0	0.0	0.0	0.0
Q01-D01-restore-L28-mlp	minus-native	14	0.0	0.0	0.0	0.0	0.0	0.0	0.0	0.0	0.0	0.0	0.0
Q01-D01-restore-L28-mlp	minus-native	15	0.0	0.0	0.0	0.0	0.0	0.0	0.0	0.0	0.0	0.0	0.0
Q01-D01-restore-L28-mlp	minus-native	16	0.0	0.0	0.0	0.0	0.0	0.0	0.0	0.0	0.0	0.0	0.0
Q01-D01-restore-L28-mlp	minus-native	17	0.0	0.0	0.0	0.0	0.0	0.0	0.0	0.0	0.0	0.0	0.0
Q01-D01-restore-L28-mlp	minus-native	18	0.0	-0.00035953521728515625	0.0024045705795288086	-0.00035953521728515625	0.002764105796813965	-0.000288872187576672	0.002581859910998574	-7.004751220085481e-05	0.00018191281276225268	-6.155175076294483e-07	3.330730531381221e-07
Q01-D01-restore-L28-mlp	minus-native	19	0.0024045705795288086	0.030157089233398438	0.061597585678100586	0.02775251865386963	0.03144049644470215	0.02766424300928061	0.03239079852250559	8.886044567790741e-05	-0.0009501473478428224	-5.848010888875876e-07	-1.5472996062193545e-07
Q01-D01-restore-L28-mlp	minus-native	20	0.061597585678100586	0.04075455665588379	0.027620553970336914	-0.020843029022216797	-0.013134002685546875	-0.027310236899031226	-0.006180363223665785	0.006465674680160682	-0.006952105120033969	1.5331966537468489e-06	-1.534341847075904e-06
Q01-D01-restore-L28-mlp	minus-native	21	0.027620553970336914	0.5747992992401123	-0.0005495548248291016	0.5471787452697754	-0.5753488540649414	0.5242752380130868	-0.5214681786997728	0.022904426352209906	-0.053881297549561114	-9.190955213567165e-07	6.221843925069415e-07
Q01-D01-restore-L28-mlp	minus-native	22	-0.0005495548248291016	0.4508669376373291	0.4300520420074463	0.4514164924621582	-0.020814895629882812	0.5075503755106888	-0.026595246742201484	-0.05613579695101706	0.005781033448597803	1.9139024864389675e-06	-6.823362791313903e-07
Q01-D01-restore-L28-mlp	minus-native	23	0.4300520420074463	0.9885792434215546	3.2649075388908386	0.5585272014141083	2.276328295469284	0.6429552793581881	2.3590674836179217	-0.08442892911364641	-0.08273879861000338	8.51169566606913e-07	-3.8953863429336266e-07
Q01-D01-restore-L28-mlp	minus-native	24	3.2649075388908386	3.451189875602722	4.017341256141663	0.18628233671188354	0.5661513805389404	0.47272979730193354	0.9726961948736237	-0.2864494503323509	-0.4065441870933353	1.9897423009229698e-06	-6.272413479169181e-07
Q01-D01-restore-L28-mlp	minus-native	25	4.017341256141663	3.6892243027687073	3.8912603855133057	-0.3281169533729553	0.2020360827445984	-0.11165973460797968	0.47336472409101404	-0.21645557882786867	-0.2713310768593378	-1.6399371069730773e-06	2.435512922172034e-06
Q01-D01-restore-L28-mlp	minus-native	26	3.8912603855133057	9.814724564552307	9.187376022338867	5.9234641790390015	-0.6273485422134399	6.136809935007086	0.5418646931053486	-0.2133485526811223	-1.1692055816562625	2.7967130373784954e-06	-7.65366252597488e-06
Q01-D01-restore-L28-mlp	minus-native	27	9.187376022338867	9.31991958618164	9.521045684814453	0.13254356384277344	0.2011260986328125	0.3384602838101055	0.9640338397200122	-0.20591773921061152	-0.7629104428667707	1.0192432794292605e-06	2.7017795709571857e-06
Q01-D01-restore-L28-mlp	minus-native	28	9.521045684814453	9.499405860900879	8.318962097167969	-0.02163982391357422	-1.1804437637329102	0.30389601530297305	-0.0429248454370903	-0.325533997256243	-1.1375211543831225	-1.8419603042899024e-06	2.2360873025983885e-06
Q01-D01-restore-L28-mlp	minus-native	29	8.318962097167969	12.504192352294922	10.196871757507324	4.185230255126953	-2.3073205947875977	4.8323363825571475	-1.0736683745256843	-0.6471085507436215	-1.233644467938694	2.423313426883067e-06	-7.752323219367696e-06
Q01-D01-restore-L28-mlp	minus-native	30	10.196871757507324	11.506176948547363	9.933846473693848	1.309305191040039	-1.5723304748535156	1.8836366458103233	-0.03396427773013366	-0.5743375523062029	-1.5383645349591037	6.097535918583863e-06	-1.66216427832655e-06
Q01-D01-restore-L28-mlp	minus-native	31	9.933846473693848	9.714400291442871	10.605289459228516	-0.21944618225097656	0.8908891677856445	0.18594956033016763	1.848514684598877	-0.40539286131588015	-0.9576286035601678	-2.881265264050026e-06	3.086746935290763e-06
Q01-D01-restore-L28-mlp	minus-native	32	10.605289459228516	12.40977668762207	15.98377799987793	1.8044872283935547	3.5740013122558594	2.474447364678703	4.372307506079806	-0.6699620054530958	-0.7983009777444878	1.869167947615713e-06	-5.216079458580936e-06
Q01-D01-restore-L28-mlp	minus-native	33	15.98377799987793	14.95339584350586	14.116171836853027	-1.0303821563720703	-0.837224006652832	0.042127008186362946	0.7373436258744295	-1.0725082116392426	-1.5745767587382473	-9.5291919044449e-07	9.126210985893612e-06
Q01-D01-restore-L28-mlp	minus-native	34	14.116171836853027	12.37346076965332	9.523999214172363	-1.742711067199707	-2.849461555480957	-0.1801116701433602	-0.37020421670233117	-1.5625991073829821	-2.4792510386546733	-2.896733647225931e-07	-6.300123952709957e-06
Q01-D01-restore-L28-mlp	minus-native	35	9.523999214172363	9.169449806213379	17.408100128173828	-0.3545494079589844	8.23865032196045	0.40547574224777283	-1.5007031841748661	-0.7600220620036117	9.73933907171901	-3.0882031455126135e-06	1.4434416303998887e-05
Q01-D01-restore-joint	minus-native	0	0.0	0.0	0.0	0.0	0.0	0.0	0.0	0.0	0.0	0.0	0.0
Q01-D01-restore-joint	minus-native	1	0.0	0.0	0.0	0.0	0.0	0.0	0.0	0.0	0.0	0.0	0.0
Q01-D01-restore-joint	minus-native	2	0.0	0.0	0.0	0.0	0.0	0.0	0.0	0.0	0.0	0.0	0.0
Q01-D01-restore-joint	minus-native	3	0.0	0.0	0.0	0.0	0.0	0.0	0.0	0.0	0.0	0.0	0.0
Q01-D01-restore-joint	minus-native	4	0.0	0.0	0.0	0.0	0.0	0.0	0.0	0.0	0.0	0.0	0.0
Q01-D01-restore-joint	minus-native	5	0.0	0.0	0.0	0.0	0.0	0.0	0.0	0.0	0.0	0.0	0.0
Q01-D01-restore-joint	minus-native	6	0.0	0.0	0.0	0.0	0.0	0.0	0.0	0.0	0.0	0.0	0.0
Q01-D01-restore-joint	minus-native	7	0.0	0.0	0.0	0.0	0.0	0.0	0.0	0.0	0.0	0.0	0.0
Q01-D01-restore-joint	minus-native	8	0.0	0.0	0.0	0.0	0.0	0.0	0.0	0.0	0.0	0.0	0.0
Q01-D01-restore-joint	minus-native	9	0.0	0.0	0.0	0.0	0.0	0.0	0.0	0.0	0.0	0.0	0.0
Q01-D01-restore-joint	minus-native	10	0.0	0.0	0.0	0.0	0.0	0.0	0.0	0.0	0.0	0.0	0.0
Q01-D01-restore-joint	minus-native	11	0.0	0.0	0.0	0.0	0.0	0.0	0.0	0.0	0.0	0.0	0.0
Q01-D01-restore-joint	minus-native	12	0.0	0.0	0.0	0.0	0.0	0.0	0.0	0.0	0.0	0.0	0.0
Q01-D01-restore-joint	minus-native	13	0.0	0.0	0.0	0.0	0.0	0.0	0.0	0.0	0.0	0.0	0.0
Q01-D01-restore-joint	minus-native	14	0.0	0.0	0.0	0.0	0.0	0.0	0.0	0.0	0.0	0.0	0.0
Q01-D01-restore-joint	minus-native	15	0.0	0.0	0.0	0.0	0.0	0.0	0.0	0.0	0.0	0.0	0.0
Q01-D01-restore-joint	minus-native	16	0.0	0.0	0.0	0.0	0.0	0.0	0.0	0.0	0.0	0.0	0.0
Q01-D01-restore-joint	minus-native	17	0.0	0.0	0.0	0.0	0.0	0.0	0.0	0.0	0.0	0.0	0.0
Q01-D01-restore-joint	minus-native	18	0.0	-0.00035953521728515625	0.0024045705795288086	-0.00035953521728515625	0.002764105796813965	-0.000288872187576672	0.002581859910998574	-7.004751220085481e-05	0.00018191281276225268	-6.155175076294483e-07	3.330730531381221e-07
Q01-D01-restore-joint	minus-native	19	0.0024045705795288086	0.030157089233398438	0.061597585678100586	0.02775251865386963	0.03144049644470215	0.02766424300928061	0.03239079852250559	8.886044567790741e-05	-0.0009501473478428224	-5.848010888875876e-07	-1.5472996062193545e-07
Q01-D01-restore-joint	minus-native	20	0.061597585678100586	0.04075455665588379	0.027620553970336914	-0.020843029022216797	-0.013134002685546875	-0.027310236899031226	-0.006180363223665785	0.006465674680160682	-0.006952105120033969	1.5331966537468489e-06	-1.534341847075904e-06
Q01-D01-restore-joint	minus-native	21	0.027620553970336914	0.5747992992401123	-0.0005495548248291016	0.5471787452697754	-0.5753488540649414	0.5242752380130868	-0.5214681786997728	0.022904426352209906	-0.053881297549561114	-9.190955213567165e-07	6.221843925069415e-07
Q01-D01-restore-joint	minus-native	22	-0.0005495548248291016	0.4508669376373291	0.4300520420074463	0.4514164924621582	-0.020814895629882812	0.5075503755106888	-0.026595246742201484	-0.05613579695101706	0.005781033448597803	1.9139024864389675e-06	-6.823362791313903e-07
Q01-D01-restore-joint	minus-native	23	0.4300520420074463	0.9885792434215546	3.2649075388908386	0.5585272014141083	2.276328295469284	0.6429552793581881	2.3590674836179217	-0.08442892911364641	-0.08273879861000338	8.51169566606913e-07	-3.8953863429336266e-07
Q01-D01-restore-joint	minus-native	24	3.2649075388908386	3.451189875602722	4.017341256141663	0.18628233671188354	0.5661513805389404	0.47272979730193354	0.9726961948736237	-0.2864494503323509	-0.4065441870933353	1.9897423009229698e-06	-6.272413479169181e-07
Q01-D01-restore-joint	minus-native	25	4.017341256141663	3.6892243027687073	3.8912603855133057	-0.3281169533729553	0.2020360827445984	-0.11165973460797968	0.47336472409101404	-0.21645557882786867	-0.2713310768593378	-1.6399371069730773e-06	2.435512922172034e-06
Q01-D01-restore-joint	minus-native	26	3.8912603855133057	3.7110531330108643	3.064852714538574	-0.1802072525024414	-0.64620041847229	-0.004665547640842149	-0.23258030972898183	-0.17554222556867943	-0.4136133742664257	5.207070801760416e-07	-6.7344768824861845e-06
Q01-D01-restore-joint	minus-native	27	3.064852714538574	2.9251065254211426	3.3269271850585938	-0.13974618911743164	0.40182065963745117	-0.05487677362706589	0.6354276882371697	-0.08487077141056999	-0.23361046028946114	1.3559202042406904e-06	3.431689742650068e-06
Q01-D01-restore-joint	minus-native	28	3.3269271850585938	3.1845521926879883	2.7469377517700195	-0.14237499237060547	-0.43761444091796875	-0.022223628792908734	-0.0540604228801147	-0.12015437082462271	-0.38355200276842627	3.0072469259720402e-06	-2.015269427807498e-06
Q01-D01-restore-joint	minus-native	29	2.7469377517700195	5.358062744140625	5.118464469909668	2.6111249923706055	-0.23959827423095703	2.8241919789939574	0.2613575186455487	-0.21306593358234266	-0.5009546599832215	-1.0530410092246534e-06	-1.132893284294667e-06
Q01-D01-restore-joint	minus-native	30	5.118464469909668	6.0192975997924805	4.910550117492676	0.9008331298828125	-1.1087474822998047	1.1877090069931888	-0.2956850672673417	-0.286876498754999	-0.81306377990601	6.216446226670058e-07	1.3648735469884432e-06
Q01-D01-restore-joint	minus-native	31	4.910550117492676	4.922268867492676	5.5214385986328125	0.01171875	0.5991697311401367	0.21513430967345343	1.0764178086049903	-0.20341360214288248	-0.47725129146319745	-1.957530570945165e-06	3.2139983440204745e-06
Q01-D01-restore-joint	minus-native	32	5.5214385986328125	6.889972686767578	8.527835845947266	1.3685340881347656	1.6378631591796875	1.7282165985685722	2.0187503639333886	-0.35968406496059463	-0.380880473849313	1.554526788016819e-06	-6.7309043880747765e-06
Q01-D01-restore-joint	minus-native	33	8.527835845947266	8.000333786010742	7.575047492980957	-0.5275020599365234	-0.42528629302978516	0.03396243240943714	0.3946137858605292	-0.5614645010785294	-0.8199055935702133	8.732569001246304e-09	5.514679898954711e-06
Q01-D01-restore-joint	minus-native	34	7.575047492980957	6.594732284545898	5.232908248901367	-0.9803152084350586	-1.3618240356445312	-0.10267321846637004	-0.09501192159923044	-0.8776412716202261	-1.2668077970373783	-7.183484623807246e-07	-4.317007922471916e-06
Q01-D01-restore-joint	minus-native	35	5.232908248901367	5.0666961669921875	9.882495880126953	-0.1662120819091797	4.815799713134766	0.2657318815081271	0.012348260394821065	-0.4319410775714687	4.803445574863162	-2.8858458380742746e-06	5.877876781745783e-06
Q01-D02-upstream	minus-native	0	0.0	0.0	0.0	0.0	0.0	0.0	0.0	0.0	0.0	0.0	0.0
Q01-D02-upstream	minus-native	1	0.0	0.0	0.0	0.0	0.0	0.0	0.0	0.0	0.0	0.0	0.0
Q01-D02-upstream	minus-native	2	0.0	0.0	0.0	0.0	0.0	0.0	0.0	0.0	0.0	0.0	0.0
Q01-D02-upstream	minus-native	3	0.0	0.0	0.0	0.0	0.0	0.0	0.0	0.0	0.0	0.0	0.0
Q01-D02-upstream	minus-native	4	0.0	0.0	0.0	0.0	0.0	0.0	0.0	0.0	0.0	0.0	0.0
Q01-D02-upstream	minus-native	5	0.0	0.0	0.0	0.0	0.0	0.0	0.0	0.0	0.0	0.0	0.0
Q01-D02-upstream	minus-native	6	0.0	0.0	0.0	0.0	0.0	0.0	0.0	0.0	0.0	0.0	0.0
Q01-D02-upstream	minus-native	7	0.0	0.0	0.0	0.0	0.0	0.0	0.0	0.0	0.0	0.0	0.0
Q01-D02-upstream	minus-native	8	0.0	0.0	0.0	0.0	0.0	0.0	0.0	0.0	0.0	0.0	0.0
Q01-D02-upstream	minus-native	9	0.0	0.0	0.0	0.0	0.0	0.0	0.0	0.0	0.0	0.0	0.0
Q01-D02-upstream	minus-native	10	0.0	0.0	0.0	0.0	0.0	0.0	0.0	0.0	0.0	0.0	0.0
Q01-D02-upstream	minus-native	11	0.0	0.0	0.0	0.0	0.0	0.0	0.0	0.0	0.0	0.0	0.0
Q01-D02-upstream	minus-native	12	0.0	0.0	0.0	0.0	0.0	0.0	0.0	0.0	0.0	0.0	0.0
Q01-D02-upstream	minus-native	13	0.0	0.0	0.0	0.0	0.0	0.0	0.0	0.0	0.0	0.0	0.0
Q01-D02-upstream	minus-native	14	0.0	0.0	0.0	0.0	0.0	0.0	0.0	0.0	0.0	0.0	0.0
Q01-D02-upstream	minus-native	15	0.0	0.0	0.0	0.0	0.0	0.0	0.0	0.0	0.0	0.0	0.0
Q01-D02-upstream	minus-native	16	0.0	0.0	0.0	0.0	0.0	0.0	0.0	0.0	0.0	0.0	0.0
Q01-D02-upstream	minus-native	17	0.0	0.0	0.0	0.0	0.0	0.0	0.0	0.0	0.0	0.0	0.0
Q01-D02-upstream	minus-native	18	0.0	0.00022101402282714844	-0.002627134323120117	0.00022101402282714844	-0.0028481483459472656	0.00014281799744608747	-0.0026865411551977303	7.938618969581535e-05	-0.00016402996614983678	-1.1901643147543828e-06	2.4227754003014468e-06
Q01-D02-upstream	minus-native	19	-0.002627134323120117	-0.014626264572143555	-0.041994571685791016	-0.011999130249023438	-0.02736830711364746	-0.01186316596090542	-0.02720354860334112	-0.00013479940881017116	-0.00016416879899713854	-1.1648793078467001e-06	-5.897113092012685e-07
Q01-D02-upstream	minus-native	20	-0.041994571685791016	-0.034189820289611816	-0.007071971893310547	0.007804751396179199	0.02711784839630127	0.005019219204672853	0.028529565563677736	0.0027867796630074992	-0.001412052245086115	-1.247471501153452e-06	3.3507770963447925e-07
Q01-D02-upstream	minus-native	21	-0.007071971893310547	-0.12293767929077148	0.43328261375427246	-0.11586570739746094	0.556220293045044	-0.11234165511237793	0.5254694696674935	-0.0035231966582239815	0.03074825584927321	-8.556268590309557e-07	2.5675282772086305e-06
Q01-D02-upstream	minus-native	22	0.43328261375427246	-0.0016367435455322266	-0.15886497497558594	-0.4349193572998047	-0.1572282314300537	-0.4263781331403458	-0.17129645100106083	-0.008539533914456332	0.014067260307756346	-1.6902450025724214e-06	9.592632507771093e-07
Q01-D02-upstream	minus-native	23	-0.15886497497558594	-0.49485328793525696	-0.8647910356521606	-0.335988312959671	-0.3699377477169037	-0.34732218459438186	-0.44849788873365526	0.011333189818596434	0.07855842933321772	6.818161144561685e-07	1.7116835338559788e-06
Q01-D02-upstream	minus-native	24	-0.8647910356521606	-1.195925772190094	-1.1840641498565674	-0.33113473653793335	0.011861622333526611	-0.36306431501354997	-0.1369436710073324	0.031931358023822964	0.14880568930193339	-1.7795482063487356e-06	-3.95961074373119e-07
Q01-D02-upstream	minus-native	25	-1.1840641498565674	-1.1030983924865723	-1.1161626279354095	0.08096575736999512	-0.01306423544883728	0.0006910564302669564	-0.09129591992632813	0.08027217733642245	0.07823517803729096	2.5236033057707274e-06	-3.4935598001162305e-06
Q01-D02-upstream	minus-native	26	-1.1161626279354095	-2.0760691165924072	-2.6673078536987305	-0.9599064886569977	-0.5912387371063232	-1.0502486778084457	-0.804188663855979	0.0903438649074012	0.21294768782457063	-1.6757559532232236e-06	2.2389250851073683e-06
Q01-D02-upstream	minus-native	27	-2.6673078536987305	-2.560892105102539	-2.2274487018585205	0.1064157485961914	0.33344340324401855	0.07451276115327299	0.09441766535734969	0.03190359690330985	0.2390248613908501	-6.094603914319485e-07	8.76495818591394e-07
Q01-D02-upstream	minus-native	28	-2.2274487018585205	-2.530771255493164	-3.3199844360351562	-0.30332255363464355	-0.7892131805419922	-0.3847419571601889	-1.097029164500376	0.0814165782648974	0.3078184091446434	2.82526064793176e-06	-2.4251862595914275e-06
Q01-D02-upstream	minus-native	29	-3.3199844360351562	-5.187297821044922	-4.414823532104492	-1.8673133850097656	0.7724742889404297	-2.226536748740901	0.3510564709285626	0.35923117403544635	0.421408418675675	-7.81030431085128e-06	9.399336192039698e-06
Q01-D02-upstream	minus-native	30	-4.414823532104492	-5.041326522827148	-4.703813552856445	-0.6265029907226562	0.3375129699707031	-0.8264214627952127	-0.3252220272255894	0.1999227896587874	0.6627332030537356	-4.317586230984105e-06	1.7941425567435942e-06
Q01-D02-upstream	minus-native	31	-4.703813552856445	-4.739526748657227	-4.695416450500488	-0.03571319580078125	0.04411029815673828	-0.21132396505766995	-0.3935421149177438	0.17560991052133762	0.43765243078146887	8.587355510569772e-07	-1.7706986765730903e-08
Q01-D02-upstream	minus-native	32	-4.695416450500488	-9.11500358581543	-7.683467864990234	-4.419587135314941	1.4315357208251953	-4.703449592409385	0.6764059195174408	0.28386357975402976	0.7551268461512802	-1.1226595869606726e-06	2.9551564743046654e-06
Q01-D02-upstream	minus-native	33	-7.683467864990234	-7.529388427734375	-5.96038818359375	0.15407943725585938	1.569000244140625	-0.42536735805689085	0.5646637939953896	0.579443955476856	1.004341406252152	2.8398358942194335e-06	-4.956106916642611e-06
Q01-D02-upstream	minus-native	34	-5.96038818359375	-4.905158996582031	-4.4032745361328125	1.0552291870117188	0.5018844604492188	0.20731540990284525	-0.35815246252890454	0.8479139577114045	0.860037474333879	-1.80602531152374e-07	-5.513557557179638e-07
Q01-D02-upstream	minus-native	35	-4.4032745361328125	-4.267699241638184	-9.973672866821289	0.1355752944946289	-5.7059736251831055	-0.23708200041375413	-1.0851854667739693	0.372656806458324	-4.620783998816012	4.88450059066281e-07	-4.159593123276295e-06
Q01-D02-restore-L26-attention	minus-native	0	0.0	0.0	0.0	0.0	0.0	0.0	0.0	0.0	0.0	0.0	0.0
Q01-D02-restore-L26-attention	minus-native	1	0.0	0.0	0.0	0.0	0.0	0.0	0.0	0.0	0.0	0.0	0.0
Q01-D02-restore-L26-attention	minus-native	2	0.0	0.0	0.0	0.0	0.0	0.0	0.0	0.0	0.0	0.0	0.0
Q01-D02-restore-L26-attention	minus-native	3	0.0	0.0	0.0	0.0	0.0	0.0	0.0	0.0	0.0	0.0	0.0
Q01-D02-restore-L26-attention	minus-native	4	0.0	0.0	0.0	0.0	0.0	0.0	0.0	0.0	0.0	0.0	0.0
Q01-D02-restore-L26-attention	minus-native	5	0.0	0.0	0.0	0.0	0.0	0.0	0.0	0.0	0.0	0.0	0.0
Q01-D02-restore-L26-attention	minus-native	6	0.0	0.0	0.0	0.0	0.0	0.0	0.0	0.0	0.0	0.0	0.0
Q01-D02-restore-L26-attention	minus-native	7	0.0	0.0	0.0	0.0	0.0	0.0	0.0	0.0	0.0	0.0	0.0
Q01-D02-restore-L26-attention	minus-native	8	0.0	0.0	0.0	0.0	0.0	0.0	0.0	0.0	0.0	0.0	0.0
Q01-D02-restore-L26-attention	minus-native	9	0.0	0.0	0.0	0.0	0.0	0.0	0.0	0.0	0.0	0.0	0.0
Q01-D02-restore-L26-attention	minus-native	10	0.0	0.0	0.0	0.0	0.0	0.0	0.0	0.0	0.0	0.0	0.0
Q01-D02-restore-L26-attention	minus-native	11	0.0	0.0	0.0	0.0	0.0	0.0	0.0	0.0	0.0	0.0	0.0
Q01-D02-restore-L26-attention	minus-native	12	0.0	0.0	0.0	0.0	0.0	0.0	0.0	0.0	0.0	0.0	0.0
Q01-D02-restore-L26-attention	minus-native	13	0.0	0.0	0.0	0.0	0.0	0.0	0.0	0.0	0.0	0.0	0.0
Q01-D02-restore-L26-attention	minus-native	14	0.0	0.0	0.0	0.0	0.0	0.0	0.0	0.0	0.0	0.0	0.0
Q01-D02-restore-L26-attention	minus-native	15	0.0	0.0	0.0	0.0	0.0	0.0	0.0	0.0	0.0	0.0	0.0
Q01-D02-restore-L26-attention	minus-native	16	0.0	0.0	0.0	0.0	0.0	0.0	0.0	0.0	0.0	0.0	0.0
Q01-D02-restore-L26-attention	minus-native	17	0.0	0.0	0.0	0.0	0.0	0.0	0.0	0.0	0.0	0.0	0.0
Q01-D02-restore-L26-attention	minus-native	18	0.0	0.00022101402282714844	-0.002627134323120117	0.00022101402282714844	-0.0028481483459472656	0.00014281799744608747	-0.0026865411551977303	7.938618969581535e-05	-0.00016402996614983678	-1.1901643147543828e-06	2.4227754003014468e-06
Q01-D02-restore-L26-attention	minus-native	19	-0.002627134323120117	-0.014626264572143555	-0.041994571685791016	-0.011999130249023438	-0.02736830711364746	-0.01186316596090542	-0.02720354860334112	-0.00013479940881017116	-0.00016416879899713854	-1.1648793078467001e-06	-5.897113092012685e-07
Q01-D02-restore-L26-attention	minus-native	20	-0.041994571685791016	-0.034189820289611816	-0.007071971893310547	0.007804751396179199	0.02711784839630127	0.005019219204672853	0.028529565563677736	0.0027867796630074992	-0.001412052245086115	-1.247471501153452e-06	3.3507770963447925e-07
Q01-D02-restore-L26-attention	minus-native	21	-0.007071971893310547	-0.12293767929077148	0.43328261375427246	-0.11586570739746094	0.556220293045044	-0.11234165511237793	0.5254694696674935	-0.0035231966582239815	0.03074825584927321	-8.556268590309557e-07	2.5675282772086305e-06
Q01-D02-restore-L26-attention	minus-native	22	0.43328261375427246	-0.0016367435455322266	-0.15886497497558594	-0.4349193572998047	-0.1572282314300537	-0.4263781331403458	-0.17129645100106083	-0.008539533914456332	0.014067260307756346	-1.6902450025724214e-06	9.592632507771093e-07
Q01-D02-restore-L26-attention	minus-native	23	-0.15886497497558594	-0.49485328793525696	-0.8647910356521606	-0.335988312959671	-0.3699377477169037	-0.34732218459438186	-0.44849788873365526	0.011333189818596434	0.07855842933321772	6.818161144561685e-07	1.7116835338559788e-06
Q01-D02-restore-L26-attention	minus-native	24	-0.8647910356521606	-1.195925772190094	-1.1840641498565674	-0.33113473653793335	0.011861622333526611	-0.36306431501354997	-0.1369436710073324	0.031931358023822964	0.14880568930193339	-1.7795482063487356e-06	-3.95961074373119e-07
Q01-D02-restore-L26-attention	minus-native	25	-1.1840641498565674	-1.1030983924865723	-1.1161626279354095	0.08096575736999512	-0.01306423544883728	0.0006910564302669564	-0.09129591992632813	0.08027217733642245	0.07823517803729096	2.5236033057707274e-06	-3.4935598001162305e-06
Q01-D02-restore-L26-attention	minus-native	26	-1.1161626279354095	-0.9888564944267273	-1.6068949699401855	0.12730613350868225	-0.6180384755134583	0.05918684129827945	-0.7123136673010881	0.06812216975473095	0.09427116251493728	-2.87754432815035e-06	4.029272692607222e-06
Q01-D02-restore-L26-attention	minus-native	27	-1.6068949699401855	-1.6327872276306152	-1.4409630298614502	-0.025892257690429688	0.19182419776916504	-0.04760165659551785	0.04042805585453291	0.021711480902637192	0.15139597424298246	-2.08199754903049e-06	1.676716496756825e-07
Q01-D02-restore-L26-attention	minus-native	28	-1.4409630298614502	-1.7409381866455078	-2.450535774230957	-0.2999751567840576	-0.7095975875854492	-0.3487389230290203	-0.9169191656903339	0.048758618172822954	0.20732528791394755	5.148072139748994e-06	-3.7098090628351343e-06
Q01-D02-restore-L26-attention	minus-native	29	-2.450535774230957	-4.040143013000488	-3.51560115814209	-1.5896072387695312	0.5245418548583984	-1.8519856751086166	0.1906023089085953	0.2623786720260102	0.3339393066352785	-2.356869248654192e-07	2.393145246415429e-07
Q01-D02-restore-L26-attention	minus-native	30	-3.51560115814209	-4.088974952697754	-3.7927799224853516	-0.5733737945556641	0.29619503021240234	-0.722160270092763	-0.24831279302713236	0.1487844838916127	0.5445079476014039	1.991645486199012e-06	-1.2436186924702497e-07
Q01-D02-restore-L26-attention	minus-native	31	-3.7927799224853516	-3.838956832885742	-3.8777008056640625	-0.046176910400390625	-0.03874397277832031	-0.19129575331057544	-0.3902513575933759	0.14512119563577774	0.3515068431196047	-2.3527255929578494e-06	5.416954509396277e-07
Q01-D02-restore-L26-attention	minus-native	32	-3.8777008056640625	-8.012346267700195	-6.732983589172363	-4.134645462036133	1.279362678527832	-4.366907278014226	0.6207430374147176	0.2322687850335965	0.658612310428554	-6.969055503569521e-06	7.330684560491463e-06
Q01-D02-restore-L26-attention	minus-native	33	-6.732983589172363	-6.605730056762695	-5.218494415283203	0.12725353240966797	1.3872356414794922	-0.3789911448195318	0.4903177415682719	0.5062438217757554	0.8969217793601976	8.55453444303933e-07	-3.879448977173183e-06
Q01-D02-restore-L26-attention	minus-native	34	-5.218494415283203	-4.291531562805176	-3.8577756881713867	0.9269628524780273	0.43375587463378906	0.17637881333958788	-0.31724065820589664	0.75057816972556	0.7509979905737691	5.869412879500047e-06	-1.4577340836652297e-06
Q01-D02-restore-L26-attention	minus-native	35	-3.8577756881713867	-3.7439193725585938	-8.75373649597168	0.11385631561279297	-5.009817123413086	-0.2075505711119902	-1.0585935592528333	0.32140961131259693	-3.9512167421707414	-2.724587813696111e-06	-6.821989511962556e-06
Q01-D02-restore-L28-mlp	minus-native	0	0.0	0.0	0.0	0.0	0.0	0.0	0.0	0.0	0.0	0.0	0.0
Q01-D02-restore-L28-mlp	minus-native	1	0.0	0.0	0.0	0.0	0.0	0.0	0.0	0.0	0.0	0.0	0.0
Q01-D02-restore-L28-mlp	minus-native	2	0.0	0.0	0.0	0.0	0.0	0.0	0.0	0.0	0.0	0.0	0.0
Q01-D02-restore-L28-mlp	minus-native	3	0.0	0.0	0.0	0.0	0.0	0.0	0.0	0.0	0.0	0.0	0.0
Q01-D02-restore-L28-mlp	minus-native	4	0.0	0.0	0.0	0.0	0.0	0.0	0.0	0.0	0.0	0.0	0.0
Q01-D02-restore-L28-mlp	minus-native	5	0.0	0.0	0.0	0.0	0.0	0.0	0.0	0.0	0.0	0.0	0.0
Q01-D02-restore-L28-mlp	minus-native	6	0.0	0.0	0.0	0.0	0.0	0.0	0.0	0.0	0.0	0.0	0.0
Q01-D02-restore-L28-mlp	minus-native	7	0.0	0.0	0.0	0.0	0.0	0.0	0.0	0.0	0.0	0.0	0.0
Q01-D02-restore-L28-mlp	minus-native	8	0.0	0.0	0.0	0.0	0.0	0.0	0.0	0.0	0.0	0.0	0.0
Q01-D02-restore-L28-mlp	minus-native	9	0.0	0.0	0.0	0.0	0.0	0.0	0.0	0.0	0.0	0.0	0.0
Q01-D02-restore-L28-mlp	minus-native	10	0.0	0.0	0.0	0.0	0.0	0.0	0.0	0.0	0.0	0.0	0.0
Q01-D02-restore-L28-mlp	minus-native	11	0.0	0.0	0.0	0.0	0.0	0.0	0.0	0.0	0.0	0.0	0.0
Q01-D02-restore-L28-mlp	minus-native	12	0.0	0.0	0.0	0.0	0.0	0.0	0.0	0.0	0.0	0.0	0.0
Q01-D02-restore-L28-mlp	minus-native	13	0.0	0.0	0.0	0.0	0.0	0.0	0.0	0.0	0.0	0.0	0.0
Q01-D02-restore-L28-mlp	minus-native	14	0.0	0.0	0.0	0.0	0.0	0.0	0.0	0.0	0.0	0.0	0.0
Q01-D02-restore-L28-mlp	minus-native	15	0.0	0.0	0.0	0.0	0.0	0.0	0.0	0.0	0.0	0.0	0.0
Q01-D02-restore-L28-mlp	minus-native	16	0.0	0.0	0.0	0.0	0.0	0.0	0.0	0.0	0.0	0.0	0.0
Q01-D02-restore-L28-mlp	minus-native	17	0.0	0.0	0.0	0.0	0.0	0.0	0.0	0.0	0.0	0.0	0.0
Q01-D02-restore-L28-mlp	minus-native	18	0.0	0.00022101402282714844	-0.002627134323120117	0.00022101402282714844	-0.0028481483459472656	0.00014281799744608747	-0.0026865411551977303	7.938618969581535e-05	-0.00016402996614983678	-1.1901643147543828e-06	2.4227754003014468e-06
Q01-D02-restore-L28-mlp	minus-native	19	-0.002627134323120117	-0.014626264572143555	-0.041994571685791016	-0.011999130249023438	-0.02736830711364746	-0.01186316596090542	-0.02720354860334112	-0.00013479940881017116	-0.00016416879899713854	-1.1648793078467001e-06	-5.897113092012685e-07
Q01-D02-restore-L28-mlp	minus-native	20	-0.041994571685791016	-0.034189820289611816	-0.007071971893310547	0.007804751396179199	0.02711784839630127	0.005019219204672853	0.028529565563677736	0.0027867796630074992	-0.001412052245086115	-1.247471501153452e-06	3.3507770963447925e-07
Q01-D02-restore-L28-mlp	minus-native	21	-0.007071971893310547	-0.12293767929077148	0.43328261375427246	-0.11586570739746094	0.556220293045044	-0.11234165511237793	0.5254694696674935	-0.0035231966582239815	0.03074825584927321	-8.556268590309557e-07	2.5675282772086305e-06
Q01-D02-restore-L28-mlp	minus-native	22	0.43328261375427246	-0.0016367435455322266	-0.15886497497558594	-0.4349193572998047	-0.1572282314300537	-0.4263781331403458	-0.17129645100106083	-0.008539533914456332	0.014067260307756346	-1.6902450025724214e-06	9.592632507771093e-07
Q01-D02-restore-L28-mlp	minus-native	23	-0.15886497497558594	-0.49485328793525696	-0.8647910356521606	-0.335988312959671	-0.3699377477169037	-0.34732218459438186	-0.44849788873365526	0.011333189818596434	0.07855842933321772	6.818161144561685e-07	1.7116835338559788e-06
Q01-D02-restore-L28-mlp	minus-native	24	-0.8647910356521606	-1.195925772190094	-1.1840641498565674	-0.33113473653793335	0.011861622333526611	-0.36306431501354997	-0.1369436710073324	0.031931358023822964	0.14880568930193339	-1.7795482063487356e-06	-3.95961074373119e-07
Q01-D02-restore-L28-mlp	minus-native	25	-1.1840641498565674	-1.1030983924865723	-1.1161626279354095	0.08096575736999512	-0.01306423544883728	0.0006910564302669564	-0.09129591992632813	0.08027217733642245	0.07823517803729096	2.5236033057707274e-06	-3.4935598001162305e-06
Q01-D02-restore-L28-mlp	minus-native	26	-1.1161626279354095	-2.0760691165924072	-2.6673078536987305	-0.9599064886569977	-0.5912387371063232	-1.0502486778084457	-0.804188663855979	0.0903438649074012	0.21294768782457063	-1.6757559532232236e-06	2.2389250851073683e-06
Q01-D02-restore-L28-mlp	minus-native	27	-2.6673078536987305	-2.560892105102539	-2.2274487018585205	0.1064157485961914	0.33344340324401855	0.07451276115327299	0.09441766535734969	0.03190359690330985	0.2390248613908501	-6.094603914319485e-07	8.76495818591394e-07
Q01-D02-restore-L28-mlp	minus-native	28	-2.2274487018585205	-2.530771255493164	-2.197378158569336	-0.30332255363464355	0.3333930969238281	-0.3847419571601889	0.03259475328303996	0.0814165782648974	0.300801368006838	2.82526064793176e-06	-3.0243660498197045e-06
Q01-D02-restore-L28-mlp	minus-native	29	-2.197378158569336	-3.973957061767578	-3.3440380096435547	-1.7765789031982422	0.6299190521240234	-2.0329972214891274	0.302718094668911	0.2564178345446131	0.32720155065182666	4.837462721507535e-07	-5.931967141936667e-07
Q01-D02-restore-L28-mlp	minus-native	30	-3.3440380096435547	-3.7938547134399414	-3.512667655944824	-0.4498167037963867	0.2811870574951172	-0.5954798063847884	-0.2084219178450234	0.14566499763879937	0.4896063972392535	-1.8950503977155364e-06	2.578100886996282e-06
Q01-D02-restore-L28-mlp	minus-native	31	-3.512667655944824	-3.561643600463867	-3.568704605102539	-0.04897594451904297	-0.007061004638671875	-0.17470697887298922	-0.30908989462257663	0.12573046496378248	0.30202757480122644	5.693901637404686e-07	1.3151826783186493e-06
Q01-D02-restore-L28-mlp	minus-native	32	-3.568704605102539	-6.937532424926758	-5.79726505279541	-3.3688278198242188	1.1402673721313477	-3.5831807039105397	0.5699856685096627	0.21435226777438676	0.5702811259698232	6.163119341540124e-07	5.776518617883752e-07
Q01-D02-restore-L28-mlp	minus-native	33	-5.79726505279541	-5.64072322845459	-4.53977108001709	0.1565418243408203	1.1009521484375	-0.274128030838097	0.33287340902051527	0.43066985618610243	0.7680848167723766	-1.00718522411114e-09	-6.077355391820305e-06
Q01-D02-restore-L28-mlp	minus-native	34	-4.53977108001709	-3.7214622497558594	-3.3365907669067383	0.8183088302612305	0.3848714828491211	0.15910253945985453	-0.2609773444604524	0.6592017872321192	0.6458492315096325	4.503569256852913e-06	-4.0420005920083213e-07
Q01-D02-restore-L28-mlp	minus-native	35	-3.3365907669067383	-3.25600528717041	-7.621904373168945	0.08058547973632812	-4.365899085998535	-0.20020068279842682	-1.0080911947826847	0.2807888482295723	-3.357805018642635	-2.6856948173170636e-06	-2.8725732157397488e-06
Q01-D02-restore-joint	minus-native	0	0.0	0.0	0.0	0.0	0.0	0.0	0.0	0.0	0.0	0.0	0.0
Q01-D02-restore-joint	minus-native	1	0.0	0.0	0.0	0.0	0.0	0.0	0.0	0.0	0.0	0.0	0.0
Q01-D02-restore-joint	minus-native	2	0.0	0.0	0.0	0.0	0.0	0.0	0.0	0.0	0.0	0.0	0.0
Q01-D02-restore-joint	minus-native	3	0.0	0.0	0.0	0.0	0.0	0.0	0.0	0.0	0.0	0.0	0.0
Q01-D02-restore-joint	minus-native	4	0.0	0.0	0.0	0.0	0.0	0.0	0.0	0.0	0.0	0.0	0.0
Q01-D02-restore-joint	minus-native	5	0.0	0.0	0.0	0.0	0.0	0.0	0.0	0.0	0.0	0.0	0.0
Q01-D02-restore-joint	minus-native	6	0.0	0.0	0.0	0.0	0.0	0.0	0.0	0.0	0.0	0.0	0.0
Q01-D02-restore-joint	minus-native	7	0.0	0.0	0.0	0.0	0.0	0.0	0.0	0.0	0.0	0.0	0.0
Q01-D02-restore-joint	minus-native	8	0.0	0.0	0.0	0.0	0.0	0.0	0.0	0.0	0.0	0.0	0.0
Q01-D02-restore-joint	minus-native	9	0.0	0.0	0.0	0.0	0.0	0.0	0.0	0.0	0.0	0.0	0.0
Q01-D02-restore-joint	minus-native	10	0.0	0.0	0.0	0.0	0.0	0.0	0.0	0.0	0.0	0.0	0.0
Q01-D02-restore-joint	minus-native	11	0.0	0.0	0.0	0.0	0.0	0.0	0.0	0.0	0.0	0.0	0.0
Q01-D02-restore-joint	minus-native	12	0.0	0.0	0.0	0.0	0.0	0.0	0.0	0.0	0.0	0.0	0.0
Q01-D02-restore-joint	minus-native	13	0.0	0.0	0.0	0.0	0.0	0.0	0.0	0.0	0.0	0.0	0.0
Q01-D02-restore-joint	minus-native	14	0.0	0.0	0.0	0.0	0.0	0.0	0.0	0.0	0.0	0.0	0.0
Q01-D02-restore-joint	minus-native	15	0.0	0.0	0.0	0.0	0.0	0.0	0.0	0.0	0.0	0.0	0.0
Q01-D02-restore-joint	minus-native	16	0.0	0.0	0.0	0.0	0.0	0.0	0.0	0.0	0.0	0.0	0.0
Q01-D02-restore-joint	minus-native	17	0.0	0.0	0.0	0.0	0.0	0.0	0.0	0.0	0.0	0.0	0.0
Q01-D02-restore-joint	minus-native	18	0.0	0.00022101402282714844	-0.002627134323120117	0.00022101402282714844	-0.0028481483459472656	0.00014281799744608747	-0.0026865411551977303	7.938618969581535e-05	-0.00016402996614983678	-1.1901643147543828e-06	2.4227754003014468e-06
Q01-D02-restore-joint	minus-native	19	-0.002627134323120117	-0.014626264572143555	-0.041994571685791016	-0.011999130249023438	-0.02736830711364746	-0.01186316596090542	-0.02720354860334112	-0.00013479940881017116	-0.00016416879899713854	-1.1648793078467001e-06	-5.897113092012685e-07
Q01-D02-restore-joint	minus-native	20	-0.041994571685791016	-0.034189820289611816	-0.007071971893310547	0.007804751396179199	0.02711784839630127	0.005019219204672853	0.028529565563677736	0.0027867796630074992	-0.001412052245086115	-1.247471501153452e-06	3.3507770963447925e-07
Q01-D02-restore-joint	minus-native	21	-0.007071971893310547	-0.12293767929077148	0.43328261375427246	-0.11586570739746094	0.556220293045044	-0.11234165511237793	0.5254694696674935	-0.0035231966582239815	0.03074825584927321	-8.556268590309557e-07	2.5675282772086305e-06
Q01-D02-restore-joint	minus-native	22	0.43328261375427246	-0.0016367435455322266	-0.15886497497558594	-0.4349193572998047	-0.1572282314300537	-0.4263781331403458	-0.17129645100106083	-0.008539533914456332	0.014067260307756346	-1.6902450025724214e-06	9.592632507771093e-07
Q01-D02-restore-joint	minus-native	23	-0.15886497497558594	-0.49485328793525696	-0.8647910356521606	-0.335988312959671	-0.3699377477169037	-0.34732218459438186	-0.44849788873365526	0.011333189818596434	0.07855842933321772	6.818161144561685e-07	1.7116835338559788e-06
Q01-D02-restore-joint	minus-native	24	-0.8647910356521606	-1.195925772190094	-1.1840641498565674	-0.33113473653793335	0.011861622333526611	-0.36306431501354997	-0.1369436710073324	0.031931358023822964	0.14880568930193339	-1.7795482063487356e-06	-3.95961074373119e-07
Q01-D02-restore-joint	minus-native	25	-1.1840641498565674	-1.1030983924865723	-1.1161626279354095	0.08096575736999512	-0.01306423544883728	0.0006910564302669564	-0.09129591992632813	0.08027217733642245	0.07823517803729096	2.5236033057707274e-06	-3.4935598001162305e-06
Q01-D02-restore-joint	minus-native	26	-1.1161626279354095	-0.9888564944267273	-1.6068949699401855	0.12730613350868225	-0.6180384755134583	0.05918684129827945	-0.7123136673010881	0.06812216975473095	0.09427116251493728	-2.87754432815035e-06	4.029272692607222e-06
Q01-D02-restore-joint	minus-native	27	-1.6068949699401855	-1.6327872276306152	-1.4409630298614502	-0.025892257690429688	0.19182419776916504	-0.04760165659551785	0.04042805585453291	0.021711480902637192	0.15139597424298246	-2.08199754903049e-06	1.676716496756825e-07
Q01-D02-restore-joint	minus-native	28	-1.4409630298614502	-1.7409381866455078	-1.5080032348632812	-0.2999751567840576	0.23293495178222656	-0.3487389230290203	0.02611171793222944	0.048758618172822954	0.20682699592978304	5.148072139748994e-06	-3.7620797859183597e-06
Q01-D02-restore-joint	minus-native	29	-1.5080032348632812	-3.036905288696289	-2.6362476348876953	-1.5289020538330078	0.40065765380859375	-1.7060159886847335	0.14250897545745422	0.17711671690803055	0.25814077326185014	-2.7820563048841507e-06	7.905089289383938e-06
Q01-D02-restore-joint	minus-native	30	-2.6362476348876953	-3.0586071014404297	-2.82865047454834	-0.4223594665527344	0.22995662689208984	-0.5293978103942134	-0.17017101892032244	0.10704588192515874	0.40012344657482535	-7.538083679703433e-06	4.1992375867661025e-06
Q01-D02-restore-joint	minus-native	31	-2.82865047454834	-2.890420913696289	-2.9738292694091797	-0.06177043914794922	-0.08340835571289062	-0.1647969420972651	-0.32315238156995685	0.10302994992481768	0.23974260972906314	-3.4469755018085024e-06	1.416128003084438e-06
Q01-D02-restore-joint	minus-native	32	-2.9738292694091797	-6.121189117431641	-5.1501922607421875	-3.147359848022461	0.9709968566894531	-3.3252160895555574	0.4726702173272148	0.1778576374851517	0.4983224844182418	-1.3959520552830895e-06	4.15494399652605e-06
Q01-D02-restore-joint	minus-native	33	-5.1501922607421875	-5.014490127563477	-4.005518913269043	0.13570213317871094	1.0089712142944336	-0.24162185059201968	0.3179683498376486	0.3773224724366486	0.6910091792284958	1.5113340818828647e-06	-6.314771710869138e-06
Q01-D02-restore-joint	minus-native	34	-4.005518913269043	-3.287853240966797	-2.9280624389648438	0.7176656723022461	0.3597908020019531	0.13664488356645854	-0.21558569811000328	0.5810145508128	0.5753837581043224	6.237922987484268e-06	-7.257992366227484e-06
Q01-D02-restore-joint	minus-native	35	-2.9280624389648438	-2.865856170654297	-6.679845809936523	0.062206268310546875	-3.8139896392822266	-0.1785105913930474	-0.9267627853394589	0.2407132126276732	-2.887220912219714	3.647075921153764e-06	-5.94172305312668e-06
Q02-D01-upstream	minus-native	0	0.0	0.0	0.0	0.0	0.0	0.0	0.0	0.0	0.0	0.0	0.0
Q02-D01-upstream	minus-native	1	0.0	0.0	0.0	0.0	0.0	0.0	0.0	0.0	0.0	0.0	0.0
Q02-D01-upstream	minus-native	2	0.0	0.0	0.0	0.0	0.0	0.0	0.0	0.0	0.0	0.0	0.0
Q02-D01-upstream	minus-native	3	0.0	0.0	0.0	0.0	0.0	0.0	0.0	0.0	0.0	0.0	0.0
Q02-D01-upstream	minus-native	4	0.0	0.0	0.0	0.0	0.0	0.0	0.0	0.0	0.0	0.0	0.0
Q02-D01-upstream	minus-native	5	0.0	0.0	0.0	0.0	0.0	0.0	0.0	0.0	0.0	0.0	0.0
Q02-D01-upstream	minus-native	6	0.0	0.0	0.0	0.0	0.0	0.0	0.0	0.0	0.0	0.0	0.0
Q02-D01-upstream	minus-native	7	0.0	0.0	0.0	0.0	0.0	0.0	0.0	0.0	0.0	0.0	0.0
Q02-D01-upstream	minus-native	8	0.0	0.0	0.0	0.0	0.0	0.0	0.0	0.0	0.0	0.0	0.0
Q02-D01-upstream	minus-native	9	0.0	0.0	0.0	0.0	0.0	0.0	0.0	0.0	0.0	0.0	0.0
Q02-D01-upstream	minus-native	10	0.0	0.0	0.0	0.0	0.0	0.0	0.0	0.0	0.0	0.0	0.0
Q02-D01-upstream	minus-native	11	0.0	0.0	0.0	0.0	0.0	0.0	0.0	0.0	0.0	0.0	0.0
Q02-D01-upstream	minus-native	12	0.0	0.0	0.0	0.0	0.0	0.0	0.0	0.0	0.0	0.0	0.0
Q02-D01-upstream	minus-native	13	0.0	0.0	0.0	0.0	0.0	0.0	0.0	0.0	0.0	0.0	0.0
Q02-D01-upstream	minus-native	14	0.0	0.0	0.0	0.0	0.0	0.0	0.0	0.0	0.0	0.0	0.0
Q02-D01-upstream	minus-native	15	0.0	0.0	0.0	0.0	0.0	0.0	0.0	0.0	0.0	0.0	0.0
Q02-D01-upstream	minus-native	16	0.0	0.0	0.0	0.0	0.0	0.0	0.0	0.0	0.0	0.0	0.0
Q02-D01-upstream	minus-native	17	0.0	0.0	0.0	0.0	0.0	0.0	0.0	0.0	0.0	0.0	0.0
Q02-D01-upstream	minus-native	18	0.0	0.0011897087097167969	0.0008358955383300781	0.0011897087097167969	-0.00035381317138671875	0.001215853940208067	-0.0005354848336853735	-2.632201169688181e-05	0.00018068485567984682	1.7678120561165356e-07	9.868066188079005e-07
Q02-D01-upstream	minus-native	19	0.0008358955383300781	0.02088451385498047	0.039369046688079834	0.02004861831665039	0.018484532833099365	0.020793072809737412	0.017504957542969483	-0.0007430044719948237	0.000979769734757302	-1.4500210921974954e-06	-1.944446274271261e-07
Q02-D01-upstream	minus-native	20	0.039369046688079834	-0.06246590614318848	0.02130722999572754	-0.10183495283126831	0.08377313613891602	-0.10162507641794616	0.08051402887036221	-0.00021127184452951475	0.003259375197598724	1.3954312073627406e-06	-2.6792904492256575e-07
Q02-D01-upstream	minus-native	21	0.02130722999572754	0.15928864479064941	0.00809180736541748	0.13798141479492188	-0.15119683742523193	0.12264994373778215	-0.1281982796857467	0.015331778205743274	-0.023000247275512753	-3.071486035510773e-07	1.6895360275270832e-06
Q02-D01-upstream	minus-native	22	0.00809180736541748	0.519206166267395	0.5342029333114624	0.5111143589019775	0.014996767044067383	0.548621550957249	0.025136603616704	-0.03750361980389527	-0.010142163380000596	-3.57225137614936e-06	2.3268073639781672e-06
Q02-D01-upstream	minus-native	23	0.5342029333114624	0.8439978063106537	2.7084534764289856	0.3097948729991913	1.864455670118332	0.39149070161840727	1.9186975524616319	-0.0816956399341271	-0.054241720818770156	-1.8868508888658653e-07	-1.6152452980700005e-07
Q02-D01-upstream	minus-native	24	2.7084534764289856	2.7774808406829834	3.2232545614242554	0.0690273642539978	0.445773720741272	0.3376536142923988	0.7434364623367691	-0.2686259791194302	-0.2976639753105837	-2.709189707017501e-07	1.2337150866459368e-06
Q02-D01-upstream	minus-native	25	3.2232545614242554	2.9911481142044067	3.2490949630737305	-0.23210644721984863	0.25794684886932373	-0.08791363090870274	0.5016100617455888	-0.14419496679973115	-0.2436622246727107	2.1504885852757782e-06	-9.88203554319611e-07
Q02-D01-upstream	minus-native	26	3.2490949630737305	7.353303909301758	5.968349456787109	4.104208946228027	-1.3849544525146484	4.262600658791323	-0.5211173468113077	-0.15838840403326712	-0.8638366377649852	-3.3085300283064445e-06	-4.6793835553615715e-07
Q02-D01-upstream	minus-native	27	5.968349456787109	6.074573040008545	6.257840156555176	0.10622358322143555	0.18326711654663086	0.25718121362156476	0.6857294059131992	-0.15096190849931979	-0.502459537115936	4.278099190561935e-06	-2.752250632315212e-06
Q02-D01-upstream	minus-native	28	6.257840156555176	6.156186103820801	9.35326862335205	-0.101654052734375	3.19708251953125	0.13265679672236708	3.9146907059841465	-0.23431047188009949	-0.717608984790643	-3.775766425941074e-07	7.983377466047603e-07
Q02-D01-upstream	minus-native	29	9.35326862335205	11.799945831298828	9.9727201461792	2.4466772079467773	-1.827225685119629	3.134997488412841	-0.6289236851105319	-0.6883228643994432	-1.198299549856366	2.583933379429748e-06	-2.4501527310094584e-06
Q02-D01-upstream	minus-native	30	9.9727201461792	11.490551948547363	10.050172805786133	1.517831802368164	-1.4403791427612305	2.1036948007074505	0.07414344827862829	-0.5858628610496022	-1.5145238065095459	-1.3728968453752266e-07	1.215469687010362e-06
Q02-D01-upstream	minus-native	31	10.050172805786133	9.930371284484863	10.673440933227539	-0.11980152130126953	0.7430696487426758	0.2954409515199272	1.7542517659238426	-0.4152383476023459	-1.0111873300569592	-4.125218850875578e-06	5.2128757921376945e-06
Q02-D01-upstream	minus-native	32	10.673440933227539	11.500943183898926	14.589055061340332	0.8275022506713867	3.0881118774414062	1.4747548950205989	3.8889743677976973	-0.647248049962498	-0.8008611801091235	-4.594386714240617e-06	-1.3102471673187566e-06
Q02-D01-upstream	minus-native	33	14.589055061340332	13.675884246826172	12.71619987487793	-0.9131708145141602	-0.9596843719482422	0.10360432060974348	0.4918852812071428	-1.0167831739785553	-1.451561750324669	8.038854651698513e-06	-7.902830716055576e-06
Q02-D01-upstream	minus-native	34	12.71619987487793	11.354242324829102	8.46196174621582	-1.3619575500488281	-2.8922805786132812	0.08585753993354006	-0.5493397331956622	-1.447815127846852	-2.342941186510801	3.786448385043051e-08	3.410931821573593e-07
Q02-D01-upstream	minus-native	35	8.46196174621582	8.187556266784668	15.6483154296875	-0.27440547943115234	7.460759162902832	0.3627840251979212	-2.1306478456431996	-0.6371921427163952	9.591407427921881	2.638087321704674e-06	-4.1937584960294316e-07
Q02-D01-restore-L26-attention	minus-native	0	0.0	0.0	0.0	0.0	0.0	0.0	0.0	0.0	0.0	0.0	0.0
Q02-D01-restore-L26-attention	minus-native	1	0.0	0.0	0.0	0.0	0.0	0.0	0.0	0.0	0.0	0.0	0.0
Q02-D01-restore-L26-attention	minus-native	2	0.0	0.0	0.0	0.0	0.0	0.0	0.0	0.0	0.0	0.0	0.0
Q02-D01-restore-L26-attention	minus-native	3	0.0	0.0	0.0	0.0	0.0	0.0	0.0	0.0	0.0	0.0	0.0
Q02-D01-restore-L26-attention	minus-native	4	0.0	0.0	0.0	0.0	0.0	0.0	0.0	0.0	0.0	0.0	0.0
Q02-D01-restore-L26-attention	minus-native	5	0.0	0.0	0.0	0.0	0.0	0.0	0.0	0.0	0.0	0.0	0.0
Q02-D01-restore-L26-attention	minus-native	6	0.0	0.0	0.0	0.0	0.0	0.0	0.0	0.0	0.0	0.0	0.0
Q02-D01-restore-L26-attention	minus-native	7	0.0	0.0	0.0	0.0	0.0	0.0	0.0	0.0	0.0	0.0	0.0
Q02-D01-restore-L26-attention	minus-native	8	0.0	0.0	0.0	0.0	0.0	0.0	0.0	0.0	0.0	0.0	0.0
Q02-D01-restore-L26-attention	minus-native	9	0.0	0.0	0.0	0.0	0.0	0.0	0.0	0.0	0.0	0.0	0.0
Q02-D01-restore-L26-attention	minus-native	10	0.0	0.0	0.0	0.0	0.0	0.0	0.0	0.0	0.0	0.0	0.0
Q02-D01-restore-L26-attention	minus-native	11	0.0	0.0	0.0	0.0	0.0	0.0	0.0	0.0	0.0	0.0	0.0
Q02-D01-restore-L26-attention	minus-native	12	0.0	0.0	0.0	0.0	0.0	0.0	0.0	0.0	0.0	0.0	0.0
Q02-D01-restore-L26-attention	minus-native	13	0.0	0.0	0.0	0.0	0.0	0.0	0.0	0.0	0.0	0.0	0.0
Q02-D01-restore-L26-attention	minus-native	14	0.0	0.0	0.0	0.0	0.0	0.0	0.0	0.0	0.0	0.0	0.0
Q02-D01-restore-L26-attention	minus-native	15	0.0	0.0	0.0	0.0	0.0	0.0	0.0	0.0	0.0	0.0	0.0
Q02-D01-restore-L26-attention	minus-native	16	0.0	0.0	0.0	0.0	0.0	0.0	0.0	0.0	0.0	0.0	0.0
Q02-D01-restore-L26-attention	minus-native	17	0.0	0.0	0.0	0.0	0.0	0.0	0.0	0.0	0.0	0.0	0.0
Q02-D01-restore-L26-attention	minus-native	18	0.0	0.0011897087097167969	0.0008358955383300781	0.0011897087097167969	-0.00035381317138671875	0.001215853940208067	-0.0005354848336853735	-2.632201169688181e-05	0.00018068485567984682	1.7678120561165356e-07	9.868066188079005e-07
Q02-D01-restore-L26-attention	minus-native	19	0.0008358955383300781	0.02088451385498047	0.039369046688079834	0.02004861831665039	0.018484532833099365	0.020793072809737412	0.017504957542969483	-0.0007430044719948237	0.000979769734757302	-1.4500210921974954e-06	-1.944446274271261e-07
Q02-D01-restore-L26-attention	minus-native	20	0.039369046688079834	-0.06246590614318848	0.02130722999572754	-0.10183495283126831	0.08377313613891602	-0.10162507641794616	0.08051402887036221	-0.00021127184452951475	0.003259375197598724	1.3954312073627406e-06	-2.6792904492256575e-07
Q02-D01-restore-L26-attention	minus-native	21	0.02130722999572754	0.15928864479064941	0.00809180736541748	0.13798141479492188	-0.15119683742523193	0.12264994373778215	-0.1281982796857467	0.015331778205743274	-0.023000247275512753	-3.071486035510773e-07	1.6895360275270832e-06
Q02-D01-restore-L26-attention	minus-native	22	0.00809180736541748	0.519206166267395	0.5342029333114624	0.5111143589019775	0.014996767044067383	0.548621550957249	0.025136603616704	-0.03750361980389527	-0.010142163380000596	-3.57225137614936e-06	2.3268073639781672e-06
Q02-D01-restore-L26-attention	minus-native	23	0.5342029333114624	0.8439978063106537	2.7084534764289856	0.3097948729991913	1.864455670118332	0.39149070161840727	1.9186975524616319	-0.0816956399341271	-0.054241720818770156	-1.8868508888658653e-07	-1.6152452980700005e-07
Q02-D01-restore-L26-attention	minus-native	24	2.7084534764289856	2.7774808406829834	3.2232545614242554	0.0690273642539978	0.445773720741272	0.3376536142923988	0.7434364623367691	-0.2686259791194302	-0.2976639753105837	-2.709189707017501e-07	1.2337150866459368e-06
Q02-D01-restore-L26-attention	minus-native	25	3.2232545614242554	2.9911481142044067	3.2490949630737305	-0.23210644721984863	0.25794684886932373	-0.08791363090870274	0.5016100617455888	-0.14419496679973115	-0.2436622246727107	2.1504885852757782e-06	-9.88203554319611e-07
Q02-D01-restore-L26-attention	minus-native	26	3.2490949630737305	3.0928077697753906	1.998399257659912	-0.15628719329833984	-1.0944085121154785	-0.006990673232778466	-0.7476770191344733	-0.1492955195436161	-0.34672886731548913	-1.0005219452657865e-06	-2.62566551614829e-06
Q02-D01-restore-L26-attention	minus-native	27	1.998399257659912	1.877129077911377	2.1208009719848633	-0.12127017974853516	0.24367189407348633	-0.0637950222874939	0.3962252689796507	-0.05747931532639503	-0.1525489127396473	4.157865353772439e-06	-4.462166517088528e-06
Q02-D01-restore-L26-attention	minus-native	28	2.1208009719848633	1.9824714660644531	3.779404640197754	-0.13832950592041016	1.7969331741333008	-0.05761399334579753	2.0305990470949675	-0.08071364804330003	-0.23367228023589617	-1.8645313125988106e-06	6.407274229420362e-06
Q02-D01-restore-L26-attention	minus-native	29	3.779404640197754	5.173646926879883	4.9949445724487305	1.394242286682129	-0.17870235443115234	1.6604621478248296	0.32078431507876715	-0.2662184877221745	-0.4994871368899704	-1.3734205262239119e-06	4.6738005077262557e-07
Q02-D01-restore-L26-attention	minus-native	30	4.9949445724487305	6.055649757385254	4.975162506103516	1.0607051849365234	-1.0804872512817383	1.340644325907647	-0.28121427108553076	-0.27993560162807907	-0.7992773087278741	-3.5393430445340712e-06	4.328531666583646e-06
Q02-D01-restore-L26-attention	minus-native	31	4.975162506103516	5.020733833312988	5.514741897583008	0.045571327209472656	0.49400806427001953	0.2511545849969744	0.9968011004196475	-0.20557649391200972	-0.5027999982254826	-6.7638754920468225e-06	6.962075854544114e-06
Q02-D01-restore-L26-attention	minus-native	32	5.514741897583008	6.213778495788574	7.5133867263793945	0.6990365982055664	1.2996082305908203	1.027512248203637	1.6894884785891204	-0.3284694481716869	-0.3898818091044667	-6.201826383639419e-06	1.561106166558801e-06
Q02-D01-restore-L26-attention	minus-native	33	7.5133867263793945	7.068401336669922	6.792667388916016	-0.44498538970947266	-0.27573394775390625	0.05829859760384895	0.4325356870866066	-0.5032937836032271	-0.7082626700678802	9.796289905605882e-06	-6.96477263262274e-06
Q02-D01-restore-L26-attention	minus-native	34	6.792667388916016	6.137981414794922	4.673028945922852	-0.6546859741210938	-1.4649524688720703	0.1381755648668357	-0.21200022666991192	-0.7928588022639624	-1.2529496228580659	-2.7367239670006427e-06	-2.6193440925137423e-06
Q02-D01-restore-L26-attention	minus-native	35	4.673028945922852	4.570647239685059	9.185287475585938	-0.10238170623779297	4.614640235900879	0.262496564587047	-0.42918332392605096	-0.3648835569449078	5.043818697609062	5.286120067837796e-06	4.862217867440677e-06
Q02-D01-restore-L28-mlp	minus-native	0	0.0	0.0	0.0	0.0	0.0	0.0	0.0	0.0	0.0	0.0	0.0
Q02-D01-restore-L28-mlp	minus-native	1	0.0	0.0	0.0	0.0	0.0	0.0	0.0	0.0	0.0	0.0	0.0
Q02-D01-restore-L28-mlp	minus-native	2	0.0	0.0	0.0	0.0	0.0	0.0	0.0	0.0	0.0	0.0	0.0
Q02-D01-restore-L28-mlp	minus-native	3	0.0	0.0	0.0	0.0	0.0	0.0	0.0	0.0	0.0	0.0	0.0
Q02-D01-restore-L28-mlp	minus-native	4	0.0	0.0	0.0	0.0	0.0	0.0	0.0	0.0	0.0	0.0	0.0
Q02-D01-restore-L28-mlp	minus-native	5	0.0	0.0	0.0	0.0	0.0	0.0	0.0	0.0	0.0	0.0	0.0
Q02-D01-restore-L28-mlp	minus-native	6	0.0	0.0	0.0	0.0	0.0	0.0	0.0	0.0	0.0	0.0	0.0
Q02-D01-restore-L28-mlp	minus-native	7	0.0	0.0	0.0	0.0	0.0	0.0	0.0	0.0	0.0	0.0	0.0
Q02-D01-restore-L28-mlp	minus-native	8	0.0	0.0	0.0	0.0	0.0	0.0	0.0	0.0	0.0	0.0	0.0
Q02-D01-restore-L28-mlp	minus-native	9	0.0	0.0	0.0	0.0	0.0	0.0	0.0	0.0	0.0	0.0	0.0
Q02-D01-restore-L28-mlp	minus-native	10	0.0	0.0	0.0	0.0	0.0	0.0	0.0	0.0	0.0	0.0	0.0
Q02-D01-restore-L28-mlp	minus-native	11	0.0	0.0	0.0	0.0	0.0	0.0	0.0	0.0	0.0	0.0	0.0
Q02-D01-restore-L28-mlp	minus-native	12	0.0	0.0	0.0	0.0	0.0	0.0	0.0	0.0	0.0	0.0	0.0
Q02-D01-restore-L28-mlp	minus-native	13	0.0	0.0	0.0	0.0	0.0	0.0	0.0	0.0	0.0	0.0	0.0
Q02-D01-restore-L28-mlp	minus-native	14	0.0	0.0	0.0	0.0	0.0	0.0	0.0	0.0	0.0	0.0	0.0
Q02-D01-restore-L28-mlp	minus-native	15	0.0	0.0	0.0	0.0	0.0	0.0	0.0	0.0	0.0	0.0	0.0
Q02-D01-restore-L28-mlp	minus-native	16	0.0	0.0	0.0	0.0	0.0	0.0	0.0	0.0	0.0	0.0	0.0
Q02-D01-restore-L28-mlp	minus-native	17	0.0	0.0	0.0	0.0	0.0	0.0	0.0	0.0	0.0	0.0	0.0
Q02-D01-restore-L28-mlp	minus-native	18	0.0	0.0011897087097167969	0.0008358955383300781	0.0011897087097167969	-0.00035381317138671875	0.001215853940208067	-0.0005354848336853735	-2.632201169688181e-05	0.00018068485567984682	1.7678120561165356e-07	9.868066188079005e-07
Q02-D01-restore-L28-mlp	minus-native	19	0.0008358955383300781	0.02088451385498047	0.039369046688079834	0.02004861831665039	0.018484532833099365	0.020793072809737412	0.017504957542969483	-0.0007430044719948237	0.000979769734757302	-1.4500210921974954e-06	-1.944446274271261e-07
Q02-D01-restore-L28-mlp	minus-native	20	0.039369046688079834	-0.06246590614318848	0.02130722999572754	-0.10183495283126831	0.08377313613891602	-0.10162507641794616	0.08051402887036221	-0.00021127184452951475	0.003259375197598724	1.3954312073627406e-06	-2.6792904492256575e-07
Q02-D01-restore-L28-mlp	minus-native	21	0.02130722999572754	0.15928864479064941	0.00809180736541748	0.13798141479492188	-0.15119683742523193	0.12264994373778215	-0.1281982796857467	0.015331778205743274	-0.023000247275512753	-3.071486035510773e-07	1.6895360275270832e-06
Q02-D01-restore-L28-mlp	minus-native	22	0.00809180736541748	0.519206166267395	0.5342029333114624	0.5111143589019775	0.014996767044067383	0.548621550957249	0.025136603616704	-0.03750361980389527	-0.010142163380000596	-3.57225137614936e-06	2.3268073639781672e-06
Q02-D01-restore-L28-mlp	minus-native	23	0.5342029333114624	0.8439978063106537	2.7084534764289856	0.3097948729991913	1.864455670118332	0.39149070161840727	1.9186975524616319	-0.0816956399341271	-0.054241720818770156	-1.8868508888658653e-07	-1.6152452980700005e-07
Q02-D01-restore-L28-mlp	minus-native	24	2.7084534764289856	2.7774808406829834	3.2232545614242554	0.0690273642539978	0.445773720741272	0.3376536142923988	0.7434364623367691	-0.2686259791194302	-0.2976639753105837	-2.709189707017501e-07	1.2337150866459368e-06
Q02-D01-restore-L28-mlp	minus-native	25	3.2232545614242554	2.9911481142044067	3.2490949630737305	-0.23210644721984863	0.25794684886932373	-0.08791363090870274	0.5016100617455888	-0.14419496679973115	-0.2436622246727107	2.1504885852757782e-06	-9.88203554319611e-07
Q02-D01-restore-L28-mlp	minus-native	26	3.2490949630737305	7.353303909301758	5.968349456787109	4.104208946228027	-1.3849544525146484	4.262600658791323	-0.5211173468113077	-0.15838840403326712	-0.8638366377649852	-3.3085300283064445e-06	-4.6793835553615715e-07
Q02-D01-restore-L28-mlp	minus-native	27	5.968349456787109	6.074573040008545	6.257840156555176	0.10622358322143555	0.18326711654663086	0.25718121362156476	0.6857294059131992	-0.15096190849931979	-0.502459537115936	4.278099190561935e-06	-2.752250632315212e-06
Q02-D01-restore-L28-mlp	minus-native	28	6.257840156555176	6.156186103820801	5.374783515930176	-0.101654052734375	-0.781402587890625	0.13265679672236708	-0.04052503487978676	-0.23431047188009949	-0.7408797630435598	-3.775766425941074e-07	2.210032721633448e-06
Q02-D01-restore-L28-mlp	minus-native	29	5.374783515930176	8.255941390991211	7.4514265060424805	2.881157875061035	-0.8045148849487305	3.273022629208741	0.025287721561115806	-0.39186410208477346	-0.8298026233734322	-6.520629323714111e-07	1.6863585888815535e-08
Q02-D01-restore-L28-mlp	minus-native	30	7.4514265060424805	8.58809757232666	7.061321258544922	1.1366710662841797	-1.5267763137817383	1.5648896208487757	-0.3993819588447649	-0.42821787054814847	-1.1273950602358778	-6.840164475246935e-07	7.052989043909719e-07
Q02-D01-restore-L28-mlp	minus-native	31	7.061321258544922	6.986367225646973	7.4752960205078125	-0.07495403289794922	0.48892879486083984	0.21731324494274862	1.197757320126605	-0.2922649332860875	-0.7088302109450124	-2.344554610367658e-06	1.6856792471597881e-06
Q02-D01-restore-L28-mlp	minus-native	32	7.4752960205078125	8.3873872756958	10.716444969177246	0.9120912551879883	2.3290576934814453	1.3625029405054097	2.8910054932830427	-0.45040933185635884	-0.5619461038802884	-2.3534610625389196e-06	-1.695921308719761e-06
Q02-D01-restore-L28-mlp	minus-native	33	10.716444969177246	10.024618148803711	9.430459976196289	-0.6918268203735352	-0.5941581726074219	0.05615884572244276	0.46534409345766714	-0.7479933880473684	-1.0594949521793917	7.721951390537996e-06	-7.313885697191047e-06
Q02-D01-restore-L28-mlp	minus-native	34	9.430459976196289	8.354059219360352	6.470891952514648	-1.0764007568359375	-1.8831672668457031	0.011688915441798453	-0.18329114566300286	-1.0880921241267671	-1.6998704970306866	2.4518490311931096e-06	-5.62415201377231e-06
Q02-D01-restore-L28-mlp	minus-native	35	6.470891952514648	6.29327392578125	12.5531005859375	-0.17761802673339844	6.25982666015625	0.32538977973484673	-0.8013312912784842	-0.5030138176950398	7.06115870599296	6.011226794666591e-06	-7.545582256796024e-07
Q02-D01-restore-joint	minus-native	0	0.0	0.0	0.0	0.0	0.0	0.0	0.0	0.0	0.0	0.0	0.0
Q02-D01-restore-joint	minus-native	1	0.0	0.0	0.0	0.0	0.0	0.0	0.0	0.0	0.0	0.0	0.0
Q02-D01-restore-joint	minus-native	2	0.0	0.0	0.0	0.0	0.0	0.0	0.0	0.0	0.0	0.0	0.0
Q02-D01-restore-joint	minus-native	3	0.0	0.0	0.0	0.0	0.0	0.0	0.0	0.0	0.0	0.0	0.0
Q02-D01-restore-joint	minus-native	4	0.0	0.0	0.0	0.0	0.0	0.0	0.0	0.0	0.0	0.0	0.0
Q02-D01-restore-joint	minus-native	5	0.0	0.0	0.0	0.0	0.0	0.0	0.0	0.0	0.0	0.0	0.0
Q02-D01-restore-joint	minus-native	6	0.0	0.0	0.0	0.0	0.0	0.0	0.0	0.0	0.0	0.0	0.0
Q02-D01-restore-joint	minus-native	7	0.0	0.0	0.0	0.0	0.0	0.0	0.0	0.0	0.0	0.0	0.0
Q02-D01-restore-joint	minus-native	8	0.0	0.0	0.0	0.0	0.0	0.0	0.0	0.0	0.0	0.0	0.0
Q02-D01-restore-joint	minus-native	9	0.0	0.0	0.0	0.0	0.0	0.0	0.0	0.0	0.0	0.0	0.0
Q02-D01-restore-joint	minus-native	10	0.0	0.0	0.0	0.0	0.0	0.0	0.0	0.0	0.0	0.0	0.0
Q02-D01-restore-joint	minus-native	11	0.0	0.0	0.0	0.0	0.0	0.0	0.0	0.0	0.0	0.0	0.0
Q02-D01-restore-joint	minus-native	12	0.0	0.0	0.0	0.0	0.0	0.0	0.0	0.0	0.0	0.0	0.0
Q02-D01-restore-joint	minus-native	13	0.0	0.0	0.0	0.0	0.0	0.0	0.0	0.0	0.0	0.0	0.0
Q02-D01-restore-joint	minus-native	14	0.0	0.0	0.0	0.0	0.0	0.0	0.0	0.0	0.0	0.0	0.0
Q02-D01-restore-joint	minus-native	15	0.0	0.0	0.0	0.0	0.0	0.0	0.0	0.0	0.0	0.0	0.0
Q02-D01-restore-joint	minus-native	16	0.0	0.0	0.0	0.0	0.0	0.0	0.0	0.0	0.0	0.0	0.0
Q02-D01-restore-joint	minus-native	17	0.0	0.0	0.0	0.0	0.0	0.0	0.0	0.0	0.0	0.0	0.0
Q02-D01-restore-joint	minus-native	18	0.0	0.0011897087097167969	0.0008358955383300781	0.0011897087097167969	-0.00035381317138671875	0.001215853940208067	-0.0005354848336853735	-2.632201169688181e-05	0.00018068485567984682	1.7678120561165356e-07	9.868066188079005e-07
Q02-D01-restore-joint	minus-native	19	0.0008358955383300781	0.02088451385498047	0.039369046688079834	0.02004861831665039	0.018484532833099365	0.020793072809737412	0.017504957542969483	-0.0007430044719948237	0.000979769734757302	-1.4500210921974954e-06	-1.944446274271261e-07
Q02-D01-restore-joint	minus-native	20	0.039369046688079834	-0.06246590614318848	0.02130722999572754	-0.10183495283126831	0.08377313613891602	-0.10162507641794616	0.08051402887036221	-0.00021127184452951475	0.003259375197598724	1.3954312073627406e-06	-2.6792904492256575e-07
Q02-D01-restore-joint	minus-native	21	0.02130722999572754	0.15928864479064941	0.00809180736541748	0.13798141479492188	-0.15119683742523193	0.12264994373778215	-0.1281982796857467	0.015331778205743274	-0.023000247275512753	-3.071486035510773e-07	1.6895360275270832e-06
Q02-D01-restore-joint	minus-native	22	0.00809180736541748	0.519206166267395	0.5342029333114624	0.5111143589019775	0.014996767044067383	0.548621550957249	0.025136603616704	-0.03750361980389527	-0.010142163380000596	-3.57225137614936e-06	2.3268073639781672e-06
Q02-D01-restore-joint	minus-native	23	0.5342029333114624	0.8439978063106537	2.7084534764289856	0.3097948729991913	1.864455670118332	0.39149070161840727	1.9186975524616319	-0.0816956399341271	-0.054241720818770156	-1.8868508888658653e-07	-1.6152452980700005e-07
Q02-D01-restore-joint	minus-native	24	2.7084534764289856	2.7774808406829834	3.2232545614242554	0.0690273642539978	0.445773720741272	0.3376536142923988	0.7434364623367691	-0.2686259791194302	-0.2976639753105837	-2.709189707017501e-07	1.2337150866459368e-06
Q02-D01-restore-joint	minus-native	25	3.2232545614242554	2.9911481142044067	3.2490949630737305	-0.23210644721984863	0.25794684886932373	-0.08791363090870274	0.5016100617455888	-0.14419496679973115	-0.2436622246727107	2.1504885852757782e-06	-9.88203554319611e-07
Q02-D01-restore-joint	minus-native	26	3.2490949630737305	3.0928077697753906	1.998399257659912	-0.15628719329833984	-1.0944085121154785	-0.006990673232778466	-0.7476770191344733	-0.1492955195436161	-0.34672886731548913	-1.0005219452657865e-06	-2.62566551614829e-06
Q02-D01-restore-joint	minus-native	27	1.998399257659912	1.877129077911377	2.1208009719848633	-0.12127017974853516	0.24367189407348633	-0.0637950222874939	0.3962252689796507	-0.05747931532639503	-0.1525489127396473	4.157865353772439e-06	-4.462166517088528e-06
Q02-D01-restore-joint	minus-native	28	2.1208009719848633	1.9824714660644531	1.7023820877075195	-0.13832950592041016	-0.2800893783569336	-0.05761399334579753	-0.04424100512118212	-0.08071364804330003	-0.23585451549316525	-1.8645313125988106e-06	6.142257413771501e-06
Q02-D01-restore-joint	minus-native	29	1.7023820877075195	3.5084667205810547	3.7926101684570312	1.8060846328735352	0.28414344787597656	1.926928112844752	0.6195885832790594	-0.12084186611488201	-0.3354462518268697	-1.613856334792274e-06	1.1164237867511417e-06
Q02-D01-restore-joint	minus-native	30	3.7926101684570312	4.574658393859863	3.488840103149414	0.782048225402832	-1.0858182907104492	1.0020947781676826	-0.48100316845671376	-0.22004742227040208	-0.604813272153849	8.695055515595129e-07	-1.8500998865134122e-06
Q02-D01-restore-joint	minus-native	31	3.488840103149414	3.5542173385620117	3.963803291320801	0.06537723541259766	0.40958595275878906	0.2118651634392269	0.7689929432123382	-0.1464819064478578	-0.35941568297777493	-6.021578771442382e-06	8.69252422575073e-06
Q02-D01-restore-joint	minus-native	32	3.963803291320801	4.844498634338379	5.999524116516113	0.8806953430175781	1.1550254821777344	1.1192043675273062	1.4549085301561824	-0.23850619095063966	-0.2998787875883089	-2.833559088449844e-06	-4.260390139121384e-06
Q02-D01-restore-joint	minus-native	33	5.999524116516113	5.633184432983398	5.297733306884766	-0.36633968353271484	-0.3354511260986328	0.04518835733162957	0.23945941694150963	-0.4115316877304964	-0.5749093041884654	3.6468661520627776e-06	-1.2388516770212021e-06
Q02-D01-restore-joint	minus-native	34	5.297733306884766	4.704353332519531	3.7683401107788086	-0.5933799743652344	-0.9360132217407227	0.04597940760397351	-0.018956309713217045	-0.6393596331591511	-0.9170537415059354	2.5118994317896437e-07	-3.170521570172724e-06
Q02-D01-restore-joint	minus-native	35	3.7683401107788086	3.6942272186279297	7.616527557373047	-0.0741128921508789	3.922300338745117	0.23930977887820426	0.14194014704436597	-0.3134267270106378	3.780360459573732	4.055981554618171e-06	-2.678729806859792e-07
Q02-D02-upstream	minus-native	0	0.0	0.0	0.0	0.0	0.0	0.0	0.0	0.0	0.0	0.0	0.0
Q02-D02-upstream	minus-native	1	0.0	0.0	0.0	0.0	0.0	0.0	0.0	0.0	0.0	0.0	0.0
Q02-D02-upstream	minus-native	2	0.0	0.0	0.0	0.0	0.0	0.0	0.0	0.0	0.0	0.0	0.0
Q02-D02-upstream	minus-native	3	0.0	0.0	0.0	0.0	0.0	0.0	0.0	0.0	0.0	0.0	0.0
Q02-D02-upstream	minus-native	4	0.0	0.0	0.0	0.0	0.0	0.0	0.0	0.0	0.0	0.0	0.0
Q02-D02-upstream	minus-native	5	0.0	0.0	0.0	0.0	0.0	0.0	0.0	0.0	0.0	0.0	0.0
Q02-D02-upstream	minus-native	6	0.0	0.0	0.0	0.0	0.0	0.0	0.0	0.0	0.0	0.0	0.0
Q02-D02-upstream	minus-native	7	0.0	0.0	0.0	0.0	0.0	0.0	0.0	0.0	0.0	0.0	0.0
Q02-D02-upstream	minus-native	8	0.0	0.0	0.0	0.0	0.0	0.0	0.0	0.0	0.0	0.0	0.0
Q02-D02-upstream	minus-native	9	0.0	0.0	0.0	0.0	0.0	0.0	0.0	0.0	0.0	0.0	0.0
Q02-D02-upstream	minus-native	10	0.0	0.0	0.0	0.0	0.0	0.0	0.0	0.0	0.0	0.0	0.0
Q02-D02-upstream	minus-native	11	0.0	0.0	0.0	0.0	0.0	0.0	0.0	0.0	0.0	0.0	0.0
Q02-D02-upstream	minus-native	12	0.0	0.0	0.0	0.0	0.0	0.0	0.0	0.0	0.0	0.0	0.0
Q02-D02-upstream	minus-native	13	0.0	0.0	0.0	0.0	0.0	0.0	0.0	0.0	0.0	0.0	0.0
Q02-D02-upstream	minus-native	14	0.0	0.0	0.0	0.0	0.0	0.0	0.0	0.0	0.0	0.0	0.0
Q02-D02-upstream	minus-native	15	0.0	0.0	0.0	0.0	0.0	0.0	0.0	0.0	0.0	0.0	0.0
Q02-D02-upstream	minus-native	16	0.0	0.0	0.0	0.0	0.0	0.0	0.0	0.0	0.0	0.0	0.0
Q02-D02-upstream	minus-native	17	0.0	0.0	0.0	0.0	0.0	0.0	0.0	0.0	0.0	0.0	0.0
Q02-D02-upstream	minus-native	18	0.0	-0.00119096040725708	-0.0007753372192382812	-0.00119096040725708	0.00041562318801879883	-0.0012213444290769537	0.0006161653630378794	3.069356848453553e-05	-0.00019979986296958518	-3.0954666466187497e-07	-7.42312049495375e-07
Q02-D02-upstream	minus-native	19	-0.0007753372192382812	-0.010343313217163086	-0.031425654888153076	-0.009567975997924805	-0.02108234167098999	-0.009774648544101705	-0.020208205986761874	0.00020558422225785966	-0.0008740029556455198	1.088323919040679e-06	-1.3272858259694154e-07
Q02-D02-upstream	minus-native	20	-0.031425654888153076	0.011927485466003418	-0.0380856990814209	0.043353140354156494	-0.050013184547424316	0.039582151244403785	-0.045596944670587364	0.0037728276289767937	-0.004418292121852241	-1.8385192240844006e-06	2.0522450152882232e-06
Q02-D02-upstream	minus-native	21	-0.0380856990814209	-0.022841691970825195	0.23442840576171875	0.015244007110595703	0.25727009773254395	0.019948659364753762	0.24343601741076526	-0.004704159071956315	0.013835437478722401	-4.931822017439913e-07	-1.3571569437154096e-06
Q02-D02-upstream	minus-native	22	0.23442840576171875	-0.16233348846435547	-0.15455365180969238	-0.3967618942260742	0.007779836654663086	-0.40391477506123485	-0.001148076521419572	0.007152784309985838	0.008926731775830657	9.652517479752376e-08	1.1814002520010858e-06
Q02-D02-upstream	minus-native	23	-0.15455365180969238	-0.6690825372934341	-2.1288816705346107	-0.5145288854837418	-1.4597991332411766	-0.5531339678486338	-1.528539634433109	0.038605979502292276	0.06873918862012368	-8.971374002575416e-07	1.3125718087425575e-06
Q02-D02-upstream	minus-native	24	-2.1288816705346107	-2.411917746067047	-2.7844665348529816	-0.28303607553243637	-0.37254878878593445	-0.4004403951250981	-0.6542713318908747	0.11740566439783473	0.28172142056213123	-1.3448051727760202e-06	1.1225428090400058e-06
Q02-D02-upstream	minus-native	25	-2.7844665348529816	-2.6415817588567734	-3.131276547908783	0.1428847759962082	-0.4896947890520096	-0.03968596318099882	-0.6984412613367825	0.18256971909354505	0.20874849928325417	1.0200836619567166e-06	-2.0269984812304465e-06
Q02-D02-upstream	minus-native	26	-3.131276547908783	-6.938053131103516	-7.1520349979400635	-3.8067765831947327	-0.21398186683654785	-4.0109375515131624	-1.0028852239878085	0.20416047374425983	0.7889029402765801	4.94574169507267e-07	4.168746805532919e-07
Q02-D02-upstream	minus-native	27	-7.1520349979400635	-7.166658401489258	-7.301187515258789	-0.014623403549194336	-0.13452911376953125	-0.1650869660764498	-0.778497026432705	0.15046465118682065	0.6439660812951176	-1.0886595651904418e-06	1.83136805625983e-06
Q02-D02-upstream	minus-native	28	-7.301187515258789	-7.279361724853516	-10.898494720458984	0.021825790405273438	-3.6191329956054688	-0.2127111247410549	-4.476834114313002	0.23453515292732144	0.8577025337093565	1.7622190069122023e-06	-1.4150018228797911e-06
Q02-D02-upstream	minus-native	29	-10.898494720458984	-14.919743537902832	-11.190678596496582	-4.021248817443848	3.72906494140625	-4.87203334329587	2.2090325697057143	0.8507897933487338	1.5200273324420182	-5.267496710995023e-06	5.0392585175806914e-06
Q02-D02-upstream	minus-native	30	-11.190678596496582	-12.931079864501953	-12.31586742401123	-1.740401268005371	0.6152124404907227	-2.4452671992705826	-1.0616640182800958	0.7048600722795546	1.6768823529724939	5.858985656886917e-06	-5.8942016753042725e-06
Q02-D02-upstream	minus-native	31	-12.31586742401123	-12.177289962768555	-12.942314147949219	0.13857746124267578	-0.7650241851806641	-0.3603992828855547	-1.9979731177402642	0.498977574181482	1.232946226639379	-8.300532515215231e-07	2.7059202213353117e-06
Q02-D02-upstream	minus-native	32	-12.942314147949219	-17.014904022216797	-21.221416473388672	-4.072589874267578	-4.206512451171875	-4.841359669351375	-5.565848323081299	0.7687685669482126	1.3593387187283952	1.2281355842025388e-06	-2.846818970336784e-06
Q02-D02-upstream	minus-native	33	-21.221416473388672	-19.924190521240234	-17.202110290527344	1.2972259521484375	2.7220802307128906	-0.20997914787678001	0.4391763695123717	1.5072095032732853	2.282906138677482	-4.40324806771919e-06	-2.2774769632416536e-06
Q02-D02-upstream	minus-native	34	-17.202110290527344	-15.247322082519531	-12.160188674926758	1.9547882080078125	3.0871334075927734	-0.01028953350600259	-0.08115860638541195	1.9650746099476177	3.168287879391395	3.1315661974673503e-06	4.13458679027201e-06
Q02-D02-upstream	minus-native	35	-12.160188674926758	-11.795815467834473	-22.090946197509766	0.36437320709228516	-10.295130729675293	-0.521429616683887	5.194220435685957	0.8858063625937665	-15.489345933401061	-3.5388175944062183e-06	-5.231960188645246e-06
Q02-D02-restore-L26-attention	minus-native	0	0.0	0.0	0.0	0.0	0.0	0.0	0.0	0.0	0.0	0.0	0.0
Q02-D02-restore-L26-attention	minus-native	1	0.0	0.0	0.0	0.0	0.0	0.0	0.0	0.0	0.0	0.0	0.0
Q02-D02-restore-L26-attention	minus-native	2	0.0	0.0	0.0	0.0	0.0	0.0	0.0	0.0	0.0	0.0	0.0
Q02-D02-restore-L26-attention	minus-native	3	0.0	0.0	0.0	0.0	0.0	0.0	0.0	0.0	0.0	0.0	0.0
Q02-D02-restore-L26-attention	minus-native	4	0.0	0.0	0.0	0.0	0.0	0.0	0.0	0.0	0.0	0.0	0.0
Q02-D02-restore-L26-attention	minus-native	5	0.0	0.0	0.0	0.0	0.0	0.0	0.0	0.0	0.0	0.0	0.0
Q02-D02-restore-L26-attention	minus-native	6	0.0	0.0	0.0	0.0	0.0	0.0	0.0	0.0	0.0	0.0	0.0
Q02-D02-restore-L26-attention	minus-native	7	0.0	0.0	0.0	0.0	0.0	0.0	0.0	0.0	0.0	0.0	0.0
Q02-D02-restore-L26-attention	minus-native	8	0.0	0.0	0.0	0.0	0.0	0.0	0.0	0.0	0.0	0.0	0.0
Q02-D02-restore-L26-attention	minus-native	9	0.0	0.0	0.0	0.0	0.0	0.0	0.0	0.0	0.0	0.0	0.0
Q02-D02-restore-L26-attention	minus-native	10	0.0	0.0	0.0	0.0	0.0	0.0	0.0	0.0	0.0	0.0	0.0
Q02-D02-restore-L26-attention	minus-native	11	0.0	0.0	0.0	0.0	0.0	0.0	0.0	0.0	0.0	0.0	0.0
Q02-D02-restore-L26-attention	minus-native	12	0.0	0.0	0.0	0.0	0.0	0.0	0.0	0.0	0.0	0.0	0.0
Q02-D02-restore-L26-attention	minus-native	13	0.0	0.0	0.0	0.0	0.0	0.0	0.0	0.0	0.0	0.0	0.0
Q02-D02-restore-L26-attention	minus-native	14	0.0	0.0	0.0	0.0	0.0	0.0	0.0	0.0	0.0	0.0	0.0
Q02-D02-restore-L26-attention	minus-native	15	0.0	0.0	0.0	0.0	0.0	0.0	0.0	0.0	0.0	0.0	0.0
Q02-D02-restore-L26-attention	minus-native	16	0.0	0.0	0.0	0.0	0.0	0.0	0.0	0.0	0.0	0.0	0.0
Q02-D02-restore-L26-attention	minus-native	17	0.0	0.0	0.0	0.0	0.0	0.0	0.0	0.0	0.0	0.0	0.0
Q02-D02-restore-L26-attention	minus-native	18	0.0	-0.00119096040725708	-0.0007753372192382812	-0.00119096040725708	0.00041562318801879883	-0.0012213444290769537	0.0006161653630378794	3.069356848453553e-05	-0.00019979986296958518	-3.0954666466187497e-07	-7.42312049495375e-07
Q02-D02-restore-L26-attention	minus-native	19	-0.0007753372192382812	-0.010343313217163086	-0.031425654888153076	-0.009567975997924805	-0.02108234167098999	-0.009774648544101705	-0.020208205986761874	0.00020558422225785966	-0.0008740029556455198	1.088323919040679e-06	-1.3272858259694154e-07
Q02-D02-restore-L26-attention	minus-native	20	-0.031425654888153076	0.011927485466003418	-0.0380856990814209	0.043353140354156494	-0.050013184547424316	0.039582151244403785	-0.045596944670587364	0.0037728276289767937	-0.004418292121852241	-1.8385192240844006e-06	2.0522450152882232e-06
Q02-D02-restore-L26-attention	minus-native	21	-0.0380856990814209	-0.022841691970825195	0.23442840576171875	0.015244007110595703	0.25727009773254395	0.019948659364753762	0.24343601741076526	-0.004704159071956315	0.013835437478722401	-4.931822017439913e-07	-1.3571569437154096e-06
Q02-D02-restore-L26-attention	minus-native	22	0.23442840576171875	-0.16233348846435547	-0.15455365180969238	-0.3967618942260742	0.007779836654663086	-0.40391477506123485	-0.001148076521419572	0.007152784309985838	0.008926731775830657	9.652517479752376e-08	1.1814002520010858e-06
Q02-D02-restore-L26-attention	minus-native	23	-0.15455365180969238	-0.6690825372934341	-2.1288816705346107	-0.5145288854837418	-1.4597991332411766	-0.5531339678486338	-1.528539634433109	0.038605979502292276	0.06873918862012368	-8.971374002575416e-07	1.3125718087425575e-06
Q02-D02-restore-L26-attention	minus-native	24	-2.1288816705346107	-2.411917746067047	-2.7844665348529816	-0.28303607553243637	-0.37254878878593445	-0.4004403951250981	-0.6542713318908747	0.11740566439783473	0.28172142056213123	-1.3448051727760202e-06	1.1225428090400058e-06
Q02-D02-restore-L26-attention	minus-native	25	-2.7844665348529816	-2.6415817588567734	-3.131276547908783	0.1428847759962082	-0.4896947890520096	-0.03968596318099882	-0.6984412613367825	0.18256971909354505	0.20874849928325417	1.0200836619567166e-06	-2.0269984812304465e-06
Q02-D02-restore-L26-attention	minus-native	26	-3.131276547908783	-2.9172115325927734	-3.337855100631714	0.21406501531600952	-0.42064356803894043	0.036946202747446755	-0.7206139075626581	0.17712016644182194	0.29996777913474704	-1.353873259168914e-06	2.560388970618277e-06
Q02-D02-restore-L26-attention	minus-native	27	-3.337855100631714	-3.252129077911377	-3.54725980758667	0.08572602272033691	-0.29513072967529297	0.013831605000777736	-0.6140436050329325	0.0718979311562151	0.31891010257655095	-3.513436655916413e-06	2.7727810886224447e-06
Q02-D02-restore-L26-attention	minus-native	28	-3.54725980758667	-3.483997344970703	-5.752503395080566	0.0632624626159668	-2.2685060501098633	-0.03411883224639567	-2.670486684778595	0.09738178853495594	0.4019787253270092	-4.936725934712172e-07	1.909341722727831e-06
Q02-D02-restore-L26-attention	minus-native	29	-5.752503395080566	-8.846993446350098	-6.6151323318481445	-3.0944900512695312	2.231861114501953	-3.559502688156815	1.3463118053660206	0.46501584540161833	0.8855488402375654	-3.20851433477376e-06	4.688983671063962e-07
Q02-D02-restore-L26-attention	minus-native	30	-6.6151323318481445	-8.046672821044922	-7.7487287521362305	-1.4315404891967773	0.2979440689086914	-1.8519710729372316	-0.7442294302860708	0.42042631293464455	1.04217413787614	4.270805809739042e-06	-6.386813777847777e-07
Q02-D02-restore-L26-attention	minus-native	31	-7.7487287521362305	-7.723796844482422	-8.2852783203125	0.024931907653808594	-0.5614814758300781	-0.2874835345195872	-1.338906367780564	0.31241509019731106	0.7774240207192212	3.519760847225939e-07	8.712312644376663e-07
Q02-D02-restore-L26-attention	minus-native	32	-8.2852783203125	-12.579322814941406	-14.937435150146484	-4.294044494628906	-2.358112335205078	-4.774666389760766	-3.38533667144349	0.48062447569166145	1.027228601607463	-2.580559801929061e-06	-4.2653690514038445e-06
Q02-D02-restore-L26-attention	minus-native	33	-14.937435150146484	-14.064432144165039	-11.993965148925781	0.8730030059814453	2.070466995239258	-0.17483938249541575	0.42714770488704146	1.0478402377021498	1.6433221343105577	2.150774711329184e-06	-2.843958341436359e-06
Q02-D02-restore-L26-attention	minus-native	34	-11.993965148925781	-10.673727035522461	-8.950157165527344	1.3202381134033203	1.7235698699951172	-0.06913337196087466	-0.47653626133445526	1.3893733947787597	2.2000990841943806	-1.9094145647102767e-06	7.047135191895482e-06
Q02-D02-restore-L26-attention	minus-native	35	-8.950157165527344	-8.702552795410156	-16.58758544921875	0.2476043701171875	-7.885032653808594	-0.4098480872905585	3.6647539599470513	0.6574504377740278	-11.549776211195322	2.0196337181532797e-06	-1.040256032336373e-05
Q02-D02-restore-L28-mlp	minus-native	0	0.0	0.0	0.0	0.0	0.0	0.0	0.0	0.0	0.0	0.0	0.0
Q02-D02-restore-L28-mlp	minus-native	1	0.0	0.0	0.0	0.0	0.0	0.0	0.0	0.0	0.0	0.0	0.0
Q02-D02-restore-L28-mlp	minus-native	2	0.0	0.0	0.0	0.0	0.0	0.0	0.0	0.0	0.0	0.0	0.0
Q02-D02-restore-L28-mlp	minus-native	3	0.0	0.0	0.0	0.0	0.0	0.0	0.0	0.0	0.0	0.0	0.0
Q02-D02-restore-L28-mlp	minus-native	4	0.0	0.0	0.0	0.0	0.0	0.0	0.0	0.0	0.0	0.0	0.0
Q02-D02-restore-L28-mlp	minus-native	5	0.0	0.0	0.0	0.0	0.0	0.0	0.0	0.0	0.0	0.0	0.0
Q02-D02-restore-L28-mlp	minus-native	6	0.0	0.0	0.0	0.0	0.0	0.0	0.0	0.0	0.0	0.0	0.0
Q02-D02-restore-L28-mlp	minus-native	7	0.0	0.0	0.0	0.0	0.0	0.0	0.0	0.0	0.0	0.0	0.0
Q02-D02-restore-L28-mlp	minus-native	8	0.0	0.0	0.0	0.0	0.0	0.0	0.0	0.0	0.0	0.0	0.0
Q02-D02-restore-L28-mlp	minus-native	9	0.0	0.0	0.0	0.0	0.0	0.0	0.0	0.0	0.0	0.0	0.0
Q02-D02-restore-L28-mlp	minus-native	10	0.0	0.0	0.0	0.0	0.0	0.0	0.0	0.0	0.0	0.0	0.0
Q02-D02-restore-L28-mlp	minus-native	11	0.0	0.0	0.0	0.0	0.0	0.0	0.0	0.0	0.0	0.0	0.0
Q02-D02-restore-L28-mlp	minus-native	12	0.0	0.0	0.0	0.0	0.0	0.0	0.0	0.0	0.0	0.0	0.0
Q02-D02-restore-L28-mlp	minus-native	13	0.0	0.0	0.0	0.0	0.0	0.0	0.0	0.0	0.0	0.0	0.0
Q02-D02-restore-L28-mlp	minus-native	14	0.0	0.0	0.0	0.0	0.0	0.0	0.0	0.0	0.0	0.0	0.0
Q02-D02-restore-L28-mlp	minus-native	15	0.0	0.0	0.0	0.0	0.0	0.0	0.0	0.0	0.0	0.0	0.0
Q02-D02-restore-L28-mlp	minus-native	16	0.0	0.0	0.0	0.0	0.0	0.0	0.0	0.0	0.0	0.0	0.0
Q02-D02-restore-L28-mlp	minus-native	17	0.0	0.0	0.0	0.0	0.0	0.0	0.0	0.0	0.0	0.0	0.0
Q02-D02-restore-L28-mlp	minus-native	18	0.0	-0.00119096040725708	-0.0007753372192382812	-0.00119096040725708	0.00041562318801879883	-0.0012213444290769537	0.0006161653630378794	3.069356848453553e-05	-0.00019979986296958518	-3.0954666466187497e-07	-7.42312049495375e-07
Q02-D02-restore-L28-mlp	minus-native	19	-0.0007753372192382812	-0.010343313217163086	-0.031425654888153076	-0.009567975997924805	-0.02108234167098999	-0.009774648544101705	-0.020208205986761874	0.00020558422225785966	-0.0008740029556455198	1.088323919040679e-06	-1.3272858259694154e-07
Q02-D02-restore-L28-mlp	minus-native	20	-0.031425654888153076	0.011927485466003418	-0.0380856990814209	0.043353140354156494	-0.050013184547424316	0.039582151244403785	-0.045596944670587364	0.0037728276289767937	-0.004418292121852241	-1.8385192240844006e-06	2.0522450152882232e-06
Q02-D02-restore-L28-mlp	minus-native	21	-0.0380856990814209	-0.022841691970825195	0.23442840576171875	0.015244007110595703	0.25727009773254395	0.019948659364753762	0.24343601741076526	-0.004704159071956315	0.013835437478722401	-4.931822017439913e-07	-1.3571569437154096e-06
Q02-D02-restore-L28-mlp	minus-native	22	0.23442840576171875	-0.16233348846435547	-0.15455365180969238	-0.3967618942260742	0.007779836654663086	-0.40391477506123485	-0.001148076521419572	0.007152784309985838	0.008926731775830657	9.652517479752376e-08	1.1814002520010858e-06
Q02-D02-restore-L28-mlp	minus-native	23	-0.15455365180969238	-0.6690825372934341	-2.1288816705346107	-0.5145288854837418	-1.4597991332411766	-0.5531339678486338	-1.528539634433109	0.038605979502292276	0.06873918862012368	-8.971374002575416e-07	1.3125718087425575e-06
Q02-D02-restore-L28-mlp	minus-native	24	-2.1288816705346107	-2.411917746067047	-2.7844665348529816	-0.28303607553243637	-0.37254878878593445	-0.4004403951250981	-0.6542713318908747	0.11740566439783473	0.28172142056213123	-1.3448051727760202e-06	1.1225428090400058e-06
Q02-D02-restore-L28-mlp	minus-native	25	-2.7844665348529816	-2.6415817588567734	-3.131276547908783	0.1428847759962082	-0.4896947890520096	-0.03968596318099882	-0.6984412613367825	0.18256971909354505	0.20874849928325417	1.0200836619567166e-06	-2.0269984812304465e-06
Q02-D02-restore-L28-mlp	minus-native	26	-3.131276547908783	-6.938053131103516	-7.1520349979400635	-3.8067765831947327	-0.21398186683654785	-4.0109375515131624	-1.0028852239878085	0.20416047374425983	0.7889029402765801	4.94574169507267e-07	4.168746805532919e-07
Q02-D02-restore-L28-mlp	minus-native	27	-7.1520349979400635	-7.166658401489258	-7.301187515258789	-0.014623403549194336	-0.13452911376953125	-0.1650869660764498	-0.778497026432705	0.15046465118682065	0.6439660812951176	-1.0886595651904418e-06	1.83136805625983e-06
Q02-D02-restore-L28-mlp	minus-native	28	-7.301187515258789	-7.279361724853516	-6.41932487487793	0.021825790405273438	0.8600368499755859	-0.2127111247410549	0.004734768241176024	0.23453515292732144	0.8553032168060495	1.7622190069122023e-06	-1.1350716395130966e-06
Q02-D02-restore-L28-mlp	minus-native	29	-6.41932487487793	-10.683096885681152	-8.025416374206543	-4.263772010803223	2.6576805114746094	-4.786998271277442	1.582885932887395	0.5232300163159979	1.0747913780872425	-3.7558417790573007e-06	3.20049997182964e-06
Q02-D02-restore-L28-mlp	minus-native	30	-8.025416374206543	-9.46759033203125	-8.72716999053955	-1.442173957824707	0.7404203414916992	-1.9534456138025686	-0.4731740039871162	0.5112667827256691	1.213597139519711	4.873252192575707e-06	-2.7940408955928753e-06
Q02-D02-restore-L28-mlp	minus-native	31	-8.72716999053955	-8.67137336730957	-9.202106475830078	0.05579662322998047	-0.5307331085205078	-0.2941463982042456	-1.403635430106195	0.34994644212921727	0.8728975122730434	-3.4206949911935736e-06	4.809312643849761e-06
Q02-D02-restore-L28-mlp	minus-native	32	-9.202106475830078	-12.852336883544922	-16.07585906982422	-3.6502304077148438	-3.223522186279297	-4.189474786421419	-4.26835362273585	0.5392484887163478	1.044834097362078	-4.110009772254064e-06	-2.6609055250315095e-06
Q02-D02-restore-L28-mlp	minus-native	33	-16.07585906982422	-15.058479309082031	-12.958343505859375	1.0173797607421875	2.1001358032226562	-0.11331679319131516	0.3455304959974975	1.130693801607591	1.7546106798168697	2.7523259117923082e-06	-5.372591711017005e-06
Q02-D02-restore-L28-mlp	minus-native	34	-12.958343505859375	-11.452695846557617	-9.628181457519531	1.5056476593017578	1.824514389038086	0.008898157768278403	-0.5325011430907947	1.4967454951449122	2.357013479600637	4.006388567290298e-06	2.0525282437011683e-06
Q02-D02-restore-L28-mlp	minus-native	35	-9.628181457519531	-9.376748085021973	-18.127281188964844	0.2514333724975586	-8.750533103942871	-0.4612804163568148	3.7266723815964706	0.7127153076494372	-12.47720097029984	-1.5187950637707281e-06	-4.515239500513246e-06
Q02-D02-restore-joint	minus-native	0	0.0	0.0	0.0	0.0	0.0	0.0	0.0	0.0	0.0	0.0	0.0
Q02-D02-restore-joint	minus-native	1	0.0	0.0	0.0	0.0	0.0	0.0	0.0	0.0	0.0	0.0	0.0
Q02-D02-restore-joint	minus-native	2	0.0	0.0	0.0	0.0	0.0	0.0	0.0	0.0	0.0	0.0	0.0
Q02-D02-restore-joint	minus-native	3	0.0	0.0	0.0	0.0	0.0	0.0	0.0	0.0	0.0	0.0	0.0
Q02-D02-restore-joint	minus-native	4	0.0	0.0	0.0	0.0	0.0	0.0	0.0	0.0	0.0	0.0	0.0
Q02-D02-restore-joint	minus-native	5	0.0	0.0	0.0	0.0	0.0	0.0	0.0	0.0	0.0	0.0	0.0
Q02-D02-restore-joint	minus-native	6	0.0	0.0	0.0	0.0	0.0	0.0	0.0	0.0	0.0	0.0	0.0
Q02-D02-restore-joint	minus-native	7	0.0	0.0	0.0	0.0	0.0	0.0	0.0	0.0	0.0	0.0	0.0
Q02-D02-restore-joint	minus-native	8	0.0	0.0	0.0	0.0	0.0	0.0	0.0	0.0	0.0	0.0	0.0
Q02-D02-restore-joint	minus-native	9	0.0	0.0	0.0	0.0	0.0	0.0	0.0	0.0	0.0	0.0	0.0
Q02-D02-restore-joint	minus-native	10	0.0	0.0	0.0	0.0	0.0	0.0	0.0	0.0	0.0	0.0	0.0
Q02-D02-restore-joint	minus-native	11	0.0	0.0	0.0	0.0	0.0	0.0	0.0	0.0	0.0	0.0	0.0
Q02-D02-restore-joint	minus-native	12	0.0	0.0	0.0	0.0	0.0	0.0	0.0	0.0	0.0	0.0	0.0
Q02-D02-restore-joint	minus-native	13	0.0	0.0	0.0	0.0	0.0	0.0	0.0	0.0	0.0	0.0	0.0
Q02-D02-restore-joint	minus-native	14	0.0	0.0	0.0	0.0	0.0	0.0	0.0	0.0	0.0	0.0	0.0
Q02-D02-restore-joint	minus-native	15	0.0	0.0	0.0	0.0	0.0	0.0	0.0	0.0	0.0	0.0	0.0
Q02-D02-restore-joint	minus-native	16	0.0	0.0	0.0	0.0	0.0	0.0	0.0	0.0	0.0	0.0	0.0
Q02-D02-restore-joint	minus-native	17	0.0	0.0	0.0	0.0	0.0	0.0	0.0	0.0	0.0	0.0	0.0
Q02-D02-restore-joint	minus-native	18	0.0	-0.00119096040725708	-0.0007753372192382812	-0.00119096040725708	0.00041562318801879883	-0.0012213444290769537	0.0006161653630378794	3.069356848453553e-05	-0.00019979986296958518	-3.0954666466187497e-07	-7.42312049495375e-07
Q02-D02-restore-joint	minus-native	19	-0.0007753372192382812	-0.010343313217163086	-0.031425654888153076	-0.009567975997924805	-0.02108234167098999	-0.009774648544101705	-0.020208205986761874	0.00020558422225785966	-0.0008740029556455198	1.088323919040679e-06	-1.3272858259694154e-07
Q02-D02-restore-joint	minus-native	20	-0.031425654888153076	0.011927485466003418	-0.0380856990814209	0.043353140354156494	-0.050013184547424316	0.039582151244403785	-0.045596944670587364	0.0037728276289767937	-0.004418292121852241	-1.8385192240844006e-06	2.0522450152882232e-06
Q02-D02-restore-joint	minus-native	21	-0.0380856990814209	-0.022841691970825195	0.23442840576171875	0.015244007110595703	0.25727009773254395	0.019948659364753762	0.24343601741076526	-0.004704159071956315	0.013835437478722401	-4.931822017439913e-07	-1.3571569437154096e-06
Q02-D02-restore-joint	minus-native	22	0.23442840576171875	-0.16233348846435547	-0.15455365180969238	-0.3967618942260742	0.007779836654663086	-0.40391477506123485	-0.001148076521419572	0.007152784309985838	0.008926731775830657	9.652517479752376e-08	1.1814002520010858e-06
Q02-D02-restore-joint	minus-native	23	-0.15455365180969238	-0.6690825372934341	-2.1288816705346107	-0.5145288854837418	-1.4597991332411766	-0.5531339678486338	-1.528539634433109	0.038605979502292276	0.06873918862012368	-8.971374002575416e-07	1.3125718087425575e-06
Q02-D02-restore-joint	minus-native	24	-2.1288816705346107	-2.411917746067047	-2.7844665348529816	-0.28303607553243637	-0.37254878878593445	-0.4004403951250981	-0.6542713318908747	0.11740566439783473	0.28172142056213123	-1.3448051727760202e-06	1.1225428090400058e-06
Q02-D02-restore-joint	minus-native	25	-2.7844665348529816	-2.6415817588567734	-3.131276547908783	0.1428847759962082	-0.4896947890520096	-0.03968596318099882	-0.6984412613367825	0.18256971909354505	0.20874849928325417	1.0200836619567166e-06	-2.0269984812304465e-06
Q02-D02-restore-joint	minus-native	26	-3.131276547908783	-2.9172115325927734	-3.337855100631714	0.21406501531600952	-0.42064356803894043	0.036946202747446755	-0.7206139075626581	0.17712016644182194	0.29996777913474704	-1.353873259168914e-06	2.560388970618277e-06
Q02-D02-restore-joint	minus-native	27	-3.337855100631714	-3.252129077911377	-3.54725980758667	0.08572602272033691	-0.29513072967529297	0.013831605000777736	-0.6140436050329325	0.0718979311562151	0.31891010257655095	-3.513436655916413e-06	2.7727810886224447e-06
Q02-D02-restore-joint	minus-native	28	-3.54725980758667	-3.483997344970703	-3.075469970703125	0.0632624626159668	0.4085273742675781	-0.03411883224639567	0.0043498319650498996	0.09738178853495594	0.40417667842454774	-4.936725934712172e-07	8.638779804837071e-07
Q02-D02-restore-joint	minus-native	29	-3.075469970703125	-6.219429969787598	-4.666775703430176	-3.1439599990844727	1.5526542663574219	-3.428436576077312	0.948781153917026	0.284483063329989	0.6038672340351235	-6.486337149558263e-06	5.8784052723304114e-06
Q02-D02-restore-joint	minus-native	30	-4.666775703430176	-5.828676223754883	-5.401078224182129	-1.161900520324707	0.4275979995727539	-1.4535680968327718	-0.31527118874392035	0.2916643100550629	0.7428663882809204	3.2664530018877702e-06	2.800035753813823e-06
Q02-D02-restore-joint	minus-native	31	-5.401078224182129	-5.406110763549805	-5.920618057250977	-0.005032539367675781	-0.5145072937011719	-0.22066535617913333	-1.0493161039202	0.21564142270344938	0.5348063851278457	-8.605891991808612e-06	2.425091182367556e-06
Q02-D02-restore-joint	minus-native	32	-5.920618057250977	-9.561685562133789	-11.413776397705078	-3.6410675048828125	-1.852090835571289	-3.982759659144836	-2.6417956864778134	0.3416884255729366	0.7897099019914435	3.7286890871013334e-06	-5.051084919160953e-06
Q02-D02-restore-joint	minus-native	33	-11.413776397705078	-10.727869033813477	-9.102081298828125	0.6859073638916016	1.6257877349853516	-0.10730333267941444	0.3463920916664883	0.7932096384492333	1.27939787490503	1.0581217827487777e-06	-2.2315861669397474e-06
Q02-D02-restore-joint	minus-native	34	-9.102081298828125	-8.084709167480469	-7.091081619262695	1.0173721313476562	0.9936275482177734	-0.04836325187948648	-0.6671325636336864	1.0657388120741085	1.660752404772507	-3.428846965747301e-06	7.707078952812196e-06
Q02-D02-restore-joint	minus-native	35	-7.091081619262695	-6.921426773071289	-13.839744567871094	0.16965484619140625	-6.918317794799805	-0.35229346646664955	2.357382232361236	0.5219485756875605	-9.275706248574142	-2.6302950470458164e-07	6.221413102469597e-06
Q01-D01-restore-L26-attention	minus-upstream	0	0.0	0.0	0.0	0.0	0.0	0.0	0.0	0.0	0.0	0.0	0.0
Q01-D01-restore-L26-attention	minus-upstream	1	0.0	0.0	0.0	0.0	0.0	0.0	0.0	0.0	0.0	0.0	0.0
Q01-D01-restore-L26-attention	minus-upstream	2	0.0	0.0	0.0	0.0	0.0	0.0	0.0	0.0	0.0	0.0	0.0
Q01-D01-restore-L26-attention	minus-upstream	3	0.0	0.0	0.0	0.0	0.0	0.0	0.0	0.0	0.0	0.0	0.0
Q01-D01-restore-L26-attention	minus-upstream	4	0.0	0.0	0.0	0.0	0.0	0.0	0.0	0.0	0.0	0.0	0.0
Q01-D01-restore-L26-attention	minus-upstream	5	0.0	0.0	0.0	0.0	0.0	0.0	0.0	0.0	0.0	0.0	0.0
Q01-D01-restore-L26-attention	minus-upstream	6	0.0	0.0	0.0	0.0	0.0	0.0	0.0	0.0	0.0	0.0	0.0
Q01-D01-restore-L26-attention	minus-upstream	7	0.0	0.0	0.0	0.0	0.0	0.0	0.0	0.0	0.0	0.0	0.0
Q01-D01-restore-L26-attention	minus-upstream	8	0.0	0.0	0.0	0.0	0.0	0.0	0.0	0.0	0.0	0.0	0.0
Q01-D01-restore-L26-attention	minus-upstream	9	0.0	0.0	0.0	0.0	0.0	0.0	0.0	0.0	0.0	0.0	0.0
Q01-D01-restore-L26-attention	minus-upstream	10	0.0	0.0	0.0	0.0	0.0	0.0	0.0	0.0	0.0	0.0	0.0
Q01-D01-restore-L26-attention	minus-upstream	11	0.0	0.0	0.0	0.0	0.0	0.0	0.0	0.0	0.0	0.0	0.0
Q01-D01-restore-L26-attention	minus-upstream	12	0.0	0.0	0.0	0.0	0.0	0.0	0.0	0.0	0.0	0.0	0.0
Q01-D01-restore-L26-attention	minus-upstream	13	0.0	0.0	0.0	0.0	0.0	0.0	0.0	0.0	0.0	0.0	0.0
Q01-D01-restore-L26-attention	minus-upstream	14	0.0	0.0	0.0	0.0	0.0	0.0	0.0	0.0	0.0	0.0	0.0
Q01-D01-restore-L26-attention	minus-upstream	15	0.0	0.0	0.0	0.0	0.0	0.0	0.0	0.0	0.0	0.0	0.0
Q01-D01-restore-L26-attention	minus-upstream	16	0.0	0.0	0.0	0.0	0.0	0.0	0.0	0.0	0.0	0.0	0.0
Q01-D01-restore-L26-attention	minus-upstream	17	0.0	0.0	0.0	0.0	0.0	0.0	0.0	0.0	0.0	0.0	0.0
Q01-D01-restore-L26-attention	minus-upstream	18	0.0	0.0	0.0	0.0	0.0	0.0	0.0	0.0	0.0	0.0	0.0
Q01-D01-restore-L26-attention	minus-upstream	19	0.0	0.0	0.0	0.0	0.0	0.0	0.0	0.0	0.0	0.0	0.0
Q01-D01-restore-L26-attention	minus-upstream	20	0.0	0.0	0.0	0.0	0.0	0.0	0.0	0.0	0.0	0.0	0.0
Q01-D01-restore-L26-attention	minus-upstream	21	0.0	0.0	0.0	0.0	0.0	0.0	0.0	0.0	0.0	0.0	0.0
Q01-D01-restore-L26-attention	minus-upstream	22	0.0	0.0	0.0	0.0	0.0	0.0	0.0	0.0	0.0	0.0	0.0
Q01-D01-restore-L26-attention	minus-upstream	23	0.0	0.0	0.0	0.0	0.0	0.0	0.0	0.0	0.0	0.0	0.0
Q01-D01-restore-L26-attention	minus-upstream	24	0.0	0.0	0.0	0.0	0.0	0.0	0.0	0.0	0.0	0.0	0.0
Q01-D01-restore-L26-attention	minus-upstream	25	0.0	0.0	0.0	0.0	0.0	0.0	0.0	0.0	0.0	0.0	0.0
Q01-D01-restore-L26-attention	minus-upstream	26	0.0	-6.103671431541443	-6.122523307800293	-6.103671431541443	-0.018851876258850098	-6.1414754826479285	-0.7744450028343305	0.03780632711244286	0.7555922073898369	-2.276005957202454e-06	9.191856434886958e-07
Q01-D01-restore-L26-attention	minus-upstream	27	-6.122523307800293	-6.394813060760498	-6.194118499755859	-0.2722897529602051	0.20069456100463867	-0.3933370574371714	-0.32860615148284256	0.12104696780004151	0.5292999825773095	3.3667692481142986e-07	7.299101716928824e-07
Q01-D01-restore-L26-attention	minus-upstream	28	-6.194118499755859	-6.314853668212891	-8.557330131530762	-0.12073516845703125	-2.242476463317871	-0.3261196440958818	-3.000647814672133	0.20537962643162028	0.7581750448362857	4.849207230261943e-06	-3.6934820236422805e-06
Q01-D01-restore-L26-attention	minus-upstream	29	-8.557330131530762	-10.10944938659668	-7.042903900146484	-1.552119255065918	3.0665454864501953	-2.253688740535804	2.0570100849871613	0.7015718478564235	1.0095315049959883	-2.362386537141381e-06	3.896467045572116e-06
Q01-D01-restore-L26-attention	minus-upstream	30	-7.042903900146484	-7.53822135925293	-7.3796844482421875	-0.4953174591064453	0.1585369110107422	-0.931106130694797	-0.8495315151707135	0.43578977999627233	1.0080673583324986	-1.10840792066913e-06	1.0678489569398986e-06
Q01-D01-restore-L26-attention	minus-upstream	31	-7.3796844482421875	-7.15037727355957	-7.678214073181152	0.2293071746826172	-0.527836799621582	-0.06849584944599488	-1.2574380638831228	0.29779862280655095	0.7296112387391562	4.401322061135804e-06	-9.974477615554145e-06
Q01-D01-restore-L26-attention	minus-upstream	32	-7.678214073181152	-8.613162994384766	-11.612712860107422	-0.9349489212036133	-2.9995498657226562	-1.404560341410491	-3.6835472327095173	0.46960689831237035	0.6840009477074349	4.52189450741991e-06	-3.5807205738813686e-06
Q01-D01-restore-L26-attention	minus-upstream	33	-11.612712860107422	-10.896844863891602	-9.624711990356445	0.7158679962158203	1.2721328735351562	-0.08935295832510598	0.06969690997378342	0.8052157375697956	1.2024368889403418	5.216971130705961e-06	-9.253789691188175e-07
Q01-D01-restore-L26-attention	minus-upstream	34	-9.624711990356445	-8.480484008789062	-6.358133316040039	1.1442279815673828	2.1223506927490234	0.10870171849488308	0.39124234714795025	1.0355292267862386	1.7311074378010418	-2.963713738979301e-06	9.078000312578993e-07
Q01-D01-restore-L26-attention	minus-upstream	35	-6.358133316040039	-6.0821990966796875	-10.666610717773438	0.27593421936035156	-4.58441162109375	-0.22399189788030532	2.8344900146933396	0.49992116004945797	-7.418900254783904	4.957191198889932e-06	-1.3810031860295169e-06
Q01-D01-restore-L28-mlp	minus-upstream	0	0.0	0.0	0.0	0.0	0.0	0.0	0.0	0.0	0.0	0.0	0.0
Q01-D01-restore-L28-mlp	minus-upstream	1	0.0	0.0	0.0	0.0	0.0	0.0	0.0	0.0	0.0	0.0	0.0
Q01-D01-restore-L28-mlp	minus-upstream	2	0.0	0.0	0.0	0.0	0.0	0.0	0.0	0.0	0.0	0.0	0.0
Q01-D01-restore-L28-mlp	minus-upstream	3	0.0	0.0	0.0	0.0	0.0	0.0	0.0	0.0	0.0	0.0	0.0
Q01-D01-restore-L28-mlp	minus-upstream	4	0.0	0.0	0.0	0.0	0.0	0.0	0.0	0.0	0.0	0.0	0.0
Q01-D01-restore-L28-mlp	minus-upstream	5	0.0	0.0	0.0	0.0	0.0	0.0	0.0	0.0	0.0	0.0	0.0
Q01-D01-restore-L28-mlp	minus-upstream	6	0.0	0.0	0.0	0.0	0.0	0.0	0.0	0.0	0.0	0.0	0.0
Q01-D01-restore-L28-mlp	minus-upstream	7	0.0	0.0	0.0	0.0	0.0	0.0	0.0	0.0	0.0	0.0	0.0
Q01-D01-restore-L28-mlp	minus-upstream	8	0.0	0.0	0.0	0.0	0.0	0.0	0.0	0.0	0.0	0.0	0.0
Q01-D01-restore-L28-mlp	minus-upstream	9	0.0	0.0	0.0	0.0	0.0	0.0	0.0	0.0	0.0	0.0	0.0
Q01-D01-restore-L28-mlp	minus-upstream	10	0.0	0.0	0.0	0.0	0.0	0.0	0.0	0.0	0.0	0.0	0.0
Q01-D01-restore-L28-mlp	minus-upstream	11	0.0	0.0	0.0	0.0	0.0	0.0	0.0	0.0	0.0	0.0	0.0
Q01-D01-restore-L28-mlp	minus-upstream	12	0.0	0.0	0.0	0.0	0.0	0.0	0.0	0.0	0.0	0.0	0.0
Q01-D01-restore-L28-mlp	minus-upstream	13	0.0	0.0	0.0	0.0	0.0	0.0	0.0	0.0	0.0	0.0	0.0
Q01-D01-restore-L28-mlp	minus-upstream	14	0.0	0.0	0.0	0.0	0.0	0.0	0.0	0.0	0.0	0.0	0.0
Q01-D01-restore-L28-mlp	minus-upstream	15	0.0	0.0	0.0	0.0	0.0	0.0	0.0	0.0	0.0	0.0	0.0
Q01-D01-restore-L28-mlp	minus-upstream	16	0.0	0.0	0.0	0.0	0.0	0.0	0.0	0.0	0.0	0.0	0.0
Q01-D01-restore-L28-mlp	minus-upstream	17	0.0	0.0	0.0	0.0	0.0	0.0	0.0	0.0	0.0	0.0	0.0
Q01-D01-restore-L28-mlp	minus-upstream	18	0.0	0.0	0.0	0.0	0.0	0.0	0.0	0.0	0.0	0.0	0.0
Q01-D01-restore-L28-mlp	minus-upstream	19	0.0	0.0	0.0	0.0	0.0	0.0	0.0	0.0	0.0	0.0	0.0
Q01-D01-restore-L28-mlp	minus-upstream	20	0.0	0.0	0.0	0.0	0.0	0.0	0.0	0.0	0.0	0.0	0.0
Q01-D01-restore-L28-mlp	minus-upstream	21	0.0	0.0	0.0	0.0	0.0	0.0	0.0	0.0	0.0	0.0	0.0
Q01-D01-restore-L28-mlp	minus-upstream	22	0.0	0.0	0.0	0.0	0.0	0.0	0.0	0.0	0.0	0.0	0.0
Q01-D01-restore-L28-mlp	minus-upstream	23	0.0	0.0	0.0	0.0	0.0	0.0	0.0	0.0	0.0	0.0	0.0
Q01-D01-restore-L28-mlp	minus-upstream	24	0.0	0.0	0.0	0.0	0.0	0.0	0.0	0.0	0.0	0.0	0.0
Q01-D01-restore-L28-mlp	minus-upstream	25	0.0	0.0	0.0	0.0	0.0	0.0	0.0	0.0	0.0	0.0	0.0
Q01-D01-restore-L28-mlp	minus-upstream	26	0.0	0.0	0.0	0.0	0.0	0.0	0.0	0.0	0.0	0.0	0.0
Q01-D01-restore-L28-mlp	minus-upstream	27	0.0	0.0	0.0	0.0	0.0	0.0	0.0	0.0	0.0	0.0	0.0
Q01-D01-restore-L28-mlp	minus-upstream	28	0.0	0.0	-6.673052787780762	0.0	-6.673052787780762	0.0	-6.669158218071244	0.0	-0.003897246920320341	0.0	2.677210802715102e-06
Q01-D01-restore-L28-mlp	minus-upstream	29	-6.673052787780762	-6.195228576660156	-4.135698318481445	0.47782421112060547	2.059530258178711	-0.07790498230697757	1.4534438373586172	0.5557290841257658	0.6060912931093717	1.093018172221294e-07	-4.8722892778130245e-06
Q01-D01-restore-L28-mlp	minus-upstream	30	-4.135698318481445	-4.535139083862305	-4.8558349609375	-0.3994407653808594	-0.3206958770751953	-0.6621647452707218	-0.9407780684970319	0.2627155264832496	0.6200889548440506	8.453406612832226e-06	-6.763422213951209e-06
Q01-D01-restore-L28-mlp	minus-upstream	31	-4.8558349609375	-4.79973030090332	-5.0472517013549805	0.05610466003417969	-0.24752140045166016	-0.13938686131345226	-0.7396642827680038	0.1954913908564732	0.4921437869552264	1.30491158732704e-07	-9.046388827899099e-07
Q01-D01-restore-L28-mlp	minus-upstream	32	-5.0472517013549805	-5.285238265991211	-6.765827178955078	-0.23798656463623047	-1.4805889129638672	-0.5474035144900764	-1.90878491665761	0.30941243131884655	0.4282028777293458	4.5185349993592805e-06	-6.874035602899564e-06
Q01-D01-restore-L28-mlp	minus-upstream	33	-6.765827178955078	-6.3995513916015625	-5.480897903442383	0.3662757873535156	0.9186534881591797	-0.09027640662724046	0.21616650661568682	0.4565509009777239	0.7024824475405183	1.293003032198925e-06	4.534002974593276e-06
Q01-D01-restore-L28-mlp	minus-upstream	34	-5.480897903442383	-4.921010971069336	-3.459653854370117	0.5598869323730469	1.4613571166992188	-0.0339298440721843	0.45561418964957867	0.5938154935550606	1.0057454756078976	1.2828901705566435e-06	-2.548558257500777e-06
Q01-D01-restore-L28-mlp	minus-upstream	35	-3.459653854370117	-3.3285255432128906	-5.468395233154297	0.13112831115722656	-2.1398696899414062	-0.13795653364040678	2.0628200925512137	0.26908340114887624	-4.202699465767486	1.443648757093463e-06	9.68327486594589e-06
Q01-D01-restore-joint	minus-upstream	0	0.0	0.0	0.0	0.0	0.0	0.0	0.0	0.0	0.0	0.0	0.0
Q01-D01-restore-joint	minus-upstream	1	0.0	0.0	0.0	0.0	0.0	0.0	0.0	0.0	0.0	0.0	0.0
Q01-D01-restore-joint	minus-upstream	2	0.0	0.0	0.0	0.0	0.0	0.0	0.0	0.0	0.0	0.0	0.0
Q01-D01-restore-joint	minus-upstream	3	0.0	0.0	0.0	0.0	0.0	0.0	0.0	0.0	0.0	0.0	0.0
Q01-D01-restore-joint	minus-upstream	4	0.0	0.0	0.0	0.0	0.0	0.0	0.0	0.0	0.0	0.0	0.0
Q01-D01-restore-joint	minus-upstream	5	0.0	0.0	0.0	0.0	0.0	0.0	0.0	0.0	0.0	0.0	0.0
Q01-D01-restore-joint	minus-upstream	6	0.0	0.0	0.0	0.0	0.0	0.0	0.0	0.0	0.0	0.0	0.0
Q01-D01-restore-joint	minus-upstream	7	0.0	0.0	0.0	0.0	0.0	0.0	0.0	0.0	0.0	0.0	0.0
Q01-D01-restore-joint	minus-upstream	8	0.0	0.0	0.0	0.0	0.0	0.0	0.0	0.0	0.0	0.0	0.0
Q01-D01-restore-joint	minus-upstream	9	0.0	0.0	0.0	0.0	0.0	0.0	0.0	0.0	0.0	0.0	0.0
Q01-D01-restore-joint	minus-upstream	10	0.0	0.0	0.0	0.0	0.0	0.0	0.0	0.0	0.0	0.0	0.0
Q01-D01-restore-joint	minus-upstream	11	0.0	0.0	0.0	0.0	0.0	0.0	0.0	0.0	0.0	0.0	0.0
Q01-D01-restore-joint	minus-upstream	12	0.0	0.0	0.0	0.0	0.0	0.0	0.0	0.0	0.0	0.0	0.0
Q01-D01-restore-joint	minus-upstream	13	0.0	0.0	0.0	0.0	0.0	0.0	0.0	0.0	0.0	0.0	0.0
Q01-D01-restore-joint	minus-upstream	14	0.0	0.0	0.0	0.0	0.0	0.0	0.0	0.0	0.0	0.0	0.0
Q01-D01-restore-joint	minus-upstream	15	0.0	0.0	0.0	0.0	0.0	0.0	0.0	0.0	0.0	0.0	0.0
Q01-D01-restore-joint	minus-upstream	16	0.0	0.0	0.0	0.0	0.0	0.0	0.0	0.0	0.0	0.0	0.0
Q01-D01-restore-joint	minus-upstream	17	0.0	0.0	0.0	0.0	0.0	0.0	0.0	0.0	0.0	0.0	0.0
Q01-D01-restore-joint	minus-upstream	18	0.0	0.0	0.0	0.0	0.0	0.0	0.0	0.0	0.0	0.0	0.0
Q01-D01-restore-joint	minus-upstream	19	0.0	0.0	0.0	0.0	0.0	0.0	0.0	0.0	0.0	0.0	0.0
Q01-D01-restore-joint	minus-upstream	20	0.0	0.0	0.0	0.0	0.0	0.0	0.0	0.0	0.0	0.0	0.0
Q01-D01-restore-joint	minus-upstream	21	0.0	0.0	0.0	0.0	0.0	0.0	0.0	0.0	0.0	0.0	0.0
Q01-D01-restore-joint	minus-upstream	22	0.0	0.0	0.0	0.0	0.0	0.0	0.0	0.0	0.0	0.0	0.0
Q01-D01-restore-joint	minus-upstream	23	0.0	0.0	0.0	0.0	0.0	0.0	0.0	0.0	0.0	0.0	0.0
Q01-D01-restore-joint	minus-upstream	24	0.0	0.0	0.0	0.0	0.0	0.0	0.0	0.0	0.0	0.0	0.0
Q01-D01-restore-joint	minus-upstream	25	0.0	0.0	0.0	0.0	0.0	0.0	0.0	0.0	0.0	0.0	0.0
Q01-D01-restore-joint	minus-upstream	26	0.0	-6.103671431541443	-6.122523307800293	-6.103671431541443	-0.018851876258850098	-6.1414754826479285	-0.7744450028343305	0.03780632711244286	0.7555922073898369	-2.276005957202454e-06	9.191856434886958e-07
Q01-D01-restore-joint	minus-upstream	27	-6.122523307800293	-6.394813060760498	-6.194118499755859	-0.2722897529602051	0.20069456100463867	-0.3933370574371714	-0.32860615148284256	0.12104696780004151	0.5292999825773095	3.3667692481142986e-07	7.299101716928824e-07
Q01-D01-restore-joint	minus-upstream	28	-6.194118499755859	-6.314853668212891	-12.245077133178711	-0.12073516845703125	-5.93022346496582	-0.3261196440958818	-6.6802937955142685	0.20537962643162028	0.7500719046943759	4.849207230261943e-06	-1.5741459276907843e-06
Q01-D01-restore-joint	minus-upstream	29	-12.245077133178711	-13.341358184814453	-9.214105606079102	-1.0962810516357422	4.127252578735352	-2.086049385870168	2.78846973052985	0.9897717012870446	1.3387811010648443	-3.367052618885591e-06	1.7471406572600046e-06
Q01-D01-restore-joint	minus-upstream	30	-9.214105606079102	-10.022018432617188	-9.879131317138672	-0.8079128265380859	0.14288711547851562	-1.3580923840878563	-1.20249885803424	0.5501765800344534	1.3453897098971441	2.977515316915369e-06	-3.736384388636216e-06
Q01-D01-restore-joint	minus-upstream	31	-9.879131317138672	-9.591861724853516	-10.131102561950684	0.28726959228515625	-0.539240837097168	-0.11020211197016647	-1.5117611587618907	0.3974706500294709	0.9725210990521967	1.0542258518375647e-06	-7.773874740601983e-07
Q01-D01-restore-joint	minus-upstream	32	-10.131102561950684	-10.805042266845703	-14.221769332885742	-0.6739397048950195	-3.416727066040039	-1.293634280600207	-4.262342058804027	0.6196903718113478	0.8456233816245207	4.2038938397603864e-06	-8.388860532393405e-06
Q01-D01-restore-joint	minus-upstream	33	-14.221769332885742	-13.35261344909668	-12.022022247314453	0.8691558837890625	1.3305912017822266	-0.09844098240416627	-0.12656333339821346	0.9675946115384372	1.4571536127085523	2.2546547916446613e-06	9.224718876543747e-07
Q01-D01-restore-joint	minus-upstream	34	-12.022022247314453	-10.699739456176758	-7.750744819641113	1.3222827911376953	2.9489946365356445	0.04350860760480585	0.7308064847526794	1.2787733293178167	2.2181887172251926	8.542150728985121e-07	-5.654422272627357e-07
Q01-D01-restore-joint	minus-upstream	35	-7.750744819641113	-7.431279182434082	-12.993999481201172	0.31946563720703125	-5.56272029876709	-0.2777003943800525	3.575871537120901	0.5971643855810193	-9.138592962623335	1.646006064531802e-06	1.1267353436927863e-06
Q01-D02-restore-L26-attention	minus-upstream	0	0.0	0.0	0.0	0.0	0.0	0.0	0.0	0.0	0.0	0.0	0.0
Q01-D02-restore-L26-attention	minus-upstream	1	0.0	0.0	0.0	0.0	0.0	0.0	0.0	0.0	0.0	0.0	0.0
Q01-D02-restore-L26-attention	minus-upstream	2	0.0	0.0	0.0	0.0	0.0	0.0	0.0	0.0	0.0	0.0	0.0
Q01-D02-restore-L26-attention	minus-upstream	3	0.0	0.0	0.0	0.0	0.0	0.0	0.0	0.0	0.0	0.0	0.0
Q01-D02-restore-L26-attention	minus-upstream	4	0.0	0.0	0.0	0.0	0.0	0.0	0.0	0.0	0.0	0.0	0.0
Q01-D02-restore-L26-attention	minus-upstream	5	0.0	0.0	0.0	0.0	0.0	0.0	0.0	0.0	0.0	0.0	0.0
Q01-D02-restore-L26-attention	minus-upstream	6	0.0	0.0	0.0	0.0	0.0	0.0	0.0	0.0	0.0	0.0	0.0
Q01-D02-restore-L26-attention	minus-upstream	7	0.0	0.0	0.0	0.0	0.0	0.0	0.0	0.0	0.0	0.0	0.0
Q01-D02-restore-L26-attention	minus-upstream	8	0.0	0.0	0.0	0.0	0.0	0.0	0.0	0.0	0.0	0.0	0.0
Q01-D02-restore-L26-attention	minus-upstream	9	0.0	0.0	0.0	0.0	0.0	0.0	0.0	0.0	0.0	0.0	0.0
Q01-D02-restore-L26-attention	minus-upstream	10	0.0	0.0	0.0	0.0	0.0	0.0	0.0	0.0	0.0	0.0	0.0
Q01-D02-restore-L26-attention	minus-upstream	11	0.0	0.0	0.0	0.0	0.0	0.0	0.0	0.0	0.0	0.0	0.0
Q01-D02-restore-L26-attention	minus-upstream	12	0.0	0.0	0.0	0.0	0.0	0.0	0.0	0.0	0.0	0.0	0.0
Q01-D02-restore-L26-attention	minus-upstream	13	0.0	0.0	0.0	0.0	0.0	0.0	0.0	0.0	0.0	0.0	0.0
Q01-D02-restore-L26-attention	minus-upstream	14	0.0	0.0	0.0	0.0	0.0	0.0	0.0	0.0	0.0	0.0	0.0
Q01-D02-restore-L26-attention	minus-upstream	15	0.0	0.0	0.0	0.0	0.0	0.0	0.0	0.0	0.0	0.0	0.0
Q01-D02-restore-L26-attention	minus-upstream	16	0.0	0.0	0.0	0.0	0.0	0.0	0.0	0.0	0.0	0.0	0.0
Q01-D02-restore-L26-attention	minus-upstream	17	0.0	0.0	0.0	0.0	0.0	0.0	0.0	0.0	0.0	0.0	0.0
Q01-D02-restore-L26-attention	minus-upstream	18	0.0	0.0	0.0	0.0	0.0	0.0	0.0	0.0	0.0	0.0	0.0
Q01-D02-restore-L26-attention	minus-upstream	19	0.0	0.0	0.0	0.0	0.0	0.0	0.0	0.0	0.0	0.0	0.0
Q01-D02-restore-L26-attention	minus-upstream	20	0.0	0.0	0.0	0.0	0.0	0.0	0.0	0.0	0.0	0.0	0.0
Q01-D02-restore-L26-attention	minus-upstream	21	0.0	0.0	0.0	0.0	0.0	0.0	0.0	0.0	0.0	0.0	0.0
Q01-D02-restore-L26-attention	minus-upstream	22	0.0	0.0	0.0	0.0	0.0	0.0	0.0	0.0	0.0	0.0	0.0
Q01-D02-restore-L26-attention	minus-upstream	23	0.0	0.0	0.0	0.0	0.0	0.0	0.0	0.0	0.0	0.0	0.0
Q01-D02-restore-L26-attention	minus-upstream	24	0.0	0.0	0.0	0.0	0.0	0.0	0.0	0.0	0.0	0.0	0.0
Q01-D02-restore-L26-attention	minus-upstream	25	0.0	0.0	0.0	0.0	0.0	0.0	0.0	0.0	0.0	0.0	0.0
Q01-D02-restore-L26-attention	minus-upstream	26	0.0	1.08721262216568	1.060412883758545	1.08721262216568	-0.02679973840713501	1.109435519106725	0.09187499655489084	-0.02222169515267025	-0.11867652530963335	-1.2017883749271263e-06	1.7903476074998537e-06
Q01-D02-restore-L26-attention	minus-upstream	27	1.060412883758545	0.9281048774719238	0.7864856719970703	-0.1323080062866211	-0.14161920547485352	-0.12211441774879084	-0.05398960950281678	-0.010192116000672657	-0.08762888714786765	-1.4725371575985413e-06	-7.088241689157115e-07
Q01-D02-restore-L26-attention	minus-upstream	28	0.7864856719970703	0.7898330688476562	0.8694486618041992	0.0033473968505859375	0.07961559295654297	0.036003034131168565	0.18010999881004208	-0.032657960092074445	-0.10049312123069587	2.3228114918172338e-06	-1.2846228032437068e-06
Q01-D02-restore-L26-attention	minus-upstream	29	0.8694486618041992	1.1471548080444336	0.8992223739624023	0.2777061462402344	-0.24793243408203125	0.37455107363228457	-0.16045416201996732	-0.09685250200943618	-0.08746911204039653	7.57461738598586e-06	-9.160021667398155e-06
Q01-D02-restore-L26-attention	minus-upstream	30	0.8992223739624023	0.9523515701293945	0.9110336303710938	0.05312919616699219	-0.04131793975830078	0.10426119270244971	0.07690923419845702	-0.05113830576717471	-0.11822525545233176	6.309231717183117e-06	-1.918504425990619e-06
Q01-D02-restore-L26-attention	minus-upstream	31	0.9110336303710938	0.9005699157714844	0.8177156448364258	-0.010463714599609375	-0.0828542709350586	0.020028211747094515	0.003290757324367899	-0.030488714885559876	-0.0861455876618642	-3.2114611440148266e-06	5.594024377053586e-07
Q01-D02-restore-L26-attention	minus-upstream	32	0.8177156448364258	1.1026573181152344	0.9504842758178711	0.2849416732788086	-0.15217304229736328	0.33654231439515847	-0.05566288210272319	-0.05159479472043327	-0.09651453572272628	-5.846395916608849e-06	4.375528086186797e-06
Q01-D02-restore-L26-attention	minus-upstream	33	0.9504842758178711	0.9236583709716797	0.7418937683105469	-0.026825904846191406	-0.1817646026611328	0.046376213237359076	-0.07434605242711767	-0.07320013370110057	-0.1074196268919545	-1.9843824499155005e-06	1.0766579394694276e-06
Q01-D02-restore-L26-attention	minus-upstream	34	0.7418937683105469	0.6136274337768555	0.5454988479614258	-0.1282663345336914	-0.06812858581542969	-0.030936596563257368	0.040911804323007894	-0.09733578798584452	-0.10903948376010986	6.050015410652421e-06	-9.063783279472659e-07
Q01-D02-restore-L26-attention	minus-upstream	35	0.5454988479614258	0.5237798690795898	1.2199363708496094	-0.021718978881835938	0.6961565017700195	0.029531429301763917	0.02659190752113605	-0.051247195145727065	0.6695672566452711	-3.213037872762392e-06	-2.662396388686261e-06
Q01-D02-restore-L28-mlp	minus-upstream	0	0.0	0.0	0.0	0.0	0.0	0.0	0.0	0.0	0.0	0.0	0.0
Q01-D02-restore-L28-mlp	minus-upstream	1	0.0	0.0	0.0	0.0	0.0	0.0	0.0	0.0	0.0	0.0	0.0
Q01-D02-restore-L28-mlp	minus-upstream	2	0.0	0.0	0.0	0.0	0.0	0.0	0.0	0.0	0.0	0.0	0.0
Q01-D02-restore-L28-mlp	minus-upstream	3	0.0	0.0	0.0	0.0	0.0	0.0	0.0	0.0	0.0	0.0	0.0
Q01-D02-restore-L28-mlp	minus-upstream	4	0.0	0.0	0.0	0.0	0.0	0.0	0.0	0.0	0.0	0.0	0.0
Q01-D02-restore-L28-mlp	minus-upstream	5	0.0	0.0	0.0	0.0	0.0	0.0	0.0	0.0	0.0	0.0	0.0
Q01-D02-restore-L28-mlp	minus-upstream	6	0.0	0.0	0.0	0.0	0.0	0.0	0.0	0.0	0.0	0.0	0.0
Q01-D02-restore-L28-mlp	minus-upstream	7	0.0	0.0	0.0	0.0	0.0	0.0	0.0	0.0	0.0	0.0	0.0
Q01-D02-restore-L28-mlp	minus-upstream	8	0.0	0.0	0.0	0.0	0.0	0.0	0.0	0.0	0.0	0.0	0.0
Q01-D02-restore-L28-mlp	minus-upstream	9	0.0	0.0	0.0	0.0	0.0	0.0	0.0	0.0	0.0	0.0	0.0
Q01-D02-restore-L28-mlp	minus-upstream	10	0.0	0.0	0.0	0.0	0.0	0.0	0.0	0.0	0.0	0.0	0.0
Q01-D02-restore-L28-mlp	minus-upstream	11	0.0	0.0	0.0	0.0	0.0	0.0	0.0	0.0	0.0	0.0	0.0
Q01-D02-restore-L28-mlp	minus-upstream	12	0.0	0.0	0.0	0.0	0.0	0.0	0.0	0.0	0.0	0.0	0.0
Q01-D02-restore-L28-mlp	minus-upstream	13	0.0	0.0	0.0	0.0	0.0	0.0	0.0	0.0	0.0	0.0	0.0
Q01-D02-restore-L28-mlp	minus-upstream	14	0.0	0.0	0.0	0.0	0.0	0.0	0.0	0.0	0.0	0.0	0.0
Q01-D02-restore-L28-mlp	minus-upstream	15	0.0	0.0	0.0	0.0	0.0	0.0	0.0	0.0	0.0	0.0	0.0
Q01-D02-restore-L28-mlp	minus-upstream	16	0.0	0.0	0.0	0.0	0.0	0.0	0.0	0.0	0.0	0.0	0.0
Q01-D02-restore-L28-mlp	minus-upstream	17	0.0	0.0	0.0	0.0	0.0	0.0	0.0	0.0	0.0	0.0	0.0
Q01-D02-restore-L28-mlp	minus-upstream	18	0.0	0.0	0.0	0.0	0.0	0.0	0.0	0.0	0.0	0.0	0.0
Q01-D02-restore-L28-mlp	minus-upstream	19	0.0	0.0	0.0	0.0	0.0	0.0	0.0	0.0	0.0	0.0	0.0
Q01-D02-restore-L28-mlp	minus-upstream	20	0.0	0.0	0.0	0.0	0.0	0.0	0.0	0.0	0.0	0.0	0.0
Q01-D02-restore-L28-mlp	minus-upstream	21	0.0	0.0	0.0	0.0	0.0	0.0	0.0	0.0	0.0	0.0	0.0
Q01-D02-restore-L28-mlp	minus-upstream	22	0.0	0.0	0.0	0.0	0.0	0.0	0.0	0.0	0.0	0.0	0.0
Q01-D02-restore-L28-mlp	minus-upstream	23	0.0	0.0	0.0	0.0	0.0	0.0	0.0	0.0	0.0	0.0	0.0
Q01-D02-restore-L28-mlp	minus-upstream	24	0.0	0.0	0.0	0.0	0.0	0.0	0.0	0.0	0.0	0.0	0.0
Q01-D02-restore-L28-mlp	minus-upstream	25	0.0	0.0	0.0	0.0	0.0	0.0	0.0	0.0	0.0	0.0	0.0
Q01-D02-restore-L28-mlp	minus-upstream	26	0.0	0.0	0.0	0.0	0.0	0.0	0.0	0.0	0.0	0.0	0.0
Q01-D02-restore-L28-mlp	minus-upstream	27	0.0	0.0	0.0	0.0	0.0	0.0	0.0	0.0	0.0	0.0	0.0
Q01-D02-restore-L28-mlp	minus-upstream	28	0.0	0.0	1.1226062774658203	0.0	1.1226062774658203	0.0	1.129623917783416	0.0	-0.007017041137805435	0.0	-5.991797902282769e-07
Q01-D02-restore-L28-mlp	minus-upstream	29	1.1226062774658203	1.2133407592773438	1.0707855224609375	0.09073448181152344	-0.14255523681640625	0.1935395272517737	-0.04833837625965165	-0.10281333949083327	-0.09420686802384837	8.294050583002033e-06	-9.992532906233365e-06
Q01-D02-restore-L28-mlp	minus-upstream	30	1.0707855224609375	1.247471809387207	1.191145896911621	0.17668628692626953	-0.05632591247558594	0.2309416564104243	0.11680010938056598	-0.05425779201998804	-0.17312680581448214	2.4225358332685687e-06	7.839583302526876e-07
Q01-D02-restore-L28-mlp	minus-upstream	31	1.191145896911621	1.1778831481933594	1.1267118453979492	-0.013262748718261719	-0.051171302795410156	0.03661698618468073	0.08445222029516719	-0.049879445557555135	-0.13562485598024243	-2.893453873165086e-07	1.3328896650843802e-06
Q01-D02-restore-L28-mlp	minus-upstream	32	1.1267118453979492	2.177471160888672	1.8862028121948242	1.0507593154907227	-0.29126834869384766	1.1202688884988445	-0.10642025100777808	-0.069511311979643	-0.18484572018145706	1.738971521114685e-06	-2.37750461251629e-06
Q01-D02-restore-L28-mlp	minus-upstream	33	1.8862028121948242	1.8886651992797852	1.4206171035766602	0.0024623870849609375	-0.468048095703125	0.15123932721879385	-0.2317903849748743	-0.14877409929075358	-0.23625658947977546	-2.8408430794435446e-06	-1.121248475177694e-06
Q01-D02-restore-L28-mlp	minus-upstream	34	1.4206171035766602	1.1836967468261719	1.0666837692260742	-0.23692035675048828	-0.11701297760009766	-0.04821287044299072	0.09717511806845214	-0.18871217047928535	-0.21418824282424653	4.684171788005287e-06	1.4715569651713167e-07
Q01-D02-restore-L28-mlp	minus-upstream	35	1.0666837692260742	1.0116939544677734	2.3517684936523438	-0.05498981475830078	1.3400745391845703	0.036881317615327314	0.0770942719912846	-0.09186795822875171	1.2629789801733775	-3.1741448763833446e-06	1.2870199075365463e-06
Q01-D02-restore-joint	minus-upstream	0	0.0	0.0	0.0	0.0	0.0	0.0	0.0	0.0	0.0	0.0	0.0
Q01-D02-restore-joint	minus-upstream	1	0.0	0.0	0.0	0.0	0.0	0.0	0.0	0.0	0.0	0.0	0.0
Q01-D02-restore-joint	minus-upstream	2	0.0	0.0	0.0	0.0	0.0	0.0	0.0	0.0	0.0	0.0	0.0
Q01-D02-restore-joint	minus-upstream	3	0.0	0.0	0.0	0.0	0.0	0.0	0.0	0.0	0.0	0.0	0.0
Q01-D02-restore-joint	minus-upstream	4	0.0	0.0	0.0	0.0	0.0	0.0	0.0	0.0	0.0	0.0	0.0
Q01-D02-restore-joint	minus-upstream	5	0.0	0.0	0.0	0.0	0.0	0.0	0.0	0.0	0.0	0.0	0.0
Q01-D02-restore-joint	minus-upstream	6	0.0	0.0	0.0	0.0	0.0	0.0	0.0	0.0	0.0	0.0	0.0
Q01-D02-restore-joint	minus-upstream	7	0.0	0.0	0.0	0.0	0.0	0.0	0.0	0.0	0.0	0.0	0.0
Q01-D02-restore-joint	minus-upstream	8	0.0	0.0	0.0	0.0	0.0	0.0	0.0	0.0	0.0	0.0	0.0
Q01-D02-restore-joint	minus-upstream	9	0.0	0.0	0.0	0.0	0.0	0.0	0.0	0.0	0.0	0.0	0.0
Q01-D02-restore-joint	minus-upstream	10	0.0	0.0	0.0	0.0	0.0	0.0	0.0	0.0	0.0	0.0	0.0
Q01-D02-restore-joint	minus-upstream	11	0.0	0.0	0.0	0.0	0.0	0.0	0.0	0.0	0.0	0.0	0.0
Q01-D02-restore-joint	minus-upstream	12	0.0	0.0	0.0	0.0	0.0	0.0	0.0	0.0	0.0	0.0	0.0
Q01-D02-restore-joint	minus-upstream	13	0.0	0.0	0.0	0.0	0.0	0.0	0.0	0.0	0.0	0.0	0.0
Q01-D02-restore-joint	minus-upstream	14	0.0	0.0	0.0	0.0	0.0	0.0	0.0	0.0	0.0	0.0	0.0
Q01-D02-restore-joint	minus-upstream	15	0.0	0.0	0.0	0.0	0.0	0.0	0.0	0.0	0.0	0.0	0.0
Q01-D02-restore-joint	minus-upstream	16	0.0	0.0	0.0	0.0	0.0	0.0	0.0	0.0	0.0	0.0	0.0
Q01-D02-restore-joint	minus-upstream	17	0.0	0.0	0.0	0.0	0.0	0.0	0.0	0.0	0.0	0.0	0.0
Q01-D02-restore-joint	minus-upstream	18	0.0	0.0	0.0	0.0	0.0	0.0	0.0	0.0	0.0	0.0	0.0
Q01-D02-restore-joint	minus-upstream	19	0.0	0.0	0.0	0.0	0.0	0.0	0.0	0.0	0.0	0.0	0.0
Q01-D02-restore-joint	minus-upstream	20	0.0	0.0	0.0	0.0	0.0	0.0	0.0	0.0	0.0	0.0	0.0
Q01-D02-restore-joint	minus-upstream	21	0.0	0.0	0.0	0.0	0.0	0.0	0.0	0.0	0.0	0.0	0.0
Q01-D02-restore-joint	minus-upstream	22	0.0	0.0	0.0	0.0	0.0	0.0	0.0	0.0	0.0	0.0	0.0
Q01-D02-restore-joint	minus-upstream	23	0.0	0.0	0.0	0.0	0.0	0.0	0.0	0.0	0.0	0.0	0.0
Q01-D02-restore-joint	minus-upstream	24	0.0	0.0	0.0	0.0	0.0	0.0	0.0	0.0	0.0	0.0	0.0
Q01-D02-restore-joint	minus-upstream	25	0.0	0.0	0.0	0.0	0.0	0.0	0.0	0.0	0.0	0.0	0.0
Q01-D02-restore-joint	minus-upstream	26	0.0	1.08721262216568	1.060412883758545	1.08721262216568	-0.02679973840713501	1.109435519106725	0.09187499655489084	-0.02222169515267025	-0.11867652530963335	-1.2017883749271263e-06	1.7903476074998537e-06
Q01-D02-restore-joint	minus-upstream	27	1.060412883758545	0.9281048774719238	0.7864856719970703	-0.1323080062866211	-0.14161920547485352	-0.12211441774879084	-0.05398960950281678	-0.010192116000672657	-0.08762888714786765	-1.4725371575985413e-06	-7.088241689157115e-07
Q01-D02-restore-joint	minus-upstream	28	0.7864856719970703	0.7898330688476562	1.811981201171875	0.0033473968505859375	1.0221481323242188	0.036003034131168565	1.1231408824326055	-0.032657960092074445	-0.10099141321486038	2.3228114918172338e-06	-1.3368935263269321e-06
Q01-D02-restore-joint	minus-upstream	29	1.811981201171875	2.150392532348633	1.7785758972167969	0.3384113311767578	-0.37181663513183594	0.5205207600561677	-0.2085474954711084	-0.1821144571274158	-0.16326764541382488	5.028248005967129e-06	-1.4942469026557603e-06
Q01-D02-restore-joint	minus-upstream	30	1.7785758972167969	1.9827194213867188	1.8751630783081055	0.20414352416992188	-0.10755634307861328	0.29702365240099926	0.15505100830526694	-0.09287690773362867	-0.2626097564789103	-3.2204974487193283e-06	2.4050950300225082e-06
Q01-D02-restore-joint	minus-upstream	31	1.8751630783081055	1.8491058349609375	1.7215871810913086	-0.02605724334716797	-0.1275186538696289	0.046527022960404854	0.07038973334778698	-0.07257996059651994	-0.19790982105240573	-4.30571105286548e-06	1.433834989850169e-06
Q01-D02-restore-joint	minus-upstream	32	1.7215871810913086	2.993814468383789	2.533275604248047	1.2722272872924805	-0.4605388641357422	1.3782335028538268	-0.20373570219022596	-0.10600594226887805	-0.25680436173303844	-2.7329246832241694e-07	1.199787522221385e-06
Q01-D02-restore-joint	minus-upstream	33	2.533275604248047	2.5148983001708984	1.954869270324707	-0.018377304077148438	-0.5600290298461914	0.18374550746487117	-0.24669544415774097	-0.20212148304020738	-0.31333222702365626	-1.3285018123365688e-06	-1.3586647942265273e-06
Q01-D02-restore-joint	minus-upstream	34	1.954869270324707	1.6173057556152344	1.4752120971679688	-0.33756351470947266	-0.14209365844726562	-0.07067052633638671	0.14256676441890126	-0.2668994068986046	-0.2846537162295566	6.418525518636642e-06	-6.70663661050952e-06
Q01-D02-restore-joint	minus-upstream	35	1.4752120971679688	1.4018430709838867	3.2938270568847656	-0.07336902618408203	1.891983985900879	0.05857140902070673	0.15842268143451044	-0.1319435938306508	1.7335630865962983	3.158625862087483e-06	-1.7821299298503845e-06
Q02-D01-restore-L26-attention	minus-upstream	0	0.0	0.0	0.0	0.0	0.0	0.0	0.0	0.0	0.0	0.0	0.0
Q02-D01-restore-L26-attention	minus-upstream	1	0.0	0.0	0.0	0.0	0.0	0.0	0.0	0.0	0.0	0.0	0.0
Q02-D01-restore-L26-attention	minus-upstream	2	0.0	0.0	0.0	0.0	0.0	0.0	0.0	0.0	0.0	0.0	0.0
Q02-D01-restore-L26-attention	minus-upstream	3	0.0	0.0	0.0	0.0	0.0	0.0	0.0	0.0	0.0	0.0	0.0
Q02-D01-restore-L26-attention	minus-upstream	4	0.0	0.0	0.0	0.0	0.0	0.0	0.0	0.0	0.0	0.0	0.0
Q02-D01-restore-L26-attention	minus-upstream	5	0.0	0.0	0.0	0.0	0.0	0.0	0.0	0.0	0.0	0.0	0.0
Q02-D01-restore-L26-attention	minus-upstream	6	0.0	0.0	0.0	0.0	0.0	0.0	0.0	0.0	0.0	0.0	0.0
Q02-D01-restore-L26-attention	minus-upstream	7	0.0	0.0	0.0	0.0	0.0	0.0	0.0	0.0	0.0	0.0	0.0
Q02-D01-restore-L26-attention	minus-upstream	8	0.0	0.0	0.0	0.0	0.0	0.0	0.0	0.0	0.0	0.0	0.0
Q02-D01-restore-L26-attention	minus-upstream	9	0.0	0.0	0.0	0.0	0.0	0.0	0.0	0.0	0.0	0.0	0.0
Q02-D01-restore-L26-attention	minus-upstream	10	0.0	0.0	0.0	0.0	0.0	0.0	0.0	0.0	0.0	0.0	0.0
Q02-D01-restore-L26-attention	minus-upstream	11	0.0	0.0	0.0	0.0	0.0	0.0	0.0	0.0	0.0	0.0	0.0
Q02-D01-restore-L26-attention	minus-upstream	12	0.0	0.0	0.0	0.0	0.0	0.0	0.0	0.0	0.0	0.0	0.0
Q02-D01-restore-L26-attention	minus-upstream	13	0.0	0.0	0.0	0.0	0.0	0.0	0.0	0.0	0.0	0.0	0.0
Q02-D01-restore-L26-attention	minus-upstream	14	0.0	0.0	0.0	0.0	0.0	0.0	0.0	0.0	0.0	0.0	0.0
Q02-D01-restore-L26-attention	minus-upstream	15	0.0	0.0	0.0	0.0	0.0	0.0	0.0	0.0	0.0	0.0	0.0
Q02-D01-restore-L26-attention	minus-upstream	16	0.0	0.0	0.0	0.0	0.0	0.0	0.0	0.0	0.0	0.0	0.0
Q02-D01-restore-L26-attention	minus-upstream	17	0.0	0.0	0.0	0.0	0.0	0.0	0.0	0.0	0.0	0.0	0.0
Q02-D01-restore-L26-attention	minus-upstream	18	0.0	0.0	0.0	0.0	0.0	0.0	0.0	0.0	0.0	0.0	0.0
Q02-D01-restore-L26-attention	minus-upstream	19	0.0	0.0	0.0	0.0	0.0	0.0	0.0	0.0	0.0	0.0	0.0
Q02-D01-restore-L26-attention	minus-upstream	20	0.0	0.0	0.0	0.0	0.0	0.0	0.0	0.0	0.0	0.0	0.0
Q02-D01-restore-L26-attention	minus-upstream	21	0.0	0.0	0.0	0.0	0.0	0.0	0.0	0.0	0.0	0.0	0.0
Q02-D01-restore-L26-attention	minus-upstream	22	0.0	0.0	0.0	0.0	0.0	0.0	0.0	0.0	0.0	0.0	0.0
Q02-D01-restore-L26-attention	minus-upstream	23	0.0	0.0	0.0	0.0	0.0	0.0	0.0	0.0	0.0	0.0	0.0
Q02-D01-restore-L26-attention	minus-upstream	24	0.0	0.0	0.0	0.0	0.0	0.0	0.0	0.0	0.0	0.0	0.0
Q02-D01-restore-L26-attention	minus-upstream	25	0.0	0.0	0.0	0.0	0.0	0.0	0.0	0.0	0.0	0.0	0.0
Q02-D01-restore-L26-attention	minus-upstream	26	0.0	-4.260496139526367	-3.9699501991271973	-4.260496139526367	0.2905459403991699	-4.269591332024101	-0.2265596723231655	0.00909288448965101	0.5171077704494961	2.308008083040658e-06	-2.157727160612133e-06
Q02-D01-restore-L26-attention	minus-upstream	27	-3.9699501991271973	-4.197443962097168	-4.1370391845703125	-0.2274937629699707	0.06040477752685547	-0.32097623590905866	-0.2895041369335485	0.09348259317292475	0.3499106243762887	-1.2023383678949617e-07	-1.7099158847733165e-06
Q02-D01-restore-L26-attention	minus-upstream	28	-4.1370391845703125	-4.173714637756348	-5.573863983154297	-0.036675453186035156	-1.4001493453979492	-0.1902707900681646	-1.884091658889179	0.15359682383679946	0.4839367045547468	-1.4869546700047032e-06	5.608936482815602e-06
Q02-D01-restore-L26-attention	minus-upstream	29	-5.573863983154297	-6.626298904418945	-4.977775573730469	-1.0524349212646484	1.6485233306884766	-1.4745353405880115	0.949708000189299	0.42210437667726874	0.6988124129663957	-3.95735390565366e-06	2.917532781782084e-06
Q02-D01-restore-L26-attention	minus-upstream	30	-4.977775573730469	-5.434902191162109	-5.075010299682617	-0.4571266174316406	0.3598918914794922	-0.7630504747998037	-0.35535771936415905	0.3059272594215231	0.7152464977816717	-3.4020533599965486e-06	3.113061979573284e-06
Q02-D01-restore-L26-attention	minus-upstream	31	-5.075010299682617	-4.909637451171875	-5.158699035644531	0.1653728485107422	-0.24906158447265625	-0.044286366522952814	-0.757450665504195	0.2096618536903362	0.5083873318314764	-2.638656641171244e-06	1.7492000624064197e-06
Q02-D01-restore-L26-attention	minus-upstream	32	-5.158699035644531	-5.287164688110352	-7.0756683349609375	-0.1284656524658203	-1.788503646850586	-0.4472426468169619	-2.1994858892085767	0.31877860179081097	0.41097937100465687	-1.6074396693988025e-06	2.8713533338775576e-06
Q02-D01-restore-L26-attention	minus-upstream	33	-7.0756683349609375	-6.60748291015625	-5.923532485961914	0.4681854248046875	0.6839504241943359	-0.04530572300589453	-0.0593495941205362	0.5134893903753281	0.7432990802567887	1.757435253907369e-06	9.380580834328356e-07
Q02-D01-restore-L26-attention	minus-upstream	34	-5.923532485961914	-5.21626091003418	-3.7889328002929688	0.7072715759277344	1.427328109741211	0.052318024933295626	0.3373395065257503	0.6549563255828896	1.0899915636527353	-2.774588450851073e-06	-2.9604372746711016e-06
Q02-D01-restore-L26-attention	minus-upstream	35	-3.7889328002929688	-3.6169090270996094	-6.4630279541015625	0.17202377319335938	-2.846118927001953	-0.10028746061087418	1.701464521717149	0.2723085857714874	-4.547588730312819	2.648032746133122e-06	5.28159371704362e-06
Q02-D01-restore-L28-mlp	minus-upstream	0	0.0	0.0	0.0	0.0	0.0	0.0	0.0	0.0	0.0	0.0	0.0
Q02-D01-restore-L28-mlp	minus-upstream	1	0.0	0.0	0.0	0.0	0.0	0.0	0.0	0.0	0.0	0.0	0.0
Q02-D01-restore-L28-mlp	minus-upstream	2	0.0	0.0	0.0	0.0	0.0	0.0	0.0	0.0	0.0	0.0	0.0
Q02-D01-restore-L28-mlp	minus-upstream	3	0.0	0.0	0.0	0.0	0.0	0.0	0.0	0.0	0.0	0.0	0.0
Q02-D01-restore-L28-mlp	minus-upstream	4	0.0	0.0	0.0	0.0	0.0	0.0	0.0	0.0	0.0	0.0	0.0
Q02-D01-restore-L28-mlp	minus-upstream	5	0.0	0.0	0.0	0.0	0.0	0.0	0.0	0.0	0.0	0.0	0.0
Q02-D01-restore-L28-mlp	minus-upstream	6	0.0	0.0	0.0	0.0	0.0	0.0	0.0	0.0	0.0	0.0	0.0
Q02-D01-restore-L28-mlp	minus-upstream	7	0.0	0.0	0.0	0.0	0.0	0.0	0.0	0.0	0.0	0.0	0.0
Q02-D01-restore-L28-mlp	minus-upstream	8	0.0	0.0	0.0	0.0	0.0	0.0	0.0	0.0	0.0	0.0	0.0
Q02-D01-restore-L28-mlp	minus-upstream	9	0.0	0.0	0.0	0.0	0.0	0.0	0.0	0.0	0.0	0.0	0.0
Q02-D01-restore-L28-mlp	minus-upstream	10	0.0	0.0	0.0	0.0	0.0	0.0	0.0	0.0	0.0	0.0	0.0
Q02-D01-restore-L28-mlp	minus-upstream	11	0.0	0.0	0.0	0.0	0.0	0.0	0.0	0.0	0.0	0.0	0.0
Q02-D01-restore-L28-mlp	minus-upstream	12	0.0	0.0	0.0	0.0	0.0	0.0	0.0	0.0	0.0	0.0	0.0
Q02-D01-restore-L28-mlp	minus-upstream	13	0.0	0.0	0.0	0.0	0.0	0.0	0.0	0.0	0.0	0.0	0.0
Q02-D01-restore-L28-mlp	minus-upstream	14	0.0	0.0	0.0	0.0	0.0	0.0	0.0	0.0	0.0	0.0	0.0
Q02-D01-restore-L28-mlp	minus-upstream	15	0.0	0.0	0.0	0.0	0.0	0.0	0.0	0.0	0.0	0.0	0.0
Q02-D01-restore-L28-mlp	minus-upstream	16	0.0	0.0	0.0	0.0	0.0	0.0	0.0	0.0	0.0	0.0	0.0
Q02-D01-restore-L28-mlp	minus-upstream	17	0.0	0.0	0.0	0.0	0.0	0.0	0.0	0.0	0.0	0.0	0.0
Q02-D01-restore-L28-mlp	minus-upstream	18	0.0	0.0	0.0	0.0	0.0	0.0	0.0	0.0	0.0	0.0	0.0
Q02-D01-restore-L28-mlp	minus-upstream	19	0.0	0.0	0.0	0.0	0.0	0.0	0.0	0.0	0.0	0.0	0.0
Q02-D01-restore-L28-mlp	minus-upstream	20	0.0	0.0	0.0	0.0	0.0	0.0	0.0	0.0	0.0	0.0	0.0
Q02-D01-restore-L28-mlp	minus-upstream	21	0.0	0.0	0.0	0.0	0.0	0.0	0.0	0.0	0.0	0.0	0.0
Q02-D01-restore-L28-mlp	minus-upstream	22	0.0	0.0	0.0	0.0	0.0	0.0	0.0	0.0	0.0	0.0	0.0
Q02-D01-restore-L28-mlp	minus-upstream	23	0.0	0.0	0.0	0.0	0.0	0.0	0.0	0.0	0.0	0.0	0.0
Q02-D01-restore-L28-mlp	minus-upstream	24	0.0	0.0	0.0	0.0	0.0	0.0	0.0	0.0	0.0	0.0	0.0
Q02-D01-restore-L28-mlp	minus-upstream	25	0.0	0.0	0.0	0.0	0.0	0.0	0.0	0.0	0.0	0.0	0.0
Q02-D01-restore-L28-mlp	minus-upstream	26	0.0	0.0	0.0	0.0	0.0	0.0	0.0	0.0	0.0	0.0	0.0
Q02-D01-restore-L28-mlp	minus-upstream	27	0.0	0.0	0.0	0.0	0.0	0.0	0.0	0.0	0.0	0.0	0.0
Q02-D01-restore-L28-mlp	minus-upstream	28	0.0	0.0	-3.978485107421875	0.0	-3.978485107421875	0.0	-3.9552157408639332	0.0	-0.0232707782529169	0.0	1.4116949750286878e-06
Q02-D01-restore-L28-mlp	minus-upstream	29	-3.978485107421875	-3.544004440307617	-2.5212936401367188	0.4344806671142578	1.0227108001708984	0.1380251407958999	0.6542114066716477	0.2964587623146697	0.3684969264829338	-3.235996311801159e-06	2.467016316898274e-06
Q02-D01-restore-L28-mlp	minus-upstream	30	-2.5212936401367188	-2.902454376220703	-2.988851547241211	-0.3811607360839844	-0.08639717102050781	-0.538805179858675	-0.4735254071233932	0.15764499050145364	0.387128746273668	-5.467267629871708e-07	-5.101707826193902e-07
Q02-D01-restore-L28-mlp	minus-upstream	31	-2.988851547241211	-2.9440040588378906	-3.1981449127197266	0.04484748840332031	-0.25414085388183594	-0.0781277065771786	-0.5564944457972376	0.12297341431625841	0.3023571191119466	1.7806642405079204e-06	-3.5271965449779064e-06
Q02-D01-restore-L28-mlp	minus-upstream	32	-3.1981449127197266	-3.113555908203125	-3.872610092163086	0.08458900451660156	-0.7590541839599609	-0.11225195451518921	-0.9979688745146547	0.19683871810613907	0.23891507622883512	2.2409256517016973e-06	-3.8567414140100453e-07
Q02-D01-restore-L28-mlp	minus-upstream	33	-3.872610092163086	-3.651266098022461	-3.2857398986816406	0.221343994140625	0.3655261993408203	-0.04744547488730072	-0.02654118774947567	0.26878978593118685	0.3920667981452771	-3.1690326116051715e-07	5.889450188645284e-07
Q02-D01-restore-L28-mlp	minus-upstream	34	-3.2857398986816406	-3.00018310546875	-1.9910697937011719	0.2855567932128906	1.0091133117675781	-0.07416862449174161	0.36604858753265934	0.35972300372008487	0.6430706894801147	2.413984547342679e-06	-5.965245195929669e-06
Q02-D01-restore-L28-mlp	minus-upstream	35	-1.9910697937011719	-1.894282341003418	-3.09521484375	0.0967874526977539	-1.200932502746582	-0.03739424546307446	1.3293165543647156	0.1341783250213554	-2.5302487219289214	3.373139472961917e-06	-3.3518237607665924e-07
Q02-D01-restore-joint	minus-upstream	0	0.0	0.0	0.0	0.0	0.0	0.0	0.0	0.0	0.0	0.0	0.0
Q02-D01-restore-joint	minus-upstream	1	0.0	0.0	0.0	0.0	0.0	0.0	0.0	0.0	0.0	0.0	0.0
Q02-D01-restore-joint	minus-upstream	2	0.0	0.0	0.0	0.0	0.0	0.0	0.0	0.0	0.0	0.0	0.0
Q02-D01-restore-joint	minus-upstream	3	0.0	0.0	0.0	0.0	0.0	0.0	0.0	0.0	0.0	0.0	0.0
Q02-D01-restore-joint	minus-upstream	4	0.0	0.0	0.0	0.0	0.0	0.0	0.0	0.0	0.0	0.0	0.0
Q02-D01-restore-joint	minus-upstream	5	0.0	0.0	0.0	0.0	0.0	0.0	0.0	0.0	0.0	0.0	0.0
Q02-D01-restore-joint	minus-upstream	6	0.0	0.0	0.0	0.0	0.0	0.0	0.0	0.0	0.0	0.0	0.0
Q02-D01-restore-joint	minus-upstream	7	0.0	0.0	0.0	0.0	0.0	0.0	0.0	0.0	0.0	0.0	0.0
Q02-D01-restore-joint	minus-upstream	8	0.0	0.0	0.0	0.0	0.0	0.0	0.0	0.0	0.0	0.0	0.0
Q02-D01-restore-joint	minus-upstream	9	0.0	0.0	0.0	0.0	0.0	0.0	0.0	0.0	0.0	0.0	0.0
Q02-D01-restore-joint	minus-upstream	10	0.0	0.0	0.0	0.0	0.0	0.0	0.0	0.0	0.0	0.0	0.0
Q02-D01-restore-joint	minus-upstream	11	0.0	0.0	0.0	0.0	0.0	0.0	0.0	0.0	0.0	0.0	0.0
Q02-D01-restore-joint	minus-upstream	12	0.0	0.0	0.0	0.0	0.0	0.0	0.0	0.0	0.0	0.0	0.0
Q02-D01-restore-joint	minus-upstream	13	0.0	0.0	0.0	0.0	0.0	0.0	0.0	0.0	0.0	0.0	0.0
Q02-D01-restore-joint	minus-upstream	14	0.0	0.0	0.0	0.0	0.0	0.0	0.0	0.0	0.0	0.0	0.0
Q02-D01-restore-joint	minus-upstream	15	0.0	0.0	0.0	0.0	0.0	0.0	0.0	0.0	0.0	0.0	0.0
Q02-D01-restore-joint	minus-upstream	16	0.0	0.0	0.0	0.0	0.0	0.0	0.0	0.0	0.0	0.0	0.0
Q02-D01-restore-joint	minus-upstream	17	0.0	0.0	0.0	0.0	0.0	0.0	0.0	0.0	0.0	0.0	0.0
Q02-D01-restore-joint	minus-upstream	18	0.0	0.0	0.0	0.0	0.0	0.0	0.0	0.0	0.0	0.0	0.0
Q02-D01-restore-joint	minus-upstream	19	0.0	0.0	0.0	0.0	0.0	0.0	0.0	0.0	0.0	0.0	0.0
Q02-D01-restore-joint	minus-upstream	20	0.0	0.0	0.0	0.0	0.0	0.0	0.0	0.0	0.0	0.0	0.0
Q02-D01-restore-joint	minus-upstream	21	0.0	0.0	0.0	0.0	0.0	0.0	0.0	0.0	0.0	0.0	0.0
Q02-D01-restore-joint	minus-upstream	22	0.0	0.0	0.0	0.0	0.0	0.0	0.0	0.0	0.0	0.0	0.0
Q02-D01-restore-joint	minus-upstream	23	0.0	0.0	0.0	0.0	0.0	0.0	0.0	0.0	0.0	0.0	0.0
Q02-D01-restore-joint	minus-upstream	24	0.0	0.0	0.0	0.0	0.0	0.0	0.0	0.0	0.0	0.0	0.0
Q02-D01-restore-joint	minus-upstream	25	0.0	0.0	0.0	0.0	0.0	0.0	0.0	0.0	0.0	0.0	0.0
Q02-D01-restore-joint	minus-upstream	26	0.0	-4.260496139526367	-3.9699501991271973	-4.260496139526367	0.2905459403991699	-4.269591332024101	-0.2265596723231655	0.00909288448965101	0.5171077704494961	2.308008083040658e-06	-2.157727160612133e-06
Q02-D01-restore-joint	minus-upstream	27	-3.9699501991271973	-4.197443962097168	-4.1370391845703125	-0.2274937629699707	0.06040477752685547	-0.32097623590905866	-0.2895041369335485	0.09348259317292475	0.3499106243762887	-1.2023383678949617e-07	-1.7099158847733165e-06
Q02-D01-restore-joint	minus-upstream	28	-4.1370391845703125	-4.173714637756348	-7.650886535644531	-0.036675453186035156	-3.4771718978881836	-0.1902707900681646	-3.9589317111053286	0.15359682383679946	0.4817544692974777	-1.4869546700047032e-06	5.343919667166741e-06
Q02-D01-restore-joint	minus-upstream	29	-7.650886535644531	-8.291479110717773	-6.180109977722168	-0.6405925750732422	2.1113691329956055	-1.2080693755680891	1.2485122683895913	0.5674809982845612	0.8628532980294964	-4.197789714222022e-06	3.5665765177606e-06
Q02-D01-restore-joint	minus-upstream	30	-6.180109977722168	-6.9158935546875	-6.561332702636719	-0.735783576965332	0.35456085205078125	-1.1016000225397682	-0.555146616735342	0.3658154387792001	0.9097105343556968	1.0067952360970356e-06	-3.0655695735237742e-06
Q02-D01-restore-joint	minus-upstream	31	-6.561332702636719	-6.376153945922852	-6.709637641906738	0.1851787567138672	-0.3334836959838867	-0.08357578808070032	-0.9852588227115044	0.26875644115448805	0.6517716470791841	-1.8963599205668036e-06	3.4796484336130362e-06
Q02-D01-restore-joint	minus-upstream	32	-6.709637641906738	-6.656444549560547	-8.589530944824219	0.053193092346191406	-1.9330863952636719	-0.35555052749329263	-2.4340658376415147	0.4087418590118582	0.5009823925208147	1.760827625790773e-06	-2.9501429718026273e-06
Q02-D01-restore-joint	minus-upstream	33	-8.589530944824219	-8.042699813842773	-7.418466567993164	0.5468311309814453	0.6242332458496094	-0.05841596327811391	-0.2524258642656332	0.6052514862480588	0.8766524461362035	-4.391988499635735e-06	6.663979039034373e-06
Q02-D01-restore-joint	minus-upstream	34	-7.418466567993164	-6.64988899230957	-4.693621635437012	0.7685775756835938	1.9562673568725586	-0.03987813232956655	0.5303834234824452	0.808455494687701	1.4258874450048658	2.1332545932853386e-07	-3.5116147523300834e-06
Q02-D01-restore-joint	minus-upstream	35	-4.693621635437012	-4.493329048156738	-8.031787872314453	0.20029258728027344	-3.538458824157715	-0.12347424631971693	2.2725879926875656	0.32376541570575745	-5.811046968348149	1.417894232913497e-06	1.5150286891696396e-07
Q02-D02-restore-L26-attention	minus-upstream	0	0.0	0.0	0.0	0.0	0.0	0.0	0.0	0.0	0.0	0.0	0.0
Q02-D02-restore-L26-attention	minus-upstream	1	0.0	0.0	0.0	0.0	0.0	0.0	0.0	0.0	0.0	0.0	0.0
Q02-D02-restore-L26-attention	minus-upstream	2	0.0	0.0	0.0	0.0	0.0	0.0	0.0	0.0	0.0	0.0	0.0
Q02-D02-restore-L26-attention	minus-upstream	3	0.0	0.0	0.0	0.0	0.0	0.0	0.0	0.0	0.0	0.0	0.0
Q02-D02-restore-L26-attention	minus-upstream	4	0.0	0.0	0.0	0.0	0.0	0.0	0.0	0.0	0.0	0.0	0.0
Q02-D02-restore-L26-attention	minus-upstream	5	0.0	0.0	0.0	0.0	0.0	0.0	0.0	0.0	0.0	0.0	0.0
Q02-D02-restore-L26-attention	minus-upstream	6	0.0	0.0	0.0	0.0	0.0	0.0	0.0	0.0	0.0	0.0	0.0
Q02-D02-restore-L26-attention	minus-upstream	7	0.0	0.0	0.0	0.0	0.0	0.0	0.0	0.0	0.0	0.0	0.0
Q02-D02-restore-L26-attention	minus-upstream	8	0.0	0.0	0.0	0.0	0.0	0.0	0.0	0.0	0.0	0.0	0.0
Q02-D02-restore-L26-attention	minus-upstream	9	0.0	0.0	0.0	0.0	0.0	0.0	0.0	0.0	0.0	0.0	0.0
Q02-D02-restore-L26-attention	minus-upstream	10	0.0	0.0	0.0	0.0	0.0	0.0	0.0	0.0	0.0	0.0	0.0
Q02-D02-restore-L26-attention	minus-upstream	11	0.0	0.0	0.0	0.0	0.0	0.0	0.0	0.0	0.0	0.0	0.0
Q02-D02-restore-L26-attention	minus-upstream	12	0.0	0.0	0.0	0.0	0.0	0.0	0.0	0.0	0.0	0.0	0.0
Q02-D02-restore-L26-attention	minus-upstream	13	0.0	0.0	0.0	0.0	0.0	0.0	0.0	0.0	0.0	0.0	0.0
Q02-D02-restore-L26-attention	minus-upstream	14	0.0	0.0	0.0	0.0	0.0	0.0	0.0	0.0	0.0	0.0	0.0
Q02-D02-restore-L26-attention	minus-upstream	15	0.0	0.0	0.0	0.0	0.0	0.0	0.0	0.0	0.0	0.0	0.0
Q02-D02-restore-L26-attention	minus-upstream	16	0.0	0.0	0.0	0.0	0.0	0.0	0.0	0.0	0.0	0.0	0.0
Q02-D02-restore-L26-attention	minus-upstream	17	0.0	0.0	0.0	0.0	0.0	0.0	0.0	0.0	0.0	0.0	0.0
Q02-D02-restore-L26-attention	minus-upstream	18	0.0	0.0	0.0	0.0	0.0	0.0	0.0	0.0	0.0	0.0	0.0
Q02-D02-restore-L26-attention	minus-upstream	19	0.0	0.0	0.0	0.0	0.0	0.0	0.0	0.0	0.0	0.0	0.0
Q02-D02-restore-L26-attention	minus-upstream	20	0.0	0.0	0.0	0.0	0.0	0.0	0.0	0.0	0.0	0.0	0.0
Q02-D02-restore-L26-attention	minus-upstream	21	0.0	0.0	0.0	0.0	0.0	0.0	0.0	0.0	0.0	0.0	0.0
Q02-D02-restore-L26-attention	minus-upstream	22	0.0	0.0	0.0	0.0	0.0	0.0	0.0	0.0	0.0	0.0	0.0
Q02-D02-restore-L26-attention	minus-upstream	23	0.0	0.0	0.0	0.0	0.0	0.0	0.0	0.0	0.0	0.0	0.0
Q02-D02-restore-L26-attention	minus-upstream	24	0.0	0.0	0.0	0.0	0.0	0.0	0.0	0.0	0.0	0.0	0.0
Q02-D02-restore-L26-attention	minus-upstream	25	0.0	0.0	0.0	0.0	0.0	0.0	0.0	0.0	0.0	0.0	0.0
Q02-D02-restore-L26-attention	minus-upstream	26	0.0	4.020841598510742	3.8141798973083496	4.020841598510742	-0.20666170120239258	4.047883754260608	0.28227131642515035	-0.027040307302437894	-0.4889351611418331	-1.848447428676181e-06	2.143514290064985e-06
Q02-D02-restore-L26-attention	minus-upstream	27	3.8141798973083496	3.914529323577881	3.753927707672119	0.10034942626953125	-0.16060161590576172	0.17891857107722753	0.16445342139977254	-0.07856672003060555	-0.3250559787185666	-2.4247770907259714e-06	9.414130323626146e-07
Q02-D02-restore-L26-attention	minus-upstream	28	3.753927707672119	3.7953643798828125	5.145991325378418	0.04143667221069336	1.3506269454956055	0.17859229249465924	1.8063474295344073	-0.1371533643923655	-0.45572380838234733	-2.2558916003834195e-06	3.324343545607622e-06
Q02-D02-restore-L26-attention	minus-upstream	29	5.145991325378418	6.072750091552734	4.5755462646484375	0.9267587661743164	-1.4972038269042969	1.3125306551390556	-0.8627207643396935	-0.38577394794711545	-0.6344784922044528	2.0589823762212633e-06	-4.570360150474295e-06
Q02-D02-restore-L26-attention	minus-upstream	30	4.5755462646484375	4.884407043457031	4.567138671875	0.30886077880859375	-0.31726837158203125	0.5932961263333509	0.317434587994025	-0.28443375934491005	-0.6347082150963538	-1.5881798471478747e-06	5.255520297519495e-06
Q02-D02-restore-L26-attention	minus-upstream	31	4.567138671875	4.453493118286133	4.657035827636719	-0.11364555358886719	0.20354270935058594	0.07291574836596748	0.6590667499597005	-0.1865624839841709	-0.4555222059201576	1.182029336244117e-06	-1.8346889568976454e-06
Q02-D02-restore-L26-attention	minus-upstream	32	4.657035827636719	4.435581207275391	6.2839813232421875	-0.22145462036132812	1.8484001159667969	0.06669327959060922	2.18051165163781	-0.2881440912565512	-0.3321101171209321	-3.8086953861315997e-06	-1.4185500810670604e-06
Q02-D02-restore-L26-attention	minus-upstream	33	6.2839813232421875	5.859758377075195	5.2081451416015625	-0.4242229461669922	-0.6516132354736328	0.03513976538136426	-0.012028664625330254	-0.45936926557113544	-0.6395840043669243	6.554022779048374e-06	-5.664813781947053e-07
Q02-D02-restore-L26-attention	minus-upstream	34	5.2081451416015625	4.57359504699707	3.210031509399414	-0.6345500946044922	-1.3635635375976562	-0.058843838454872066	-0.3953776549490433	-0.575701215168858	-0.9681887951970145	-5.040980762177627e-06	2.9125484016234715e-06
Q02-D02-restore-L26-attention	minus-upstream	35	3.210031509399414	3.0932626724243164	5.503360748291016	-0.11676883697509766	2.410098075866699	0.1115815293933285	-1.5294664757389058	-0.2283559248197387	3.9395697222057393	5.558451312559498e-06	-5.170600134718484e-06
Q02-D02-restore-L28-mlp	minus-upstream	0	0.0	0.0	0.0	0.0	0.0	0.0	0.0	0.0	0.0	0.0	0.0
Q02-D02-restore-L28-mlp	minus-upstream	1	0.0	0.0	0.0	0.0	0.0	0.0	0.0	0.0	0.0	0.0	0.0
Q02-D02-restore-L28-mlp	minus-upstream	2	0.0	0.0	0.0	0.0	0.0	0.0	0.0	0.0	0.0	0.0	0.0
Q02-D02-restore-L28-mlp	minus-upstream	3	0.0	0.0	0.0	0.0	0.0	0.0	0.0	0.0	0.0	0.0	0.0
Q02-D02-restore-L28-mlp	minus-upstream	4	0.0	0.0	0.0	0.0	0.0	0.0	0.0	0.0	0.0	0.0	0.0
Q02-D02-restore-L28-mlp	minus-upstream	5	0.0	0.0	0.0	0.0	0.0	0.0	0.0	0.0	0.0	0.0	0.0
Q02-D02-restore-L28-mlp	minus-upstream	6	0.0	0.0	0.0	0.0	0.0	0.0	0.0	0.0	0.0	0.0	0.0
Q02-D02-restore-L28-mlp	minus-upstream	7	0.0	0.0	0.0	0.0	0.0	0.0	0.0	0.0	0.0	0.0	0.0
Q02-D02-restore-L28-mlp	minus-upstream	8	0.0	0.0	0.0	0.0	0.0	0.0	0.0	0.0	0.0	0.0	0.0
Q02-D02-restore-L28-mlp	minus-upstream	9	0.0	0.0	0.0	0.0	0.0	0.0	0.0	0.0	0.0	0.0	0.0
Q02-D02-restore-L28-mlp	minus-upstream	10	0.0	0.0	0.0	0.0	0.0	0.0	0.0	0.0	0.0	0.0	0.0
Q02-D02-restore-L28-mlp	minus-upstream	11	0.0	0.0	0.0	0.0	0.0	0.0	0.0	0.0	0.0	0.0	0.0
Q02-D02-restore-L28-mlp	minus-upstream	12	0.0	0.0	0.0	0.0	0.0	0.0	0.0	0.0	0.0	0.0	0.0
Q02-D02-restore-L28-mlp	minus-upstream	13	0.0	0.0	0.0	0.0	0.0	0.0	0.0	0.0	0.0	0.0	0.0
Q02-D02-restore-L28-mlp	minus-upstream	14	0.0	0.0	0.0	0.0	0.0	0.0	0.0	0.0	0.0	0.0	0.0
Q02-D02-restore-L28-mlp	minus-upstream	15	0.0	0.0	0.0	0.0	0.0	0.0	0.0	0.0	0.0	0.0	0.0
Q02-D02-restore-L28-mlp	minus-upstream	16	0.0	0.0	0.0	0.0	0.0	0.0	0.0	0.0	0.0	0.0	0.0
Q02-D02-restore-L28-mlp	minus-upstream	17	0.0	0.0	0.0	0.0	0.0	0.0	0.0	0.0	0.0	0.0	0.0
Q02-D02-restore-L28-mlp	minus-upstream	18	0.0	0.0	0.0	0.0	0.0	0.0	0.0	0.0	0.0	0.0	0.0
Q02-D02-restore-L28-mlp	minus-upstream	19	0.0	0.0	0.0	0.0	0.0	0.0	0.0	0.0	0.0	0.0	0.0
Q02-D02-restore-L28-mlp	minus-upstream	20	0.0	0.0	0.0	0.0	0.0	0.0	0.0	0.0	0.0	0.0	0.0
Q02-D02-restore-L28-mlp	minus-upstream	21	0.0	0.0	0.0	0.0	0.0	0.0	0.0	0.0	0.0	0.0	0.0
Q02-D02-restore-L28-mlp	minus-upstream	22	0.0	0.0	0.0	0.0	0.0	0.0	0.0	0.0	0.0	0.0	0.0
Q02-D02-restore-L28-mlp	minus-upstream	23	0.0	0.0	0.0	0.0	0.0	0.0	0.0	0.0	0.0	0.0	0.0
Q02-D02-restore-L28-mlp	minus-upstream	24	0.0	0.0	0.0	0.0	0.0	0.0	0.0	0.0	0.0	0.0	0.0
Q02-D02-restore-L28-mlp	minus-upstream	25	0.0	0.0	0.0	0.0	0.0	0.0	0.0	0.0	0.0	0.0	0.0
Q02-D02-restore-L28-mlp	minus-upstream	26	0.0	0.0	0.0	0.0	0.0	0.0	0.0	0.0	0.0	0.0	0.0
Q02-D02-restore-L28-mlp	minus-upstream	27	0.0	0.0	0.0	0.0	0.0	0.0	0.0	0.0	0.0	0.0	0.0
Q02-D02-restore-L28-mlp	minus-upstream	28	0.0	0.0	4.479169845581055	0.0	4.479169845581055	0.0	4.481568882554178	0.0	-0.0023993169033070805	0.0	2.799301833666945e-07
Q02-D02-restore-L28-mlp	minus-upstream	29	4.479169845581055	4.23664665222168	3.165262222290039	-0.242523193359375	-1.0713844299316406	0.08503507201842897	-0.6261466368183191	-0.3275597770327359	-0.4452359543547758	1.5116549319377226e-06	-1.8387585457510514e-06
Q02-D02-restore-L28-mlp	minus-upstream	30	3.165262222290039	3.463489532470703	3.5886974334716797	0.29822731018066406	0.12520790100097656	0.4918215854680139	0.5884900142929796	-0.19359328955388555	-0.4632852134527828	-9.8573346431121e-07	3.1001607797113973e-06
Q02-D02-restore-L28-mlp	minus-upstream	31	3.5886974334716797	3.5059165954589844	3.7402076721191406	-0.08278083801269531	0.23429107666015625	0.06625288468130908	0.5943376876340694	-0.1490311320522647	-0.36004871436633556	-2.5906417396720505e-06	2.1033924225144496e-06
Q02-D02-restore-L28-mlp	minus-upstream	32	3.7402076721191406	4.162567138671875	5.145557403564453	0.4223594665527344	0.9829902648925781	0.6518848829299557	1.29749470034545	-0.22952007823186488	-0.3145046213663172	-5.338145356456603e-06	1.8591344530527465e-07
Q02-D02-restore-L28-mlp	minus-upstream	33	5.145557403564453	4.865711212158203	4.243766784667969	-0.27984619140625	-0.6219444274902344	0.09666235468546486	-0.09364587351487419	-0.3765157016656943	-0.5282954588606124	7.155573979511498e-06	-3.0951147477753516e-06
Q02-D02-restore-L28-mlp	minus-upstream	34	4.243766784667969	3.794626235961914	2.5320072174072266	-0.4491405487060547	-1.2626190185546875	0.019187691274280994	-0.4513425367053827	-0.46832911480270556	-0.8112743997907582	8.748223698229474e-07	-2.082058546570842e-06
Q02-D02-restore-L28-mlp	minus-upstream	35	2.5320072174072266	2.4190673828125	3.963665008544922	-0.11293983459472656	1.5445976257324219	0.06014920032707216	-1.4675480540894865	-0.17309105494432936	3.0121449631012194	2.02002253063549e-06	7.167206881319999e-07
Q02-D02-restore-joint	minus-upstream	0	0.0	0.0	0.0	0.0	0.0	0.0	0.0	0.0	0.0	0.0	0.0
Q02-D02-restore-joint	minus-upstream	1	0.0	0.0	0.0	0.0	0.0	0.0	0.0	0.0	0.0	0.0	0.0
Q02-D02-restore-joint	minus-upstream	2	0.0	0.0	0.0	0.0	0.0	0.0	0.0	0.0	0.0	0.0	0.0
Q02-D02-restore-joint	minus-upstream	3	0.0	0.0	0.0	0.0	0.0	0.0	0.0	0.0	0.0	0.0	0.0
Q02-D02-restore-joint	minus-upstream	4	0.0	0.0	0.0	0.0	0.0	0.0	0.0	0.0	0.0	0.0	0.0
Q02-D02-restore-joint	minus-upstream	5	0.0	0.0	0.0	0.0	0.0	0.0	0.0	0.0	0.0	0.0	0.0
Q02-D02-restore-joint	minus-upstream	6	0.0	0.0	0.0	0.0	0.0	0.0	0.0	0.0	0.0	0.0	0.0
Q02-D02-restore-joint	minus-upstream	7	0.0	0.0	0.0	0.0	0.0	0.0	0.0	0.0	0.0	0.0	0.0
Q02-D02-restore-joint	minus-upstream	8	0.0	0.0	0.0	0.0	0.0	0.0	0.0	0.0	0.0	0.0	0.0
Q02-D02-restore-joint	minus-upstream	9	0.0	0.0	0.0	0.0	0.0	0.0	0.0	0.0	0.0	0.0	0.0
Q02-D02-restore-joint	minus-upstream	10	0.0	0.0	0.0	0.0	0.0	0.0	0.0	0.0	0.0	0.0	0.0
Q02-D02-restore-joint	minus-upstream	11	0.0	0.0	0.0	0.0	0.0	0.0	0.0	0.0	0.0	0.0	0.0
Q02-D02-restore-joint	minus-upstream	12	0.0	0.0	0.0	0.0	0.0	0.0	0.0	0.0	0.0	0.0	0.0
Q02-D02-restore-joint	minus-upstream	13	0.0	0.0	0.0	0.0	0.0	0.0	0.0	0.0	0.0	0.0	0.0
Q02-D02-restore-joint	minus-upstream	14	0.0	0.0	0.0	0.0	0.0	0.0	0.0	0.0	0.0	0.0	0.0
Q02-D02-restore-joint	minus-upstream	15	0.0	0.0	0.0	0.0	0.0	0.0	0.0	0.0	0.0	0.0	0.0
Q02-D02-restore-joint	minus-upstream	16	0.0	0.0	0.0	0.0	0.0	0.0	0.0	0.0	0.0	0.0	0.0
Q02-D02-restore-joint	minus-upstream	17	0.0	0.0	0.0	0.0	0.0	0.0	0.0	0.0	0.0	0.0	0.0
Q02-D02-restore-joint	minus-upstream	18	0.0	0.0	0.0	0.0	0.0	0.0	0.0	0.0	0.0	0.0	0.0
Q02-D02-restore-joint	minus-upstream	19	0.0	0.0	0.0	0.0	0.0	0.0	0.0	0.0	0.0	0.0	0.0
Q02-D02-restore-joint	minus-upstream	20	0.0	0.0	0.0	0.0	0.0	0.0	0.0	0.0	0.0	0.0	0.0
Q02-D02-restore-joint	minus-upstream	21	0.0	0.0	0.0	0.0	0.0	0.0	0.0	0.0	0.0	0.0	0.0
Q02-D02-restore-joint	minus-upstream	22	0.0	0.0	0.0	0.0	0.0	0.0	0.0	0.0	0.0	0.0	0.0
Q02-D02-restore-joint	minus-upstream	23	0.0	0.0	0.0	0.0	0.0	0.0	0.0	0.0	0.0	0.0	0.0
Q02-D02-restore-joint	minus-upstream	24	0.0	0.0	0.0	0.0	0.0	0.0	0.0	0.0	0.0	0.0	0.0
Q02-D02-restore-joint	minus-upstream	25	0.0	0.0	0.0	0.0	0.0	0.0	0.0	0.0	0.0	0.0	0.0
Q02-D02-restore-joint	minus-upstream	26	0.0	4.020841598510742	3.8141798973083496	4.020841598510742	-0.20666170120239258	4.047883754260608	0.28227131642515035	-0.027040307302437894	-0.4889351611418331	-1.848447428676181e-06	2.143514290064985e-06
Q02-D02-restore-joint	minus-upstream	27	3.8141798973083496	3.914529323577881	3.753927707672119	0.10034942626953125	-0.16060161590576172	0.17891857107722753	0.16445342139977254	-0.07856672003060555	-0.3250559787185666	-2.4247770907259714e-06	9.414130323626146e-07
Q02-D02-restore-joint	minus-upstream	28	3.753927707672119	3.7953643798828125	7.823024749755859	0.04143667221069336	4.027660369873047	0.17859229249465924	4.481183946278052	-0.1371533643923655	-0.45352585528480877	-2.2558916003834195e-06	2.2788798033634983e-06
Q02-D02-restore-joint	minus-upstream	29	7.823024749755859	8.700313568115234	6.523902893066406	0.877288818359375	-2.176410675048828	1.4435967672185583	-1.2602514157886882	-0.5663067300187448	-0.9161600984068947	-1.21884043856324e-06	8.3914675474972e-07
Q02-D02-restore-joint	minus-upstream	30	6.523902893066406	7.10240364074707	6.914789199829102	0.5785007476806641	-0.18761444091796875	0.9916991024378108	0.7463928295361755	-0.4131957622244917	-0.9340159646915733	-2.5925326549991468e-06	8.694237429118096e-06
Q02-D02-restore-joint	minus-upstream	31	6.914789199829102	6.77117919921875	7.021696090698242	-0.14361000061035156	0.2505168914794922	0.13973392670642132	0.9486570138200643	-0.2833361514780326	-0.6981398415115332	-7.775838740287089e-06	-2.808290389677559e-07
Q02-D02-restore-joint	minus-upstream	32	7.021696090698242	7.453218460083008	9.807640075683594	0.4315223693847656	2.354421615600586	0.8586000102065388	2.9240526366034865	-0.42708014137527606	-0.5696288167369516	2.5005535028987946e-06	-2.204265948824169e-06
Q02-D02-restore-joint	minus-upstream	33	9.807640075683594	9.196321487426758	8.100028991699219	-0.6113185882568359	-1.096292495727539	0.10267581519736557	-0.09278427784588339	-0.713999864824052	-1.003508263772452	5.4613698504679675e-06	4.589079630190618e-08
Q02-D02-restore-joint	minus-upstream	34	8.100028991699219	7.1626129150390625	5.0691070556640625	-0.9374160766601562	-2.093505859375	-0.03807371837348389	-0.5859739572482745	-0.8993357978735093	-1.507535474618888	-6.560413163214651e-06	3.572492162540186e-06
Q02-D02-restore-joint	minus-upstream	35	5.0691070556640625	4.874388694763184	8.251201629638672	-0.1947183609008789	3.3768129348754883	0.16913615021723744	-2.8368382033247213	-0.36385778690620607	6.2136396848269175	3.2757880897016367e-06	1.1453373291114843e-05
Q01-D01-restore-joint	joint-minus-A	0	0.0	0.0	0.0	0.0	0.0	0.0	0.0	0.0	0.0	0.0	0.0
Q01-D01-restore-joint	joint-minus-A	1	0.0	0.0	0.0	0.0	0.0	0.0	0.0	0.0	0.0	0.0	0.0
Q01-D01-restore-joint	joint-minus-A	2	0.0	0.0	0.0	0.0	0.0	0.0	0.0	0.0	0.0	0.0	0.0
Q01-D01-restore-joint	joint-minus-A	3	0.0	0.0	0.0	0.0	0.0	0.0	0.0	0.0	0.0	0.0	0.0
Q01-D01-restore-joint	joint-minus-A	4	0.0	0.0	0.0	0.0	0.0	0.0	0.0	0.0	0.0	0.0	0.0
Q01-D01-restore-joint	joint-minus-A	5	0.0	0.0	0.0	0.0	0.0	0.0	0.0	0.0	0.0	0.0	0.0
Q01-D01-restore-joint	joint-minus-A	6	0.0	0.0	0.0	0.0	0.0	0.0	0.0	0.0	0.0	0.0	0.0
Q01-D01-restore-joint	joint-minus-A	7	0.0	0.0	0.0	0.0	0.0	0.0	0.0	0.0	0.0	0.0	0.0
Q01-D01-restore-joint	joint-minus-A	8	0.0	0.0	0.0	0.0	0.0	0.0	0.0	0.0	0.0	0.0	0.0
Q01-D01-restore-joint	joint-minus-A	9	0.0	0.0	0.0	0.0	0.0	0.0	0.0	0.0	0.0	0.0	0.0
Q01-D01-restore-joint	joint-minus-A	10	0.0	0.0	0.0	0.0	0.0	0.0	0.0	0.0	0.0	0.0	0.0
Q01-D01-restore-joint	joint-minus-A	11	0.0	0.0	0.0	0.0	0.0	0.0	0.0	0.0	0.0	0.0	0.0
Q01-D01-restore-joint	joint-minus-A	12	0.0	0.0	0.0	0.0	0.0	0.0	0.0	0.0	0.0	0.0	0.0
Q01-D01-restore-joint	joint-minus-A	13	0.0	0.0	0.0	0.0	0.0	0.0	0.0	0.0	0.0	0.0	0.0
Q01-D01-restore-joint	joint-minus-A	14	0.0	0.0	0.0	0.0	0.0	0.0	0.0	0.0	0.0	0.0	0.0
Q01-D01-restore-joint	joint-minus-A	15	0.0	0.0	0.0	0.0	0.0	0.0	0.0	0.0	0.0	0.0	0.0
Q01-D01-restore-joint	joint-minus-A	16	0.0	0.0	0.0	0.0	0.0	0.0	0.0	0.0	0.0	0.0	0.0
Q01-D01-restore-joint	joint-minus-A	17	0.0	0.0	0.0	0.0	0.0	0.0	0.0	0.0	0.0	0.0	0.0
Q01-D01-restore-joint	joint-minus-A	18	0.0	0.0	0.0	0.0	0.0	0.0	0.0	0.0	0.0	0.0	0.0
Q01-D01-restore-joint	joint-minus-A	19	0.0	0.0	0.0	0.0	0.0	0.0	0.0	0.0	0.0	0.0	0.0
Q01-D01-restore-joint	joint-minus-A	20	0.0	0.0	0.0	0.0	0.0	0.0	0.0	0.0	0.0	0.0	0.0
Q01-D01-restore-joint	joint-minus-A	21	0.0	0.0	0.0	0.0	0.0	0.0	0.0	0.0	0.0	0.0	0.0
Q01-D01-restore-joint	joint-minus-A	22	0.0	0.0	0.0	0.0	0.0	0.0	0.0	0.0	0.0	0.0	0.0
Q01-D01-restore-joint	joint-minus-A	23	0.0	0.0	0.0	0.0	0.0	0.0	0.0	0.0	0.0	0.0	0.0
Q01-D01-restore-joint	joint-minus-A	24	0.0	0.0	0.0	0.0	0.0	0.0	0.0	0.0	0.0	0.0	0.0
Q01-D01-restore-joint	joint-minus-A	25	0.0	0.0	0.0	0.0	0.0	0.0	0.0	0.0	0.0	0.0	0.0
Q01-D01-restore-joint	joint-minus-A	26	0.0	0.0	0.0	0.0	0.0	0.0	0.0	0.0	0.0	0.0	0.0
Q01-D01-restore-joint	joint-minus-A	27	0.0	0.0	0.0	0.0	0.0	0.0	0.0	0.0	0.0	0.0	0.0
Q01-D01-restore-joint	joint-minus-A	28	0.0	0.0	-3.687747001647949	0.0	-3.687747001647949	0.0	-3.6796459808421353	0.0	-0.008103140141909826	0.0	2.119336095951496e-06
Q01-D01-restore-joint	joint-minus-A	29	-3.687747001647949	-3.2319087982177734	-2.171201705932617	0.4558382034301758	1.0607070922851562	0.1676393546656363	0.7314596455426886	0.28819985343062127	0.32924959606885595	-1.00466608174421e-06	-2.1493263883121116e-06
Q01-D01-restore-joint	joint-minus-A	30	-2.171201705932617	-2.483797073364258	-2.4994468688964844	-0.3125953674316406	-0.015649795532226562	-0.4269862533930593	-0.3529673428635265	0.11438680003818108	0.3373223515646455	4.085923237584499e-06	-4.804233345576114e-06
Q01-D01-restore-joint	joint-minus-A	31	-2.4994468688964844	-2.4414844512939453	-2.4528884887695312	0.05796241760253906	-0.011404037475585938	-0.04170626252417159	-0.2543230948787679	0.09967202722291996	0.2429098603130405	-3.3470962092982393e-06	9.197090141493947e-06
Q01-D01-restore-joint	joint-minus-A	32	-2.4528884887695312	-2.1918792724609375	-2.6090564727783203	0.26100921630859375	-0.4171772003173828	0.110926060810284	-0.5787948260945099	0.1500834734989774	0.16162243391708564	-3.1800066765952373e-07	-4.8081399585120366e-06
Q01-D01-restore-joint	joint-minus-A	33	-2.6090564727783203	-2.455768585205078	-2.397310256958008	0.1532878875732422	0.05845832824707031	-0.009088024079060286	-0.19626024337199688	0.1623788739686416	0.2547167237682104	-2.9623163390612994e-06	1.8478508567731922e-06
Q01-D01-restore-joint	joint-minus-A	34	-2.397310256958008	-2.2192554473876953	-1.3926115036010742	0.1780548095703125	0.8266439437866211	-0.06519311089007723	0.33956413760472914	0.2432441025315779	0.48708127942415047	3.817928811877813e-06	-1.473242258520635e-06
Q01-D01-restore-joint	joint-minus-A	35	-1.3926115036010742	-1.3490800857543945	-2.3273887634277344	0.04353141784667969	-0.9783086776733398	-0.05370849649974718	0.7413815224275613	0.09724322553156123	-1.7196927078394308	-3.31118513435813e-06	2.507738529722303e-06
Q01-D01-restore-joint	joint-minus-B	0	0.0	0.0	0.0	0.0	0.0	0.0	0.0	0.0	0.0	0.0	0.0
Q01-D01-restore-joint	joint-minus-B	1	0.0	0.0	0.0	0.0	0.0	0.0	0.0	0.0	0.0	0.0	0.0
Q01-D01-restore-joint	joint-minus-B	2	0.0	0.0	0.0	0.0	0.0	0.0	0.0	0.0	0.0	0.0	0.0
Q01-D01-restore-joint	joint-minus-B	3	0.0	0.0	0.0	0.0	0.0	0.0	0.0	0.0	0.0	0.0	0.0
Q01-D01-restore-joint	joint-minus-B	4	0.0	0.0	0.0	0.0	0.0	0.0	0.0	0.0	0.0	0.0	0.0
Q01-D01-restore-joint	joint-minus-B	5	0.0	0.0	0.0	0.0	0.0	0.0	0.0	0.0	0.0	0.0	0.0
Q01-D01-restore-joint	joint-minus-B	6	0.0	0.0	0.0	0.0	0.0	0.0	0.0	0.0	0.0	0.0	0.0
Q01-D01-restore-joint	joint-minus-B	7	0.0	0.0	0.0	0.0	0.0	0.0	0.0	0.0	0.0	0.0	0.0
Q01-D01-restore-joint	joint-minus-B	8	0.0	0.0	0.0	0.0	0.0	0.0	0.0	0.0	0.0	0.0	0.0
Q01-D01-restore-joint	joint-minus-B	9	0.0	0.0	0.0	0.0	0.0	0.0	0.0	0.0	0.0	0.0	0.0
Q01-D01-restore-joint	joint-minus-B	10	0.0	0.0	0.0	0.0	0.0	0.0	0.0	0.0	0.0	0.0	0.0
Q01-D01-restore-joint	joint-minus-B	11	0.0	0.0	0.0	0.0	0.0	0.0	0.0	0.0	0.0	0.0	0.0
Q01-D01-restore-joint	joint-minus-B	12	0.0	0.0	0.0	0.0	0.0	0.0	0.0	0.0	0.0	0.0	0.0
Q01-D01-restore-joint	joint-minus-B	13	0.0	0.0	0.0	0.0	0.0	0.0	0.0	0.0	0.0	0.0	0.0
Q01-D01-restore-joint	joint-minus-B	14	0.0	0.0	0.0	0.0	0.0	0.0	0.0	0.0	0.0	0.0	0.0
Q01-D01-restore-joint	joint-minus-B	15	0.0	0.0	0.0	0.0	0.0	0.0	0.0	0.0	0.0	0.0	0.0
Q01-D01-restore-joint	joint-minus-B	16	0.0	0.0	0.0	0.0	0.0	0.0	0.0	0.0	0.0	0.0	0.0
Q01-D01-restore-joint	joint-minus-B	17	0.0	0.0	0.0	0.0	0.0	0.0	0.0	0.0	0.0	0.0	0.0
Q01-D01-restore-joint	joint-minus-B	18	0.0	0.0	0.0	0.0	0.0	0.0	0.0	0.0	0.0	0.0	0.0
Q01-D01-restore-joint	joint-minus-B	19	0.0	0.0	0.0	0.0	0.0	0.0	0.0	0.0	0.0	0.0	0.0
Q01-D01-restore-joint	joint-minus-B	20	0.0	0.0	0.0	0.0	0.0	0.0	0.0	0.0	0.0	0.0	0.0
Q01-D01-restore-joint	joint-minus-B	21	0.0	0.0	0.0	0.0	0.0	0.0	0.0	0.0	0.0	0.0	0.0
Q01-D01-restore-joint	joint-minus-B	22	0.0	0.0	0.0	0.0	0.0	0.0	0.0	0.0	0.0	0.0	0.0
Q01-D01-restore-joint	joint-minus-B	23	0.0	0.0	0.0	0.0	0.0	0.0	0.0	0.0	0.0	0.0	0.0
Q01-D01-restore-joint	joint-minus-B	24	0.0	0.0	0.0	0.0	0.0	0.0	0.0	0.0	0.0	0.0	0.0
Q01-D01-restore-joint	joint-minus-B	25	0.0	0.0	0.0	0.0	0.0	0.0	0.0	0.0	0.0	0.0	0.0
Q01-D01-restore-joint	joint-minus-B	26	0.0	-6.103671431541443	-6.122523307800293	-6.103671431541443	-0.018851876258850098	-6.1414754826479285	-0.7744450028343305	0.03780632711244286	0.7555922073898369	-2.276005957202454e-06	9.191856434886958e-07
Q01-D01-restore-joint	joint-minus-B	27	-6.122523307800293	-6.394813060760498	-6.194118499755859	-0.2722897529602051	0.20069456100463867	-0.3933370574371714	-0.32860615148284256	0.12104696780004151	0.5292999825773095	3.3667692481142986e-07	7.299101716928824e-07
Q01-D01-restore-joint	joint-minus-B	28	-6.194118499755859	-6.314853668212891	-5.572024345397949	-0.12073516845703125	0.7428293228149414	-0.3261196440958818	-0.011135577443024403	0.20537962643162028	0.7539691516146962	4.849207230261943e-06	-4.251356730405886e-06
Q01-D01-restore-joint	joint-minus-B	29	-5.572024345397949	-7.146129608154297	-5.078407287597656	-1.5741052627563477	2.0677223205566406	-2.0081444035631906	1.3350258931712329	0.43404261716127884	0.7326898079554726	-3.4763544361077203e-06	6.619429935073029e-06
Q01-D01-restore-joint	joint-minus-B	30	-5.078407287597656	-5.486879348754883	-5.023296356201172	-0.40847206115722656	0.46358299255371094	-0.6959276388171345	-0.261720789537208	0.2874610535512038	0.7253007550530937	-5.475891295916857e-06	3.0270378253149932e-06
Q01-D01-restore-joint	joint-minus-B	31	-5.023296356201172	-4.792131423950195	-5.083850860595703	0.23116493225097656	-0.2917194366455078	0.0291847493432858	-0.7720968759938869	0.20197925917299767	0.4803773120969703	9.237346931048607e-07	1.2725140872971163e-07
Q01-D01-restore-joint	joint-minus-B	32	-5.083850860595703	-5.519804000854492	-7.455942153930664	-0.43595314025878906	-1.9361381530761719	-0.7462307661101306	-2.353557142146417	0.3102779404925011	0.4174205038951748	-3.1464115959889405e-07	-1.514824929493841e-06
Q01-D01-restore-joint	joint-minus-B	33	-7.455942153930664	-6.953062057495117	-6.54112434387207	0.5028800964355469	0.4119377136230469	-0.008164575776925809	-0.3427298400139003	0.5110437105607133	0.7546711651680341	9.616517594457363e-07	-3.6115310869389017e-06
Q01-D01-restore-joint	joint-minus-B	34	-6.54112434387207	-5.778728485107422	-4.291090965270996	0.7623958587646484	1.4876375198364258	0.07743845167699015	0.2751922951031007	0.684957835762756	1.2124432416172948	-4.2867509765813147e-07	1.9831160302380413e-06
Q01-D01-restore-joint	joint-minus-B	35	-4.291090965270996	-4.102753639221191	-7.525604248046875	0.1883373260498047	-3.4228506088256836	-0.13974386073964573	1.5130514445696872	0.32808098443214295	-4.935893496855849	2.023573074383389e-07	-8.556539522253104e-06
Q01-D01-restore-joint	joint-interaction	0	0.0	0.0	0.0	0.0	0.0	0.0	0.0	0.0	0.0	0.0	0.0
Q01-D01-restore-joint	joint-interaction	1	0.0	0.0	0.0	0.0	0.0	0.0	0.0	0.0	0.0	0.0	0.0
Q01-D01-restore-joint	joint-interaction	2	0.0	0.0	0.0	0.0	0.0	0.0	0.0	0.0	0.0	0.0	0.0
Q01-D01-restore-joint	joint-interaction	3	0.0	0.0	0.0	0.0	0.0	0.0	0.0	0.0	0.0	0.0	0.0
Q01-D01-restore-joint	joint-interaction	4	0.0	0.0	0.0	0.0	0.0	0.0	0.0	0.0	0.0	0.0	0.0
Q01-D01-restore-joint	joint-interaction	5	0.0	0.0	0.0	0.0	0.0	0.0	0.0	0.0	0.0	0.0	0.0
Q01-D01-restore-joint	joint-interaction	6	0.0	0.0	0.0	0.0	0.0	0.0	0.0	0.0	0.0	0.0	0.0
Q01-D01-restore-joint	joint-interaction	7	0.0	0.0	0.0	0.0	0.0	0.0	0.0	0.0	0.0	0.0	0.0
Q01-D01-restore-joint	joint-interaction	8	0.0	0.0	0.0	0.0	0.0	0.0	0.0	0.0	0.0	0.0	0.0
Q01-D01-restore-joint	joint-interaction	9	0.0	0.0	0.0	0.0	0.0	0.0	0.0	0.0	0.0	0.0	0.0
Q01-D01-restore-joint	joint-interaction	10	0.0	0.0	0.0	0.0	0.0	0.0	0.0	0.0	0.0	0.0	0.0
Q01-D01-restore-joint	joint-interaction	11	0.0	0.0	0.0	0.0	0.0	0.0	0.0	0.0	0.0	0.0	0.0
Q01-D01-restore-joint	joint-interaction	12	0.0	0.0	0.0	0.0	0.0	0.0	0.0	0.0	0.0	0.0	0.0
Q01-D01-restore-joint	joint-interaction	13	0.0	0.0	0.0	0.0	0.0	0.0	0.0	0.0	0.0	0.0	0.0
Q01-D01-restore-joint	joint-interaction	14	0.0	0.0	0.0	0.0	0.0	0.0	0.0	0.0	0.0	0.0	0.0
Q01-D01-restore-joint	joint-interaction	15	0.0	0.0	0.0	0.0	0.0	0.0	0.0	0.0	0.0	0.0	0.0
Q01-D01-restore-joint	joint-interaction	16	0.0	0.0	0.0	0.0	0.0	0.0	0.0	0.0	0.0	0.0	0.0
Q01-D01-restore-joint	joint-interaction	17	0.0	0.0	0.0	0.0	0.0	0.0	0.0	0.0	0.0	0.0	0.0
Q01-D01-restore-joint	joint-interaction	18	0.0	0.0	0.0	0.0	0.0	0.0	0.0	0.0	0.0	0.0	0.0
Q01-D01-restore-joint	joint-interaction	19	0.0	0.0	0.0	0.0	0.0	0.0	0.0	0.0	0.0	0.0	0.0
Q01-D01-restore-joint	joint-interaction	20	0.0	0.0	0.0	0.0	0.0	0.0	0.0	0.0	0.0	0.0	0.0
Q01-D01-restore-joint	joint-interaction	21	0.0	0.0	0.0	0.0	0.0	0.0	0.0	0.0	0.0	0.0	0.0
Q01-D01-restore-joint	joint-interaction	22	0.0	0.0	0.0	0.0	0.0	0.0	0.0	0.0	0.0	0.0	0.0
Q01-D01-restore-joint	joint-interaction	23	0.0	0.0	0.0	0.0	0.0	0.0	0.0	0.0	0.0	0.0	0.0
Q01-D01-restore-joint	joint-interaction	24	0.0	0.0	0.0	0.0	0.0	0.0	0.0	0.0	0.0	0.0	0.0
Q01-D01-restore-joint	joint-interaction	25	0.0	0.0	0.0	0.0	0.0	0.0	0.0	0.0	0.0	0.0	0.0
Q01-D01-restore-joint	joint-interaction	26	0.0	0.0	0.0	0.0	0.0	0.0	0.0	0.0	0.0	0.0	0.0
Q01-D01-restore-joint	joint-interaction	27	0.0	0.0	0.0	0.0	0.0	0.0	0.0	0.0	0.0	0.0	0.0
Q01-D01-restore-joint	joint-interaction	28	0.0	0.0	2.9853057861328125	0.0	2.9853057861328125	0.0	2.9895122372291087	0.0	-0.004205893221589485	0.0	-5.578747067636058e-07
Q01-D01-restore-joint	joint-interaction	29	2.9853057861328125	2.963319778442383	1.9644966125488281	-0.021986007690429688	-0.9988231658935547	0.24554433697261385	-0.7219841918159285	-0.26752923069514456	-0.27684169704051576	-1.1139678989663393e-06	2.722962889500913e-06
Q01-D01-restore-joint	joint-interaction	30	1.9644966125488281	2.051342010498047	2.3563880920410156	0.08684539794921875	0.30504608154296875	0.2351784918776625	0.5878107256335054	-0.1483287264450685	-0.28276660327940506	-4.367483375247727e-06	1.9591888683750946e-06
Q01-D01-restore-joint	joint-interaction	31	2.3563880920410156	2.358245849609375	2.594363212585449	0.001857757568359375	0.23611736297607422	0.09768059878928068	0.48534118788923586	-0.09581936363355326	-0.24923392664218594	-3.4775873680309433e-06	1.0101729024283856e-05
Q01-D01-restore-joint	joint-interaction	32	2.594363212585449	3.0933589935302734	4.156770706176758	0.4989957809448242	1.0634117126464844	0.6583295753003604	1.3299900905631001	-0.15932895781986914	-0.26658044381226015	-4.836535667018804e-06	2.0658956443875276e-06
Q01-D01-restore-joint	joint-interaction	33	4.156770706176758	3.9437828063964844	3.083587646484375	-0.21298789978027344	-0.8601951599121094	0.08118838254818017	-0.4124267499876837	-0.2941720270090823	-0.44776572377230783	-4.255319371260224e-06	-2.6861521178200842e-06
Q01-D01-restore-joint	joint-interaction	34	3.083587646484375	2.7017555236816406	2.067042350769043	-0.3818321228027344	-0.6347131729125977	-0.03126326681789293	-0.11605005204484953	-0.35057139102348267	-0.5186641961837472	2.5350386413211697e-06	1.075315998980142e-06
Q01-D01-restore-joint	joint-interaction	35	2.067042350769043	1.979445457458496	3.1410064697265625	-0.08759689331054688	1.1615610122680664	0.08424803714065959	-1.3214385701236524	-0.17184017561731502	2.483006757928055	-4.754833891451593e-06	-7.175536336223587e-06
Q01-D02-restore-joint	joint-minus-A	0	0.0	0.0	0.0	0.0	0.0	0.0	0.0	0.0	0.0	0.0	0.0
Q01-D02-restore-joint	joint-minus-A	1	0.0	0.0	0.0	0.0	0.0	0.0	0.0	0.0	0.0	0.0	0.0
Q01-D02-restore-joint	joint-minus-A	2	0.0	0.0	0.0	0.0	0.0	0.0	0.0	0.0	0.0	0.0	0.0
Q01-D02-restore-joint	joint-minus-A	3	0.0	0.0	0.0	0.0	0.0	0.0	0.0	0.0	0.0	0.0	0.0
Q01-D02-restore-joint	joint-minus-A	4	0.0	0.0	0.0	0.0	0.0	0.0	0.0	0.0	0.0	0.0	0.0
Q01-D02-restore-joint	joint-minus-A	5	0.0	0.0	0.0	0.0	0.0	0.0	0.0	0.0	0.0	0.0	0.0
Q01-D02-restore-joint	joint-minus-A	6	0.0	0.0	0.0	0.0	0.0	0.0	0.0	0.0	0.0	0.0	0.0
Q01-D02-restore-joint	joint-minus-A	7	0.0	0.0	0.0	0.0	0.0	0.0	0.0	0.0	0.0	0.0	0.0
Q01-D02-restore-joint	joint-minus-A	8	0.0	0.0	0.0	0.0	0.0	0.0	0.0	0.0	0.0	0.0	0.0
Q01-D02-restore-joint	joint-minus-A	9	0.0	0.0	0.0	0.0	0.0	0.0	0.0	0.0	0.0	0.0	0.0
Q01-D02-restore-joint	joint-minus-A	10	0.0	0.0	0.0	0.0	0.0	0.0	0.0	0.0	0.0	0.0	0.0
Q01-D02-restore-joint	joint-minus-A	11	0.0	0.0	0.0	0.0	0.0	0.0	0.0	0.0	0.0	0.0	0.0
Q01-D02-restore-joint	joint-minus-A	12	0.0	0.0	0.0	0.0	0.0	0.0	0.0	0.0	0.0	0.0	0.0
Q01-D02-restore-joint	joint-minus-A	13	0.0	0.0	0.0	0.0	0.0	0.0	0.0	0.0	0.0	0.0	0.0
Q01-D02-restore-joint	joint-minus-A	14	0.0	0.0	0.0	0.0	0.0	0.0	0.0	0.0	0.0	0.0	0.0
Q01-D02-restore-joint	joint-minus-A	15	0.0	0.0	0.0	0.0	0.0	0.0	0.0	0.0	0.0	0.0	0.0
Q01-D02-restore-joint	joint-minus-A	16	0.0	0.0	0.0	0.0	0.0	0.0	0.0	0.0	0.0	0.0	0.0
Q01-D02-restore-joint	joint-minus-A	17	0.0	0.0	0.0	0.0	0.0	0.0	0.0	0.0	0.0	0.0	0.0
Q01-D02-restore-joint	joint-minus-A	18	0.0	0.0	0.0	0.0	0.0	0.0	0.0	0.0	0.0	0.0	0.0
Q01-D02-restore-joint	joint-minus-A	19	0.0	0.0	0.0	0.0	0.0	0.0	0.0	0.0	0.0	0.0	0.0
Q01-D02-restore-joint	joint-minus-A	20	0.0	0.0	0.0	0.0	0.0	0.0	0.0	0.0	0.0	0.0	0.0
Q01-D02-restore-joint	joint-minus-A	21	0.0	0.0	0.0	0.0	0.0	0.0	0.0	0.0	0.0	0.0	0.0
Q01-D02-restore-joint	joint-minus-A	22	0.0	0.0	0.0	0.0	0.0	0.0	0.0	0.0	0.0	0.0	0.0
Q01-D02-restore-joint	joint-minus-A	23	0.0	0.0	0.0	0.0	0.0	0.0	0.0	0.0	0.0	0.0	0.0
Q01-D02-restore-joint	joint-minus-A	24	0.0	0.0	0.0	0.0	0.0	0.0	0.0	0.0	0.0	0.0	0.0
Q01-D02-restore-joint	joint-minus-A	25	0.0	0.0	0.0	0.0	0.0	0.0	0.0	0.0	0.0	0.0	0.0
Q01-D02-restore-joint	joint-minus-A	26	0.0	0.0	0.0	0.0	0.0	0.0	0.0	0.0	0.0	0.0	0.0
Q01-D02-restore-joint	joint-minus-A	27	0.0	0.0	0.0	0.0	0.0	0.0	0.0	0.0	0.0	0.0	0.0
Q01-D02-restore-joint	joint-minus-A	28	0.0	0.0	0.9425325393676758	0.0	0.9425325393676758	0.0	0.9430308836225634	0.0	-0.0004982919841645117	0.0	-5.2270723083225334e-08
Q01-D02-restore-joint	joint-minus-A	29	0.9425325393676758	1.0032377243041992	0.8793535232543945	0.06070518493652344	-0.12388420104980469	0.14596968642388308	-0.048093333451141085	-0.08526195511797963	-0.07579853337342835	-2.5463693800187315e-06	7.665774764742395e-06
Q01-D02-restore-joint	joint-minus-A	30	0.8793535232543945	1.0303678512573242	0.9641294479370117	0.1510143280029297	-0.0662384033203125	0.19276245969854955	0.07814177410680992	-0.04173860196645396	-0.14438450102657852	-9.529729165902445e-06	4.3235994560131275e-06
Q01-D02-restore-joint	joint-minus-A	31	0.9641294479370117	0.9485359191894531	0.9038715362548828	-0.015593528747558594	-0.04466438293457031	0.02649881121331034	0.06709897602341908	-0.04209124571096007	-0.11176423339054153	-1.094249908850653e-06	8.744325521448104e-07
Q01-D02-restore-joint	joint-minus-A	32	0.9038715362548828	1.8911571502685547	1.5827913284301758	0.9872856140136719	-0.3083658218383789	1.0416911884586684	-0.14807282008750278	-0.05441114754844478	-0.16028982601031216	5.573103448286432e-06	-3.1757405639654124e-06
Q01-D02-restore-joint	joint-minus-A	33	1.5827913284301758	1.5912399291992188	1.2129755020141602	0.008448600769042969	-0.3782644271850586	0.1373692942275121	-0.1723493917306233	-0.12892134933910682	-0.20591260013170176	6.558806375789317e-07	-2.435322733695955e-06
Q01-D02-restore-joint	joint-minus-A	34	1.2129755020141602	1.003678321838379	0.929713249206543	-0.20929718017578125	-0.07396507263183594	-0.03973392977312934	0.10165496009589337	-0.16956361891276006	-0.17561423246944674	3.6851010798422124e-07	-5.800258282562254e-06
Q01-D02-restore-joint	joint-minus-A	35	0.929713249206543	0.8780632019042969	2.0738906860351562	-0.051650047302246094	1.1958274841308594	0.029039979718942815	0.1318307739133744	-0.08069639868492373	1.0639958299510273	6.371663734849875e-06	8.802664588358766e-07
Q01-D02-restore-joint	joint-minus-B	0	0.0	0.0	0.0	0.0	0.0	0.0	0.0	0.0	0.0	0.0	0.0
Q01-D02-restore-joint	joint-minus-B	1	0.0	0.0	0.0	0.0	0.0	0.0	0.0	0.0	0.0	0.0	0.0
Q01-D02-restore-joint	joint-minus-B	2	0.0	0.0	0.0	0.0	0.0	0.0	0.0	0.0	0.0	0.0	0.0
Q01-D02-restore-joint	joint-minus-B	3	0.0	0.0	0.0	0.0	0.0	0.0	0.0	0.0	0.0	0.0	0.0
Q01-D02-restore-joint	joint-minus-B	4	0.0	0.0	0.0	0.0	0.0	0.0	0.0	0.0	0.0	0.0	0.0
Q01-D02-restore-joint	joint-minus-B	5	0.0	0.0	0.0	0.0	0.0	0.0	0.0	0.0	0.0	0.0	0.0
Q01-D02-restore-joint	joint-minus-B	6	0.0	0.0	0.0	0.0	0.0	0.0	0.0	0.0	0.0	0.0	0.0
Q01-D02-restore-joint	joint-minus-B	7	0.0	0.0	0.0	0.0	0.0	0.0	0.0	0.0	0.0	0.0	0.0
Q01-D02-restore-joint	joint-minus-B	8	0.0	0.0	0.0	0.0	0.0	0.0	0.0	0.0	0.0	0.0	0.0
Q01-D02-restore-joint	joint-minus-B	9	0.0	0.0	0.0	0.0	0.0	0.0	0.0	0.0	0.0	0.0	0.0
Q01-D02-restore-joint	joint-minus-B	10	0.0	0.0	0.0	0.0	0.0	0.0	0.0	0.0	0.0	0.0	0.0
Q01-D02-restore-joint	joint-minus-B	11	0.0	0.0	0.0	0.0	0.0	0.0	0.0	0.0	0.0	0.0	0.0
Q01-D02-restore-joint	joint-minus-B	12	0.0	0.0	0.0	0.0	0.0	0.0	0.0	0.0	0.0	0.0	0.0
Q01-D02-restore-joint	joint-minus-B	13	0.0	0.0	0.0	0.0	0.0	0.0	0.0	0.0	0.0	0.0	0.0
Q01-D02-restore-joint	joint-minus-B	14	0.0	0.0	0.0	0.0	0.0	0.0	0.0	0.0	0.0	0.0	0.0
Q01-D02-restore-joint	joint-minus-B	15	0.0	0.0	0.0	0.0	0.0	0.0	0.0	0.0	0.0	0.0	0.0
Q01-D02-restore-joint	joint-minus-B	16	0.0	0.0	0.0	0.0	0.0	0.0	0.0	0.0	0.0	0.0	0.0
Q01-D02-restore-joint	joint-minus-B	17	0.0	0.0	0.0	0.0	0.0	0.0	0.0	0.0	0.0	0.0	0.0
Q01-D02-restore-joint	joint-minus-B	18	0.0	0.0	0.0	0.0	0.0	0.0	0.0	0.0	0.0	0.0	0.0
Q01-D02-restore-joint	joint-minus-B	19	0.0	0.0	0.0	0.0	0.0	0.0	0.0	0.0	0.0	0.0	0.0
Q01-D02-restore-joint	joint-minus-B	20	0.0	0.0	0.0	0.0	0.0	0.0	0.0	0.0	0.0	0.0	0.0
Q01-D02-restore-joint	joint-minus-B	21	0.0	0.0	0.0	0.0	0.0	0.0	0.0	0.0	0.0	0.0	0.0
Q01-D02-restore-joint	joint-minus-B	22	0.0	0.0	0.0	0.0	0.0	0.0	0.0	0.0	0.0	0.0	0.0
Q01-D02-restore-joint	joint-minus-B	23	0.0	0.0	0.0	0.0	0.0	0.0	0.0	0.0	0.0	0.0	0.0
Q01-D02-restore-joint	joint-minus-B	24	0.0	0.0	0.0	0.0	0.0	0.0	0.0	0.0	0.0	0.0	0.0
Q01-D02-restore-joint	joint-minus-B	25	0.0	0.0	0.0	0.0	0.0	0.0	0.0	0.0	0.0	0.0	0.0
Q01-D02-restore-joint	joint-minus-B	26	0.0	1.08721262216568	1.060412883758545	1.08721262216568	-0.02679973840713501	1.109435519106725	0.09187499655489084	-0.02222169515267025	-0.11867652530963335	-1.2017883749271263e-06	1.7903476074998537e-06
Q01-D02-restore-joint	joint-minus-B	27	1.060412883758545	0.9281048774719238	0.7864856719970703	-0.1323080062866211	-0.14161920547485352	-0.12211441774879084	-0.05398960950281678	-0.010192116000672657	-0.08762888714786765	-1.4725371575985413e-06	-7.088241689157115e-07
Q01-D02-restore-joint	joint-minus-B	28	0.7864856719970703	0.7898330688476562	0.6893749237060547	0.0033473968505859375	-0.10045814514160156	0.036003034131168565	-0.006483035350810518	-0.032657960092074445	-0.09397437207705495	2.3228114918172338e-06	-7.377137360986552e-07
Q01-D02-restore-joint	joint-minus-B	29	0.6893749237060547	0.9370517730712891	0.7077903747558594	0.24767684936523438	-0.2292613983154297	0.32698123280439395	-0.16020911921145675	-0.07930111763658254	-0.06906077738997651	-3.265802577034904e-06	8.498286003577604e-06
Q01-D02-restore-joint	joint-minus-B	30	0.7077903747558594	0.7352476119995117	0.6840171813964844	0.027457237243652344	-0.051230430603027344	0.06608199599057496	0.03825089892470096	-0.03861911571364063	-0.08948295066442813	-5.643033281987897e-06	1.6211366997698207e-06
Q01-D02-restore-joint	joint-minus-B	31	0.6840171813964844	0.6712226867675781	0.5948753356933594	-0.01279449462890625	-0.07634735107421875	0.009910036775724121	-0.014062486947380215	-0.022700515038964808	-0.0622849650721633	-4.016365665548971e-06	1.0094532476578877e-07
Q01-D02-restore-joint	joint-minus-B	32	0.5948753356933594	0.8163433074951172	0.6470727920532227	0.2214679718017578	-0.16927051544189453	0.2579646143549823	-0.09731545118244789	-0.03649463028923505	-0.07195864155158138	-2.012263989437102e-06	3.577292134737675e-06
Q01-D02-restore-joint	joint-minus-B	33	0.6470727920532227	0.6262331008911133	0.5342521667480469	-0.020839691162109375	-0.0919809341430664	0.03250618024607732	-0.014905059182866665	-0.0533473837494538	-0.0770756375438808	1.5123412671069758e-06	-2.374163190488332e-07
Q01-D02-restore-joint	joint-minus-B	34	0.5342521667480469	0.4336090087890625	0.40852832794189453	-0.10064315795898438	-0.02508068084716797	-0.02245765589339599	0.04539164635044912	-0.07818723641931924	-0.07046547340531006	1.734353730631355e-06	-6.8537923070266515e-06
Q01-D02-restore-joint	joint-minus-B	35	0.40852832794189453	0.3901491165161133	0.9420585632324219	-0.01837921142578125	0.5519094467163086	0.02169009140537942	0.08132840944322584	-0.040075635601899084	0.4705841064229208	6.332770738470828e-06	-3.069149837386931e-06
Q01-D02-restore-joint	joint-interaction	0	0.0	0.0	0.0	0.0	0.0	0.0	0.0	0.0	0.0	0.0	0.0
Q01-D02-restore-joint	joint-interaction	1	0.0	0.0	0.0	0.0	0.0	0.0	0.0	0.0	0.0	0.0	0.0
Q01-D02-restore-joint	joint-interaction	2	0.0	0.0	0.0	0.0	0.0	0.0	0.0	0.0	0.0	0.0	0.0
Q01-D02-restore-joint	joint-interaction	3	0.0	0.0	0.0	0.0	0.0	0.0	0.0	0.0	0.0	0.0	0.0
Q01-D02-restore-joint	joint-interaction	4	0.0	0.0	0.0	0.0	0.0	0.0	0.0	0.0	0.0	0.0	0.0
Q01-D02-restore-joint	joint-interaction	5	0.0	0.0	0.0	0.0	0.0	0.0	0.0	0.0	0.0	0.0	0.0
Q01-D02-restore-joint	joint-interaction	6	0.0	0.0	0.0	0.0	0.0	0.0	0.0	0.0	0.0	0.0	0.0
Q01-D02-restore-joint	joint-interaction	7	0.0	0.0	0.0	0.0	0.0	0.0	0.0	0.0	0.0	0.0	0.0
Q01-D02-restore-joint	joint-interaction	8	0.0	0.0	0.0	0.0	0.0	0.0	0.0	0.0	0.0	0.0	0.0
Q01-D02-restore-joint	joint-interaction	9	0.0	0.0	0.0	0.0	0.0	0.0	0.0	0.0	0.0	0.0	0.0
Q01-D02-restore-joint	joint-interaction	10	0.0	0.0	0.0	0.0	0.0	0.0	0.0	0.0	0.0	0.0	0.0
Q01-D02-restore-joint	joint-interaction	11	0.0	0.0	0.0	0.0	0.0	0.0	0.0	0.0	0.0	0.0	0.0
Q01-D02-restore-joint	joint-interaction	12	0.0	0.0	0.0	0.0	0.0	0.0	0.0	0.0	0.0	0.0	0.0
Q01-D02-restore-joint	joint-interaction	13	0.0	0.0	0.0	0.0	0.0	0.0	0.0	0.0	0.0	0.0	0.0
Q01-D02-restore-joint	joint-interaction	14	0.0	0.0	0.0	0.0	0.0	0.0	0.0	0.0	0.0	0.0	0.0
Q01-D02-restore-joint	joint-interaction	15	0.0	0.0	0.0	0.0	0.0	0.0	0.0	0.0	0.0	0.0	0.0
Q01-D02-restore-joint	joint-interaction	16	0.0	0.0	0.0	0.0	0.0	0.0	0.0	0.0	0.0	0.0	0.0
Q01-D02-restore-joint	joint-interaction	17	0.0	0.0	0.0	0.0	0.0	0.0	0.0	0.0	0.0	0.0	0.0
Q01-D02-restore-joint	joint-interaction	18	0.0	0.0	0.0	0.0	0.0	0.0	0.0	0.0	0.0	0.0	0.0
Q01-D02-restore-joint	joint-interaction	19	0.0	0.0	0.0	0.0	0.0	0.0	0.0	0.0	0.0	0.0	0.0
Q01-D02-restore-joint	joint-interaction	20	0.0	0.0	0.0	0.0	0.0	0.0	0.0	0.0	0.0	0.0	0.0
Q01-D02-restore-joint	joint-interaction	21	0.0	0.0	0.0	0.0	0.0	0.0	0.0	0.0	0.0	0.0	0.0
Q01-D02-restore-joint	joint-interaction	22	0.0	0.0	0.0	0.0	0.0	0.0	0.0	0.0	0.0	0.0	0.0
Q01-D02-restore-joint	joint-interaction	23	0.0	0.0	0.0	0.0	0.0	0.0	0.0	0.0	0.0	0.0	0.0
Q01-D02-restore-joint	joint-interaction	24	0.0	0.0	0.0	0.0	0.0	0.0	0.0	0.0	0.0	0.0	0.0
Q01-D02-restore-joint	joint-interaction	25	0.0	0.0	0.0	0.0	0.0	0.0	0.0	0.0	0.0	0.0	0.0
Q01-D02-restore-joint	joint-interaction	26	0.0	0.0	0.0	0.0	0.0	0.0	0.0	0.0	0.0	0.0	0.0
Q01-D02-restore-joint	joint-interaction	27	0.0	0.0	0.0	0.0	0.0	0.0	0.0	0.0	0.0	0.0	0.0
Q01-D02-restore-joint	joint-interaction	28	0.0	0.0	-0.18007373809814453	0.0	-0.18007373809814453	0.0	-0.1865930341608526	0.0	0.006518749153640924	0.0	5.469090671450516e-07
Q01-D02-restore-joint	joint-interaction	29	-0.18007373809814453	-0.21010303497314453	-0.19143199920654297	-0.030029296875	0.018671035766601562	-0.04756984082789062	0.0002450428085105649	0.01755138437285364	0.018408334650420022	-1.0840419963020764e-05	1.765830767097576e-05
Q01-D02-restore-joint	joint-interaction	30	-0.19143199920654297	-0.2171039581298828	-0.22701644897460938	-0.025671958923339844	-0.009912490844726562	-0.03817919671187475	-0.03865833527375606	0.01251919005353408	0.028742304787903628	-1.1952264999171014e-05	3.53964112576044e-06
Q01-D02-restore-joint	joint-interaction	31	-0.22701644897460938	-0.22934722900390625	-0.2228403091430664	-0.002330780029296875	0.006506919860839844	-0.010118174971370394	-0.017353244271748114	0.0077881998465950675	0.023860622589700897	-8.049045215341444e-07	-4.584571129395698e-07
Q01-D02-restore-joint	joint-interaction	32	-0.2228403091430664	-0.2863140106201172	-0.30341148376464844	-0.06347370147705078	-0.01709747314453125	-0.07857770004017617	-0.0416525690797247	0.015100164431198215	0.0245558941711449	3.834131927171747e-06	-7.982359514491222e-07
Q01-D02-restore-joint	joint-interaction	33	-0.30341148376464844	-0.2974252700805664	-0.2076416015625	0.005986213684082031	0.0897836685180664	-0.013870032991281755	0.059440993244251006	0.019852749951646764	0.030343989348073697	3.4967237170224763e-06	-1.3140742585182608e-06
Q01-D02-restore-joint	joint-interaction	34	-0.2076416015625	-0.18001842498779297	-0.13697052001953125	0.02762317657470703	0.04304790496826172	0.008478940669861379	0.004479842027441228	0.019148551566525285	0.03857401035479979	-4.315661680021066e-06	-5.947413979079386e-06
Q01-D02-restore-joint	joint-interaction	35	-0.13697052001953125	-0.13363075256347656	-0.2778778076171875	0.0033397674560546875	-0.14424705505371094	-0.007841337896384498	0.054736501922089786	0.01117155954382798	-0.19898315022235025	9.54580861123322e-06	-4.0675344870066965e-07
Q02-D01-restore-joint	joint-minus-A	0	0.0	0.0	0.0	0.0	0.0	0.0	0.0	0.0	0.0	0.0	0.0
Q02-D01-restore-joint	joint-minus-A	1	0.0	0.0	0.0	0.0	0.0	0.0	0.0	0.0	0.0	0.0	0.0
Q02-D01-restore-joint	joint-minus-A	2	0.0	0.0	0.0	0.0	0.0	0.0	0.0	0.0	0.0	0.0	0.0
Q02-D01-restore-joint	joint-minus-A	3	0.0	0.0	0.0	0.0	0.0	0.0	0.0	0.0	0.0	0.0	0.0
Q02-D01-restore-joint	joint-minus-A	4	0.0	0.0	0.0	0.0	0.0	0.0	0.0	0.0	0.0	0.0	0.0
Q02-D01-restore-joint	joint-minus-A	5	0.0	0.0	0.0	0.0	0.0	0.0	0.0	0.0	0.0	0.0	0.0
Q02-D01-restore-joint	joint-minus-A	6	0.0	0.0	0.0	0.0	0.0	0.0	0.0	0.0	0.0	0.0	0.0
Q02-D01-restore-joint	joint-minus-A	7	0.0	0.0	0.0	0.0	0.0	0.0	0.0	0.0	0.0	0.0	0.0
Q02-D01-restore-joint	joint-minus-A	8	0.0	0.0	0.0	0.0	0.0	0.0	0.0	0.0	0.0	0.0	0.0
Q02-D01-restore-joint	joint-minus-A	9	0.0	0.0	0.0	0.0	0.0	0.0	0.0	0.0	0.0	0.0	0.0
Q02-D01-restore-joint	joint-minus-A	10	0.0	0.0	0.0	0.0	0.0	0.0	0.0	0.0	0.0	0.0	0.0
Q02-D01-restore-joint	joint-minus-A	11	0.0	0.0	0.0	0.0	0.0	0.0	0.0	0.0	0.0	0.0	0.0
Q02-D01-restore-joint	joint-minus-A	12	0.0	0.0	0.0	0.0	0.0	0.0	0.0	0.0	0.0	0.0	0.0
Q02-D01-restore-joint	joint-minus-A	13	0.0	0.0	0.0	0.0	0.0	0.0	0.0	0.0	0.0	0.0	0.0
Q02-D01-restore-joint	joint-minus-A	14	0.0	0.0	0.0	0.0	0.0	0.0	0.0	0.0	0.0	0.0	0.0
Q02-D01-restore-joint	joint-minus-A	15	0.0	0.0	0.0	0.0	0.0	0.0	0.0	0.0	0.0	0.0	0.0
Q02-D01-restore-joint	joint-minus-A	16	0.0	0.0	0.0	0.0	0.0	0.0	0.0	0.0	0.0	0.0	0.0
Q02-D01-restore-joint	joint-minus-A	17	0.0	0.0	0.0	0.0	0.0	0.0	0.0	0.0	0.0	0.0	0.0
Q02-D01-restore-joint	joint-minus-A	18	0.0	0.0	0.0	0.0	0.0	0.0	0.0	0.0	0.0	0.0	0.0
Q02-D01-restore-joint	joint-minus-A	19	0.0	0.0	0.0	0.0	0.0	0.0	0.0	0.0	0.0	0.0	0.0
Q02-D01-restore-joint	joint-minus-A	20	0.0	0.0	0.0	0.0	0.0	0.0	0.0	0.0	0.0	0.0	0.0
Q02-D01-restore-joint	joint-minus-A	21	0.0	0.0	0.0	0.0	0.0	0.0	0.0	0.0	0.0	0.0	0.0
Q02-D01-restore-joint	joint-minus-A	22	0.0	0.0	0.0	0.0	0.0	0.0	0.0	0.0	0.0	0.0	0.0
Q02-D01-restore-joint	joint-minus-A	23	0.0	0.0	0.0	0.0	0.0	0.0	0.0	0.0	0.0	0.0	0.0
Q02-D01-restore-joint	joint-minus-A	24	0.0	0.0	0.0	0.0	0.0	0.0	0.0	0.0	0.0	0.0	0.0
Q02-D01-restore-joint	joint-minus-A	25	0.0	0.0	0.0	0.0	0.0	0.0	0.0	0.0	0.0	0.0	0.0
Q02-D01-restore-joint	joint-minus-A	26	0.0	0.0	0.0	0.0	0.0	0.0	0.0	0.0	0.0	0.0	0.0
Q02-D01-restore-joint	joint-minus-A	27	0.0	0.0	0.0	0.0	0.0	0.0	0.0	0.0	0.0	0.0	0.0
Q02-D01-restore-joint	joint-minus-A	28	0.0	0.0	-2.0770225524902344	0.0	-2.0770225524902344	0.0	-2.0748400522161496	0.0	-0.002182235257269082	0.0	-2.650168156488608e-07
Q02-D01-restore-joint	joint-minus-A	29	-2.0770225524902344	-1.6651802062988281	-1.2023344039916992	0.41184234619140625	0.4628458023071289	0.26646596501992237	0.29880426820029227	0.14537662160729245	0.16404088506310066	-2.404358085683622e-07	6.490437359785162e-07
Q02-D01-restore-joint	joint-minus-A	30	-1.2023344039916992	-1.4809913635253906	-1.4863224029541016	-0.2786569595336914	-0.0053310394287109375	-0.3385495477399645	-0.199788897371183	0.059888179357676985	0.19446403657402517	4.408848596093584e-06	-6.178631553097058e-06
Q02-D01-restore-joint	joint-minus-A	31	-1.4863224029541016	-1.4665164947509766	-1.550938606262207	0.019805908203125	-0.08442211151123047	-0.039289421557747506	-0.22780815720730932	0.0590945874641519	0.14338431524770767	7.422967206044406e-07	1.7304483712066165e-06
Q02-D01-restore-joint	joint-minus-A	32	-1.550938606262207	-1.3692798614501953	-1.5138626098632812	0.18165874481201172	-0.14458274841308594	0.09169211932366927	-0.23457994843293806	0.08996325722104725	0.0900030215161578	3.3682672951895753e-06	-5.821496305680185e-06
Q02-D01-restore-joint	joint-minus-A	33	-1.5138626098632812	-1.4352169036865234	-1.49493408203125	0.07864570617675781	-0.05971717834472656	-0.013110240272219381	-0.19307627014509698	0.09176209587273065	0.13335336587941482	-6.149423753543104e-06	5.725920955601538e-06
Q02-D01-restore-joint	joint-minus-A	34	-1.49493408203125	-1.4336280822753906	-0.904688835144043	0.061305999755859375	0.5289392471313477	-0.09219615726286218	0.19304391695669487	0.15349916910481132	0.33589588135213044	2.987913910179607e-06	-5.511774776589817e-07
Q02-D01-restore-joint	joint-minus-A	35	-0.904688835144043	-0.8764200210571289	-1.5687599182128906	0.028268814086914062	-0.6923398971557617	-0.02318678570884275	0.5711234709704169	0.05145682993427003	-1.26345823803533	-1.2301385132196252e-06	-5.130090848126656e-06
Q02-D01-restore-joint	joint-minus-B	0	0.0	0.0	0.0	0.0	0.0	0.0	0.0	0.0	0.0	0.0	0.0
Q02-D01-restore-joint	joint-minus-B	1	0.0	0.0	0.0	0.0	0.0	0.0	0.0	0.0	0.0	0.0	0.0
Q02-D01-restore-joint	joint-minus-B	2	0.0	0.0	0.0	0.0	0.0	0.0	0.0	0.0	0.0	0.0	0.0
Q02-D01-restore-joint	joint-minus-B	3	0.0	0.0	0.0	0.0	0.0	0.0	0.0	0.0	0.0	0.0	0.0
Q02-D01-restore-joint	joint-minus-B	4	0.0	0.0	0.0	0.0	0.0	0.0	0.0	0.0	0.0	0.0	0.0
Q02-D01-restore-joint	joint-minus-B	5	0.0	0.0	0.0	0.0	0.0	0.0	0.0	0.0	0.0	0.0	0.0
Q02-D01-restore-joint	joint-minus-B	6	0.0	0.0	0.0	0.0	0.0	0.0	0.0	0.0	0.0	0.0	0.0
Q02-D01-restore-joint	joint-minus-B	7	0.0	0.0	0.0	0.0	0.0	0.0	0.0	0.0	0.0	0.0	0.0
Q02-D01-restore-joint	joint-minus-B	8	0.0	0.0	0.0	0.0	0.0	0.0	0.0	0.0	0.0	0.0	0.0
Q02-D01-restore-joint	joint-minus-B	9	0.0	0.0	0.0	0.0	0.0	0.0	0.0	0.0	0.0	0.0	0.0
Q02-D01-restore-joint	joint-minus-B	10	0.0	0.0	0.0	0.0	0.0	0.0	0.0	0.0	0.0	0.0	0.0
Q02-D01-restore-joint	joint-minus-B	11	0.0	0.0	0.0	0.0	0.0	0.0	0.0	0.0	0.0	0.0	0.0
Q02-D01-restore-joint	joint-minus-B	12	0.0	0.0	0.0	0.0	0.0	0.0	0.0	0.0	0.0	0.0	0.0
Q02-D01-restore-joint	joint-minus-B	13	0.0	0.0	0.0	0.0	0.0	0.0	0.0	0.0	0.0	0.0	0.0
Q02-D01-restore-joint	joint-minus-B	14	0.0	0.0	0.0	0.0	0.0	0.0	0.0	0.0	0.0	0.0	0.0
Q02-D01-restore-joint	joint-minus-B	15	0.0	0.0	0.0	0.0	0.0	0.0	0.0	0.0	0.0	0.0	0.0
Q02-D01-restore-joint	joint-minus-B	16	0.0	0.0	0.0	0.0	0.0	0.0	0.0	0.0	0.0	0.0	0.0
Q02-D01-restore-joint	joint-minus-B	17	0.0	0.0	0.0	0.0	0.0	0.0	0.0	0.0	0.0	0.0	0.0
Q02-D01-restore-joint	joint-minus-B	18	0.0	0.0	0.0	0.0	0.0	0.0	0.0	0.0	0.0	0.0	0.0
Q02-D01-restore-joint	joint-minus-B	19	0.0	0.0	0.0	0.0	0.0	0.0	0.0	0.0	0.0	0.0	0.0
Q02-D01-restore-joint	joint-minus-B	20	0.0	0.0	0.0	0.0	0.0	0.0	0.0	0.0	0.0	0.0	0.0
Q02-D01-restore-joint	joint-minus-B	21	0.0	0.0	0.0	0.0	0.0	0.0	0.0	0.0	0.0	0.0	0.0
Q02-D01-restore-joint	joint-minus-B	22	0.0	0.0	0.0	0.0	0.0	0.0	0.0	0.0	0.0	0.0	0.0
Q02-D01-restore-joint	joint-minus-B	23	0.0	0.0	0.0	0.0	0.0	0.0	0.0	0.0	0.0	0.0	0.0
Q02-D01-restore-joint	joint-minus-B	24	0.0	0.0	0.0	0.0	0.0	0.0	0.0	0.0	0.0	0.0	0.0
Q02-D01-restore-joint	joint-minus-B	25	0.0	0.0	0.0	0.0	0.0	0.0	0.0	0.0	0.0	0.0	0.0
Q02-D01-restore-joint	joint-minus-B	26	0.0	-4.260496139526367	-3.9699501991271973	-4.260496139526367	0.2905459403991699	-4.269591332024101	-0.2265596723231655	0.00909288448965101	0.5171077704494961	2.308008083040658e-06	-2.157727160612133e-06
Q02-D01-restore-joint	joint-minus-B	27	-3.9699501991271973	-4.197443962097168	-4.1370391845703125	-0.2274937629699707	0.06040477752685547	-0.32097623590905866	-0.2895041369335485	0.09348259317292475	0.3499106243762887	-1.2023383678949617e-07	-1.7099158847733165e-06
Q02-D01-restore-joint	joint-minus-B	28	-4.1370391845703125	-4.173714637756348	-3.6724014282226562	-0.036675453186035156	0.5013132095336914	-0.1902707900681646	-0.003715970241395361	0.15359682383679946	0.5050252475503947	-1.4869546700047032e-06	3.932224692138053e-06
Q02-D01-restore-joint	joint-minus-B	29	-3.6724014282226562	-4.747474670410156	-3.658816337585449	-1.0750732421875	1.088658332824707	-1.346094516363989	0.5943008617179436	0.27102223596989145	0.49435637154656253	-9.61793402420863e-07	1.0995602008623262e-06
Q02-D01-restore-joint	joint-minus-B	30	-3.658816337585449	-4.013439178466797	-3.572481155395508	-0.35462284088134766	0.44095802307128906	-0.5627948426810931	-0.08162120961194885	0.2081704482777464	0.5225817880820288	1.5535219990842064e-06	-2.555398790904384e-06
Q02-D01-restore-joint	joint-minus-B	31	-3.572481155395508	-3.432149887084961	-3.5114927291870117	0.14033126831054688	-0.07934284210205078	-0.005448081503521718	-0.42876437691426683	0.14578302683822966	0.3494145279672375	-3.677024161074724e-06	7.0068449785909426e-06
Q02-D01-restore-joint	joint-minus-B	32	-3.5114927291870117	-3.542888641357422	-4.716920852661133	-0.031395912170410156	-1.174032211303711	-0.24329857297810342	-1.43609696312686	0.21190314090571918	0.26206731629197955	-4.800980259109244e-07	-2.5644688304016228e-06
Q02-D01-restore-joint	joint-minus-B	33	-4.716920852661133	-4.3914337158203125	-4.132726669311523	0.3254871368408203	0.25870704650878906	-0.010970488390813188	-0.2258846765161575	0.33646170031687195	0.4845856479909264	-4.075085238475218e-06	6.075034020169845e-06
Q02-D01-restore-joint	joint-minus-B	34	-4.132726669311523	-3.6497058868408203	-2.70255184173584	0.4830207824707031	0.9471540451049805	0.03429049216217506	0.16433483594978582	0.4487324909676161	0.782816755524751	-2.2006590880141452e-06	2.453630443599586e-06
Q02-D01-restore-joint	joint-minus-B	35	-2.70255184173584	-2.5990467071533203	-4.936573028564453	0.10350513458251953	-2.337526321411133	-0.08608000085664247	0.9432714383228502	0.18958709068440205	-3.280798246419228	-1.95524524004842e-06	4.866852449936232e-07
Q02-D01-restore-joint	joint-interaction	0	0.0	0.0	0.0	0.0	0.0	0.0	0.0	0.0	0.0	0.0	0.0
Q02-D01-restore-joint	joint-interaction	1	0.0	0.0	0.0	0.0	0.0	0.0	0.0	0.0	0.0	0.0	0.0
Q02-D01-restore-joint	joint-interaction	2	0.0	0.0	0.0	0.0	0.0	0.0	0.0	0.0	0.0	0.0	0.0
Q02-D01-restore-joint	joint-interaction	3	0.0	0.0	0.0	0.0	0.0	0.0	0.0	0.0	0.0	0.0	0.0
Q02-D01-restore-joint	joint-interaction	4	0.0	0.0	0.0	0.0	0.0	0.0	0.0	0.0	0.0	0.0	0.0
Q02-D01-restore-joint	joint-interaction	5	0.0	0.0	0.0	0.0	0.0	0.0	0.0	0.0	0.0	0.0	0.0
Q02-D01-restore-joint	joint-interaction	6	0.0	0.0	0.0	0.0	0.0	0.0	0.0	0.0	0.0	0.0	0.0
Q02-D01-restore-joint	joint-interaction	7	0.0	0.0	0.0	0.0	0.0	0.0	0.0	0.0	0.0	0.0	0.0
Q02-D01-restore-joint	joint-interaction	8	0.0	0.0	0.0	0.0	0.0	0.0	0.0	0.0	0.0	0.0	0.0
Q02-D01-restore-joint	joint-interaction	9	0.0	0.0	0.0	0.0	0.0	0.0	0.0	0.0	0.0	0.0	0.0
Q02-D01-restore-joint	joint-interaction	10	0.0	0.0	0.0	0.0	0.0	0.0	0.0	0.0	0.0	0.0	0.0
Q02-D01-restore-joint	joint-interaction	11	0.0	0.0	0.0	0.0	0.0	0.0	0.0	0.0	0.0	0.0	0.0
Q02-D01-restore-joint	joint-interaction	12	0.0	0.0	0.0	0.0	0.0	0.0	0.0	0.0	0.0	0.0	0.0
Q02-D01-restore-joint	joint-interaction	13	0.0	0.0	0.0	0.0	0.0	0.0	0.0	0.0	0.0	0.0	0.0
Q02-D01-restore-joint	joint-interaction	14	0.0	0.0	0.0	0.0	0.0	0.0	0.0	0.0	0.0	0.0	0.0
Q02-D01-restore-joint	joint-interaction	15	0.0	0.0	0.0	0.0	0.0	0.0	0.0	0.0	0.0	0.0	0.0
Q02-D01-restore-joint	joint-interaction	16	0.0	0.0	0.0	0.0	0.0	0.0	0.0	0.0	0.0	0.0	0.0
Q02-D01-restore-joint	joint-interaction	17	0.0	0.0	0.0	0.0	0.0	0.0	0.0	0.0	0.0	0.0	0.0
Q02-D01-restore-joint	joint-interaction	18	0.0	0.0	0.0	0.0	0.0	0.0	0.0	0.0	0.0	0.0	0.0
Q02-D01-restore-joint	joint-interaction	19	0.0	0.0	0.0	0.0	0.0	0.0	0.0	0.0	0.0	0.0	0.0
Q02-D01-restore-joint	joint-interaction	20	0.0	0.0	0.0	0.0	0.0	0.0	0.0	0.0	0.0	0.0	0.0
Q02-D01-restore-joint	joint-interaction	21	0.0	0.0	0.0	0.0	0.0	0.0	0.0	0.0	0.0	0.0	0.0
Q02-D01-restore-joint	joint-interaction	22	0.0	0.0	0.0	0.0	0.0	0.0	0.0	0.0	0.0	0.0	0.0
Q02-D01-restore-joint	joint-interaction	23	0.0	0.0	0.0	0.0	0.0	0.0	0.0	0.0	0.0	0.0	0.0
Q02-D01-restore-joint	joint-interaction	24	0.0	0.0	0.0	0.0	0.0	0.0	0.0	0.0	0.0	0.0	0.0
Q02-D01-restore-joint	joint-interaction	25	0.0	0.0	0.0	0.0	0.0	0.0	0.0	0.0	0.0	0.0	0.0
Q02-D01-restore-joint	joint-interaction	26	0.0	0.0	0.0	0.0	0.0	0.0	0.0	0.0	0.0	0.0	0.0
Q02-D01-restore-joint	joint-interaction	27	0.0	0.0	0.0	0.0	0.0	0.0	0.0	0.0	0.0	0.0	0.0
Q02-D01-restore-joint	joint-interaction	28	0.0	0.0	1.9014625549316406	0.0	1.9014625549316406	0.0	1.8803756886477836	0.0	0.02108854299564782	0.0	-1.6767117906775486e-06
Q02-D01-restore-joint	joint-interaction	29	1.9014625549316406	1.878824234008789	1.3189592361450195	-0.022638320922851562	-0.5598649978637695	0.12844082422402248	-0.3554071384713554	-0.15108214070737727	-0.20445604141983315	2.995560503232797e-06	-1.8179725809197578e-06
Q02-D01-restore-joint	joint-interaction	30	1.3189592361450195	1.4214630126953125	1.5025291442871094	0.10250377655029297	0.08106613159179688	0.20025563211871056	0.2737365097522102	-0.09775681114377666	-0.19266470969964283	4.955575359080755e-06	-5.668460770477668e-06
Q02-D01-restore-joint	joint-interaction	31	1.5025291442871094	1.477487564086914	1.6472063064575195	-0.025041580200195312	0.16971874237060547	0.038838285019431096	0.3286862885899283	-0.06387882685210651	-0.15897280386423895	-1.0383675199034798e-06	5.257644916184523e-06
Q02-D01-restore-joint	joint-interaction	32	1.6472063064575195	1.7442760467529297	2.3587474822998047	0.09706974029541016	0.614471435546875	0.2039440738388585	0.7633889260817166	-0.10687546088509181	-0.14891205471267732	1.127341643487878e-06	-5.43582216427918e-06
Q02-D01-restore-joint	joint-interaction	33	2.3587474822998047	2.2160491943359375	1.7908058166503906	-0.1426982879638672	-0.4252433776855469	0.03433523461508134	-0.16653508239562131	-0.1770276900584562	-0.2587134322658623	-5.832520492382587e-06	5.136975936737009e-06
Q02-D01-restore-joint	joint-interaction	34	1.7908058166503906	1.5665550231933594	1.086380958557129	-0.22425079345703125	-0.48017406463623047	-0.01802753277112057	-0.17300467057596447	-0.20622383461527355	-0.30717480812798426	5.73929362836928e-07	5.4140677182706876e-06
Q02-D01-restore-joint	joint-interaction	35	1.086380958557129	1.017862319946289	1.5264549255371094	-0.06851863861083984	0.5085926055908203	0.01420745975423171	-0.7581930833942987	-0.08272149508708537	1.2667904838935913	-4.603277986181542e-06	-4.794908472049997e-06
Q02-D02-restore-joint	joint-minus-A	0	0.0	0.0	0.0	0.0	0.0	0.0	0.0	0.0	0.0	0.0	0.0
Q02-D02-restore-joint	joint-minus-A	1	0.0	0.0	0.0	0.0	0.0	0.0	0.0	0.0	0.0	0.0	0.0
Q02-D02-restore-joint	joint-minus-A	2	0.0	0.0	0.0	0.0	0.0	0.0	0.0	0.0	0.0	0.0	0.0
Q02-D02-restore-joint	joint-minus-A	3	0.0	0.0	0.0	0.0	0.0	0.0	0.0	0.0	0.0	0.0	0.0
Q02-D02-restore-joint	joint-minus-A	4	0.0	0.0	0.0	0.0	0.0	0.0	0.0	0.0	0.0	0.0	0.0
Q02-D02-restore-joint	joint-minus-A	5	0.0	0.0	0.0	0.0	0.0	0.0	0.0	0.0	0.0	0.0	0.0
Q02-D02-restore-joint	joint-minus-A	6	0.0	0.0	0.0	0.0	0.0	0.0	0.0	0.0	0.0	0.0	0.0
Q02-D02-restore-joint	joint-minus-A	7	0.0	0.0	0.0	0.0	0.0	0.0	0.0	0.0	0.0	0.0	0.0
Q02-D02-restore-joint	joint-minus-A	8	0.0	0.0	0.0	0.0	0.0	0.0	0.0	0.0	0.0	0.0	0.0
Q02-D02-restore-joint	joint-minus-A	9	0.0	0.0	0.0	0.0	0.0	0.0	0.0	0.0	0.0	0.0	0.0
Q02-D02-restore-joint	joint-minus-A	10	0.0	0.0	0.0	0.0	0.0	0.0	0.0	0.0	0.0	0.0	0.0
Q02-D02-restore-joint	joint-minus-A	11	0.0	0.0	0.0	0.0	0.0	0.0	0.0	0.0	0.0	0.0	0.0
Q02-D02-restore-joint	joint-minus-A	12	0.0	0.0	0.0	0.0	0.0	0.0	0.0	0.0	0.0	0.0	0.0
Q02-D02-restore-joint	joint-minus-A	13	0.0	0.0	0.0	0.0	0.0	0.0	0.0	0.0	0.0	0.0	0.0
Q02-D02-restore-joint	joint-minus-A	14	0.0	0.0	0.0	0.0	0.0	0.0	0.0	0.0	0.0	0.0	0.0
Q02-D02-restore-joint	joint-minus-A	15	0.0	0.0	0.0	0.0	0.0	0.0	0.0	0.0	0.0	0.0	0.0
Q02-D02-restore-joint	joint-minus-A	16	0.0	0.0	0.0	0.0	0.0	0.0	0.0	0.0	0.0	0.0	0.0
Q02-D02-restore-joint	joint-minus-A	17	0.0	0.0	0.0	0.0	0.0	0.0	0.0	0.0	0.0	0.0	0.0
Q02-D02-restore-joint	joint-minus-A	18	0.0	0.0	0.0	0.0	0.0	0.0	0.0	0.0	0.0	0.0	0.0
Q02-D02-restore-joint	joint-minus-A	19	0.0	0.0	0.0	0.0	0.0	0.0	0.0	0.0	0.0	0.0	0.0
Q02-D02-restore-joint	joint-minus-A	20	0.0	0.0	0.0	0.0	0.0	0.0	0.0	0.0	0.0	0.0	0.0
Q02-D02-restore-joint	joint-minus-A	21	0.0	0.0	0.0	0.0	0.0	0.0	0.0	0.0	0.0	0.0	0.0
Q02-D02-restore-joint	joint-minus-A	22	0.0	0.0	0.0	0.0	0.0	0.0	0.0	0.0	0.0	0.0	0.0
Q02-D02-restore-joint	joint-minus-A	23	0.0	0.0	0.0	0.0	0.0	0.0	0.0	0.0	0.0	0.0	0.0
Q02-D02-restore-joint	joint-minus-A	24	0.0	0.0	0.0	0.0	0.0	0.0	0.0	0.0	0.0	0.0	0.0
Q02-D02-restore-joint	joint-minus-A	25	0.0	0.0	0.0	0.0	0.0	0.0	0.0	0.0	0.0	0.0	0.0
Q02-D02-restore-joint	joint-minus-A	26	0.0	0.0	0.0	0.0	0.0	0.0	0.0	0.0	0.0	0.0	0.0
Q02-D02-restore-joint	joint-minus-A	27	0.0	0.0	0.0	0.0	0.0	0.0	0.0	0.0	0.0	0.0	0.0
Q02-D02-restore-joint	joint-minus-A	28	0.0	0.0	2.6770334243774414	0.0	2.6770334243774414	0.0	2.674836516743645	0.0	0.002197953097538563	0.0	-1.0454637422441238e-06
Q02-D02-restore-joint	joint-minus-A	29	2.6770334243774414	2.6275634765625	1.9483566284179688	-0.049469947814941406	-0.6792068481445312	0.1310661120795027	-0.39753065144899463	-0.18053278207162932	-0.28168160620244187	-3.2778228147845034e-06	5.409506905224015e-06
Q02-D02-restore-joint	joint-minus-A	30	1.9483566284179688	2.217996597290039	2.3476505279541016	0.2696399688720703	0.1296539306640625	0.39840297610445985	0.42895824154215045	-0.12876200287958167	-0.29930774959521955	-1.004352807851272e-06	3.438717131598601e-06
Q02-D02-restore-joint	joint-minus-A	31	2.3476505279541016	2.317686080932617	2.3646602630615234	-0.029964447021484375	0.04697418212890625	0.06681817834045384	0.2895902638603639	-0.09677366749386168	-0.24261763559137559	-8.957868076531206e-06	1.5538599179298895e-06
Q02-D02-restore-joint	joint-minus-A	32	2.3646602630615234	3.017637252807617	3.5236587524414062	0.6529769897460938	0.5060214996337891	0.7919067306159295	0.7435409849656764	-0.1389360501187248	-0.23751869961601962	6.309248889030394e-06	-7.857158677571086e-07
Q02-D02-restore-joint	joint-minus-A	33	3.5236587524414062	3.3365631103515625	2.8918838500976562	-0.18709564208984375	-0.44467926025390625	0.06753604981600131	-0.08075561322055314	-0.2546305992529165	-0.36392425940552764	-1.0926529285804065e-06	6.123721744966115e-07
Q02-D02-restore-joint	joint-minus-A	34	2.8918838500976562	2.589017868041992	1.8590755462646484	-0.30286598205566406	-0.7299423217773438	0.020770120081388177	-0.1905963022992312	-0.3236345827046512	-0.5393466794218735	-1.5194324010370241e-06	6.599437609167147e-07
Q02-D02-restore-joint	joint-minus-A	35	1.8590755462646484	1.7811260223388672	2.7478408813476562	-0.07794952392578125	0.9667148590087891	0.05755462082390894	-1.3073717275858154	-0.13550186208646733	2.2740699626211787	-2.2826632228578614e-06	1.6623973425833327e-05
Q02-D02-restore-joint	joint-minus-B	0	0.0	0.0	0.0	0.0	0.0	0.0	0.0	0.0	0.0	0.0	0.0
Q02-D02-restore-joint	joint-minus-B	1	0.0	0.0	0.0	0.0	0.0	0.0	0.0	0.0	0.0	0.0	0.0
Q02-D02-restore-joint	joint-minus-B	2	0.0	0.0	0.0	0.0	0.0	0.0	0.0	0.0	0.0	0.0	0.0
Q02-D02-restore-joint	joint-minus-B	3	0.0	0.0	0.0	0.0	0.0	0.0	0.0	0.0	0.0	0.0	0.0
Q02-D02-restore-joint	joint-minus-B	4	0.0	0.0	0.0	0.0	0.0	0.0	0.0	0.0	0.0	0.0	0.0
Q02-D02-restore-joint	joint-minus-B	5	0.0	0.0	0.0	0.0	0.0	0.0	0.0	0.0	0.0	0.0	0.0
Q02-D02-restore-joint	joint-minus-B	6	0.0	0.0	0.0	0.0	0.0	0.0	0.0	0.0	0.0	0.0	0.0
Q02-D02-restore-joint	joint-minus-B	7	0.0	0.0	0.0	0.0	0.0	0.0	0.0	0.0	0.0	0.0	0.0
Q02-D02-restore-joint	joint-minus-B	8	0.0	0.0	0.0	0.0	0.0	0.0	0.0	0.0	0.0	0.0	0.0
Q02-D02-restore-joint	joint-minus-B	9	0.0	0.0	0.0	0.0	0.0	0.0	0.0	0.0	0.0	0.0	0.0
Q02-D02-restore-joint	joint-minus-B	10	0.0	0.0	0.0	0.0	0.0	0.0	0.0	0.0	0.0	0.0	0.0
Q02-D02-restore-joint	joint-minus-B	11	0.0	0.0	0.0	0.0	0.0	0.0	0.0	0.0	0.0	0.0	0.0
Q02-D02-restore-joint	joint-minus-B	12	0.0	0.0	0.0	0.0	0.0	0.0	0.0	0.0	0.0	0.0	0.0
Q02-D02-restore-joint	joint-minus-B	13	0.0	0.0	0.0	0.0	0.0	0.0	0.0	0.0	0.0	0.0	0.0
Q02-D02-restore-joint	joint-minus-B	14	0.0	0.0	0.0	0.0	0.0	0.0	0.0	0.0	0.0	0.0	0.0
Q02-D02-restore-joint	joint-minus-B	15	0.0	0.0	0.0	0.0	0.0	0.0	0.0	0.0	0.0	0.0	0.0
Q02-D02-restore-joint	joint-minus-B	16	0.0	0.0	0.0	0.0	0.0	0.0	0.0	0.0	0.0	0.0	0.0
Q02-D02-restore-joint	joint-minus-B	17	0.0	0.0	0.0	0.0	0.0	0.0	0.0	0.0	0.0	0.0	0.0
Q02-D02-restore-joint	joint-minus-B	18	0.0	0.0	0.0	0.0	0.0	0.0	0.0	0.0	0.0	0.0	0.0
Q02-D02-restore-joint	joint-minus-B	19	0.0	0.0	0.0	0.0	0.0	0.0	0.0	0.0	0.0	0.0	0.0
Q02-D02-restore-joint	joint-minus-B	20	0.0	0.0	0.0	0.0	0.0	0.0	0.0	0.0	0.0	0.0	0.0
Q02-D02-restore-joint	joint-minus-B	21	0.0	0.0	0.0	0.0	0.0	0.0	0.0	0.0	0.0	0.0	0.0
Q02-D02-restore-joint	joint-minus-B	22	0.0	0.0	0.0	0.0	0.0	0.0	0.0	0.0	0.0	0.0	0.0
Q02-D02-restore-joint	joint-minus-B	23	0.0	0.0	0.0	0.0	0.0	0.0	0.0	0.0	0.0	0.0	0.0
Q02-D02-restore-joint	joint-minus-B	24	0.0	0.0	0.0	0.0	0.0	0.0	0.0	0.0	0.0	0.0	0.0
Q02-D02-restore-joint	joint-minus-B	25	0.0	0.0	0.0	0.0	0.0	0.0	0.0	0.0	0.0	0.0	0.0
Q02-D02-restore-joint	joint-minus-B	26	0.0	4.020841598510742	3.8141798973083496	4.020841598510742	-0.20666170120239258	4.047883754260608	0.28227131642515035	-0.027040307302437894	-0.4889351611418331	-1.848447428676181e-06	2.143514290064985e-06
Q02-D02-restore-joint	joint-minus-B	27	3.8141798973083496	3.914529323577881	3.753927707672119	0.10034942626953125	-0.16060161590576172	0.17891857107722753	0.16445342139977254	-0.07856672003060555	-0.3250559787185666	-2.4247770907259714e-06	9.414130323626146e-07
Q02-D02-restore-joint	joint-minus-B	28	3.753927707672119	3.7953643798828125	3.3438549041748047	0.04143667221069336	-0.4515094757080078	0.17859229249465924	-0.00038493627612612435	-0.1371533643923655	-0.4511265383815017	-2.2558916003834195e-06	1.9989496199968038e-06
Q02-D02-restore-joint	joint-minus-B	29	3.3438549041748047	4.463666915893555	3.358640670776367	1.11981201171875	-1.1050262451171875	1.3585616952001294	-0.6341047789703691	-0.23874695298600887	-0.4709241440521189	-2.7304953705009627e-06	2.6779053005007714e-06
Q02-D02-restore-joint	joint-minus-B	30	3.358640670776367	3.638914108276367	3.326091766357422	0.2802734375	-0.3128223419189453	0.4998775169697969	0.15790281524319583	-0.21960247267060617	-0.47073075123879055	-1.6067991906879367e-06	5.5940766494066985e-06
Q02-D02-restore-joint	joint-minus-B	31	3.326091766357422	3.2652626037597656	3.2814884185791016	-0.06082916259765625	0.016225814819335938	0.07348104202511224	0.35431932618599504	-0.1343050194257679	-0.3380911271451976	-5.185197000615038e-06	-2.3842214614822055e-06
Q02-D02-restore-joint	joint-minus-B	32	3.2814884185791016	3.290651321411133	4.662082672119141	0.00916290283203125	1.3714313507080078	0.20671512727658303	1.6265579362580365	-0.19756006314341112	-0.2551241953706345	7.838698859355397e-06	-2.3901793941294436e-06
Q02-D02-restore-joint	joint-minus-B	33	4.662082672119141	4.330610275268555	3.85626220703125	-0.33147239685058594	-0.4743480682373047	0.0060134605119007145	0.0008615956689908	-0.3374841631583576	-0.4752128049118396	-1.6942041290435306e-06	3.1410055440772577e-06
Q02-D02-restore-joint	joint-minus-B	34	3.85626220703125	3.3679866790771484	2.537099838256836	-0.48827552795410156	-0.8308868408203125	-0.05726140964776488	-0.1346314205428918	-0.43100668307080364	-0.6962610748281298	-7.4352355330375985e-06	5.654550709111028e-06
Q02-D02-restore-joint	joint-minus-B	35	2.537099838256836	2.4553213119506836	4.28753662109375	-0.08177852630615234	1.8322153091430664	0.10898694989016527	-1.3692901492352347	-0.19076673196187668	3.2014947217256986	1.2557655590661465e-06	1.0736652602982844e-05
Q02-D02-restore-joint	joint-interaction	0	0.0	0.0	0.0	0.0	0.0	0.0	0.0	0.0	0.0	0.0	0.0
Q02-D02-restore-joint	joint-interaction	1	0.0	0.0	0.0	0.0	0.0	0.0	0.0	0.0	0.0	0.0	0.0
Q02-D02-restore-joint	joint-interaction	2	0.0	0.0	0.0	0.0	0.0	0.0	0.0	0.0	0.0	0.0	0.0
Q02-D02-restore-joint	joint-interaction	3	0.0	0.0	0.0	0.0	0.0	0.0	0.0	0.0	0.0	0.0	0.0
Q02-D02-restore-joint	joint-interaction	4	0.0	0.0	0.0	0.0	0.0	0.0	0.0	0.0	0.0	0.0	0.0
Q02-D02-restore-joint	joint-interaction	5	0.0	0.0	0.0	0.0	0.0	0.0	0.0	0.0	0.0	0.0	0.0
Q02-D02-restore-joint	joint-interaction	6	0.0	0.0	0.0	0.0	0.0	0.0	0.0	0.0	0.0	0.0	0.0
Q02-D02-restore-joint	joint-interaction	7	0.0	0.0	0.0	0.0	0.0	0.0	0.0	0.0	0.0	0.0	0.0
Q02-D02-restore-joint	joint-interaction	8	0.0	0.0	0.0	0.0	0.0	0.0	0.0	0.0	0.0	0.0	0.0
Q02-D02-restore-joint	joint-interaction	9	0.0	0.0	0.0	0.0	0.0	0.0	0.0	0.0	0.0	0.0	0.0
Q02-D02-restore-joint	joint-interaction	10	0.0	0.0	0.0	0.0	0.0	0.0	0.0	0.0	0.0	0.0	0.0
Q02-D02-restore-joint	joint-interaction	11	0.0	0.0	0.0	0.0	0.0	0.0	0.0	0.0	0.0	0.0	0.0
Q02-D02-restore-joint	joint-interaction	12	0.0	0.0	0.0	0.0	0.0	0.0	0.0	0.0	0.0	0.0	0.0
Q02-D02-restore-joint	joint-interaction	13	0.0	0.0	0.0	0.0	0.0	0.0	0.0	0.0	0.0	0.0	0.0
Q02-D02-restore-joint	joint-interaction	14	0.0	0.0	0.0	0.0	0.0	0.0	0.0	0.0	0.0	0.0	0.0
Q02-D02-restore-joint	joint-interaction	15	0.0	0.0	0.0	0.0	0.0	0.0	0.0	0.0	0.0	0.0	0.0
Q02-D02-restore-joint	joint-interaction	16	0.0	0.0	0.0	0.0	0.0	0.0	0.0	0.0	0.0	0.0	0.0
Q02-D02-restore-joint	joint-interaction	17	0.0	0.0	0.0	0.0	0.0	0.0	0.0	0.0	0.0	0.0	0.0
Q02-D02-restore-joint	joint-interaction	18	0.0	0.0	0.0	0.0	0.0	0.0	0.0	0.0	0.0	0.0	0.0
Q02-D02-restore-joint	joint-interaction	19	0.0	0.0	0.0	0.0	0.0	0.0	0.0	0.0	0.0	0.0	0.0
Q02-D02-restore-joint	joint-interaction	20	0.0	0.0	0.0	0.0	0.0	0.0	0.0	0.0	0.0	0.0	0.0
Q02-D02-restore-joint	joint-interaction	21	0.0	0.0	0.0	0.0	0.0	0.0	0.0	0.0	0.0	0.0	0.0
Q02-D02-restore-joint	joint-interaction	22	0.0	0.0	0.0	0.0	0.0	0.0	0.0	0.0	0.0	0.0	0.0
Q02-D02-restore-joint	joint-interaction	23	0.0	0.0	0.0	0.0	0.0	0.0	0.0	0.0	0.0	0.0	0.0
Q02-D02-restore-joint	joint-interaction	24	0.0	0.0	0.0	0.0	0.0	0.0	0.0	0.0	0.0	0.0	0.0
Q02-D02-restore-joint	joint-interaction	25	0.0	0.0	0.0	0.0	0.0	0.0	0.0	0.0	0.0	0.0	0.0
Q02-D02-restore-joint	joint-interaction	26	0.0	0.0	0.0	0.0	0.0	0.0	0.0	0.0	0.0	0.0	0.0
Q02-D02-restore-joint	joint-interaction	27	0.0	0.0	0.0	0.0	0.0	0.0	0.0	0.0	0.0	0.0	0.0
Q02-D02-restore-joint	joint-interaction	28	0.0	0.0	-1.8021364212036133	0.0	-1.8021364212036133	0.0	-1.8067323658105332	0.0	0.0045972700008456435	0.0	-1.3253939256108183e-06
Q02-D02-restore-joint	joint-interaction	29	-1.8021364212036133	-1.6090831756591797	-1.2169055938720703	0.1930532455444336	0.3921775817871094	0.046031040061073725	0.22861598536932443	0.1470269949611066	0.16355434815233394	-4.789477746722226e-06	7.248265450975067e-06
Q02-D02-restore-joint	joint-interaction	30	-1.2169055938720703	-1.245492935180664	-1.2410469055175781	-0.02858734130859375	0.0044460296630859375	-0.09341860936355406	-0.1595317727508292	0.06483128667430388	0.16397746385756323	-1.861934354006195e-08	3.385563518872037e-07
Q02-D02-restore-joint	joint-interaction	31	-1.2410469055175781	-1.1882305145263672	-1.3755474090576172	0.05281639099121094	-0.18731689453125	0.000565293659144761	-0.30474742377370545	0.05225746455840302	0.11743107877495998	-6.367226336859155e-06	-5.4953250458456e-07
Q02-D02-restore-joint	joint-interaction	32	-1.3755474090576172	-1.1449298858642578	-1.6218986511230469	0.23061752319335938	-0.47696876525878906	0.1400218476859738	-0.5539537153797736	0.09058402811314006	0.07698592175029756	1.1647394245486997e-05	-9.716293130623832e-07
Q02-D02-restore-joint	joint-interaction	33	-1.6218986511230469	-1.5291481018066406	-1.3518829345703125	0.09275054931640625	0.17726516723632812	-0.02912630486946355	0.012890260294321054	0.12188510241277783	0.16437119945508472	-8.248226908091905e-06	3.707486922271963e-06
Q02-D02-restore-joint	joint-interaction	34	-1.3518829345703125	-1.2056083679199219	-0.6729316711425781	0.14627456665039062	0.5326766967773438	0.0015824288071071835	0.2607462344061515	0.14469453209805438	0.2719277203688847	-2.3942547708599715e-06	2.7420023074875566e-06
Q02-D02-restore-joint	joint-interaction	35	-0.6729316711425781	-0.6379413604736328	-1.2158241271972656	0.03499031066894531	-0.5778827667236328	-0.002594579503163219	0.16017632650367108	0.037589192857862025	-0.7380750004800407	-4.302685753493352e-06	1.5907252737701327e-05
