{
  "best_global_step": 200,
  "best_metric": 0.774214005487217,
  "best_model_checkpoint": "/workspace/two_step/step2/classfication/is_hate_model/3/checkpoint-200",
  "epoch": 1.1111111111111112,
  "eval_steps": 100,
  "global_step": 200,
  "is_hyper_param_search": false,
  "is_local_process_zero": true,
  "is_world_process_zero": true,
  "log_history": [
    {
      "epoch": 0.5555555555555556,
      "grad_norm": 4.728347301483154,
      "learning_rate": 1.8900000000000002e-05,
      "loss": 0.6051,
      "step": 100
    },
    {
      "epoch": 0.5555555555555556,
      "eval_accuracy": 0.7708333333333334,
      "eval_f1": 0.7580727874276262,
      "eval_loss": 0.5069299340248108,
      "eval_runtime": 21.0105,
      "eval_samples_per_second": 34.269,
      "eval_steps_per_second": 8.567,
      "step": 100
    },
    {
      "epoch": 1.1111111111111112,
      "grad_norm": 10.963662147521973,
      "learning_rate": 1.778888888888889e-05,
      "loss": 0.4828,
      "step": 200
    },
    {
      "epoch": 1.1111111111111112,
      "eval_accuracy": 0.7736111111111111,
      "eval_f1": 0.774214005487217,
      "eval_loss": 0.577100396156311,
      "eval_runtime": 21.0117,
      "eval_samples_per_second": 34.267,
      "eval_steps_per_second": 8.567,
      "step": 200
    }
  ],
  "logging_steps": 100,
  "max_steps": 1800,
  "num_input_tokens_seen": 0,
  "num_train_epochs": 10,
  "save_steps": 100,
  "stateful_callbacks": {
    "TrainerControl": {
      "args": {
        "should_epoch_stop": false,
        "should_evaluate": false,
        "should_log": false,
        "should_save": true,
        "should_training_stop": false
      },
      "attributes": {}
    }
  },
  "total_flos": 1491090181324800.0,
  "train_batch_size": 16,
  "trial_name": null,
  "trial_params": null
}
