{
  "best_global_step": 100,
  "best_metric": 0.777941103198946,
  "best_model_checkpoint": "./two_step/step2/classfication/is_hate_model/3/checkpoint-100",
  "epoch": 2.2222222222222223,
  "eval_steps": 100,
  "global_step": 200,
  "is_hyper_param_search": false,
  "is_local_process_zero": true,
  "is_world_process_zero": true,
  "log_history": [
    {
      "epoch": 1.1111111111111112,
      "grad_norm": 5.34714937210083,
      "learning_rate": 1.926666666666667e-05,
      "loss": 0.5581,
      "step": 100
    },
    {
      "epoch": 1.1111111111111112,
      "eval_accuracy": 0.7763888888888889,
      "eval_f1": 0.777941103198946,
      "eval_loss": 0.49745842814445496,
      "eval_runtime": 7.8329,
      "eval_samples_per_second": 91.92,
      "eval_steps_per_second": 5.745,
      "step": 100
    },
    {
      "epoch": 2.2222222222222223,
      "grad_norm": 6.50587797164917,
      "learning_rate": 1.8525925925925928e-05,
      "loss": 0.2629,
      "step": 200
    },
    {
      "epoch": 2.2222222222222223,
      "eval_accuracy": 0.7736111111111111,
      "eval_f1": 0.7756578517210839,
      "eval_loss": 0.7580277919769287,
      "eval_runtime": 7.7095,
      "eval_samples_per_second": 93.391,
      "eval_steps_per_second": 5.837,
      "step": 200
    }
  ],
  "logging_steps": 100,
  "max_steps": 2700,
  "num_input_tokens_seen": 0,
  "num_train_epochs": 30,
  "save_steps": 100,
  "stateful_callbacks": {
    "TrainerControl": {
      "args": {
        "should_epoch_stop": false,
        "should_evaluate": false,
        "should_log": false,
        "should_save": true,
        "should_training_stop": false
      },
      "attributes": {}
    }
  },
  "total_flos": 5020780219929600.0,
  "train_batch_size": 32,
  "trial_name": null,
  "trial_params": null
}
