{
  "best_global_step": 200,
  "best_metric": 0.8015255622423993,
  "best_model_checkpoint": "/workspace/two_step/step2/classfication/hate_type_model/checkpoint-200",
  "epoch": 1.4598540145985401,
  "eval_steps": 100,
  "global_step": 200,
  "is_hyper_param_search": false,
  "is_local_process_zero": true,
  "is_world_process_zero": true,
  "log_history": [
    {
      "epoch": 0.7299270072992701,
      "grad_norm": 11.077796936035156,
      "learning_rate": 1.971094890510949e-05,
      "loss": 1.0868,
      "step": 100
    },
    {
      "epoch": 0.7299270072992701,
      "eval_accuracy": 0.8149606299212598,
      "eval_f1": 0.7978024421288461,
      "eval_loss": 0.5664236545562744,
      "eval_runtime": 3.6219,
      "eval_samples_per_second": 70.129,
      "eval_steps_per_second": 17.67,
      "step": 100
    },
    {
      "epoch": 1.4598540145985401,
      "grad_norm": 11.746583938598633,
      "learning_rate": 1.9418978102189783e-05,
      "loss": 0.45,
      "step": 200
    },
    {
      "epoch": 1.4598540145985401,
      "eval_accuracy": 0.7992125984251969,
      "eval_f1": 0.8015255622423993,
      "eval_loss": 0.6443074345588684,
      "eval_runtime": 3.6375,
      "eval_samples_per_second": 69.829,
      "eval_steps_per_second": 17.595,
      "step": 200
    }
  ],
  "logging_steps": 100,
  "max_steps": 6850,
  "num_input_tokens_seen": 0,
  "num_train_epochs": 50,
  "save_steps": 100,
  "stateful_callbacks": {
    "TrainerControl": {
      "args": {
        "should_epoch_stop": false,
        "should_evaluate": false,
        "should_log": false,
        "should_save": true,
        "should_training_stop": false
      },
      "attributes": {}
    }
  },
  "total_flos": 745552647782400.0,
  "train_batch_size": 16,
  "trial_name": null,
  "trial_params": null
}
