{
  "info": null,
  "metrics": {
    "f1_hard": 0.2663333333333334,
    "f1_soft": 0.4971666666666665,
    "f1_avg": 0.38175
  }
}