{
  "info": {
    "model": "qwen2-7b-instruct-ft-202504250045-215b",
    "shot_num": 0,
    "seed": 23333333,
    "usage": {
      "completion_tokens": 1200,
      "prompt_tokens": 69098,
      "total_tokens": 70298
    }
  },
  "metrics": {
    "f1_hard": 0.21333333333333332,
    "f1_soft": 0.4129166666666667,
    "f1_avg": 0.313125
  }
}