{
  "info": {
    "model": "qwen2.5-7b-instruct-ft-202504242138-24f6",
    "shot_num": 0,
    "seed": 23333333,
    "usage": {
      "completion_tokens": 1317,
      "prompt_tokens": 77276,
      "total_tokens": 78593
    }
  },
  "metrics": {
    "f1_hard": 0.2200833333333334,
    "f1_soft": 0.4109166666666667,
    "f1_avg": 0.31550000000000006
  }
}