{
  "info": {
    "model": "qwen2.5-7b-instruct-ft-202504241159-2187",
    "shot_num": 0,
    "seed": 23333333,
    "usage": {
      "completion_tokens": 1200,
      "prompt_tokens": 69063,
      "total_tokens": 70263
    }
  },
  "metrics": {
    "f1_hard": 0.2645833333333334,
    "f1_soft": 0.48208333333333314,
    "f1_avg": 0.3733333333333333
  }
}