{
  "info": {
    "model": "qwen2.5-7b-instruct-ft-202504240006-d921",
    "shot_num": 0,
    "seed": 23333333,
    "usage": {
      "completion_tokens": 1206,
      "prompt_tokens": 69584,
      "total_tokens": 70790
    }
  },
  "metrics": {
    "f1_hard": 0.24416666666666667,
    "f1_soft": 0.4391666666666666,
    "f1_avg": 0.3416666666666666
  }
}