condition_id	query_id	query_short_id	family_id	lexicon_arm	demo_arm	condition_group	lexicon_ids	demo_ids	demo_answers	focal_relation_dimension	foreground_relation_proposal	foreground_focal_word	qwen8b_prompt_sha256	human_adoption	eligible_for_GPU	construction_stratum
CMAD-HP-Q1-L0-D0	CMAD-HP-Q1	HP-Q1	CMAD-HP	L0	D0	core	[]	[]	[]	semantic_reference_fit			77b1ebfdf9d1038761e21b087a9d2ca4c9fc0005c4af124da3644f2290ee8e3d	"{""decision_id"": ""CMAD-review-01"", ""authorship"": ""ai"", ""review_kind"": ""human_with_ai"", ""adoption"": ""bulk"", ""decision_ref"": {""path"": ""docs/research/experiment-plans/cross-model-applicability-v1/feedback-01.json"", ""sha256"": ""c229c9520bfe71dcf93ed89fa315835601390d3b73132662b7af27a6ad81d18f""}, ""recorded_at"": ""2026-09-17T18:10:11.377352+00:00""}"	False	A_fixed_insult
CMAD-HP-Q1-L0-D11	CMAD-HP-Q1	HP-Q1	CMAD-HP	L0	D11	core	[]	"[""CMAD-HP-D-L-P"", ""CMAD-HP-D-ANCHOR""]"	"[""有"", ""无""]"	semantic_reference_fit	direct	present	cbf13178e1b7340a9790672ad8d5529a456f7071aebcf10a04d395452f0781a0	"{""decision_id"": ""CMAD-review-01"", ""authorship"": ""ai"", ""review_kind"": ""human_with_ai"", ""adoption"": ""bulk"", ""decision_ref"": {""path"": ""docs/research/experiment-plans/cross-model-applicability-v1/feedback-01.json"", ""sha256"": ""c229c9520bfe71dcf93ed89fa315835601390d3b73132662b7af27a6ad81d18f""}, ""recorded_at"": ""2026-09-17T18:10:11.377352+00:00""}"	False	A_fixed_insult
CMAD-HP-Q1-L0-D10	CMAD-HP-Q1	HP-Q1	CMAD-HP	L0	D10	core	[]	"[""CMAD-HP-D-L-A"", ""CMAD-HP-D-ANCHOR""]"	"[""有"", ""无""]"	semantic_reference_fit	direct	absent	fd295da8e9586fffc2daf2bd18cb9d3b58937731b39cd2f09cf89ee076947156	"{""decision_id"": ""CMAD-review-01"", ""authorship"": ""ai"", ""review_kind"": ""human_with_ai"", ""adoption"": ""bulk"", ""decision_ref"": {""path"": ""docs/research/experiment-plans/cross-model-applicability-v1/feedback-01.json"", ""sha256"": ""c229c9520bfe71dcf93ed89fa315835601390d3b73132662b7af27a6ad81d18f""}, ""recorded_at"": ""2026-09-17T18:10:11.377352+00:00""}"	False	A_fixed_insult
CMAD-HP-Q1-L0-D01	CMAD-HP-Q1	HP-Q1	CMAD-HP	L0	D01	core	[]	"[""CMAD-HP-D-F-P"", ""CMAD-HP-D-ANCHOR""]"	"[""有"", ""无""]"	semantic_reference_fit	none	present	fcf0f9cb485a6a0f7ffe6e9ab949f543002aeec626eccbcc4c6a08753da65270	"{""decision_id"": ""CMAD-review-01"", ""authorship"": ""ai"", ""review_kind"": ""human_with_ai"", ""adoption"": ""bulk"", ""decision_ref"": {""path"": ""docs/research/experiment-plans/cross-model-applicability-v1/feedback-01.json"", ""sha256"": ""c229c9520bfe71dcf93ed89fa315835601390d3b73132662b7af27a6ad81d18f""}, ""recorded_at"": ""2026-09-17T18:10:11.377352+00:00""}"	False	A_fixed_insult
CMAD-HP-Q1-L0-D00	CMAD-HP-Q1	HP-Q1	CMAD-HP	L0	D00	core	[]	"[""CMAD-HP-D-F-A"", ""CMAD-HP-D-ANCHOR""]"	"[""有"", ""无""]"	semantic_reference_fit	none	absent	eb8667acc103754e1408e0470107765ff373d82833442a4f2b2096938b3da48b	"{""decision_id"": ""CMAD-review-01"", ""authorship"": ""ai"", ""review_kind"": ""human_with_ai"", ""adoption"": ""bulk"", ""decision_ref"": {""path"": ""docs/research/experiment-plans/cross-model-applicability-v1/feedback-01.json"", ""sha256"": ""c229c9520bfe71dcf93ed89fa315835601390d3b73132662b7af27a6ad81d18f""}, ""recorded_at"": ""2026-09-17T18:10:11.377352+00:00""}"	False	A_fixed_insult
CMAD-HP-Q1-L1-D0	CMAD-HP-Q1	HP-Q1	CMAD-HP	L1	D0	core	"[""CMAD-HP-L1""]"	[]	[]	semantic_reference_fit			d6054f8641dfa70f6ac1938f10cc7faa3dcf60cb05e4465e17509afd19e7e8da	"{""decision_id"": ""CMAD-review-01"", ""authorship"": ""ai"", ""review_kind"": ""human_with_ai"", ""adoption"": ""bulk"", ""decision_ref"": {""path"": ""docs/research/experiment-plans/cross-model-applicability-v1/feedback-01.json"", ""sha256"": ""c229c9520bfe71dcf93ed89fa315835601390d3b73132662b7af27a6ad81d18f""}, ""recorded_at"": ""2026-09-17T18:10:11.377352+00:00""}"	False	A_fixed_insult
CMAD-HP-Q1-L1-D11	CMAD-HP-Q1	HP-Q1	CMAD-HP	L1	D11	core	"[""CMAD-HP-L1""]"	"[""CMAD-HP-D-L-P"", ""CMAD-HP-D-ANCHOR""]"	"[""有"", ""无""]"	semantic_reference_fit	direct	present	b7dad3547c823ab3515b19bda7be910daebb42bb30426efde1114c0ee2f8ae28	"{""decision_id"": ""CMAD-review-01"", ""authorship"": ""ai"", ""review_kind"": ""human_with_ai"", ""adoption"": ""bulk"", ""decision_ref"": {""path"": ""docs/research/experiment-plans/cross-model-applicability-v1/feedback-01.json"", ""sha256"": ""c229c9520bfe71dcf93ed89fa315835601390d3b73132662b7af27a6ad81d18f""}, ""recorded_at"": ""2026-09-17T18:10:11.377352+00:00""}"	False	A_fixed_insult
CMAD-HP-Q1-L1-D10	CMAD-HP-Q1	HP-Q1	CMAD-HP	L1	D10	core	"[""CMAD-HP-L1""]"	"[""CMAD-HP-D-L-A"", ""CMAD-HP-D-ANCHOR""]"	"[""有"", ""无""]"	semantic_reference_fit	direct	absent	d18c326bdd18be7826e06f5968b168fd8d6e80b41273a0bfecc411114842d032	"{""decision_id"": ""CMAD-review-01"", ""authorship"": ""ai"", ""review_kind"": ""human_with_ai"", ""adoption"": ""bulk"", ""decision_ref"": {""path"": ""docs/research/experiment-plans/cross-model-applicability-v1/feedback-01.json"", ""sha256"": ""c229c9520bfe71dcf93ed89fa315835601390d3b73132662b7af27a6ad81d18f""}, ""recorded_at"": ""2026-09-17T18:10:11.377352+00:00""}"	False	A_fixed_insult
CMAD-HP-Q1-L1-D01	CMAD-HP-Q1	HP-Q1	CMAD-HP	L1	D01	core	"[""CMAD-HP-L1""]"	"[""CMAD-HP-D-F-P"", ""CMAD-HP-D-ANCHOR""]"	"[""有"", ""无""]"	semantic_reference_fit	none	present	782405eb839b1452e464eda153230cb9898fcbd466774f1261c44982903ca0f7	"{""decision_id"": ""CMAD-review-01"", ""authorship"": ""ai"", ""review_kind"": ""human_with_ai"", ""adoption"": ""bulk"", ""decision_ref"": {""path"": ""docs/research/experiment-plans/cross-model-applicability-v1/feedback-01.json"", ""sha256"": ""c229c9520bfe71dcf93ed89fa315835601390d3b73132662b7af27a6ad81d18f""}, ""recorded_at"": ""2026-09-17T18:10:11.377352+00:00""}"	False	A_fixed_insult
CMAD-HP-Q1-L1-D00	CMAD-HP-Q1	HP-Q1	CMAD-HP	L1	D00	core	"[""CMAD-HP-L1""]"	"[""CMAD-HP-D-F-A"", ""CMAD-HP-D-ANCHOR""]"	"[""有"", ""无""]"	semantic_reference_fit	none	absent	124a66f6f66fcd94005f78648ddf06714e8860f81bf8c88499d714d4ba50ce9c	"{""decision_id"": ""CMAD-review-01"", ""authorship"": ""ai"", ""review_kind"": ""human_with_ai"", ""adoption"": ""bulk"", ""decision_ref"": {""path"": ""docs/research/experiment-plans/cross-model-applicability-v1/feedback-01.json"", ""sha256"": ""c229c9520bfe71dcf93ed89fa315835601390d3b73132662b7af27a6ad81d18f""}, ""recorded_at"": ""2026-09-17T18:10:11.377352+00:00""}"	False	A_fixed_insult
CMAD-HP-Q1-L2-D0	CMAD-HP-Q1	HP-Q1	CMAD-HP	L2	D0	core	"[""CMAD-HP-L2""]"	[]	[]	semantic_reference_fit			7d094e0b3f6d41d0460b666d1a407646392abddbfbef95a5dfdd315a5b269640	"{""decision_id"": ""CMAD-review-01"", ""authorship"": ""ai"", ""review_kind"": ""human_with_ai"", ""adoption"": ""bulk"", ""decision_ref"": {""path"": ""docs/research/experiment-plans/cross-model-applicability-v1/feedback-01.json"", ""sha256"": ""c229c9520bfe71dcf93ed89fa315835601390d3b73132662b7af27a6ad81d18f""}, ""recorded_at"": ""2026-09-17T18:10:11.377352+00:00""}"	False	A_fixed_insult
CMAD-HP-Q1-L2-D11	CMAD-HP-Q1	HP-Q1	CMAD-HP	L2	D11	core	"[""CMAD-HP-L2""]"	"[""CMAD-HP-D-L-P"", ""CMAD-HP-D-ANCHOR""]"	"[""有"", ""无""]"	semantic_reference_fit	direct	present	3c2354e4800f3614542ad291a550b82a3f3e7f1f675abfd3749a4698331e102b	"{""decision_id"": ""CMAD-review-01"", ""authorship"": ""ai"", ""review_kind"": ""human_with_ai"", ""adoption"": ""bulk"", ""decision_ref"": {""path"": ""docs/research/experiment-plans/cross-model-applicability-v1/feedback-01.json"", ""sha256"": ""c229c9520bfe71dcf93ed89fa315835601390d3b73132662b7af27a6ad81d18f""}, ""recorded_at"": ""2026-09-17T18:10:11.377352+00:00""}"	False	A_fixed_insult
CMAD-HP-Q1-L2-D10	CMAD-HP-Q1	HP-Q1	CMAD-HP	L2	D10	core	"[""CMAD-HP-L2""]"	"[""CMAD-HP-D-L-A"", ""CMAD-HP-D-ANCHOR""]"	"[""有"", ""无""]"	semantic_reference_fit	direct	absent	283803690d9b136ddd9d2ec238aa5e4a4981bfd6426799e3dbbd5cd6acd12f92	"{""decision_id"": ""CMAD-review-01"", ""authorship"": ""ai"", ""review_kind"": ""human_with_ai"", ""adoption"": ""bulk"", ""decision_ref"": {""path"": ""docs/research/experiment-plans/cross-model-applicability-v1/feedback-01.json"", ""sha256"": ""c229c9520bfe71dcf93ed89fa315835601390d3b73132662b7af27a6ad81d18f""}, ""recorded_at"": ""2026-09-17T18:10:11.377352+00:00""}"	False	A_fixed_insult
CMAD-HP-Q1-L2-D01	CMAD-HP-Q1	HP-Q1	CMAD-HP	L2	D01	core	"[""CMAD-HP-L2""]"	"[""CMAD-HP-D-F-P"", ""CMAD-HP-D-ANCHOR""]"	"[""有"", ""无""]"	semantic_reference_fit	none	present	a85864417fac05bbeb947b33b47b6bbda2a3075ce5b9c18ab6837ee3efa98300	"{""decision_id"": ""CMAD-review-01"", ""authorship"": ""ai"", ""review_kind"": ""human_with_ai"", ""adoption"": ""bulk"", ""decision_ref"": {""path"": ""docs/research/experiment-plans/cross-model-applicability-v1/feedback-01.json"", ""sha256"": ""c229c9520bfe71dcf93ed89fa315835601390d3b73132662b7af27a6ad81d18f""}, ""recorded_at"": ""2026-09-17T18:10:11.377352+00:00""}"	False	A_fixed_insult
CMAD-HP-Q1-L2-D00	CMAD-HP-Q1	HP-Q1	CMAD-HP	L2	D00	core	"[""CMAD-HP-L2""]"	"[""CMAD-HP-D-F-A"", ""CMAD-HP-D-ANCHOR""]"	"[""有"", ""无""]"	semantic_reference_fit	none	absent	88ed25e508cc1e58d8071507751a316389d82e07f806d6a6e4144fd3445d6d9e	"{""decision_id"": ""CMAD-review-01"", ""authorship"": ""ai"", ""review_kind"": ""human_with_ai"", ""adoption"": ""bulk"", ""decision_ref"": {""path"": ""docs/research/experiment-plans/cross-model-applicability-v1/feedback-01.json"", ""sha256"": ""c229c9520bfe71dcf93ed89fa315835601390d3b73132662b7af27a6ad81d18f""}, ""recorded_at"": ""2026-09-17T18:10:11.377352+00:00""}"	False	A_fixed_insult
CMAD-HP-Q1-N-D0	CMAD-HP-Q1	HP-Q1	CMAD-HP	N	D0	neutral_diagnostic	"[""CMAD-HP-N""]"	[]	[]	semantic_reference_fit			3a6efea18edfced1e1bc692b754bb626b8c3a2670f4c58c9b19489ebd2fcb90c	"{""decision_id"": ""CMAD-review-01"", ""authorship"": ""ai"", ""review_kind"": ""human_with_ai"", ""adoption"": ""bulk"", ""decision_ref"": {""path"": ""docs/research/experiment-plans/cross-model-applicability-v1/feedback-01.json"", ""sha256"": ""c229c9520bfe71dcf93ed89fa315835601390d3b73132662b7af27a6ad81d18f""}, ""recorded_at"": ""2026-09-17T18:10:11.377352+00:00""}"	False	A_fixed_insult
CMAD-HP-Q1-N-D10	CMAD-HP-Q1	HP-Q1	CMAD-HP	N	D10	neutral_diagnostic	"[""CMAD-HP-N""]"	"[""CMAD-HP-D-L-A"", ""CMAD-HP-D-ANCHOR""]"	"[""有"", ""无""]"	semantic_reference_fit	direct	absent	765bcbeb89fe52994050451d7f1c8514d442ca1ca564a983bfb586b2c5fb6c1c	"{""decision_id"": ""CMAD-review-01"", ""authorship"": ""ai"", ""review_kind"": ""human_with_ai"", ""adoption"": ""bulk"", ""decision_ref"": {""path"": ""docs/research/experiment-plans/cross-model-applicability-v1/feedback-01.json"", ""sha256"": ""c229c9520bfe71dcf93ed89fa315835601390d3b73132662b7af27a6ad81d18f""}, ""recorded_at"": ""2026-09-17T18:10:11.377352+00:00""}"	False	A_fixed_insult
CMAD-HP-Q1-N-D01	CMAD-HP-Q1	HP-Q1	CMAD-HP	N	D01	neutral_diagnostic	"[""CMAD-HP-N""]"	"[""CMAD-HP-D-F-P"", ""CMAD-HP-D-ANCHOR""]"	"[""有"", ""无""]"	semantic_reference_fit	none	present	14efc9d072581c041487d40a2277eca3861d288153f949361c3c0bd876d507bb	"{""decision_id"": ""CMAD-review-01"", ""authorship"": ""ai"", ""review_kind"": ""human_with_ai"", ""adoption"": ""bulk"", ""decision_ref"": {""path"": ""docs/research/experiment-plans/cross-model-applicability-v1/feedback-01.json"", ""sha256"": ""c229c9520bfe71dcf93ed89fa315835601390d3b73132662b7af27a6ad81d18f""}, ""recorded_at"": ""2026-09-17T18:10:11.377352+00:00""}"	False	A_fixed_insult
CMAD-HP-Q1-L0-D10S	CMAD-HP-Q1	HP-Q1	CMAD-HP	L0	D10S	label_mapping_diagnostic	[]	"[""CMAD-HP-D-L-A-SWAP"", ""CMAD-HP-D-ANCHOR-SWAP""]"	"[""无"", ""有""]"	semantic_reference_fit	direct	absent	c6403c3ba89de132675064648c04249ddfdd159b3a94f7c137bcd43c8400a686	"{""decision_id"": ""CMAD-review-01"", ""authorship"": ""ai"", ""review_kind"": ""human_with_ai"", ""adoption"": ""bulk"", ""decision_ref"": {""path"": ""docs/research/experiment-plans/cross-model-applicability-v1/feedback-01.json"", ""sha256"": ""c229c9520bfe71dcf93ed89fa315835601390d3b73132662b7af27a6ad81d18f""}, ""recorded_at"": ""2026-09-17T18:10:11.377352+00:00""}"	False	A_fixed_insult
CMAD-HP-Q1-L0-D01S	CMAD-HP-Q1	HP-Q1	CMAD-HP	L0	D01S	label_mapping_diagnostic	[]	"[""CMAD-HP-D-F-P-SWAP"", ""CMAD-HP-D-ANCHOR-SWAP""]"	"[""无"", ""有""]"	semantic_reference_fit	none	present	18dfe09ae673febd1d72f09fcd2c882b830e998a8c587c6f15f16b1378db3d7c	"{""decision_id"": ""CMAD-review-01"", ""authorship"": ""ai"", ""review_kind"": ""human_with_ai"", ""adoption"": ""bulk"", ""decision_ref"": {""path"": ""docs/research/experiment-plans/cross-model-applicability-v1/feedback-01.json"", ""sha256"": ""c229c9520bfe71dcf93ed89fa315835601390d3b73132662b7af27a6ad81d18f""}, ""recorded_at"": ""2026-09-17T18:10:11.377352+00:00""}"	False	A_fixed_insult
CMAD-HP-Q1-L1-D10S	CMAD-HP-Q1	HP-Q1	CMAD-HP	L1	D10S	label_mapping_diagnostic	"[""CMAD-HP-L1""]"	"[""CMAD-HP-D-L-A-SWAP"", ""CMAD-HP-D-ANCHOR-SWAP""]"	"[""无"", ""有""]"	semantic_reference_fit	direct	absent	6f959ff6ba93f78812a94a25c0e5fb0b75763ef1feca90c40663de29b58c095d	"{""decision_id"": ""CMAD-review-01"", ""authorship"": ""ai"", ""review_kind"": ""human_with_ai"", ""adoption"": ""bulk"", ""decision_ref"": {""path"": ""docs/research/experiment-plans/cross-model-applicability-v1/feedback-01.json"", ""sha256"": ""c229c9520bfe71dcf93ed89fa315835601390d3b73132662b7af27a6ad81d18f""}, ""recorded_at"": ""2026-09-17T18:10:11.377352+00:00""}"	False	A_fixed_insult
CMAD-HP-Q1-L1-D01S	CMAD-HP-Q1	HP-Q1	CMAD-HP	L1	D01S	label_mapping_diagnostic	"[""CMAD-HP-L1""]"	"[""CMAD-HP-D-F-P-SWAP"", ""CMAD-HP-D-ANCHOR-SWAP""]"	"[""无"", ""有""]"	semantic_reference_fit	none	present	f4afa48f609911e1103005489ab41f840a53dd5745350ac38238689e5ca02428	"{""decision_id"": ""CMAD-review-01"", ""authorship"": ""ai"", ""review_kind"": ""human_with_ai"", ""adoption"": ""bulk"", ""decision_ref"": {""path"": ""docs/research/experiment-plans/cross-model-applicability-v1/feedback-01.json"", ""sha256"": ""c229c9520bfe71dcf93ed89fa315835601390d3b73132662b7af27a6ad81d18f""}, ""recorded_at"": ""2026-09-17T18:10:11.377352+00:00""}"	False	A_fixed_insult
CMAD-HP-Q1-L2-D10S	CMAD-HP-Q1	HP-Q1	CMAD-HP	L2	D10S	label_mapping_diagnostic	"[""CMAD-HP-L2""]"	"[""CMAD-HP-D-L-A-SWAP"", ""CMAD-HP-D-ANCHOR-SWAP""]"	"[""无"", ""有""]"	semantic_reference_fit	direct	absent	c5dc599d0b4f6fa86e07e931ae811eba2ff177f6db50c434a443db6550c64b53	"{""decision_id"": ""CMAD-review-01"", ""authorship"": ""ai"", ""review_kind"": ""human_with_ai"", ""adoption"": ""bulk"", ""decision_ref"": {""path"": ""docs/research/experiment-plans/cross-model-applicability-v1/feedback-01.json"", ""sha256"": ""c229c9520bfe71dcf93ed89fa315835601390d3b73132662b7af27a6ad81d18f""}, ""recorded_at"": ""2026-09-17T18:10:11.377352+00:00""}"	False	A_fixed_insult
CMAD-HP-Q1-L2-D01S	CMAD-HP-Q1	HP-Q1	CMAD-HP	L2	D01S	label_mapping_diagnostic	"[""CMAD-HP-L2""]"	"[""CMAD-HP-D-F-P-SWAP"", ""CMAD-HP-D-ANCHOR-SWAP""]"	"[""无"", ""有""]"	semantic_reference_fit	none	present	bcd109f774bdf438d8c651be80cc919eb305e158f5847e494b2c6bee829c44a1	"{""decision_id"": ""CMAD-review-01"", ""authorship"": ""ai"", ""review_kind"": ""human_with_ai"", ""adoption"": ""bulk"", ""decision_ref"": {""path"": ""docs/research/experiment-plans/cross-model-applicability-v1/feedback-01.json"", ""sha256"": ""c229c9520bfe71dcf93ed89fa315835601390d3b73132662b7af27a6ad81d18f""}, ""recorded_at"": ""2026-09-17T18:10:11.377352+00:00""}"	False	A_fixed_insult
CMAD-HP-Q2-L0-D0	CMAD-HP-Q2	HP-Q2	CMAD-HP	L0	D0	core	[]	[]	[]	semantic_reference_fit			e633f41783d549b9bd4e5b7c54781a72e158fa5a671d1bf7bded1dc64b3d7ad5	"{""decision_id"": ""CMAD-review-01"", ""authorship"": ""ai"", ""review_kind"": ""human_with_ai"", ""adoption"": ""bulk"", ""decision_ref"": {""path"": ""docs/research/experiment-plans/cross-model-applicability-v1/feedback-01.json"", ""sha256"": ""c229c9520bfe71dcf93ed89fa315835601390d3b73132662b7af27a6ad81d18f""}, ""recorded_at"": ""2026-09-17T18:10:11.377352+00:00""}"	False	A_fixed_insult
CMAD-HP-Q2-L0-D11	CMAD-HP-Q2	HP-Q2	CMAD-HP	L0	D11	core	[]	"[""CMAD-HP-D-L-P"", ""CMAD-HP-D-ANCHOR""]"	"[""有"", ""无""]"	semantic_reference_fit	direct	present	f3c88888b5918aef88e383bf6510cff8654abf6eceff2f4a9fddd7668d7092db	"{""decision_id"": ""CMAD-review-01"", ""authorship"": ""ai"", ""review_kind"": ""human_with_ai"", ""adoption"": ""bulk"", ""decision_ref"": {""path"": ""docs/research/experiment-plans/cross-model-applicability-v1/feedback-01.json"", ""sha256"": ""c229c9520bfe71dcf93ed89fa315835601390d3b73132662b7af27a6ad81d18f""}, ""recorded_at"": ""2026-09-17T18:10:11.377352+00:00""}"	False	A_fixed_insult
CMAD-HP-Q2-L0-D10	CMAD-HP-Q2	HP-Q2	CMAD-HP	L0	D10	core	[]	"[""CMAD-HP-D-L-A"", ""CMAD-HP-D-ANCHOR""]"	"[""有"", ""无""]"	semantic_reference_fit	direct	absent	c51d53c6a1cd120d2577cc638151dde0897edb89c33284a38a468c16b294fa27	"{""decision_id"": ""CMAD-review-01"", ""authorship"": ""ai"", ""review_kind"": ""human_with_ai"", ""adoption"": ""bulk"", ""decision_ref"": {""path"": ""docs/research/experiment-plans/cross-model-applicability-v1/feedback-01.json"", ""sha256"": ""c229c9520bfe71dcf93ed89fa315835601390d3b73132662b7af27a6ad81d18f""}, ""recorded_at"": ""2026-09-17T18:10:11.377352+00:00""}"	False	A_fixed_insult
CMAD-HP-Q2-L0-D01	CMAD-HP-Q2	HP-Q2	CMAD-HP	L0	D01	core	[]	"[""CMAD-HP-D-F-P"", ""CMAD-HP-D-ANCHOR""]"	"[""有"", ""无""]"	semantic_reference_fit	none	present	7122f545c363f5abe2d799f322fb62a8472490412cbfa180320132b0e9db5d74	"{""decision_id"": ""CMAD-review-01"", ""authorship"": ""ai"", ""review_kind"": ""human_with_ai"", ""adoption"": ""bulk"", ""decision_ref"": {""path"": ""docs/research/experiment-plans/cross-model-applicability-v1/feedback-01.json"", ""sha256"": ""c229c9520bfe71dcf93ed89fa315835601390d3b73132662b7af27a6ad81d18f""}, ""recorded_at"": ""2026-09-17T18:10:11.377352+00:00""}"	False	A_fixed_insult
CMAD-HP-Q2-L0-D00	CMAD-HP-Q2	HP-Q2	CMAD-HP	L0	D00	core	[]	"[""CMAD-HP-D-F-A"", ""CMAD-HP-D-ANCHOR""]"	"[""有"", ""无""]"	semantic_reference_fit	none	absent	3ac09ad1c7a0f369c5eaca9a3ef3dfba5aeaf593c3678070d847cfe707f393e2	"{""decision_id"": ""CMAD-review-01"", ""authorship"": ""ai"", ""review_kind"": ""human_with_ai"", ""adoption"": ""bulk"", ""decision_ref"": {""path"": ""docs/research/experiment-plans/cross-model-applicability-v1/feedback-01.json"", ""sha256"": ""c229c9520bfe71dcf93ed89fa315835601390d3b73132662b7af27a6ad81d18f""}, ""recorded_at"": ""2026-09-17T18:10:11.377352+00:00""}"	False	A_fixed_insult
CMAD-HP-Q2-L1-D0	CMAD-HP-Q2	HP-Q2	CMAD-HP	L1	D0	core	"[""CMAD-HP-L1""]"	[]	[]	semantic_reference_fit			439e7a91a6a7f30f37b916746cf9210d3de2f6c10a7d433c24a4c5fd2ea04d3c	"{""decision_id"": ""CMAD-review-01"", ""authorship"": ""ai"", ""review_kind"": ""human_with_ai"", ""adoption"": ""bulk"", ""decision_ref"": {""path"": ""docs/research/experiment-plans/cross-model-applicability-v1/feedback-01.json"", ""sha256"": ""c229c9520bfe71dcf93ed89fa315835601390d3b73132662b7af27a6ad81d18f""}, ""recorded_at"": ""2026-09-17T18:10:11.377352+00:00""}"	False	A_fixed_insult
CMAD-HP-Q2-L1-D11	CMAD-HP-Q2	HP-Q2	CMAD-HP	L1	D11	core	"[""CMAD-HP-L1""]"	"[""CMAD-HP-D-L-P"", ""CMAD-HP-D-ANCHOR""]"	"[""有"", ""无""]"	semantic_reference_fit	direct	present	cb9c12db79b9b0e19886b6f59446192115ecea5a0d7c397bb37dabefbd6a0a94	"{""decision_id"": ""CMAD-review-01"", ""authorship"": ""ai"", ""review_kind"": ""human_with_ai"", ""adoption"": ""bulk"", ""decision_ref"": {""path"": ""docs/research/experiment-plans/cross-model-applicability-v1/feedback-01.json"", ""sha256"": ""c229c9520bfe71dcf93ed89fa315835601390d3b73132662b7af27a6ad81d18f""}, ""recorded_at"": ""2026-09-17T18:10:11.377352+00:00""}"	False	A_fixed_insult
CMAD-HP-Q2-L1-D10	CMAD-HP-Q2	HP-Q2	CMAD-HP	L1	D10	core	"[""CMAD-HP-L1""]"	"[""CMAD-HP-D-L-A"", ""CMAD-HP-D-ANCHOR""]"	"[""有"", ""无""]"	semantic_reference_fit	direct	absent	f7dd2aed353de3a835e9c2d1131719cff2c71144f2fadac806293b79434bac07	"{""decision_id"": ""CMAD-review-01"", ""authorship"": ""ai"", ""review_kind"": ""human_with_ai"", ""adoption"": ""bulk"", ""decision_ref"": {""path"": ""docs/research/experiment-plans/cross-model-applicability-v1/feedback-01.json"", ""sha256"": ""c229c9520bfe71dcf93ed89fa315835601390d3b73132662b7af27a6ad81d18f""}, ""recorded_at"": ""2026-09-17T18:10:11.377352+00:00""}"	False	A_fixed_insult
CMAD-HP-Q2-L1-D01	CMAD-HP-Q2	HP-Q2	CMAD-HP	L1	D01	core	"[""CMAD-HP-L1""]"	"[""CMAD-HP-D-F-P"", ""CMAD-HP-D-ANCHOR""]"	"[""有"", ""无""]"	semantic_reference_fit	none	present	0dc9eb42b7ca26673ea219391c1045602b43aabcdab6f66d6353ca55da6e58ba	"{""decision_id"": ""CMAD-review-01"", ""authorship"": ""ai"", ""review_kind"": ""human_with_ai"", ""adoption"": ""bulk"", ""decision_ref"": {""path"": ""docs/research/experiment-plans/cross-model-applicability-v1/feedback-01.json"", ""sha256"": ""c229c9520bfe71dcf93ed89fa315835601390d3b73132662b7af27a6ad81d18f""}, ""recorded_at"": ""2026-09-17T18:10:11.377352+00:00""}"	False	A_fixed_insult
CMAD-HP-Q2-L1-D00	CMAD-HP-Q2	HP-Q2	CMAD-HP	L1	D00	core	"[""CMAD-HP-L1""]"	"[""CMAD-HP-D-F-A"", ""CMAD-HP-D-ANCHOR""]"	"[""有"", ""无""]"	semantic_reference_fit	none	absent	f01b9ebb9adfe8d093a30a24b6379c120b6c0f4cd6b3bd01658eb61cb5ab3f11	"{""decision_id"": ""CMAD-review-01"", ""authorship"": ""ai"", ""review_kind"": ""human_with_ai"", ""adoption"": ""bulk"", ""decision_ref"": {""path"": ""docs/research/experiment-plans/cross-model-applicability-v1/feedback-01.json"", ""sha256"": ""c229c9520bfe71dcf93ed89fa315835601390d3b73132662b7af27a6ad81d18f""}, ""recorded_at"": ""2026-09-17T18:10:11.377352+00:00""}"	False	A_fixed_insult
CMAD-HP-Q2-L2-D0	CMAD-HP-Q2	HP-Q2	CMAD-HP	L2	D0	core	"[""CMAD-HP-L2""]"	[]	[]	semantic_reference_fit			7a33c68cdf7cd87739515d3882aa868fbe93076e0e936822b1344f564ad25378	"{""decision_id"": ""CMAD-review-01"", ""authorship"": ""ai"", ""review_kind"": ""human_with_ai"", ""adoption"": ""bulk"", ""decision_ref"": {""path"": ""docs/research/experiment-plans/cross-model-applicability-v1/feedback-01.json"", ""sha256"": ""c229c9520bfe71dcf93ed89fa315835601390d3b73132662b7af27a6ad81d18f""}, ""recorded_at"": ""2026-09-17T18:10:11.377352+00:00""}"	False	A_fixed_insult
CMAD-HP-Q2-L2-D11	CMAD-HP-Q2	HP-Q2	CMAD-HP	L2	D11	core	"[""CMAD-HP-L2""]"	"[""CMAD-HP-D-L-P"", ""CMAD-HP-D-ANCHOR""]"	"[""有"", ""无""]"	semantic_reference_fit	direct	present	62960c8968d34c87823edc472b3fe3ec62b84ee69e5197249b64dc12e5c05024	"{""decision_id"": ""CMAD-review-01"", ""authorship"": ""ai"", ""review_kind"": ""human_with_ai"", ""adoption"": ""bulk"", ""decision_ref"": {""path"": ""docs/research/experiment-plans/cross-model-applicability-v1/feedback-01.json"", ""sha256"": ""c229c9520bfe71dcf93ed89fa315835601390d3b73132662b7af27a6ad81d18f""}, ""recorded_at"": ""2026-09-17T18:10:11.377352+00:00""}"	False	A_fixed_insult
CMAD-HP-Q2-L2-D10	CMAD-HP-Q2	HP-Q2	CMAD-HP	L2	D10	core	"[""CMAD-HP-L2""]"	"[""CMAD-HP-D-L-A"", ""CMAD-HP-D-ANCHOR""]"	"[""有"", ""无""]"	semantic_reference_fit	direct	absent	429456b2b47f2fafc74c8a89ed4d63c1d9c1382a5b56746818d93463e4218a44	"{""decision_id"": ""CMAD-review-01"", ""authorship"": ""ai"", ""review_kind"": ""human_with_ai"", ""adoption"": ""bulk"", ""decision_ref"": {""path"": ""docs/research/experiment-plans/cross-model-applicability-v1/feedback-01.json"", ""sha256"": ""c229c9520bfe71dcf93ed89fa315835601390d3b73132662b7af27a6ad81d18f""}, ""recorded_at"": ""2026-09-17T18:10:11.377352+00:00""}"	False	A_fixed_insult
CMAD-HP-Q2-L2-D01	CMAD-HP-Q2	HP-Q2	CMAD-HP	L2	D01	core	"[""CMAD-HP-L2""]"	"[""CMAD-HP-D-F-P"", ""CMAD-HP-D-ANCHOR""]"	"[""有"", ""无""]"	semantic_reference_fit	none	present	5c531153266fdf09f55e9b7e70de646ae1a0cc011fbcf365903d8b0144367f22	"{""decision_id"": ""CMAD-review-01"", ""authorship"": ""ai"", ""review_kind"": ""human_with_ai"", ""adoption"": ""bulk"", ""decision_ref"": {""path"": ""docs/research/experiment-plans/cross-model-applicability-v1/feedback-01.json"", ""sha256"": ""c229c9520bfe71dcf93ed89fa315835601390d3b73132662b7af27a6ad81d18f""}, ""recorded_at"": ""2026-09-17T18:10:11.377352+00:00""}"	False	A_fixed_insult
CMAD-HP-Q2-L2-D00	CMAD-HP-Q2	HP-Q2	CMAD-HP	L2	D00	core	"[""CMAD-HP-L2""]"	"[""CMAD-HP-D-F-A"", ""CMAD-HP-D-ANCHOR""]"	"[""有"", ""无""]"	semantic_reference_fit	none	absent	e399c3d3519d6b710709a0956a73cc48d5c93c5dad7321c9c5dffbe512ed6141	"{""decision_id"": ""CMAD-review-01"", ""authorship"": ""ai"", ""review_kind"": ""human_with_ai"", ""adoption"": ""bulk"", ""decision_ref"": {""path"": ""docs/research/experiment-plans/cross-model-applicability-v1/feedback-01.json"", ""sha256"": ""c229c9520bfe71dcf93ed89fa315835601390d3b73132662b7af27a6ad81d18f""}, ""recorded_at"": ""2026-09-17T18:10:11.377352+00:00""}"	False	A_fixed_insult
CMAD-HP-Q2-N-D0	CMAD-HP-Q2	HP-Q2	CMAD-HP	N	D0	neutral_diagnostic	"[""CMAD-HP-N""]"	[]	[]	semantic_reference_fit			c9e1460f7283bce096dc16102da870e43f46d1aceb35b43e7d6f06f03582088f	"{""decision_id"": ""CMAD-review-01"", ""authorship"": ""ai"", ""review_kind"": ""human_with_ai"", ""adoption"": ""bulk"", ""decision_ref"": {""path"": ""docs/research/experiment-plans/cross-model-applicability-v1/feedback-01.json"", ""sha256"": ""c229c9520bfe71dcf93ed89fa315835601390d3b73132662b7af27a6ad81d18f""}, ""recorded_at"": ""2026-09-17T18:10:11.377352+00:00""}"	False	A_fixed_insult
CMAD-HP-Q2-N-D10	CMAD-HP-Q2	HP-Q2	CMAD-HP	N	D10	neutral_diagnostic	"[""CMAD-HP-N""]"	"[""CMAD-HP-D-L-A"", ""CMAD-HP-D-ANCHOR""]"	"[""有"", ""无""]"	semantic_reference_fit	direct	absent	fec0a82f874248ad1d2e918bf4dc016207d8401dd14ff2eea3faf1fa070d3e3a	"{""decision_id"": ""CMAD-review-01"", ""authorship"": ""ai"", ""review_kind"": ""human_with_ai"", ""adoption"": ""bulk"", ""decision_ref"": {""path"": ""docs/research/experiment-plans/cross-model-applicability-v1/feedback-01.json"", ""sha256"": ""c229c9520bfe71dcf93ed89fa315835601390d3b73132662b7af27a6ad81d18f""}, ""recorded_at"": ""2026-09-17T18:10:11.377352+00:00""}"	False	A_fixed_insult
CMAD-HP-Q2-N-D01	CMAD-HP-Q2	HP-Q2	CMAD-HP	N	D01	neutral_diagnostic	"[""CMAD-HP-N""]"	"[""CMAD-HP-D-F-P"", ""CMAD-HP-D-ANCHOR""]"	"[""有"", ""无""]"	semantic_reference_fit	none	present	41deef213a296ee0be27d6fbd7f9aac17c5692a5085606558eeeeb15c39badf2	"{""decision_id"": ""CMAD-review-01"", ""authorship"": ""ai"", ""review_kind"": ""human_with_ai"", ""adoption"": ""bulk"", ""decision_ref"": {""path"": ""docs/research/experiment-plans/cross-model-applicability-v1/feedback-01.json"", ""sha256"": ""c229c9520bfe71dcf93ed89fa315835601390d3b73132662b7af27a6ad81d18f""}, ""recorded_at"": ""2026-09-17T18:10:11.377352+00:00""}"	False	A_fixed_insult
CMAD-HP-Q2-L0-D10S	CMAD-HP-Q2	HP-Q2	CMAD-HP	L0	D10S	label_mapping_diagnostic	[]	"[""CMAD-HP-D-L-A-SWAP"", ""CMAD-HP-D-ANCHOR-SWAP""]"	"[""无"", ""有""]"	semantic_reference_fit	direct	absent	825655bc01a02912800773746cf10e6fd5673ef56bbd9da02e936e66fdd5880e	"{""decision_id"": ""CMAD-review-01"", ""authorship"": ""ai"", ""review_kind"": ""human_with_ai"", ""adoption"": ""bulk"", ""decision_ref"": {""path"": ""docs/research/experiment-plans/cross-model-applicability-v1/feedback-01.json"", ""sha256"": ""c229c9520bfe71dcf93ed89fa315835601390d3b73132662b7af27a6ad81d18f""}, ""recorded_at"": ""2026-09-17T18:10:11.377352+00:00""}"	False	A_fixed_insult
CMAD-HP-Q2-L0-D01S	CMAD-HP-Q2	HP-Q2	CMAD-HP	L0	D01S	label_mapping_diagnostic	[]	"[""CMAD-HP-D-F-P-SWAP"", ""CMAD-HP-D-ANCHOR-SWAP""]"	"[""无"", ""有""]"	semantic_reference_fit	none	present	211e81c92937ab8daa751af2e82ef7bf85ccaa2be362a492ad47a42598e448a5	"{""decision_id"": ""CMAD-review-01"", ""authorship"": ""ai"", ""review_kind"": ""human_with_ai"", ""adoption"": ""bulk"", ""decision_ref"": {""path"": ""docs/research/experiment-plans/cross-model-applicability-v1/feedback-01.json"", ""sha256"": ""c229c9520bfe71dcf93ed89fa315835601390d3b73132662b7af27a6ad81d18f""}, ""recorded_at"": ""2026-09-17T18:10:11.377352+00:00""}"	False	A_fixed_insult
CMAD-HP-Q2-L1-D10S	CMAD-HP-Q2	HP-Q2	CMAD-HP	L1	D10S	label_mapping_diagnostic	"[""CMAD-HP-L1""]"	"[""CMAD-HP-D-L-A-SWAP"", ""CMAD-HP-D-ANCHOR-SWAP""]"	"[""无"", ""有""]"	semantic_reference_fit	direct	absent	cf1ca7168123909a969e0e30e0b1b19469e168caa26aff099ce6a1b2faa45217	"{""decision_id"": ""CMAD-review-01"", ""authorship"": ""ai"", ""review_kind"": ""human_with_ai"", ""adoption"": ""bulk"", ""decision_ref"": {""path"": ""docs/research/experiment-plans/cross-model-applicability-v1/feedback-01.json"", ""sha256"": ""c229c9520bfe71dcf93ed89fa315835601390d3b73132662b7af27a6ad81d18f""}, ""recorded_at"": ""2026-09-17T18:10:11.377352+00:00""}"	False	A_fixed_insult
CMAD-HP-Q2-L1-D01S	CMAD-HP-Q2	HP-Q2	CMAD-HP	L1	D01S	label_mapping_diagnostic	"[""CMAD-HP-L1""]"	"[""CMAD-HP-D-F-P-SWAP"", ""CMAD-HP-D-ANCHOR-SWAP""]"	"[""无"", ""有""]"	semantic_reference_fit	none	present	700975e1d0bc1d322314252f3834b7e1587c59b5f600a6cecd440671bbc8c7da	"{""decision_id"": ""CMAD-review-01"", ""authorship"": ""ai"", ""review_kind"": ""human_with_ai"", ""adoption"": ""bulk"", ""decision_ref"": {""path"": ""docs/research/experiment-plans/cross-model-applicability-v1/feedback-01.json"", ""sha256"": ""c229c9520bfe71dcf93ed89fa315835601390d3b73132662b7af27a6ad81d18f""}, ""recorded_at"": ""2026-09-17T18:10:11.377352+00:00""}"	False	A_fixed_insult
CMAD-HP-Q2-L2-D10S	CMAD-HP-Q2	HP-Q2	CMAD-HP	L2	D10S	label_mapping_diagnostic	"[""CMAD-HP-L2""]"	"[""CMAD-HP-D-L-A-SWAP"", ""CMAD-HP-D-ANCHOR-SWAP""]"	"[""无"", ""有""]"	semantic_reference_fit	direct	absent	547176ea20144177cc5f8e3c0ebdd624a73d153318a1dfdabab485d461e4860b	"{""decision_id"": ""CMAD-review-01"", ""authorship"": ""ai"", ""review_kind"": ""human_with_ai"", ""adoption"": ""bulk"", ""decision_ref"": {""path"": ""docs/research/experiment-plans/cross-model-applicability-v1/feedback-01.json"", ""sha256"": ""c229c9520bfe71dcf93ed89fa315835601390d3b73132662b7af27a6ad81d18f""}, ""recorded_at"": ""2026-09-17T18:10:11.377352+00:00""}"	False	A_fixed_insult
CMAD-HP-Q2-L2-D01S	CMAD-HP-Q2	HP-Q2	CMAD-HP	L2	D01S	label_mapping_diagnostic	"[""CMAD-HP-L2""]"	"[""CMAD-HP-D-F-P-SWAP"", ""CMAD-HP-D-ANCHOR-SWAP""]"	"[""无"", ""有""]"	semantic_reference_fit	none	present	449cf7d6c36ba3f4d8fd4f129890a3597c923f9747f131d0e5c39b8cf7cc3222	"{""decision_id"": ""CMAD-review-01"", ""authorship"": ""ai"", ""review_kind"": ""human_with_ai"", ""adoption"": ""bulk"", ""decision_ref"": {""path"": ""docs/research/experiment-plans/cross-model-applicability-v1/feedback-01.json"", ""sha256"": ""c229c9520bfe71dcf93ed89fa315835601390d3b73132662b7af27a6ad81d18f""}, ""recorded_at"": ""2026-09-17T18:10:11.377352+00:00""}"	False	A_fixed_insult
CMAD-HP-Q3-L0-D0	CMAD-HP-Q3	HP-Q3	CMAD-HP	L0	D0	core	[]	[]	[]	semantic_reference_fit			f313fcfccea7cc20aac58ae3000611445a0af0a9481416ca1d8e3bdcfcaba3fc	"{""decision_id"": ""CMAD-review-01"", ""authorship"": ""ai"", ""review_kind"": ""human_with_ai"", ""adoption"": ""bulk"", ""decision_ref"": {""path"": ""docs/research/experiment-plans/cross-model-applicability-v1/feedback-01.json"", ""sha256"": ""c229c9520bfe71dcf93ed89fa315835601390d3b73132662b7af27a6ad81d18f""}, ""recorded_at"": ""2026-09-17T18:10:11.377352+00:00""}"	False	A_fixed_insult
CMAD-HP-Q3-L0-D11	CMAD-HP-Q3	HP-Q3	CMAD-HP	L0	D11	core	[]	"[""CMAD-HP-D-F-P"", ""CMAD-HP-D-ANCHOR""]"	"[""有"", ""无""]"	semantic_reference_fit	direct	present	1a0a1f2baee056ef449016cb25077ab829a8f946cde441d32016928cb8b7e1bf	"{""decision_id"": ""CMAD-review-01"", ""authorship"": ""ai"", ""review_kind"": ""human_with_ai"", ""adoption"": ""bulk"", ""decision_ref"": {""path"": ""docs/research/experiment-plans/cross-model-applicability-v1/feedback-01.json"", ""sha256"": ""c229c9520bfe71dcf93ed89fa315835601390d3b73132662b7af27a6ad81d18f""}, ""recorded_at"": ""2026-09-17T18:10:11.377352+00:00""}"	False	A_fixed_insult
CMAD-HP-Q3-L0-D10	CMAD-HP-Q3	HP-Q3	CMAD-HP	L0	D10	core	[]	"[""CMAD-HP-D-F-A"", ""CMAD-HP-D-ANCHOR""]"	"[""有"", ""无""]"	semantic_reference_fit	direct	absent	8fbec7ff912dbbdf7ea5bd426b06e092ca8fec46e6f16490047d57b9606c83de	"{""decision_id"": ""CMAD-review-01"", ""authorship"": ""ai"", ""review_kind"": ""human_with_ai"", ""adoption"": ""bulk"", ""decision_ref"": {""path"": ""docs/research/experiment-plans/cross-model-applicability-v1/feedback-01.json"", ""sha256"": ""c229c9520bfe71dcf93ed89fa315835601390d3b73132662b7af27a6ad81d18f""}, ""recorded_at"": ""2026-09-17T18:10:11.377352+00:00""}"	False	A_fixed_insult
CMAD-HP-Q3-L0-D01	CMAD-HP-Q3	HP-Q3	CMAD-HP	L0	D01	core	[]	"[""CMAD-HP-D-L-P"", ""CMAD-HP-D-ANCHOR""]"	"[""有"", ""无""]"	semantic_reference_fit	none	present	de129a1380d5d6acc03534721e3ebc2f6b37114d0fd3295f2428587305687bf3	"{""decision_id"": ""CMAD-review-01"", ""authorship"": ""ai"", ""review_kind"": ""human_with_ai"", ""adoption"": ""bulk"", ""decision_ref"": {""path"": ""docs/research/experiment-plans/cross-model-applicability-v1/feedback-01.json"", ""sha256"": ""c229c9520bfe71dcf93ed89fa315835601390d3b73132662b7af27a6ad81d18f""}, ""recorded_at"": ""2026-09-17T18:10:11.377352+00:00""}"	False	A_fixed_insult
CMAD-HP-Q3-L0-D00	CMAD-HP-Q3	HP-Q3	CMAD-HP	L0	D00	core	[]	"[""CMAD-HP-D-L-A"", ""CMAD-HP-D-ANCHOR""]"	"[""有"", ""无""]"	semantic_reference_fit	none	absent	3d2d7bfe68544fd6e17e48434221e2525cde54154bcdcb98d968bd03338e6a29	"{""decision_id"": ""CMAD-review-01"", ""authorship"": ""ai"", ""review_kind"": ""human_with_ai"", ""adoption"": ""bulk"", ""decision_ref"": {""path"": ""docs/research/experiment-plans/cross-model-applicability-v1/feedback-01.json"", ""sha256"": ""c229c9520bfe71dcf93ed89fa315835601390d3b73132662b7af27a6ad81d18f""}, ""recorded_at"": ""2026-09-17T18:10:11.377352+00:00""}"	False	A_fixed_insult
CMAD-HP-Q3-L1-D0	CMAD-HP-Q3	HP-Q3	CMAD-HP	L1	D0	core	"[""CMAD-HP-L1""]"	[]	[]	semantic_reference_fit			bad8dd9fd189a1c116798cd653c166df2ed77e484b7513bf228257bf3fada890	"{""decision_id"": ""CMAD-review-01"", ""authorship"": ""ai"", ""review_kind"": ""human_with_ai"", ""adoption"": ""bulk"", ""decision_ref"": {""path"": ""docs/research/experiment-plans/cross-model-applicability-v1/feedback-01.json"", ""sha256"": ""c229c9520bfe71dcf93ed89fa315835601390d3b73132662b7af27a6ad81d18f""}, ""recorded_at"": ""2026-09-17T18:10:11.377352+00:00""}"	False	A_fixed_insult
CMAD-HP-Q3-L1-D11	CMAD-HP-Q3	HP-Q3	CMAD-HP	L1	D11	core	"[""CMAD-HP-L1""]"	"[""CMAD-HP-D-F-P"", ""CMAD-HP-D-ANCHOR""]"	"[""有"", ""无""]"	semantic_reference_fit	direct	present	e158321298a63ab9421fd1ac8ebc040cc76e17e6ea79f99711c3dff6101f9d29	"{""decision_id"": ""CMAD-review-01"", ""authorship"": ""ai"", ""review_kind"": ""human_with_ai"", ""adoption"": ""bulk"", ""decision_ref"": {""path"": ""docs/research/experiment-plans/cross-model-applicability-v1/feedback-01.json"", ""sha256"": ""c229c9520bfe71dcf93ed89fa315835601390d3b73132662b7af27a6ad81d18f""}, ""recorded_at"": ""2026-09-17T18:10:11.377352+00:00""}"	False	A_fixed_insult
CMAD-HP-Q3-L1-D10	CMAD-HP-Q3	HP-Q3	CMAD-HP	L1	D10	core	"[""CMAD-HP-L1""]"	"[""CMAD-HP-D-F-A"", ""CMAD-HP-D-ANCHOR""]"	"[""有"", ""无""]"	semantic_reference_fit	direct	absent	037cfa6efa83f841a9ac58a79069cae671ec9827f5dd8adf0b41e7bf08357711	"{""decision_id"": ""CMAD-review-01"", ""authorship"": ""ai"", ""review_kind"": ""human_with_ai"", ""adoption"": ""bulk"", ""decision_ref"": {""path"": ""docs/research/experiment-plans/cross-model-applicability-v1/feedback-01.json"", ""sha256"": ""c229c9520bfe71dcf93ed89fa315835601390d3b73132662b7af27a6ad81d18f""}, ""recorded_at"": ""2026-09-17T18:10:11.377352+00:00""}"	False	A_fixed_insult
CMAD-HP-Q3-L1-D01	CMAD-HP-Q3	HP-Q3	CMAD-HP	L1	D01	core	"[""CMAD-HP-L1""]"	"[""CMAD-HP-D-L-P"", ""CMAD-HP-D-ANCHOR""]"	"[""有"", ""无""]"	semantic_reference_fit	none	present	a8e9f95f951fa680961f0227b891d31393d70dc140fb4e208349c11503dfc2e9	"{""decision_id"": ""CMAD-review-01"", ""authorship"": ""ai"", ""review_kind"": ""human_with_ai"", ""adoption"": ""bulk"", ""decision_ref"": {""path"": ""docs/research/experiment-plans/cross-model-applicability-v1/feedback-01.json"", ""sha256"": ""c229c9520bfe71dcf93ed89fa315835601390d3b73132662b7af27a6ad81d18f""}, ""recorded_at"": ""2026-09-17T18:10:11.377352+00:00""}"	False	A_fixed_insult
CMAD-HP-Q3-L1-D00	CMAD-HP-Q3	HP-Q3	CMAD-HP	L1	D00	core	"[""CMAD-HP-L1""]"	"[""CMAD-HP-D-L-A"", ""CMAD-HP-D-ANCHOR""]"	"[""有"", ""无""]"	semantic_reference_fit	none	absent	fe6ed8a4ab92be3cc77c0d966212554b514885d13affbe5203a39dad80ede8e5	"{""decision_id"": ""CMAD-review-01"", ""authorship"": ""ai"", ""review_kind"": ""human_with_ai"", ""adoption"": ""bulk"", ""decision_ref"": {""path"": ""docs/research/experiment-plans/cross-model-applicability-v1/feedback-01.json"", ""sha256"": ""c229c9520bfe71dcf93ed89fa315835601390d3b73132662b7af27a6ad81d18f""}, ""recorded_at"": ""2026-09-17T18:10:11.377352+00:00""}"	False	A_fixed_insult
CMAD-HP-Q3-L2-D0	CMAD-HP-Q3	HP-Q3	CMAD-HP	L2	D0	core	"[""CMAD-HP-L2""]"	[]	[]	semantic_reference_fit			bbad4dce88963678cd1dd6c73a832b43b8c43c495a29e3b2e8f4d3eb9c812c23	"{""decision_id"": ""CMAD-review-01"", ""authorship"": ""ai"", ""review_kind"": ""human_with_ai"", ""adoption"": ""bulk"", ""decision_ref"": {""path"": ""docs/research/experiment-plans/cross-model-applicability-v1/feedback-01.json"", ""sha256"": ""c229c9520bfe71dcf93ed89fa315835601390d3b73132662b7af27a6ad81d18f""}, ""recorded_at"": ""2026-09-17T18:10:11.377352+00:00""}"	False	A_fixed_insult
CMAD-HP-Q3-L2-D11	CMAD-HP-Q3	HP-Q3	CMAD-HP	L2	D11	core	"[""CMAD-HP-L2""]"	"[""CMAD-HP-D-F-P"", ""CMAD-HP-D-ANCHOR""]"	"[""有"", ""无""]"	semantic_reference_fit	direct	present	59e57a3d454df42eb07ec22638c3e45b7dd3cbaec7bdb740ca4595508ef49045	"{""decision_id"": ""CMAD-review-01"", ""authorship"": ""ai"", ""review_kind"": ""human_with_ai"", ""adoption"": ""bulk"", ""decision_ref"": {""path"": ""docs/research/experiment-plans/cross-model-applicability-v1/feedback-01.json"", ""sha256"": ""c229c9520bfe71dcf93ed89fa315835601390d3b73132662b7af27a6ad81d18f""}, ""recorded_at"": ""2026-09-17T18:10:11.377352+00:00""}"	False	A_fixed_insult
CMAD-HP-Q3-L2-D10	CMAD-HP-Q3	HP-Q3	CMAD-HP	L2	D10	core	"[""CMAD-HP-L2""]"	"[""CMAD-HP-D-F-A"", ""CMAD-HP-D-ANCHOR""]"	"[""有"", ""无""]"	semantic_reference_fit	direct	absent	079c52c9d44b18bb7baf0fb09b673ae84e1cdb2802803191b186d2be41a66c03	"{""decision_id"": ""CMAD-review-01"", ""authorship"": ""ai"", ""review_kind"": ""human_with_ai"", ""adoption"": ""bulk"", ""decision_ref"": {""path"": ""docs/research/experiment-plans/cross-model-applicability-v1/feedback-01.json"", ""sha256"": ""c229c9520bfe71dcf93ed89fa315835601390d3b73132662b7af27a6ad81d18f""}, ""recorded_at"": ""2026-09-17T18:10:11.377352+00:00""}"	False	A_fixed_insult
CMAD-HP-Q3-L2-D01	CMAD-HP-Q3	HP-Q3	CMAD-HP	L2	D01	core	"[""CMAD-HP-L2""]"	"[""CMAD-HP-D-L-P"", ""CMAD-HP-D-ANCHOR""]"	"[""有"", ""无""]"	semantic_reference_fit	none	present	3917057513314db7b845d0cb8f11072efbc6b640fb4c7db8285cd2999bd543db	"{""decision_id"": ""CMAD-review-01"", ""authorship"": ""ai"", ""review_kind"": ""human_with_ai"", ""adoption"": ""bulk"", ""decision_ref"": {""path"": ""docs/research/experiment-plans/cross-model-applicability-v1/feedback-01.json"", ""sha256"": ""c229c9520bfe71dcf93ed89fa315835601390d3b73132662b7af27a6ad81d18f""}, ""recorded_at"": ""2026-09-17T18:10:11.377352+00:00""}"	False	A_fixed_insult
CMAD-HP-Q3-L2-D00	CMAD-HP-Q3	HP-Q3	CMAD-HP	L2	D00	core	"[""CMAD-HP-L2""]"	"[""CMAD-HP-D-L-A"", ""CMAD-HP-D-ANCHOR""]"	"[""有"", ""无""]"	semantic_reference_fit	none	absent	9abe920d277c3b23d49038f1b8dc2490d78630908aa550b7e4e96e5dcfa9aedd	"{""decision_id"": ""CMAD-review-01"", ""authorship"": ""ai"", ""review_kind"": ""human_with_ai"", ""adoption"": ""bulk"", ""decision_ref"": {""path"": ""docs/research/experiment-plans/cross-model-applicability-v1/feedback-01.json"", ""sha256"": ""c229c9520bfe71dcf93ed89fa315835601390d3b73132662b7af27a6ad81d18f""}, ""recorded_at"": ""2026-09-17T18:10:11.377352+00:00""}"	False	A_fixed_insult
CMAD-HP-Q3-N-D0	CMAD-HP-Q3	HP-Q3	CMAD-HP	N	D0	neutral_diagnostic	"[""CMAD-HP-N""]"	[]	[]	semantic_reference_fit			f022766253d1cf60d68eaf47fc4b98ac255b05bf64ee25d39137a12d7fbe5911	"{""decision_id"": ""CMAD-review-01"", ""authorship"": ""ai"", ""review_kind"": ""human_with_ai"", ""adoption"": ""bulk"", ""decision_ref"": {""path"": ""docs/research/experiment-plans/cross-model-applicability-v1/feedback-01.json"", ""sha256"": ""c229c9520bfe71dcf93ed89fa315835601390d3b73132662b7af27a6ad81d18f""}, ""recorded_at"": ""2026-09-17T18:10:11.377352+00:00""}"	False	A_fixed_insult
CMAD-HP-Q3-N-D10	CMAD-HP-Q3	HP-Q3	CMAD-HP	N	D10	neutral_diagnostic	"[""CMAD-HP-N""]"	"[""CMAD-HP-D-F-A"", ""CMAD-HP-D-ANCHOR""]"	"[""有"", ""无""]"	semantic_reference_fit	direct	absent	0690053b95989c5be6da5c8dbee75ea6967b0a3e7cc6ca55cd9d99148586b199	"{""decision_id"": ""CMAD-review-01"", ""authorship"": ""ai"", ""review_kind"": ""human_with_ai"", ""adoption"": ""bulk"", ""decision_ref"": {""path"": ""docs/research/experiment-plans/cross-model-applicability-v1/feedback-01.json"", ""sha256"": ""c229c9520bfe71dcf93ed89fa315835601390d3b73132662b7af27a6ad81d18f""}, ""recorded_at"": ""2026-09-17T18:10:11.377352+00:00""}"	False	A_fixed_insult
CMAD-HP-Q3-N-D01	CMAD-HP-Q3	HP-Q3	CMAD-HP	N	D01	neutral_diagnostic	"[""CMAD-HP-N""]"	"[""CMAD-HP-D-L-P"", ""CMAD-HP-D-ANCHOR""]"	"[""有"", ""无""]"	semantic_reference_fit	none	present	5f262d832773746dfa6b52214109851d4530037bcb5a896df50adf8461ccb75d	"{""decision_id"": ""CMAD-review-01"", ""authorship"": ""ai"", ""review_kind"": ""human_with_ai"", ""adoption"": ""bulk"", ""decision_ref"": {""path"": ""docs/research/experiment-plans/cross-model-applicability-v1/feedback-01.json"", ""sha256"": ""c229c9520bfe71dcf93ed89fa315835601390d3b73132662b7af27a6ad81d18f""}, ""recorded_at"": ""2026-09-17T18:10:11.377352+00:00""}"	False	A_fixed_insult
CMAD-HP-Q3-L0-D10S	CMAD-HP-Q3	HP-Q3	CMAD-HP	L0	D10S	label_mapping_diagnostic	[]	"[""CMAD-HP-D-F-A-SWAP"", ""CMAD-HP-D-ANCHOR-SWAP""]"	"[""无"", ""有""]"	semantic_reference_fit	direct	absent	138281b2f3b872af929ca7b598c3fb4a28d9516535718ccd478d940414186d09	"{""decision_id"": ""CMAD-review-01"", ""authorship"": ""ai"", ""review_kind"": ""human_with_ai"", ""adoption"": ""bulk"", ""decision_ref"": {""path"": ""docs/research/experiment-plans/cross-model-applicability-v1/feedback-01.json"", ""sha256"": ""c229c9520bfe71dcf93ed89fa315835601390d3b73132662b7af27a6ad81d18f""}, ""recorded_at"": ""2026-09-17T18:10:11.377352+00:00""}"	False	A_fixed_insult
CMAD-HP-Q3-L0-D01S	CMAD-HP-Q3	HP-Q3	CMAD-HP	L0	D01S	label_mapping_diagnostic	[]	"[""CMAD-HP-D-L-P-SWAP"", ""CMAD-HP-D-ANCHOR-SWAP""]"	"[""无"", ""有""]"	semantic_reference_fit	none	present	d50371b4ced993733018ba7f5a6509aadd0da1cff504de41a7455a8cde470efd	"{""decision_id"": ""CMAD-review-01"", ""authorship"": ""ai"", ""review_kind"": ""human_with_ai"", ""adoption"": ""bulk"", ""decision_ref"": {""path"": ""docs/research/experiment-plans/cross-model-applicability-v1/feedback-01.json"", ""sha256"": ""c229c9520bfe71dcf93ed89fa315835601390d3b73132662b7af27a6ad81d18f""}, ""recorded_at"": ""2026-09-17T18:10:11.377352+00:00""}"	False	A_fixed_insult
CMAD-HP-Q3-L1-D10S	CMAD-HP-Q3	HP-Q3	CMAD-HP	L1	D10S	label_mapping_diagnostic	"[""CMAD-HP-L1""]"	"[""CMAD-HP-D-F-A-SWAP"", ""CMAD-HP-D-ANCHOR-SWAP""]"	"[""无"", ""有""]"	semantic_reference_fit	direct	absent	e1575b7a60fbae7bbdab5996e20de2a0d2de3ed389affec189d59f86e4443fe0	"{""decision_id"": ""CMAD-review-01"", ""authorship"": ""ai"", ""review_kind"": ""human_with_ai"", ""adoption"": ""bulk"", ""decision_ref"": {""path"": ""docs/research/experiment-plans/cross-model-applicability-v1/feedback-01.json"", ""sha256"": ""c229c9520bfe71dcf93ed89fa315835601390d3b73132662b7af27a6ad81d18f""}, ""recorded_at"": ""2026-09-17T18:10:11.377352+00:00""}"	False	A_fixed_insult
CMAD-HP-Q3-L1-D01S	CMAD-HP-Q3	HP-Q3	CMAD-HP	L1	D01S	label_mapping_diagnostic	"[""CMAD-HP-L1""]"	"[""CMAD-HP-D-L-P-SWAP"", ""CMAD-HP-D-ANCHOR-SWAP""]"	"[""无"", ""有""]"	semantic_reference_fit	none	present	743f3870ff0d870492915bee048b28bc6a514331ed5542399843e3898800b1f5	"{""decision_id"": ""CMAD-review-01"", ""authorship"": ""ai"", ""review_kind"": ""human_with_ai"", ""adoption"": ""bulk"", ""decision_ref"": {""path"": ""docs/research/experiment-plans/cross-model-applicability-v1/feedback-01.json"", ""sha256"": ""c229c9520bfe71dcf93ed89fa315835601390d3b73132662b7af27a6ad81d18f""}, ""recorded_at"": ""2026-09-17T18:10:11.377352+00:00""}"	False	A_fixed_insult
CMAD-HP-Q3-L2-D10S	CMAD-HP-Q3	HP-Q3	CMAD-HP	L2	D10S	label_mapping_diagnostic	"[""CMAD-HP-L2""]"	"[""CMAD-HP-D-F-A-SWAP"", ""CMAD-HP-D-ANCHOR-SWAP""]"	"[""无"", ""有""]"	semantic_reference_fit	direct	absent	788d2945f99464e3ecf4c0b5206dc244b3f5aa11ce6a4020f7de4f27bfcd48c5	"{""decision_id"": ""CMAD-review-01"", ""authorship"": ""ai"", ""review_kind"": ""human_with_ai"", ""adoption"": ""bulk"", ""decision_ref"": {""path"": ""docs/research/experiment-plans/cross-model-applicability-v1/feedback-01.json"", ""sha256"": ""c229c9520bfe71dcf93ed89fa315835601390d3b73132662b7af27a6ad81d18f""}, ""recorded_at"": ""2026-09-17T18:10:11.377352+00:00""}"	False	A_fixed_insult
CMAD-HP-Q3-L2-D01S	CMAD-HP-Q3	HP-Q3	CMAD-HP	L2	D01S	label_mapping_diagnostic	"[""CMAD-HP-L2""]"	"[""CMAD-HP-D-L-P-SWAP"", ""CMAD-HP-D-ANCHOR-SWAP""]"	"[""无"", ""有""]"	semantic_reference_fit	none	present	f84aa3aee1bd5d1811357a6eb48aad3bdb4034b057606488e042f952c9486e57	"{""decision_id"": ""CMAD-review-01"", ""authorship"": ""ai"", ""review_kind"": ""human_with_ai"", ""adoption"": ""bulk"", ""decision_ref"": {""path"": ""docs/research/experiment-plans/cross-model-applicability-v1/feedback-01.json"", ""sha256"": ""c229c9520bfe71dcf93ed89fa315835601390d3b73132662b7af27a6ad81d18f""}, ""recorded_at"": ""2026-09-17T18:10:11.377352+00:00""}"	False	A_fixed_insult
CMAD-HP-Q4-L0-D0	CMAD-HP-Q4	HP-Q4	CMAD-HP	L0	D0	core	[]	[]	[]	semantic_reference_fit			4eb175aaad44d24bcb7d3e440800da36cbcc41cd57314dff5f7bb27f5d005118	"{""decision_id"": ""CMAD-review-01"", ""authorship"": ""ai"", ""review_kind"": ""human_with_ai"", ""adoption"": ""bulk"", ""decision_ref"": {""path"": ""docs/research/experiment-plans/cross-model-applicability-v1/feedback-01.json"", ""sha256"": ""c229c9520bfe71dcf93ed89fa315835601390d3b73132662b7af27a6ad81d18f""}, ""recorded_at"": ""2026-09-17T18:10:11.377352+00:00""}"	False	A_fixed_insult
CMAD-HP-Q4-L0-D11	CMAD-HP-Q4	HP-Q4	CMAD-HP	L0	D11	core	[]	"[""CMAD-HP-D-F-P"", ""CMAD-HP-D-ANCHOR""]"	"[""有"", ""无""]"	semantic_reference_fit	direct	present	ada106c709dc60561f0ff7ac7d76ee6990686fa0620a3118e16b67528995692e	"{""decision_id"": ""CMAD-review-01"", ""authorship"": ""ai"", ""review_kind"": ""human_with_ai"", ""adoption"": ""bulk"", ""decision_ref"": {""path"": ""docs/research/experiment-plans/cross-model-applicability-v1/feedback-01.json"", ""sha256"": ""c229c9520bfe71dcf93ed89fa315835601390d3b73132662b7af27a6ad81d18f""}, ""recorded_at"": ""2026-09-17T18:10:11.377352+00:00""}"	False	A_fixed_insult
CMAD-HP-Q4-L0-D10	CMAD-HP-Q4	HP-Q4	CMAD-HP	L0	D10	core	[]	"[""CMAD-HP-D-F-A"", ""CMAD-HP-D-ANCHOR""]"	"[""有"", ""无""]"	semantic_reference_fit	direct	absent	13a364981cc8b4a9be7542bacc630f4f236d00811247f71dcf47a684059cd4ba	"{""decision_id"": ""CMAD-review-01"", ""authorship"": ""ai"", ""review_kind"": ""human_with_ai"", ""adoption"": ""bulk"", ""decision_ref"": {""path"": ""docs/research/experiment-plans/cross-model-applicability-v1/feedback-01.json"", ""sha256"": ""c229c9520bfe71dcf93ed89fa315835601390d3b73132662b7af27a6ad81d18f""}, ""recorded_at"": ""2026-09-17T18:10:11.377352+00:00""}"	False	A_fixed_insult
CMAD-HP-Q4-L0-D01	CMAD-HP-Q4	HP-Q4	CMAD-HP	L0	D01	core	[]	"[""CMAD-HP-D-L-P"", ""CMAD-HP-D-ANCHOR""]"	"[""有"", ""无""]"	semantic_reference_fit	none	present	b9307182a3c4f336abf71d1a081eac42a53f3995f3b9fdde95c8cf40b8f4724b	"{""decision_id"": ""CMAD-review-01"", ""authorship"": ""ai"", ""review_kind"": ""human_with_ai"", ""adoption"": ""bulk"", ""decision_ref"": {""path"": ""docs/research/experiment-plans/cross-model-applicability-v1/feedback-01.json"", ""sha256"": ""c229c9520bfe71dcf93ed89fa315835601390d3b73132662b7af27a6ad81d18f""}, ""recorded_at"": ""2026-09-17T18:10:11.377352+00:00""}"	False	A_fixed_insult
CMAD-HP-Q4-L0-D00	CMAD-HP-Q4	HP-Q4	CMAD-HP	L0	D00	core	[]	"[""CMAD-HP-D-L-A"", ""CMAD-HP-D-ANCHOR""]"	"[""有"", ""无""]"	semantic_reference_fit	none	absent	ec3bd0b258ecbd1dc9457157b3f3c1acdaef905a31f22afe009bb6a17bbbbf9a	"{""decision_id"": ""CMAD-review-01"", ""authorship"": ""ai"", ""review_kind"": ""human_with_ai"", ""adoption"": ""bulk"", ""decision_ref"": {""path"": ""docs/research/experiment-plans/cross-model-applicability-v1/feedback-01.json"", ""sha256"": ""c229c9520bfe71dcf93ed89fa315835601390d3b73132662b7af27a6ad81d18f""}, ""recorded_at"": ""2026-09-17T18:10:11.377352+00:00""}"	False	A_fixed_insult
CMAD-HP-Q4-L1-D0	CMAD-HP-Q4	HP-Q4	CMAD-HP	L1	D0	core	"[""CMAD-HP-L1""]"	[]	[]	semantic_reference_fit			bce48b048a6c61283cc821e9e01c5a40f8e3807a90217c2a6240c0db8ad8fe5d	"{""decision_id"": ""CMAD-review-01"", ""authorship"": ""ai"", ""review_kind"": ""human_with_ai"", ""adoption"": ""bulk"", ""decision_ref"": {""path"": ""docs/research/experiment-plans/cross-model-applicability-v1/feedback-01.json"", ""sha256"": ""c229c9520bfe71dcf93ed89fa315835601390d3b73132662b7af27a6ad81d18f""}, ""recorded_at"": ""2026-09-17T18:10:11.377352+00:00""}"	False	A_fixed_insult
CMAD-HP-Q4-L1-D11	CMAD-HP-Q4	HP-Q4	CMAD-HP	L1	D11	core	"[""CMAD-HP-L1""]"	"[""CMAD-HP-D-F-P"", ""CMAD-HP-D-ANCHOR""]"	"[""有"", ""无""]"	semantic_reference_fit	direct	present	086363a7891015910aa2ca53019fd8f860d2d17b19e9a2b43d68d9c696f49d89	"{""decision_id"": ""CMAD-review-01"", ""authorship"": ""ai"", ""review_kind"": ""human_with_ai"", ""adoption"": ""bulk"", ""decision_ref"": {""path"": ""docs/research/experiment-plans/cross-model-applicability-v1/feedback-01.json"", ""sha256"": ""c229c9520bfe71dcf93ed89fa315835601390d3b73132662b7af27a6ad81d18f""}, ""recorded_at"": ""2026-09-17T18:10:11.377352+00:00""}"	False	A_fixed_insult
CMAD-HP-Q4-L1-D10	CMAD-HP-Q4	HP-Q4	CMAD-HP	L1	D10	core	"[""CMAD-HP-L1""]"	"[""CMAD-HP-D-F-A"", ""CMAD-HP-D-ANCHOR""]"	"[""有"", ""无""]"	semantic_reference_fit	direct	absent	7c40307baa2f8c3b9868cbc91ea3d9251922dda44a35a01e6995a1d1ec741d57	"{""decision_id"": ""CMAD-review-01"", ""authorship"": ""ai"", ""review_kind"": ""human_with_ai"", ""adoption"": ""bulk"", ""decision_ref"": {""path"": ""docs/research/experiment-plans/cross-model-applicability-v1/feedback-01.json"", ""sha256"": ""c229c9520bfe71dcf93ed89fa315835601390d3b73132662b7af27a6ad81d18f""}, ""recorded_at"": ""2026-09-17T18:10:11.377352+00:00""}"	False	A_fixed_insult
CMAD-HP-Q4-L1-D01	CMAD-HP-Q4	HP-Q4	CMAD-HP	L1	D01	core	"[""CMAD-HP-L1""]"	"[""CMAD-HP-D-L-P"", ""CMAD-HP-D-ANCHOR""]"	"[""有"", ""无""]"	semantic_reference_fit	none	present	b4aa80a716a474c49188be624fac3a780518ea2586716f195072a0951b148fd2	"{""decision_id"": ""CMAD-review-01"", ""authorship"": ""ai"", ""review_kind"": ""human_with_ai"", ""adoption"": ""bulk"", ""decision_ref"": {""path"": ""docs/research/experiment-plans/cross-model-applicability-v1/feedback-01.json"", ""sha256"": ""c229c9520bfe71dcf93ed89fa315835601390d3b73132662b7af27a6ad81d18f""}, ""recorded_at"": ""2026-09-17T18:10:11.377352+00:00""}"	False	A_fixed_insult
CMAD-HP-Q4-L1-D00	CMAD-HP-Q4	HP-Q4	CMAD-HP	L1	D00	core	"[""CMAD-HP-L1""]"	"[""CMAD-HP-D-L-A"", ""CMAD-HP-D-ANCHOR""]"	"[""有"", ""无""]"	semantic_reference_fit	none	absent	f2d6309de31d6a0f50933bdea552e01106d53fdbd8fb8d51ef1ad01b856eecab	"{""decision_id"": ""CMAD-review-01"", ""authorship"": ""ai"", ""review_kind"": ""human_with_ai"", ""adoption"": ""bulk"", ""decision_ref"": {""path"": ""docs/research/experiment-plans/cross-model-applicability-v1/feedback-01.json"", ""sha256"": ""c229c9520bfe71dcf93ed89fa315835601390d3b73132662b7af27a6ad81d18f""}, ""recorded_at"": ""2026-09-17T18:10:11.377352+00:00""}"	False	A_fixed_insult
CMAD-HP-Q4-L2-D0	CMAD-HP-Q4	HP-Q4	CMAD-HP	L2	D0	core	"[""CMAD-HP-L2""]"	[]	[]	semantic_reference_fit			6e5670567b93cc87e7b36acafc0acd4076f75225b106e089e65b6a3d4a9f0d72	"{""decision_id"": ""CMAD-review-01"", ""authorship"": ""ai"", ""review_kind"": ""human_with_ai"", ""adoption"": ""bulk"", ""decision_ref"": {""path"": ""docs/research/experiment-plans/cross-model-applicability-v1/feedback-01.json"", ""sha256"": ""c229c9520bfe71dcf93ed89fa315835601390d3b73132662b7af27a6ad81d18f""}, ""recorded_at"": ""2026-09-17T18:10:11.377352+00:00""}"	False	A_fixed_insult
CMAD-HP-Q4-L2-D11	CMAD-HP-Q4	HP-Q4	CMAD-HP	L2	D11	core	"[""CMAD-HP-L2""]"	"[""CMAD-HP-D-F-P"", ""CMAD-HP-D-ANCHOR""]"	"[""有"", ""无""]"	semantic_reference_fit	direct	present	5af4eb2a3f0122d0efaf37be5b003137e6e301a9cdaec5f24f18cfca7607efe2	"{""decision_id"": ""CMAD-review-01"", ""authorship"": ""ai"", ""review_kind"": ""human_with_ai"", ""adoption"": ""bulk"", ""decision_ref"": {""path"": ""docs/research/experiment-plans/cross-model-applicability-v1/feedback-01.json"", ""sha256"": ""c229c9520bfe71dcf93ed89fa315835601390d3b73132662b7af27a6ad81d18f""}, ""recorded_at"": ""2026-09-17T18:10:11.377352+00:00""}"	False	A_fixed_insult
CMAD-HP-Q4-L2-D10	CMAD-HP-Q4	HP-Q4	CMAD-HP	L2	D10	core	"[""CMAD-HP-L2""]"	"[""CMAD-HP-D-F-A"", ""CMAD-HP-D-ANCHOR""]"	"[""有"", ""无""]"	semantic_reference_fit	direct	absent	82a383110e2d9594d03ba67fb58f81a275baf75ceaaffe2bfcd9d6f426ab7409	"{""decision_id"": ""CMAD-review-01"", ""authorship"": ""ai"", ""review_kind"": ""human_with_ai"", ""adoption"": ""bulk"", ""decision_ref"": {""path"": ""docs/research/experiment-plans/cross-model-applicability-v1/feedback-01.json"", ""sha256"": ""c229c9520bfe71dcf93ed89fa315835601390d3b73132662b7af27a6ad81d18f""}, ""recorded_at"": ""2026-09-17T18:10:11.377352+00:00""}"	False	A_fixed_insult
CMAD-HP-Q4-L2-D01	CMAD-HP-Q4	HP-Q4	CMAD-HP	L2	D01	core	"[""CMAD-HP-L2""]"	"[""CMAD-HP-D-L-P"", ""CMAD-HP-D-ANCHOR""]"	"[""有"", ""无""]"	semantic_reference_fit	none	present	bd4e40438df82bb5000e3c315bcd05f0abf77cdc064c363ab33e91607681d220	"{""decision_id"": ""CMAD-review-01"", ""authorship"": ""ai"", ""review_kind"": ""human_with_ai"", ""adoption"": ""bulk"", ""decision_ref"": {""path"": ""docs/research/experiment-plans/cross-model-applicability-v1/feedback-01.json"", ""sha256"": ""c229c9520bfe71dcf93ed89fa315835601390d3b73132662b7af27a6ad81d18f""}, ""recorded_at"": ""2026-09-17T18:10:11.377352+00:00""}"	False	A_fixed_insult
CMAD-HP-Q4-L2-D00	CMAD-HP-Q4	HP-Q4	CMAD-HP	L2	D00	core	"[""CMAD-HP-L2""]"	"[""CMAD-HP-D-L-A"", ""CMAD-HP-D-ANCHOR""]"	"[""有"", ""无""]"	semantic_reference_fit	none	absent	ec12104762fb09f5f8caf990f1601145b4b16776f7681894f29c8a876cb39124	"{""decision_id"": ""CMAD-review-01"", ""authorship"": ""ai"", ""review_kind"": ""human_with_ai"", ""adoption"": ""bulk"", ""decision_ref"": {""path"": ""docs/research/experiment-plans/cross-model-applicability-v1/feedback-01.json"", ""sha256"": ""c229c9520bfe71dcf93ed89fa315835601390d3b73132662b7af27a6ad81d18f""}, ""recorded_at"": ""2026-09-17T18:10:11.377352+00:00""}"	False	A_fixed_insult
CMAD-HP-Q4-N-D0	CMAD-HP-Q4	HP-Q4	CMAD-HP	N	D0	neutral_diagnostic	"[""CMAD-HP-N""]"	[]	[]	semantic_reference_fit			ae843f95f70643db75468031496ebac9cc96e30203145ac01ff76e147dd76373	"{""decision_id"": ""CMAD-review-01"", ""authorship"": ""ai"", ""review_kind"": ""human_with_ai"", ""adoption"": ""bulk"", ""decision_ref"": {""path"": ""docs/research/experiment-plans/cross-model-applicability-v1/feedback-01.json"", ""sha256"": ""c229c9520bfe71dcf93ed89fa315835601390d3b73132662b7af27a6ad81d18f""}, ""recorded_at"": ""2026-09-17T18:10:11.377352+00:00""}"	False	A_fixed_insult
CMAD-HP-Q4-N-D10	CMAD-HP-Q4	HP-Q4	CMAD-HP	N	D10	neutral_diagnostic	"[""CMAD-HP-N""]"	"[""CMAD-HP-D-F-A"", ""CMAD-HP-D-ANCHOR""]"	"[""有"", ""无""]"	semantic_reference_fit	direct	absent	fc852d5952dacbd5ca32cb0067ac63fb528e96bf9dfd1bc5319fbdee28d01e46	"{""decision_id"": ""CMAD-review-01"", ""authorship"": ""ai"", ""review_kind"": ""human_with_ai"", ""adoption"": ""bulk"", ""decision_ref"": {""path"": ""docs/research/experiment-plans/cross-model-applicability-v1/feedback-01.json"", ""sha256"": ""c229c9520bfe71dcf93ed89fa315835601390d3b73132662b7af27a6ad81d18f""}, ""recorded_at"": ""2026-09-17T18:10:11.377352+00:00""}"	False	A_fixed_insult
CMAD-HP-Q4-N-D01	CMAD-HP-Q4	HP-Q4	CMAD-HP	N	D01	neutral_diagnostic	"[""CMAD-HP-N""]"	"[""CMAD-HP-D-L-P"", ""CMAD-HP-D-ANCHOR""]"	"[""有"", ""无""]"	semantic_reference_fit	none	present	67bbac2f8c59b3e38ccc350f57df6e00b6b5c0db8c1b4f72991f8e7bccfe533b	"{""decision_id"": ""CMAD-review-01"", ""authorship"": ""ai"", ""review_kind"": ""human_with_ai"", ""adoption"": ""bulk"", ""decision_ref"": {""path"": ""docs/research/experiment-plans/cross-model-applicability-v1/feedback-01.json"", ""sha256"": ""c229c9520bfe71dcf93ed89fa315835601390d3b73132662b7af27a6ad81d18f""}, ""recorded_at"": ""2026-09-17T18:10:11.377352+00:00""}"	False	A_fixed_insult
CMAD-HP-Q4-L0-D10S	CMAD-HP-Q4	HP-Q4	CMAD-HP	L0	D10S	label_mapping_diagnostic	[]	"[""CMAD-HP-D-F-A-SWAP"", ""CMAD-HP-D-ANCHOR-SWAP""]"	"[""无"", ""有""]"	semantic_reference_fit	direct	absent	2d9962acc58b27d97b71911b9e8b07811ed5f8451b4724e3c2f87d5c5cbfb863	"{""decision_id"": ""CMAD-review-01"", ""authorship"": ""ai"", ""review_kind"": ""human_with_ai"", ""adoption"": ""bulk"", ""decision_ref"": {""path"": ""docs/research/experiment-plans/cross-model-applicability-v1/feedback-01.json"", ""sha256"": ""c229c9520bfe71dcf93ed89fa315835601390d3b73132662b7af27a6ad81d18f""}, ""recorded_at"": ""2026-09-17T18:10:11.377352+00:00""}"	False	A_fixed_insult
CMAD-HP-Q4-L0-D01S	CMAD-HP-Q4	HP-Q4	CMAD-HP	L0	D01S	label_mapping_diagnostic	[]	"[""CMAD-HP-D-L-P-SWAP"", ""CMAD-HP-D-ANCHOR-SWAP""]"	"[""无"", ""有""]"	semantic_reference_fit	none	present	e7e40921bb30dcf0dc4ced1a63508d3bf8033979ae7ea5cd5604736490761f45	"{""decision_id"": ""CMAD-review-01"", ""authorship"": ""ai"", ""review_kind"": ""human_with_ai"", ""adoption"": ""bulk"", ""decision_ref"": {""path"": ""docs/research/experiment-plans/cross-model-applicability-v1/feedback-01.json"", ""sha256"": ""c229c9520bfe71dcf93ed89fa315835601390d3b73132662b7af27a6ad81d18f""}, ""recorded_at"": ""2026-09-17T18:10:11.377352+00:00""}"	False	A_fixed_insult
CMAD-HP-Q4-L1-D10S	CMAD-HP-Q4	HP-Q4	CMAD-HP	L1	D10S	label_mapping_diagnostic	"[""CMAD-HP-L1""]"	"[""CMAD-HP-D-F-A-SWAP"", ""CMAD-HP-D-ANCHOR-SWAP""]"	"[""无"", ""有""]"	semantic_reference_fit	direct	absent	124b7eedbd66d198b7446806962078e448e17f332387728fbb2cb10968a0d1c9	"{""decision_id"": ""CMAD-review-01"", ""authorship"": ""ai"", ""review_kind"": ""human_with_ai"", ""adoption"": ""bulk"", ""decision_ref"": {""path"": ""docs/research/experiment-plans/cross-model-applicability-v1/feedback-01.json"", ""sha256"": ""c229c9520bfe71dcf93ed89fa315835601390d3b73132662b7af27a6ad81d18f""}, ""recorded_at"": ""2026-09-17T18:10:11.377352+00:00""}"	False	A_fixed_insult
CMAD-HP-Q4-L1-D01S	CMAD-HP-Q4	HP-Q4	CMAD-HP	L1	D01S	label_mapping_diagnostic	"[""CMAD-HP-L1""]"	"[""CMAD-HP-D-L-P-SWAP"", ""CMAD-HP-D-ANCHOR-SWAP""]"	"[""无"", ""有""]"	semantic_reference_fit	none	present	87ba5aed2d59328583cf1996a4396ec7e418be61881caef03560e76573b3df36	"{""decision_id"": ""CMAD-review-01"", ""authorship"": ""ai"", ""review_kind"": ""human_with_ai"", ""adoption"": ""bulk"", ""decision_ref"": {""path"": ""docs/research/experiment-plans/cross-model-applicability-v1/feedback-01.json"", ""sha256"": ""c229c9520bfe71dcf93ed89fa315835601390d3b73132662b7af27a6ad81d18f""}, ""recorded_at"": ""2026-09-17T18:10:11.377352+00:00""}"	False	A_fixed_insult
CMAD-HP-Q4-L2-D10S	CMAD-HP-Q4	HP-Q4	CMAD-HP	L2	D10S	label_mapping_diagnostic	"[""CMAD-HP-L2""]"	"[""CMAD-HP-D-F-A-SWAP"", ""CMAD-HP-D-ANCHOR-SWAP""]"	"[""无"", ""有""]"	semantic_reference_fit	direct	absent	fee0e880fd8f9c613321f3e1185cc561d25c762deac8c8bab3fcd1027c4570fe	"{""decision_id"": ""CMAD-review-01"", ""authorship"": ""ai"", ""review_kind"": ""human_with_ai"", ""adoption"": ""bulk"", ""decision_ref"": {""path"": ""docs/research/experiment-plans/cross-model-applicability-v1/feedback-01.json"", ""sha256"": ""c229c9520bfe71dcf93ed89fa315835601390d3b73132662b7af27a6ad81d18f""}, ""recorded_at"": ""2026-09-17T18:10:11.377352+00:00""}"	False	A_fixed_insult
CMAD-HP-Q4-L2-D01S	CMAD-HP-Q4	HP-Q4	CMAD-HP	L2	D01S	label_mapping_diagnostic	"[""CMAD-HP-L2""]"	"[""CMAD-HP-D-L-P-SWAP"", ""CMAD-HP-D-ANCHOR-SWAP""]"	"[""无"", ""有""]"	semantic_reference_fit	none	present	24556cf572813ed31a314c16876216444c285e981efabfdcd7af1f7fc2cef0e8	"{""decision_id"": ""CMAD-review-01"", ""authorship"": ""ai"", ""review_kind"": ""human_with_ai"", ""adoption"": ""bulk"", ""decision_ref"": {""path"": ""docs/research/experiment-plans/cross-model-applicability-v1/feedback-01.json"", ""sha256"": ""c229c9520bfe71dcf93ed89fa315835601390d3b73132662b7af27a6ad81d18f""}, ""recorded_at"": ""2026-09-17T18:10:11.377352+00:00""}"	False	A_fixed_insult
CMAD-XC-Q1-L0-D0	CMAD-XC-Q1	XC-Q1	CMAD-XC	L0	D0	core	[]	[]	[]	semantic_reference_fit			1fcce6592a7ee0cc42ac743ed76637bb0df3c958bf0552ccd3b3e39ab915378b	"{""decision_id"": ""CMAD-review-01"", ""authorship"": ""ai"", ""review_kind"": ""human_with_ai"", ""adoption"": ""bulk"", ""decision_ref"": {""path"": ""docs/research/experiment-plans/cross-model-applicability-v1/feedback-01.json"", ""sha256"": ""c229c9520bfe71dcf93ed89fa315835601390d3b73132662b7af27a6ad81d18f""}, ""recorded_at"": ""2026-09-17T18:10:11.377352+00:00""}"	False	A_fixed_insult
CMAD-XC-Q1-L0-D11	CMAD-XC-Q1	XC-Q1	CMAD-XC	L0	D11	core	[]	"[""CMAD-XC-D-L-P"", ""CMAD-XC-D-ANCHOR""]"	"[""有"", ""无""]"	semantic_reference_fit	direct	present	c1b672614b08f19f8bf72ee01d9faeb4a4ab5e6a7adcb895d95016f7b9b0442c	"{""decision_id"": ""CMAD-review-01"", ""authorship"": ""ai"", ""review_kind"": ""human_with_ai"", ""adoption"": ""bulk"", ""decision_ref"": {""path"": ""docs/research/experiment-plans/cross-model-applicability-v1/feedback-01.json"", ""sha256"": ""c229c9520bfe71dcf93ed89fa315835601390d3b73132662b7af27a6ad81d18f""}, ""recorded_at"": ""2026-09-17T18:10:11.377352+00:00""}"	False	A_fixed_insult
CMAD-XC-Q1-L0-D10	CMAD-XC-Q1	XC-Q1	CMAD-XC	L0	D10	core	[]	"[""CMAD-XC-D-L-A"", ""CMAD-XC-D-ANCHOR""]"	"[""有"", ""无""]"	semantic_reference_fit	direct	absent	5bd6ff6bf6c439c5fbbb6f0164902cbe0b8242016a034475c83e141c803b5ec8	"{""decision_id"": ""CMAD-review-01"", ""authorship"": ""ai"", ""review_kind"": ""human_with_ai"", ""adoption"": ""bulk"", ""decision_ref"": {""path"": ""docs/research/experiment-plans/cross-model-applicability-v1/feedback-01.json"", ""sha256"": ""c229c9520bfe71dcf93ed89fa315835601390d3b73132662b7af27a6ad81d18f""}, ""recorded_at"": ""2026-09-17T18:10:11.377352+00:00""}"	False	A_fixed_insult
CMAD-XC-Q1-L0-D01	CMAD-XC-Q1	XC-Q1	CMAD-XC	L0	D01	core	[]	"[""CMAD-XC-D-F-P"", ""CMAD-XC-D-ANCHOR""]"	"[""有"", ""无""]"	semantic_reference_fit	none	present	bc0dd56fac065979a9292f8e4e2fed9876227833a1f0fd345b15e23bbfa9f9ed	"{""decision_id"": ""CMAD-review-01"", ""authorship"": ""ai"", ""review_kind"": ""human_with_ai"", ""adoption"": ""bulk"", ""decision_ref"": {""path"": ""docs/research/experiment-plans/cross-model-applicability-v1/feedback-01.json"", ""sha256"": ""c229c9520bfe71dcf93ed89fa315835601390d3b73132662b7af27a6ad81d18f""}, ""recorded_at"": ""2026-09-17T18:10:11.377352+00:00""}"	False	A_fixed_insult
CMAD-XC-Q1-L0-D00	CMAD-XC-Q1	XC-Q1	CMAD-XC	L0	D00	core	[]	"[""CMAD-XC-D-F-A"", ""CMAD-XC-D-ANCHOR""]"	"[""有"", ""无""]"	semantic_reference_fit	none	absent	f648ad463f3f4ce9416b9f2d431e6f6676bd8f93498de5a5fcfee96972716521	"{""decision_id"": ""CMAD-review-01"", ""authorship"": ""ai"", ""review_kind"": ""human_with_ai"", ""adoption"": ""bulk"", ""decision_ref"": {""path"": ""docs/research/experiment-plans/cross-model-applicability-v1/feedback-01.json"", ""sha256"": ""c229c9520bfe71dcf93ed89fa315835601390d3b73132662b7af27a6ad81d18f""}, ""recorded_at"": ""2026-09-17T18:10:11.377352+00:00""}"	False	A_fixed_insult
CMAD-XC-Q1-L1-D0	CMAD-XC-Q1	XC-Q1	CMAD-XC	L1	D0	core	"[""CMAD-XC-L1""]"	[]	[]	semantic_reference_fit			552e78e408937248a334e3671bf433bc4ba7ad9dae78ac9e4a246c324cc36cad	"{""decision_id"": ""CMAD-review-01"", ""authorship"": ""ai"", ""review_kind"": ""human_with_ai"", ""adoption"": ""bulk"", ""decision_ref"": {""path"": ""docs/research/experiment-plans/cross-model-applicability-v1/feedback-01.json"", ""sha256"": ""c229c9520bfe71dcf93ed89fa315835601390d3b73132662b7af27a6ad81d18f""}, ""recorded_at"": ""2026-09-17T18:10:11.377352+00:00""}"	False	A_fixed_insult
CMAD-XC-Q1-L1-D11	CMAD-XC-Q1	XC-Q1	CMAD-XC	L1	D11	core	"[""CMAD-XC-L1""]"	"[""CMAD-XC-D-L-P"", ""CMAD-XC-D-ANCHOR""]"	"[""有"", ""无""]"	semantic_reference_fit	direct	present	37eb7963b6f44a10951f6cd0a7f8f23a189b74b08628035bab245935bd97ee10	"{""decision_id"": ""CMAD-review-01"", ""authorship"": ""ai"", ""review_kind"": ""human_with_ai"", ""adoption"": ""bulk"", ""decision_ref"": {""path"": ""docs/research/experiment-plans/cross-model-applicability-v1/feedback-01.json"", ""sha256"": ""c229c9520bfe71dcf93ed89fa315835601390d3b73132662b7af27a6ad81d18f""}, ""recorded_at"": ""2026-09-17T18:10:11.377352+00:00""}"	False	A_fixed_insult
CMAD-XC-Q1-L1-D10	CMAD-XC-Q1	XC-Q1	CMAD-XC	L1	D10	core	"[""CMAD-XC-L1""]"	"[""CMAD-XC-D-L-A"", ""CMAD-XC-D-ANCHOR""]"	"[""有"", ""无""]"	semantic_reference_fit	direct	absent	ca1e92167fd13539e43293fd26afa8b5bce341bdc74e9c85707b3c16fd667ff2	"{""decision_id"": ""CMAD-review-01"", ""authorship"": ""ai"", ""review_kind"": ""human_with_ai"", ""adoption"": ""bulk"", ""decision_ref"": {""path"": ""docs/research/experiment-plans/cross-model-applicability-v1/feedback-01.json"", ""sha256"": ""c229c9520bfe71dcf93ed89fa315835601390d3b73132662b7af27a6ad81d18f""}, ""recorded_at"": ""2026-09-17T18:10:11.377352+00:00""}"	False	A_fixed_insult
CMAD-XC-Q1-L1-D01	CMAD-XC-Q1	XC-Q1	CMAD-XC	L1	D01	core	"[""CMAD-XC-L1""]"	"[""CMAD-XC-D-F-P"", ""CMAD-XC-D-ANCHOR""]"	"[""有"", ""无""]"	semantic_reference_fit	none	present	2e84ca6b17e8643da1ae5130f5c67d60106da0805222dc42ec2427e0f6a6875e	"{""decision_id"": ""CMAD-review-01"", ""authorship"": ""ai"", ""review_kind"": ""human_with_ai"", ""adoption"": ""bulk"", ""decision_ref"": {""path"": ""docs/research/experiment-plans/cross-model-applicability-v1/feedback-01.json"", ""sha256"": ""c229c9520bfe71dcf93ed89fa315835601390d3b73132662b7af27a6ad81d18f""}, ""recorded_at"": ""2026-09-17T18:10:11.377352+00:00""}"	False	A_fixed_insult
CMAD-XC-Q1-L1-D00	CMAD-XC-Q1	XC-Q1	CMAD-XC	L1	D00	core	"[""CMAD-XC-L1""]"	"[""CMAD-XC-D-F-A"", ""CMAD-XC-D-ANCHOR""]"	"[""有"", ""无""]"	semantic_reference_fit	none	absent	2e7e1c61796a51b89ed92947ab66b5e82fe300eebfc3a2e3b0146ce33a05063f	"{""decision_id"": ""CMAD-review-01"", ""authorship"": ""ai"", ""review_kind"": ""human_with_ai"", ""adoption"": ""bulk"", ""decision_ref"": {""path"": ""docs/research/experiment-plans/cross-model-applicability-v1/feedback-01.json"", ""sha256"": ""c229c9520bfe71dcf93ed89fa315835601390d3b73132662b7af27a6ad81d18f""}, ""recorded_at"": ""2026-09-17T18:10:11.377352+00:00""}"	False	A_fixed_insult
CMAD-XC-Q1-L2-D0	CMAD-XC-Q1	XC-Q1	CMAD-XC	L2	D0	core	"[""CMAD-XC-L2""]"	[]	[]	semantic_reference_fit			6fd334b0a885704ed2799c9518257857a12a9ef60e4352ff1d724a5874ec2d99	"{""decision_id"": ""CMAD-review-01"", ""authorship"": ""ai"", ""review_kind"": ""human_with_ai"", ""adoption"": ""bulk"", ""decision_ref"": {""path"": ""docs/research/experiment-plans/cross-model-applicability-v1/feedback-01.json"", ""sha256"": ""c229c9520bfe71dcf93ed89fa315835601390d3b73132662b7af27a6ad81d18f""}, ""recorded_at"": ""2026-09-17T18:10:11.377352+00:00""}"	False	A_fixed_insult
CMAD-XC-Q1-L2-D11	CMAD-XC-Q1	XC-Q1	CMAD-XC	L2	D11	core	"[""CMAD-XC-L2""]"	"[""CMAD-XC-D-L-P"", ""CMAD-XC-D-ANCHOR""]"	"[""有"", ""无""]"	semantic_reference_fit	direct	present	6ee13a30ae8b5ba4d40134b13305b320d55398d8533ac028ed1a3d575357d856	"{""decision_id"": ""CMAD-review-01"", ""authorship"": ""ai"", ""review_kind"": ""human_with_ai"", ""adoption"": ""bulk"", ""decision_ref"": {""path"": ""docs/research/experiment-plans/cross-model-applicability-v1/feedback-01.json"", ""sha256"": ""c229c9520bfe71dcf93ed89fa315835601390d3b73132662b7af27a6ad81d18f""}, ""recorded_at"": ""2026-09-17T18:10:11.377352+00:00""}"	False	A_fixed_insult
CMAD-XC-Q1-L2-D10	CMAD-XC-Q1	XC-Q1	CMAD-XC	L2	D10	core	"[""CMAD-XC-L2""]"	"[""CMAD-XC-D-L-A"", ""CMAD-XC-D-ANCHOR""]"	"[""有"", ""无""]"	semantic_reference_fit	direct	absent	470ea26e423482eec60c9f0a222532758c228bc4e7355b4f11c9f1b0c2d83317	"{""decision_id"": ""CMAD-review-01"", ""authorship"": ""ai"", ""review_kind"": ""human_with_ai"", ""adoption"": ""bulk"", ""decision_ref"": {""path"": ""docs/research/experiment-plans/cross-model-applicability-v1/feedback-01.json"", ""sha256"": ""c229c9520bfe71dcf93ed89fa315835601390d3b73132662b7af27a6ad81d18f""}, ""recorded_at"": ""2026-09-17T18:10:11.377352+00:00""}"	False	A_fixed_insult
CMAD-XC-Q1-L2-D01	CMAD-XC-Q1	XC-Q1	CMAD-XC	L2	D01	core	"[""CMAD-XC-L2""]"	"[""CMAD-XC-D-F-P"", ""CMAD-XC-D-ANCHOR""]"	"[""有"", ""无""]"	semantic_reference_fit	none	present	47b2de7fa591266da17021fd3b0a7c2548a3c803f72a0733413045febbe8bf7b	"{""decision_id"": ""CMAD-review-01"", ""authorship"": ""ai"", ""review_kind"": ""human_with_ai"", ""adoption"": ""bulk"", ""decision_ref"": {""path"": ""docs/research/experiment-plans/cross-model-applicability-v1/feedback-01.json"", ""sha256"": ""c229c9520bfe71dcf93ed89fa315835601390d3b73132662b7af27a6ad81d18f""}, ""recorded_at"": ""2026-09-17T18:10:11.377352+00:00""}"	False	A_fixed_insult
CMAD-XC-Q1-L2-D00	CMAD-XC-Q1	XC-Q1	CMAD-XC	L2	D00	core	"[""CMAD-XC-L2""]"	"[""CMAD-XC-D-F-A"", ""CMAD-XC-D-ANCHOR""]"	"[""有"", ""无""]"	semantic_reference_fit	none	absent	c243b091f45cbf05f12d1155c6f8c94811110fd9e3334f3876c58b4ad49d5ff8	"{""decision_id"": ""CMAD-review-01"", ""authorship"": ""ai"", ""review_kind"": ""human_with_ai"", ""adoption"": ""bulk"", ""decision_ref"": {""path"": ""docs/research/experiment-plans/cross-model-applicability-v1/feedback-01.json"", ""sha256"": ""c229c9520bfe71dcf93ed89fa315835601390d3b73132662b7af27a6ad81d18f""}, ""recorded_at"": ""2026-09-17T18:10:11.377352+00:00""}"	False	A_fixed_insult
CMAD-XC-Q1-N-D0	CMAD-XC-Q1	XC-Q1	CMAD-XC	N	D0	neutral_diagnostic	"[""CMAD-XC-N""]"	[]	[]	semantic_reference_fit			07f76d6d3627a7829f58f358c5c335808ec505f39eb03267e0e7ffabdf8db58f	"{""decision_id"": ""CMAD-review-01"", ""authorship"": ""ai"", ""review_kind"": ""human_with_ai"", ""adoption"": ""bulk"", ""decision_ref"": {""path"": ""docs/research/experiment-plans/cross-model-applicability-v1/feedback-01.json"", ""sha256"": ""c229c9520bfe71dcf93ed89fa315835601390d3b73132662b7af27a6ad81d18f""}, ""recorded_at"": ""2026-09-17T18:10:11.377352+00:00""}"	False	A_fixed_insult
CMAD-XC-Q1-N-D10	CMAD-XC-Q1	XC-Q1	CMAD-XC	N	D10	neutral_diagnostic	"[""CMAD-XC-N""]"	"[""CMAD-XC-D-L-A"", ""CMAD-XC-D-ANCHOR""]"	"[""有"", ""无""]"	semantic_reference_fit	direct	absent	b49138d053e2f0940ed98da4c3c458e202c7c9fd62aa8971f20d04a0d3996351	"{""decision_id"": ""CMAD-review-01"", ""authorship"": ""ai"", ""review_kind"": ""human_with_ai"", ""adoption"": ""bulk"", ""decision_ref"": {""path"": ""docs/research/experiment-plans/cross-model-applicability-v1/feedback-01.json"", ""sha256"": ""c229c9520bfe71dcf93ed89fa315835601390d3b73132662b7af27a6ad81d18f""}, ""recorded_at"": ""2026-09-17T18:10:11.377352+00:00""}"	False	A_fixed_insult
CMAD-XC-Q1-N-D01	CMAD-XC-Q1	XC-Q1	CMAD-XC	N	D01	neutral_diagnostic	"[""CMAD-XC-N""]"	"[""CMAD-XC-D-F-P"", ""CMAD-XC-D-ANCHOR""]"	"[""有"", ""无""]"	semantic_reference_fit	none	present	e9c5a454a6f9ea0ca90388adb402f96ef06bc4d1e3865925fd878d8c9760b1fd	"{""decision_id"": ""CMAD-review-01"", ""authorship"": ""ai"", ""review_kind"": ""human_with_ai"", ""adoption"": ""bulk"", ""decision_ref"": {""path"": ""docs/research/experiment-plans/cross-model-applicability-v1/feedback-01.json"", ""sha256"": ""c229c9520bfe71dcf93ed89fa315835601390d3b73132662b7af27a6ad81d18f""}, ""recorded_at"": ""2026-09-17T18:10:11.377352+00:00""}"	False	A_fixed_insult
CMAD-XC-Q1-L0-D10S	CMAD-XC-Q1	XC-Q1	CMAD-XC	L0	D10S	label_mapping_diagnostic	[]	"[""CMAD-XC-D-L-A-SWAP"", ""CMAD-XC-D-ANCHOR-SWAP""]"	"[""无"", ""有""]"	semantic_reference_fit	direct	absent	fc5f693c0676205cf1985e15d91dec09ce6ac4dc99398123de9ab795b35e9709	"{""decision_id"": ""CMAD-review-01"", ""authorship"": ""ai"", ""review_kind"": ""human_with_ai"", ""adoption"": ""bulk"", ""decision_ref"": {""path"": ""docs/research/experiment-plans/cross-model-applicability-v1/feedback-01.json"", ""sha256"": ""c229c9520bfe71dcf93ed89fa315835601390d3b73132662b7af27a6ad81d18f""}, ""recorded_at"": ""2026-09-17T18:10:11.377352+00:00""}"	False	A_fixed_insult
CMAD-XC-Q1-L0-D01S	CMAD-XC-Q1	XC-Q1	CMAD-XC	L0	D01S	label_mapping_diagnostic	[]	"[""CMAD-XC-D-F-P-SWAP"", ""CMAD-XC-D-ANCHOR-SWAP""]"	"[""无"", ""有""]"	semantic_reference_fit	none	present	63150443ea241dbba8defc2d46c41185ce3d9db3b22cf19cdd88c6318a2e66c8	"{""decision_id"": ""CMAD-review-01"", ""authorship"": ""ai"", ""review_kind"": ""human_with_ai"", ""adoption"": ""bulk"", ""decision_ref"": {""path"": ""docs/research/experiment-plans/cross-model-applicability-v1/feedback-01.json"", ""sha256"": ""c229c9520bfe71dcf93ed89fa315835601390d3b73132662b7af27a6ad81d18f""}, ""recorded_at"": ""2026-09-17T18:10:11.377352+00:00""}"	False	A_fixed_insult
CMAD-XC-Q1-L1-D10S	CMAD-XC-Q1	XC-Q1	CMAD-XC	L1	D10S	label_mapping_diagnostic	"[""CMAD-XC-L1""]"	"[""CMAD-XC-D-L-A-SWAP"", ""CMAD-XC-D-ANCHOR-SWAP""]"	"[""无"", ""有""]"	semantic_reference_fit	direct	absent	9648837baba502561291951742907390fad206731628bd4875aecaf9c040d696	"{""decision_id"": ""CMAD-review-01"", ""authorship"": ""ai"", ""review_kind"": ""human_with_ai"", ""adoption"": ""bulk"", ""decision_ref"": {""path"": ""docs/research/experiment-plans/cross-model-applicability-v1/feedback-01.json"", ""sha256"": ""c229c9520bfe71dcf93ed89fa315835601390d3b73132662b7af27a6ad81d18f""}, ""recorded_at"": ""2026-09-17T18:10:11.377352+00:00""}"	False	A_fixed_insult
CMAD-XC-Q1-L1-D01S	CMAD-XC-Q1	XC-Q1	CMAD-XC	L1	D01S	label_mapping_diagnostic	"[""CMAD-XC-L1""]"	"[""CMAD-XC-D-F-P-SWAP"", ""CMAD-XC-D-ANCHOR-SWAP""]"	"[""无"", ""有""]"	semantic_reference_fit	none	present	e0ced0dff64f7f22f543aa42860a79a5e5f87a17d61d6af088a2917e5648ce60	"{""decision_id"": ""CMAD-review-01"", ""authorship"": ""ai"", ""review_kind"": ""human_with_ai"", ""adoption"": ""bulk"", ""decision_ref"": {""path"": ""docs/research/experiment-plans/cross-model-applicability-v1/feedback-01.json"", ""sha256"": ""c229c9520bfe71dcf93ed89fa315835601390d3b73132662b7af27a6ad81d18f""}, ""recorded_at"": ""2026-09-17T18:10:11.377352+00:00""}"	False	A_fixed_insult
CMAD-XC-Q1-L2-D10S	CMAD-XC-Q1	XC-Q1	CMAD-XC	L2	D10S	label_mapping_diagnostic	"[""CMAD-XC-L2""]"	"[""CMAD-XC-D-L-A-SWAP"", ""CMAD-XC-D-ANCHOR-SWAP""]"	"[""无"", ""有""]"	semantic_reference_fit	direct	absent	8e1f0333a5a626cd1e729f0b120cd824b552a87a7ab2ec596bdd64badd88bb79	"{""decision_id"": ""CMAD-review-01"", ""authorship"": ""ai"", ""review_kind"": ""human_with_ai"", ""adoption"": ""bulk"", ""decision_ref"": {""path"": ""docs/research/experiment-plans/cross-model-applicability-v1/feedback-01.json"", ""sha256"": ""c229c9520bfe71dcf93ed89fa315835601390d3b73132662b7af27a6ad81d18f""}, ""recorded_at"": ""2026-09-17T18:10:11.377352+00:00""}"	False	A_fixed_insult
CMAD-XC-Q1-L2-D01S	CMAD-XC-Q1	XC-Q1	CMAD-XC	L2	D01S	label_mapping_diagnostic	"[""CMAD-XC-L2""]"	"[""CMAD-XC-D-F-P-SWAP"", ""CMAD-XC-D-ANCHOR-SWAP""]"	"[""无"", ""有""]"	semantic_reference_fit	none	present	f42ac8d578ddde4dbbd09321021b807ee49a46258458297cdba947236352f400	"{""decision_id"": ""CMAD-review-01"", ""authorship"": ""ai"", ""review_kind"": ""human_with_ai"", ""adoption"": ""bulk"", ""decision_ref"": {""path"": ""docs/research/experiment-plans/cross-model-applicability-v1/feedback-01.json"", ""sha256"": ""c229c9520bfe71dcf93ed89fa315835601390d3b73132662b7af27a6ad81d18f""}, ""recorded_at"": ""2026-09-17T18:10:11.377352+00:00""}"	False	A_fixed_insult
CMAD-XC-Q2-L0-D0	CMAD-XC-Q2	XC-Q2	CMAD-XC	L0	D0	core	[]	[]	[]	semantic_reference_fit			6dc2d1f05672a21da7255cf356a71a399c5ec5bce94d8ba6c58308f4802f3a89	"{""decision_id"": ""CMAD-review-01"", ""authorship"": ""ai"", ""review_kind"": ""human_with_ai"", ""adoption"": ""bulk"", ""decision_ref"": {""path"": ""docs/research/experiment-plans/cross-model-applicability-v1/feedback-01.json"", ""sha256"": ""c229c9520bfe71dcf93ed89fa315835601390d3b73132662b7af27a6ad81d18f""}, ""recorded_at"": ""2026-09-17T18:10:11.377352+00:00""}"	False	A_fixed_insult
CMAD-XC-Q2-L0-D11	CMAD-XC-Q2	XC-Q2	CMAD-XC	L0	D11	core	[]	"[""CMAD-XC-D-L-P"", ""CMAD-XC-D-ANCHOR""]"	"[""有"", ""无""]"	semantic_reference_fit	direct	present	5292da3ec99d25a94309268867b34907f5c20b8d2a7c22ab358855f90c62356d	"{""decision_id"": ""CMAD-review-01"", ""authorship"": ""ai"", ""review_kind"": ""human_with_ai"", ""adoption"": ""bulk"", ""decision_ref"": {""path"": ""docs/research/experiment-plans/cross-model-applicability-v1/feedback-01.json"", ""sha256"": ""c229c9520bfe71dcf93ed89fa315835601390d3b73132662b7af27a6ad81d18f""}, ""recorded_at"": ""2026-09-17T18:10:11.377352+00:00""}"	False	A_fixed_insult
CMAD-XC-Q2-L0-D10	CMAD-XC-Q2	XC-Q2	CMAD-XC	L0	D10	core	[]	"[""CMAD-XC-D-L-A"", ""CMAD-XC-D-ANCHOR""]"	"[""有"", ""无""]"	semantic_reference_fit	direct	absent	51d0a8f61f8fb9340856c746e421159ba8ca0f5e14aafbd8833c5bb42c7adbe4	"{""decision_id"": ""CMAD-review-01"", ""authorship"": ""ai"", ""review_kind"": ""human_with_ai"", ""adoption"": ""bulk"", ""decision_ref"": {""path"": ""docs/research/experiment-plans/cross-model-applicability-v1/feedback-01.json"", ""sha256"": ""c229c9520bfe71dcf93ed89fa315835601390d3b73132662b7af27a6ad81d18f""}, ""recorded_at"": ""2026-09-17T18:10:11.377352+00:00""}"	False	A_fixed_insult
CMAD-XC-Q2-L0-D01	CMAD-XC-Q2	XC-Q2	CMAD-XC	L0	D01	core	[]	"[""CMAD-XC-D-F-P"", ""CMAD-XC-D-ANCHOR""]"	"[""有"", ""无""]"	semantic_reference_fit	none	present	b9b019b1c493fcfaad3cae91b998dff2297c3ab159499e5b0c545bce627fc909	"{""decision_id"": ""CMAD-review-01"", ""authorship"": ""ai"", ""review_kind"": ""human_with_ai"", ""adoption"": ""bulk"", ""decision_ref"": {""path"": ""docs/research/experiment-plans/cross-model-applicability-v1/feedback-01.json"", ""sha256"": ""c229c9520bfe71dcf93ed89fa315835601390d3b73132662b7af27a6ad81d18f""}, ""recorded_at"": ""2026-09-17T18:10:11.377352+00:00""}"	False	A_fixed_insult
CMAD-XC-Q2-L0-D00	CMAD-XC-Q2	XC-Q2	CMAD-XC	L0	D00	core	[]	"[""CMAD-XC-D-F-A"", ""CMAD-XC-D-ANCHOR""]"	"[""有"", ""无""]"	semantic_reference_fit	none	absent	22233705692f7e6e0acdaf9be0e1b45cb9228043910a50f8f2d02f91e4d15b60	"{""decision_id"": ""CMAD-review-01"", ""authorship"": ""ai"", ""review_kind"": ""human_with_ai"", ""adoption"": ""bulk"", ""decision_ref"": {""path"": ""docs/research/experiment-plans/cross-model-applicability-v1/feedback-01.json"", ""sha256"": ""c229c9520bfe71dcf93ed89fa315835601390d3b73132662b7af27a6ad81d18f""}, ""recorded_at"": ""2026-09-17T18:10:11.377352+00:00""}"	False	A_fixed_insult
CMAD-XC-Q2-L1-D0	CMAD-XC-Q2	XC-Q2	CMAD-XC	L1	D0	core	"[""CMAD-XC-L1""]"	[]	[]	semantic_reference_fit			ed0b589dd189b1fc9564fa32eaf4e527f4eedd6a111ce8b93b6a0796f3571b58	"{""decision_id"": ""CMAD-review-01"", ""authorship"": ""ai"", ""review_kind"": ""human_with_ai"", ""adoption"": ""bulk"", ""decision_ref"": {""path"": ""docs/research/experiment-plans/cross-model-applicability-v1/feedback-01.json"", ""sha256"": ""c229c9520bfe71dcf93ed89fa315835601390d3b73132662b7af27a6ad81d18f""}, ""recorded_at"": ""2026-09-17T18:10:11.377352+00:00""}"	False	A_fixed_insult
CMAD-XC-Q2-L1-D11	CMAD-XC-Q2	XC-Q2	CMAD-XC	L1	D11	core	"[""CMAD-XC-L1""]"	"[""CMAD-XC-D-L-P"", ""CMAD-XC-D-ANCHOR""]"	"[""有"", ""无""]"	semantic_reference_fit	direct	present	bc2e69772520e45600a82d787f3f9df3bdde9cbd7e763985c87c620169af3ddd	"{""decision_id"": ""CMAD-review-01"", ""authorship"": ""ai"", ""review_kind"": ""human_with_ai"", ""adoption"": ""bulk"", ""decision_ref"": {""path"": ""docs/research/experiment-plans/cross-model-applicability-v1/feedback-01.json"", ""sha256"": ""c229c9520bfe71dcf93ed89fa315835601390d3b73132662b7af27a6ad81d18f""}, ""recorded_at"": ""2026-09-17T18:10:11.377352+00:00""}"	False	A_fixed_insult
CMAD-XC-Q2-L1-D10	CMAD-XC-Q2	XC-Q2	CMAD-XC	L1	D10	core	"[""CMAD-XC-L1""]"	"[""CMAD-XC-D-L-A"", ""CMAD-XC-D-ANCHOR""]"	"[""有"", ""无""]"	semantic_reference_fit	direct	absent	44c6cdf8202a92b4471cbf5ae48488c12eddc12da17f1ff0da07f580043d3659	"{""decision_id"": ""CMAD-review-01"", ""authorship"": ""ai"", ""review_kind"": ""human_with_ai"", ""adoption"": ""bulk"", ""decision_ref"": {""path"": ""docs/research/experiment-plans/cross-model-applicability-v1/feedback-01.json"", ""sha256"": ""c229c9520bfe71dcf93ed89fa315835601390d3b73132662b7af27a6ad81d18f""}, ""recorded_at"": ""2026-09-17T18:10:11.377352+00:00""}"	False	A_fixed_insult
CMAD-XC-Q2-L1-D01	CMAD-XC-Q2	XC-Q2	CMAD-XC	L1	D01	core	"[""CMAD-XC-L1""]"	"[""CMAD-XC-D-F-P"", ""CMAD-XC-D-ANCHOR""]"	"[""有"", ""无""]"	semantic_reference_fit	none	present	d98c4573fa4d09d02d0741b4b6fe35337d36b4663014c332011d54f5348ff6f4	"{""decision_id"": ""CMAD-review-01"", ""authorship"": ""ai"", ""review_kind"": ""human_with_ai"", ""adoption"": ""bulk"", ""decision_ref"": {""path"": ""docs/research/experiment-plans/cross-model-applicability-v1/feedback-01.json"", ""sha256"": ""c229c9520bfe71dcf93ed89fa315835601390d3b73132662b7af27a6ad81d18f""}, ""recorded_at"": ""2026-09-17T18:10:11.377352+00:00""}"	False	A_fixed_insult
CMAD-XC-Q2-L1-D00	CMAD-XC-Q2	XC-Q2	CMAD-XC	L1	D00	core	"[""CMAD-XC-L1""]"	"[""CMAD-XC-D-F-A"", ""CMAD-XC-D-ANCHOR""]"	"[""有"", ""无""]"	semantic_reference_fit	none	absent	3847c8906ab5d093c0a93927a2c92e199e132428b300a88355204b74033aa0e4	"{""decision_id"": ""CMAD-review-01"", ""authorship"": ""ai"", ""review_kind"": ""human_with_ai"", ""adoption"": ""bulk"", ""decision_ref"": {""path"": ""docs/research/experiment-plans/cross-model-applicability-v1/feedback-01.json"", ""sha256"": ""c229c9520bfe71dcf93ed89fa315835601390d3b73132662b7af27a6ad81d18f""}, ""recorded_at"": ""2026-09-17T18:10:11.377352+00:00""}"	False	A_fixed_insult
CMAD-XC-Q2-L2-D0	CMAD-XC-Q2	XC-Q2	CMAD-XC	L2	D0	core	"[""CMAD-XC-L2""]"	[]	[]	semantic_reference_fit			29f33be5ce128fb29fcc877db432d55261d8e1c5f1ebcbdc14ab9f5927844d79	"{""decision_id"": ""CMAD-review-01"", ""authorship"": ""ai"", ""review_kind"": ""human_with_ai"", ""adoption"": ""bulk"", ""decision_ref"": {""path"": ""docs/research/experiment-plans/cross-model-applicability-v1/feedback-01.json"", ""sha256"": ""c229c9520bfe71dcf93ed89fa315835601390d3b73132662b7af27a6ad81d18f""}, ""recorded_at"": ""2026-09-17T18:10:11.377352+00:00""}"	False	A_fixed_insult
CMAD-XC-Q2-L2-D11	CMAD-XC-Q2	XC-Q2	CMAD-XC	L2	D11	core	"[""CMAD-XC-L2""]"	"[""CMAD-XC-D-L-P"", ""CMAD-XC-D-ANCHOR""]"	"[""有"", ""无""]"	semantic_reference_fit	direct	present	958e78315112d7a7afea2ca7345e8e5c9af983a275a16ffbb655f2c306edf66c	"{""decision_id"": ""CMAD-review-01"", ""authorship"": ""ai"", ""review_kind"": ""human_with_ai"", ""adoption"": ""bulk"", ""decision_ref"": {""path"": ""docs/research/experiment-plans/cross-model-applicability-v1/feedback-01.json"", ""sha256"": ""c229c9520bfe71dcf93ed89fa315835601390d3b73132662b7af27a6ad81d18f""}, ""recorded_at"": ""2026-09-17T18:10:11.377352+00:00""}"	False	A_fixed_insult
CMAD-XC-Q2-L2-D10	CMAD-XC-Q2	XC-Q2	CMAD-XC	L2	D10	core	"[""CMAD-XC-L2""]"	"[""CMAD-XC-D-L-A"", ""CMAD-XC-D-ANCHOR""]"	"[""有"", ""无""]"	semantic_reference_fit	direct	absent	51d86667fda141b4eaba555b930153e71e833fd206e7a983a33ec6d5cd761818	"{""decision_id"": ""CMAD-review-01"", ""authorship"": ""ai"", ""review_kind"": ""human_with_ai"", ""adoption"": ""bulk"", ""decision_ref"": {""path"": ""docs/research/experiment-plans/cross-model-applicability-v1/feedback-01.json"", ""sha256"": ""c229c9520bfe71dcf93ed89fa315835601390d3b73132662b7af27a6ad81d18f""}, ""recorded_at"": ""2026-09-17T18:10:11.377352+00:00""}"	False	A_fixed_insult
CMAD-XC-Q2-L2-D01	CMAD-XC-Q2	XC-Q2	CMAD-XC	L2	D01	core	"[""CMAD-XC-L2""]"	"[""CMAD-XC-D-F-P"", ""CMAD-XC-D-ANCHOR""]"	"[""有"", ""无""]"	semantic_reference_fit	none	present	a16532a3eea335892bc654abfac2ff00d0a0e0571b728b38015eb17f8736f49d	"{""decision_id"": ""CMAD-review-01"", ""authorship"": ""ai"", ""review_kind"": ""human_with_ai"", ""adoption"": ""bulk"", ""decision_ref"": {""path"": ""docs/research/experiment-plans/cross-model-applicability-v1/feedback-01.json"", ""sha256"": ""c229c9520bfe71dcf93ed89fa315835601390d3b73132662b7af27a6ad81d18f""}, ""recorded_at"": ""2026-09-17T18:10:11.377352+00:00""}"	False	A_fixed_insult
CMAD-XC-Q2-L2-D00	CMAD-XC-Q2	XC-Q2	CMAD-XC	L2	D00	core	"[""CMAD-XC-L2""]"	"[""CMAD-XC-D-F-A"", ""CMAD-XC-D-ANCHOR""]"	"[""有"", ""无""]"	semantic_reference_fit	none	absent	99accd0a07e576f89d66a072cc54f7c5508f6296376f2da9bba097bd9bfc9049	"{""decision_id"": ""CMAD-review-01"", ""authorship"": ""ai"", ""review_kind"": ""human_with_ai"", ""adoption"": ""bulk"", ""decision_ref"": {""path"": ""docs/research/experiment-plans/cross-model-applicability-v1/feedback-01.json"", ""sha256"": ""c229c9520bfe71dcf93ed89fa315835601390d3b73132662b7af27a6ad81d18f""}, ""recorded_at"": ""2026-09-17T18:10:11.377352+00:00""}"	False	A_fixed_insult
CMAD-XC-Q2-N-D0	CMAD-XC-Q2	XC-Q2	CMAD-XC	N	D0	neutral_diagnostic	"[""CMAD-XC-N""]"	[]	[]	semantic_reference_fit			69c8662702f824193d7c8cacb3bc6e2027512ec0d23cc33f7e6537fba61f6c8d	"{""decision_id"": ""CMAD-review-01"", ""authorship"": ""ai"", ""review_kind"": ""human_with_ai"", ""adoption"": ""bulk"", ""decision_ref"": {""path"": ""docs/research/experiment-plans/cross-model-applicability-v1/feedback-01.json"", ""sha256"": ""c229c9520bfe71dcf93ed89fa315835601390d3b73132662b7af27a6ad81d18f""}, ""recorded_at"": ""2026-09-17T18:10:11.377352+00:00""}"	False	A_fixed_insult
CMAD-XC-Q2-N-D10	CMAD-XC-Q2	XC-Q2	CMAD-XC	N	D10	neutral_diagnostic	"[""CMAD-XC-N""]"	"[""CMAD-XC-D-L-A"", ""CMAD-XC-D-ANCHOR""]"	"[""有"", ""无""]"	semantic_reference_fit	direct	absent	0007161cf7dd814fd96f436da2f30f68c56beb9ab4a91929419a90518371c2cf	"{""decision_id"": ""CMAD-review-01"", ""authorship"": ""ai"", ""review_kind"": ""human_with_ai"", ""adoption"": ""bulk"", ""decision_ref"": {""path"": ""docs/research/experiment-plans/cross-model-applicability-v1/feedback-01.json"", ""sha256"": ""c229c9520bfe71dcf93ed89fa315835601390d3b73132662b7af27a6ad81d18f""}, ""recorded_at"": ""2026-09-17T18:10:11.377352+00:00""}"	False	A_fixed_insult
CMAD-XC-Q2-N-D01	CMAD-XC-Q2	XC-Q2	CMAD-XC	N	D01	neutral_diagnostic	"[""CMAD-XC-N""]"	"[""CMAD-XC-D-F-P"", ""CMAD-XC-D-ANCHOR""]"	"[""有"", ""无""]"	semantic_reference_fit	none	present	566a766fb3a5a0420a3ceefaf79090d8796254a58aae4e335ed68f0872f60358	"{""decision_id"": ""CMAD-review-01"", ""authorship"": ""ai"", ""review_kind"": ""human_with_ai"", ""adoption"": ""bulk"", ""decision_ref"": {""path"": ""docs/research/experiment-plans/cross-model-applicability-v1/feedback-01.json"", ""sha256"": ""c229c9520bfe71dcf93ed89fa315835601390d3b73132662b7af27a6ad81d18f""}, ""recorded_at"": ""2026-09-17T18:10:11.377352+00:00""}"	False	A_fixed_insult
CMAD-XC-Q2-L0-D10S	CMAD-XC-Q2	XC-Q2	CMAD-XC	L0	D10S	label_mapping_diagnostic	[]	"[""CMAD-XC-D-L-A-SWAP"", ""CMAD-XC-D-ANCHOR-SWAP""]"	"[""无"", ""有""]"	semantic_reference_fit	direct	absent	2cb4697edddfcf7923f9ca53340e266dfd2d2989710317756e0ed66d42f15f21	"{""decision_id"": ""CMAD-review-01"", ""authorship"": ""ai"", ""review_kind"": ""human_with_ai"", ""adoption"": ""bulk"", ""decision_ref"": {""path"": ""docs/research/experiment-plans/cross-model-applicability-v1/feedback-01.json"", ""sha256"": ""c229c9520bfe71dcf93ed89fa315835601390d3b73132662b7af27a6ad81d18f""}, ""recorded_at"": ""2026-09-17T18:10:11.377352+00:00""}"	False	A_fixed_insult
CMAD-XC-Q2-L0-D01S	CMAD-XC-Q2	XC-Q2	CMAD-XC	L0	D01S	label_mapping_diagnostic	[]	"[""CMAD-XC-D-F-P-SWAP"", ""CMAD-XC-D-ANCHOR-SWAP""]"	"[""无"", ""有""]"	semantic_reference_fit	none	present	2b23eac365f514f1a916e1680bd0508e88909e24dcf8d0120e3d0f44870153f0	"{""decision_id"": ""CMAD-review-01"", ""authorship"": ""ai"", ""review_kind"": ""human_with_ai"", ""adoption"": ""bulk"", ""decision_ref"": {""path"": ""docs/research/experiment-plans/cross-model-applicability-v1/feedback-01.json"", ""sha256"": ""c229c9520bfe71dcf93ed89fa315835601390d3b73132662b7af27a6ad81d18f""}, ""recorded_at"": ""2026-09-17T18:10:11.377352+00:00""}"	False	A_fixed_insult
CMAD-XC-Q2-L1-D10S	CMAD-XC-Q2	XC-Q2	CMAD-XC	L1	D10S	label_mapping_diagnostic	"[""CMAD-XC-L1""]"	"[""CMAD-XC-D-L-A-SWAP"", ""CMAD-XC-D-ANCHOR-SWAP""]"	"[""无"", ""有""]"	semantic_reference_fit	direct	absent	acb4bc2d46a78d92538b72c09b218b57223087a1964f6fdec4ddc1ed40a5acc3	"{""decision_id"": ""CMAD-review-01"", ""authorship"": ""ai"", ""review_kind"": ""human_with_ai"", ""adoption"": ""bulk"", ""decision_ref"": {""path"": ""docs/research/experiment-plans/cross-model-applicability-v1/feedback-01.json"", ""sha256"": ""c229c9520bfe71dcf93ed89fa315835601390d3b73132662b7af27a6ad81d18f""}, ""recorded_at"": ""2026-09-17T18:10:11.377352+00:00""}"	False	A_fixed_insult
CMAD-XC-Q2-L1-D01S	CMAD-XC-Q2	XC-Q2	CMAD-XC	L1	D01S	label_mapping_diagnostic	"[""CMAD-XC-L1""]"	"[""CMAD-XC-D-F-P-SWAP"", ""CMAD-XC-D-ANCHOR-SWAP""]"	"[""无"", ""有""]"	semantic_reference_fit	none	present	d254982bfb8e9044eef4683739de8c0e2ce9336359394635a49edf279cdb9e09	"{""decision_id"": ""CMAD-review-01"", ""authorship"": ""ai"", ""review_kind"": ""human_with_ai"", ""adoption"": ""bulk"", ""decision_ref"": {""path"": ""docs/research/experiment-plans/cross-model-applicability-v1/feedback-01.json"", ""sha256"": ""c229c9520bfe71dcf93ed89fa315835601390d3b73132662b7af27a6ad81d18f""}, ""recorded_at"": ""2026-09-17T18:10:11.377352+00:00""}"	False	A_fixed_insult
CMAD-XC-Q2-L2-D10S	CMAD-XC-Q2	XC-Q2	CMAD-XC	L2	D10S	label_mapping_diagnostic	"[""CMAD-XC-L2""]"	"[""CMAD-XC-D-L-A-SWAP"", ""CMAD-XC-D-ANCHOR-SWAP""]"	"[""无"", ""有""]"	semantic_reference_fit	direct	absent	abd6df666048dc54bc81b16c6c97139d18db8f829a1cb86109329c1ca4b54d08	"{""decision_id"": ""CMAD-review-01"", ""authorship"": ""ai"", ""review_kind"": ""human_with_ai"", ""adoption"": ""bulk"", ""decision_ref"": {""path"": ""docs/research/experiment-plans/cross-model-applicability-v1/feedback-01.json"", ""sha256"": ""c229c9520bfe71dcf93ed89fa315835601390d3b73132662b7af27a6ad81d18f""}, ""recorded_at"": ""2026-09-17T18:10:11.377352+00:00""}"	False	A_fixed_insult
CMAD-XC-Q2-L2-D01S	CMAD-XC-Q2	XC-Q2	CMAD-XC	L2	D01S	label_mapping_diagnostic	"[""CMAD-XC-L2""]"	"[""CMAD-XC-D-F-P-SWAP"", ""CMAD-XC-D-ANCHOR-SWAP""]"	"[""无"", ""有""]"	semantic_reference_fit	none	present	7595851ebba6a5839a8d5d726cd49c6a614a17cd88c5177ef5b3f6b2e61cda2d	"{""decision_id"": ""CMAD-review-01"", ""authorship"": ""ai"", ""review_kind"": ""human_with_ai"", ""adoption"": ""bulk"", ""decision_ref"": {""path"": ""docs/research/experiment-plans/cross-model-applicability-v1/feedback-01.json"", ""sha256"": ""c229c9520bfe71dcf93ed89fa315835601390d3b73132662b7af27a6ad81d18f""}, ""recorded_at"": ""2026-09-17T18:10:11.377352+00:00""}"	False	A_fixed_insult
CMAD-XC-Q3-L0-D0	CMAD-XC-Q3	XC-Q3	CMAD-XC	L0	D0	core	[]	[]	[]	semantic_reference_fit			eb263bc1f0230f7fa95773f3a26f7658bd62a0c6da1eb73b2c48e84532dde581	"{""decision_id"": ""CMAD-review-01"", ""authorship"": ""ai"", ""review_kind"": ""human_with_ai"", ""adoption"": ""bulk"", ""decision_ref"": {""path"": ""docs/research/experiment-plans/cross-model-applicability-v1/feedback-01.json"", ""sha256"": ""c229c9520bfe71dcf93ed89fa315835601390d3b73132662b7af27a6ad81d18f""}, ""recorded_at"": ""2026-09-17T18:10:11.377352+00:00""}"	False	A_fixed_insult
CMAD-XC-Q3-L0-D11	CMAD-XC-Q3	XC-Q3	CMAD-XC	L0	D11	core	[]	"[""CMAD-XC-D-F-P"", ""CMAD-XC-D-ANCHOR""]"	"[""有"", ""无""]"	semantic_reference_fit	direct	present	5843f9c1192742f56f9504eaf08984dae7dda3d07a99e946b515602e16ed2b54	"{""decision_id"": ""CMAD-review-01"", ""authorship"": ""ai"", ""review_kind"": ""human_with_ai"", ""adoption"": ""bulk"", ""decision_ref"": {""path"": ""docs/research/experiment-plans/cross-model-applicability-v1/feedback-01.json"", ""sha256"": ""c229c9520bfe71dcf93ed89fa315835601390d3b73132662b7af27a6ad81d18f""}, ""recorded_at"": ""2026-09-17T18:10:11.377352+00:00""}"	False	A_fixed_insult
CMAD-XC-Q3-L0-D10	CMAD-XC-Q3	XC-Q3	CMAD-XC	L0	D10	core	[]	"[""CMAD-XC-D-F-A"", ""CMAD-XC-D-ANCHOR""]"	"[""有"", ""无""]"	semantic_reference_fit	direct	absent	3fa3e7c35d5a4ddf9923fd4116d90795625f4a4bd798f58fa40ac4d548b79b85	"{""decision_id"": ""CMAD-review-01"", ""authorship"": ""ai"", ""review_kind"": ""human_with_ai"", ""adoption"": ""bulk"", ""decision_ref"": {""path"": ""docs/research/experiment-plans/cross-model-applicability-v1/feedback-01.json"", ""sha256"": ""c229c9520bfe71dcf93ed89fa315835601390d3b73132662b7af27a6ad81d18f""}, ""recorded_at"": ""2026-09-17T18:10:11.377352+00:00""}"	False	A_fixed_insult
CMAD-XC-Q3-L0-D01	CMAD-XC-Q3	XC-Q3	CMAD-XC	L0	D01	core	[]	"[""CMAD-XC-D-L-P"", ""CMAD-XC-D-ANCHOR""]"	"[""有"", ""无""]"	semantic_reference_fit	none	present	293a7b192ae878c0b2f9226a1b3593110c8db00dee2ba9c062752056b4cfb97e	"{""decision_id"": ""CMAD-review-01"", ""authorship"": ""ai"", ""review_kind"": ""human_with_ai"", ""adoption"": ""bulk"", ""decision_ref"": {""path"": ""docs/research/experiment-plans/cross-model-applicability-v1/feedback-01.json"", ""sha256"": ""c229c9520bfe71dcf93ed89fa315835601390d3b73132662b7af27a6ad81d18f""}, ""recorded_at"": ""2026-09-17T18:10:11.377352+00:00""}"	False	A_fixed_insult
CMAD-XC-Q3-L0-D00	CMAD-XC-Q3	XC-Q3	CMAD-XC	L0	D00	core	[]	"[""CMAD-XC-D-L-A"", ""CMAD-XC-D-ANCHOR""]"	"[""有"", ""无""]"	semantic_reference_fit	none	absent	cedd1fc139a9b2afd087b9814b61eb2b564bb910dac8f283d3bab49ed4e96b9d	"{""decision_id"": ""CMAD-review-01"", ""authorship"": ""ai"", ""review_kind"": ""human_with_ai"", ""adoption"": ""bulk"", ""decision_ref"": {""path"": ""docs/research/experiment-plans/cross-model-applicability-v1/feedback-01.json"", ""sha256"": ""c229c9520bfe71dcf93ed89fa315835601390d3b73132662b7af27a6ad81d18f""}, ""recorded_at"": ""2026-09-17T18:10:11.377352+00:00""}"	False	A_fixed_insult
CMAD-XC-Q3-L1-D0	CMAD-XC-Q3	XC-Q3	CMAD-XC	L1	D0	core	"[""CMAD-XC-L1""]"	[]	[]	semantic_reference_fit			4bca94ab838d240ec37fb9aec1d6f4fc892aed39720e057c34647aa56dd734ec	"{""decision_id"": ""CMAD-review-01"", ""authorship"": ""ai"", ""review_kind"": ""human_with_ai"", ""adoption"": ""bulk"", ""decision_ref"": {""path"": ""docs/research/experiment-plans/cross-model-applicability-v1/feedback-01.json"", ""sha256"": ""c229c9520bfe71dcf93ed89fa315835601390d3b73132662b7af27a6ad81d18f""}, ""recorded_at"": ""2026-09-17T18:10:11.377352+00:00""}"	False	A_fixed_insult
CMAD-XC-Q3-L1-D11	CMAD-XC-Q3	XC-Q3	CMAD-XC	L1	D11	core	"[""CMAD-XC-L1""]"	"[""CMAD-XC-D-F-P"", ""CMAD-XC-D-ANCHOR""]"	"[""有"", ""无""]"	semantic_reference_fit	direct	present	dcfc1c13a9a6e5e4b7d5b3c22b22dd841723fd9ea3ad5fcd23e425b2530cab04	"{""decision_id"": ""CMAD-review-01"", ""authorship"": ""ai"", ""review_kind"": ""human_with_ai"", ""adoption"": ""bulk"", ""decision_ref"": {""path"": ""docs/research/experiment-plans/cross-model-applicability-v1/feedback-01.json"", ""sha256"": ""c229c9520bfe71dcf93ed89fa315835601390d3b73132662b7af27a6ad81d18f""}, ""recorded_at"": ""2026-09-17T18:10:11.377352+00:00""}"	False	A_fixed_insult
CMAD-XC-Q3-L1-D10	CMAD-XC-Q3	XC-Q3	CMAD-XC	L1	D10	core	"[""CMAD-XC-L1""]"	"[""CMAD-XC-D-F-A"", ""CMAD-XC-D-ANCHOR""]"	"[""有"", ""无""]"	semantic_reference_fit	direct	absent	34e5eee6ce14210d10ad34604ea83b3f8513acdc940293b1b6ac5c0a6b9d2964	"{""decision_id"": ""CMAD-review-01"", ""authorship"": ""ai"", ""review_kind"": ""human_with_ai"", ""adoption"": ""bulk"", ""decision_ref"": {""path"": ""docs/research/experiment-plans/cross-model-applicability-v1/feedback-01.json"", ""sha256"": ""c229c9520bfe71dcf93ed89fa315835601390d3b73132662b7af27a6ad81d18f""}, ""recorded_at"": ""2026-09-17T18:10:11.377352+00:00""}"	False	A_fixed_insult
CMAD-XC-Q3-L1-D01	CMAD-XC-Q3	XC-Q3	CMAD-XC	L1	D01	core	"[""CMAD-XC-L1""]"	"[""CMAD-XC-D-L-P"", ""CMAD-XC-D-ANCHOR""]"	"[""有"", ""无""]"	semantic_reference_fit	none	present	31eef4cdd80c25725b1b40567b7f822aeb0f0f37c6efb9059438f265e15f244a	"{""decision_id"": ""CMAD-review-01"", ""authorship"": ""ai"", ""review_kind"": ""human_with_ai"", ""adoption"": ""bulk"", ""decision_ref"": {""path"": ""docs/research/experiment-plans/cross-model-applicability-v1/feedback-01.json"", ""sha256"": ""c229c9520bfe71dcf93ed89fa315835601390d3b73132662b7af27a6ad81d18f""}, ""recorded_at"": ""2026-09-17T18:10:11.377352+00:00""}"	False	A_fixed_insult
CMAD-XC-Q3-L1-D00	CMAD-XC-Q3	XC-Q3	CMAD-XC	L1	D00	core	"[""CMAD-XC-L1""]"	"[""CMAD-XC-D-L-A"", ""CMAD-XC-D-ANCHOR""]"	"[""有"", ""无""]"	semantic_reference_fit	none	absent	afcad6a64aaab635241ab2a92361620ea05a8a1cdf762d793f834669fe544a43	"{""decision_id"": ""CMAD-review-01"", ""authorship"": ""ai"", ""review_kind"": ""human_with_ai"", ""adoption"": ""bulk"", ""decision_ref"": {""path"": ""docs/research/experiment-plans/cross-model-applicability-v1/feedback-01.json"", ""sha256"": ""c229c9520bfe71dcf93ed89fa315835601390d3b73132662b7af27a6ad81d18f""}, ""recorded_at"": ""2026-09-17T18:10:11.377352+00:00""}"	False	A_fixed_insult
CMAD-XC-Q3-L2-D0	CMAD-XC-Q3	XC-Q3	CMAD-XC	L2	D0	core	"[""CMAD-XC-L2""]"	[]	[]	semantic_reference_fit			0537264f2db1c43d82de8fd6dbc479eb105faaed022f4e73a0ee2838ea281e6e	"{""decision_id"": ""CMAD-review-01"", ""authorship"": ""ai"", ""review_kind"": ""human_with_ai"", ""adoption"": ""bulk"", ""decision_ref"": {""path"": ""docs/research/experiment-plans/cross-model-applicability-v1/feedback-01.json"", ""sha256"": ""c229c9520bfe71dcf93ed89fa315835601390d3b73132662b7af27a6ad81d18f""}, ""recorded_at"": ""2026-09-17T18:10:11.377352+00:00""}"	False	A_fixed_insult
CMAD-XC-Q3-L2-D11	CMAD-XC-Q3	XC-Q3	CMAD-XC	L2	D11	core	"[""CMAD-XC-L2""]"	"[""CMAD-XC-D-F-P"", ""CMAD-XC-D-ANCHOR""]"	"[""有"", ""无""]"	semantic_reference_fit	direct	present	32334c2cfddcc2a131c7fcfaa4c98078c48f96d4ca4a5d65c21cc276e1a1238f	"{""decision_id"": ""CMAD-review-01"", ""authorship"": ""ai"", ""review_kind"": ""human_with_ai"", ""adoption"": ""bulk"", ""decision_ref"": {""path"": ""docs/research/experiment-plans/cross-model-applicability-v1/feedback-01.json"", ""sha256"": ""c229c9520bfe71dcf93ed89fa315835601390d3b73132662b7af27a6ad81d18f""}, ""recorded_at"": ""2026-09-17T18:10:11.377352+00:00""}"	False	A_fixed_insult
CMAD-XC-Q3-L2-D10	CMAD-XC-Q3	XC-Q3	CMAD-XC	L2	D10	core	"[""CMAD-XC-L2""]"	"[""CMAD-XC-D-F-A"", ""CMAD-XC-D-ANCHOR""]"	"[""有"", ""无""]"	semantic_reference_fit	direct	absent	74c504bdc602d18b4f8d9f4768e2fd65bf4fcdfbd31d9d2940fe511feca0d716	"{""decision_id"": ""CMAD-review-01"", ""authorship"": ""ai"", ""review_kind"": ""human_with_ai"", ""adoption"": ""bulk"", ""decision_ref"": {""path"": ""docs/research/experiment-plans/cross-model-applicability-v1/feedback-01.json"", ""sha256"": ""c229c9520bfe71dcf93ed89fa315835601390d3b73132662b7af27a6ad81d18f""}, ""recorded_at"": ""2026-09-17T18:10:11.377352+00:00""}"	False	A_fixed_insult
CMAD-XC-Q3-L2-D01	CMAD-XC-Q3	XC-Q3	CMAD-XC	L2	D01	core	"[""CMAD-XC-L2""]"	"[""CMAD-XC-D-L-P"", ""CMAD-XC-D-ANCHOR""]"	"[""有"", ""无""]"	semantic_reference_fit	none	present	6a399c9d25d60b44bc3d9bdebd9af1ff48cc2f682bc035aeeb25fe0d432b37c8	"{""decision_id"": ""CMAD-review-01"", ""authorship"": ""ai"", ""review_kind"": ""human_with_ai"", ""adoption"": ""bulk"", ""decision_ref"": {""path"": ""docs/research/experiment-plans/cross-model-applicability-v1/feedback-01.json"", ""sha256"": ""c229c9520bfe71dcf93ed89fa315835601390d3b73132662b7af27a6ad81d18f""}, ""recorded_at"": ""2026-09-17T18:10:11.377352+00:00""}"	False	A_fixed_insult
CMAD-XC-Q3-L2-D00	CMAD-XC-Q3	XC-Q3	CMAD-XC	L2	D00	core	"[""CMAD-XC-L2""]"	"[""CMAD-XC-D-L-A"", ""CMAD-XC-D-ANCHOR""]"	"[""有"", ""无""]"	semantic_reference_fit	none	absent	b1daa4509e381279d42b6275f1dfc10730a603c8438393262fcf46c7eca9500e	"{""decision_id"": ""CMAD-review-01"", ""authorship"": ""ai"", ""review_kind"": ""human_with_ai"", ""adoption"": ""bulk"", ""decision_ref"": {""path"": ""docs/research/experiment-plans/cross-model-applicability-v1/feedback-01.json"", ""sha256"": ""c229c9520bfe71dcf93ed89fa315835601390d3b73132662b7af27a6ad81d18f""}, ""recorded_at"": ""2026-09-17T18:10:11.377352+00:00""}"	False	A_fixed_insult
CMAD-XC-Q3-N-D0	CMAD-XC-Q3	XC-Q3	CMAD-XC	N	D0	neutral_diagnostic	"[""CMAD-XC-N""]"	[]	[]	semantic_reference_fit			104d6773e70f7373a88a55388586b0666c87f8c11497c1284a4017fa8004933c	"{""decision_id"": ""CMAD-review-01"", ""authorship"": ""ai"", ""review_kind"": ""human_with_ai"", ""adoption"": ""bulk"", ""decision_ref"": {""path"": ""docs/research/experiment-plans/cross-model-applicability-v1/feedback-01.json"", ""sha256"": ""c229c9520bfe71dcf93ed89fa315835601390d3b73132662b7af27a6ad81d18f""}, ""recorded_at"": ""2026-09-17T18:10:11.377352+00:00""}"	False	A_fixed_insult
CMAD-XC-Q3-N-D10	CMAD-XC-Q3	XC-Q3	CMAD-XC	N	D10	neutral_diagnostic	"[""CMAD-XC-N""]"	"[""CMAD-XC-D-F-A"", ""CMAD-XC-D-ANCHOR""]"	"[""有"", ""无""]"	semantic_reference_fit	direct	absent	3f2eb7e4a44295bd6c55cbe827827980ebdbef3c4f297871cbe1cee89fdd35e0	"{""decision_id"": ""CMAD-review-01"", ""authorship"": ""ai"", ""review_kind"": ""human_with_ai"", ""adoption"": ""bulk"", ""decision_ref"": {""path"": ""docs/research/experiment-plans/cross-model-applicability-v1/feedback-01.json"", ""sha256"": ""c229c9520bfe71dcf93ed89fa315835601390d3b73132662b7af27a6ad81d18f""}, ""recorded_at"": ""2026-09-17T18:10:11.377352+00:00""}"	False	A_fixed_insult
CMAD-XC-Q3-N-D01	CMAD-XC-Q3	XC-Q3	CMAD-XC	N	D01	neutral_diagnostic	"[""CMAD-XC-N""]"	"[""CMAD-XC-D-L-P"", ""CMAD-XC-D-ANCHOR""]"	"[""有"", ""无""]"	semantic_reference_fit	none	present	1124dfe15b987ba451b35f0b9fdcf8156f6b5a7844af16285dd763c20ad854c9	"{""decision_id"": ""CMAD-review-01"", ""authorship"": ""ai"", ""review_kind"": ""human_with_ai"", ""adoption"": ""bulk"", ""decision_ref"": {""path"": ""docs/research/experiment-plans/cross-model-applicability-v1/feedback-01.json"", ""sha256"": ""c229c9520bfe71dcf93ed89fa315835601390d3b73132662b7af27a6ad81d18f""}, ""recorded_at"": ""2026-09-17T18:10:11.377352+00:00""}"	False	A_fixed_insult
CMAD-XC-Q3-L0-D10S	CMAD-XC-Q3	XC-Q3	CMAD-XC	L0	D10S	label_mapping_diagnostic	[]	"[""CMAD-XC-D-F-A-SWAP"", ""CMAD-XC-D-ANCHOR-SWAP""]"	"[""无"", ""有""]"	semantic_reference_fit	direct	absent	9888242fcbbe1aca27458b9921bf332a8e6f5666cc9a1bd8e73b72315e015e67	"{""decision_id"": ""CMAD-review-01"", ""authorship"": ""ai"", ""review_kind"": ""human_with_ai"", ""adoption"": ""bulk"", ""decision_ref"": {""path"": ""docs/research/experiment-plans/cross-model-applicability-v1/feedback-01.json"", ""sha256"": ""c229c9520bfe71dcf93ed89fa315835601390d3b73132662b7af27a6ad81d18f""}, ""recorded_at"": ""2026-09-17T18:10:11.377352+00:00""}"	False	A_fixed_insult
CMAD-XC-Q3-L0-D01S	CMAD-XC-Q3	XC-Q3	CMAD-XC	L0	D01S	label_mapping_diagnostic	[]	"[""CMAD-XC-D-L-P-SWAP"", ""CMAD-XC-D-ANCHOR-SWAP""]"	"[""无"", ""有""]"	semantic_reference_fit	none	present	4100dd629d85d7a2aa2b0d363301be8b78f13cd6c1ea0f094b60ab94c3add620	"{""decision_id"": ""CMAD-review-01"", ""authorship"": ""ai"", ""review_kind"": ""human_with_ai"", ""adoption"": ""bulk"", ""decision_ref"": {""path"": ""docs/research/experiment-plans/cross-model-applicability-v1/feedback-01.json"", ""sha256"": ""c229c9520bfe71dcf93ed89fa315835601390d3b73132662b7af27a6ad81d18f""}, ""recorded_at"": ""2026-09-17T18:10:11.377352+00:00""}"	False	A_fixed_insult
CMAD-XC-Q3-L1-D10S	CMAD-XC-Q3	XC-Q3	CMAD-XC	L1	D10S	label_mapping_diagnostic	"[""CMAD-XC-L1""]"	"[""CMAD-XC-D-F-A-SWAP"", ""CMAD-XC-D-ANCHOR-SWAP""]"	"[""无"", ""有""]"	semantic_reference_fit	direct	absent	4dce16913a0e06369a8f578b8f373fbbb8b1ed3a7cb0d75d6ae9f7c1f8454c0f	"{""decision_id"": ""CMAD-review-01"", ""authorship"": ""ai"", ""review_kind"": ""human_with_ai"", ""adoption"": ""bulk"", ""decision_ref"": {""path"": ""docs/research/experiment-plans/cross-model-applicability-v1/feedback-01.json"", ""sha256"": ""c229c9520bfe71dcf93ed89fa315835601390d3b73132662b7af27a6ad81d18f""}, ""recorded_at"": ""2026-09-17T18:10:11.377352+00:00""}"	False	A_fixed_insult
CMAD-XC-Q3-L1-D01S	CMAD-XC-Q3	XC-Q3	CMAD-XC	L1	D01S	label_mapping_diagnostic	"[""CMAD-XC-L1""]"	"[""CMAD-XC-D-L-P-SWAP"", ""CMAD-XC-D-ANCHOR-SWAP""]"	"[""无"", ""有""]"	semantic_reference_fit	none	present	c5a55521147a608030ddc71eb6610f7ded44eb567bce45c3e6d84f1219e6f4fe	"{""decision_id"": ""CMAD-review-01"", ""authorship"": ""ai"", ""review_kind"": ""human_with_ai"", ""adoption"": ""bulk"", ""decision_ref"": {""path"": ""docs/research/experiment-plans/cross-model-applicability-v1/feedback-01.json"", ""sha256"": ""c229c9520bfe71dcf93ed89fa315835601390d3b73132662b7af27a6ad81d18f""}, ""recorded_at"": ""2026-09-17T18:10:11.377352+00:00""}"	False	A_fixed_insult
CMAD-XC-Q3-L2-D10S	CMAD-XC-Q3	XC-Q3	CMAD-XC	L2	D10S	label_mapping_diagnostic	"[""CMAD-XC-L2""]"	"[""CMAD-XC-D-F-A-SWAP"", ""CMAD-XC-D-ANCHOR-SWAP""]"	"[""无"", ""有""]"	semantic_reference_fit	direct	absent	c18dafd0dba6d7d94fac4ecbf3ef001980ccecf085d223254200fc90fc382e94	"{""decision_id"": ""CMAD-review-01"", ""authorship"": ""ai"", ""review_kind"": ""human_with_ai"", ""adoption"": ""bulk"", ""decision_ref"": {""path"": ""docs/research/experiment-plans/cross-model-applicability-v1/feedback-01.json"", ""sha256"": ""c229c9520bfe71dcf93ed89fa315835601390d3b73132662b7af27a6ad81d18f""}, ""recorded_at"": ""2026-09-17T18:10:11.377352+00:00""}"	False	A_fixed_insult
CMAD-XC-Q3-L2-D01S	CMAD-XC-Q3	XC-Q3	CMAD-XC	L2	D01S	label_mapping_diagnostic	"[""CMAD-XC-L2""]"	"[""CMAD-XC-D-L-P-SWAP"", ""CMAD-XC-D-ANCHOR-SWAP""]"	"[""无"", ""有""]"	semantic_reference_fit	none	present	636f2ba6f7f87a7ccc22f0b6375056869a6f3a4c91b5061931548437b6a208a3	"{""decision_id"": ""CMAD-review-01"", ""authorship"": ""ai"", ""review_kind"": ""human_with_ai"", ""adoption"": ""bulk"", ""decision_ref"": {""path"": ""docs/research/experiment-plans/cross-model-applicability-v1/feedback-01.json"", ""sha256"": ""c229c9520bfe71dcf93ed89fa315835601390d3b73132662b7af27a6ad81d18f""}, ""recorded_at"": ""2026-09-17T18:10:11.377352+00:00""}"	False	A_fixed_insult
CMAD-XC-Q4-L0-D0	CMAD-XC-Q4	XC-Q4	CMAD-XC	L0	D0	core	[]	[]	[]	semantic_reference_fit			69b09469eb1ecf5d1482199cfa02a9fbebcbe4b0d07693b092bbb7b78832ff3d	"{""decision_id"": ""CMAD-review-01"", ""authorship"": ""ai"", ""review_kind"": ""human_with_ai"", ""adoption"": ""bulk"", ""decision_ref"": {""path"": ""docs/research/experiment-plans/cross-model-applicability-v1/feedback-01.json"", ""sha256"": ""c229c9520bfe71dcf93ed89fa315835601390d3b73132662b7af27a6ad81d18f""}, ""recorded_at"": ""2026-09-17T18:10:11.377352+00:00""}"	False	A_fixed_insult
CMAD-XC-Q4-L0-D11	CMAD-XC-Q4	XC-Q4	CMAD-XC	L0	D11	core	[]	"[""CMAD-XC-D-F-P"", ""CMAD-XC-D-ANCHOR""]"	"[""有"", ""无""]"	semantic_reference_fit	direct	present	ca5d467feafce2fa7160c86272219f7df662373323d34e49464dca2801c90c7a	"{""decision_id"": ""CMAD-review-01"", ""authorship"": ""ai"", ""review_kind"": ""human_with_ai"", ""adoption"": ""bulk"", ""decision_ref"": {""path"": ""docs/research/experiment-plans/cross-model-applicability-v1/feedback-01.json"", ""sha256"": ""c229c9520bfe71dcf93ed89fa315835601390d3b73132662b7af27a6ad81d18f""}, ""recorded_at"": ""2026-09-17T18:10:11.377352+00:00""}"	False	A_fixed_insult
CMAD-XC-Q4-L0-D10	CMAD-XC-Q4	XC-Q4	CMAD-XC	L0	D10	core	[]	"[""CMAD-XC-D-F-A"", ""CMAD-XC-D-ANCHOR""]"	"[""有"", ""无""]"	semantic_reference_fit	direct	absent	d0725943b35412d273cf81eadd2985f6859663c243bca21da3613b06502fe7fb	"{""decision_id"": ""CMAD-review-01"", ""authorship"": ""ai"", ""review_kind"": ""human_with_ai"", ""adoption"": ""bulk"", ""decision_ref"": {""path"": ""docs/research/experiment-plans/cross-model-applicability-v1/feedback-01.json"", ""sha256"": ""c229c9520bfe71dcf93ed89fa315835601390d3b73132662b7af27a6ad81d18f""}, ""recorded_at"": ""2026-09-17T18:10:11.377352+00:00""}"	False	A_fixed_insult
CMAD-XC-Q4-L0-D01	CMAD-XC-Q4	XC-Q4	CMAD-XC	L0	D01	core	[]	"[""CMAD-XC-D-L-P"", ""CMAD-XC-D-ANCHOR""]"	"[""有"", ""无""]"	semantic_reference_fit	none	present	b693be97415833c2f4fa597a32f71097640154d471e6c4b8583e8ea614ca84ae	"{""decision_id"": ""CMAD-review-01"", ""authorship"": ""ai"", ""review_kind"": ""human_with_ai"", ""adoption"": ""bulk"", ""decision_ref"": {""path"": ""docs/research/experiment-plans/cross-model-applicability-v1/feedback-01.json"", ""sha256"": ""c229c9520bfe71dcf93ed89fa315835601390d3b73132662b7af27a6ad81d18f""}, ""recorded_at"": ""2026-09-17T18:10:11.377352+00:00""}"	False	A_fixed_insult
CMAD-XC-Q4-L0-D00	CMAD-XC-Q4	XC-Q4	CMAD-XC	L0	D00	core	[]	"[""CMAD-XC-D-L-A"", ""CMAD-XC-D-ANCHOR""]"	"[""有"", ""无""]"	semantic_reference_fit	none	absent	f7b0f02af99a3dcfd995e916a4c94fcea012559be478d3dacba88b702f00d5c9	"{""decision_id"": ""CMAD-review-01"", ""authorship"": ""ai"", ""review_kind"": ""human_with_ai"", ""adoption"": ""bulk"", ""decision_ref"": {""path"": ""docs/research/experiment-plans/cross-model-applicability-v1/feedback-01.json"", ""sha256"": ""c229c9520bfe71dcf93ed89fa315835601390d3b73132662b7af27a6ad81d18f""}, ""recorded_at"": ""2026-09-17T18:10:11.377352+00:00""}"	False	A_fixed_insult
CMAD-XC-Q4-L1-D0	CMAD-XC-Q4	XC-Q4	CMAD-XC	L1	D0	core	"[""CMAD-XC-L1""]"	[]	[]	semantic_reference_fit			5c3c8aa75ab74fb9643c8fd42d7c77929fa19824fc2f69b0ed2b4e91781b4da8	"{""decision_id"": ""CMAD-review-01"", ""authorship"": ""ai"", ""review_kind"": ""human_with_ai"", ""adoption"": ""bulk"", ""decision_ref"": {""path"": ""docs/research/experiment-plans/cross-model-applicability-v1/feedback-01.json"", ""sha256"": ""c229c9520bfe71dcf93ed89fa315835601390d3b73132662b7af27a6ad81d18f""}, ""recorded_at"": ""2026-09-17T18:10:11.377352+00:00""}"	False	A_fixed_insult
CMAD-XC-Q4-L1-D11	CMAD-XC-Q4	XC-Q4	CMAD-XC	L1	D11	core	"[""CMAD-XC-L1""]"	"[""CMAD-XC-D-F-P"", ""CMAD-XC-D-ANCHOR""]"	"[""有"", ""无""]"	semantic_reference_fit	direct	present	164d67c07127e6f1fd6abce82eec4b4ded9ca7918de50c6bda15fea64f13e84f	"{""decision_id"": ""CMAD-review-01"", ""authorship"": ""ai"", ""review_kind"": ""human_with_ai"", ""adoption"": ""bulk"", ""decision_ref"": {""path"": ""docs/research/experiment-plans/cross-model-applicability-v1/feedback-01.json"", ""sha256"": ""c229c9520bfe71dcf93ed89fa315835601390d3b73132662b7af27a6ad81d18f""}, ""recorded_at"": ""2026-09-17T18:10:11.377352+00:00""}"	False	A_fixed_insult
CMAD-XC-Q4-L1-D10	CMAD-XC-Q4	XC-Q4	CMAD-XC	L1	D10	core	"[""CMAD-XC-L1""]"	"[""CMAD-XC-D-F-A"", ""CMAD-XC-D-ANCHOR""]"	"[""有"", ""无""]"	semantic_reference_fit	direct	absent	6dc79313b6319da943443cde3e1764411c4ab4e58d748623bc68ac4e09332856	"{""decision_id"": ""CMAD-review-01"", ""authorship"": ""ai"", ""review_kind"": ""human_with_ai"", ""adoption"": ""bulk"", ""decision_ref"": {""path"": ""docs/research/experiment-plans/cross-model-applicability-v1/feedback-01.json"", ""sha256"": ""c229c9520bfe71dcf93ed89fa315835601390d3b73132662b7af27a6ad81d18f""}, ""recorded_at"": ""2026-09-17T18:10:11.377352+00:00""}"	False	A_fixed_insult
CMAD-XC-Q4-L1-D01	CMAD-XC-Q4	XC-Q4	CMAD-XC	L1	D01	core	"[""CMAD-XC-L1""]"	"[""CMAD-XC-D-L-P"", ""CMAD-XC-D-ANCHOR""]"	"[""有"", ""无""]"	semantic_reference_fit	none	present	4174b10ec9d2d680b29708e54ab645aaafb4c5fb79e5a3ba408fb66a40dc2cc7	"{""decision_id"": ""CMAD-review-01"", ""authorship"": ""ai"", ""review_kind"": ""human_with_ai"", ""adoption"": ""bulk"", ""decision_ref"": {""path"": ""docs/research/experiment-plans/cross-model-applicability-v1/feedback-01.json"", ""sha256"": ""c229c9520bfe71dcf93ed89fa315835601390d3b73132662b7af27a6ad81d18f""}, ""recorded_at"": ""2026-09-17T18:10:11.377352+00:00""}"	False	A_fixed_insult
CMAD-XC-Q4-L1-D00	CMAD-XC-Q4	XC-Q4	CMAD-XC	L1	D00	core	"[""CMAD-XC-L1""]"	"[""CMAD-XC-D-L-A"", ""CMAD-XC-D-ANCHOR""]"	"[""有"", ""无""]"	semantic_reference_fit	none	absent	3128c1ef078cecbc033039db66403b117fb3f648095bfee12655134324e23db0	"{""decision_id"": ""CMAD-review-01"", ""authorship"": ""ai"", ""review_kind"": ""human_with_ai"", ""adoption"": ""bulk"", ""decision_ref"": {""path"": ""docs/research/experiment-plans/cross-model-applicability-v1/feedback-01.json"", ""sha256"": ""c229c9520bfe71dcf93ed89fa315835601390d3b73132662b7af27a6ad81d18f""}, ""recorded_at"": ""2026-09-17T18:10:11.377352+00:00""}"	False	A_fixed_insult
CMAD-XC-Q4-L2-D0	CMAD-XC-Q4	XC-Q4	CMAD-XC	L2	D0	core	"[""CMAD-XC-L2""]"	[]	[]	semantic_reference_fit			c76efb592c8ac99e1fe26304f63add99bd1585368f00709ac60b9d00d939c127	"{""decision_id"": ""CMAD-review-01"", ""authorship"": ""ai"", ""review_kind"": ""human_with_ai"", ""adoption"": ""bulk"", ""decision_ref"": {""path"": ""docs/research/experiment-plans/cross-model-applicability-v1/feedback-01.json"", ""sha256"": ""c229c9520bfe71dcf93ed89fa315835601390d3b73132662b7af27a6ad81d18f""}, ""recorded_at"": ""2026-09-17T18:10:11.377352+00:00""}"	False	A_fixed_insult
CMAD-XC-Q4-L2-D11	CMAD-XC-Q4	XC-Q4	CMAD-XC	L2	D11	core	"[""CMAD-XC-L2""]"	"[""CMAD-XC-D-F-P"", ""CMAD-XC-D-ANCHOR""]"	"[""有"", ""无""]"	semantic_reference_fit	direct	present	11f5b066a9172351b52471465866ebed50b186dfc68076135c8a2f25b967dd19	"{""decision_id"": ""CMAD-review-01"", ""authorship"": ""ai"", ""review_kind"": ""human_with_ai"", ""adoption"": ""bulk"", ""decision_ref"": {""path"": ""docs/research/experiment-plans/cross-model-applicability-v1/feedback-01.json"", ""sha256"": ""c229c9520bfe71dcf93ed89fa315835601390d3b73132662b7af27a6ad81d18f""}, ""recorded_at"": ""2026-09-17T18:10:11.377352+00:00""}"	False	A_fixed_insult
CMAD-XC-Q4-L2-D10	CMAD-XC-Q4	XC-Q4	CMAD-XC	L2	D10	core	"[""CMAD-XC-L2""]"	"[""CMAD-XC-D-F-A"", ""CMAD-XC-D-ANCHOR""]"	"[""有"", ""无""]"	semantic_reference_fit	direct	absent	0eeb3cfa3b7ee5609993bf4dbec081e07c6e5ae888dbddac105c66b812c23e25	"{""decision_id"": ""CMAD-review-01"", ""authorship"": ""ai"", ""review_kind"": ""human_with_ai"", ""adoption"": ""bulk"", ""decision_ref"": {""path"": ""docs/research/experiment-plans/cross-model-applicability-v1/feedback-01.json"", ""sha256"": ""c229c9520bfe71dcf93ed89fa315835601390d3b73132662b7af27a6ad81d18f""}, ""recorded_at"": ""2026-09-17T18:10:11.377352+00:00""}"	False	A_fixed_insult
CMAD-XC-Q4-L2-D01	CMAD-XC-Q4	XC-Q4	CMAD-XC	L2	D01	core	"[""CMAD-XC-L2""]"	"[""CMAD-XC-D-L-P"", ""CMAD-XC-D-ANCHOR""]"	"[""有"", ""无""]"	semantic_reference_fit	none	present	f83e51f2aa7614951867e2fe4fad9b5e24af1e3d34d9dce7c793ed277837a0b7	"{""decision_id"": ""CMAD-review-01"", ""authorship"": ""ai"", ""review_kind"": ""human_with_ai"", ""adoption"": ""bulk"", ""decision_ref"": {""path"": ""docs/research/experiment-plans/cross-model-applicability-v1/feedback-01.json"", ""sha256"": ""c229c9520bfe71dcf93ed89fa315835601390d3b73132662b7af27a6ad81d18f""}, ""recorded_at"": ""2026-09-17T18:10:11.377352+00:00""}"	False	A_fixed_insult
CMAD-XC-Q4-L2-D00	CMAD-XC-Q4	XC-Q4	CMAD-XC	L2	D00	core	"[""CMAD-XC-L2""]"	"[""CMAD-XC-D-L-A"", ""CMAD-XC-D-ANCHOR""]"	"[""有"", ""无""]"	semantic_reference_fit	none	absent	37271b3347ee9403e1ca00fe88e0c3e1b486d7fdf4897af689904b777aaa7ac7	"{""decision_id"": ""CMAD-review-01"", ""authorship"": ""ai"", ""review_kind"": ""human_with_ai"", ""adoption"": ""bulk"", ""decision_ref"": {""path"": ""docs/research/experiment-plans/cross-model-applicability-v1/feedback-01.json"", ""sha256"": ""c229c9520bfe71dcf93ed89fa315835601390d3b73132662b7af27a6ad81d18f""}, ""recorded_at"": ""2026-09-17T18:10:11.377352+00:00""}"	False	A_fixed_insult
CMAD-XC-Q4-N-D0	CMAD-XC-Q4	XC-Q4	CMAD-XC	N	D0	neutral_diagnostic	"[""CMAD-XC-N""]"	[]	[]	semantic_reference_fit			929296e126b9adc4e0bf8827d545b14c20ff4c2b1e626131acef1f9cc17966b2	"{""decision_id"": ""CMAD-review-01"", ""authorship"": ""ai"", ""review_kind"": ""human_with_ai"", ""adoption"": ""bulk"", ""decision_ref"": {""path"": ""docs/research/experiment-plans/cross-model-applicability-v1/feedback-01.json"", ""sha256"": ""c229c9520bfe71dcf93ed89fa315835601390d3b73132662b7af27a6ad81d18f""}, ""recorded_at"": ""2026-09-17T18:10:11.377352+00:00""}"	False	A_fixed_insult
CMAD-XC-Q4-N-D10	CMAD-XC-Q4	XC-Q4	CMAD-XC	N	D10	neutral_diagnostic	"[""CMAD-XC-N""]"	"[""CMAD-XC-D-F-A"", ""CMAD-XC-D-ANCHOR""]"	"[""有"", ""无""]"	semantic_reference_fit	direct	absent	e9312f0e96c4665294eba12d275e807b8a00eae27777df2ba3fcb2fae90bfb13	"{""decision_id"": ""CMAD-review-01"", ""authorship"": ""ai"", ""review_kind"": ""human_with_ai"", ""adoption"": ""bulk"", ""decision_ref"": {""path"": ""docs/research/experiment-plans/cross-model-applicability-v1/feedback-01.json"", ""sha256"": ""c229c9520bfe71dcf93ed89fa315835601390d3b73132662b7af27a6ad81d18f""}, ""recorded_at"": ""2026-09-17T18:10:11.377352+00:00""}"	False	A_fixed_insult
CMAD-XC-Q4-N-D01	CMAD-XC-Q4	XC-Q4	CMAD-XC	N	D01	neutral_diagnostic	"[""CMAD-XC-N""]"	"[""CMAD-XC-D-L-P"", ""CMAD-XC-D-ANCHOR""]"	"[""有"", ""无""]"	semantic_reference_fit	none	present	fb261305e1e823affcfb5f9c0c1d2dec1f604461cfafda8575e79301c2468f2f	"{""decision_id"": ""CMAD-review-01"", ""authorship"": ""ai"", ""review_kind"": ""human_with_ai"", ""adoption"": ""bulk"", ""decision_ref"": {""path"": ""docs/research/experiment-plans/cross-model-applicability-v1/feedback-01.json"", ""sha256"": ""c229c9520bfe71dcf93ed89fa315835601390d3b73132662b7af27a6ad81d18f""}, ""recorded_at"": ""2026-09-17T18:10:11.377352+00:00""}"	False	A_fixed_insult
CMAD-XC-Q4-L0-D10S	CMAD-XC-Q4	XC-Q4	CMAD-XC	L0	D10S	label_mapping_diagnostic	[]	"[""CMAD-XC-D-F-A-SWAP"", ""CMAD-XC-D-ANCHOR-SWAP""]"	"[""无"", ""有""]"	semantic_reference_fit	direct	absent	e62a6f6a6e9e71abeaab294ceaa4a11e7488fcfae6b64f9752b534c032618b8a	"{""decision_id"": ""CMAD-review-01"", ""authorship"": ""ai"", ""review_kind"": ""human_with_ai"", ""adoption"": ""bulk"", ""decision_ref"": {""path"": ""docs/research/experiment-plans/cross-model-applicability-v1/feedback-01.json"", ""sha256"": ""c229c9520bfe71dcf93ed89fa315835601390d3b73132662b7af27a6ad81d18f""}, ""recorded_at"": ""2026-09-17T18:10:11.377352+00:00""}"	False	A_fixed_insult
CMAD-XC-Q4-L0-D01S	CMAD-XC-Q4	XC-Q4	CMAD-XC	L0	D01S	label_mapping_diagnostic	[]	"[""CMAD-XC-D-L-P-SWAP"", ""CMAD-XC-D-ANCHOR-SWAP""]"	"[""无"", ""有""]"	semantic_reference_fit	none	present	b0f93f52cefb9a1597e8ae68afc68fe28ca966a08a67bf4ff4b1a84abbf305cd	"{""decision_id"": ""CMAD-review-01"", ""authorship"": ""ai"", ""review_kind"": ""human_with_ai"", ""adoption"": ""bulk"", ""decision_ref"": {""path"": ""docs/research/experiment-plans/cross-model-applicability-v1/feedback-01.json"", ""sha256"": ""c229c9520bfe71dcf93ed89fa315835601390d3b73132662b7af27a6ad81d18f""}, ""recorded_at"": ""2026-09-17T18:10:11.377352+00:00""}"	False	A_fixed_insult
CMAD-XC-Q4-L1-D10S	CMAD-XC-Q4	XC-Q4	CMAD-XC	L1	D10S	label_mapping_diagnostic	"[""CMAD-XC-L1""]"	"[""CMAD-XC-D-F-A-SWAP"", ""CMAD-XC-D-ANCHOR-SWAP""]"	"[""无"", ""有""]"	semantic_reference_fit	direct	absent	8e1de6c9f5217181b5de51fbf869b78edc4b22457e7d944f7b8b15e781d8d337	"{""decision_id"": ""CMAD-review-01"", ""authorship"": ""ai"", ""review_kind"": ""human_with_ai"", ""adoption"": ""bulk"", ""decision_ref"": {""path"": ""docs/research/experiment-plans/cross-model-applicability-v1/feedback-01.json"", ""sha256"": ""c229c9520bfe71dcf93ed89fa315835601390d3b73132662b7af27a6ad81d18f""}, ""recorded_at"": ""2026-09-17T18:10:11.377352+00:00""}"	False	A_fixed_insult
CMAD-XC-Q4-L1-D01S	CMAD-XC-Q4	XC-Q4	CMAD-XC	L1	D01S	label_mapping_diagnostic	"[""CMAD-XC-L1""]"	"[""CMAD-XC-D-L-P-SWAP"", ""CMAD-XC-D-ANCHOR-SWAP""]"	"[""无"", ""有""]"	semantic_reference_fit	none	present	5e78c7da3ec3869ebeedb163114de9bdbd0e1520b34361feaea330c4f10aab4f	"{""decision_id"": ""CMAD-review-01"", ""authorship"": ""ai"", ""review_kind"": ""human_with_ai"", ""adoption"": ""bulk"", ""decision_ref"": {""path"": ""docs/research/experiment-plans/cross-model-applicability-v1/feedback-01.json"", ""sha256"": ""c229c9520bfe71dcf93ed89fa315835601390d3b73132662b7af27a6ad81d18f""}, ""recorded_at"": ""2026-09-17T18:10:11.377352+00:00""}"	False	A_fixed_insult
CMAD-XC-Q4-L2-D10S	CMAD-XC-Q4	XC-Q4	CMAD-XC	L2	D10S	label_mapping_diagnostic	"[""CMAD-XC-L2""]"	"[""CMAD-XC-D-F-A-SWAP"", ""CMAD-XC-D-ANCHOR-SWAP""]"	"[""无"", ""有""]"	semantic_reference_fit	direct	absent	3f5efae3588e8fb13d3b65cd966da9da7ff0b5ed7e7ac4a2d1668bf29936031a	"{""decision_id"": ""CMAD-review-01"", ""authorship"": ""ai"", ""review_kind"": ""human_with_ai"", ""adoption"": ""bulk"", ""decision_ref"": {""path"": ""docs/research/experiment-plans/cross-model-applicability-v1/feedback-01.json"", ""sha256"": ""c229c9520bfe71dcf93ed89fa315835601390d3b73132662b7af27a6ad81d18f""}, ""recorded_at"": ""2026-09-17T18:10:11.377352+00:00""}"	False	A_fixed_insult
CMAD-XC-Q4-L2-D01S	CMAD-XC-Q4	XC-Q4	CMAD-XC	L2	D01S	label_mapping_diagnostic	"[""CMAD-XC-L2""]"	"[""CMAD-XC-D-L-P-SWAP"", ""CMAD-XC-D-ANCHOR-SWAP""]"	"[""无"", ""有""]"	semantic_reference_fit	none	present	04d0fb988c2a35d9628f77d2678a946538482bb001c52363a5a74464b5add112	"{""decision_id"": ""CMAD-review-01"", ""authorship"": ""ai"", ""review_kind"": ""human_with_ai"", ""adoption"": ""bulk"", ""decision_ref"": {""path"": ""docs/research/experiment-plans/cross-model-applicability-v1/feedback-01.json"", ""sha256"": ""c229c9520bfe71dcf93ed89fa315835601390d3b73132662b7af27a6ad81d18f""}, ""recorded_at"": ""2026-09-17T18:10:11.377352+00:00""}"	False	A_fixed_insult
CMAD-JSC-Q1-L0-D0	CMAD-JSC-Q1	JSC-Q1	CMAD-JSC	L0	D0	core	[]	[]	[]	semantic_reference_fit			01db2a7407b770c034b0794fc1ee32610f9950f24b1309c3f9257dcbd489f549		False	B_word_explanation
CMAD-JSC-Q1-L0-D11	CMAD-JSC-Q1	JSC-Q1	CMAD-JSC	L0	D11	core	[]	"[""CMAD-JSC-D-L-P"", ""CMAD-JSC-D-ANCHOR""]"	"[""无"", ""有""]"	semantic_reference_fit	direct	present	9b035fa41cde01a6632753787c8b7e40b2a721dfaa541677d5079f90e28e737b		False	B_word_explanation
CMAD-JSC-Q1-L0-D10	CMAD-JSC-Q1	JSC-Q1	CMAD-JSC	L0	D10	core	[]	"[""CMAD-JSC-D-L-A"", ""CMAD-JSC-D-ANCHOR""]"	"[""无"", ""有""]"	semantic_reference_fit	direct	absent	10d156736192e7ec3de7e6d14939fb92978dc8d38da8a699841d441aeb50ae5b		False	B_word_explanation
CMAD-JSC-Q1-L0-D01	CMAD-JSC-Q1	JSC-Q1	CMAD-JSC	L0	D01	core	[]	"[""CMAD-JSC-D-F-P"", ""CMAD-JSC-D-ANCHOR""]"	"[""无"", ""有""]"	semantic_reference_fit	none	present	b72cd248d050ef78ca8ba09e97cbcf1302a3ec5060844c28767af211e8533555		False	B_word_explanation
CMAD-JSC-Q1-L0-D00	CMAD-JSC-Q1	JSC-Q1	CMAD-JSC	L0	D00	core	[]	"[""CMAD-JSC-D-F-A"", ""CMAD-JSC-D-ANCHOR""]"	"[""无"", ""有""]"	semantic_reference_fit	none	absent	4e6a79ab608fc352cc13214648d69387e24e88522a27de519cf363697a1a242d		False	B_word_explanation
CMAD-JSC-Q1-L1-D0	CMAD-JSC-Q1	JSC-Q1	CMAD-JSC	L1	D0	core	"[""CMAD-JSC-L1""]"	[]	[]	semantic_reference_fit			c30d7bcd73b55feaf2c8ee26ea9e05ba522c9c8a73b27cdf93a1720c00d78989		False	B_word_explanation
CMAD-JSC-Q1-L1-D11	CMAD-JSC-Q1	JSC-Q1	CMAD-JSC	L1	D11	core	"[""CMAD-JSC-L1""]"	"[""CMAD-JSC-D-L-P"", ""CMAD-JSC-D-ANCHOR""]"	"[""无"", ""有""]"	semantic_reference_fit	direct	present	e4b9c537cbc1be6b1b2252021a3c22ba69c47a5fe7a70c9890567273d394625f		False	B_word_explanation
CMAD-JSC-Q1-L1-D10	CMAD-JSC-Q1	JSC-Q1	CMAD-JSC	L1	D10	core	"[""CMAD-JSC-L1""]"	"[""CMAD-JSC-D-L-A"", ""CMAD-JSC-D-ANCHOR""]"	"[""无"", ""有""]"	semantic_reference_fit	direct	absent	050e068c94ffa4fca548f308570e16a550025860d71640dcb64cae69e5ad17e8		False	B_word_explanation
CMAD-JSC-Q1-L1-D01	CMAD-JSC-Q1	JSC-Q1	CMAD-JSC	L1	D01	core	"[""CMAD-JSC-L1""]"	"[""CMAD-JSC-D-F-P"", ""CMAD-JSC-D-ANCHOR""]"	"[""无"", ""有""]"	semantic_reference_fit	none	present	db50217e0f41228f84b88e8f7f0b29e63695954a6e45603cca17da696751d515		False	B_word_explanation
CMAD-JSC-Q1-L1-D00	CMAD-JSC-Q1	JSC-Q1	CMAD-JSC	L1	D00	core	"[""CMAD-JSC-L1""]"	"[""CMAD-JSC-D-F-A"", ""CMAD-JSC-D-ANCHOR""]"	"[""无"", ""有""]"	semantic_reference_fit	none	absent	153761b572e539c1637c13ca081079d8148ed51eebfab555ed2c8f4c130ca341		False	B_word_explanation
CMAD-JSC-Q1-L2-D0	CMAD-JSC-Q1	JSC-Q1	CMAD-JSC	L2	D0	core	"[""CMAD-JSC-L2""]"	[]	[]	semantic_reference_fit			49c0a07098b510b6661eca07ac2a6dc29048f5171695de8111d2ad20f745de9d		False	B_word_explanation
CMAD-JSC-Q1-L2-D11	CMAD-JSC-Q1	JSC-Q1	CMAD-JSC	L2	D11	core	"[""CMAD-JSC-L2""]"	"[""CMAD-JSC-D-L-P"", ""CMAD-JSC-D-ANCHOR""]"	"[""无"", ""有""]"	semantic_reference_fit	direct	present	d8836d4a9d48ff5e68c94873e0ad88bd56d5c77162093bfbdaee00b061523839		False	B_word_explanation
CMAD-JSC-Q1-L2-D10	CMAD-JSC-Q1	JSC-Q1	CMAD-JSC	L2	D10	core	"[""CMAD-JSC-L2""]"	"[""CMAD-JSC-D-L-A"", ""CMAD-JSC-D-ANCHOR""]"	"[""无"", ""有""]"	semantic_reference_fit	direct	absent	e5a18e2004d6776920cf7542841c4c701e006e8b2a50b7aced793814faa9f019		False	B_word_explanation
CMAD-JSC-Q1-L2-D01	CMAD-JSC-Q1	JSC-Q1	CMAD-JSC	L2	D01	core	"[""CMAD-JSC-L2""]"	"[""CMAD-JSC-D-F-P"", ""CMAD-JSC-D-ANCHOR""]"	"[""无"", ""有""]"	semantic_reference_fit	none	present	2d270ef331a556deda34d77d1f93259ebac1d9613ac8d95e7309a2bac8fbc492		False	B_word_explanation
CMAD-JSC-Q1-L2-D00	CMAD-JSC-Q1	JSC-Q1	CMAD-JSC	L2	D00	core	"[""CMAD-JSC-L2""]"	"[""CMAD-JSC-D-F-A"", ""CMAD-JSC-D-ANCHOR""]"	"[""无"", ""有""]"	semantic_reference_fit	none	absent	edd40f014fc4aae11b1148d65c76184b5a3685960f10c7e0b40465c951f8a72e		False	B_word_explanation
CMAD-JSC-Q1-N-D0	CMAD-JSC-Q1	JSC-Q1	CMAD-JSC	N	D0	neutral_diagnostic	"[""CMAD-JSC-N""]"	[]	[]	semantic_reference_fit			3582aa816a02e5b0ec7a92e81abb75fae743f3f8c6c67d231e5be1602501a467		False	B_word_explanation
CMAD-JSC-Q1-N-D10	CMAD-JSC-Q1	JSC-Q1	CMAD-JSC	N	D10	neutral_diagnostic	"[""CMAD-JSC-N""]"	"[""CMAD-JSC-D-L-A"", ""CMAD-JSC-D-ANCHOR""]"	"[""无"", ""有""]"	semantic_reference_fit	direct	absent	d10e4f9f5d286ad183ba165c7bc611e92a51b5297d93298757de4d9733c0ed4a		False	B_word_explanation
CMAD-JSC-Q1-N-D01	CMAD-JSC-Q1	JSC-Q1	CMAD-JSC	N	D01	neutral_diagnostic	"[""CMAD-JSC-N""]"	"[""CMAD-JSC-D-F-P"", ""CMAD-JSC-D-ANCHOR""]"	"[""无"", ""有""]"	semantic_reference_fit	none	present	194e15f65a76765d06bfce24972137cf520c8afa313dbffadf1c60a4acc0531f		False	B_word_explanation
CMAD-JSC-Q1-L0-D10S	CMAD-JSC-Q1	JSC-Q1	CMAD-JSC	L0	D10S	label_mapping_diagnostic	[]	"[""CMAD-JSC-D-L-A-SWAP"", ""CMAD-JSC-D-ANCHOR-SWAP""]"	"[""有"", ""无""]"	semantic_reference_fit	direct	absent	b11a390c351034d5d8cb8122789152f42392040cf553776de637cb928ce05111		False	B_word_explanation
CMAD-JSC-Q1-L0-D01S	CMAD-JSC-Q1	JSC-Q1	CMAD-JSC	L0	D01S	label_mapping_diagnostic	[]	"[""CMAD-JSC-D-F-P-SWAP"", ""CMAD-JSC-D-ANCHOR-SWAP""]"	"[""有"", ""无""]"	semantic_reference_fit	none	present	8f4ddc8e72f8ffc0d1e1738d221cacba36d0e07a46a99f6466b1af761fc62969		False	B_word_explanation
CMAD-JSC-Q1-L1-D10S	CMAD-JSC-Q1	JSC-Q1	CMAD-JSC	L1	D10S	label_mapping_diagnostic	"[""CMAD-JSC-L1""]"	"[""CMAD-JSC-D-L-A-SWAP"", ""CMAD-JSC-D-ANCHOR-SWAP""]"	"[""有"", ""无""]"	semantic_reference_fit	direct	absent	d8d9e497ce15e276c854071e664821b8315f6d794afa2b74ed42a829af02c03a		False	B_word_explanation
CMAD-JSC-Q1-L1-D01S	CMAD-JSC-Q1	JSC-Q1	CMAD-JSC	L1	D01S	label_mapping_diagnostic	"[""CMAD-JSC-L1""]"	"[""CMAD-JSC-D-F-P-SWAP"", ""CMAD-JSC-D-ANCHOR-SWAP""]"	"[""有"", ""无""]"	semantic_reference_fit	none	present	f3ded63af2c8631e5022fba6bbc382d99f12f030efaa81d3b3d2ff4d372af8ba		False	B_word_explanation
CMAD-JSC-Q1-L2-D10S	CMAD-JSC-Q1	JSC-Q1	CMAD-JSC	L2	D10S	label_mapping_diagnostic	"[""CMAD-JSC-L2""]"	"[""CMAD-JSC-D-L-A-SWAP"", ""CMAD-JSC-D-ANCHOR-SWAP""]"	"[""有"", ""无""]"	semantic_reference_fit	direct	absent	798dfc9beb38798a0a5604ca4a4fe7002f9d42fc2296bddede20545623735715		False	B_word_explanation
CMAD-JSC-Q1-L2-D01S	CMAD-JSC-Q1	JSC-Q1	CMAD-JSC	L2	D01S	label_mapping_diagnostic	"[""CMAD-JSC-L2""]"	"[""CMAD-JSC-D-F-P-SWAP"", ""CMAD-JSC-D-ANCHOR-SWAP""]"	"[""有"", ""无""]"	semantic_reference_fit	none	present	ece9c9484e8e56febb625b00dfaa658f541fbf2fef93d67b54e8d1a107cae7a6		False	B_word_explanation
CMAD-JSC-Q2-L0-D0	CMAD-JSC-Q2	JSC-Q2	CMAD-JSC	L0	D0	core	[]	[]	[]	semantic_reference_fit			3ac828446bfb6a28ba7a06c998a290dee986e5cfa3c81cd8404ef4ebf051c713		False	B_word_explanation
CMAD-JSC-Q2-L0-D11	CMAD-JSC-Q2	JSC-Q2	CMAD-JSC	L0	D11	core	[]	"[""CMAD-JSC-D-L-P"", ""CMAD-JSC-D-ANCHOR""]"	"[""无"", ""有""]"	semantic_reference_fit	direct	present	a0ced1f4b78b068b80c4ab00cf288cec084e5e5d9bdd54a8631c3c7c2ca9a4a9		False	B_word_explanation
CMAD-JSC-Q2-L0-D10	CMAD-JSC-Q2	JSC-Q2	CMAD-JSC	L0	D10	core	[]	"[""CMAD-JSC-D-L-A"", ""CMAD-JSC-D-ANCHOR""]"	"[""无"", ""有""]"	semantic_reference_fit	direct	absent	4fbe4350b466b16976e9370efe17fcaea09b86919ca510da4bed73273fbafa0e		False	B_word_explanation
CMAD-JSC-Q2-L0-D01	CMAD-JSC-Q2	JSC-Q2	CMAD-JSC	L0	D01	core	[]	"[""CMAD-JSC-D-F-P"", ""CMAD-JSC-D-ANCHOR""]"	"[""无"", ""有""]"	semantic_reference_fit	none	present	f7faaf6b10aed58108f139152d1534cacb9d42aad9a536aef56e0a7f17e290a9		False	B_word_explanation
CMAD-JSC-Q2-L0-D00	CMAD-JSC-Q2	JSC-Q2	CMAD-JSC	L0	D00	core	[]	"[""CMAD-JSC-D-F-A"", ""CMAD-JSC-D-ANCHOR""]"	"[""无"", ""有""]"	semantic_reference_fit	none	absent	36588f9092090f0aa55e6797e4ec4d058779804d4f240de8b5a441033a7ee85c		False	B_word_explanation
CMAD-JSC-Q2-L1-D0	CMAD-JSC-Q2	JSC-Q2	CMAD-JSC	L1	D0	core	"[""CMAD-JSC-L1""]"	[]	[]	semantic_reference_fit			a7ef51c04b766cfee664ea6b71fed56b2da57c087bd36b10dca9001606b25bf7		False	B_word_explanation
CMAD-JSC-Q2-L1-D11	CMAD-JSC-Q2	JSC-Q2	CMAD-JSC	L1	D11	core	"[""CMAD-JSC-L1""]"	"[""CMAD-JSC-D-L-P"", ""CMAD-JSC-D-ANCHOR""]"	"[""无"", ""有""]"	semantic_reference_fit	direct	present	5a397c6cd3de4b80d77aa677370f33b6cfa48da5b77dbb8d8abfef2c1d26a9c3		False	B_word_explanation
CMAD-JSC-Q2-L1-D10	CMAD-JSC-Q2	JSC-Q2	CMAD-JSC	L1	D10	core	"[""CMAD-JSC-L1""]"	"[""CMAD-JSC-D-L-A"", ""CMAD-JSC-D-ANCHOR""]"	"[""无"", ""有""]"	semantic_reference_fit	direct	absent	6c8e64393c22bd47980ffa8dc0f848f97f93c5367392288987c562bacdc30728		False	B_word_explanation
CMAD-JSC-Q2-L1-D01	CMAD-JSC-Q2	JSC-Q2	CMAD-JSC	L1	D01	core	"[""CMAD-JSC-L1""]"	"[""CMAD-JSC-D-F-P"", ""CMAD-JSC-D-ANCHOR""]"	"[""无"", ""有""]"	semantic_reference_fit	none	present	8010904c21198a9be2aa2fe5752617d82b4b1288080297ada91cc316e123c169		False	B_word_explanation
CMAD-JSC-Q2-L1-D00	CMAD-JSC-Q2	JSC-Q2	CMAD-JSC	L1	D00	core	"[""CMAD-JSC-L1""]"	"[""CMAD-JSC-D-F-A"", ""CMAD-JSC-D-ANCHOR""]"	"[""无"", ""有""]"	semantic_reference_fit	none	absent	45ec435c0f705213d17d3d3e78c37a484a250eb706a6bcb6fdbb61f8421ead77		False	B_word_explanation
CMAD-JSC-Q2-L2-D0	CMAD-JSC-Q2	JSC-Q2	CMAD-JSC	L2	D0	core	"[""CMAD-JSC-L2""]"	[]	[]	semantic_reference_fit			a7a56162ab26a0d7e5ae18726df056a0ecc59970bec5a05d232b2b982ac5aaa7		False	B_word_explanation
CMAD-JSC-Q2-L2-D11	CMAD-JSC-Q2	JSC-Q2	CMAD-JSC	L2	D11	core	"[""CMAD-JSC-L2""]"	"[""CMAD-JSC-D-L-P"", ""CMAD-JSC-D-ANCHOR""]"	"[""无"", ""有""]"	semantic_reference_fit	direct	present	abc018ce8d7ff6760889a66a2ffae785347346b7e4ff2de2dfd31881930e27dc		False	B_word_explanation
CMAD-JSC-Q2-L2-D10	CMAD-JSC-Q2	JSC-Q2	CMAD-JSC	L2	D10	core	"[""CMAD-JSC-L2""]"	"[""CMAD-JSC-D-L-A"", ""CMAD-JSC-D-ANCHOR""]"	"[""无"", ""有""]"	semantic_reference_fit	direct	absent	0239fcd49e0225e185b9d7dfaf186b573cb06dc68c119bf394fa74625f3a33ae		False	B_word_explanation
CMAD-JSC-Q2-L2-D01	CMAD-JSC-Q2	JSC-Q2	CMAD-JSC	L2	D01	core	"[""CMAD-JSC-L2""]"	"[""CMAD-JSC-D-F-P"", ""CMAD-JSC-D-ANCHOR""]"	"[""无"", ""有""]"	semantic_reference_fit	none	present	860dc3b62d44954c6c1fd91dae3020e153d532fb33c2f6083f8966c0401b5829		False	B_word_explanation
CMAD-JSC-Q2-L2-D00	CMAD-JSC-Q2	JSC-Q2	CMAD-JSC	L2	D00	core	"[""CMAD-JSC-L2""]"	"[""CMAD-JSC-D-F-A"", ""CMAD-JSC-D-ANCHOR""]"	"[""无"", ""有""]"	semantic_reference_fit	none	absent	855907b08389b67b4c8d6df19e8fa5ccce83ce8de6b137148fefb81fa3eaa694		False	B_word_explanation
CMAD-JSC-Q2-N-D0	CMAD-JSC-Q2	JSC-Q2	CMAD-JSC	N	D0	neutral_diagnostic	"[""CMAD-JSC-N""]"	[]	[]	semantic_reference_fit			b7d07a2fae5cdb90a06dade491252b962cb05c19f9e64b853277f98400f4c14d		False	B_word_explanation
CMAD-JSC-Q2-N-D10	CMAD-JSC-Q2	JSC-Q2	CMAD-JSC	N	D10	neutral_diagnostic	"[""CMAD-JSC-N""]"	"[""CMAD-JSC-D-L-A"", ""CMAD-JSC-D-ANCHOR""]"	"[""无"", ""有""]"	semantic_reference_fit	direct	absent	7f645d6bc1dc84eb78669c6b4035608ad9c784e51c51193adcd5f0c8b90d6420		False	B_word_explanation
CMAD-JSC-Q2-N-D01	CMAD-JSC-Q2	JSC-Q2	CMAD-JSC	N	D01	neutral_diagnostic	"[""CMAD-JSC-N""]"	"[""CMAD-JSC-D-F-P"", ""CMAD-JSC-D-ANCHOR""]"	"[""无"", ""有""]"	semantic_reference_fit	none	present	3670181b0ed5041125c83a334dfef060ebabfadb621f92c87cf6312b03b6d370		False	B_word_explanation
CMAD-JSC-Q2-L0-D10S	CMAD-JSC-Q2	JSC-Q2	CMAD-JSC	L0	D10S	label_mapping_diagnostic	[]	"[""CMAD-JSC-D-L-A-SWAP"", ""CMAD-JSC-D-ANCHOR-SWAP""]"	"[""有"", ""无""]"	semantic_reference_fit	direct	absent	b406a12e32c5eedfaffd913ae319687d0ff319ccf595ce0a3b442c2d0e7e9044		False	B_word_explanation
CMAD-JSC-Q2-L0-D01S	CMAD-JSC-Q2	JSC-Q2	CMAD-JSC	L0	D01S	label_mapping_diagnostic	[]	"[""CMAD-JSC-D-F-P-SWAP"", ""CMAD-JSC-D-ANCHOR-SWAP""]"	"[""有"", ""无""]"	semantic_reference_fit	none	present	2462a23a4078cc5fd8a857037886dab72b6a36e6795a8b676bfde60e4eb2948d		False	B_word_explanation
CMAD-JSC-Q2-L1-D10S	CMAD-JSC-Q2	JSC-Q2	CMAD-JSC	L1	D10S	label_mapping_diagnostic	"[""CMAD-JSC-L1""]"	"[""CMAD-JSC-D-L-A-SWAP"", ""CMAD-JSC-D-ANCHOR-SWAP""]"	"[""有"", ""无""]"	semantic_reference_fit	direct	absent	d111241a9f7b83e3e7d59ec95fd468a86c40bad94d78fc4e42ca081dc7d7c9af		False	B_word_explanation
CMAD-JSC-Q2-L1-D01S	CMAD-JSC-Q2	JSC-Q2	CMAD-JSC	L1	D01S	label_mapping_diagnostic	"[""CMAD-JSC-L1""]"	"[""CMAD-JSC-D-F-P-SWAP"", ""CMAD-JSC-D-ANCHOR-SWAP""]"	"[""有"", ""无""]"	semantic_reference_fit	none	present	fa2cedbb0c1aa786ee9a339a45ec74d5a434a55aca6fcf04e55257e0e023e6cc		False	B_word_explanation
CMAD-JSC-Q2-L2-D10S	CMAD-JSC-Q2	JSC-Q2	CMAD-JSC	L2	D10S	label_mapping_diagnostic	"[""CMAD-JSC-L2""]"	"[""CMAD-JSC-D-L-A-SWAP"", ""CMAD-JSC-D-ANCHOR-SWAP""]"	"[""有"", ""无""]"	semantic_reference_fit	direct	absent	ee9b5ed682d52711a3f0923ce512b4c97a2420b463ca239c80260ab24583c413		False	B_word_explanation
CMAD-JSC-Q2-L2-D01S	CMAD-JSC-Q2	JSC-Q2	CMAD-JSC	L2	D01S	label_mapping_diagnostic	"[""CMAD-JSC-L2""]"	"[""CMAD-JSC-D-F-P-SWAP"", ""CMAD-JSC-D-ANCHOR-SWAP""]"	"[""有"", ""无""]"	semantic_reference_fit	none	present	c94d49ce3b0611cca6e7a10e3b2f97c26c5c69665e52700157976b618dd324e6		False	B_word_explanation
CMAD-JSC-Q3-L0-D0	CMAD-JSC-Q3	JSC-Q3	CMAD-JSC	L0	D0	core	[]	[]	[]	semantic_reference_fit			2273eec27b2c267037b32c49cb33ebf1e3710cb65c0fbc70db9506094a5ee0f2		False	B_word_explanation
CMAD-JSC-Q3-L0-D11	CMAD-JSC-Q3	JSC-Q3	CMAD-JSC	L0	D11	core	[]	"[""CMAD-JSC-D-F-P"", ""CMAD-JSC-D-ANCHOR""]"	"[""无"", ""有""]"	semantic_reference_fit	direct	present	b2d9320f06d1678f3393689aab12334843c718cd70160b2d68b525933a05a456		False	B_word_explanation
CMAD-JSC-Q3-L0-D10	CMAD-JSC-Q3	JSC-Q3	CMAD-JSC	L0	D10	core	[]	"[""CMAD-JSC-D-F-A"", ""CMAD-JSC-D-ANCHOR""]"	"[""无"", ""有""]"	semantic_reference_fit	direct	absent	fb32b7330d84fa93245f2194389db59c6b1d477938f080c7d30b520c21b5edb3		False	B_word_explanation
CMAD-JSC-Q3-L0-D01	CMAD-JSC-Q3	JSC-Q3	CMAD-JSC	L0	D01	core	[]	"[""CMAD-JSC-D-L-P"", ""CMAD-JSC-D-ANCHOR""]"	"[""无"", ""有""]"	semantic_reference_fit	none	present	6281cdc603150971c811ce2538bdd55d9bb281d975d274d9e132fd006133fe17		False	B_word_explanation
CMAD-JSC-Q3-L0-D00	CMAD-JSC-Q3	JSC-Q3	CMAD-JSC	L0	D00	core	[]	"[""CMAD-JSC-D-L-A"", ""CMAD-JSC-D-ANCHOR""]"	"[""无"", ""有""]"	semantic_reference_fit	none	absent	4d71cbbd0a4bd908aa1f239d79b167296a3e7f055428856327fd950c414ea0f7		False	B_word_explanation
CMAD-JSC-Q3-L1-D0	CMAD-JSC-Q3	JSC-Q3	CMAD-JSC	L1	D0	core	"[""CMAD-JSC-L1""]"	[]	[]	semantic_reference_fit			edc4e6eeb54263a0210f73abf2dda5444bd97ec9a82e8df67d4f4359ddfec1c1		False	B_word_explanation
CMAD-JSC-Q3-L1-D11	CMAD-JSC-Q3	JSC-Q3	CMAD-JSC	L1	D11	core	"[""CMAD-JSC-L1""]"	"[""CMAD-JSC-D-F-P"", ""CMAD-JSC-D-ANCHOR""]"	"[""无"", ""有""]"	semantic_reference_fit	direct	present	d18282d4b5b96a6cae9930b924383011b88708b3cd9ae3783f3d25064260c9a8		False	B_word_explanation
CMAD-JSC-Q3-L1-D10	CMAD-JSC-Q3	JSC-Q3	CMAD-JSC	L1	D10	core	"[""CMAD-JSC-L1""]"	"[""CMAD-JSC-D-F-A"", ""CMAD-JSC-D-ANCHOR""]"	"[""无"", ""有""]"	semantic_reference_fit	direct	absent	29a53a0feac8160d6d478e2bd22fe5503f295ea74df456d23b4d32dabf7d4936		False	B_word_explanation
CMAD-JSC-Q3-L1-D01	CMAD-JSC-Q3	JSC-Q3	CMAD-JSC	L1	D01	core	"[""CMAD-JSC-L1""]"	"[""CMAD-JSC-D-L-P"", ""CMAD-JSC-D-ANCHOR""]"	"[""无"", ""有""]"	semantic_reference_fit	none	present	bd6a42c984560bcbc8964c22aa7f1a7342416c039e17ee74583a55412f7c7f88		False	B_word_explanation
CMAD-JSC-Q3-L1-D00	CMAD-JSC-Q3	JSC-Q3	CMAD-JSC	L1	D00	core	"[""CMAD-JSC-L1""]"	"[""CMAD-JSC-D-L-A"", ""CMAD-JSC-D-ANCHOR""]"	"[""无"", ""有""]"	semantic_reference_fit	none	absent	f6bf9f1ec7cd6cd2e6db7a260f4462ed58d846527fb56a94a74e4b80fed3e2ae		False	B_word_explanation
CMAD-JSC-Q3-L2-D0	CMAD-JSC-Q3	JSC-Q3	CMAD-JSC	L2	D0	core	"[""CMAD-JSC-L2""]"	[]	[]	semantic_reference_fit			436516d6a2229daea9281ec1150ca134a7640cd9e04bd35ad5bbc269da53a44a		False	B_word_explanation
CMAD-JSC-Q3-L2-D11	CMAD-JSC-Q3	JSC-Q3	CMAD-JSC	L2	D11	core	"[""CMAD-JSC-L2""]"	"[""CMAD-JSC-D-F-P"", ""CMAD-JSC-D-ANCHOR""]"	"[""无"", ""有""]"	semantic_reference_fit	direct	present	3c099f7a503178672fee1f35bd7a31dbc9f56dd47f64e30fef3d6d212d691120		False	B_word_explanation
CMAD-JSC-Q3-L2-D10	CMAD-JSC-Q3	JSC-Q3	CMAD-JSC	L2	D10	core	"[""CMAD-JSC-L2""]"	"[""CMAD-JSC-D-F-A"", ""CMAD-JSC-D-ANCHOR""]"	"[""无"", ""有""]"	semantic_reference_fit	direct	absent	4ec70cb26664734df883c6e24da7fd2593b7d46c77b1d4558dcab726b0e1ddc5		False	B_word_explanation
CMAD-JSC-Q3-L2-D01	CMAD-JSC-Q3	JSC-Q3	CMAD-JSC	L2	D01	core	"[""CMAD-JSC-L2""]"	"[""CMAD-JSC-D-L-P"", ""CMAD-JSC-D-ANCHOR""]"	"[""无"", ""有""]"	semantic_reference_fit	none	present	5c09970408f410667bef10d3e7cf754df662ec77c1eeb342b0d8fc5e55a02f6c		False	B_word_explanation
CMAD-JSC-Q3-L2-D00	CMAD-JSC-Q3	JSC-Q3	CMAD-JSC	L2	D00	core	"[""CMAD-JSC-L2""]"	"[""CMAD-JSC-D-L-A"", ""CMAD-JSC-D-ANCHOR""]"	"[""无"", ""有""]"	semantic_reference_fit	none	absent	e9ce6e8c241d6c921b68dbf6d4583e648f451bcc6f27aab0854322a69c4d4b87		False	B_word_explanation
CMAD-JSC-Q3-N-D0	CMAD-JSC-Q3	JSC-Q3	CMAD-JSC	N	D0	neutral_diagnostic	"[""CMAD-JSC-N""]"	[]	[]	semantic_reference_fit			e582e46fe66c92316fc5d8b1120399ea02c53e39b3b315655bdfe5e01ec90d3f		False	B_word_explanation
CMAD-JSC-Q3-N-D10	CMAD-JSC-Q3	JSC-Q3	CMAD-JSC	N	D10	neutral_diagnostic	"[""CMAD-JSC-N""]"	"[""CMAD-JSC-D-F-A"", ""CMAD-JSC-D-ANCHOR""]"	"[""无"", ""有""]"	semantic_reference_fit	direct	absent	c37a43268c9cb115fba1de2759adec97affa898fca52ac147fd00695498638ee		False	B_word_explanation
CMAD-JSC-Q3-N-D01	CMAD-JSC-Q3	JSC-Q3	CMAD-JSC	N	D01	neutral_diagnostic	"[""CMAD-JSC-N""]"	"[""CMAD-JSC-D-L-P"", ""CMAD-JSC-D-ANCHOR""]"	"[""无"", ""有""]"	semantic_reference_fit	none	present	7a052eb98daf5a6bc559d533bd2c62cdfa571803de4d8471d137292eff8c9b1a		False	B_word_explanation
CMAD-JSC-Q3-L0-D10S	CMAD-JSC-Q3	JSC-Q3	CMAD-JSC	L0	D10S	label_mapping_diagnostic	[]	"[""CMAD-JSC-D-F-A-SWAP"", ""CMAD-JSC-D-ANCHOR-SWAP""]"	"[""有"", ""无""]"	semantic_reference_fit	direct	absent	9b7dda2515128bb3956fa4a746ea7c57f97e44ebd318ecbe75f60c13f8b17bb8		False	B_word_explanation
CMAD-JSC-Q3-L0-D01S	CMAD-JSC-Q3	JSC-Q3	CMAD-JSC	L0	D01S	label_mapping_diagnostic	[]	"[""CMAD-JSC-D-L-P-SWAP"", ""CMAD-JSC-D-ANCHOR-SWAP""]"	"[""有"", ""无""]"	semantic_reference_fit	none	present	c618501ee980869c1cdfe12d2ab495fa952dfd14da37d28ea94c51f5de8c5e0f		False	B_word_explanation
CMAD-JSC-Q3-L1-D10S	CMAD-JSC-Q3	JSC-Q3	CMAD-JSC	L1	D10S	label_mapping_diagnostic	"[""CMAD-JSC-L1""]"	"[""CMAD-JSC-D-F-A-SWAP"", ""CMAD-JSC-D-ANCHOR-SWAP""]"	"[""有"", ""无""]"	semantic_reference_fit	direct	absent	f536355941ceda132f08399b35da36c359d1516f5320bab389b9d579fb4c7bdc		False	B_word_explanation
CMAD-JSC-Q3-L1-D01S	CMAD-JSC-Q3	JSC-Q3	CMAD-JSC	L1	D01S	label_mapping_diagnostic	"[""CMAD-JSC-L1""]"	"[""CMAD-JSC-D-L-P-SWAP"", ""CMAD-JSC-D-ANCHOR-SWAP""]"	"[""有"", ""无""]"	semantic_reference_fit	none	present	89896c9a29caa53d75e5a58d136bda2db22146b32eb7663cb04faf9483dac749		False	B_word_explanation
CMAD-JSC-Q3-L2-D10S	CMAD-JSC-Q3	JSC-Q3	CMAD-JSC	L2	D10S	label_mapping_diagnostic	"[""CMAD-JSC-L2""]"	"[""CMAD-JSC-D-F-A-SWAP"", ""CMAD-JSC-D-ANCHOR-SWAP""]"	"[""有"", ""无""]"	semantic_reference_fit	direct	absent	2ef9158e733266ef500ed4f3d6f8d3d7b170b8725e739f3e3bf635326cccbbe6		False	B_word_explanation
CMAD-JSC-Q3-L2-D01S	CMAD-JSC-Q3	JSC-Q3	CMAD-JSC	L2	D01S	label_mapping_diagnostic	"[""CMAD-JSC-L2""]"	"[""CMAD-JSC-D-L-P-SWAP"", ""CMAD-JSC-D-ANCHOR-SWAP""]"	"[""有"", ""无""]"	semantic_reference_fit	none	present	b454d088099ce03a7ec5f1ea59a144a7bb4abf4dffd9d83b151bb809ae144225		False	B_word_explanation
CMAD-JSC-Q4-L0-D0	CMAD-JSC-Q4	JSC-Q4	CMAD-JSC	L0	D0	core	[]	[]	[]	semantic_reference_fit			e21921540bace79990c7b9a78ad74c85632f3a41a1f32a640321c229cf8fccd9		False	B_word_explanation
CMAD-JSC-Q4-L0-D11	CMAD-JSC-Q4	JSC-Q4	CMAD-JSC	L0	D11	core	[]	"[""CMAD-JSC-D-F-P"", ""CMAD-JSC-D-ANCHOR""]"	"[""无"", ""有""]"	semantic_reference_fit	direct	present	36b9ab40acc995c3c6a1ab296cf5be39b74b4e022391eed90941479238bd256a		False	B_word_explanation
CMAD-JSC-Q4-L0-D10	CMAD-JSC-Q4	JSC-Q4	CMAD-JSC	L0	D10	core	[]	"[""CMAD-JSC-D-F-A"", ""CMAD-JSC-D-ANCHOR""]"	"[""无"", ""有""]"	semantic_reference_fit	direct	absent	0f76b199cd9bef99a93ad8fa1bbd112a2e5205b56a210f37e30e285c12d5aedd		False	B_word_explanation
CMAD-JSC-Q4-L0-D01	CMAD-JSC-Q4	JSC-Q4	CMAD-JSC	L0	D01	core	[]	"[""CMAD-JSC-D-L-P"", ""CMAD-JSC-D-ANCHOR""]"	"[""无"", ""有""]"	semantic_reference_fit	none	present	1f03f3dc34728c3021c213e4114ef58ccfaaf9e0ce29b4137b23abb02ee3bc32		False	B_word_explanation
CMAD-JSC-Q4-L0-D00	CMAD-JSC-Q4	JSC-Q4	CMAD-JSC	L0	D00	core	[]	"[""CMAD-JSC-D-L-A"", ""CMAD-JSC-D-ANCHOR""]"	"[""无"", ""有""]"	semantic_reference_fit	none	absent	07f462e793a4fcf54043905b6331a5bfbdca951aea1eeeba48068ec88c4d6022		False	B_word_explanation
CMAD-JSC-Q4-L1-D0	CMAD-JSC-Q4	JSC-Q4	CMAD-JSC	L1	D0	core	"[""CMAD-JSC-L1""]"	[]	[]	semantic_reference_fit			1a526bdc26d3e119de3e26f76e8149cf3798eb2343c4044418842e0453b4f999		False	B_word_explanation
CMAD-JSC-Q4-L1-D11	CMAD-JSC-Q4	JSC-Q4	CMAD-JSC	L1	D11	core	"[""CMAD-JSC-L1""]"	"[""CMAD-JSC-D-F-P"", ""CMAD-JSC-D-ANCHOR""]"	"[""无"", ""有""]"	semantic_reference_fit	direct	present	5adf99c28573022bfb1e02dc9fc8e176de712cd9c985700e52628bb5ffbe0382		False	B_word_explanation
CMAD-JSC-Q4-L1-D10	CMAD-JSC-Q4	JSC-Q4	CMAD-JSC	L1	D10	core	"[""CMAD-JSC-L1""]"	"[""CMAD-JSC-D-F-A"", ""CMAD-JSC-D-ANCHOR""]"	"[""无"", ""有""]"	semantic_reference_fit	direct	absent	db883f9fa7641eaa245566443fd108160a5df4f5480dc00f871a0025e91bfea2		False	B_word_explanation
CMAD-JSC-Q4-L1-D01	CMAD-JSC-Q4	JSC-Q4	CMAD-JSC	L1	D01	core	"[""CMAD-JSC-L1""]"	"[""CMAD-JSC-D-L-P"", ""CMAD-JSC-D-ANCHOR""]"	"[""无"", ""有""]"	semantic_reference_fit	none	present	b843eacb103ba4cd46d61dc950392f5616755d5bf6b81739d53a6de0714561fd		False	B_word_explanation
CMAD-JSC-Q4-L1-D00	CMAD-JSC-Q4	JSC-Q4	CMAD-JSC	L1	D00	core	"[""CMAD-JSC-L1""]"	"[""CMAD-JSC-D-L-A"", ""CMAD-JSC-D-ANCHOR""]"	"[""无"", ""有""]"	semantic_reference_fit	none	absent	d4e5fd4c210ad9ca452adbec740c14338ec8a18e48ddfaf5037ab9361e1c83ad		False	B_word_explanation
CMAD-JSC-Q4-L2-D0	CMAD-JSC-Q4	JSC-Q4	CMAD-JSC	L2	D0	core	"[""CMAD-JSC-L2""]"	[]	[]	semantic_reference_fit			28237a41f32de46c86231ac00ea819899e0ac48426c548329c404e46e587800d		False	B_word_explanation
CMAD-JSC-Q4-L2-D11	CMAD-JSC-Q4	JSC-Q4	CMAD-JSC	L2	D11	core	"[""CMAD-JSC-L2""]"	"[""CMAD-JSC-D-F-P"", ""CMAD-JSC-D-ANCHOR""]"	"[""无"", ""有""]"	semantic_reference_fit	direct	present	a8880e562802bee58d2f0015671535a220d164cd75fd90754d1b147a55dff493		False	B_word_explanation
CMAD-JSC-Q4-L2-D10	CMAD-JSC-Q4	JSC-Q4	CMAD-JSC	L2	D10	core	"[""CMAD-JSC-L2""]"	"[""CMAD-JSC-D-F-A"", ""CMAD-JSC-D-ANCHOR""]"	"[""无"", ""有""]"	semantic_reference_fit	direct	absent	0cd3a0b3e60297bddcd47a16971b004ac4c059967090fe2de52d5683ff3fd643		False	B_word_explanation
CMAD-JSC-Q4-L2-D01	CMAD-JSC-Q4	JSC-Q4	CMAD-JSC	L2	D01	core	"[""CMAD-JSC-L2""]"	"[""CMAD-JSC-D-L-P"", ""CMAD-JSC-D-ANCHOR""]"	"[""无"", ""有""]"	semantic_reference_fit	none	present	8fdb4eaa05c34d8d298175800aed70a2d209e5e10dd4e67244f3a6fc7694fb82		False	B_word_explanation
CMAD-JSC-Q4-L2-D00	CMAD-JSC-Q4	JSC-Q4	CMAD-JSC	L2	D00	core	"[""CMAD-JSC-L2""]"	"[""CMAD-JSC-D-L-A"", ""CMAD-JSC-D-ANCHOR""]"	"[""无"", ""有""]"	semantic_reference_fit	none	absent	2f84a6346fe122fc7b4b288c6b73de91d763bd84605b7dd5b936d4729a5aec33		False	B_word_explanation
CMAD-JSC-Q4-N-D0	CMAD-JSC-Q4	JSC-Q4	CMAD-JSC	N	D0	neutral_diagnostic	"[""CMAD-JSC-N""]"	[]	[]	semantic_reference_fit			8cd28762da810541fe3534ad10ab65aa9685a90aecdffc5c58027fca4e3f96eb		False	B_word_explanation
CMAD-JSC-Q4-N-D10	CMAD-JSC-Q4	JSC-Q4	CMAD-JSC	N	D10	neutral_diagnostic	"[""CMAD-JSC-N""]"	"[""CMAD-JSC-D-F-A"", ""CMAD-JSC-D-ANCHOR""]"	"[""无"", ""有""]"	semantic_reference_fit	direct	absent	3fdb05d7189ef374caf99b6df174e2f65087c069f0ceace9114e07310952ba65		False	B_word_explanation
CMAD-JSC-Q4-N-D01	CMAD-JSC-Q4	JSC-Q4	CMAD-JSC	N	D01	neutral_diagnostic	"[""CMAD-JSC-N""]"	"[""CMAD-JSC-D-L-P"", ""CMAD-JSC-D-ANCHOR""]"	"[""无"", ""有""]"	semantic_reference_fit	none	present	e92433bdaaf373bbd2f331ba5001c2795fab32599e05e80193303b1c9e2da317		False	B_word_explanation
CMAD-JSC-Q4-L0-D10S	CMAD-JSC-Q4	JSC-Q4	CMAD-JSC	L0	D10S	label_mapping_diagnostic	[]	"[""CMAD-JSC-D-F-A-SWAP"", ""CMAD-JSC-D-ANCHOR-SWAP""]"	"[""有"", ""无""]"	semantic_reference_fit	direct	absent	2cd63be479eaf7c160066af40ac872c0adecb8d008968694f836e5ecb37b6ca4		False	B_word_explanation
CMAD-JSC-Q4-L0-D01S	CMAD-JSC-Q4	JSC-Q4	CMAD-JSC	L0	D01S	label_mapping_diagnostic	[]	"[""CMAD-JSC-D-L-P-SWAP"", ""CMAD-JSC-D-ANCHOR-SWAP""]"	"[""有"", ""无""]"	semantic_reference_fit	none	present	bd25c660859673da2f3824fd9618eb2d639a777a0fa9f97062948cd9f7d23b39		False	B_word_explanation
CMAD-JSC-Q4-L1-D10S	CMAD-JSC-Q4	JSC-Q4	CMAD-JSC	L1	D10S	label_mapping_diagnostic	"[""CMAD-JSC-L1""]"	"[""CMAD-JSC-D-F-A-SWAP"", ""CMAD-JSC-D-ANCHOR-SWAP""]"	"[""有"", ""无""]"	semantic_reference_fit	direct	absent	5fa0396e29ffb012bec93ff56f36eeaf1438d037cda3ee4feb94ee8ece194e09		False	B_word_explanation
CMAD-JSC-Q4-L1-D01S	CMAD-JSC-Q4	JSC-Q4	CMAD-JSC	L1	D01S	label_mapping_diagnostic	"[""CMAD-JSC-L1""]"	"[""CMAD-JSC-D-L-P-SWAP"", ""CMAD-JSC-D-ANCHOR-SWAP""]"	"[""有"", ""无""]"	semantic_reference_fit	none	present	37030daa33cbc54949191d18b6cb120541bcb2f6d9a3570e3a9019680bd9c547		False	B_word_explanation
CMAD-JSC-Q4-L2-D10S	CMAD-JSC-Q4	JSC-Q4	CMAD-JSC	L2	D10S	label_mapping_diagnostic	"[""CMAD-JSC-L2""]"	"[""CMAD-JSC-D-F-A-SWAP"", ""CMAD-JSC-D-ANCHOR-SWAP""]"	"[""有"", ""无""]"	semantic_reference_fit	direct	absent	e893333817b17812e7314a3fb7ff3c361d551ee02f0be970f21e095f9e81fc85		False	B_word_explanation
CMAD-JSC-Q4-L2-D01S	CMAD-JSC-Q4	JSC-Q4	CMAD-JSC	L2	D01S	label_mapping_diagnostic	"[""CMAD-JSC-L2""]"	"[""CMAD-JSC-D-L-P-SWAP"", ""CMAD-JSC-D-ANCHOR-SWAP""]"	"[""有"", ""无""]"	semantic_reference_fit	none	present	6beedbc134a44a6251e1111c6252fb04f1f859e860cc5c1b1582464e3ac2c152		False	B_word_explanation
CMAD-MT-Q1-L0-D0	CMAD-MT-Q1	MT-Q1	CMAD-MT	L0	D0	core	[]	[]	[]	semantic_reference_fit			6131ae0923db723397eb5ba87d40c14e8e47cd61a5a232889c65e4d02b3cf736		False	B_word_explanation
CMAD-MT-Q1-L0-D11	CMAD-MT-Q1	MT-Q1	CMAD-MT	L0	D11	core	[]	"[""CMAD-MT-D-L-P"", ""CMAD-MT-D-ANCHOR""]"	"[""无"", ""有""]"	semantic_reference_fit	direct	present	f740b80e767606bda9a06ac07947ab14ec9b4aa86b00305451fbffe076fdd1c7		False	B_word_explanation
CMAD-MT-Q1-L0-D10	CMAD-MT-Q1	MT-Q1	CMAD-MT	L0	D10	core	[]	"[""CMAD-MT-D-L-A"", ""CMAD-MT-D-ANCHOR""]"	"[""无"", ""有""]"	semantic_reference_fit	direct	absent	beee2756ba528d7d3212332698e1bcbd0ca410058c7a7907f37255802a4fe834		False	B_word_explanation
CMAD-MT-Q1-L0-D01	CMAD-MT-Q1	MT-Q1	CMAD-MT	L0	D01	core	[]	"[""CMAD-MT-D-F-P"", ""CMAD-MT-D-ANCHOR""]"	"[""无"", ""有""]"	semantic_reference_fit	none	present	113f60f504bc7dd6d199dadae18a586b5774386a4e6326fb20f5d40d2d8f9eb2		False	B_word_explanation
CMAD-MT-Q1-L0-D00	CMAD-MT-Q1	MT-Q1	CMAD-MT	L0	D00	core	[]	"[""CMAD-MT-D-F-A"", ""CMAD-MT-D-ANCHOR""]"	"[""无"", ""有""]"	semantic_reference_fit	none	absent	66c4a509657744d53bcca77b3d4139bfa1c26f2e847f0219236c0760f0273846		False	B_word_explanation
CMAD-MT-Q1-L1-D0	CMAD-MT-Q1	MT-Q1	CMAD-MT	L1	D0	core	"[""CMAD-MT-L1""]"	[]	[]	semantic_reference_fit			a4f6ed1f1fda4f2948894ccd9bc65b3761ecd857bcee2350c474f58c71c0e490		False	B_word_explanation
CMAD-MT-Q1-L1-D11	CMAD-MT-Q1	MT-Q1	CMAD-MT	L1	D11	core	"[""CMAD-MT-L1""]"	"[""CMAD-MT-D-L-P"", ""CMAD-MT-D-ANCHOR""]"	"[""无"", ""有""]"	semantic_reference_fit	direct	present	d31beedcec9b21ea1c9ed030db0bafda31e17aba2061fb1ab5a259647d67efc2		False	B_word_explanation
CMAD-MT-Q1-L1-D10	CMAD-MT-Q1	MT-Q1	CMAD-MT	L1	D10	core	"[""CMAD-MT-L1""]"	"[""CMAD-MT-D-L-A"", ""CMAD-MT-D-ANCHOR""]"	"[""无"", ""有""]"	semantic_reference_fit	direct	absent	1edcf0fbaaf5c0df430ba92e9bb5721d283f5328d5ab986993f1e52936ca8f3c		False	B_word_explanation
CMAD-MT-Q1-L1-D01	CMAD-MT-Q1	MT-Q1	CMAD-MT	L1	D01	core	"[""CMAD-MT-L1""]"	"[""CMAD-MT-D-F-P"", ""CMAD-MT-D-ANCHOR""]"	"[""无"", ""有""]"	semantic_reference_fit	none	present	1fc981903fbf810b22dbbe643edde641b311a0a0743120b45f944a085951c623		False	B_word_explanation
CMAD-MT-Q1-L1-D00	CMAD-MT-Q1	MT-Q1	CMAD-MT	L1	D00	core	"[""CMAD-MT-L1""]"	"[""CMAD-MT-D-F-A"", ""CMAD-MT-D-ANCHOR""]"	"[""无"", ""有""]"	semantic_reference_fit	none	absent	1ec922921408aa2a5d8055adbb80ced84fc5fb3e2b49a8bdc02da802bc0db1fb		False	B_word_explanation
CMAD-MT-Q1-L2-D0	CMAD-MT-Q1	MT-Q1	CMAD-MT	L2	D0	core	"[""CMAD-MT-L2""]"	[]	[]	semantic_reference_fit			2c8fa03916fba89978cf7c29bae6451c5e248b31618f457548ba3ab5abfdf836		False	B_word_explanation
CMAD-MT-Q1-L2-D11	CMAD-MT-Q1	MT-Q1	CMAD-MT	L2	D11	core	"[""CMAD-MT-L2""]"	"[""CMAD-MT-D-L-P"", ""CMAD-MT-D-ANCHOR""]"	"[""无"", ""有""]"	semantic_reference_fit	direct	present	4ee0e208d8d7b657d781dcb569de9297b265db9a3a9aaf3c439490bd5865a332		False	B_word_explanation
CMAD-MT-Q1-L2-D10	CMAD-MT-Q1	MT-Q1	CMAD-MT	L2	D10	core	"[""CMAD-MT-L2""]"	"[""CMAD-MT-D-L-A"", ""CMAD-MT-D-ANCHOR""]"	"[""无"", ""有""]"	semantic_reference_fit	direct	absent	ec2c7621aca11fac93d734cb25ff6511c407a181c3f65850e60d1bbef4aeb08a		False	B_word_explanation
CMAD-MT-Q1-L2-D01	CMAD-MT-Q1	MT-Q1	CMAD-MT	L2	D01	core	"[""CMAD-MT-L2""]"	"[""CMAD-MT-D-F-P"", ""CMAD-MT-D-ANCHOR""]"	"[""无"", ""有""]"	semantic_reference_fit	none	present	607e108312835333cc1aa8bd148836700a26399e6fac30269a96e44e72c79769		False	B_word_explanation
CMAD-MT-Q1-L2-D00	CMAD-MT-Q1	MT-Q1	CMAD-MT	L2	D00	core	"[""CMAD-MT-L2""]"	"[""CMAD-MT-D-F-A"", ""CMAD-MT-D-ANCHOR""]"	"[""无"", ""有""]"	semantic_reference_fit	none	absent	8fee03cc743c2e7a3a4649d279e71a525f51292fa42823f1e80bf92c0d376403		False	B_word_explanation
CMAD-MT-Q1-N-D0	CMAD-MT-Q1	MT-Q1	CMAD-MT	N	D0	neutral_diagnostic	"[""CMAD-MT-N""]"	[]	[]	semantic_reference_fit			b54eb42abf8332a2104c2b2ceb0dac79ddbae259d1fdf5d259bc2533d2e9d0d7		False	B_word_explanation
CMAD-MT-Q1-N-D10	CMAD-MT-Q1	MT-Q1	CMAD-MT	N	D10	neutral_diagnostic	"[""CMAD-MT-N""]"	"[""CMAD-MT-D-L-A"", ""CMAD-MT-D-ANCHOR""]"	"[""无"", ""有""]"	semantic_reference_fit	direct	absent	f2a3f203a88d059bbd41d430aa940f9b96bb7e7af5473e9da641acfd7f4c1491		False	B_word_explanation
CMAD-MT-Q1-N-D01	CMAD-MT-Q1	MT-Q1	CMAD-MT	N	D01	neutral_diagnostic	"[""CMAD-MT-N""]"	"[""CMAD-MT-D-F-P"", ""CMAD-MT-D-ANCHOR""]"	"[""无"", ""有""]"	semantic_reference_fit	none	present	c91ce0fef4331cb5b345d34ed9322364172c5faca6466bd0eb12c0de88b07431		False	B_word_explanation
CMAD-MT-Q1-L0-D10S	CMAD-MT-Q1	MT-Q1	CMAD-MT	L0	D10S	label_mapping_diagnostic	[]	"[""CMAD-MT-D-L-A-SWAP"", ""CMAD-MT-D-ANCHOR-SWAP""]"	"[""有"", ""无""]"	semantic_reference_fit	direct	absent	24ca4220406338f2248e6da06107408463875765266f4b4bc05aeeb05f8b5e00		False	B_word_explanation
CMAD-MT-Q1-L0-D01S	CMAD-MT-Q1	MT-Q1	CMAD-MT	L0	D01S	label_mapping_diagnostic	[]	"[""CMAD-MT-D-F-P-SWAP"", ""CMAD-MT-D-ANCHOR-SWAP""]"	"[""有"", ""无""]"	semantic_reference_fit	none	present	e960f4cb0a1bb54b7349a58cb33008cac17cbc49af8bd91d168b55d3ec709f7a		False	B_word_explanation
CMAD-MT-Q1-L1-D10S	CMAD-MT-Q1	MT-Q1	CMAD-MT	L1	D10S	label_mapping_diagnostic	"[""CMAD-MT-L1""]"	"[""CMAD-MT-D-L-A-SWAP"", ""CMAD-MT-D-ANCHOR-SWAP""]"	"[""有"", ""无""]"	semantic_reference_fit	direct	absent	3f8a7d201a9e98ab2208c963376d0a0c6dff35cc6838907b17f81031f008db9e		False	B_word_explanation
CMAD-MT-Q1-L1-D01S	CMAD-MT-Q1	MT-Q1	CMAD-MT	L1	D01S	label_mapping_diagnostic	"[""CMAD-MT-L1""]"	"[""CMAD-MT-D-F-P-SWAP"", ""CMAD-MT-D-ANCHOR-SWAP""]"	"[""有"", ""无""]"	semantic_reference_fit	none	present	6a2129a3b7d2961743d86448cc26824926900d22aa8e05ed1b57bdf5eeb7d3ff		False	B_word_explanation
CMAD-MT-Q1-L2-D10S	CMAD-MT-Q1	MT-Q1	CMAD-MT	L2	D10S	label_mapping_diagnostic	"[""CMAD-MT-L2""]"	"[""CMAD-MT-D-L-A-SWAP"", ""CMAD-MT-D-ANCHOR-SWAP""]"	"[""有"", ""无""]"	semantic_reference_fit	direct	absent	30711a5fb92d3cf3b1ed9e5d8029c42d8383cbaeb5be32f38c65abee86aa59a3		False	B_word_explanation
CMAD-MT-Q1-L2-D01S	CMAD-MT-Q1	MT-Q1	CMAD-MT	L2	D01S	label_mapping_diagnostic	"[""CMAD-MT-L2""]"	"[""CMAD-MT-D-F-P-SWAP"", ""CMAD-MT-D-ANCHOR-SWAP""]"	"[""有"", ""无""]"	semantic_reference_fit	none	present	a890a039fc6202df4785a9f5771cd88aae501313047883112891f6fbe0666eec		False	B_word_explanation
CMAD-MT-Q2-L0-D0	CMAD-MT-Q2	MT-Q2	CMAD-MT	L0	D0	core	[]	[]	[]	semantic_reference_fit			67bd034dbb867fbe61e5c34ed6ba40128abae4f11b6706a1518679a550ad1151		False	B_word_explanation
CMAD-MT-Q2-L0-D11	CMAD-MT-Q2	MT-Q2	CMAD-MT	L0	D11	core	[]	"[""CMAD-MT-D-L-P"", ""CMAD-MT-D-ANCHOR""]"	"[""无"", ""有""]"	semantic_reference_fit	direct	present	4c298e8dc1d85ceae0310bc4ca0f52debfba37516223ba6978e75632894f94df		False	B_word_explanation
CMAD-MT-Q2-L0-D10	CMAD-MT-Q2	MT-Q2	CMAD-MT	L0	D10	core	[]	"[""CMAD-MT-D-L-A"", ""CMAD-MT-D-ANCHOR""]"	"[""无"", ""有""]"	semantic_reference_fit	direct	absent	3a93d8360f3eb1e381c47d0197b66f1bacd9f9573c378e3bd4617b5f25218ec0		False	B_word_explanation
CMAD-MT-Q2-L0-D01	CMAD-MT-Q2	MT-Q2	CMAD-MT	L0	D01	core	[]	"[""CMAD-MT-D-F-P"", ""CMAD-MT-D-ANCHOR""]"	"[""无"", ""有""]"	semantic_reference_fit	none	present	1b1de714eb6805e78e59d3049dab23a48a58ec9309284067d9906ec123c295f0		False	B_word_explanation
CMAD-MT-Q2-L0-D00	CMAD-MT-Q2	MT-Q2	CMAD-MT	L0	D00	core	[]	"[""CMAD-MT-D-F-A"", ""CMAD-MT-D-ANCHOR""]"	"[""无"", ""有""]"	semantic_reference_fit	none	absent	ff77e4a4d56ebdb51bb4b5d92305ac0f40be8adde3cd7e32bed367c4ac7c65f2		False	B_word_explanation
CMAD-MT-Q2-L1-D0	CMAD-MT-Q2	MT-Q2	CMAD-MT	L1	D0	core	"[""CMAD-MT-L1""]"	[]	[]	semantic_reference_fit			796de3e9b43175f7ab977a0e7eb335f7099956261434262b4ca7b734daeb0522		False	B_word_explanation
CMAD-MT-Q2-L1-D11	CMAD-MT-Q2	MT-Q2	CMAD-MT	L1	D11	core	"[""CMAD-MT-L1""]"	"[""CMAD-MT-D-L-P"", ""CMAD-MT-D-ANCHOR""]"	"[""无"", ""有""]"	semantic_reference_fit	direct	present	c001eb6878a0c614a34717221d97fedc8cc8948bd4cf22470e347c1820b1d01f		False	B_word_explanation
CMAD-MT-Q2-L1-D10	CMAD-MT-Q2	MT-Q2	CMAD-MT	L1	D10	core	"[""CMAD-MT-L1""]"	"[""CMAD-MT-D-L-A"", ""CMAD-MT-D-ANCHOR""]"	"[""无"", ""有""]"	semantic_reference_fit	direct	absent	a7c432e3b9351817149548b291450f4b6d22a1408f59156e5565f91f4a10a849		False	B_word_explanation
CMAD-MT-Q2-L1-D01	CMAD-MT-Q2	MT-Q2	CMAD-MT	L1	D01	core	"[""CMAD-MT-L1""]"	"[""CMAD-MT-D-F-P"", ""CMAD-MT-D-ANCHOR""]"	"[""无"", ""有""]"	semantic_reference_fit	none	present	92d652ec715586a9d941ac0086d4a95eea4cf3f1b1c8f01d9e16969158def4a3		False	B_word_explanation
CMAD-MT-Q2-L1-D00	CMAD-MT-Q2	MT-Q2	CMAD-MT	L1	D00	core	"[""CMAD-MT-L1""]"	"[""CMAD-MT-D-F-A"", ""CMAD-MT-D-ANCHOR""]"	"[""无"", ""有""]"	semantic_reference_fit	none	absent	95fcbb3b4baeff69a1d51fe92d89bde356e764e79bf1fa27b5784b77146372c8		False	B_word_explanation
CMAD-MT-Q2-L2-D0	CMAD-MT-Q2	MT-Q2	CMAD-MT	L2	D0	core	"[""CMAD-MT-L2""]"	[]	[]	semantic_reference_fit			0d3f3c814d3a42764ebbcb4ae60e35698c6bd23e1921b0c7d0713b4521f335b4		False	B_word_explanation
CMAD-MT-Q2-L2-D11	CMAD-MT-Q2	MT-Q2	CMAD-MT	L2	D11	core	"[""CMAD-MT-L2""]"	"[""CMAD-MT-D-L-P"", ""CMAD-MT-D-ANCHOR""]"	"[""无"", ""有""]"	semantic_reference_fit	direct	present	273f1c7390d0a0f2db7c2039b88274fd6dc289d52c58bf61379d6337805316ff		False	B_word_explanation
CMAD-MT-Q2-L2-D10	CMAD-MT-Q2	MT-Q2	CMAD-MT	L2	D10	core	"[""CMAD-MT-L2""]"	"[""CMAD-MT-D-L-A"", ""CMAD-MT-D-ANCHOR""]"	"[""无"", ""有""]"	semantic_reference_fit	direct	absent	9dedb50794cdbcd38b80a65db03c102ddc014109f8080da670d0f88953cd3c30		False	B_word_explanation
CMAD-MT-Q2-L2-D01	CMAD-MT-Q2	MT-Q2	CMAD-MT	L2	D01	core	"[""CMAD-MT-L2""]"	"[""CMAD-MT-D-F-P"", ""CMAD-MT-D-ANCHOR""]"	"[""无"", ""有""]"	semantic_reference_fit	none	present	b157c42206fc484a431f5c71354b92c6ff067985c1d8edda1a9ca745b6f85bd3		False	B_word_explanation
CMAD-MT-Q2-L2-D00	CMAD-MT-Q2	MT-Q2	CMAD-MT	L2	D00	core	"[""CMAD-MT-L2""]"	"[""CMAD-MT-D-F-A"", ""CMAD-MT-D-ANCHOR""]"	"[""无"", ""有""]"	semantic_reference_fit	none	absent	b3ea48ed045332544ef0e8374f37c078c1341b83cb256e6df1c90165799f3b9c		False	B_word_explanation
CMAD-MT-Q2-N-D0	CMAD-MT-Q2	MT-Q2	CMAD-MT	N	D0	neutral_diagnostic	"[""CMAD-MT-N""]"	[]	[]	semantic_reference_fit			37ecb7320bf11583fb7a43d6cd608f23c1b17b4894627f6531b320b076fa7999		False	B_word_explanation
CMAD-MT-Q2-N-D10	CMAD-MT-Q2	MT-Q2	CMAD-MT	N	D10	neutral_diagnostic	"[""CMAD-MT-N""]"	"[""CMAD-MT-D-L-A"", ""CMAD-MT-D-ANCHOR""]"	"[""无"", ""有""]"	semantic_reference_fit	direct	absent	0bf6e14604bf51e835db7889c9ec78b2f5767ba061c02dc85583e5fb84f8d512		False	B_word_explanation
CMAD-MT-Q2-N-D01	CMAD-MT-Q2	MT-Q2	CMAD-MT	N	D01	neutral_diagnostic	"[""CMAD-MT-N""]"	"[""CMAD-MT-D-F-P"", ""CMAD-MT-D-ANCHOR""]"	"[""无"", ""有""]"	semantic_reference_fit	none	present	e870dd1ef579f3df58ddb682260918fc6ddc0114ebc2f4cedb04ed6a0a5647d7		False	B_word_explanation
CMAD-MT-Q2-L0-D10S	CMAD-MT-Q2	MT-Q2	CMAD-MT	L0	D10S	label_mapping_diagnostic	[]	"[""CMAD-MT-D-L-A-SWAP"", ""CMAD-MT-D-ANCHOR-SWAP""]"	"[""有"", ""无""]"	semantic_reference_fit	direct	absent	d4cfa08329c016526c2962e9fdd4e8cd042f101cc243ed3aa854f114acf3194c		False	B_word_explanation
CMAD-MT-Q2-L0-D01S	CMAD-MT-Q2	MT-Q2	CMAD-MT	L0	D01S	label_mapping_diagnostic	[]	"[""CMAD-MT-D-F-P-SWAP"", ""CMAD-MT-D-ANCHOR-SWAP""]"	"[""有"", ""无""]"	semantic_reference_fit	none	present	e2021a761c8bd34f4df9f881762ae723ddab2abf8f087d0a95e81c9fa7f2b585		False	B_word_explanation
CMAD-MT-Q2-L1-D10S	CMAD-MT-Q2	MT-Q2	CMAD-MT	L1	D10S	label_mapping_diagnostic	"[""CMAD-MT-L1""]"	"[""CMAD-MT-D-L-A-SWAP"", ""CMAD-MT-D-ANCHOR-SWAP""]"	"[""有"", ""无""]"	semantic_reference_fit	direct	absent	7a8974cc1f06899f7719128c0a83a32ed215a5eae596af64e2b47a0e953b249c		False	B_word_explanation
CMAD-MT-Q2-L1-D01S	CMAD-MT-Q2	MT-Q2	CMAD-MT	L1	D01S	label_mapping_diagnostic	"[""CMAD-MT-L1""]"	"[""CMAD-MT-D-F-P-SWAP"", ""CMAD-MT-D-ANCHOR-SWAP""]"	"[""有"", ""无""]"	semantic_reference_fit	none	present	ff9cc25e4595573b279804d7706d1e6226b22d92d271c6feb6ce9ceb9f1a2dae		False	B_word_explanation
CMAD-MT-Q2-L2-D10S	CMAD-MT-Q2	MT-Q2	CMAD-MT	L2	D10S	label_mapping_diagnostic	"[""CMAD-MT-L2""]"	"[""CMAD-MT-D-L-A-SWAP"", ""CMAD-MT-D-ANCHOR-SWAP""]"	"[""有"", ""无""]"	semantic_reference_fit	direct	absent	d64ae40a639cccb4c6d6d3219ac44b3c4060de6da5a165806905747cffd6b84d		False	B_word_explanation
CMAD-MT-Q2-L2-D01S	CMAD-MT-Q2	MT-Q2	CMAD-MT	L2	D01S	label_mapping_diagnostic	"[""CMAD-MT-L2""]"	"[""CMAD-MT-D-F-P-SWAP"", ""CMAD-MT-D-ANCHOR-SWAP""]"	"[""有"", ""无""]"	semantic_reference_fit	none	present	52716dbb60c206c1d3e5ffc9473cdf86c286380bfeef832b21e94f563678c125		False	B_word_explanation
CMAD-MT-Q3-L0-D0	CMAD-MT-Q3	MT-Q3	CMAD-MT	L0	D0	core	[]	[]	[]	semantic_reference_fit			a9d92853d4cdee15a455008581ddcce99298cc42d4fe0a7f332cb0cfa6b82be4		False	B_word_explanation
CMAD-MT-Q3-L0-D11	CMAD-MT-Q3	MT-Q3	CMAD-MT	L0	D11	core	[]	"[""CMAD-MT-D-F-P"", ""CMAD-MT-D-ANCHOR""]"	"[""无"", ""有""]"	semantic_reference_fit	direct	present	6ec5f7200e85793a024a094d0861e30bb536b72ed44a5f6731f8eb7e8f0c8ac2		False	B_word_explanation
CMAD-MT-Q3-L0-D10	CMAD-MT-Q3	MT-Q3	CMAD-MT	L0	D10	core	[]	"[""CMAD-MT-D-F-A"", ""CMAD-MT-D-ANCHOR""]"	"[""无"", ""有""]"	semantic_reference_fit	direct	absent	73123c0c0bb2c36b8a7c8dd57f285e009474234a716b9ac4600b1a19eeca3477		False	B_word_explanation
CMAD-MT-Q3-L0-D01	CMAD-MT-Q3	MT-Q3	CMAD-MT	L0	D01	core	[]	"[""CMAD-MT-D-L-P"", ""CMAD-MT-D-ANCHOR""]"	"[""无"", ""有""]"	semantic_reference_fit	none	present	bcb8f7c7c7dca3ff47a287c9f98a50f738b27365b9c14be234f94474582a996e		False	B_word_explanation
CMAD-MT-Q3-L0-D00	CMAD-MT-Q3	MT-Q3	CMAD-MT	L0	D00	core	[]	"[""CMAD-MT-D-L-A"", ""CMAD-MT-D-ANCHOR""]"	"[""无"", ""有""]"	semantic_reference_fit	none	absent	f983ce75f5bf874a28f4ba9296fe0102c13768b4685fe51795d289c0e34df22b		False	B_word_explanation
CMAD-MT-Q3-L1-D0	CMAD-MT-Q3	MT-Q3	CMAD-MT	L1	D0	core	"[""CMAD-MT-L1""]"	[]	[]	semantic_reference_fit			387f0aff2ee896b338374ac48ba198f821d1916603768d754d282503b1128804		False	B_word_explanation
CMAD-MT-Q3-L1-D11	CMAD-MT-Q3	MT-Q3	CMAD-MT	L1	D11	core	"[""CMAD-MT-L1""]"	"[""CMAD-MT-D-F-P"", ""CMAD-MT-D-ANCHOR""]"	"[""无"", ""有""]"	semantic_reference_fit	direct	present	25afa42157724d111b7c1bc3a015650ac74bf50c1b22522f6e29a1e30083dd56		False	B_word_explanation
CMAD-MT-Q3-L1-D10	CMAD-MT-Q3	MT-Q3	CMAD-MT	L1	D10	core	"[""CMAD-MT-L1""]"	"[""CMAD-MT-D-F-A"", ""CMAD-MT-D-ANCHOR""]"	"[""无"", ""有""]"	semantic_reference_fit	direct	absent	eb96f480f06f74536bf926b01613f15955421365d4dec91848c890f73a8455bf		False	B_word_explanation
CMAD-MT-Q3-L1-D01	CMAD-MT-Q3	MT-Q3	CMAD-MT	L1	D01	core	"[""CMAD-MT-L1""]"	"[""CMAD-MT-D-L-P"", ""CMAD-MT-D-ANCHOR""]"	"[""无"", ""有""]"	semantic_reference_fit	none	present	d8e57e18372060bfb17f503712d83fd32dacf0ec9a2d4c1f921c0496415b275f		False	B_word_explanation
CMAD-MT-Q3-L1-D00	CMAD-MT-Q3	MT-Q3	CMAD-MT	L1	D00	core	"[""CMAD-MT-L1""]"	"[""CMAD-MT-D-L-A"", ""CMAD-MT-D-ANCHOR""]"	"[""无"", ""有""]"	semantic_reference_fit	none	absent	97a4781cdaad603c65a5a1271a535234b6fce618eb127258e11ee65d9637cf86		False	B_word_explanation
CMAD-MT-Q3-L2-D0	CMAD-MT-Q3	MT-Q3	CMAD-MT	L2	D0	core	"[""CMAD-MT-L2""]"	[]	[]	semantic_reference_fit			7531b86488c22fa546366e8daf5b7fed4fc7b58733bbd7bb9f09603b068a22e7		False	B_word_explanation
CMAD-MT-Q3-L2-D11	CMAD-MT-Q3	MT-Q3	CMAD-MT	L2	D11	core	"[""CMAD-MT-L2""]"	"[""CMAD-MT-D-F-P"", ""CMAD-MT-D-ANCHOR""]"	"[""无"", ""有""]"	semantic_reference_fit	direct	present	472d3d117e5701bb18f99a05893bd8cd2f88d43c0108196addef2d3be300f240		False	B_word_explanation
CMAD-MT-Q3-L2-D10	CMAD-MT-Q3	MT-Q3	CMAD-MT	L2	D10	core	"[""CMAD-MT-L2""]"	"[""CMAD-MT-D-F-A"", ""CMAD-MT-D-ANCHOR""]"	"[""无"", ""有""]"	semantic_reference_fit	direct	absent	39e865d0bb7736eb89246d884ae33a6dca637691603d119e6db9d0d1c36ecd57		False	B_word_explanation
CMAD-MT-Q3-L2-D01	CMAD-MT-Q3	MT-Q3	CMAD-MT	L2	D01	core	"[""CMAD-MT-L2""]"	"[""CMAD-MT-D-L-P"", ""CMAD-MT-D-ANCHOR""]"	"[""无"", ""有""]"	semantic_reference_fit	none	present	ad492c075954224721d9f5e80422e0d0f19c1cc4053fae6ddd9eaecbbbb8c950		False	B_word_explanation
CMAD-MT-Q3-L2-D00	CMAD-MT-Q3	MT-Q3	CMAD-MT	L2	D00	core	"[""CMAD-MT-L2""]"	"[""CMAD-MT-D-L-A"", ""CMAD-MT-D-ANCHOR""]"	"[""无"", ""有""]"	semantic_reference_fit	none	absent	f9f8d30a241eda289c178a37177be7513b508b4d77c7867786896004a0cee581		False	B_word_explanation
CMAD-MT-Q3-N-D0	CMAD-MT-Q3	MT-Q3	CMAD-MT	N	D0	neutral_diagnostic	"[""CMAD-MT-N""]"	[]	[]	semantic_reference_fit			2d0f8da79943c0700f1a606bb2432cad18b3ceda3d8b39376011a7b0733f808b		False	B_word_explanation
CMAD-MT-Q3-N-D10	CMAD-MT-Q3	MT-Q3	CMAD-MT	N	D10	neutral_diagnostic	"[""CMAD-MT-N""]"	"[""CMAD-MT-D-F-A"", ""CMAD-MT-D-ANCHOR""]"	"[""无"", ""有""]"	semantic_reference_fit	direct	absent	a6114f12ea41c8a4123267fe763e447e7c8107401d4ac809c17884ed92a11ba0		False	B_word_explanation
CMAD-MT-Q3-N-D01	CMAD-MT-Q3	MT-Q3	CMAD-MT	N	D01	neutral_diagnostic	"[""CMAD-MT-N""]"	"[""CMAD-MT-D-L-P"", ""CMAD-MT-D-ANCHOR""]"	"[""无"", ""有""]"	semantic_reference_fit	none	present	ad3e43bf69085214056f295606ef98ab97ad8b5679b1f246a06d82a1ba0e5c7d		False	B_word_explanation
CMAD-MT-Q3-L0-D10S	CMAD-MT-Q3	MT-Q3	CMAD-MT	L0	D10S	label_mapping_diagnostic	[]	"[""CMAD-MT-D-F-A-SWAP"", ""CMAD-MT-D-ANCHOR-SWAP""]"	"[""有"", ""无""]"	semantic_reference_fit	direct	absent	aaee507a8a2d2d1d354cac5301ebc6762dcb1f5690f1ee2163779842034aa9cc		False	B_word_explanation
CMAD-MT-Q3-L0-D01S	CMAD-MT-Q3	MT-Q3	CMAD-MT	L0	D01S	label_mapping_diagnostic	[]	"[""CMAD-MT-D-L-P-SWAP"", ""CMAD-MT-D-ANCHOR-SWAP""]"	"[""有"", ""无""]"	semantic_reference_fit	none	present	83823165b2adb8e20681f1b1da125b0c00e8befc905e78348ef9ba62ad6d116c		False	B_word_explanation
CMAD-MT-Q3-L1-D10S	CMAD-MT-Q3	MT-Q3	CMAD-MT	L1	D10S	label_mapping_diagnostic	"[""CMAD-MT-L1""]"	"[""CMAD-MT-D-F-A-SWAP"", ""CMAD-MT-D-ANCHOR-SWAP""]"	"[""有"", ""无""]"	semantic_reference_fit	direct	absent	0ba150bb07a26fe30ad7c504eb53b6a7c8085cc2a204f53bc1564c7d450c83d5		False	B_word_explanation
CMAD-MT-Q3-L1-D01S	CMAD-MT-Q3	MT-Q3	CMAD-MT	L1	D01S	label_mapping_diagnostic	"[""CMAD-MT-L1""]"	"[""CMAD-MT-D-L-P-SWAP"", ""CMAD-MT-D-ANCHOR-SWAP""]"	"[""有"", ""无""]"	semantic_reference_fit	none	present	eed67feb28dfd78582bb141c66d263621dc2325b422eda0d9db7a7d3cd487306		False	B_word_explanation
CMAD-MT-Q3-L2-D10S	CMAD-MT-Q3	MT-Q3	CMAD-MT	L2	D10S	label_mapping_diagnostic	"[""CMAD-MT-L2""]"	"[""CMAD-MT-D-F-A-SWAP"", ""CMAD-MT-D-ANCHOR-SWAP""]"	"[""有"", ""无""]"	semantic_reference_fit	direct	absent	206d9575c418b83ab48e683e3472b95027c80c3bf343cee2b5a86a10b20f2355		False	B_word_explanation
CMAD-MT-Q3-L2-D01S	CMAD-MT-Q3	MT-Q3	CMAD-MT	L2	D01S	label_mapping_diagnostic	"[""CMAD-MT-L2""]"	"[""CMAD-MT-D-L-P-SWAP"", ""CMAD-MT-D-ANCHOR-SWAP""]"	"[""有"", ""无""]"	semantic_reference_fit	none	present	9f98cea8e03cbfa34fb519b2ce41980d5d4fdce8944548d7b90dce29bd1eb596		False	B_word_explanation
CMAD-MT-Q4-L0-D0	CMAD-MT-Q4	MT-Q4	CMAD-MT	L0	D0	core	[]	[]	[]	semantic_reference_fit			cb57caf70b29b2adeef54709f22fbdfd45c803d93f717c3a7c398eaf166bff68		False	B_word_explanation
CMAD-MT-Q4-L0-D11	CMAD-MT-Q4	MT-Q4	CMAD-MT	L0	D11	core	[]	"[""CMAD-MT-D-F-P"", ""CMAD-MT-D-ANCHOR""]"	"[""无"", ""有""]"	semantic_reference_fit	direct	present	299f6fa0108dacabfcbd79634d98b6f7bc006881d19da85ae99388cc59e7c9a9		False	B_word_explanation
CMAD-MT-Q4-L0-D10	CMAD-MT-Q4	MT-Q4	CMAD-MT	L0	D10	core	[]	"[""CMAD-MT-D-F-A"", ""CMAD-MT-D-ANCHOR""]"	"[""无"", ""有""]"	semantic_reference_fit	direct	absent	bc7bbff43c8e162ceacd5eb67aec7ad0fc88a1e388959d8f53668bdf71392a9d		False	B_word_explanation
CMAD-MT-Q4-L0-D01	CMAD-MT-Q4	MT-Q4	CMAD-MT	L0	D01	core	[]	"[""CMAD-MT-D-L-P"", ""CMAD-MT-D-ANCHOR""]"	"[""无"", ""有""]"	semantic_reference_fit	none	present	7c7fc0c1951a38967407bac70fdec8eb1bb346e69720ff19026b898c5400cbe2		False	B_word_explanation
CMAD-MT-Q4-L0-D00	CMAD-MT-Q4	MT-Q4	CMAD-MT	L0	D00	core	[]	"[""CMAD-MT-D-L-A"", ""CMAD-MT-D-ANCHOR""]"	"[""无"", ""有""]"	semantic_reference_fit	none	absent	58f6e59778d2902bce959c7cdffa8bd807eef5738b73b9c0193f9fc0ed99c94b		False	B_word_explanation
CMAD-MT-Q4-L1-D0	CMAD-MT-Q4	MT-Q4	CMAD-MT	L1	D0	core	"[""CMAD-MT-L1""]"	[]	[]	semantic_reference_fit			4ec660cffd7f3a03bfd2928c42a83400040e56adddda44b4ed62713ef1aa632f		False	B_word_explanation
CMAD-MT-Q4-L1-D11	CMAD-MT-Q4	MT-Q4	CMAD-MT	L1	D11	core	"[""CMAD-MT-L1""]"	"[""CMAD-MT-D-F-P"", ""CMAD-MT-D-ANCHOR""]"	"[""无"", ""有""]"	semantic_reference_fit	direct	present	56f4757bb9c651c0818f575272f5d2f15b83d5abbb87d1d6eda60f7d92723646		False	B_word_explanation
CMAD-MT-Q4-L1-D10	CMAD-MT-Q4	MT-Q4	CMAD-MT	L1	D10	core	"[""CMAD-MT-L1""]"	"[""CMAD-MT-D-F-A"", ""CMAD-MT-D-ANCHOR""]"	"[""无"", ""有""]"	semantic_reference_fit	direct	absent	c94ddd1763eca139b6edee17986e80cc660264fa3a3fe135fcfc52363f58c978		False	B_word_explanation
CMAD-MT-Q4-L1-D01	CMAD-MT-Q4	MT-Q4	CMAD-MT	L1	D01	core	"[""CMAD-MT-L1""]"	"[""CMAD-MT-D-L-P"", ""CMAD-MT-D-ANCHOR""]"	"[""无"", ""有""]"	semantic_reference_fit	none	present	dc25f67693324d980b456dbb96205768cbbc44279508f71506f5d3302a460084		False	B_word_explanation
CMAD-MT-Q4-L1-D00	CMAD-MT-Q4	MT-Q4	CMAD-MT	L1	D00	core	"[""CMAD-MT-L1""]"	"[""CMAD-MT-D-L-A"", ""CMAD-MT-D-ANCHOR""]"	"[""无"", ""有""]"	semantic_reference_fit	none	absent	93772e7a337d87010605898a9a97c40f3c944448e1728125aa96d2bf204c0588		False	B_word_explanation
CMAD-MT-Q4-L2-D0	CMAD-MT-Q4	MT-Q4	CMAD-MT	L2	D0	core	"[""CMAD-MT-L2""]"	[]	[]	semantic_reference_fit			bf31c5b8a528ab031a72e834bc0b975225eca63150b105fbbebc27c44b3b9bc3		False	B_word_explanation
CMAD-MT-Q4-L2-D11	CMAD-MT-Q4	MT-Q4	CMAD-MT	L2	D11	core	"[""CMAD-MT-L2""]"	"[""CMAD-MT-D-F-P"", ""CMAD-MT-D-ANCHOR""]"	"[""无"", ""有""]"	semantic_reference_fit	direct	present	002de9a03eacebad2d4886a662674d49534f6b95abb5b64a87c3c6d9f8b6c4ef		False	B_word_explanation
CMAD-MT-Q4-L2-D10	CMAD-MT-Q4	MT-Q4	CMAD-MT	L2	D10	core	"[""CMAD-MT-L2""]"	"[""CMAD-MT-D-F-A"", ""CMAD-MT-D-ANCHOR""]"	"[""无"", ""有""]"	semantic_reference_fit	direct	absent	4471389aa28e965a0484e7212febd68113767fdd143b15baec8582ccd1ba84fa		False	B_word_explanation
CMAD-MT-Q4-L2-D01	CMAD-MT-Q4	MT-Q4	CMAD-MT	L2	D01	core	"[""CMAD-MT-L2""]"	"[""CMAD-MT-D-L-P"", ""CMAD-MT-D-ANCHOR""]"	"[""无"", ""有""]"	semantic_reference_fit	none	present	e2b2b0afec84ff0996cf6291471178144727b85a73344ec55c2d96f9ffa9b48e		False	B_word_explanation
CMAD-MT-Q4-L2-D00	CMAD-MT-Q4	MT-Q4	CMAD-MT	L2	D00	core	"[""CMAD-MT-L2""]"	"[""CMAD-MT-D-L-A"", ""CMAD-MT-D-ANCHOR""]"	"[""无"", ""有""]"	semantic_reference_fit	none	absent	2715e6d446fbe760ed0e7de4544563086e3057f9149733b4e26c06fcd7e6236f		False	B_word_explanation
CMAD-MT-Q4-N-D0	CMAD-MT-Q4	MT-Q4	CMAD-MT	N	D0	neutral_diagnostic	"[""CMAD-MT-N""]"	[]	[]	semantic_reference_fit			8cae1e04c57b105bfba3e8952c667878916e5044b57a4d19fe3de624af4e1c9e		False	B_word_explanation
CMAD-MT-Q4-N-D10	CMAD-MT-Q4	MT-Q4	CMAD-MT	N	D10	neutral_diagnostic	"[""CMAD-MT-N""]"	"[""CMAD-MT-D-F-A"", ""CMAD-MT-D-ANCHOR""]"	"[""无"", ""有""]"	semantic_reference_fit	direct	absent	7b02b2e9ab6230fb70137f7d456d9f13c2ca1f19039805bcfae7bd684009ce3c		False	B_word_explanation
CMAD-MT-Q4-N-D01	CMAD-MT-Q4	MT-Q4	CMAD-MT	N	D01	neutral_diagnostic	"[""CMAD-MT-N""]"	"[""CMAD-MT-D-L-P"", ""CMAD-MT-D-ANCHOR""]"	"[""无"", ""有""]"	semantic_reference_fit	none	present	f64dfa5724f080193004db9304c6f62b7f4bd9047db234dddc2e2a6d85f49fe3		False	B_word_explanation
CMAD-MT-Q4-L0-D10S	CMAD-MT-Q4	MT-Q4	CMAD-MT	L0	D10S	label_mapping_diagnostic	[]	"[""CMAD-MT-D-F-A-SWAP"", ""CMAD-MT-D-ANCHOR-SWAP""]"	"[""有"", ""无""]"	semantic_reference_fit	direct	absent	adc7825a156b83afeb423428369acf1e904d679e523efae7c15802a1af4b4c40		False	B_word_explanation
CMAD-MT-Q4-L0-D01S	CMAD-MT-Q4	MT-Q4	CMAD-MT	L0	D01S	label_mapping_diagnostic	[]	"[""CMAD-MT-D-L-P-SWAP"", ""CMAD-MT-D-ANCHOR-SWAP""]"	"[""有"", ""无""]"	semantic_reference_fit	none	present	231e85b63e3db5cffbc995264b1b3c5469fba5ae6f0790ffd6706e68fc095000		False	B_word_explanation
CMAD-MT-Q4-L1-D10S	CMAD-MT-Q4	MT-Q4	CMAD-MT	L1	D10S	label_mapping_diagnostic	"[""CMAD-MT-L1""]"	"[""CMAD-MT-D-F-A-SWAP"", ""CMAD-MT-D-ANCHOR-SWAP""]"	"[""有"", ""无""]"	semantic_reference_fit	direct	absent	29a044429b798d9966abf0ed0c4f1211f3a1f7f796f7e5ef24d7e7c43454bae3		False	B_word_explanation
CMAD-MT-Q4-L1-D01S	CMAD-MT-Q4	MT-Q4	CMAD-MT	L1	D01S	label_mapping_diagnostic	"[""CMAD-MT-L1""]"	"[""CMAD-MT-D-L-P-SWAP"", ""CMAD-MT-D-ANCHOR-SWAP""]"	"[""有"", ""无""]"	semantic_reference_fit	none	present	53ec6bd766651b55a94f6ef2cf29c6be8e49c0b01e5c383a84e7762c316a1dab		False	B_word_explanation
CMAD-MT-Q4-L2-D10S	CMAD-MT-Q4	MT-Q4	CMAD-MT	L2	D10S	label_mapping_diagnostic	"[""CMAD-MT-L2""]"	"[""CMAD-MT-D-F-A-SWAP"", ""CMAD-MT-D-ANCHOR-SWAP""]"	"[""有"", ""无""]"	semantic_reference_fit	direct	absent	c955ec79e4ddae27845b5835cd707a108e7a9e25518747ddab1e8c92a35da5c3		False	B_word_explanation
CMAD-MT-Q4-L2-D01S	CMAD-MT-Q4	MT-Q4	CMAD-MT	L2	D01S	label_mapping_diagnostic	"[""CMAD-MT-L2""]"	"[""CMAD-MT-D-L-P-SWAP"", ""CMAD-MT-D-ANCHOR-SWAP""]"	"[""有"", ""无""]"	semantic_reference_fit	none	present	74b11043050a69f9f91d348524da5d34fec82c92d6487a65d4fa41e3dd6eb899		False	B_word_explanation
