object_id,kind,hate,group,attack_severity,definition_verdict,adopted_definition,source_fit,query_fit,topic_hate,topic_group,rule_hate,rule_group,lexicon_risk,acceptance_mode,pre_acceptance_field_provenance,source_snapshot
definition:lex-0005:sense:01,definition,,,,other_problem,,,,,,,,,explicit_user_bulk_acceptance,"{""definition_verdict"": ""ai_note""}","{""path"": ""resource-reviews-v1/definitions/snapshots/263e5b0aad86124316337ba1eb3a638e278a796a3b3d265cbfcea7c8ad2e2d3b/reviews.json"", ""sha256"": ""263e5b0aad86124316337ba1eb3a638e278a796a3b3d265cbfcea7c8ad2e2d3b""}"
definition:lex-0016:sense:01,definition,,,,reasonable,,,,,,,,,explicit_user_bulk_acceptance,"{""definition_verdict"": ""ai_note""}","{""path"": ""resource-reviews-v1/definitions/snapshots/263e5b0aad86124316337ba1eb3a638e278a796a3b3d265cbfcea7c8ad2e2d3b/reviews.json"", ""sha256"": ""263e5b0aad86124316337ba1eb3a638e278a796a3b3d265cbfcea7c8ad2e2d3b""}"
definition:lex-0018:sense:01,definition,,,,other_problem,,,,,,,,,explicit_user_bulk_acceptance,"{""definition_verdict"": ""ai_note""}","{""path"": ""resource-reviews-v1/definitions/snapshots/263e5b0aad86124316337ba1eb3a638e278a796a3b3d265cbfcea7c8ad2e2d3b/reviews.json"", ""sha256"": ""263e5b0aad86124316337ba1eb3a638e278a796a3b3d265cbfcea7c8ad2e2d3b""}"
definition:lex-0021:sense:01,definition,,,,reasonable,,,,,,,,,explicit_user_bulk_acceptance,"{""definition_verdict"": ""ai_note""}","{""path"": ""resource-reviews-v1/definitions/snapshots/263e5b0aad86124316337ba1eb3a638e278a796a3b3d265cbfcea7c8ad2e2d3b/reviews.json"", ""sha256"": ""263e5b0aad86124316337ba1eb3a638e278a796a3b3d265cbfcea7c8ad2e2d3b""}"
definition:lex-0029:sense:01,definition,,,,reasonable,,,,,,,,,explicit_user_bulk_acceptance,"{""definition_verdict"": ""ai_note""}","{""path"": ""resource-reviews-v1/definitions/snapshots/263e5b0aad86124316337ba1eb3a638e278a796a3b3d265cbfcea7c8ad2e2d3b/reviews.json"", ""sha256"": ""263e5b0aad86124316337ba1eb3a638e278a796a3b3d265cbfcea7c8ad2e2d3b""}"
definition:lex-0031:sense:01,definition,,,,other_problem,,,,,,,,,explicit_user_bulk_acceptance,"{""definition_verdict"": ""ai_note""}","{""path"": ""resource-reviews-v1/definitions/snapshots/263e5b0aad86124316337ba1eb3a638e278a796a3b3d265cbfcea7c8ad2e2d3b/reviews.json"", ""sha256"": ""263e5b0aad86124316337ba1eb3a638e278a796a3b3d265cbfcea7c8ad2e2d3b""}"
definition:lex-0032:sense:01,definition,,,,other_problem,,,,,,,,,explicit_user_bulk_acceptance,"{""definition_verdict"": ""ai_note""}","{""path"": ""resource-reviews-v1/definitions/snapshots/263e5b0aad86124316337ba1eb3a638e278a796a3b3d265cbfcea7c8ad2e2d3b/reviews.json"", ""sha256"": ""263e5b0aad86124316337ba1eb3a638e278a796a3b3d265cbfcea7c8ad2e2d3b""}"
definition:lex-0037:sense:01,definition,,,,reasonable,,,,,,,,,explicit_user_bulk_acceptance,"{""definition_verdict"": ""ai_note""}","{""path"": ""resource-reviews-v1/definitions/snapshots/263e5b0aad86124316337ba1eb3a638e278a796a3b3d265cbfcea7c8ad2e2d3b/reviews.json"", ""sha256"": ""263e5b0aad86124316337ba1eb3a638e278a796a3b3d265cbfcea7c8ad2e2d3b""}"
definition:lex-0048:sense:01,definition,,,,reasonable,,,,,,,,,explicit_user_bulk_acceptance,"{""definition_verdict"": ""ai_note""}","{""path"": ""resource-reviews-v1/definitions/snapshots/263e5b0aad86124316337ba1eb3a638e278a796a3b3d265cbfcea7c8ad2e2d3b/reviews.json"", ""sha256"": ""263e5b0aad86124316337ba1eb3a638e278a796a3b3d265cbfcea7c8ad2e2d3b""}"
definition:lex-0057:sense:01,definition,,,,reasonable,,,,,,,,,explicit_user_bulk_acceptance,"{""definition_verdict"": ""ai_note""}","{""path"": ""resource-reviews-v1/definitions/snapshots/263e5b0aad86124316337ba1eb3a638e278a796a3b3d265cbfcea7c8ad2e2d3b/reviews.json"", ""sha256"": ""263e5b0aad86124316337ba1eb3a638e278a796a3b3d265cbfcea7c8ad2e2d3b""}"
definition:lex-0060:sense:01,definition,,,,other_problem,对非洲人的轻蔑或贬损称呼；不能仅凭该词把地域身份等同为黑人种族身份，具体种族指向需另有语境依据。,,,,,,,,explicit_user_bulk_acceptance,"{""definition_verdict"": ""human_with_ai""}","{""path"": ""resource-reviews-v1/definitions/snapshots/263e5b0aad86124316337ba1eb3a638e278a796a3b3d265cbfcea7c8ad2e2d3b/reviews.json"", ""sha256"": ""263e5b0aad86124316337ba1eb3a638e278a796a3b3d265cbfcea7c8ad2e2d3b""}"
definition:lex-0067:sense:01,definition,,,,reasonable,,,,,,,,,explicit_user_bulk_acceptance,"{""definition_verdict"": ""ai_note""}","{""path"": ""resource-reviews-v1/definitions/snapshots/263e5b0aad86124316337ba1eb3a638e278a796a3b3d265cbfcea7c8ad2e2d3b/reviews.json"", ""sha256"": ""263e5b0aad86124316337ba1eb3a638e278a796a3b3d265cbfcea7c8ad2e2d3b""}"
definition:lex-0068:sense:01,definition,,,,reasonable,,,,,,,,,explicit_user_bulk_acceptance,"{""definition_verdict"": ""ai_note""}","{""path"": ""resource-reviews-v1/definitions/snapshots/263e5b0aad86124316337ba1eb3a638e278a796a3b3d265cbfcea7c8ad2e2d3b/reviews.json"", ""sha256"": ""263e5b0aad86124316337ba1eb3a638e278a796a3b3d265cbfcea7c8ad2e2d3b""}"
definition:lex-0080:sense:01,definition,,,,reasonable,,,,,,,,,explicit_user_bulk_acceptance,"{""definition_verdict"": ""ai_note""}","{""path"": ""resource-reviews-v1/definitions/snapshots/263e5b0aad86124316337ba1eb3a638e278a796a3b3d265cbfcea7c8ad2e2d3b/reviews.json"", ""sha256"": ""263e5b0aad86124316337ba1eb3a638e278a796a3b3d265cbfcea7c8ad2e2d3b""}"
definition:lex-0080:sense:02,definition,,,,reasonable,,,,,,,,,explicit_user_bulk_acceptance,"{""definition_verdict"": ""ai_note""}","{""path"": ""resource-reviews-v1/definitions/snapshots/263e5b0aad86124316337ba1eb3a638e278a796a3b3d265cbfcea7c8ad2e2d3b/reviews.json"", ""sha256"": ""263e5b0aad86124316337ba1eb3a638e278a796a3b3d265cbfcea7c8ad2e2d3b""}"
definition:lex-0082:sense:01,definition,,,,reasonable,,,,,,,,,explicit_user_bulk_acceptance,"{""definition_verdict"": ""ai_note""}","{""path"": ""resource-reviews-v1/definitions/snapshots/263e5b0aad86124316337ba1eb3a638e278a796a3b3d265cbfcea7c8ad2e2d3b/reviews.json"", ""sha256"": ""263e5b0aad86124316337ba1eb3a638e278a796a3b3d265cbfcea7c8ad2e2d3b""}"
definition:lex-0090:sense:01,definition,,,,reasonable,,,,,,,,,explicit_user_bulk_acceptance,"{""definition_verdict"": ""ai_note""}","{""path"": ""resource-reviews-v1/definitions/snapshots/263e5b0aad86124316337ba1eb3a638e278a796a3b3d265cbfcea7c8ad2e2d3b/reviews.json"", ""sha256"": ""263e5b0aad86124316337ba1eb3a638e278a796a3b3d265cbfcea7c8ad2e2d3b""}"
definition:lex-0092:sense:01,definition,,,,reasonable,,,,,,,,,explicit_user_bulk_acceptance,"{""definition_verdict"": ""ai_note""}","{""path"": ""resource-reviews-v1/definitions/snapshots/263e5b0aad86124316337ba1eb3a638e278a796a3b3d265cbfcea7c8ad2e2d3b/reviews.json"", ""sha256"": ""263e5b0aad86124316337ba1eb3a638e278a796a3b3d265cbfcea7c8ad2e2d3b""}"
definition:lex-0104:sense:01,definition,,,,reasonable,,,,,,,,,explicit_user_bulk_acceptance,"{""definition_verdict"": ""ai_note""}","{""path"": ""resource-reviews-v1/definitions/snapshots/263e5b0aad86124316337ba1eb3a638e278a796a3b3d265cbfcea7c8ad2e2d3b/reviews.json"", ""sha256"": ""263e5b0aad86124316337ba1eb3a638e278a796a3b3d265cbfcea7c8ad2e2d3b""}"
definition:lex-0105:sense:01,definition,,,,other_problem,,,,,,,,,explicit_user_bulk_acceptance,"{""definition_verdict"": ""ai_note""}","{""path"": ""resource-reviews-v1/definitions/snapshots/263e5b0aad86124316337ba1eb3a638e278a796a3b3d265cbfcea7c8ad2e2d3b/reviews.json"", ""sha256"": ""263e5b0aad86124316337ba1eb3a638e278a796a3b3d265cbfcea7c8ad2e2d3b""}"
definition:lex-0108:sense:01,definition,,,,other_problem,,,,,,,,,explicit_user_bulk_acceptance,"{""definition_verdict"": ""ai_note""}","{""path"": ""resource-reviews-v1/definitions/snapshots/263e5b0aad86124316337ba1eb3a638e278a796a3b3d265cbfcea7c8ad2e2d3b/reviews.json"", ""sha256"": ""263e5b0aad86124316337ba1eb3a638e278a796a3b3d265cbfcea7c8ad2e2d3b""}"
definition:lex-0111:sense:01,definition,,,,reasonable,,,,,,,,,explicit_user_bulk_acceptance,"{""definition_verdict"": ""ai_note""}","{""path"": ""resource-reviews-v1/definitions/snapshots/263e5b0aad86124316337ba1eb3a638e278a796a3b3d265cbfcea7c8ad2e2d3b/reviews.json"", ""sha256"": ""263e5b0aad86124316337ba1eb3a638e278a796a3b3d265cbfcea7c8ad2e2d3b""}"
definition:lex-0112:sense:01,definition,,,,other_problem,源自 gay 的粤语音译，指男同性恋者；可带贬损或调侃色彩，也可用于自称。是否构成攻击须结合语境。,,,,,,,,explicit_user_bulk_acceptance,"{""definition_verdict"": ""human_with_ai""}","{""path"": ""resource-reviews-v1/definitions/snapshots/263e5b0aad86124316337ba1eb3a638e278a796a3b3d265cbfcea7c8ad2e2d3b/reviews.json"", ""sha256"": ""263e5b0aad86124316337ba1eb3a638e278a796a3b3d265cbfcea7c8ad2e2d3b""}"
definition:lex-0117:sense:01,definition,,,,reasonable,,,,,,,,,explicit_user_bulk_acceptance,"{""definition_verdict"": ""ai_note""}","{""path"": ""resource-reviews-v1/definitions/snapshots/263e5b0aad86124316337ba1eb3a638e278a796a3b3d265cbfcea7c8ad2e2d3b/reviews.json"", ""sha256"": ""263e5b0aad86124316337ba1eb3a638e278a796a3b3d265cbfcea7c8ad2e2d3b""}"
definition:lex-0119:sense:01,definition,,,,other_problem,‘国男’的谐音写法，在部分网络性别争论中用于称呼或贬评中国男性；不预设使用者的性别或女权立场。,,,,,,,,explicit_user_bulk_acceptance,"{""definition_verdict"": ""ai_note""}","{""path"": ""resource-reviews-v1/definitions/snapshots/263e5b0aad86124316337ba1eb3a638e278a796a3b3d265cbfcea7c8ad2e2d3b/reviews.json"", ""sha256"": ""263e5b0aad86124316337ba1eb3a638e278a796a3b3d265cbfcea7c8ad2e2d3b""}"
definition:lex-0129:sense:01,definition,,,,other_problem,,,,,,,,,explicit_user_bulk_acceptance,"{""definition_verdict"": ""ai_note""}","{""path"": ""resource-reviews-v1/definitions/snapshots/263e5b0aad86124316337ba1eb3a638e278a796a3b3d265cbfcea7c8ad2e2d3b/reviews.json"", ""sha256"": ""263e5b0aad86124316337ba1eb3a638e278a796a3b3d265cbfcea7c8ad2e2d3b""}"
definition:lex-0135:sense:01,definition,,,,other_problem,在部分指人语境中，可作对白人的轻蔑或贬损称呼；普通肤色、物品或其他字面用法不据此判攻击。,,,,,,,,explicit_user_bulk_acceptance,"{""definition_verdict"": ""human_with_ai""}","{""path"": ""resource-reviews-v1/definitions/snapshots/263e5b0aad86124316337ba1eb3a638e278a796a3b3d265cbfcea7c8ad2e2d3b/reviews.json"", ""sha256"": ""263e5b0aad86124316337ba1eb3a638e278a796a3b3d265cbfcea7c8ad2e2d3b""}"
definition:lex-0174:sense:01,definition,,,,reasonable,,,,,,,,,explicit_user_bulk_acceptance,"{""definition_verdict"": ""ai_note""}","{""path"": ""resource-reviews-v1/definitions/snapshots/263e5b0aad86124316337ba1eb3a638e278a796a3b3d265cbfcea7c8ad2e2d3b/reviews.json"", ""sha256"": ""263e5b0aad86124316337ba1eb3a638e278a796a3b3d265cbfcea7c8ad2e2d3b""}"
definition:lex-0175:sense:01,definition,,,,other_problem,‘恋童’的谐音写法，网络中用于提及对儿童的性兴趣，或对他人作此类指控；日常用法不必严格对应临床诊断。普通金属冶炼语境不属于此义。,,,,,,,,explicit_user_bulk_acceptance,"{""definition_verdict"": ""human_with_ai""}","{""path"": ""resource-reviews-v1/definitions/snapshots/263e5b0aad86124316337ba1eb3a638e278a796a3b3d265cbfcea7c8ad2e2d3b/reviews.json"", ""sha256"": ""263e5b0aad86124316337ba1eb3a638e278a796a3b3d265cbfcea7c8ad2e2d3b""}"
definition:lex-0182:sense:01,definition,,,,other_problem,有关感染HIV或患艾滋病的简略说法；在部分语境中被用于疾病污名化，但词面本身不指明性取向，也不自动表示攻击。,,,,,,,,explicit_user_bulk_acceptance,"{""definition_verdict"": ""human_with_ai""}","{""path"": ""resource-reviews-v1/definitions/snapshots/263e5b0aad86124316337ba1eb3a638e278a796a3b3d265cbfcea7c8ad2e2d3b/reviews.json"", ""sha256"": ""263e5b0aad86124316337ba1eb3a638e278a796a3b3d265cbfcea7c8ad2e2d3b""}"
definition:lex-0191:sense:01,definition,,,,other_problem,‘脑瘫’的拼音首字母写法；在网络争论中常用作贬评智力、理解力或反应能力的粗俗称呼。这是说话者的侮辱，不说明被指称者实际患有相应疾病；其他缩写用法另辨。,,,,,,,,explicit_user_bulk_acceptance,"{""definition_verdict"": ""human_with_ai""}","{""path"": ""resource-reviews-v1/definitions/snapshots/263e5b0aad86124316337ba1eb3a638e278a796a3b3d265cbfcea7c8ad2e2d3b/reviews.json"", ""sha256"": ""263e5b0aad86124316337ba1eb3a638e278a796a3b3d265cbfcea7c8ad2e2d3b""}"
definition:lex-0212:sense:01,definition,,,,other_problem,借‘人种’谈论或讽刺江浙地区身份、地域优越感的网络说法；具体是在赞同优越论、自嘲、反讽还是转述，需看上下文，不预设使用者的籍贯或被称呼者确有歧视行为。,,,,,,,,explicit_user_bulk_acceptance,"{""definition_verdict"": ""human_with_ai""}","{""path"": ""resource-reviews-v1/definitions/snapshots/263e5b0aad86124316337ba1eb3a638e278a796a3b3d265cbfcea7c8ad2e2d3b/reviews.json"", ""sha256"": ""263e5b0aad86124316337ba1eb3a638e278a796a3b3d265cbfcea7c8ad2e2d3b""}"
definition:lex-0235:sense:01,definition,,,,reasonable,,,,,,,,,explicit_user_bulk_acceptance,"{""definition_verdict"": ""ai_note""}","{""path"": ""resource-reviews-v1/definitions/snapshots/263e5b0aad86124316337ba1eb3a638e278a796a3b3d265cbfcea7c8ad2e2d3b/reviews.json"", ""sha256"": ""263e5b0aad86124316337ba1eb3a638e278a796a3b3d265cbfcea7c8ad2e2d3b""}"
definition:lex-0236:sense:01,definition,,,,reasonable,,,,,,,,,explicit_user_bulk_acceptance,"{""definition_verdict"": ""ai_note""}","{""path"": ""resource-reviews-v1/definitions/snapshots/263e5b0aad86124316337ba1eb3a638e278a796a3b3d265cbfcea7c8ad2e2d3b/reviews.json"", ""sha256"": ""263e5b0aad86124316337ba1eb3a638e278a796a3b3d265cbfcea7c8ad2e2d3b""}"
definition:lex-0247:sense:01,definition,,,,reasonable,,,,,,,,,explicit_user_bulk_acceptance,"{""definition_verdict"": ""ai_note""}","{""path"": ""resource-reviews-v1/definitions/snapshots/263e5b0aad86124316337ba1eb3a638e278a796a3b3d265cbfcea7c8ad2e2d3b/reviews.json"", ""sha256"": ""263e5b0aad86124316337ba1eb3a638e278a796a3b3d265cbfcea7c8ad2e2d3b""}"
definition:lex-0256:sense:01,definition,,,,reasonable,,,,,,,,,explicit_user_bulk_acceptance,"{""definition_verdict"": ""ai_note""}","{""path"": ""resource-reviews-v1/definitions/snapshots/263e5b0aad86124316337ba1eb3a638e278a796a3b3d265cbfcea7c8ad2e2d3b/reviews.json"", ""sha256"": ""263e5b0aad86124316337ba1eb3a638e278a796a3b3d265cbfcea7c8ad2e2d3b""}"
definition:lex-0267:sense:01,definition,,,,reasonable,,,,,,,,,explicit_user_bulk_acceptance,"{""definition_verdict"": ""ai_note""}","{""path"": ""resource-reviews-v1/definitions/snapshots/263e5b0aad86124316337ba1eb3a638e278a796a3b3d265cbfcea7c8ad2e2d3b/reviews.json"", ""sha256"": ""263e5b0aad86124316337ba1eb3a638e278a796a3b3d265cbfcea7c8ad2e2d3b""}"
definition:lex-0279:sense:01,definition,,,,reasonable,,,,,,,,,explicit_user_bulk_acceptance,"{""definition_verdict"": ""ai_note""}","{""path"": ""resource-reviews-v1/definitions/snapshots/263e5b0aad86124316337ba1eb3a638e278a796a3b3d265cbfcea7c8ad2e2d3b/reviews.json"", ""sha256"": ""263e5b0aad86124316337ba1eb3a638e278a796a3b3d265cbfcea7c8ad2e2d3b""}"
definition:lex-0282:sense:01,definition,,,,reasonable,,,,,,,,,explicit_user_bulk_acceptance,"{""definition_verdict"": ""ai_note""}","{""path"": ""resource-reviews-v1/definitions/snapshots/263e5b0aad86124316337ba1eb3a638e278a796a3b3d265cbfcea7c8ad2e2d3b/reviews.json"", ""sha256"": ""263e5b0aad86124316337ba1eb3a638e278a796a3b3d265cbfcea7c8ad2e2d3b""}"
definition:lex-0286:sense:01,definition,,,,reasonable,,,,,,,,,explicit_user_bulk_acceptance,"{""definition_verdict"": ""ai_note""}","{""path"": ""resource-reviews-v1/definitions/snapshots/263e5b0aad86124316337ba1eb3a638e278a796a3b3d265cbfcea7c8ad2e2d3b/reviews.json"", ""sha256"": ""263e5b0aad86124316337ba1eb3a638e278a796a3b3d265cbfcea7c8ad2e2d3b""}"
definition:lex-0287:sense:01,definition,,,,reasonable,,,,,,,,,explicit_user_bulk_acceptance,"{""definition_verdict"": ""ai_note""}","{""path"": ""resource-reviews-v1/definitions/snapshots/263e5b0aad86124316337ba1eb3a638e278a796a3b3d265cbfcea7c8ad2e2d3b/reviews.json"", ""sha256"": ""263e5b0aad86124316337ba1eb3a638e278a796a3b3d265cbfcea7c8ad2e2d3b""}"
definition:lex-0290:sense:01,definition,,,,other_problem,,,,,,,,,explicit_user_bulk_acceptance,"{""definition_verdict"": ""ai_note""}","{""path"": ""resource-reviews-v1/definitions/snapshots/263e5b0aad86124316337ba1eb3a638e278a796a3b3d265cbfcea7c8ad2e2d3b/reviews.json"", ""sha256"": ""263e5b0aad86124316337ba1eb3a638e278a796a3b3d265cbfcea7c8ad2e2d3b""}"
definition:lex-0292:sense:01,definition,,,,reasonable,,,,,,,,,explicit_user_bulk_acceptance,"{""definition_verdict"": ""ai_note""}","{""path"": ""resource-reviews-v1/definitions/snapshots/263e5b0aad86124316337ba1eb3a638e278a796a3b3d265cbfcea7c8ad2e2d3b/reviews.json"", ""sha256"": ""263e5b0aad86124316337ba1eb3a638e278a796a3b3d265cbfcea7c8ad2e2d3b""}"
definition:lex-0310:sense:01,definition,,,,other_problem,本指黑色皮肤；在部分语境中可指黑人，也可用于贬损。是否带贬义取决于作者立场及上下文，不由肤色指称本身决定。,,,,,,,,explicit_user_bulk_acceptance,"{""definition_verdict"": ""human_with_ai""}","{""path"": ""resource-reviews-v1/definitions/snapshots/263e5b0aad86124316337ba1eb3a638e278a796a3b3d265cbfcea7c8ad2e2d3b/reviews.json"", ""sha256"": ""263e5b0aad86124316337ba1eb3a638e278a796a3b3d265cbfcea7c8ad2e2d3b""}"
definition:lex-0325:sense:01,definition,,,,other_problem,,,,,,,,,explicit_user_bulk_acceptance,"{""definition_verdict"": ""ai_note""}","{""path"": ""resource-reviews-v1/definitions/snapshots/263e5b0aad86124316337ba1eb3a638e278a796a3b3d265cbfcea7c8ad2e2d3b/reviews.json"", ""sha256"": ""263e5b0aad86124316337ba1eb3a638e278a796a3b3d265cbfcea7c8ad2e2d3b""}"
definition:lex-0327:sense:01,definition,,,,reasonable,,,,,,,,,explicit_user_bulk_acceptance,"{""definition_verdict"": ""ai_note""}","{""path"": ""resource-reviews-v1/definitions/snapshots/263e5b0aad86124316337ba1eb3a638e278a796a3b3d265cbfcea7c8ad2e2d3b/reviews.json"", ""sha256"": ""263e5b0aad86124316337ba1eb3a638e278a796a3b3d265cbfcea7c8ad2e2d3b""}"
definition:lex-0333:sense:01,definition,,,,other_problem,‘理性、中立、客观’的缩略称呼，常用于讽刺被认为自称中立却偏袒、回避立场或忽略事实的人；也可能按字面使用，具体含义与褒贬依语境判断。,,,,,,,,explicit_user_bulk_acceptance,"{""definition_verdict"": ""human_with_ai""}","{""path"": ""resource-reviews-v1/definitions/snapshots/263e5b0aad86124316337ba1eb3a638e278a796a3b3d265cbfcea7c8ad2e2d3b/reviews.json"", ""sha256"": ""263e5b0aad86124316337ba1eb3a638e278a796a3b3d265cbfcea7c8ad2e2d3b""}"
definition:lex-0334:sense:01,definition,,,,reasonable,,,,,,,,,explicit_user_bulk_acceptance,"{""definition_verdict"": ""ai_note""}","{""path"": ""resource-reviews-v1/definitions/snapshots/263e5b0aad86124316337ba1eb3a638e278a796a3b3d265cbfcea7c8ad2e2d3b/reviews.json"", ""sha256"": ""263e5b0aad86124316337ba1eb3a638e278a796a3b3d265cbfcea7c8ad2e2d3b""}"
definition:lex-0335:sense:01,definition,,,,reasonable,,,,,,,,,explicit_user_bulk_acceptance,"{""definition_verdict"": ""ai_note""}","{""path"": ""resource-reviews-v1/definitions/snapshots/263e5b0aad86124316337ba1eb3a638e278a796a3b3d265cbfcea7c8ad2e2d3b/reviews.json"", ""sha256"": ""263e5b0aad86124316337ba1eb3a638e278a796a3b3d265cbfcea7c8ad2e2d3b""}"
definition:lex-0335:sense:02,definition,,,,reasonable,,,,,,,,,explicit_user_bulk_acceptance,"{""definition_verdict"": ""ai_note""}","{""path"": ""resource-reviews-v1/definitions/snapshots/263e5b0aad86124316337ba1eb3a638e278a796a3b3d265cbfcea7c8ad2e2d3b/reviews.json"", ""sha256"": ""263e5b0aad86124316337ba1eb3a638e278a796a3b3d265cbfcea7c8ad2e2d3b""}"
definition:lex-0338:sense:01,definition,,,,reasonable,,,,,,,,,explicit_user_bulk_acceptance,"{""definition_verdict"": ""ai_note""}","{""path"": ""resource-reviews-v1/definitions/snapshots/263e5b0aad86124316337ba1eb3a638e278a796a3b3d265cbfcea7c8ad2e2d3b/reviews.json"", ""sha256"": ""263e5b0aad86124316337ba1eb3a638e278a796a3b3d265cbfcea7c8ad2e2d3b""}"
definition:lex-0340:sense:01,definition,,,,reasonable,,,,,,,,,explicit_user_bulk_acceptance,"{""definition_verdict"": ""ai_note""}","{""path"": ""resource-reviews-v1/definitions/snapshots/263e5b0aad86124316337ba1eb3a638e278a796a3b3d265cbfcea7c8ad2e2d3b/reviews.json"", ""sha256"": ""263e5b0aad86124316337ba1eb3a638e278a796a3b3d265cbfcea7c8ad2e2d3b""}"
definition:lex-0343:sense:01,definition,,,,too_narrow,以欺骗手段使他人进入婚姻，或利用婚姻关系实施欺骗；在部分性取向讨论中，可特指隐瞒性取向与异性结婚，不应将该情形等同所有骗婚或所有同性恋者。,,,,,,,,explicit_user_bulk_acceptance,"{""definition_verdict"": ""human_with_ai""}","{""path"": ""resource-reviews-v1/definitions/snapshots/263e5b0aad86124316337ba1eb3a638e278a796a3b3d265cbfcea7c8ad2e2d3b/reviews.json"", ""sha256"": ""263e5b0aad86124316337ba1eb3a638e278a796a3b3d265cbfcea7c8ad2e2d3b""}"
definition:lex-0378:sense:01,definition,,,,reasonable,,,,,,,,,explicit_user_bulk_acceptance,"{""definition_verdict"": ""ai_note""}","{""path"": ""resource-reviews-v1/definitions/snapshots/263e5b0aad86124316337ba1eb3a638e278a796a3b3d265cbfcea7c8ad2e2d3b/reviews.json"", ""sha256"": ""263e5b0aad86124316337ba1eb3a638e278a796a3b3d265cbfcea7c8ad2e2d3b""}"
definition:lex-0378:sense:02,definition,,,,reasonable,,,,,,,,,explicit_user_bulk_acceptance,"{""definition_verdict"": ""ai_note""}","{""path"": ""resource-reviews-v1/definitions/snapshots/263e5b0aad86124316337ba1eb3a638e278a796a3b3d265cbfcea7c8ad2e2d3b/reviews.json"", ""sha256"": ""263e5b0aad86124316337ba1eb3a638e278a796a3b3d265cbfcea7c8ad2e2d3b""}"
definition:lex-0380:sense:01,definition,,,,other_problem,,,,,,,,,explicit_user_bulk_acceptance,"{""definition_verdict"": ""ai_note""}","{""path"": ""resource-reviews-v1/definitions/snapshots/263e5b0aad86124316337ba1eb3a638e278a796a3b3d265cbfcea7c8ad2e2d3b/reviews.json"", ""sha256"": ""263e5b0aad86124316337ba1eb3a638e278a796a3b3d265cbfcea7c8ad2e2d3b""}"
definition:lex-0381:sense:01,definition,,,,other_problem,,,,,,,,,explicit_user_bulk_acceptance,"{""definition_verdict"": ""ai_note""}","{""path"": ""resource-reviews-v1/definitions/snapshots/263e5b0aad86124316337ba1eb3a638e278a796a3b3d265cbfcea7c8ad2e2d3b/reviews.json"", ""sha256"": ""263e5b0aad86124316337ba1eb3a638e278a796a3b3d265cbfcea7c8ad2e2d3b""}"
definition:lex-0382:sense:01,definition,,,,other_problem,,,,,,,,,explicit_user_bulk_acceptance,"{""definition_verdict"": ""ai_note""}","{""path"": ""resource-reviews-v1/definitions/snapshots/263e5b0aad86124316337ba1eb3a638e278a796a3b3d265cbfcea7c8ad2e2d3b/reviews.json"", ""sha256"": ""263e5b0aad86124316337ba1eb3a638e278a796a3b3d265cbfcea7c8ad2e2d3b""}"
definition:lex-0383:sense:01,definition,,,,other_problem,,,,,,,,,explicit_user_bulk_acceptance,"{""definition_verdict"": ""ai_note""}","{""path"": ""resource-reviews-v1/definitions/snapshots/263e5b0aad86124316337ba1eb3a638e278a796a3b3d265cbfcea7c8ad2e2d3b/reviews.json"", ""sha256"": ""263e5b0aad86124316337ba1eb3a638e278a796a3b3d265cbfcea7c8ad2e2d3b""}"
definition:lex-0411:sense:01,definition,,,,reasonable,,,,,,,,,explicit_user_bulk_acceptance,"{""definition_verdict"": ""ai_note""}","{""path"": ""resource-reviews-v1/definitions/snapshots/263e5b0aad86124316337ba1eb3a638e278a796a3b3d265cbfcea7c8ad2e2d3b/reviews.json"", ""sha256"": ""263e5b0aad86124316337ba1eb3a638e278a796a3b3d265cbfcea7c8ad2e2d3b""}"
definition:lex-0419:sense:01,definition,,,,reasonable,,,,,,,,,explicit_user_bulk_acceptance,"{""definition_verdict"": ""ai_note""}","{""path"": ""resource-reviews-v1/definitions/snapshots/263e5b0aad86124316337ba1eb3a638e278a796a3b3d265cbfcea7c8ad2e2d3b/reviews.json"", ""sha256"": ""263e5b0aad86124316337ba1eb3a638e278a796a3b3d265cbfcea7c8ad2e2d3b""}"
definition:lex-0427:sense:01,definition,,,,reasonable,,,,,,,,,explicit_user_bulk_acceptance,"{""definition_verdict"": ""ai_note""}","{""path"": ""resource-reviews-v1/definitions/snapshots/263e5b0aad86124316337ba1eb3a638e278a796a3b3d265cbfcea7c8ad2e2d3b/reviews.json"", ""sha256"": ""263e5b0aad86124316337ba1eb3a638e278a796a3b3d265cbfcea7c8ad2e2d3b""}"
definition:lex-0437:sense:01,definition,,,,other_problem,,,,,,,,,explicit_user_bulk_acceptance,"{""definition_verdict"": ""ai_note""}","{""path"": ""resource-reviews-v1/definitions/snapshots/263e5b0aad86124316337ba1eb3a638e278a796a3b3d265cbfcea7c8ad2e2d3b/reviews.json"", ""sha256"": ""263e5b0aad86124316337ba1eb3a638e278a796a3b3d265cbfcea7c8ad2e2d3b""}"
definition:lex-0438:sense:01,definition,,,,reasonable,,,,,,,,,explicit_user_bulk_acceptance,"{""definition_verdict"": ""human_with_ai""}","{""path"": ""resource-reviews-v1/definitions/snapshots/263e5b0aad86124316337ba1eb3a638e278a796a3b3d265cbfcea7c8ad2e2d3b/reviews.json"", ""sha256"": ""263e5b0aad86124316337ba1eb3a638e278a796a3b3d265cbfcea7c8ad2e2d3b""}"
definition:lex-0441:sense:01,definition,,,,other_problem,在部分语境中，对跨性别者、变装者或被认为性别表达不符合传统期待的人使用的贬称；具体所指依语境判断，不把‘心理错位’或‘非常态’当作对这些人的事实定义。,,,,,,,,explicit_user_bulk_acceptance,"{""definition_verdict"": ""human_with_ai""}","{""path"": ""resource-reviews-v1/definitions/snapshots/263e5b0aad86124316337ba1eb3a638e278a796a3b3d265cbfcea7c8ad2e2d3b/reviews.json"", ""sha256"": ""263e5b0aad86124316337ba1eb3a638e278a796a3b3d265cbfcea7c8ad2e2d3b""}"
definition:lex-0449:sense:01,definition,,,,reasonable,,,,,,,,,explicit_user_bulk_acceptance,"{""definition_verdict"": ""human_with_ai""}","{""path"": ""resource-reviews-v1/definitions/snapshots/263e5b0aad86124316337ba1eb3a638e278a796a3b3d265cbfcea7c8ad2e2d3b/reviews.json"", ""sha256"": ""263e5b0aad86124316337ba1eb3a638e278a796a3b3d265cbfcea7c8ad2e2d3b""}"
definition:lex-0453:sense:01,definition,,,,other_problem,,,,,,,,,explicit_user_bulk_acceptance,"{""definition_verdict"": ""ai_note""}","{""path"": ""resource-reviews-v1/definitions/snapshots/263e5b0aad86124316337ba1eb3a638e278a796a3b3d265cbfcea7c8ad2e2d3b/reviews.json"", ""sha256"": ""263e5b0aad86124316337ba1eb3a638e278a796a3b3d265cbfcea7c8ad2e2d3b""}"
definition:lex-0454:sense:01,definition,,,,too_narrow,,,,,,,,,explicit_user_bulk_acceptance,"{""definition_verdict"": ""ai_note""}","{""path"": ""resource-reviews-v1/definitions/snapshots/263e5b0aad86124316337ba1eb3a638e278a796a3b3d265cbfcea7c8ad2e2d3b/reviews.json"", ""sha256"": ""263e5b0aad86124316337ba1eb3a638e278a796a3b3d265cbfcea7c8ad2e2d3b""}"
definition:lex-0455:sense:01,definition,,,,too_narrow,比喻承接他人留下的责任、负担或损失的人，常带调侃或贬义；婚恋语境中可用于讥讽被认为接受他人感情或婚育经历的男性，具体身份与指控须依上下文判断。,,,,,,,,explicit_user_bulk_acceptance,"{""definition_verdict"": ""human_with_ai""}","{""path"": ""resource-reviews-v1/definitions/snapshots/263e5b0aad86124316337ba1eb3a638e278a796a3b3d265cbfcea7c8ad2e2d3b/reviews.json"", ""sha256"": ""263e5b0aad86124316337ba1eb3a638e278a796a3b3d265cbfcea7c8ad2e2d3b""}"
definition:lex-0463:sense:01,definition,,,,other_problem,在部分文本中可隐去或暗示未写出的词语，包括粗俗或敏感内容；也可能是排版、技术或字面符号。不能单凭星号还原具体辱词或认定经过平台屏蔽。,,,,,,,,explicit_user_bulk_acceptance,"{""definition_verdict"": ""human_with_ai""}","{""path"": ""resource-reviews-v1/definitions/snapshots/263e5b0aad86124316337ba1eb3a638e278a796a3b3d265cbfcea7c8ad2e2d3b/reviews.json"", ""sha256"": ""263e5b0aad86124316337ba1eb3a638e278a796a3b3d265cbfcea7c8ad2e2d3b""}"
definition:lex-0468:sense:01,definition,,,,other_problem,,,,,,,,,explicit_user_bulk_acceptance,"{""definition_verdict"": ""ai_note""}","{""path"": ""resource-reviews-v1/definitions/snapshots/263e5b0aad86124316337ba1eb3a638e278a796a3b3d265cbfcea7c8ad2e2d3b/reviews.json"", ""sha256"": ""263e5b0aad86124316337ba1eb3a638e278a796a3b3d265cbfcea7c8ad2e2d3b""}"
definition:lex-0473:sense:01,definition,,,,reasonable,网络用语主要指的是中国城市上海。这一隐喻起源于2022年上海第六人民医院发布的一篇关于救治外籍患者特殊病例（涉及男性生殖器）的文章，引发了公众对于医疗资源分配问题的讨论。此义仅适用于相应的网络戏称语境；正常地名用法中的“爱丁堡”指苏格兰城市，不应直接套用此义。,,,,,,,,explicit_user_bulk_acceptance,"{""definition_verdict"": ""human_with_ai""}","{""path"": ""resource-reviews-v1/definitions/snapshots/263e5b0aad86124316337ba1eb3a638e278a796a3b3d265cbfcea7c8ad2e2d3b/reviews.json"", ""sha256"": ""263e5b0aad86124316337ba1eb3a638e278a796a3b3d265cbfcea7c8ad2e2d3b""}"
definition:lex-0484:sense:01,definition,,,,reasonable,,,,,,,,,explicit_user_bulk_acceptance,"{""definition_verdict"": ""ai_note""}","{""path"": ""resource-reviews-v1/definitions/snapshots/263e5b0aad86124316337ba1eb3a638e278a796a3b3d265cbfcea7c8ad2e2d3b/reviews.json"", ""sha256"": ""263e5b0aad86124316337ba1eb3a638e278a796a3b3d265cbfcea7c8ad2e2d3b""}"
definition:lex-0486:sense:01,definition,,,,reasonable,,,,,,,,,explicit_user_bulk_acceptance,"{""definition_verdict"": ""ai_note""}","{""path"": ""resource-reviews-v1/definitions/snapshots/263e5b0aad86124316337ba1eb3a638e278a796a3b3d265cbfcea7c8ad2e2d3b/reviews.json"", ""sha256"": ""263e5b0aad86124316337ba1eb3a638e278a796a3b3d265cbfcea7c8ad2e2d3b""}"
definition:lex-0493:sense:01,definition,,,,other_problem,,,,,,,,,explicit_user_bulk_acceptance,"{""definition_verdict"": ""ai_note""}","{""path"": ""resource-reviews-v1/definitions/snapshots/263e5b0aad86124316337ba1eb3a638e278a796a3b3d265cbfcea7c8ad2e2d3b/reviews.json"", ""sha256"": ""263e5b0aad86124316337ba1eb3a638e278a796a3b3d265cbfcea7c8ad2e2d3b""}"
definition:lex-0494:sense:01,definition,,,,other_problem,,,,,,,,,explicit_user_bulk_acceptance,"{""definition_verdict"": ""ai_note""}","{""path"": ""resource-reviews-v1/definitions/snapshots/263e5b0aad86124316337ba1eb3a638e278a796a3b3d265cbfcea7c8ad2e2d3b/reviews.json"", ""sha256"": ""263e5b0aad86124316337ba1eb3a638e278a796a3b3d265cbfcea7c8ad2e2d3b""}"
definition:lex-0506:sense:01,definition,,,,other_problem,,,,,,,,,explicit_user_bulk_acceptance,"{""definition_verdict"": ""ai_note""}","{""path"": ""resource-reviews-v1/definitions/snapshots/263e5b0aad86124316337ba1eb3a638e278a796a3b3d265cbfcea7c8ad2e2d3b/reviews.json"", ""sha256"": ""263e5b0aad86124316337ba1eb3a638e278a796a3b3d265cbfcea7c8ad2e2d3b""}"
definition:lex-0525:sense:01,definition,,,,other_problem,,,,,,,,,explicit_user_bulk_acceptance,"{""definition_verdict"": ""ai_note""}","{""path"": ""resource-reviews-v1/definitions/snapshots/263e5b0aad86124316337ba1eb3a638e278a796a3b3d265cbfcea7c8ad2e2d3b/reviews.json"", ""sha256"": ""263e5b0aad86124316337ba1eb3a638e278a796a3b3d265cbfcea7c8ad2e2d3b""}"
definition:lex-0527:sense:01,definition,,,,other_problem,,,,,,,,,explicit_user_bulk_acceptance,"{""definition_verdict"": ""ai_note""}","{""path"": ""resource-reviews-v1/definitions/snapshots/263e5b0aad86124316337ba1eb3a638e278a796a3b3d265cbfcea7c8ad2e2d3b/reviews.json"", ""sha256"": ""263e5b0aad86124316337ba1eb3a638e278a796a3b3d265cbfcea7c8ad2e2d3b""}"
definition:lex-0543:sense:01,definition,,,,reasonable,,,,,,,,,explicit_user_bulk_acceptance,"{""definition_verdict"": ""ai_note""}","{""path"": ""resource-reviews-v1/definitions/snapshots/263e5b0aad86124316337ba1eb3a638e278a796a3b3d265cbfcea7c8ad2e2d3b/reviews.json"", ""sha256"": ""263e5b0aad86124316337ba1eb3a638e278a796a3b3d265cbfcea7c8ad2e2d3b""}"
definition:lex-0545:sense:01,definition,,,,other_problem,支持同性恋者及其平等权益、反对因性取向而歧视的立场或行动；2013年有‘撑同志，反歧视’活动，但不据此断定词语起源。,,,,,,,,explicit_user_bulk_acceptance,"{""definition_verdict"": ""human_with_ai""}","{""path"": ""resource-reviews-v1/definitions/snapshots/263e5b0aad86124316337ba1eb3a638e278a796a3b3d265cbfcea7c8ad2e2d3b/reviews.json"", ""sha256"": ""263e5b0aad86124316337ba1eb3a638e278a796a3b3d265cbfcea7c8ad2e2d3b""}"
definition:lex-0562:sense:01,definition,,,,reasonable,,,,,,,,,explicit_user_bulk_acceptance,"{""definition_verdict"": ""human_with_ai""}","{""path"": ""resource-reviews-v1/definitions/snapshots/263e5b0aad86124316337ba1eb3a638e278a796a3b3d265cbfcea7c8ad2e2d3b/reviews.json"", ""sha256"": ""263e5b0aad86124316337ba1eb3a638e278a796a3b3d265cbfcea7c8ad2e2d3b""}"
definition:lex-0590:sense:01,definition,,,,reasonable,,,,,,,,,explicit_user_bulk_acceptance,"{""definition_verdict"": ""ai_note""}","{""path"": ""resource-reviews-v1/definitions/snapshots/263e5b0aad86124316337ba1eb3a638e278a796a3b3d265cbfcea7c8ad2e2d3b/reviews.json"", ""sha256"": ""263e5b0aad86124316337ba1eb3a638e278a796a3b3d265cbfcea7c8ad2e2d3b""}"
definition:lex-0597:sense:01,definition,,,,reasonable,,,,,,,,,explicit_user_bulk_acceptance,"{""definition_verdict"": ""ai_note""}","{""path"": ""resource-reviews-v1/definitions/snapshots/263e5b0aad86124316337ba1eb3a638e278a796a3b3d265cbfcea7c8ad2e2d3b/reviews.json"", ""sha256"": ""263e5b0aad86124316337ba1eb3a638e278a796a3b3d265cbfcea7c8ad2e2d3b""}"
definition:lex-0603:sense:01,definition,,,,reasonable,,,,,,,,,explicit_user_bulk_acceptance,"{""definition_verdict"": ""ai_note""}","{""path"": ""resource-reviews-v1/definitions/snapshots/263e5b0aad86124316337ba1eb3a638e278a796a3b3d265cbfcea7c8ad2e2d3b/reviews.json"", ""sha256"": ""263e5b0aad86124316337ba1eb3a638e278a796a3b3d265cbfcea7c8ad2e2d3b""}"
definition:lex-0621:sense:01,definition,,,,reasonable,,,,,,,,,explicit_user_bulk_acceptance,"{""definition_verdict"": ""ai_note""}","{""path"": ""resource-reviews-v1/definitions/snapshots/263e5b0aad86124316337ba1eb3a638e278a796a3b3d265cbfcea7c8ad2e2d3b/reviews.json"", ""sha256"": ""263e5b0aad86124316337ba1eb3a638e278a796a3b3d265cbfcea7c8ad2e2d3b""}"
definition:lex-0622:sense:01,definition,,,,other_problem,‘福建’的谐音写法，可用于口音模仿、地名戏称或地域贬损；是否带有贬义、是否在评价当地人，需结合具体上下文判断。,,,,,,,,explicit_user_bulk_acceptance,"{""definition_verdict"": ""human_with_ai""}","{""path"": ""resource-reviews-v1/definitions/snapshots/263e5b0aad86124316337ba1eb3a638e278a796a3b3d265cbfcea7c8ad2e2d3b/reviews.json"", ""sha256"": ""263e5b0aad86124316337ba1eb3a638e278a796a3b3d265cbfcea7c8ad2e2d3b""}"
definition:lex-0623:sense:01,definition,,,,other_problem,,,,,,,,,explicit_user_bulk_acceptance,"{""definition_verdict"": ""ai_note""}","{""path"": ""resource-reviews-v1/definitions/snapshots/263e5b0aad86124316337ba1eb3a638e278a796a3b3d265cbfcea7c8ad2e2d3b/reviews.json"", ""sha256"": ""263e5b0aad86124316337ba1eb3a638e278a796a3b3d265cbfcea7c8ad2e2d3b""}"
definition:lex-0624:sense:01,definition,,,,reasonable,,,,,,,,,explicit_user_bulk_acceptance,"{""definition_verdict"": ""ai_note""}","{""path"": ""resource-reviews-v1/definitions/snapshots/263e5b0aad86124316337ba1eb3a638e278a796a3b3d265cbfcea7c8ad2e2d3b/reviews.json"", ""sha256"": ""263e5b0aad86124316337ba1eb3a638e278a796a3b3d265cbfcea7c8ad2e2d3b""}"
definition:lex-0625:sense:01,definition,,,,reasonable,,,,,,,,,explicit_user_bulk_acceptance,"{""definition_verdict"": ""human_with_ai""}","{""path"": ""resource-reviews-v1/definitions/snapshots/263e5b0aad86124316337ba1eb3a638e278a796a3b3d265cbfcea7c8ad2e2d3b/reviews.json"", ""sha256"": ""263e5b0aad86124316337ba1eb3a638e278a796a3b3d265cbfcea7c8ad2e2d3b""}"
definition:lex-0632:sense:01,definition,,,,other_problem,,,,,,,,,explicit_user_bulk_acceptance,"{""definition_verdict"": ""ai_note""}","{""path"": ""resource-reviews-v1/definitions/snapshots/263e5b0aad86124316337ba1eb3a638e278a796a3b3d265cbfcea7c8ad2e2d3b/reviews.json"", ""sha256"": ""263e5b0aad86124316337ba1eb3a638e278a796a3b3d265cbfcea7c8ad2e2d3b""}"
definition:lex-0635:sense:01,definition,,,,reasonable,,,,,,,,,explicit_user_bulk_acceptance,"{""definition_verdict"": ""ai_note""}","{""path"": ""resource-reviews-v1/definitions/snapshots/263e5b0aad86124316337ba1eb3a638e278a796a3b3d265cbfcea7c8ad2e2d3b/reviews.json"", ""sha256"": ""263e5b0aad86124316337ba1eb3a638e278a796a3b3d265cbfcea7c8ad2e2d3b""}"
definition:lex-0663:sense:01,definition,,,,other_problem,,,,,,,,,explicit_user_bulk_acceptance,"{""definition_verdict"": ""ai_note""}","{""path"": ""resource-reviews-v1/definitions/snapshots/263e5b0aad86124316337ba1eb3a638e278a796a3b3d265cbfcea7c8ad2e2d3b/reviews.json"", ""sha256"": ""263e5b0aad86124316337ba1eb3a638e278a796a3b3d265cbfcea7c8ad2e2d3b""}"
definition:lex-0669:sense:01,definition,,,,reasonable,,,,,,,,,explicit_user_bulk_acceptance,"{""definition_verdict"": ""ai_note""}","{""path"": ""resource-reviews-v1/definitions/snapshots/263e5b0aad86124316337ba1eb3a638e278a796a3b3d265cbfcea7c8ad2e2d3b/reviews.json"", ""sha256"": ""263e5b0aad86124316337ba1eb3a638e278a796a3b3d265cbfcea7c8ad2e2d3b""}"
definition:lex-0673:sense:01,definition,,,,reasonable,,,,,,,,,explicit_user_bulk_acceptance,"{""definition_verdict"": ""ai_note""}","{""path"": ""resource-reviews-v1/definitions/snapshots/263e5b0aad86124316337ba1eb3a638e278a796a3b3d265cbfcea7c8ad2e2d3b/reviews.json"", ""sha256"": ""263e5b0aad86124316337ba1eb3a638e278a796a3b3d265cbfcea7c8ad2e2d3b""}"
definition:lex-0679:sense:01,definition,,,,reasonable,,,,,,,,,explicit_user_bulk_acceptance,"{""definition_verdict"": ""ai_note""}","{""path"": ""resource-reviews-v1/definitions/snapshots/263e5b0aad86124316337ba1eb3a638e278a796a3b3d265cbfcea7c8ad2e2d3b/reviews.json"", ""sha256"": ""263e5b0aad86124316337ba1eb3a638e278a796a3b3d265cbfcea7c8ad2e2d3b""}"
definition:lex-0690:sense:01,definition,,,,reasonable,,,,,,,,,explicit_user_bulk_acceptance,"{""definition_verdict"": ""ai_note""}","{""path"": ""resource-reviews-v1/definitions/snapshots/263e5b0aad86124316337ba1eb3a638e278a796a3b3d265cbfcea7c8ad2e2d3b/reviews.json"", ""sha256"": ""263e5b0aad86124316337ba1eb3a638e278a796a3b3d265cbfcea7c8ad2e2d3b""}"
definition:lex-0714:sense:01,definition,,,,reasonable,,,,,,,,,explicit_user_bulk_acceptance,"{""definition_verdict"": ""ai_note""}","{""path"": ""resource-reviews-v1/definitions/snapshots/263e5b0aad86124316337ba1eb3a638e278a796a3b3d265cbfcea7c8ad2e2d3b/reviews.json"", ""sha256"": ""263e5b0aad86124316337ba1eb3a638e278a796a3b3d265cbfcea7c8ad2e2d3b""}"
definition:lex-0731:sense:01,definition,,,,reasonable,,,,,,,,,explicit_user_bulk_acceptance,"{""definition_verdict"": ""ai_note""}","{""path"": ""resource-reviews-v1/definitions/snapshots/263e5b0aad86124316337ba1eb3a638e278a796a3b3d265cbfcea7c8ad2e2d3b/reviews.json"", ""sha256"": ""263e5b0aad86124316337ba1eb3a638e278a796a3b3d265cbfcea7c8ad2e2d3b""}"
definition:lex-0743:sense:01,definition,,,,reasonable,,,,,,,,,explicit_user_bulk_acceptance,"{""definition_verdict"": ""ai_note""}","{""path"": ""resource-reviews-v1/definitions/snapshots/263e5b0aad86124316337ba1eb3a638e278a796a3b3d265cbfcea7c8ad2e2d3b/reviews.json"", ""sha256"": ""263e5b0aad86124316337ba1eb3a638e278a796a3b3d265cbfcea7c8ad2e2d3b""}"
definition:lex-0744:sense:01,definition,,,,reasonable,,,,,,,,,explicit_user_bulk_acceptance,"{""definition_verdict"": ""ai_note""}","{""path"": ""resource-reviews-v1/definitions/snapshots/263e5b0aad86124316337ba1eb3a638e278a796a3b3d265cbfcea7c8ad2e2d3b/reviews.json"", ""sha256"": ""263e5b0aad86124316337ba1eb3a638e278a796a3b3d265cbfcea7c8ad2e2d3b""}"
definition:lex-0749:sense:01,definition,,,,reasonable,,,,,,,,,explicit_user_bulk_acceptance,"{""definition_verdict"": ""ai_note""}","{""path"": ""resource-reviews-v1/definitions/snapshots/263e5b0aad86124316337ba1eb3a638e278a796a3b3d265cbfcea7c8ad2e2d3b/reviews.json"", ""sha256"": ""263e5b0aad86124316337ba1eb3a638e278a796a3b3d265cbfcea7c8ad2e2d3b""}"
definition:lex-0758:sense:01,definition,,,,reasonable,,,,,,,,,explicit_user_bulk_acceptance,"{""definition_verdict"": ""ai_note""}","{""path"": ""resource-reviews-v1/definitions/snapshots/263e5b0aad86124316337ba1eb3a638e278a796a3b3d265cbfcea7c8ad2e2d3b/reviews.json"", ""sha256"": ""263e5b0aad86124316337ba1eb3a638e278a796a3b3d265cbfcea7c8ad2e2d3b""}"
definition:lex-0790:sense:01,definition,,,,reasonable,,,,,,,,,explicit_user_bulk_acceptance,"{""definition_verdict"": ""ai_note""}","{""path"": ""resource-reviews-v1/definitions/snapshots/263e5b0aad86124316337ba1eb3a638e278a796a3b3d265cbfcea7c8ad2e2d3b/reviews.json"", ""sha256"": ""263e5b0aad86124316337ba1eb3a638e278a796a3b3d265cbfcea7c8ad2e2d3b""}"
definition:lex-0791:sense:01,definition,,,,reasonable,,,,,,,,,explicit_user_bulk_acceptance,"{""definition_verdict"": ""ai_note""}","{""path"": ""resource-reviews-v1/definitions/snapshots/263e5b0aad86124316337ba1eb3a638e278a796a3b3d265cbfcea7c8ad2e2d3b/reviews.json"", ""sha256"": ""263e5b0aad86124316337ba1eb3a638e278a796a3b3d265cbfcea7c8ad2e2d3b""}"
definition:lex-new-4db860d45ffeff75:sense:01,definition,,,,reasonable,,,,,,,,,explicit_user_bulk_acceptance,"{""definition_verdict"": ""ai_note""}","{""path"": ""resource-reviews-v1/definitions/snapshots/263e5b0aad86124316337ba1eb3a638e278a796a3b3d265cbfcea7c8ad2e2d3b/reviews.json"", ""sha256"": ""263e5b0aad86124316337ba1eb3a638e278a796a3b3d265cbfcea7c8ad2e2d3b""}"
definition:lex-new-6b02c58315cc4cdf:sense:01,definition,,,,reasonable,,,,,,,,,explicit_user_bulk_acceptance,"{""definition_verdict"": ""ai_note""}","{""path"": ""resource-reviews-v1/definitions/snapshots/263e5b0aad86124316337ba1eb3a638e278a796a3b3d265cbfcea7c8ad2e2d3b/reviews.json"", ""sha256"": ""263e5b0aad86124316337ba1eb3a638e278a796a3b3d265cbfcea7c8ad2e2d3b""}"
definition:lex-new-85a9a8e7d39af4a3:sense:01,definition,,,,reasonable,,,,,,,,,explicit_user_bulk_acceptance,"{""definition_verdict"": ""ai_note""}","{""path"": ""resource-reviews-v1/definitions/snapshots/263e5b0aad86124316337ba1eb3a638e278a796a3b3d265cbfcea7c8ad2e2d3b/reviews.json"", ""sha256"": ""263e5b0aad86124316337ba1eb3a638e278a796a3b3d265cbfcea7c8ad2e2d3b""}"
definition:lex-new-b5bb7feeffb85985:sense:01,definition,,,,other_problem,对黑人男性的贬损称呼,,,,,,,,explicit_user_bulk_acceptance,"{""definition_verdict"": ""ai_note""}","{""path"": ""resource-reviews-v1/definitions/snapshots/263e5b0aad86124316337ba1eb3a638e278a796a3b3d265cbfcea7c8ad2e2d3b/reviews.json"", ""sha256"": ""263e5b0aad86124316337ba1eb3a638e278a796a3b3d265cbfcea7c8ad2e2d3b""}"
demo:100,demo,hate,"[""Sexism""]",1,,,,,,,,,,explicit_user_bulk_acceptance,"{""hate"": ""rule_mapping_from_ai_score"", ""group"": ""user_discussion"", ""attack_severity"": ""ai_note""}","{""path"": ""sentence-completion-v1/snapshots/bf6acc5fbfa04d5263ec117ead04d701b4b6fc8ca45cfe3994edf0b0ff9d7d5e/current-sentences.json"", ""sha256"": ""6b12499e0320d3c93bb2ae154fc677f455240af7499ea29977dc3c5a9c96b3d4""}"
demo:1035,demo,non-hate,"[""Sexism""]",0,,,,,,,,,,explicit_user_bulk_acceptance,"{""hate"": ""rule_mapping_from_ai_score"", ""group"": ""ai_note"", ""attack_severity"": ""ai_note""}","{""path"": ""sentence-completion-v1/snapshots/bf6acc5fbfa04d5263ec117ead04d701b4b6fc8ca45cfe3994edf0b0ff9d7d5e/current-sentences.json"", ""sha256"": ""6b12499e0320d3c93bb2ae154fc677f455240af7499ea29977dc3c5a9c96b3d4""}"
demo:1158,demo,hate,"[""Sexism""]",1,,,,,,,,,,explicit_user_bulk_acceptance,"{""hate"": ""rule_mapping_from_ai_score"", ""group"": ""user_discussion"", ""attack_severity"": ""ai_note""}","{""path"": ""sentence-completion-v1/snapshots/bf6acc5fbfa04d5263ec117ead04d701b4b6fc8ca45cfe3994edf0b0ff9d7d5e/current-sentences.json"", ""sha256"": ""6b12499e0320d3c93bb2ae154fc677f455240af7499ea29977dc3c5a9c96b3d4""}"
demo:1180,demo,non-hate,"[""LGBTQ""]",0,,,,,,,,,,explicit_user_bulk_acceptance,"{""hate"": ""rule_mapping_from_ai_score"", ""group"": ""user_discussion"", ""attack_severity"": ""ai_note""}","{""path"": ""sentence-completion-v1/snapshots/bf6acc5fbfa04d5263ec117ead04d701b4b6fc8ca45cfe3994edf0b0ff9d7d5e/current-sentences.json"", ""sha256"": ""6b12499e0320d3c93bb2ae154fc677f455240af7499ea29977dc3c5a9c96b3d4""}"
demo:1224,demo,hate,"[""Sexism""]",2,,,,,,,,,,explicit_user_bulk_acceptance,"{""hate"": ""rule_mapping_from_ai_score"", ""group"": ""user_discussion"", ""attack_severity"": ""ai_note""}","{""path"": ""sentence-completion-v1/snapshots/bf6acc5fbfa04d5263ec117ead04d701b4b6fc8ca45cfe3994edf0b0ff9d7d5e/current-sentences.json"", ""sha256"": ""6b12499e0320d3c93bb2ae154fc677f455240af7499ea29977dc3c5a9c96b3d4""}"
demo:1240,demo,hate,[],1,,,,,,,,,,explicit_user_bulk_acceptance,"{""hate"": ""rule_mapping_from_ai_score"", ""group"": ""user_discussion"", ""attack_severity"": ""ai_note""}","{""path"": ""sentence-completion-v1/snapshots/bf6acc5fbfa04d5263ec117ead04d701b4b6fc8ca45cfe3994edf0b0ff9d7d5e/current-sentences.json"", ""sha256"": ""6b12499e0320d3c93bb2ae154fc677f455240af7499ea29977dc3c5a9c96b3d4""}"
demo:1242,demo,non-hate,"[""Region"", ""LGBTQ"", ""Sexism""]",0,,,,,,,,,,explicit_user_bulk_acceptance,"{""hate"": ""rule_mapping_from_ai_score"", ""group"": ""ai_note"", ""attack_severity"": ""ai_note""}","{""path"": ""sentence-completion-v1/snapshots/bf6acc5fbfa04d5263ec117ead04d701b4b6fc8ca45cfe3994edf0b0ff9d7d5e/current-sentences.json"", ""sha256"": ""6b12499e0320d3c93bb2ae154fc677f455240af7499ea29977dc3c5a9c96b3d4""}"
demo:127,demo,hate,"[""LGBTQ""]",2,,,,,,,,,,explicit_user_bulk_acceptance,"{""hate"": ""rule_mapping_from_ai_score"", ""group"": ""ai_note"", ""attack_severity"": ""ai_note""}","{""path"": ""sentence-completion-v1/snapshots/bf6acc5fbfa04d5263ec117ead04d701b4b6fc8ca45cfe3994edf0b0ff9d7d5e/current-sentences.json"", ""sha256"": ""6b12499e0320d3c93bb2ae154fc677f455240af7499ea29977dc3c5a9c96b3d4""}"
demo:1294,demo,hate,"[""LGBTQ""]",2,,,,,,,,,,explicit_user_bulk_acceptance,"{""hate"": ""rule_mapping_from_ai_score"", ""group"": ""ai_note"", ""attack_severity"": ""ai_note""}","{""path"": ""sentence-completion-v1/snapshots/bf6acc5fbfa04d5263ec117ead04d701b4b6fc8ca45cfe3994edf0b0ff9d7d5e/current-sentences.json"", ""sha256"": ""6b12499e0320d3c93bb2ae154fc677f455240af7499ea29977dc3c5a9c96b3d4""}"
demo:1336,demo,non-hate,[],0,,,,,,,,,,explicit_user_bulk_acceptance,"{""hate"": ""rule_mapping_from_ai_score"", ""group"": ""ai_note"", ""attack_severity"": ""ai_note""}","{""path"": ""sentence-completion-v1/snapshots/bf6acc5fbfa04d5263ec117ead04d701b4b6fc8ca45cfe3994edf0b0ff9d7d5e/current-sentences.json"", ""sha256"": ""6b12499e0320d3c93bb2ae154fc677f455240af7499ea29977dc3c5a9c96b3d4""}"
demo:1376,demo,non-hate,[],0,,,,,,,,,,explicit_user_bulk_acceptance,"{""hate"": ""rule_mapping_from_ai_score"", ""group"": ""ai_note"", ""attack_severity"": ""ai_note""}","{""path"": ""sentence-completion-v1/snapshots/bf6acc5fbfa04d5263ec117ead04d701b4b6fc8ca45cfe3994edf0b0ff9d7d5e/current-sentences.json"", ""sha256"": ""6b12499e0320d3c93bb2ae154fc677f455240af7499ea29977dc3c5a9c96b3d4""}"
demo:1456,demo,non-hate,[],0,,,,,,,,,,explicit_user_bulk_acceptance,"{""hate"": ""rule_mapping_from_ai_score"", ""group"": ""user_discussion"", ""attack_severity"": ""ai_note""}","{""path"": ""sentence-completion-v1/snapshots/bf6acc5fbfa04d5263ec117ead04d701b4b6fc8ca45cfe3994edf0b0ff9d7d5e/current-sentences.json"", ""sha256"": ""6b12499e0320d3c93bb2ae154fc677f455240af7499ea29977dc3c5a9c96b3d4""}"
demo:1466,demo,hate,"[""Racism""]",1,,,,,,,,,,explicit_user_bulk_acceptance,"{""hate"": ""rule_mapping_from_ai_score"", ""group"": ""ai_note"", ""attack_severity"": ""ai_note""}","{""path"": ""sentence-completion-v1/snapshots/bf6acc5fbfa04d5263ec117ead04d701b4b6fc8ca45cfe3994edf0b0ff9d7d5e/current-sentences.json"", ""sha256"": ""6b12499e0320d3c93bb2ae154fc677f455240af7499ea29977dc3c5a9c96b3d4""}"
demo:1509,demo,hate,"[""Sexism""]",2,,,,,,,,,,explicit_user_bulk_acceptance,"{""hate"": ""rule_mapping_from_human_score"", ""group"": ""user_discussion"", ""attack_severity"": ""user_discussion""}","{""path"": ""sentence-completion-v1/snapshots/bf6acc5fbfa04d5263ec117ead04d701b4b6fc8ca45cfe3994edf0b0ff9d7d5e/current-sentences.json"", ""sha256"": ""6b12499e0320d3c93bb2ae154fc677f455240af7499ea29977dc3c5a9c96b3d4""}"
demo:1517,demo,hate,"[""LGBTQ"", ""others""]",2,,,,,,,,,,explicit_user_bulk_acceptance,"{""hate"": ""rule_mapping_from_ai_score"", ""group"": ""user_discussion"", ""attack_severity"": ""ai_note""}","{""path"": ""sentence-completion-v1/snapshots/bf6acc5fbfa04d5263ec117ead04d701b4b6fc8ca45cfe3994edf0b0ff9d7d5e/current-sentences.json"", ""sha256"": ""6b12499e0320d3c93bb2ae154fc677f455240af7499ea29977dc3c5a9c96b3d4""}"
demo:159,demo,non-hate,"[""Region""]",0,,,,,,,,,,explicit_user_bulk_acceptance,"{""hate"": ""rule_mapping_from_ai_score"", ""group"": ""user_discussion"", ""attack_severity"": ""ai_note""}","{""path"": ""sentence-completion-v1/snapshots/bf6acc5fbfa04d5263ec117ead04d701b4b6fc8ca45cfe3994edf0b0ff9d7d5e/current-sentences.json"", ""sha256"": ""6b12499e0320d3c93bb2ae154fc677f455240af7499ea29977dc3c5a9c96b3d4""}"
demo:1653,demo,non-hate,"[""LGBTQ""]",0,,,,,,,,,,explicit_user_bulk_acceptance,"{""hate"": ""rule_mapping_from_ai_score"", ""group"": ""ai_note"", ""attack_severity"": ""ai_note""}","{""path"": ""sentence-completion-v1/snapshots/bf6acc5fbfa04d5263ec117ead04d701b4b6fc8ca45cfe3994edf0b0ff9d7d5e/current-sentences.json"", ""sha256"": ""6b12499e0320d3c93bb2ae154fc677f455240af7499ea29977dc3c5a9c96b3d4""}"
demo:1660,demo,hate,"[""LGBTQ"", ""Sexism""]",1,,,,,,,,,,explicit_user_bulk_acceptance,"{""hate"": ""rule_mapping_from_human_score"", ""group"": ""ai_note"", ""attack_severity"": ""user_discussion""}","{""path"": ""sentence-completion-v1/snapshots/bf6acc5fbfa04d5263ec117ead04d701b4b6fc8ca45cfe3994edf0b0ff9d7d5e/current-sentences.json"", ""sha256"": ""6b12499e0320d3c93bb2ae154fc677f455240af7499ea29977dc3c5a9c96b3d4""}"
demo:1729,demo,hate,"[""Sexism""]",2,,,,,,,,,,explicit_user_bulk_acceptance,"{""hate"": ""rule_mapping_from_ai_score"", ""group"": ""user_discussion"", ""attack_severity"": ""ai_note""}","{""path"": ""sentence-completion-v1/snapshots/bf6acc5fbfa04d5263ec117ead04d701b4b6fc8ca45cfe3994edf0b0ff9d7d5e/current-sentences.json"", ""sha256"": ""6b12499e0320d3c93bb2ae154fc677f455240af7499ea29977dc3c5a9c96b3d4""}"
demo:1786,demo,non-hate,[],0,,,,,,,,,,explicit_user_bulk_acceptance,"{""hate"": ""rule_mapping_from_ai_score"", ""group"": ""ai_note"", ""attack_severity"": ""ai_note""}","{""path"": ""sentence-completion-v1/snapshots/bf6acc5fbfa04d5263ec117ead04d701b4b6fc8ca45cfe3994edf0b0ff9d7d5e/current-sentences.json"", ""sha256"": ""6b12499e0320d3c93bb2ae154fc677f455240af7499ea29977dc3c5a9c96b3d4""}"
demo:179,demo,hate,"[""others""]",2,,,,,,,,,,explicit_user_bulk_acceptance,"{""hate"": ""rule_mapping_from_ai_score"", ""group"": ""user_discussion"", ""attack_severity"": ""ai_note""}","{""path"": ""sentence-completion-v1/snapshots/bf6acc5fbfa04d5263ec117ead04d701b4b6fc8ca45cfe3994edf0b0ff9d7d5e/current-sentences.json"", ""sha256"": ""6b12499e0320d3c93bb2ae154fc677f455240af7499ea29977dc3c5a9c96b3d4""}"
demo:1815,demo,hate,"[""Sexism""]",1,,,,,,,,,,explicit_user_bulk_acceptance,"{""hate"": ""rule_mapping_from_ai_score"", ""group"": ""user_discussion"", ""attack_severity"": ""ai_note""}","{""path"": ""sentence-completion-v1/snapshots/bf6acc5fbfa04d5263ec117ead04d701b4b6fc8ca45cfe3994edf0b0ff9d7d5e/current-sentences.json"", ""sha256"": ""6b12499e0320d3c93bb2ae154fc677f455240af7499ea29977dc3c5a9c96b3d4""}"
demo:1833,demo,hate,"[""Racism"", ""Sexism""]",2,,,,,,,,,,explicit_user_bulk_acceptance,"{""hate"": ""rule_mapping_from_ai_score"", ""group"": ""ai_note"", ""attack_severity"": ""ai_note""}","{""path"": ""sentence-completion-v1/snapshots/bf6acc5fbfa04d5263ec117ead04d701b4b6fc8ca45cfe3994edf0b0ff9d7d5e/current-sentences.json"", ""sha256"": ""6b12499e0320d3c93bb2ae154fc677f455240af7499ea29977dc3c5a9c96b3d4""}"
demo:1859,demo,non-hate,"[""Sexism""]",0,,,,,,,,,,explicit_user_bulk_acceptance,"{""hate"": ""rule_mapping_from_ai_score"", ""group"": ""user_discussion"", ""attack_severity"": ""ai_note""}","{""path"": ""sentence-completion-v1/snapshots/bf6acc5fbfa04d5263ec117ead04d701b4b6fc8ca45cfe3994edf0b0ff9d7d5e/current-sentences.json"", ""sha256"": ""6b12499e0320d3c93bb2ae154fc677f455240af7499ea29977dc3c5a9c96b3d4""}"
demo:191,demo,non-hate,"[""Region"", ""others""]",0,,,,,,,,,,explicit_user_bulk_acceptance,"{""hate"": ""rule_mapping_from_ai_score"", ""group"": ""ai_note"", ""attack_severity"": ""ai_note""}","{""path"": ""sentence-completion-v1/snapshots/bf6acc5fbfa04d5263ec117ead04d701b4b6fc8ca45cfe3994edf0b0ff9d7d5e/current-sentences.json"", ""sha256"": ""6b12499e0320d3c93bb2ae154fc677f455240af7499ea29977dc3c5a9c96b3d4""}"
demo:1915,demo,hate,"[""Racism""]",2,,,,,,,,,,explicit_user_bulk_acceptance,"{""hate"": ""rule_mapping_from_ai_score"", ""group"": ""user_discussion"", ""attack_severity"": ""ai_note""}","{""path"": ""sentence-completion-v1/snapshots/bf6acc5fbfa04d5263ec117ead04d701b4b6fc8ca45cfe3994edf0b0ff9d7d5e/current-sentences.json"", ""sha256"": ""6b12499e0320d3c93bb2ae154fc677f455240af7499ea29977dc3c5a9c96b3d4""}"
demo:1986,demo,non-hate,"[""Sexism"", ""others""]",0,,,,,,,,,,explicit_user_bulk_acceptance,"{""hate"": ""rule_mapping_from_ai_score"", ""group"": ""ai_note"", ""attack_severity"": ""ai_note""}","{""path"": ""sentence-completion-v1/snapshots/bf6acc5fbfa04d5263ec117ead04d701b4b6fc8ca45cfe3994edf0b0ff9d7d5e/current-sentences.json"", ""sha256"": ""6b12499e0320d3c93bb2ae154fc677f455240af7499ea29977dc3c5a9c96b3d4""}"
demo:2004,demo,hate,"[""Region"", ""others""]",2,,,,,,,,,,explicit_user_bulk_acceptance,"{""hate"": ""rule_mapping_from_human_score"", ""group"": ""user_discussion"", ""attack_severity"": ""user_discussion""}","{""path"": ""sentence-completion-v1/snapshots/bf6acc5fbfa04d5263ec117ead04d701b4b6fc8ca45cfe3994edf0b0ff9d7d5e/current-sentences.json"", ""sha256"": ""6b12499e0320d3c93bb2ae154fc677f455240af7499ea29977dc3c5a9c96b3d4""}"
demo:2025,demo,hate,"[""Sexism""]",2,,,,,,,,,,explicit_user_bulk_acceptance,"{""hate"": ""rule_mapping_from_ai_score"", ""group"": ""ai_note"", ""attack_severity"": ""ai_note""}","{""path"": ""sentence-completion-v1/snapshots/bf6acc5fbfa04d5263ec117ead04d701b4b6fc8ca45cfe3994edf0b0ff9d7d5e/current-sentences.json"", ""sha256"": ""6b12499e0320d3c93bb2ae154fc677f455240af7499ea29977dc3c5a9c96b3d4""}"
demo:2054,demo,non-hate,[],0,,,,,,,,,,explicit_user_bulk_acceptance,"{""hate"": ""rule_mapping_from_ai_score"", ""group"": ""ai_note"", ""attack_severity"": ""ai_note""}","{""path"": ""sentence-completion-v1/snapshots/bf6acc5fbfa04d5263ec117ead04d701b4b6fc8ca45cfe3994edf0b0ff9d7d5e/current-sentences.json"", ""sha256"": ""6b12499e0320d3c93bb2ae154fc677f455240af7499ea29977dc3c5a9c96b3d4""}"
demo:2075,demo,non-hate,"[""LGBTQ"", ""Sexism""]",0,,,,,,,,,,explicit_user_bulk_acceptance,"{""hate"": ""rule_mapping_from_human_score"", ""group"": ""user_discussion"", ""attack_severity"": ""user_discussion""}","{""path"": ""sentence-completion-v1/snapshots/bf6acc5fbfa04d5263ec117ead04d701b4b6fc8ca45cfe3994edf0b0ff9d7d5e/current-sentences.json"", ""sha256"": ""6b12499e0320d3c93bb2ae154fc677f455240af7499ea29977dc3c5a9c96b3d4""}"
demo:2091,demo,non-hate,"[""Sexism""]",0,,,,,,,,,,explicit_user_bulk_acceptance,"{""hate"": ""rule_mapping_from_ai_score"", ""group"": ""ai_note"", ""attack_severity"": ""ai_note""}","{""path"": ""sentence-completion-v1/snapshots/bf6acc5fbfa04d5263ec117ead04d701b4b6fc8ca45cfe3994edf0b0ff9d7d5e/current-sentences.json"", ""sha256"": ""6b12499e0320d3c93bb2ae154fc677f455240af7499ea29977dc3c5a9c96b3d4""}"
demo:2101,demo,hate,"[""LGBTQ"", ""Sexism"", ""others""]",1,,,,,,,,,,explicit_user_bulk_acceptance,"{""hate"": ""rule_mapping_from_ai_score"", ""group"": ""user_discussion"", ""attack_severity"": ""ai_note""}","{""path"": ""sentence-completion-v1/snapshots/bf6acc5fbfa04d5263ec117ead04d701b4b6fc8ca45cfe3994edf0b0ff9d7d5e/current-sentences.json"", ""sha256"": ""6b12499e0320d3c93bb2ae154fc677f455240af7499ea29977dc3c5a9c96b3d4""}"
demo:2117,demo,non-hate,[],0,,,,,,,,,,explicit_user_bulk_acceptance,"{""hate"": ""rule_mapping_from_ai_score"", ""group"": ""ai_note"", ""attack_severity"": ""ai_note""}","{""path"": ""sentence-completion-v1/snapshots/bf6acc5fbfa04d5263ec117ead04d701b4b6fc8ca45cfe3994edf0b0ff9d7d5e/current-sentences.json"", ""sha256"": ""6b12499e0320d3c93bb2ae154fc677f455240af7499ea29977dc3c5a9c96b3d4""}"
demo:2120,demo,non-hate,"[""LGBTQ"", ""others""]",0,,,,,,,,,,explicit_user_bulk_acceptance,"{""hate"": ""rule_mapping_from_ai_score"", ""group"": ""ai_note"", ""attack_severity"": ""ai_note""}","{""path"": ""sentence-completion-v1/snapshots/bf6acc5fbfa04d5263ec117ead04d701b4b6fc8ca45cfe3994edf0b0ff9d7d5e/current-sentences.json"", ""sha256"": ""6b12499e0320d3c93bb2ae154fc677f455240af7499ea29977dc3c5a9c96b3d4""}"
demo:2132,demo,non-hate,"[""Racism"", ""Sexism""]",0,,,,,,,,,,explicit_user_bulk_acceptance,"{""hate"": ""rule_mapping_from_ai_score"", ""group"": ""ai_note"", ""attack_severity"": ""ai_note""}","{""path"": ""sentence-completion-v1/snapshots/bf6acc5fbfa04d5263ec117ead04d701b4b6fc8ca45cfe3994edf0b0ff9d7d5e/current-sentences.json"", ""sha256"": ""6b12499e0320d3c93bb2ae154fc677f455240af7499ea29977dc3c5a9c96b3d4""}"
demo:2180,demo,hate,"[""Sexism""]",2,,,,,,,,,,explicit_user_bulk_acceptance,"{""hate"": ""rule_mapping_from_human_score"", ""group"": ""user_discussion"", ""attack_severity"": ""user_discussion""}","{""path"": ""sentence-completion-v1/snapshots/bf6acc5fbfa04d5263ec117ead04d701b4b6fc8ca45cfe3994edf0b0ff9d7d5e/current-sentences.json"", ""sha256"": ""6b12499e0320d3c93bb2ae154fc677f455240af7499ea29977dc3c5a9c96b3d4""}"
demo:2218,demo,non-hate,"[""Region""]",0,,,,,,,,,,explicit_user_bulk_acceptance,"{""hate"": ""rule_mapping_from_ai_score"", ""group"": ""ai_note"", ""attack_severity"": ""ai_note""}","{""path"": ""sentence-completion-v1/snapshots/bf6acc5fbfa04d5263ec117ead04d701b4b6fc8ca45cfe3994edf0b0ff9d7d5e/current-sentences.json"", ""sha256"": ""6b12499e0320d3c93bb2ae154fc677f455240af7499ea29977dc3c5a9c96b3d4""}"
demo:229,demo,non-hate,[],0,,,,,,,,,,explicit_user_bulk_acceptance,"{""hate"": ""rule_mapping_from_ai_score"", ""group"": ""ai_note"", ""attack_severity"": ""ai_note""}","{""path"": ""sentence-completion-v1/snapshots/bf6acc5fbfa04d5263ec117ead04d701b4b6fc8ca45cfe3994edf0b0ff9d7d5e/current-sentences.json"", ""sha256"": ""6b12499e0320d3c93bb2ae154fc677f455240af7499ea29977dc3c5a9c96b3d4""}"
demo:2298,demo,hate,"[""Region"", ""others""]",2,,,,,,,,,,explicit_user_bulk_acceptance,"{""hate"": ""rule_mapping_from_ai_score"", ""group"": ""user_discussion"", ""attack_severity"": ""ai_note""}","{""path"": ""sentence-completion-v1/snapshots/bf6acc5fbfa04d5263ec117ead04d701b4b6fc8ca45cfe3994edf0b0ff9d7d5e/current-sentences.json"", ""sha256"": ""6b12499e0320d3c93bb2ae154fc677f455240af7499ea29977dc3c5a9c96b3d4""}"
demo:2349,demo,non-hate,"[""Racism"", ""Region"", ""Sexism""]",0,,,,,,,,,,explicit_user_bulk_acceptance,"{""hate"": ""rule_mapping_from_ai_score"", ""group"": ""ai_note"", ""attack_severity"": ""ai_note""}","{""path"": ""sentence-completion-v1/snapshots/bf6acc5fbfa04d5263ec117ead04d701b4b6fc8ca45cfe3994edf0b0ff9d7d5e/current-sentences.json"", ""sha256"": ""6b12499e0320d3c93bb2ae154fc677f455240af7499ea29977dc3c5a9c96b3d4""}"
demo:235,demo,non-hate,[],0,,,,,,,,,,explicit_user_bulk_acceptance,"{""hate"": ""rule_mapping_from_ai_score"", ""group"": ""ai_note"", ""attack_severity"": ""ai_note""}","{""path"": ""sentence-completion-v1/snapshots/bf6acc5fbfa04d5263ec117ead04d701b4b6fc8ca45cfe3994edf0b0ff9d7d5e/current-sentences.json"", ""sha256"": ""6b12499e0320d3c93bb2ae154fc677f455240af7499ea29977dc3c5a9c96b3d4""}"
demo:2351,demo,non-hate,"[""others""]",0,,,,,,,,,,explicit_user_bulk_acceptance,"{""hate"": ""rule_mapping_from_ai_score"", ""group"": ""ai_note"", ""attack_severity"": ""ai_note""}","{""path"": ""sentence-completion-v1/snapshots/bf6acc5fbfa04d5263ec117ead04d701b4b6fc8ca45cfe3994edf0b0ff9d7d5e/current-sentences.json"", ""sha256"": ""6b12499e0320d3c93bb2ae154fc677f455240af7499ea29977dc3c5a9c96b3d4""}"
demo:2416,demo,non-hate,"[""Region""]",0,,,,,,,,,,explicit_user_bulk_acceptance,"{""hate"": ""rule_mapping_from_ai_score"", ""group"": ""ai_note"", ""attack_severity"": ""ai_note""}","{""path"": ""sentence-completion-v1/snapshots/bf6acc5fbfa04d5263ec117ead04d701b4b6fc8ca45cfe3994edf0b0ff9d7d5e/current-sentences.json"", ""sha256"": ""6b12499e0320d3c93bb2ae154fc677f455240af7499ea29977dc3c5a9c96b3d4""}"
demo:243,demo,non-hate,"[""LGBTQ"", ""others""]",0,,,,,,,,,,explicit_user_bulk_acceptance,"{""hate"": ""rule_mapping_from_ai_score"", ""group"": ""ai_note"", ""attack_severity"": ""ai_note""}","{""path"": ""sentence-completion-v1/snapshots/bf6acc5fbfa04d5263ec117ead04d701b4b6fc8ca45cfe3994edf0b0ff9d7d5e/current-sentences.json"", ""sha256"": ""6b12499e0320d3c93bb2ae154fc677f455240af7499ea29977dc3c5a9c96b3d4""}"
demo:2445,demo,non-hate,"[""Sexism""]",0,,,,,,,,,,explicit_user_bulk_acceptance,"{""hate"": ""rule_mapping_from_ai_score"", ""group"": ""ai_note"", ""attack_severity"": ""ai_note""}","{""path"": ""sentence-completion-v1/snapshots/bf6acc5fbfa04d5263ec117ead04d701b4b6fc8ca45cfe3994edf0b0ff9d7d5e/current-sentences.json"", ""sha256"": ""6b12499e0320d3c93bb2ae154fc677f455240af7499ea29977dc3c5a9c96b3d4""}"
demo:2496,demo,non-hate,"[""LGBTQ"", ""others""]",0,,,,,,,,,,explicit_user_bulk_acceptance,"{""hate"": ""rule_mapping_from_ai_score"", ""group"": ""ai_note"", ""attack_severity"": ""ai_note""}","{""path"": ""sentence-completion-v1/snapshots/bf6acc5fbfa04d5263ec117ead04d701b4b6fc8ca45cfe3994edf0b0ff9d7d5e/current-sentences.json"", ""sha256"": ""6b12499e0320d3c93bb2ae154fc677f455240af7499ea29977dc3c5a9c96b3d4""}"
demo:25,demo,hate,"[""Region"", ""others""]",1,,,,,,,,,,explicit_user_bulk_acceptance,"{""hate"": ""rule_mapping_from_ai_score"", ""group"": ""ai_note"", ""attack_severity"": ""ai_note""}","{""path"": ""sentence-completion-v1/snapshots/bf6acc5fbfa04d5263ec117ead04d701b4b6fc8ca45cfe3994edf0b0ff9d7d5e/current-sentences.json"", ""sha256"": ""6b12499e0320d3c93bb2ae154fc677f455240af7499ea29977dc3c5a9c96b3d4""}"
demo:2517,demo,hate,"[""others""]",1,,,,,,,,,,explicit_user_bulk_acceptance,"{""hate"": ""rule_mapping_from_human_score"", ""group"": ""user_discussion"", ""attack_severity"": ""user_discussion""}","{""path"": ""sentence-completion-v1/snapshots/bf6acc5fbfa04d5263ec117ead04d701b4b6fc8ca45cfe3994edf0b0ff9d7d5e/current-sentences.json"", ""sha256"": ""6b12499e0320d3c93bb2ae154fc677f455240af7499ea29977dc3c5a9c96b3d4""}"
demo:2531,demo,hate,"[""Racism""]",3,,,,,,,,,,explicit_user_bulk_acceptance,"{""hate"": ""rule_mapping_from_ai_score"", ""group"": ""ai_note"", ""attack_severity"": ""ai_note""}","{""path"": ""sentence-completion-v1/snapshots/bf6acc5fbfa04d5263ec117ead04d701b4b6fc8ca45cfe3994edf0b0ff9d7d5e/current-sentences.json"", ""sha256"": ""6b12499e0320d3c93bb2ae154fc677f455240af7499ea29977dc3c5a9c96b3d4""}"
demo:255,demo,hate,"[""Sexism""]",2,,,,,,,,,,explicit_user_bulk_acceptance,"{""hate"": ""rule_mapping_from_ai_score"", ""group"": ""ai_note"", ""attack_severity"": ""ai_note""}","{""path"": ""sentence-completion-v1/snapshots/bf6acc5fbfa04d5263ec117ead04d701b4b6fc8ca45cfe3994edf0b0ff9d7d5e/current-sentences.json"", ""sha256"": ""6b12499e0320d3c93bb2ae154fc677f455240af7499ea29977dc3c5a9c96b3d4""}"
demo:2554,demo,hate,"[""Racism""]",2,,,,,,,,,,explicit_user_bulk_acceptance,"{""hate"": ""rule_mapping_from_ai_score"", ""group"": ""ai_note"", ""attack_severity"": ""ai_note""}","{""path"": ""sentence-completion-v1/snapshots/bf6acc5fbfa04d5263ec117ead04d701b4b6fc8ca45cfe3994edf0b0ff9d7d5e/current-sentences.json"", ""sha256"": ""6b12499e0320d3c93bb2ae154fc677f455240af7499ea29977dc3c5a9c96b3d4""}"
demo:2593,demo,non-hate,"[""Sexism""]",0,,,,,,,,,,explicit_user_bulk_acceptance,"{""hate"": ""rule_mapping_from_ai_score"", ""group"": ""ai_note"", ""attack_severity"": ""ai_note""}","{""path"": ""sentence-completion-v1/snapshots/bf6acc5fbfa04d5263ec117ead04d701b4b6fc8ca45cfe3994edf0b0ff9d7d5e/current-sentences.json"", ""sha256"": ""6b12499e0320d3c93bb2ae154fc677f455240af7499ea29977dc3c5a9c96b3d4""}"
demo:2598,demo,non-hate,[],0,,,,,,,,,,explicit_user_bulk_acceptance,"{""hate"": ""rule_mapping_from_ai_score"", ""group"": ""user_discussion"", ""attack_severity"": ""ai_note""}","{""path"": ""sentence-completion-v1/snapshots/bf6acc5fbfa04d5263ec117ead04d701b4b6fc8ca45cfe3994edf0b0ff9d7d5e/current-sentences.json"", ""sha256"": ""6b12499e0320d3c93bb2ae154fc677f455240af7499ea29977dc3c5a9c96b3d4""}"
demo:2655,demo,non-hate,"[""Region""]",0,,,,,,,,,,explicit_user_bulk_acceptance,"{""hate"": ""rule_mapping_from_ai_score"", ""group"": ""ai_note"", ""attack_severity"": ""ai_note""}","{""path"": ""sentence-completion-v1/snapshots/bf6acc5fbfa04d5263ec117ead04d701b4b6fc8ca45cfe3994edf0b0ff9d7d5e/current-sentences.json"", ""sha256"": ""6b12499e0320d3c93bb2ae154fc677f455240af7499ea29977dc3c5a9c96b3d4""}"
demo:2682,demo,non-hate,"[""Region"", ""Sexism"", ""others""]",0,,,,,,,,,,explicit_user_bulk_acceptance,"{""hate"": ""rule_mapping_from_ai_score"", ""group"": ""ai_note"", ""attack_severity"": ""ai_note""}","{""path"": ""sentence-completion-v1/snapshots/bf6acc5fbfa04d5263ec117ead04d701b4b6fc8ca45cfe3994edf0b0ff9d7d5e/current-sentences.json"", ""sha256"": ""6b12499e0320d3c93bb2ae154fc677f455240af7499ea29977dc3c5a9c96b3d4""}"
demo:2685,demo,hate,"[""Sexism"", ""others""]",2,,,,,,,,,,explicit_user_bulk_acceptance,"{""hate"": ""rule_mapping_from_human_score"", ""group"": ""ai_note"", ""attack_severity"": ""user_discussion""}","{""path"": ""sentence-completion-v1/snapshots/bf6acc5fbfa04d5263ec117ead04d701b4b6fc8ca45cfe3994edf0b0ff9d7d5e/current-sentences.json"", ""sha256"": ""6b12499e0320d3c93bb2ae154fc677f455240af7499ea29977dc3c5a9c96b3d4""}"
demo:2701,demo,non-hate,[],0,,,,,,,,,,explicit_user_bulk_acceptance,"{""hate"": ""rule_mapping_from_ai_score"", ""group"": ""user_discussion"", ""attack_severity"": ""ai_note""}","{""path"": ""sentence-completion-v1/snapshots/bf6acc5fbfa04d5263ec117ead04d701b4b6fc8ca45cfe3994edf0b0ff9d7d5e/current-sentences.json"", ""sha256"": ""6b12499e0320d3c93bb2ae154fc677f455240af7499ea29977dc3c5a9c96b3d4""}"
demo:2747,demo,hate,"[""Region"", ""Sexism"", ""others""]",2,,,,,,,,,,explicit_user_bulk_acceptance,"{""hate"": ""rule_mapping_from_ai_score"", ""group"": ""ai_note"", ""attack_severity"": ""ai_note""}","{""path"": ""sentence-completion-v1/snapshots/bf6acc5fbfa04d5263ec117ead04d701b4b6fc8ca45cfe3994edf0b0ff9d7d5e/current-sentences.json"", ""sha256"": ""6b12499e0320d3c93bb2ae154fc677f455240af7499ea29977dc3c5a9c96b3d4""}"
demo:2750,demo,hate,"[""Racism"", ""others""]",3,,,,,,,,,,explicit_user_bulk_acceptance,"{""hate"": ""rule_mapping_from_human_score"", ""group"": ""ai_note"", ""attack_severity"": ""user_discussion""}","{""path"": ""sentence-completion-v1/snapshots/bf6acc5fbfa04d5263ec117ead04d701b4b6fc8ca45cfe3994edf0b0ff9d7d5e/current-sentences.json"", ""sha256"": ""6b12499e0320d3c93bb2ae154fc677f455240af7499ea29977dc3c5a9c96b3d4""}"
demo:2759,demo,hate,"[""Racism"", ""Sexism""]",1,,,,,,,,,,explicit_user_bulk_acceptance,"{""hate"": ""rule_mapping_from_human_score"", ""group"": ""ai_note"", ""attack_severity"": ""user_discussion""}","{""path"": ""sentence-completion-v1/snapshots/bf6acc5fbfa04d5263ec117ead04d701b4b6fc8ca45cfe3994edf0b0ff9d7d5e/current-sentences.json"", ""sha256"": ""6b12499e0320d3c93bb2ae154fc677f455240af7499ea29977dc3c5a9c96b3d4""}"
demo:2773,demo,hate,"[""Racism"", ""Region""]",4,,,,,,,,,,explicit_user_bulk_acceptance,"{""hate"": ""rule_mapping_from_ai_score"", ""group"": ""user_discussion"", ""attack_severity"": ""ai_note""}","{""path"": ""sentence-completion-v1/snapshots/bf6acc5fbfa04d5263ec117ead04d701b4b6fc8ca45cfe3994edf0b0ff9d7d5e/current-sentences.json"", ""sha256"": ""6b12499e0320d3c93bb2ae154fc677f455240af7499ea29977dc3c5a9c96b3d4""}"
demo:2785,demo,hate,"[""others""]",2,,,,,,,,,,explicit_user_bulk_acceptance,"{""hate"": ""rule_mapping_from_ai_score"", ""group"": ""ai_note"", ""attack_severity"": ""ai_note""}","{""path"": ""sentence-completion-v1/snapshots/bf6acc5fbfa04d5263ec117ead04d701b4b6fc8ca45cfe3994edf0b0ff9d7d5e/current-sentences.json"", ""sha256"": ""6b12499e0320d3c93bb2ae154fc677f455240af7499ea29977dc3c5a9c96b3d4""}"
demo:2787,demo,non-hate,"[""LGBTQ"", ""Sexism""]",0,,,,,,,,,,explicit_user_bulk_acceptance,"{""hate"": ""rule_mapping_from_ai_score"", ""group"": ""ai_note"", ""attack_severity"": ""ai_note""}","{""path"": ""sentence-completion-v1/snapshots/bf6acc5fbfa04d5263ec117ead04d701b4b6fc8ca45cfe3994edf0b0ff9d7d5e/current-sentences.json"", ""sha256"": ""6b12499e0320d3c93bb2ae154fc677f455240af7499ea29977dc3c5a9c96b3d4""}"
demo:2792,demo,non-hate,"[""Region""]",0,,,,,,,,,,explicit_user_bulk_acceptance,"{""hate"": ""rule_mapping_from_ai_score"", ""group"": ""ai_note"", ""attack_severity"": ""ai_note""}","{""path"": ""sentence-completion-v1/snapshots/bf6acc5fbfa04d5263ec117ead04d701b4b6fc8ca45cfe3994edf0b0ff9d7d5e/current-sentences.json"", ""sha256"": ""6b12499e0320d3c93bb2ae154fc677f455240af7499ea29977dc3c5a9c96b3d4""}"
demo:2800,demo,hate,"[""LGBTQ"", ""others""]",3,,,,,,,,,,explicit_user_bulk_acceptance,"{""hate"": ""rule_mapping_from_human_score"", ""group"": ""ai_note"", ""attack_severity"": ""user_discussion""}","{""path"": ""sentence-completion-v1/snapshots/bf6acc5fbfa04d5263ec117ead04d701b4b6fc8ca45cfe3994edf0b0ff9d7d5e/current-sentences.json"", ""sha256"": ""6b12499e0320d3c93bb2ae154fc677f455240af7499ea29977dc3c5a9c96b3d4""}"
demo:2824,demo,non-hate,"[""Racism""]",0,,,,,,,,,,explicit_user_bulk_acceptance,"{""hate"": ""rule_mapping_from_ai_score"", ""group"": ""ai_note"", ""attack_severity"": ""ai_note""}","{""path"": ""sentence-completion-v1/snapshots/bf6acc5fbfa04d5263ec117ead04d701b4b6fc8ca45cfe3994edf0b0ff9d7d5e/current-sentences.json"", ""sha256"": ""6b12499e0320d3c93bb2ae154fc677f455240af7499ea29977dc3c5a9c96b3d4""}"
demo:2840,demo,hate,"[""Sexism""]",2,,,,,,,,,,explicit_user_bulk_acceptance,"{""hate"": ""rule_mapping_from_ai_score"", ""group"": ""ai_note"", ""attack_severity"": ""ai_note""}","{""path"": ""sentence-completion-v1/snapshots/bf6acc5fbfa04d5263ec117ead04d701b4b6fc8ca45cfe3994edf0b0ff9d7d5e/current-sentences.json"", ""sha256"": ""6b12499e0320d3c93bb2ae154fc677f455240af7499ea29977dc3c5a9c96b3d4""}"
demo:2945,demo,non-hate,[],0,,,,,,,,,,explicit_user_bulk_acceptance,"{""hate"": ""rule_mapping_from_ai_score"", ""group"": ""ai_note"", ""attack_severity"": ""ai_note""}","{""path"": ""sentence-completion-v1/snapshots/bf6acc5fbfa04d5263ec117ead04d701b4b6fc8ca45cfe3994edf0b0ff9d7d5e/current-sentences.json"", ""sha256"": ""6b12499e0320d3c93bb2ae154fc677f455240af7499ea29977dc3c5a9c96b3d4""}"
demo:2994,demo,hate,"[""Racism"", ""Sexism""]",2,,,,,,,,,,explicit_user_bulk_acceptance,"{""hate"": ""rule_mapping_from_ai_score"", ""group"": ""ai_note"", ""attack_severity"": ""ai_note""}","{""path"": ""sentence-completion-v1/snapshots/bf6acc5fbfa04d5263ec117ead04d701b4b6fc8ca45cfe3994edf0b0ff9d7d5e/current-sentences.json"", ""sha256"": ""6b12499e0320d3c93bb2ae154fc677f455240af7499ea29977dc3c5a9c96b3d4""}"
demo:3081,demo,non-hate,[],0,,,,,,,,,,explicit_user_bulk_acceptance,"{""hate"": ""rule_mapping_from_ai_score"", ""group"": ""ai_note"", ""attack_severity"": ""ai_note""}","{""path"": ""sentence-completion-v1/snapshots/bf6acc5fbfa04d5263ec117ead04d701b4b6fc8ca45cfe3994edf0b0ff9d7d5e/current-sentences.json"", ""sha256"": ""6b12499e0320d3c93bb2ae154fc677f455240af7499ea29977dc3c5a9c96b3d4""}"
demo:309,demo,hate,"[""others""]",1,,,,,,,,,,explicit_user_bulk_acceptance,"{""hate"": ""rule_mapping_from_human_score"", ""group"": ""ai_note"", ""attack_severity"": ""user_discussion""}","{""path"": ""sentence-completion-v1/snapshots/bf6acc5fbfa04d5263ec117ead04d701b4b6fc8ca45cfe3994edf0b0ff9d7d5e/current-sentences.json"", ""sha256"": ""6b12499e0320d3c93bb2ae154fc677f455240af7499ea29977dc3c5a9c96b3d4""}"
demo:3168,demo,hate,"[""Racism""]",2,,,,,,,,,,explicit_user_bulk_acceptance,"{""hate"": ""rule_mapping_from_ai_score"", ""group"": ""ai_note"", ""attack_severity"": ""ai_note""}","{""path"": ""sentence-completion-v1/snapshots/bf6acc5fbfa04d5263ec117ead04d701b4b6fc8ca45cfe3994edf0b0ff9d7d5e/current-sentences.json"", ""sha256"": ""6b12499e0320d3c93bb2ae154fc677f455240af7499ea29977dc3c5a9c96b3d4""}"
demo:3177,demo,non-hate,[],0,,,,,,,,,,explicit_user_bulk_acceptance,"{""hate"": ""rule_mapping_from_ai_score"", ""group"": ""ai_note"", ""attack_severity"": ""ai_note""}","{""path"": ""sentence-completion-v1/snapshots/bf6acc5fbfa04d5263ec117ead04d701b4b6fc8ca45cfe3994edf0b0ff9d7d5e/current-sentences.json"", ""sha256"": ""6b12499e0320d3c93bb2ae154fc677f455240af7499ea29977dc3c5a9c96b3d4""}"
demo:3194,demo,non-hate,[],0,,,,,,,,,,explicit_user_bulk_acceptance,"{""hate"": ""rule_mapping_from_ai_score"", ""group"": ""user_discussion"", ""attack_severity"": ""ai_note""}","{""path"": ""sentence-completion-v1/snapshots/bf6acc5fbfa04d5263ec117ead04d701b4b6fc8ca45cfe3994edf0b0ff9d7d5e/current-sentences.json"", ""sha256"": ""6b12499e0320d3c93bb2ae154fc677f455240af7499ea29977dc3c5a9c96b3d4""}"
demo:3212,demo,hate,"[""Sexism""]",1,,,,,,,,,,explicit_user_bulk_acceptance,"{""hate"": ""rule_mapping_from_human_score"", ""group"": ""ai_note"", ""attack_severity"": ""user_discussion""}","{""path"": ""sentence-completion-v1/snapshots/bf6acc5fbfa04d5263ec117ead04d701b4b6fc8ca45cfe3994edf0b0ff9d7d5e/current-sentences.json"", ""sha256"": ""6b12499e0320d3c93bb2ae154fc677f455240af7499ea29977dc3c5a9c96b3d4""}"
demo:3252,demo,non-hate,"[""others""]",0,,,,,,,,,,explicit_user_bulk_acceptance,"{""hate"": ""rule_mapping_from_ai_score"", ""group"": ""ai_note"", ""attack_severity"": ""ai_note""}","{""path"": ""sentence-completion-v1/snapshots/bf6acc5fbfa04d5263ec117ead04d701b4b6fc8ca45cfe3994edf0b0ff9d7d5e/current-sentences.json"", ""sha256"": ""6b12499e0320d3c93bb2ae154fc677f455240af7499ea29977dc3c5a9c96b3d4""}"
demo:3281,demo,hate,"[""others""]",1,,,,,,,,,,explicit_user_bulk_acceptance,"{""hate"": ""rule_mapping_from_ai_score"", ""group"": ""user_discussion"", ""attack_severity"": ""ai_note""}","{""path"": ""sentence-completion-v1/snapshots/bf6acc5fbfa04d5263ec117ead04d701b4b6fc8ca45cfe3994edf0b0ff9d7d5e/current-sentences.json"", ""sha256"": ""6b12499e0320d3c93bb2ae154fc677f455240af7499ea29977dc3c5a9c96b3d4""}"
demo:3372,demo,non-hate,"[""Sexism""]",0,,,,,,,,,,explicit_user_bulk_acceptance,"{""hate"": ""rule_mapping_from_human_score"", ""group"": ""ai_note"", ""attack_severity"": ""user_discussion""}","{""path"": ""sentence-completion-v1/snapshots/bf6acc5fbfa04d5263ec117ead04d701b4b6fc8ca45cfe3994edf0b0ff9d7d5e/current-sentences.json"", ""sha256"": ""6b12499e0320d3c93bb2ae154fc677f455240af7499ea29977dc3c5a9c96b3d4""}"
demo:3448,demo,non-hate,[],0,,,,,,,,,,explicit_user_bulk_acceptance,"{""hate"": ""rule_mapping_from_ai_score"", ""group"": ""ai_note"", ""attack_severity"": ""ai_note""}","{""path"": ""sentence-completion-v1/snapshots/bf6acc5fbfa04d5263ec117ead04d701b4b6fc8ca45cfe3994edf0b0ff9d7d5e/current-sentences.json"", ""sha256"": ""6b12499e0320d3c93bb2ae154fc677f455240af7499ea29977dc3c5a9c96b3d4""}"
demo:3456,demo,non-hate,[],0,,,,,,,,,,explicit_user_bulk_acceptance,"{""hate"": ""rule_mapping_from_ai_score"", ""group"": ""ai_note"", ""attack_severity"": ""ai_note""}","{""path"": ""sentence-completion-v1/snapshots/bf6acc5fbfa04d5263ec117ead04d701b4b6fc8ca45cfe3994edf0b0ff9d7d5e/current-sentences.json"", ""sha256"": ""6b12499e0320d3c93bb2ae154fc677f455240af7499ea29977dc3c5a9c96b3d4""}"
demo:3463,demo,hate,"[""Racism"", ""others""]",3,,,,,,,,,,explicit_user_bulk_acceptance,"{""hate"": ""rule_mapping_from_ai_score"", ""group"": ""ai_note"", ""attack_severity"": ""ai_note""}","{""path"": ""sentence-completion-v1/snapshots/bf6acc5fbfa04d5263ec117ead04d701b4b6fc8ca45cfe3994edf0b0ff9d7d5e/current-sentences.json"", ""sha256"": ""6b12499e0320d3c93bb2ae154fc677f455240af7499ea29977dc3c5a9c96b3d4""}"
demo:3492,demo,hate,"[""Sexism"", ""others""]",1,,,,,,,,,,explicit_user_bulk_acceptance,"{""hate"": ""rule_mapping_from_ai_score"", ""group"": ""user_discussion"", ""attack_severity"": ""ai_note""}","{""path"": ""sentence-completion-v1/snapshots/bf6acc5fbfa04d5263ec117ead04d701b4b6fc8ca45cfe3994edf0b0ff9d7d5e/current-sentences.json"", ""sha256"": ""6b12499e0320d3c93bb2ae154fc677f455240af7499ea29977dc3c5a9c96b3d4""}"
demo:3502,demo,non-hate,"[""Sexism"", ""others""]",0,,,,,,,,,,explicit_user_bulk_acceptance,"{""hate"": ""rule_mapping_from_ai_score"", ""group"": ""ai_note"", ""attack_severity"": ""ai_note""}","{""path"": ""sentence-completion-v1/snapshots/bf6acc5fbfa04d5263ec117ead04d701b4b6fc8ca45cfe3994edf0b0ff9d7d5e/current-sentences.json"", ""sha256"": ""6b12499e0320d3c93bb2ae154fc677f455240af7499ea29977dc3c5a9c96b3d4""}"
demo:3517,demo,non-hate,"[""Racism""]",0,,,,,,,,,,explicit_user_bulk_acceptance,"{""hate"": ""rule_mapping_from_ai_score"", ""group"": ""ai_note"", ""attack_severity"": ""ai_note""}","{""path"": ""sentence-completion-v1/snapshots/bf6acc5fbfa04d5263ec117ead04d701b4b6fc8ca45cfe3994edf0b0ff9d7d5e/current-sentences.json"", ""sha256"": ""6b12499e0320d3c93bb2ae154fc677f455240af7499ea29977dc3c5a9c96b3d4""}"
demo:3519,demo,hate,"[""Sexism"", ""others""]",2,,,,,,,,,,explicit_user_bulk_acceptance,"{""hate"": ""rule_mapping_from_human_score"", ""group"": ""ai_note"", ""attack_severity"": ""user_discussion""}","{""path"": ""sentence-completion-v1/snapshots/bf6acc5fbfa04d5263ec117ead04d701b4b6fc8ca45cfe3994edf0b0ff9d7d5e/current-sentences.json"", ""sha256"": ""6b12499e0320d3c93bb2ae154fc677f455240af7499ea29977dc3c5a9c96b3d4""}"
demo:3529,demo,hate,"[""Sexism"", ""others""]",2,,,,,,,,,,explicit_user_bulk_acceptance,"{""hate"": ""rule_mapping_from_ai_score"", ""group"": ""ai_note"", ""attack_severity"": ""ai_note""}","{""path"": ""sentence-completion-v1/snapshots/bf6acc5fbfa04d5263ec117ead04d701b4b6fc8ca45cfe3994edf0b0ff9d7d5e/current-sentences.json"", ""sha256"": ""6b12499e0320d3c93bb2ae154fc677f455240af7499ea29977dc3c5a9c96b3d4""}"
demo:3582,demo,hate,"[""Sexism"", ""others""]",2,,,,,,,,,,explicit_user_bulk_acceptance,"{""hate"": ""rule_mapping_from_ai_score"", ""group"": ""ai_note"", ""attack_severity"": ""ai_note""}","{""path"": ""sentence-completion-v1/snapshots/bf6acc5fbfa04d5263ec117ead04d701b4b6fc8ca45cfe3994edf0b0ff9d7d5e/current-sentences.json"", ""sha256"": ""6b12499e0320d3c93bb2ae154fc677f455240af7499ea29977dc3c5a9c96b3d4""}"
demo:3585,demo,hate,"[""Sexism"", ""others""]",2,,,,,,,,,,explicit_user_bulk_acceptance,"{""hate"": ""rule_mapping_from_human_score"", ""group"": ""ai_note"", ""attack_severity"": ""user_discussion""}","{""path"": ""sentence-completion-v1/snapshots/bf6acc5fbfa04d5263ec117ead04d701b4b6fc8ca45cfe3994edf0b0ff9d7d5e/current-sentences.json"", ""sha256"": ""6b12499e0320d3c93bb2ae154fc677f455240af7499ea29977dc3c5a9c96b3d4""}"
demo:3602,demo,non-hate,[],0,,,,,,,,,,explicit_user_bulk_acceptance,"{""hate"": ""rule_mapping_from_ai_score"", ""group"": ""ai_note"", ""attack_severity"": ""ai_note""}","{""path"": ""sentence-completion-v1/snapshots/bf6acc5fbfa04d5263ec117ead04d701b4b6fc8ca45cfe3994edf0b0ff9d7d5e/current-sentences.json"", ""sha256"": ""6b12499e0320d3c93bb2ae154fc677f455240af7499ea29977dc3c5a9c96b3d4""}"
demo:3612,demo,non-hate,[],0,,,,,,,,,,explicit_user_bulk_acceptance,"{""hate"": ""rule_mapping_from_ai_score"", ""group"": ""ai_note"", ""attack_severity"": ""ai_note""}","{""path"": ""sentence-completion-v1/snapshots/bf6acc5fbfa04d5263ec117ead04d701b4b6fc8ca45cfe3994edf0b0ff9d7d5e/current-sentences.json"", ""sha256"": ""6b12499e0320d3c93bb2ae154fc677f455240af7499ea29977dc3c5a9c96b3d4""}"
demo:3619,demo,non-hate,"[""Region""]",0,,,,,,,,,,explicit_user_bulk_acceptance,"{""hate"": ""rule_mapping_from_ai_score"", ""group"": ""ai_note"", ""attack_severity"": ""ai_note""}","{""path"": ""sentence-completion-v1/snapshots/bf6acc5fbfa04d5263ec117ead04d701b4b6fc8ca45cfe3994edf0b0ff9d7d5e/current-sentences.json"", ""sha256"": ""6b12499e0320d3c93bb2ae154fc677f455240af7499ea29977dc3c5a9c96b3d4""}"
demo:3652,demo,hate,"[""Racism"", ""Sexism""]",1,,,,,,,,,,explicit_user_bulk_acceptance,"{""hate"": ""rule_mapping_from_human_score"", ""group"": ""user_discussion"", ""attack_severity"": ""user_discussion""}","{""path"": ""sentence-completion-v1/snapshots/bf6acc5fbfa04d5263ec117ead04d701b4b6fc8ca45cfe3994edf0b0ff9d7d5e/current-sentences.json"", ""sha256"": ""6b12499e0320d3c93bb2ae154fc677f455240af7499ea29977dc3c5a9c96b3d4""}"
demo:3660,demo,hate,"[""Racism"", ""Sexism""]",2,,,,,,,,,,explicit_user_bulk_acceptance,"{""hate"": ""rule_mapping_from_human_score"", ""group"": ""user_discussion"", ""attack_severity"": ""user_discussion""}","{""path"": ""sentence-completion-v1/snapshots/bf6acc5fbfa04d5263ec117ead04d701b4b6fc8ca45cfe3994edf0b0ff9d7d5e/current-sentences.json"", ""sha256"": ""6b12499e0320d3c93bb2ae154fc677f455240af7499ea29977dc3c5a9c96b3d4""}"
demo:3680,demo,non-hate,"[""Sexism""]",0,,,,,,,,,,explicit_user_bulk_acceptance,"{""hate"": ""rule_mapping_from_ai_score"", ""group"": ""ai_note"", ""attack_severity"": ""ai_note""}","{""path"": ""sentence-completion-v1/snapshots/bf6acc5fbfa04d5263ec117ead04d701b4b6fc8ca45cfe3994edf0b0ff9d7d5e/current-sentences.json"", ""sha256"": ""6b12499e0320d3c93bb2ae154fc677f455240af7499ea29977dc3c5a9c96b3d4""}"
demo:3701,demo,hate,"[""Racism""]",3,,,,,,,,,,explicit_user_bulk_acceptance,"{""hate"": ""rule_mapping_from_ai_score"", ""group"": ""ai_note"", ""attack_severity"": ""ai_note""}","{""path"": ""sentence-completion-v1/snapshots/bf6acc5fbfa04d5263ec117ead04d701b4b6fc8ca45cfe3994edf0b0ff9d7d5e/current-sentences.json"", ""sha256"": ""6b12499e0320d3c93bb2ae154fc677f455240af7499ea29977dc3c5a9c96b3d4""}"
demo:3742,demo,hate,"[""Racism"", ""others""]",1,,,,,,,,,,explicit_user_bulk_acceptance,"{""hate"": ""rule_mapping_from_human_score"", ""group"": ""user_discussion"", ""attack_severity"": ""user_discussion""}","{""path"": ""sentence-completion-v1/snapshots/bf6acc5fbfa04d5263ec117ead04d701b4b6fc8ca45cfe3994edf0b0ff9d7d5e/current-sentences.json"", ""sha256"": ""6b12499e0320d3c93bb2ae154fc677f455240af7499ea29977dc3c5a9c96b3d4""}"
demo:3749,demo,hate,"[""Sexism""]",2,,,,,,,,,,explicit_user_bulk_acceptance,"{""hate"": ""rule_mapping_from_ai_score"", ""group"": ""ai_note"", ""attack_severity"": ""ai_note""}","{""path"": ""sentence-completion-v1/snapshots/bf6acc5fbfa04d5263ec117ead04d701b4b6fc8ca45cfe3994edf0b0ff9d7d5e/current-sentences.json"", ""sha256"": ""6b12499e0320d3c93bb2ae154fc677f455240af7499ea29977dc3c5a9c96b3d4""}"
demo:3784,demo,hate,"[""Region"", ""Sexism"", ""others""]",2,,,,,,,,,,explicit_user_bulk_acceptance,"{""hate"": ""rule_mapping_from_ai_score"", ""group"": ""ai_note"", ""attack_severity"": ""ai_note""}","{""path"": ""sentence-completion-v1/snapshots/bf6acc5fbfa04d5263ec117ead04d701b4b6fc8ca45cfe3994edf0b0ff9d7d5e/current-sentences.json"", ""sha256"": ""6b12499e0320d3c93bb2ae154fc677f455240af7499ea29977dc3c5a9c96b3d4""}"
demo:3845,demo,hate,"[""Racism""]",3,,,,,,,,,,explicit_user_bulk_acceptance,"{""hate"": ""rule_mapping_from_human_score"", ""group"": ""user_discussion"", ""attack_severity"": ""user_discussion""}","{""path"": ""sentence-completion-v1/snapshots/bf6acc5fbfa04d5263ec117ead04d701b4b6fc8ca45cfe3994edf0b0ff9d7d5e/current-sentences.json"", ""sha256"": ""6b12499e0320d3c93bb2ae154fc677f455240af7499ea29977dc3c5a9c96b3d4""}"
demo:387,demo,hate,"[""Sexism""]",3,,,,,,,,,,explicit_user_bulk_acceptance,"{""hate"": ""rule_mapping_from_ai_score"", ""group"": ""ai_note"", ""attack_severity"": ""ai_note""}","{""path"": ""sentence-completion-v1/snapshots/bf6acc5fbfa04d5263ec117ead04d701b4b6fc8ca45cfe3994edf0b0ff9d7d5e/current-sentences.json"", ""sha256"": ""6b12499e0320d3c93bb2ae154fc677f455240af7499ea29977dc3c5a9c96b3d4""}"
demo:3882,demo,non-hate,"[""Region""]",0,,,,,,,,,,explicit_user_bulk_acceptance,"{""hate"": ""rule_mapping_from_human_score"", ""group"": ""user_discussion"", ""attack_severity"": ""user_discussion""}","{""path"": ""sentence-completion-v1/snapshots/bf6acc5fbfa04d5263ec117ead04d701b4b6fc8ca45cfe3994edf0b0ff9d7d5e/current-sentences.json"", ""sha256"": ""6b12499e0320d3c93bb2ae154fc677f455240af7499ea29977dc3c5a9c96b3d4""}"
demo:3911,demo,hate,"[""Racism""]",3,,,,,,,,,,explicit_user_bulk_acceptance,"{""hate"": ""rule_mapping_from_ai_score"", ""group"": ""ai_note"", ""attack_severity"": ""ai_note""}","{""path"": ""sentence-completion-v1/snapshots/bf6acc5fbfa04d5263ec117ead04d701b4b6fc8ca45cfe3994edf0b0ff9d7d5e/current-sentences.json"", ""sha256"": ""6b12499e0320d3c93bb2ae154fc677f455240af7499ea29977dc3c5a9c96b3d4""}"
demo:4272,demo,non-hate,[],0,,,,,,,,,,explicit_user_bulk_acceptance,"{""hate"": ""rule_mapping_from_ai_score"", ""group"": ""ai_note"", ""attack_severity"": ""ai_note""}","{""path"": ""sentence-completion-v1/snapshots/bf6acc5fbfa04d5263ec117ead04d701b4b6fc8ca45cfe3994edf0b0ff9d7d5e/current-sentences.json"", ""sha256"": ""6b12499e0320d3c93bb2ae154fc677f455240af7499ea29977dc3c5a9c96b3d4""}"
demo:4299,demo,non-hate,"[""Sexism""]",0,,,,,,,,,,explicit_user_bulk_acceptance,"{""hate"": ""rule_mapping_from_ai_score"", ""group"": ""ai_note"", ""attack_severity"": ""ai_note""}","{""path"": ""sentence-completion-v1/snapshots/bf6acc5fbfa04d5263ec117ead04d701b4b6fc8ca45cfe3994edf0b0ff9d7d5e/current-sentences.json"", ""sha256"": ""6b12499e0320d3c93bb2ae154fc677f455240af7499ea29977dc3c5a9c96b3d4""}"
demo:43,demo,non-hate,"[""Region""]",0,,,,,,,,,,explicit_user_bulk_acceptance,"{""hate"": ""rule_mapping_from_human_score"", ""group"": ""user_discussion"", ""attack_severity"": ""user_discussion""}","{""path"": ""sentence-completion-v1/snapshots/bf6acc5fbfa04d5263ec117ead04d701b4b6fc8ca45cfe3994edf0b0ff9d7d5e/current-sentences.json"", ""sha256"": ""6b12499e0320d3c93bb2ae154fc677f455240af7499ea29977dc3c5a9c96b3d4""}"
demo:4344,demo,hate,"[""Sexism""]",2,,,,,,,,,,explicit_user_bulk_acceptance,"{""hate"": ""rule_mapping_from_ai_score"", ""group"": ""ai_note"", ""attack_severity"": ""ai_note""}","{""path"": ""sentence-completion-v1/snapshots/bf6acc5fbfa04d5263ec117ead04d701b4b6fc8ca45cfe3994edf0b0ff9d7d5e/current-sentences.json"", ""sha256"": ""6b12499e0320d3c93bb2ae154fc677f455240af7499ea29977dc3c5a9c96b3d4""}"
demo:4351,demo,non-hate,"[""Region""]",0,,,,,,,,,,explicit_user_bulk_acceptance,"{""hate"": ""rule_mapping_from_ai_score"", ""group"": ""ai_note"", ""attack_severity"": ""ai_note""}","{""path"": ""sentence-completion-v1/snapshots/bf6acc5fbfa04d5263ec117ead04d701b4b6fc8ca45cfe3994edf0b0ff9d7d5e/current-sentences.json"", ""sha256"": ""6b12499e0320d3c93bb2ae154fc677f455240af7499ea29977dc3c5a9c96b3d4""}"
demo:4352,demo,hate,"[""Sexism""]",2,,,,,,,,,,explicit_user_bulk_acceptance,"{""hate"": ""rule_mapping_from_ai_score"", ""group"": ""ai_note"", ""attack_severity"": ""ai_note""}","{""path"": ""sentence-completion-v1/snapshots/bf6acc5fbfa04d5263ec117ead04d701b4b6fc8ca45cfe3994edf0b0ff9d7d5e/current-sentences.json"", ""sha256"": ""6b12499e0320d3c93bb2ae154fc677f455240af7499ea29977dc3c5a9c96b3d4""}"
demo:4374,demo,hate,"[""Racism""]",2,,,,,,,,,,explicit_user_bulk_acceptance,"{""hate"": ""rule_mapping_from_ai_score"", ""group"": ""ai_note"", ""attack_severity"": ""ai_note""}","{""path"": ""sentence-completion-v1/snapshots/bf6acc5fbfa04d5263ec117ead04d701b4b6fc8ca45cfe3994edf0b0ff9d7d5e/current-sentences.json"", ""sha256"": ""6b12499e0320d3c93bb2ae154fc677f455240af7499ea29977dc3c5a9c96b3d4""}"
demo:4392,demo,hate,"[""Racism"", ""Sexism"", ""others""]",1,,,,,,,,,,explicit_user_bulk_acceptance,"{""hate"": ""rule_mapping_from_human_score"", ""group"": ""user_discussion"", ""attack_severity"": ""user_discussion""}","{""path"": ""sentence-completion-v1/snapshots/bf6acc5fbfa04d5263ec117ead04d701b4b6fc8ca45cfe3994edf0b0ff9d7d5e/current-sentences.json"", ""sha256"": ""6b12499e0320d3c93bb2ae154fc677f455240af7499ea29977dc3c5a9c96b3d4""}"
demo:4443,demo,hate,"[""Sexism""]",1,,,,,,,,,,explicit_user_bulk_acceptance,"{""hate"": ""rule_mapping_from_ai_score"", ""group"": ""ai_note"", ""attack_severity"": ""ai_note""}","{""path"": ""sentence-completion-v1/snapshots/bf6acc5fbfa04d5263ec117ead04d701b4b6fc8ca45cfe3994edf0b0ff9d7d5e/current-sentences.json"", ""sha256"": ""6b12499e0320d3c93bb2ae154fc677f455240af7499ea29977dc3c5a9c96b3d4""}"
demo:4448,demo,non-hate,"[""Region""]",0,,,,,,,,,,explicit_user_bulk_acceptance,"{""hate"": ""rule_mapping_from_ai_score"", ""group"": ""ai_note"", ""attack_severity"": ""ai_note""}","{""path"": ""sentence-completion-v1/snapshots/bf6acc5fbfa04d5263ec117ead04d701b4b6fc8ca45cfe3994edf0b0ff9d7d5e/current-sentences.json"", ""sha256"": ""6b12499e0320d3c93bb2ae154fc677f455240af7499ea29977dc3c5a9c96b3d4""}"
demo:4487,demo,non-hate,[],0,,,,,,,,,,explicit_user_bulk_acceptance,"{""hate"": ""rule_mapping_from_ai_score"", ""group"": ""ai_note"", ""attack_severity"": ""ai_note""}","{""path"": ""sentence-completion-v1/snapshots/bf6acc5fbfa04d5263ec117ead04d701b4b6fc8ca45cfe3994edf0b0ff9d7d5e/current-sentences.json"", ""sha256"": ""6b12499e0320d3c93bb2ae154fc677f455240af7499ea29977dc3c5a9c96b3d4""}"
demo:4496,demo,non-hate,[],0,,,,,,,,,,explicit_user_bulk_acceptance,"{""hate"": ""rule_mapping_from_ai_score"", ""group"": ""ai_note"", ""attack_severity"": ""ai_note""}","{""path"": ""sentence-completion-v1/snapshots/bf6acc5fbfa04d5263ec117ead04d701b4b6fc8ca45cfe3994edf0b0ff9d7d5e/current-sentences.json"", ""sha256"": ""6b12499e0320d3c93bb2ae154fc677f455240af7499ea29977dc3c5a9c96b3d4""}"
demo:465,demo,non-hate,[],0,,,,,,,,,,explicit_user_bulk_acceptance,"{""hate"": ""rule_mapping_from_ai_score"", ""group"": ""ai_note"", ""attack_severity"": ""ai_note""}","{""path"": ""sentence-completion-v1/snapshots/bf6acc5fbfa04d5263ec117ead04d701b4b6fc8ca45cfe3994edf0b0ff9d7d5e/current-sentences.json"", ""sha256"": ""6b12499e0320d3c93bb2ae154fc677f455240af7499ea29977dc3c5a9c96b3d4""}"
demo:4653,demo,non-hate,"[""Racism"", ""Sexism""]",0,,,,,,,,,,explicit_user_bulk_acceptance,"{""hate"": ""rule_mapping_from_ai_score"", ""group"": ""ai_note"", ""attack_severity"": ""ai_note""}","{""path"": ""sentence-completion-v1/snapshots/bf6acc5fbfa04d5263ec117ead04d701b4b6fc8ca45cfe3994edf0b0ff9d7d5e/current-sentences.json"", ""sha256"": ""6b12499e0320d3c93bb2ae154fc677f455240af7499ea29977dc3c5a9c96b3d4""}"
demo:467,demo,hate,"[""LGBTQ""]",2,,,,,,,,,,explicit_user_bulk_acceptance,"{""hate"": ""rule_mapping_from_ai_score"", ""group"": ""ai_note"", ""attack_severity"": ""ai_note""}","{""path"": ""sentence-completion-v1/snapshots/bf6acc5fbfa04d5263ec117ead04d701b4b6fc8ca45cfe3994edf0b0ff9d7d5e/current-sentences.json"", ""sha256"": ""6b12499e0320d3c93bb2ae154fc677f455240af7499ea29977dc3c5a9c96b3d4""}"
demo:4690,demo,hate,"[""others""]",1,,,,,,,,,,explicit_user_bulk_acceptance,"{""hate"": ""rule_mapping_from_ai_score"", ""group"": ""ai_note"", ""attack_severity"": ""ai_note""}","{""path"": ""sentence-completion-v1/snapshots/bf6acc5fbfa04d5263ec117ead04d701b4b6fc8ca45cfe3994edf0b0ff9d7d5e/current-sentences.json"", ""sha256"": ""6b12499e0320d3c93bb2ae154fc677f455240af7499ea29977dc3c5a9c96b3d4""}"
demo:4744,demo,non-hate,[],0,,,,,,,,,,explicit_user_bulk_acceptance,"{""hate"": ""rule_mapping_from_human_score"", ""group"": ""user_discussion"", ""attack_severity"": ""user_discussion""}","{""path"": ""sentence-completion-v1/snapshots/bf6acc5fbfa04d5263ec117ead04d701b4b6fc8ca45cfe3994edf0b0ff9d7d5e/current-sentences.json"", ""sha256"": ""6b12499e0320d3c93bb2ae154fc677f455240af7499ea29977dc3c5a9c96b3d4""}"
demo:476,demo,hate,"[""Racism"", ""Sexism""]",2,,,,,,,,,,explicit_user_bulk_acceptance,"{""hate"": ""rule_mapping_from_ai_score"", ""group"": ""ai_note"", ""attack_severity"": ""ai_note""}","{""path"": ""sentence-completion-v1/snapshots/bf6acc5fbfa04d5263ec117ead04d701b4b6fc8ca45cfe3994edf0b0ff9d7d5e/current-sentences.json"", ""sha256"": ""6b12499e0320d3c93bb2ae154fc677f455240af7499ea29977dc3c5a9c96b3d4""}"
demo:478,demo,non-hate,"[""Sexism""]",0,,,,,,,,,,explicit_user_bulk_acceptance,"{""hate"": ""rule_mapping_from_ai_score"", ""group"": ""ai_note"", ""attack_severity"": ""ai_note""}","{""path"": ""sentence-completion-v1/snapshots/bf6acc5fbfa04d5263ec117ead04d701b4b6fc8ca45cfe3994edf0b0ff9d7d5e/current-sentences.json"", ""sha256"": ""6b12499e0320d3c93bb2ae154fc677f455240af7499ea29977dc3c5a9c96b3d4""}"
demo:4810,demo,hate,"[""Racism"", ""Sexism"", ""others""]",2,,,,,,,,,,explicit_user_bulk_acceptance,"{""hate"": ""rule_mapping_from_human_score"", ""group"": ""user_discussion"", ""attack_severity"": ""user_discussion""}","{""path"": ""sentence-completion-v1/snapshots/bf6acc5fbfa04d5263ec117ead04d701b4b6fc8ca45cfe3994edf0b0ff9d7d5e/current-sentences.json"", ""sha256"": ""6b12499e0320d3c93bb2ae154fc677f455240af7499ea29977dc3c5a9c96b3d4""}"
demo:4839,demo,hate,"[""others""]",3,,,,,,,,,,explicit_user_bulk_acceptance,"{""hate"": ""rule_mapping_from_ai_score"", ""group"": ""ai_note"", ""attack_severity"": ""ai_note""}","{""path"": ""sentence-completion-v1/snapshots/bf6acc5fbfa04d5263ec117ead04d701b4b6fc8ca45cfe3994edf0b0ff9d7d5e/current-sentences.json"", ""sha256"": ""6b12499e0320d3c93bb2ae154fc677f455240af7499ea29977dc3c5a9c96b3d4""}"
demo:4891,demo,non-hate,"[""Sexism"", ""others""]",0,,,,,,,,,,explicit_user_bulk_acceptance,"{""hate"": ""rule_mapping_from_ai_score"", ""group"": ""ai_note"", ""attack_severity"": ""ai_note""}","{""path"": ""sentence-completion-v1/snapshots/bf6acc5fbfa04d5263ec117ead04d701b4b6fc8ca45cfe3994edf0b0ff9d7d5e/current-sentences.json"", ""sha256"": ""6b12499e0320d3c93bb2ae154fc677f455240af7499ea29977dc3c5a9c96b3d4""}"
demo:4939,demo,non-hate,[],0,,,,,,,,,,explicit_user_bulk_acceptance,"{""hate"": ""rule_mapping_from_ai_score"", ""group"": ""ai_note"", ""attack_severity"": ""ai_note""}","{""path"": ""sentence-completion-v1/snapshots/bf6acc5fbfa04d5263ec117ead04d701b4b6fc8ca45cfe3994edf0b0ff9d7d5e/current-sentences.json"", ""sha256"": ""6b12499e0320d3c93bb2ae154fc677f455240af7499ea29977dc3c5a9c96b3d4""}"
demo:51,demo,hate,"[""LGBTQ"", ""Sexism"", ""others""]",3,,,,,,,,,,explicit_user_bulk_acceptance,"{""hate"": ""rule_mapping_from_ai_score"", ""group"": ""ai_note"", ""attack_severity"": ""ai_note""}","{""path"": ""sentence-completion-v1/snapshots/bf6acc5fbfa04d5263ec117ead04d701b4b6fc8ca45cfe3994edf0b0ff9d7d5e/current-sentences.json"", ""sha256"": ""6b12499e0320d3c93bb2ae154fc677f455240af7499ea29977dc3c5a9c96b3d4""}"
demo:5113,demo,non-hate,"[""LGBTQ"", ""Sexism"", ""others""]",0,,,,,,,,,,explicit_user_bulk_acceptance,"{""hate"": ""rule_mapping_from_human_score"", ""group"": ""user_discussion"", ""attack_severity"": ""user_discussion""}","{""path"": ""sentence-completion-v1/snapshots/bf6acc5fbfa04d5263ec117ead04d701b4b6fc8ca45cfe3994edf0b0ff9d7d5e/current-sentences.json"", ""sha256"": ""6b12499e0320d3c93bb2ae154fc677f455240af7499ea29977dc3c5a9c96b3d4""}"
demo:5125,demo,hate,"[""Racism"", ""Region"", ""Sexism""]",3,,,,,,,,,,explicit_user_bulk_acceptance,"{""hate"": ""rule_mapping_from_ai_score"", ""group"": ""ai_note"", ""attack_severity"": ""ai_note""}","{""path"": ""sentence-completion-v1/snapshots/bf6acc5fbfa04d5263ec117ead04d701b4b6fc8ca45cfe3994edf0b0ff9d7d5e/current-sentences.json"", ""sha256"": ""6b12499e0320d3c93bb2ae154fc677f455240af7499ea29977dc3c5a9c96b3d4""}"
demo:5135,demo,non-hate,"[""Region""]",0,,,,,,,,,,explicit_user_bulk_acceptance,"{""hate"": ""rule_mapping_from_ai_score"", ""group"": ""ai_note"", ""attack_severity"": ""ai_note""}","{""path"": ""sentence-completion-v1/snapshots/bf6acc5fbfa04d5263ec117ead04d701b4b6fc8ca45cfe3994edf0b0ff9d7d5e/current-sentences.json"", ""sha256"": ""6b12499e0320d3c93bb2ae154fc677f455240af7499ea29977dc3c5a9c96b3d4""}"
demo:5211,demo,non-hate,"[""Racism"", ""Region"", ""Sexism""]",0,,,,,,,,,,explicit_user_bulk_acceptance,"{""hate"": ""rule_mapping_from_ai_score"", ""group"": ""ai_note"", ""attack_severity"": ""ai_note""}","{""path"": ""sentence-completion-v1/snapshots/bf6acc5fbfa04d5263ec117ead04d701b4b6fc8ca45cfe3994edf0b0ff9d7d5e/current-sentences.json"", ""sha256"": ""6b12499e0320d3c93bb2ae154fc677f455240af7499ea29977dc3c5a9c96b3d4""}"
demo:5230,demo,non-hate,"[""Region"", ""Sexism"", ""others""]",0,,,,,,,,,,explicit_user_bulk_acceptance,"{""hate"": ""rule_mapping_from_ai_score"", ""group"": ""ai_note"", ""attack_severity"": ""ai_note""}","{""path"": ""sentence-completion-v1/snapshots/bf6acc5fbfa04d5263ec117ead04d701b4b6fc8ca45cfe3994edf0b0ff9d7d5e/current-sentences.json"", ""sha256"": ""6b12499e0320d3c93bb2ae154fc677f455240af7499ea29977dc3c5a9c96b3d4""}"
demo:528,demo,hate,"[""Region"", ""Sexism""]",3,,,,,,,,,,explicit_user_bulk_acceptance,"{""hate"": ""rule_mapping_from_human_score"", ""group"": ""user_discussion"", ""attack_severity"": ""user_discussion""}","{""path"": ""sentence-completion-v1/snapshots/bf6acc5fbfa04d5263ec117ead04d701b4b6fc8ca45cfe3994edf0b0ff9d7d5e/current-sentences.json"", ""sha256"": ""6b12499e0320d3c93bb2ae154fc677f455240af7499ea29977dc3c5a9c96b3d4""}"
demo:5282,demo,hate,"[""Region""]",2,,,,,,,,,,explicit_user_bulk_acceptance,"{""hate"": ""rule_mapping_from_ai_score"", ""group"": ""ai_note"", ""attack_severity"": ""ai_note""}","{""path"": ""sentence-completion-v1/snapshots/bf6acc5fbfa04d5263ec117ead04d701b4b6fc8ca45cfe3994edf0b0ff9d7d5e/current-sentences.json"", ""sha256"": ""6b12499e0320d3c93bb2ae154fc677f455240af7499ea29977dc3c5a9c96b3d4""}"
demo:5297,demo,non-hate,"[""Region""]",0,,,,,,,,,,explicit_user_bulk_acceptance,"{""hate"": ""rule_mapping_from_ai_score"", ""group"": ""ai_note"", ""attack_severity"": ""ai_note""}","{""path"": ""sentence-completion-v1/snapshots/bf6acc5fbfa04d5263ec117ead04d701b4b6fc8ca45cfe3994edf0b0ff9d7d5e/current-sentences.json"", ""sha256"": ""6b12499e0320d3c93bb2ae154fc677f455240af7499ea29977dc3c5a9c96b3d4""}"
demo:5330,demo,hate,"[""Racism"", ""Sexism""]",1,,,,,,,,,,explicit_user_bulk_acceptance,"{""hate"": ""rule_mapping_from_ai_score"", ""group"": ""ai_note"", ""attack_severity"": ""ai_note""}","{""path"": ""sentence-completion-v1/snapshots/bf6acc5fbfa04d5263ec117ead04d701b4b6fc8ca45cfe3994edf0b0ff9d7d5e/current-sentences.json"", ""sha256"": ""6b12499e0320d3c93bb2ae154fc677f455240af7499ea29977dc3c5a9c96b3d4""}"
demo:5365,demo,non-hate,"[""Sexism"", ""others""]",0,,,,,,,,,,explicit_user_bulk_acceptance,"{""hate"": ""rule_mapping_from_human_score"", ""group"": ""user_discussion"", ""attack_severity"": ""user_discussion""}","{""path"": ""sentence-completion-v1/snapshots/bf6acc5fbfa04d5263ec117ead04d701b4b6fc8ca45cfe3994edf0b0ff9d7d5e/current-sentences.json"", ""sha256"": ""6b12499e0320d3c93bb2ae154fc677f455240af7499ea29977dc3c5a9c96b3d4""}"
demo:5394,demo,hate,"[""LGBTQ"", ""others""]",3,,,,,,,,,,explicit_user_bulk_acceptance,"{""hate"": ""rule_mapping_from_human_score"", ""group"": ""user_discussion"", ""attack_severity"": ""user_discussion""}","{""path"": ""sentence-completion-v1/snapshots/bf6acc5fbfa04d5263ec117ead04d701b4b6fc8ca45cfe3994edf0b0ff9d7d5e/current-sentences.json"", ""sha256"": ""6b12499e0320d3c93bb2ae154fc677f455240af7499ea29977dc3c5a9c96b3d4""}"
demo:5408,demo,hate,"[""Sexism""]",2,,,,,,,,,,explicit_user_bulk_acceptance,"{""hate"": ""rule_mapping_from_ai_score"", ""group"": ""ai_note"", ""attack_severity"": ""ai_note""}","{""path"": ""sentence-completion-v1/snapshots/bf6acc5fbfa04d5263ec117ead04d701b4b6fc8ca45cfe3994edf0b0ff9d7d5e/current-sentences.json"", ""sha256"": ""6b12499e0320d3c93bb2ae154fc677f455240af7499ea29977dc3c5a9c96b3d4""}"
demo:5416,demo,hate,"[""LGBTQ"", ""others""]",2,,,,,,,,,,explicit_user_bulk_acceptance,"{""hate"": ""rule_mapping_from_human_score"", ""group"": ""user_discussion"", ""attack_severity"": ""user_discussion""}","{""path"": ""sentence-completion-v1/snapshots/bf6acc5fbfa04d5263ec117ead04d701b4b6fc8ca45cfe3994edf0b0ff9d7d5e/current-sentences.json"", ""sha256"": ""6b12499e0320d3c93bb2ae154fc677f455240af7499ea29977dc3c5a9c96b3d4""}"
demo:5425,demo,hate,"[""Sexism"", ""others""]",2,,,,,,,,,,explicit_user_bulk_acceptance,"{""hate"": ""rule_mapping_from_ai_score"", ""group"": ""ai_note"", ""attack_severity"": ""ai_note""}","{""path"": ""sentence-completion-v1/snapshots/bf6acc5fbfa04d5263ec117ead04d701b4b6fc8ca45cfe3994edf0b0ff9d7d5e/current-sentences.json"", ""sha256"": ""6b12499e0320d3c93bb2ae154fc677f455240af7499ea29977dc3c5a9c96b3d4""}"
demo:5466,demo,hate,"[""Sexism"", ""others""]",2,,,,,,,,,,explicit_user_bulk_acceptance,"{""hate"": ""rule_mapping_from_ai_score"", ""group"": ""ai_note"", ""attack_severity"": ""ai_note""}","{""path"": ""sentence-completion-v1/snapshots/bf6acc5fbfa04d5263ec117ead04d701b4b6fc8ca45cfe3994edf0b0ff9d7d5e/current-sentences.json"", ""sha256"": ""6b12499e0320d3c93bb2ae154fc677f455240af7499ea29977dc3c5a9c96b3d4""}"
demo:5473,demo,non-hate,"[""Racism""]",0,,,,,,,,,,explicit_user_bulk_acceptance,"{""hate"": ""rule_mapping_from_ai_score"", ""group"": ""ai_note"", ""attack_severity"": ""ai_note""}","{""path"": ""sentence-completion-v1/snapshots/bf6acc5fbfa04d5263ec117ead04d701b4b6fc8ca45cfe3994edf0b0ff9d7d5e/current-sentences.json"", ""sha256"": ""6b12499e0320d3c93bb2ae154fc677f455240af7499ea29977dc3c5a9c96b3d4""}"
demo:5507,demo,hate,"[""Sexism""]",2,,,,,,,,,,explicit_user_bulk_acceptance,"{""hate"": ""rule_mapping_from_ai_score"", ""group"": ""ai_note"", ""attack_severity"": ""ai_note""}","{""path"": ""sentence-completion-v1/snapshots/bf6acc5fbfa04d5263ec117ead04d701b4b6fc8ca45cfe3994edf0b0ff9d7d5e/current-sentences.json"", ""sha256"": ""6b12499e0320d3c93bb2ae154fc677f455240af7499ea29977dc3c5a9c96b3d4""}"
demo:5532,demo,hate,"[""others""]",2,,,,,,,,,,explicit_user_bulk_acceptance,"{""hate"": ""rule_mapping_from_ai_score"", ""group"": ""ai_note"", ""attack_severity"": ""ai_note""}","{""path"": ""sentence-completion-v1/snapshots/bf6acc5fbfa04d5263ec117ead04d701b4b6fc8ca45cfe3994edf0b0ff9d7d5e/current-sentences.json"", ""sha256"": ""6b12499e0320d3c93bb2ae154fc677f455240af7499ea29977dc3c5a9c96b3d4""}"
demo:5535,demo,non-hate,"[""Racism""]",0,,,,,,,,,,explicit_user_bulk_acceptance,"{""hate"": ""rule_mapping_from_ai_score"", ""group"": ""ai_note"", ""attack_severity"": ""ai_note""}","{""path"": ""sentence-completion-v1/snapshots/bf6acc5fbfa04d5263ec117ead04d701b4b6fc8ca45cfe3994edf0b0ff9d7d5e/current-sentences.json"", ""sha256"": ""6b12499e0320d3c93bb2ae154fc677f455240af7499ea29977dc3c5a9c96b3d4""}"
demo:5615,demo,hate,"[""Racism""]",2,,,,,,,,,,explicit_user_bulk_acceptance,"{""hate"": ""rule_mapping_from_human_score"", ""group"": ""user_discussion"", ""attack_severity"": ""user_discussion""}","{""path"": ""sentence-completion-v1/snapshots/bf6acc5fbfa04d5263ec117ead04d701b4b6fc8ca45cfe3994edf0b0ff9d7d5e/current-sentences.json"", ""sha256"": ""6b12499e0320d3c93bb2ae154fc677f455240af7499ea29977dc3c5a9c96b3d4""}"
demo:5616,demo,non-hate,[],0,,,,,,,,,,explicit_user_bulk_acceptance,"{""hate"": ""rule_mapping_from_ai_score"", ""group"": ""ai_note"", ""attack_severity"": ""ai_note""}","{""path"": ""sentence-completion-v1/snapshots/bf6acc5fbfa04d5263ec117ead04d701b4b6fc8ca45cfe3994edf0b0ff9d7d5e/current-sentences.json"", ""sha256"": ""6b12499e0320d3c93bb2ae154fc677f455240af7499ea29977dc3c5a9c96b3d4""}"
demo:5666,demo,hate,"[""LGBTQ"", ""others""]",1,,,,,,,,,,explicit_user_bulk_acceptance,"{""hate"": ""rule_mapping_from_ai_score"", ""group"": ""ai_note"", ""attack_severity"": ""ai_note""}","{""path"": ""sentence-completion-v1/snapshots/bf6acc5fbfa04d5263ec117ead04d701b4b6fc8ca45cfe3994edf0b0ff9d7d5e/current-sentences.json"", ""sha256"": ""6b12499e0320d3c93bb2ae154fc677f455240af7499ea29977dc3c5a9c96b3d4""}"
demo:5676,demo,non-hate,[],0,,,,,,,,,,explicit_user_bulk_acceptance,"{""hate"": ""rule_mapping_from_ai_score"", ""group"": ""ai_note"", ""attack_severity"": ""ai_note""}","{""path"": ""sentence-completion-v1/snapshots/bf6acc5fbfa04d5263ec117ead04d701b4b6fc8ca45cfe3994edf0b0ff9d7d5e/current-sentences.json"", ""sha256"": ""6b12499e0320d3c93bb2ae154fc677f455240af7499ea29977dc3c5a9c96b3d4""}"
demo:5690,demo,hate,"[""LGBTQ"", ""others""]",1,,,,,,,,,,explicit_user_bulk_acceptance,"{""hate"": ""rule_mapping_from_ai_score"", ""group"": ""ai_note"", ""attack_severity"": ""ai_note""}","{""path"": ""sentence-completion-v1/snapshots/bf6acc5fbfa04d5263ec117ead04d701b4b6fc8ca45cfe3994edf0b0ff9d7d5e/current-sentences.json"", ""sha256"": ""6b12499e0320d3c93bb2ae154fc677f455240af7499ea29977dc3c5a9c96b3d4""}"
demo:5708,demo,hate,"[""LGBTQ"", ""others""]",3,,,,,,,,,,explicit_user_bulk_acceptance,"{""hate"": ""rule_mapping_from_ai_score"", ""group"": ""ai_note"", ""attack_severity"": ""ai_note""}","{""path"": ""sentence-completion-v1/snapshots/bf6acc5fbfa04d5263ec117ead04d701b4b6fc8ca45cfe3994edf0b0ff9d7d5e/current-sentences.json"", ""sha256"": ""6b12499e0320d3c93bb2ae154fc677f455240af7499ea29977dc3c5a9c96b3d4""}"
demo:5713,demo,hate,"[""Racism""]",3,,,,,,,,,,explicit_user_bulk_acceptance,"{""hate"": ""rule_mapping_from_ai_score"", ""group"": ""ai_note"", ""attack_severity"": ""ai_note""}","{""path"": ""sentence-completion-v1/snapshots/bf6acc5fbfa04d5263ec117ead04d701b4b6fc8ca45cfe3994edf0b0ff9d7d5e/current-sentences.json"", ""sha256"": ""6b12499e0320d3c93bb2ae154fc677f455240af7499ea29977dc3c5a9c96b3d4""}"
demo:5734,demo,hate,"[""Racism"", ""Region"", ""others""]",2,,,,,,,,,,explicit_user_bulk_acceptance,"{""hate"": ""rule_mapping_from_ai_score"", ""group"": ""ai_note"", ""attack_severity"": ""ai_note""}","{""path"": ""sentence-completion-v1/snapshots/bf6acc5fbfa04d5263ec117ead04d701b4b6fc8ca45cfe3994edf0b0ff9d7d5e/current-sentences.json"", ""sha256"": ""6b12499e0320d3c93bb2ae154fc677f455240af7499ea29977dc3c5a9c96b3d4""}"
demo:5780,demo,non-hate,[],0,,,,,,,,,,explicit_user_bulk_acceptance,"{""hate"": ""rule_mapping_from_ai_score"", ""group"": ""ai_note"", ""attack_severity"": ""ai_note""}","{""path"": ""sentence-completion-v1/snapshots/bf6acc5fbfa04d5263ec117ead04d701b4b6fc8ca45cfe3994edf0b0ff9d7d5e/current-sentences.json"", ""sha256"": ""6b12499e0320d3c93bb2ae154fc677f455240af7499ea29977dc3c5a9c96b3d4""}"
demo:5784,demo,hate,"[""Racism"", ""Region"", ""Sexism""]",1,,,,,,,,,,explicit_user_bulk_acceptance,"{""hate"": ""rule_mapping_from_ai_score"", ""group"": ""ai_note"", ""attack_severity"": ""ai_note""}","{""path"": ""sentence-completion-v1/snapshots/bf6acc5fbfa04d5263ec117ead04d701b4b6fc8ca45cfe3994edf0b0ff9d7d5e/current-sentences.json"", ""sha256"": ""6b12499e0320d3c93bb2ae154fc677f455240af7499ea29977dc3c5a9c96b3d4""}"
demo:5788,demo,hate,"[""Racism"", ""Region""]",2,,,,,,,,,,explicit_user_bulk_acceptance,"{""hate"": ""rule_mapping_from_ai_score"", ""group"": ""ai_note"", ""attack_severity"": ""ai_note""}","{""path"": ""sentence-completion-v1/snapshots/bf6acc5fbfa04d5263ec117ead04d701b4b6fc8ca45cfe3994edf0b0ff9d7d5e/current-sentences.json"", ""sha256"": ""6b12499e0320d3c93bb2ae154fc677f455240af7499ea29977dc3c5a9c96b3d4""}"
demo:5819,demo,hate,"[""Racism"", ""Sexism""]",4,,,,,,,,,,explicit_user_bulk_acceptance,"{""hate"": ""rule_mapping_from_ai_score"", ""group"": ""ai_note"", ""attack_severity"": ""ai_note""}","{""path"": ""sentence-completion-v1/snapshots/bf6acc5fbfa04d5263ec117ead04d701b4b6fc8ca45cfe3994edf0b0ff9d7d5e/current-sentences.json"", ""sha256"": ""6b12499e0320d3c93bb2ae154fc677f455240af7499ea29977dc3c5a9c96b3d4""}"
demo:5855,demo,non-hate,"[""Region"", ""LGBTQ""]",0,,,,,,,,,,explicit_user_bulk_acceptance,"{""hate"": ""rule_mapping_from_ai_score"", ""group"": ""ai_note"", ""attack_severity"": ""ai_note""}","{""path"": ""sentence-completion-v1/snapshots/bf6acc5fbfa04d5263ec117ead04d701b4b6fc8ca45cfe3994edf0b0ff9d7d5e/current-sentences.json"", ""sha256"": ""6b12499e0320d3c93bb2ae154fc677f455240af7499ea29977dc3c5a9c96b3d4""}"
demo:5865,demo,non-hate,[],0,,,,,,,,,,explicit_user_bulk_acceptance,"{""hate"": ""rule_mapping_from_human_score"", ""group"": ""user_discussion"", ""attack_severity"": ""user_discussion""}","{""path"": ""sentence-completion-v1/snapshots/bf6acc5fbfa04d5263ec117ead04d701b4b6fc8ca45cfe3994edf0b0ff9d7d5e/current-sentences.json"", ""sha256"": ""6b12499e0320d3c93bb2ae154fc677f455240af7499ea29977dc3c5a9c96b3d4""}"
demo:5868,demo,non-hate,"[""Region""]",0,,,,,,,,,,explicit_user_bulk_acceptance,"{""hate"": ""rule_mapping_from_ai_score"", ""group"": ""ai_note"", ""attack_severity"": ""ai_note""}","{""path"": ""sentence-completion-v1/snapshots/bf6acc5fbfa04d5263ec117ead04d701b4b6fc8ca45cfe3994edf0b0ff9d7d5e/current-sentences.json"", ""sha256"": ""6b12499e0320d3c93bb2ae154fc677f455240af7499ea29977dc3c5a9c96b3d4""}"
demo:5900,demo,non-hate,"[""Racism"", ""Region""]",0,,,,,,,,,,explicit_user_bulk_acceptance,"{""hate"": ""rule_mapping_from_human_score"", ""group"": ""ai_note"", ""attack_severity"": ""user_discussion""}","{""path"": ""sentence-completion-v1/snapshots/bf6acc5fbfa04d5263ec117ead04d701b4b6fc8ca45cfe3994edf0b0ff9d7d5e/current-sentences.json"", ""sha256"": ""6b12499e0320d3c93bb2ae154fc677f455240af7499ea29977dc3c5a9c96b3d4""}"
demo:5919,demo,hate,"[""LGBTQ"", ""others""]",1,,,,,,,,,,explicit_user_bulk_acceptance,"{""hate"": ""rule_mapping_from_human_score"", ""group"": ""ai_note"", ""attack_severity"": ""user_discussion""}","{""path"": ""sentence-completion-v1/snapshots/bf6acc5fbfa04d5263ec117ead04d701b4b6fc8ca45cfe3994edf0b0ff9d7d5e/current-sentences.json"", ""sha256"": ""6b12499e0320d3c93bb2ae154fc677f455240af7499ea29977dc3c5a9c96b3d4""}"
demo:5924,demo,hate,"[""LGBTQ"", ""others""]",2,,,,,,,,,,explicit_user_bulk_acceptance,"{""hate"": ""rule_mapping_from_ai_score"", ""group"": ""ai_note"", ""attack_severity"": ""ai_note""}","{""path"": ""sentence-completion-v1/snapshots/bf6acc5fbfa04d5263ec117ead04d701b4b6fc8ca45cfe3994edf0b0ff9d7d5e/current-sentences.json"", ""sha256"": ""6b12499e0320d3c93bb2ae154fc677f455240af7499ea29977dc3c5a9c96b3d4""}"
demo:5998,demo,hate,"[""Sexism"", ""others""]",1,,,,,,,,,,explicit_user_bulk_acceptance,"{""hate"": ""rule_mapping_from_human_score"", ""group"": ""user_discussion"", ""attack_severity"": ""user_discussion""}","{""path"": ""sentence-completion-v1/snapshots/bf6acc5fbfa04d5263ec117ead04d701b4b6fc8ca45cfe3994edf0b0ff9d7d5e/current-sentences.json"", ""sha256"": ""6b12499e0320d3c93bb2ae154fc677f455240af7499ea29977dc3c5a9c96b3d4""}"
demo:6006,demo,non-hate,"[""Racism"", ""Sexism""]",0,,,,,,,,,,explicit_user_bulk_acceptance,"{""hate"": ""rule_mapping_from_ai_score"", ""group"": ""ai_note"", ""attack_severity"": ""ai_note""}","{""path"": ""sentence-completion-v1/snapshots/bf6acc5fbfa04d5263ec117ead04d701b4b6fc8ca45cfe3994edf0b0ff9d7d5e/current-sentences.json"", ""sha256"": ""6b12499e0320d3c93bb2ae154fc677f455240af7499ea29977dc3c5a9c96b3d4""}"
demo:6035,demo,non-hate,"[""others""]",0,,,,,,,,,,explicit_user_bulk_acceptance,"{""hate"": ""rule_mapping_from_ai_score"", ""group"": ""ai_note"", ""attack_severity"": ""ai_note""}","{""path"": ""sentence-completion-v1/snapshots/bf6acc5fbfa04d5263ec117ead04d701b4b6fc8ca45cfe3994edf0b0ff9d7d5e/current-sentences.json"", ""sha256"": ""6b12499e0320d3c93bb2ae154fc677f455240af7499ea29977dc3c5a9c96b3d4""}"
demo:6074,demo,non-hate,"[""Sexism""]",0,,,,,,,,,,explicit_user_bulk_acceptance,"{""hate"": ""rule_mapping_from_human_score"", ""group"": ""ai_note"", ""attack_severity"": ""user_discussion""}","{""path"": ""sentence-completion-v1/snapshots/bf6acc5fbfa04d5263ec117ead04d701b4b6fc8ca45cfe3994edf0b0ff9d7d5e/current-sentences.json"", ""sha256"": ""6b12499e0320d3c93bb2ae154fc677f455240af7499ea29977dc3c5a9c96b3d4""}"
demo:6083,demo,hate,"[""LGBTQ"", ""others""]",2,,,,,,,,,,explicit_user_bulk_acceptance,"{""hate"": ""rule_mapping_from_ai_score"", ""group"": ""ai_note"", ""attack_severity"": ""ai_note""}","{""path"": ""sentence-completion-v1/snapshots/bf6acc5fbfa04d5263ec117ead04d701b4b6fc8ca45cfe3994edf0b0ff9d7d5e/current-sentences.json"", ""sha256"": ""6b12499e0320d3c93bb2ae154fc677f455240af7499ea29977dc3c5a9c96b3d4""}"
demo:6114,demo,hate,"[""Region"", ""Sexism"", ""others""]",3,,,,,,,,,,explicit_user_bulk_acceptance,"{""hate"": ""rule_mapping_from_ai_score"", ""group"": ""ai_note"", ""attack_severity"": ""ai_note""}","{""path"": ""sentence-completion-v1/snapshots/bf6acc5fbfa04d5263ec117ead04d701b4b6fc8ca45cfe3994edf0b0ff9d7d5e/current-sentences.json"", ""sha256"": ""6b12499e0320d3c93bb2ae154fc677f455240af7499ea29977dc3c5a9c96b3d4""}"
demo:615,demo,non-hate,[],0,,,,,,,,,,explicit_user_bulk_acceptance,"{""hate"": ""rule_mapping_from_ai_score"", ""group"": ""ai_note"", ""attack_severity"": ""ai_note""}","{""path"": ""sentence-completion-v1/snapshots/bf6acc5fbfa04d5263ec117ead04d701b4b6fc8ca45cfe3994edf0b0ff9d7d5e/current-sentences.json"", ""sha256"": ""6b12499e0320d3c93bb2ae154fc677f455240af7499ea29977dc3c5a9c96b3d4""}"
demo:6183,demo,non-hate,"[""Racism""]",0,,,,,,,,,,explicit_user_bulk_acceptance,"{""hate"": ""rule_mapping_from_ai_score"", ""group"": ""ai_note"", ""attack_severity"": ""ai_note""}","{""path"": ""sentence-completion-v1/snapshots/bf6acc5fbfa04d5263ec117ead04d701b4b6fc8ca45cfe3994edf0b0ff9d7d5e/current-sentences.json"", ""sha256"": ""6b12499e0320d3c93bb2ae154fc677f455240af7499ea29977dc3c5a9c96b3d4""}"
demo:6224,demo,non-hate,"[""others""]",0,,,,,,,,,,explicit_user_bulk_acceptance,"{""hate"": ""rule_mapping_from_ai_score"", ""group"": ""ai_note"", ""attack_severity"": ""ai_note""}","{""path"": ""sentence-completion-v1/snapshots/bf6acc5fbfa04d5263ec117ead04d701b4b6fc8ca45cfe3994edf0b0ff9d7d5e/current-sentences.json"", ""sha256"": ""6b12499e0320d3c93bb2ae154fc677f455240af7499ea29977dc3c5a9c96b3d4""}"
demo:6263,demo,non-hate,"[""Region""]",0,,,,,,,,,,explicit_user_bulk_acceptance,"{""hate"": ""rule_mapping_from_human_score"", ""group"": ""ai_note"", ""attack_severity"": ""user_discussion""}","{""path"": ""sentence-completion-v1/snapshots/bf6acc5fbfa04d5263ec117ead04d701b4b6fc8ca45cfe3994edf0b0ff9d7d5e/current-sentences.json"", ""sha256"": ""6b12499e0320d3c93bb2ae154fc677f455240af7499ea29977dc3c5a9c96b3d4""}"
demo:6282,demo,hate,"[""Racism""]",2,,,,,,,,,,explicit_user_bulk_acceptance,"{""hate"": ""rule_mapping_from_ai_score"", ""group"": ""ai_note"", ""attack_severity"": ""ai_note""}","{""path"": ""sentence-completion-v1/snapshots/bf6acc5fbfa04d5263ec117ead04d701b4b6fc8ca45cfe3994edf0b0ff9d7d5e/current-sentences.json"", ""sha256"": ""6b12499e0320d3c93bb2ae154fc677f455240af7499ea29977dc3c5a9c96b3d4""}"
demo:6291,demo,non-hate,"[""Sexism""]",0,,,,,,,,,,explicit_user_bulk_acceptance,"{""hate"": ""rule_mapping_from_ai_score"", ""group"": ""ai_note"", ""attack_severity"": ""ai_note""}","{""path"": ""sentence-completion-v1/snapshots/bf6acc5fbfa04d5263ec117ead04d701b4b6fc8ca45cfe3994edf0b0ff9d7d5e/current-sentences.json"", ""sha256"": ""6b12499e0320d3c93bb2ae154fc677f455240af7499ea29977dc3c5a9c96b3d4""}"
demo:6307,demo,non-hate,"[""Region""]",0,,,,,,,,,,explicit_user_bulk_acceptance,"{""hate"": ""rule_mapping_from_ai_score"", ""group"": ""ai_note"", ""attack_severity"": ""ai_note""}","{""path"": ""sentence-completion-v1/snapshots/bf6acc5fbfa04d5263ec117ead04d701b4b6fc8ca45cfe3994edf0b0ff9d7d5e/current-sentences.json"", ""sha256"": ""6b12499e0320d3c93bb2ae154fc677f455240af7499ea29977dc3c5a9c96b3d4""}"
demo:6413,demo,hate,"[""Sexism"", ""others""]",2,,,,,,,,,,explicit_user_bulk_acceptance,"{""hate"": ""rule_mapping_from_ai_score"", ""group"": ""ai_note"", ""attack_severity"": ""ai_note""}","{""path"": ""sentence-completion-v1/snapshots/bf6acc5fbfa04d5263ec117ead04d701b4b6fc8ca45cfe3994edf0b0ff9d7d5e/current-sentences.json"", ""sha256"": ""6b12499e0320d3c93bb2ae154fc677f455240af7499ea29977dc3c5a9c96b3d4""}"
demo:6442,demo,non-hate,"[""Sexism""]",0,,,,,,,,,,explicit_user_bulk_acceptance,"{""hate"": ""rule_mapping_from_ai_score"", ""group"": ""ai_note"", ""attack_severity"": ""ai_note""}","{""path"": ""sentence-completion-v1/snapshots/bf6acc5fbfa04d5263ec117ead04d701b4b6fc8ca45cfe3994edf0b0ff9d7d5e/current-sentences.json"", ""sha256"": ""6b12499e0320d3c93bb2ae154fc677f455240af7499ea29977dc3c5a9c96b3d4""}"
demo:6458,demo,hate,"[""Region""]",2,,,,,,,,,,explicit_user_bulk_acceptance,"{""hate"": ""rule_mapping_from_ai_score"", ""group"": ""ai_note"", ""attack_severity"": ""ai_note""}","{""path"": ""sentence-completion-v1/snapshots/bf6acc5fbfa04d5263ec117ead04d701b4b6fc8ca45cfe3994edf0b0ff9d7d5e/current-sentences.json"", ""sha256"": ""6b12499e0320d3c93bb2ae154fc677f455240af7499ea29977dc3c5a9c96b3d4""}"
demo:6469,demo,hate,"[""Racism""]",1,,,,,,,,,,explicit_user_bulk_acceptance,"{""hate"": ""rule_mapping_from_human_score"", ""group"": ""ai_note"", ""attack_severity"": ""user_discussion""}","{""path"": ""sentence-completion-v1/snapshots/bf6acc5fbfa04d5263ec117ead04d701b4b6fc8ca45cfe3994edf0b0ff9d7d5e/current-sentences.json"", ""sha256"": ""6b12499e0320d3c93bb2ae154fc677f455240af7499ea29977dc3c5a9c96b3d4""}"
demo:649,demo,non-hate,"[""Racism""]",0,,,,,,,,,,explicit_user_bulk_acceptance,"{""hate"": ""rule_mapping_from_ai_score"", ""group"": ""ai_note"", ""attack_severity"": ""ai_note""}","{""path"": ""sentence-completion-v1/snapshots/bf6acc5fbfa04d5263ec117ead04d701b4b6fc8ca45cfe3994edf0b0ff9d7d5e/current-sentences.json"", ""sha256"": ""6b12499e0320d3c93bb2ae154fc677f455240af7499ea29977dc3c5a9c96b3d4""}"
demo:6493,demo,hate,"[""Racism"", ""Sexism""]",1,,,,,,,,,,explicit_user_bulk_acceptance,"{""hate"": ""rule_mapping_from_ai_score"", ""group"": ""ai_note"", ""attack_severity"": ""ai_note""}","{""path"": ""sentence-completion-v1/snapshots/bf6acc5fbfa04d5263ec117ead04d701b4b6fc8ca45cfe3994edf0b0ff9d7d5e/current-sentences.json"", ""sha256"": ""6b12499e0320d3c93bb2ae154fc677f455240af7499ea29977dc3c5a9c96b3d4""}"
demo:6525,demo,non-hate,"[""Racism""]",0,,,,,,,,,,explicit_user_bulk_acceptance,"{""hate"": ""rule_mapping_from_ai_score"", ""group"": ""ai_note"", ""attack_severity"": ""ai_note""}","{""path"": ""sentence-completion-v1/snapshots/bf6acc5fbfa04d5263ec117ead04d701b4b6fc8ca45cfe3994edf0b0ff9d7d5e/current-sentences.json"", ""sha256"": ""6b12499e0320d3c93bb2ae154fc677f455240af7499ea29977dc3c5a9c96b3d4""}"
demo:6553,demo,non-hate,"[""Region""]",0,,,,,,,,,,explicit_user_bulk_acceptance,"{""hate"": ""rule_mapping_from_ai_score"", ""group"": ""ai_note"", ""attack_severity"": ""ai_note""}","{""path"": ""sentence-completion-v1/snapshots/bf6acc5fbfa04d5263ec117ead04d701b4b6fc8ca45cfe3994edf0b0ff9d7d5e/current-sentences.json"", ""sha256"": ""6b12499e0320d3c93bb2ae154fc677f455240af7499ea29977dc3c5a9c96b3d4""}"
demo:6554,demo,non-hate,"[""Racism"", ""Region""]",0,,,,,,,,,,explicit_user_bulk_acceptance,"{""hate"": ""rule_mapping_from_ai_score"", ""group"": ""ai_note"", ""attack_severity"": ""ai_note""}","{""path"": ""sentence-completion-v1/snapshots/bf6acc5fbfa04d5263ec117ead04d701b4b6fc8ca45cfe3994edf0b0ff9d7d5e/current-sentences.json"", ""sha256"": ""6b12499e0320d3c93bb2ae154fc677f455240af7499ea29977dc3c5a9c96b3d4""}"
demo:6624,demo,hate,"[""Sexism"", ""others""]",4,,,,,,,,,,explicit_user_bulk_acceptance,"{""hate"": ""rule_mapping_from_ai_score"", ""group"": ""ai_note"", ""attack_severity"": ""ai_note""}","{""path"": ""sentence-completion-v1/snapshots/bf6acc5fbfa04d5263ec117ead04d701b4b6fc8ca45cfe3994edf0b0ff9d7d5e/current-sentences.json"", ""sha256"": ""6b12499e0320d3c93bb2ae154fc677f455240af7499ea29977dc3c5a9c96b3d4""}"
demo:6629,demo,hate,"[""Sexism"", ""others""]",2,,,,,,,,,,explicit_user_bulk_acceptance,"{""hate"": ""rule_mapping_from_ai_score"", ""group"": ""ai_note"", ""attack_severity"": ""ai_note""}","{""path"": ""sentence-completion-v1/snapshots/bf6acc5fbfa04d5263ec117ead04d701b4b6fc8ca45cfe3994edf0b0ff9d7d5e/current-sentences.json"", ""sha256"": ""6b12499e0320d3c93bb2ae154fc677f455240af7499ea29977dc3c5a9c96b3d4""}"
demo:6631,demo,non-hate,"[""Racism"", ""Region""]",0,,,,,,,,,,explicit_user_bulk_acceptance,"{""hate"": ""rule_mapping_from_human_score"", ""group"": ""user_discussion"", ""attack_severity"": ""user_discussion""}","{""path"": ""sentence-completion-v1/snapshots/bf6acc5fbfa04d5263ec117ead04d701b4b6fc8ca45cfe3994edf0b0ff9d7d5e/current-sentences.json"", ""sha256"": ""6b12499e0320d3c93bb2ae154fc677f455240af7499ea29977dc3c5a9c96b3d4""}"
demo:6644,demo,hate,"[""Region"", ""Sexism""]",2,,,,,,,,,,explicit_user_bulk_acceptance,"{""hate"": ""rule_mapping_from_ai_score"", ""group"": ""ai_note"", ""attack_severity"": ""ai_note""}","{""path"": ""sentence-completion-v1/snapshots/bf6acc5fbfa04d5263ec117ead04d701b4b6fc8ca45cfe3994edf0b0ff9d7d5e/current-sentences.json"", ""sha256"": ""6b12499e0320d3c93bb2ae154fc677f455240af7499ea29977dc3c5a9c96b3d4""}"
demo:6658,demo,non-hate,"[""Sexism""]",0,,,,,,,,,,explicit_user_bulk_acceptance,"{""hate"": ""rule_mapping_from_ai_score"", ""group"": ""ai_note"", ""attack_severity"": ""ai_note""}","{""path"": ""sentence-completion-v1/snapshots/bf6acc5fbfa04d5263ec117ead04d701b4b6fc8ca45cfe3994edf0b0ff9d7d5e/current-sentences.json"", ""sha256"": ""6b12499e0320d3c93bb2ae154fc677f455240af7499ea29977dc3c5a9c96b3d4""}"
demo:6764,demo,non-hate,"[""LGBTQ"", ""Sexism""]",0,,,,,,,,,,explicit_user_bulk_acceptance,"{""hate"": ""rule_mapping_from_ai_score"", ""group"": ""ai_note"", ""attack_severity"": ""ai_note""}","{""path"": ""sentence-completion-v1/snapshots/bf6acc5fbfa04d5263ec117ead04d701b4b6fc8ca45cfe3994edf0b0ff9d7d5e/current-sentences.json"", ""sha256"": ""6b12499e0320d3c93bb2ae154fc677f455240af7499ea29977dc3c5a9c96b3d4""}"
demo:6835,demo,non-hate,"[""Sexism""]",0,,,,,,,,,,explicit_user_bulk_acceptance,"{""hate"": ""rule_mapping_from_ai_score"", ""group"": ""ai_note"", ""attack_severity"": ""ai_note""}","{""path"": ""sentence-completion-v1/snapshots/bf6acc5fbfa04d5263ec117ead04d701b4b6fc8ca45cfe3994edf0b0ff9d7d5e/current-sentences.json"", ""sha256"": ""6b12499e0320d3c93bb2ae154fc677f455240af7499ea29977dc3c5a9c96b3d4""}"
demo:6852,demo,hate,"[""Region"", ""Sexism""]",1,,,,,,,,,,explicit_user_bulk_acceptance,"{""hate"": ""rule_mapping_from_ai_score"", ""group"": ""ai_note"", ""attack_severity"": ""ai_note""}","{""path"": ""sentence-completion-v1/snapshots/bf6acc5fbfa04d5263ec117ead04d701b4b6fc8ca45cfe3994edf0b0ff9d7d5e/current-sentences.json"", ""sha256"": ""6b12499e0320d3c93bb2ae154fc677f455240af7499ea29977dc3c5a9c96b3d4""}"
demo:6931,demo,hate,"[""Racism"", ""Region""]",1,,,,,,,,,,explicit_user_bulk_acceptance,"{""hate"": ""rule_mapping_from_ai_score"", ""group"": ""ai_note"", ""attack_severity"": ""ai_note""}","{""path"": ""sentence-completion-v1/snapshots/bf6acc5fbfa04d5263ec117ead04d701b4b6fc8ca45cfe3994edf0b0ff9d7d5e/current-sentences.json"", ""sha256"": ""6b12499e0320d3c93bb2ae154fc677f455240af7499ea29977dc3c5a9c96b3d4""}"
demo:6989,demo,non-hate,[],0,,,,,,,,,,explicit_user_bulk_acceptance,"{""hate"": ""rule_mapping_from_human_score"", ""group"": ""user_discussion"", ""attack_severity"": ""user_discussion""}","{""path"": ""sentence-completion-v1/snapshots/bf6acc5fbfa04d5263ec117ead04d701b4b6fc8ca45cfe3994edf0b0ff9d7d5e/current-sentences.json"", ""sha256"": ""6b12499e0320d3c93bb2ae154fc677f455240af7499ea29977dc3c5a9c96b3d4""}"
demo:7133,demo,hate,"[""Sexism"", ""others""]",1,,,,,,,,,,explicit_user_bulk_acceptance,"{""hate"": ""rule_mapping_from_ai_score"", ""group"": ""ai_note"", ""attack_severity"": ""ai_note""}","{""path"": ""sentence-completion-v1/snapshots/bf6acc5fbfa04d5263ec117ead04d701b4b6fc8ca45cfe3994edf0b0ff9d7d5e/current-sentences.json"", ""sha256"": ""6b12499e0320d3c93bb2ae154fc677f455240af7499ea29977dc3c5a9c96b3d4""}"
demo:7161,demo,hate,"[""Sexism"", ""others""]",1,,,,,,,,,,explicit_user_bulk_acceptance,"{""hate"": ""rule_mapping_from_ai_score"", ""group"": ""ai_note"", ""attack_severity"": ""ai_note""}","{""path"": ""sentence-completion-v1/snapshots/bf6acc5fbfa04d5263ec117ead04d701b4b6fc8ca45cfe3994edf0b0ff9d7d5e/current-sentences.json"", ""sha256"": ""6b12499e0320d3c93bb2ae154fc677f455240af7499ea29977dc3c5a9c96b3d4""}"
demo:717,demo,hate,"[""Sexism"", ""others""]",2,,,,,,,,,,explicit_user_bulk_acceptance,"{""hate"": ""rule_mapping_from_ai_score"", ""group"": ""ai_note"", ""attack_severity"": ""ai_note""}","{""path"": ""sentence-completion-v1/snapshots/bf6acc5fbfa04d5263ec117ead04d701b4b6fc8ca45cfe3994edf0b0ff9d7d5e/current-sentences.json"", ""sha256"": ""6b12499e0320d3c93bb2ae154fc677f455240af7499ea29977dc3c5a9c96b3d4""}"
demo:718,demo,non-hate,"[""Sexism""]",0,,,,,,,,,,explicit_user_bulk_acceptance,"{""hate"": ""rule_mapping_from_ai_score"", ""group"": ""ai_note"", ""attack_severity"": ""ai_note""}","{""path"": ""sentence-completion-v1/snapshots/bf6acc5fbfa04d5263ec117ead04d701b4b6fc8ca45cfe3994edf0b0ff9d7d5e/current-sentences.json"", ""sha256"": ""6b12499e0320d3c93bb2ae154fc677f455240af7499ea29977dc3c5a9c96b3d4""}"
demo:7188,demo,hate,"[""Racism""]",3,,,,,,,,,,explicit_user_bulk_acceptance,"{""hate"": ""rule_mapping_from_ai_score"", ""group"": ""ai_note"", ""attack_severity"": ""ai_note""}","{""path"": ""sentence-completion-v1/snapshots/bf6acc5fbfa04d5263ec117ead04d701b4b6fc8ca45cfe3994edf0b0ff9d7d5e/current-sentences.json"", ""sha256"": ""6b12499e0320d3c93bb2ae154fc677f455240af7499ea29977dc3c5a9c96b3d4""}"
demo:7189,demo,hate,"[""LGBTQ"", ""Sexism"", ""others""]",1,,,,,,,,,,explicit_user_bulk_acceptance,"{""hate"": ""rule_mapping_from_human_score"", ""group"": ""user_discussion"", ""attack_severity"": ""user_discussion""}","{""path"": ""sentence-completion-v1/snapshots/bf6acc5fbfa04d5263ec117ead04d701b4b6fc8ca45cfe3994edf0b0ff9d7d5e/current-sentences.json"", ""sha256"": ""6b12499e0320d3c93bb2ae154fc677f455240af7499ea29977dc3c5a9c96b3d4""}"
demo:72,demo,hate,"[""Sexism"", ""others""]",2,,,,,,,,,,explicit_user_bulk_acceptance,"{""hate"": ""rule_mapping_from_ai_score"", ""group"": ""ai_note"", ""attack_severity"": ""ai_note""}","{""path"": ""sentence-completion-v1/snapshots/bf6acc5fbfa04d5263ec117ead04d701b4b6fc8ca45cfe3994edf0b0ff9d7d5e/current-sentences.json"", ""sha256"": ""6b12499e0320d3c93bb2ae154fc677f455240af7499ea29977dc3c5a9c96b3d4""}"
demo:7212,demo,hate,"[""Racism"", ""Sexism""]",4,,,,,,,,,,explicit_user_bulk_acceptance,"{""hate"": ""rule_mapping_from_ai_score"", ""group"": ""ai_note"", ""attack_severity"": ""ai_note""}","{""path"": ""sentence-completion-v1/snapshots/bf6acc5fbfa04d5263ec117ead04d701b4b6fc8ca45cfe3994edf0b0ff9d7d5e/current-sentences.json"", ""sha256"": ""6b12499e0320d3c93bb2ae154fc677f455240af7499ea29977dc3c5a9c96b3d4""}"
demo:7232,demo,non-hate,"[""Region"", ""Sexism"", ""others""]",0,,,,,,,,,,explicit_user_bulk_acceptance,"{""hate"": ""rule_mapping_from_human_score"", ""group"": ""ai_note"", ""attack_severity"": ""user_discussion""}","{""path"": ""sentence-completion-v1/snapshots/bf6acc5fbfa04d5263ec117ead04d701b4b6fc8ca45cfe3994edf0b0ff9d7d5e/current-sentences.json"", ""sha256"": ""6b12499e0320d3c93bb2ae154fc677f455240af7499ea29977dc3c5a9c96b3d4""}"
demo:7235,demo,hate,"[""Sexism""]",1,,,,,,,,,,explicit_user_bulk_acceptance,"{""hate"": ""rule_mapping_from_ai_score"", ""group"": ""ai_note"", ""attack_severity"": ""ai_note""}","{""path"": ""sentence-completion-v1/snapshots/bf6acc5fbfa04d5263ec117ead04d701b4b6fc8ca45cfe3994edf0b0ff9d7d5e/current-sentences.json"", ""sha256"": ""6b12499e0320d3c93bb2ae154fc677f455240af7499ea29977dc3c5a9c96b3d4""}"
demo:7247,demo,non-hate,[],0,,,,,,,,,,explicit_user_bulk_acceptance,"{""hate"": ""rule_mapping_from_ai_score"", ""group"": ""ai_note"", ""attack_severity"": ""ai_note""}","{""path"": ""sentence-completion-v1/snapshots/bf6acc5fbfa04d5263ec117ead04d701b4b6fc8ca45cfe3994edf0b0ff9d7d5e/current-sentences.json"", ""sha256"": ""6b12499e0320d3c93bb2ae154fc677f455240af7499ea29977dc3c5a9c96b3d4""}"
demo:7248,demo,non-hate,"[""LGBTQ"", ""Sexism"", ""others""]",0,,,,,,,,,,explicit_user_bulk_acceptance,"{""hate"": ""rule_mapping_from_ai_score"", ""group"": ""ai_note"", ""attack_severity"": ""ai_note""}","{""path"": ""sentence-completion-v1/snapshots/bf6acc5fbfa04d5263ec117ead04d701b4b6fc8ca45cfe3994edf0b0ff9d7d5e/current-sentences.json"", ""sha256"": ""6b12499e0320d3c93bb2ae154fc677f455240af7499ea29977dc3c5a9c96b3d4""}"
demo:7253,demo,hate,"[""Racism""]",2,,,,,,,,,,explicit_user_bulk_acceptance,"{""hate"": ""rule_mapping_from_ai_score"", ""group"": ""ai_note"", ""attack_severity"": ""ai_note""}","{""path"": ""sentence-completion-v1/snapshots/bf6acc5fbfa04d5263ec117ead04d701b4b6fc8ca45cfe3994edf0b0ff9d7d5e/current-sentences.json"", ""sha256"": ""6b12499e0320d3c93bb2ae154fc677f455240af7499ea29977dc3c5a9c96b3d4""}"
demo:7319,demo,hate,"[""Racism""]",2,,,,,,,,,,explicit_user_bulk_acceptance,"{""hate"": ""rule_mapping_from_ai_score"", ""group"": ""ai_note"", ""attack_severity"": ""ai_note""}","{""path"": ""sentence-completion-v1/snapshots/bf6acc5fbfa04d5263ec117ead04d701b4b6fc8ca45cfe3994edf0b0ff9d7d5e/current-sentences.json"", ""sha256"": ""6b12499e0320d3c93bb2ae154fc677f455240af7499ea29977dc3c5a9c96b3d4""}"
demo:7350,demo,hate,"[""LGBTQ"", ""Sexism"", ""others""]",2,,,,,,,,,,explicit_user_bulk_acceptance,"{""hate"": ""rule_mapping_from_ai_score"", ""group"": ""ai_note"", ""attack_severity"": ""ai_note""}","{""path"": ""sentence-completion-v1/snapshots/bf6acc5fbfa04d5263ec117ead04d701b4b6fc8ca45cfe3994edf0b0ff9d7d5e/current-sentences.json"", ""sha256"": ""6b12499e0320d3c93bb2ae154fc677f455240af7499ea29977dc3c5a9c96b3d4""}"
demo:7394,demo,non-hate,"[""LGBTQ"", ""Sexism""]",0,,,,,,,,,,explicit_user_bulk_acceptance,"{""hate"": ""rule_mapping_from_ai_score"", ""group"": ""ai_note"", ""attack_severity"": ""ai_note""}","{""path"": ""sentence-completion-v1/snapshots/bf6acc5fbfa04d5263ec117ead04d701b4b6fc8ca45cfe3994edf0b0ff9d7d5e/current-sentences.json"", ""sha256"": ""6b12499e0320d3c93bb2ae154fc677f455240af7499ea29977dc3c5a9c96b3d4""}"
demo:7434,demo,hate,"[""Region"", ""Sexism"", ""others""]",2,,,,,,,,,,explicit_user_bulk_acceptance,"{""hate"": ""rule_mapping_from_ai_score"", ""group"": ""ai_note"", ""attack_severity"": ""ai_note""}","{""path"": ""sentence-completion-v1/snapshots/bf6acc5fbfa04d5263ec117ead04d701b4b6fc8ca45cfe3994edf0b0ff9d7d5e/current-sentences.json"", ""sha256"": ""6b12499e0320d3c93bb2ae154fc677f455240af7499ea29977dc3c5a9c96b3d4""}"
demo:7464,demo,hate,"[""LGBTQ"", ""others""]",2,,,,,,,,,,explicit_user_bulk_acceptance,"{""hate"": ""rule_mapping_from_human_score"", ""group"": ""ai_note"", ""attack_severity"": ""user_discussion""}","{""path"": ""sentence-completion-v1/snapshots/bf6acc5fbfa04d5263ec117ead04d701b4b6fc8ca45cfe3994edf0b0ff9d7d5e/current-sentences.json"", ""sha256"": ""6b12499e0320d3c93bb2ae154fc677f455240af7499ea29977dc3c5a9c96b3d4""}"
demo:7485,demo,hate,"[""LGBTQ""]",2,,,,,,,,,,explicit_user_bulk_acceptance,"{""hate"": ""rule_mapping_from_ai_score"", ""group"": ""ai_note"", ""attack_severity"": ""ai_note""}","{""path"": ""sentence-completion-v1/snapshots/bf6acc5fbfa04d5263ec117ead04d701b4b6fc8ca45cfe3994edf0b0ff9d7d5e/current-sentences.json"", ""sha256"": ""6b12499e0320d3c93bb2ae154fc677f455240af7499ea29977dc3c5a9c96b3d4""}"
demo:7519,demo,hate,"[""LGBTQ"", ""others""]",1,,,,,,,,,,explicit_user_bulk_acceptance,"{""hate"": ""rule_mapping_from_ai_score"", ""group"": ""ai_note"", ""attack_severity"": ""ai_note""}","{""path"": ""sentence-completion-v1/snapshots/bf6acc5fbfa04d5263ec117ead04d701b4b6fc8ca45cfe3994edf0b0ff9d7d5e/current-sentences.json"", ""sha256"": ""6b12499e0320d3c93bb2ae154fc677f455240af7499ea29977dc3c5a9c96b3d4""}"
demo:7545,demo,non-hate,"[""Racism""]",0,,,,,,,,,,explicit_user_bulk_acceptance,"{""hate"": ""rule_mapping_from_human_score"", ""group"": ""ai_note"", ""attack_severity"": ""user_discussion""}","{""path"": ""sentence-completion-v1/snapshots/bf6acc5fbfa04d5263ec117ead04d701b4b6fc8ca45cfe3994edf0b0ff9d7d5e/current-sentences.json"", ""sha256"": ""6b12499e0320d3c93bb2ae154fc677f455240af7499ea29977dc3c5a9c96b3d4""}"
demo:7556,demo,hate,"[""Region""]",2,,,,,,,,,,explicit_user_bulk_acceptance,"{""hate"": ""rule_mapping_from_ai_score"", ""group"": ""ai_note"", ""attack_severity"": ""ai_note""}","{""path"": ""sentence-completion-v1/snapshots/bf6acc5fbfa04d5263ec117ead04d701b4b6fc8ca45cfe3994edf0b0ff9d7d5e/current-sentences.json"", ""sha256"": ""6b12499e0320d3c93bb2ae154fc677f455240af7499ea29977dc3c5a9c96b3d4""}"
demo:7611,demo,hate,"[""others""]",2,,,,,,,,,,explicit_user_bulk_acceptance,"{""hate"": ""rule_mapping_from_ai_score"", ""group"": ""ai_note"", ""attack_severity"": ""ai_note""}","{""path"": ""sentence-completion-v1/snapshots/bf6acc5fbfa04d5263ec117ead04d701b4b6fc8ca45cfe3994edf0b0ff9d7d5e/current-sentences.json"", ""sha256"": ""6b12499e0320d3c93bb2ae154fc677f455240af7499ea29977dc3c5a9c96b3d4""}"
demo:7633,demo,hate,"[""others""]",2,,,,,,,,,,explicit_user_bulk_acceptance,"{""hate"": ""rule_mapping_from_ai_score"", ""group"": ""ai_note"", ""attack_severity"": ""ai_note""}","{""path"": ""sentence-completion-v1/snapshots/bf6acc5fbfa04d5263ec117ead04d701b4b6fc8ca45cfe3994edf0b0ff9d7d5e/current-sentences.json"", ""sha256"": ""6b12499e0320d3c93bb2ae154fc677f455240af7499ea29977dc3c5a9c96b3d4""}"
demo:7640,demo,hate,"[""others""]",1,,,,,,,,,,explicit_user_bulk_acceptance,"{""hate"": ""rule_mapping_from_ai_score"", ""group"": ""ai_note"", ""attack_severity"": ""ai_note""}","{""path"": ""sentence-completion-v1/snapshots/bf6acc5fbfa04d5263ec117ead04d701b4b6fc8ca45cfe3994edf0b0ff9d7d5e/current-sentences.json"", ""sha256"": ""6b12499e0320d3c93bb2ae154fc677f455240af7499ea29977dc3c5a9c96b3d4""}"
demo:7641,demo,hate,"[""others""]",1,,,,,,,,,,explicit_user_bulk_acceptance,"{""hate"": ""rule_mapping_from_ai_score"", ""group"": ""ai_note"", ""attack_severity"": ""ai_note""}","{""path"": ""sentence-completion-v1/snapshots/bf6acc5fbfa04d5263ec117ead04d701b4b6fc8ca45cfe3994edf0b0ff9d7d5e/current-sentences.json"", ""sha256"": ""6b12499e0320d3c93bb2ae154fc677f455240af7499ea29977dc3c5a9c96b3d4""}"
demo:7661,demo,non-hate,"[""Sexism""]",0,,,,,,,,,,explicit_user_bulk_acceptance,"{""hate"": ""rule_mapping_from_ai_score"", ""group"": ""ai_note"", ""attack_severity"": ""ai_note""}","{""path"": ""sentence-completion-v1/snapshots/bf6acc5fbfa04d5263ec117ead04d701b4b6fc8ca45cfe3994edf0b0ff9d7d5e/current-sentences.json"", ""sha256"": ""6b12499e0320d3c93bb2ae154fc677f455240af7499ea29977dc3c5a9c96b3d4""}"
demo:7678,demo,hate,"[""others""]",2,,,,,,,,,,explicit_user_bulk_acceptance,"{""hate"": ""rule_mapping_from_ai_score"", ""group"": ""ai_note"", ""attack_severity"": ""ai_note""}","{""path"": ""sentence-completion-v1/snapshots/bf6acc5fbfa04d5263ec117ead04d701b4b6fc8ca45cfe3994edf0b0ff9d7d5e/current-sentences.json"", ""sha256"": ""6b12499e0320d3c93bb2ae154fc677f455240af7499ea29977dc3c5a9c96b3d4""}"
demo:7694,demo,hate,"[""others""]",2,,,,,,,,,,explicit_user_bulk_acceptance,"{""hate"": ""rule_mapping_from_ai_score"", ""group"": ""ai_note"", ""attack_severity"": ""ai_note""}","{""path"": ""sentence-completion-v1/snapshots/bf6acc5fbfa04d5263ec117ead04d701b4b6fc8ca45cfe3994edf0b0ff9d7d5e/current-sentences.json"", ""sha256"": ""6b12499e0320d3c93bb2ae154fc677f455240af7499ea29977dc3c5a9c96b3d4""}"
demo:771,demo,hate,"[""Racism"", ""others""]",3,,,,,,,,,,explicit_user_bulk_acceptance,"{""hate"": ""rule_mapping_from_ai_score"", ""group"": ""ai_note"", ""attack_severity"": ""ai_note""}","{""path"": ""sentence-completion-v1/snapshots/bf6acc5fbfa04d5263ec117ead04d701b4b6fc8ca45cfe3994edf0b0ff9d7d5e/current-sentences.json"", ""sha256"": ""6b12499e0320d3c93bb2ae154fc677f455240af7499ea29977dc3c5a9c96b3d4""}"
demo:7782,demo,hate,"[""others""]",1,,,,,,,,,,explicit_user_bulk_acceptance,"{""hate"": ""rule_mapping_from_ai_score"", ""group"": ""ai_note"", ""attack_severity"": ""ai_note""}","{""path"": ""sentence-completion-v1/snapshots/bf6acc5fbfa04d5263ec117ead04d701b4b6fc8ca45cfe3994edf0b0ff9d7d5e/current-sentences.json"", ""sha256"": ""6b12499e0320d3c93bb2ae154fc677f455240af7499ea29977dc3c5a9c96b3d4""}"
demo:7819,demo,hate,"[""others""]",2,,,,,,,,,,explicit_user_bulk_acceptance,"{""hate"": ""rule_mapping_from_ai_score"", ""group"": ""ai_note"", ""attack_severity"": ""ai_note""}","{""path"": ""sentence-completion-v1/snapshots/bf6acc5fbfa04d5263ec117ead04d701b4b6fc8ca45cfe3994edf0b0ff9d7d5e/current-sentences.json"", ""sha256"": ""6b12499e0320d3c93bb2ae154fc677f455240af7499ea29977dc3c5a9c96b3d4""}"
demo:7823,demo,hate,"[""others""]",2,,,,,,,,,,explicit_user_bulk_acceptance,"{""hate"": ""rule_mapping_from_ai_score"", ""group"": ""ai_note"", ""attack_severity"": ""ai_note""}","{""path"": ""sentence-completion-v1/snapshots/bf6acc5fbfa04d5263ec117ead04d701b4b6fc8ca45cfe3994edf0b0ff9d7d5e/current-sentences.json"", ""sha256"": ""6b12499e0320d3c93bb2ae154fc677f455240af7499ea29977dc3c5a9c96b3d4""}"
demo:7836,demo,hate,"[""Sexism""]",2,,,,,,,,,,explicit_user_bulk_acceptance,"{""hate"": ""rule_mapping_from_ai_score"", ""group"": ""ai_note"", ""attack_severity"": ""ai_note""}","{""path"": ""sentence-completion-v1/snapshots/bf6acc5fbfa04d5263ec117ead04d701b4b6fc8ca45cfe3994edf0b0ff9d7d5e/current-sentences.json"", ""sha256"": ""6b12499e0320d3c93bb2ae154fc677f455240af7499ea29977dc3c5a9c96b3d4""}"
demo:7852,demo,hate,"[""others""]",1,,,,,,,,,,explicit_user_bulk_acceptance,"{""hate"": ""rule_mapping_from_ai_score"", ""group"": ""ai_note"", ""attack_severity"": ""ai_note""}","{""path"": ""sentence-completion-v1/snapshots/bf6acc5fbfa04d5263ec117ead04d701b4b6fc8ca45cfe3994edf0b0ff9d7d5e/current-sentences.json"", ""sha256"": ""6b12499e0320d3c93bb2ae154fc677f455240af7499ea29977dc3c5a9c96b3d4""}"
demo:7910,demo,hate,"[""others""]",1,,,,,,,,,,explicit_user_bulk_acceptance,"{""hate"": ""rule_mapping_from_human_score"", ""group"": ""ai_note"", ""attack_severity"": ""user_discussion""}","{""path"": ""sentence-completion-v1/snapshots/bf6acc5fbfa04d5263ec117ead04d701b4b6fc8ca45cfe3994edf0b0ff9d7d5e/current-sentences.json"", ""sha256"": ""6b12499e0320d3c93bb2ae154fc677f455240af7499ea29977dc3c5a9c96b3d4""}"
demo:7927,demo,hate,"[""Racism"", ""others""]",2,,,,,,,,,,explicit_user_bulk_acceptance,"{""hate"": ""rule_mapping_from_ai_score"", ""group"": ""user_discussion"", ""attack_severity"": ""ai_note""}","{""path"": ""sentence-completion-v1/snapshots/bf6acc5fbfa04d5263ec117ead04d701b4b6fc8ca45cfe3994edf0b0ff9d7d5e/current-sentences.json"", ""sha256"": ""6b12499e0320d3c93bb2ae154fc677f455240af7499ea29977dc3c5a9c96b3d4""}"
demo:7959,demo,hate,"[""others""]",1,,,,,,,,,,explicit_user_bulk_acceptance,"{""hate"": ""rule_mapping_from_ai_score"", ""group"": ""user_discussion"", ""attack_severity"": ""ai_note""}","{""path"": ""sentence-completion-v1/snapshots/bf6acc5fbfa04d5263ec117ead04d701b4b6fc8ca45cfe3994edf0b0ff9d7d5e/current-sentences.json"", ""sha256"": ""6b12499e0320d3c93bb2ae154fc677f455240af7499ea29977dc3c5a9c96b3d4""}"
demo:796,demo,non-hate,"[""Racism"", ""Region""]",0,,,,,,,,,,explicit_user_bulk_acceptance,"{""hate"": ""rule_mapping_from_ai_score"", ""group"": ""ai_note"", ""attack_severity"": ""ai_note""}","{""path"": ""sentence-completion-v1/snapshots/bf6acc5fbfa04d5263ec117ead04d701b4b6fc8ca45cfe3994edf0b0ff9d7d5e/current-sentences.json"", ""sha256"": ""6b12499e0320d3c93bb2ae154fc677f455240af7499ea29977dc3c5a9c96b3d4""}"
demo:857,demo,non-hate,"[""LGBTQ""]",0,,,,,,,,,,explicit_user_bulk_acceptance,"{""hate"": ""rule_mapping_from_human_score"", ""group"": ""user_discussion"", ""attack_severity"": ""user_discussion""}","{""path"": ""sentence-completion-v1/snapshots/bf6acc5fbfa04d5263ec117ead04d701b4b6fc8ca45cfe3994edf0b0ff9d7d5e/current-sentences.json"", ""sha256"": ""6b12499e0320d3c93bb2ae154fc677f455240af7499ea29977dc3c5a9c96b3d4""}"
demo:867,demo,hate,"[""Racism"", ""others""]",2,,,,,,,,,,explicit_user_bulk_acceptance,"{""hate"": ""rule_mapping_from_ai_score"", ""group"": ""ai_note"", ""attack_severity"": ""ai_note""}","{""path"": ""sentence-completion-v1/snapshots/bf6acc5fbfa04d5263ec117ead04d701b4b6fc8ca45cfe3994edf0b0ff9d7d5e/current-sentences.json"", ""sha256"": ""6b12499e0320d3c93bb2ae154fc677f455240af7499ea29977dc3c5a9c96b3d4""}"
demo:877,demo,hate,"[""LGBTQ""]",1,,,,,,,,,,explicit_user_bulk_acceptance,"{""hate"": ""rule_mapping_from_human_score"", ""group"": ""ai_note"", ""attack_severity"": ""user_discussion""}","{""path"": ""sentence-completion-v1/snapshots/bf6acc5fbfa04d5263ec117ead04d701b4b6fc8ca45cfe3994edf0b0ff9d7d5e/current-sentences.json"", ""sha256"": ""6b12499e0320d3c93bb2ae154fc677f455240af7499ea29977dc3c5a9c96b3d4""}"
demo:924,demo,hate,"[""Region"", ""Sexism""]",2,,,,,,,,,,explicit_user_bulk_acceptance,"{""hate"": ""rule_mapping_from_human_score"", ""group"": ""user_discussion"", ""attack_severity"": ""user_discussion""}","{""path"": ""sentence-completion-v1/snapshots/bf6acc5fbfa04d5263ec117ead04d701b4b6fc8ca45cfe3994edf0b0ff9d7d5e/current-sentences.json"", ""sha256"": ""6b12499e0320d3c93bb2ae154fc677f455240af7499ea29977dc3c5a9c96b3d4""}"
demo:936,demo,hate,"[""Region""]",2,,,,,,,,,,explicit_user_bulk_acceptance,"{""hate"": ""rule_mapping_from_ai_score"", ""group"": ""ai_note"", ""attack_severity"": ""ai_note""}","{""path"": ""sentence-completion-v1/snapshots/bf6acc5fbfa04d5263ec117ead04d701b4b6fc8ca45cfe3994edf0b0ff9d7d5e/current-sentences.json"", ""sha256"": ""6b12499e0320d3c93bb2ae154fc677f455240af7499ea29977dc3c5a9c96b3d4""}"
demo:986,demo,hate,"[""Region""]",2,,,,,,,,,,explicit_user_bulk_acceptance,"{""hate"": ""rule_mapping_from_human_score"", ""group"": ""ai_note"", ""attack_severity"": ""user_discussion""}","{""path"": ""sentence-completion-v1/snapshots/bf6acc5fbfa04d5263ec117ead04d701b4b6fc8ca45cfe3994edf0b0ff9d7d5e/current-sentences.json"", ""sha256"": ""6b12499e0320d3c93bb2ae154fc677f455240af7499ea29977dc3c5a9c96b3d4""}"
demo:996,demo,non-hate,"[""Racism"", ""Region"", ""Sexism""]",0,,,,,,,,,,explicit_user_bulk_acceptance,"{""hate"": ""rule_mapping_from_human_score"", ""group"": ""ai_note"", ""attack_severity"": ""user_discussion""}","{""path"": ""sentence-completion-v1/snapshots/bf6acc5fbfa04d5263ec117ead04d701b4b6fc8ca45cfe3994edf0b0ff9d7d5e/current-sentences.json"", ""sha256"": ""6b12499e0320d3c93bb2ae154fc677f455240af7499ea29977dc3c5a9c96b3d4""}"
hit:1128:demo:1180:lex-0073:sense:01:5:8,hit,,,,,,valid_sense,inapplicable,,,,,,explicit_user_bulk_acceptance,"{""query_fit"": ""ai_note"", ""source_fit"": ""ai_note""}","{""path"": ""resource-reviews-v1/hits/snapshots/dd12bb63a72611923b53c6bd9f92d78af71ea995274eb860d1182c4c9bf3246b/reviews.json"", ""sha256"": ""dd12bb63a72611923b53c6bd9f92d78af71ea995274eb860d1182c4c9bf3246b""}"
hit:1128:demo:387:lex-0282:sense:01:6:8,hit,,,,,,valid_sense,inapplicable,,,,,,explicit_user_bulk_acceptance,"{""query_fit"": ""ai_note"", ""source_fit"": ""ai_note""}","{""path"": ""resource-reviews-v1/hits/snapshots/dd12bb63a72611923b53c6bd9f92d78af71ea995274eb860d1182c4c9bf3246b/reviews.json"", ""sha256"": ""dd12bb63a72611923b53c6bd9f92d78af71ea995274eb860d1182c4c9bf3246b""}"
hit:1160:demo:1509:lex-0185:sense:01:0:2,hit,,,,,,valid_sense,inapplicable,,,,,,explicit_user_bulk_acceptance,"{""query_fit"": ""ai_note"", ""source_fit"": ""ai_note""}","{""path"": ""resource-reviews-v1/hits/snapshots/dd12bb63a72611923b53c6bd9f92d78af71ea995274eb860d1182c4c9bf3246b/reviews.json"", ""sha256"": ""dd12bb63a72611923b53c6bd9f92d78af71ea995274eb860d1182c4c9bf3246b""}"
hit:1160:demo:1509:lex-0438:sense:01:8:10,hit,,,,,,valid_sense,inapplicable,,,,,,explicit_user_bulk_acceptance,"{""query_fit"": ""ai_note"", ""source_fit"": ""ai_note""}","{""path"": ""resource-reviews-v1/hits/snapshots/dd12bb63a72611923b53c6bd9f92d78af71ea995274eb860d1182c4c9bf3246b/reviews.json"", ""sha256"": ""dd12bb63a72611923b53c6bd9f92d78af71ea995274eb860d1182c4c9bf3246b""}"
hit:1160:demo:2682:lex-0069:sense:01:20:22,hit,,,,,,substring_mismatch,inapplicable,,,,,,explicit_user_bulk_acceptance,"{""query_fit"": ""ai_note"", ""source_fit"": ""ai_note""}","{""path"": ""resource-reviews-v1/hits/snapshots/dd12bb63a72611923b53c6bd9f92d78af71ea995274eb860d1182c4c9bf3246b/reviews.json"", ""sha256"": ""dd12bb63a72611923b53c6bd9f92d78af71ea995274eb860d1182c4c9bf3246b""}"
hit:1160:demo:2682:lex-0731:sense:01:35:37,hit,,,,,,valid_sense,inapplicable,,,,,,explicit_user_bulk_acceptance,"{""query_fit"": ""ai_note"", ""source_fit"": ""ai_note""}","{""path"": ""resource-reviews-v1/hits/snapshots/dd12bb63a72611923b53c6bd9f92d78af71ea995274eb860d1182c4c9bf3246b/reviews.json"", ""sha256"": ""dd12bb63a72611923b53c6bd9f92d78af71ea995274eb860d1182c4c9bf3246b""}"
hit:1160:demo:6114:lex-0068:sense:01:22:24,hit,,,,,,valid_sense,inapplicable,,,,,,explicit_user_bulk_acceptance,"{""query_fit"": ""ai_note"", ""source_fit"": ""ai_note""}","{""path"": ""resource-reviews-v1/hits/snapshots/dd12bb63a72611923b53c6bd9f92d78af71ea995274eb860d1182c4c9bf3246b/reviews.json"", ""sha256"": ""dd12bb63a72611923b53c6bd9f92d78af71ea995274eb860d1182c4c9bf3246b""}"
hit:1160:demo:6114:lex-0068:sense:01:47:49,hit,,,,,,valid_sense,inapplicable,,,,,,explicit_user_bulk_acceptance,"{""query_fit"": ""ai_note"", ""source_fit"": ""ai_note""}","{""path"": ""resource-reviews-v1/hits/snapshots/dd12bb63a72611923b53c6bd9f92d78af71ea995274eb860d1182c4c9bf3246b/reviews.json"", ""sha256"": ""dd12bb63a72611923b53c6bd9f92d78af71ea995274eb860d1182c4c9bf3246b""}"
hit:1160:demo:6114:lex-0068:sense:01:52:54,hit,,,,,,valid_sense,inapplicable,,,,,,explicit_user_bulk_acceptance,"{""query_fit"": ""ai_note"", ""source_fit"": ""ai_note""}","{""path"": ""resource-reviews-v1/hits/snapshots/dd12bb63a72611923b53c6bd9f92d78af71ea995274eb860d1182c4c9bf3246b/reviews.json"", ""sha256"": ""dd12bb63a72611923b53c6bd9f92d78af71ea995274eb860d1182c4c9bf3246b""}"
hit:1160:demo:6114:lex-0068:sense:01:7:9,hit,,,,,,valid_sense,inapplicable,,,,,,explicit_user_bulk_acceptance,"{""query_fit"": ""ai_note"", ""source_fit"": ""ai_note""}","{""path"": ""resource-reviews-v1/hits/snapshots/dd12bb63a72611923b53c6bd9f92d78af71ea995274eb860d1182c4c9bf3246b/reviews.json"", ""sha256"": ""dd12bb63a72611923b53c6bd9f92d78af71ea995274eb860d1182c4c9bf3246b""}"
hit:1160:demo:6114:lex-0069:sense:01:13:15,hit,,,,,,valid_sense,inapplicable,,,,,,explicit_user_bulk_acceptance,"{""query_fit"": ""ai_note"", ""source_fit"": ""ai_note""}","{""path"": ""resource-reviews-v1/hits/snapshots/dd12bb63a72611923b53c6bd9f92d78af71ea995274eb860d1182c4c9bf3246b/reviews.json"", ""sha256"": ""dd12bb63a72611923b53c6bd9f92d78af71ea995274eb860d1182c4c9bf3246b""}"
hit:1160:demo:6114:lex-0185:sense:01:29:31,hit,,,,,,valid_sense,inapplicable,,,,,,explicit_user_bulk_acceptance,"{""query_fit"": ""ai_note"", ""source_fit"": ""ai_note""}","{""path"": ""resource-reviews-v1/hits/snapshots/dd12bb63a72611923b53c6bd9f92d78af71ea995274eb860d1182c4c9bf3246b/reviews.json"", ""sha256"": ""dd12bb63a72611923b53c6bd9f92d78af71ea995274eb860d1182c4c9bf3246b""}"
hit:1160:demo:6852:lex-0032:sense:01:0:3,hit,,,,,,valid_sense,inapplicable,,,,,,explicit_user_bulk_acceptance,"{""query_fit"": ""ai_note"", ""source_fit"": ""ai_note""}","{""path"": ""resource-reviews-v1/hits/snapshots/dd12bb63a72611923b53c6bd9f92d78af71ea995274eb860d1182c4c9bf3246b/reviews.json"", ""sha256"": ""dd12bb63a72611923b53c6bd9f92d78af71ea995274eb860d1182c4c9bf3246b""}"
hit:1160:demo:6852:lex-0069:sense:01:14:16,hit,,,,,,substring_mismatch,inapplicable,,,,,,explicit_user_bulk_acceptance,"{""query_fit"": ""ai_note"", ""source_fit"": ""user_discussion""}","{""path"": ""resource-reviews-v1/hits/snapshots/dd12bb63a72611923b53c6bd9f92d78af71ea995274eb860d1182c4c9bf3246b/reviews.json"", ""sha256"": ""dd12bb63a72611923b53c6bd9f92d78af71ea995274eb860d1182c4c9bf3246b""}"
hit:1160:demo:6852:lex-0069:sense:01:25:27,hit,,,,,,substring_mismatch,inapplicable,,,,,,explicit_user_bulk_acceptance,"{""query_fit"": ""ai_note"", ""source_fit"": ""user_discussion""}","{""path"": ""resource-reviews-v1/hits/snapshots/dd12bb63a72611923b53c6bd9f92d78af71ea995274eb860d1182c4c9bf3246b/reviews.json"", ""sha256"": ""dd12bb63a72611923b53c6bd9f92d78af71ea995274eb860d1182c4c9bf3246b""}"
hit:1160:demo:7464:lex-0112:sense:01:0:2,hit,,,,,,valid_sense,inapplicable,,,,,,explicit_user_bulk_acceptance,"{""query_fit"": ""ai_note"", ""source_fit"": ""ai_note""}","{""path"": ""resource-reviews-v1/hits/snapshots/dd12bb63a72611923b53c6bd9f92d78af71ea995274eb860d1182c4c9bf3246b/reviews.json"", ""sha256"": ""dd12bb63a72611923b53c6bd9f92d78af71ea995274eb860d1182c4c9bf3246b""}"
hit:1160:demo:7464:lex-0112:sense:01:24:26,hit,,,,,,valid_sense,inapplicable,,,,,,explicit_user_bulk_acceptance,"{""query_fit"": ""ai_note"", ""source_fit"": ""ai_note""}","{""path"": ""resource-reviews-v1/hits/snapshots/dd12bb63a72611923b53c6bd9f92d78af71ea995274eb860d1182c4c9bf3246b/reviews.json"", ""sha256"": ""dd12bb63a72611923b53c6bd9f92d78af71ea995274eb860d1182c4c9bf3246b""}"
hit:1160:demo:7959:lex-0455:sense:01:5:8,hit,,,,,,uncertain,inapplicable,,,,,,explicit_user_bulk_acceptance,"{""query_fit"": ""ai_note"", ""source_fit"": ""user_discussion""}","{""path"": ""resource-reviews-v1/hits/snapshots/dd12bb63a72611923b53c6bd9f92d78af71ea995274eb860d1182c4c9bf3246b/reviews.json"", ""sha256"": ""dd12bb63a72611923b53c6bd9f92d78af71ea995274eb860d1182c4c9bf3246b""}"
hit:1292:demo:2554:lex-0525:sense:01:3:8,hit,,,,,,valid_sense,inapplicable,,,,,,explicit_user_bulk_acceptance,"{""query_fit"": ""ai_note"", ""source_fit"": ""ai_note""}","{""path"": ""resource-reviews-v1/hits/snapshots/dd12bb63a72611923b53c6bd9f92d78af71ea995274eb860d1182c4c9bf3246b/reviews.json"", ""sha256"": ""dd12bb63a72611923b53c6bd9f92d78af71ea995274eb860d1182c4c9bf3246b""}"
hit:1292:demo:2759:lex-0455:sense:01:33:36,hit,,,,,,valid_sense,inapplicable,,,,,,explicit_user_bulk_acceptance,"{""query_fit"": ""ai_note"", ""source_fit"": ""ai_note""}","{""path"": ""resource-reviews-v1/hits/snapshots/dd12bb63a72611923b53c6bd9f92d78af71ea995274eb860d1182c4c9bf3246b/reviews.json"", ""sha256"": ""dd12bb63a72611923b53c6bd9f92d78af71ea995274eb860d1182c4c9bf3246b""}"
hit:1292:query:1292:lex-0527:sense:01:0:5,hit,,,,,,valid_sense,applicable,,,,,,explicit_user_bulk_acceptance,"{""query_fit"": ""ai_note"", ""source_fit"": ""ai_note""}","{""path"": ""resource-reviews-v1/hits/snapshots/dd12bb63a72611923b53c6bd9f92d78af71ea995274eb860d1182c4c9bf3246b/reviews.json"", ""sha256"": ""dd12bb63a72611923b53c6bd9f92d78af71ea995274eb860d1182c4c9bf3246b""}"
hit:1746:demo:1859:lex-0129:sense:01:26:28,hit,,,,,,valid_sense,inapplicable,,,,,,explicit_user_bulk_acceptance,"{""query_fit"": ""ai_note"", ""source_fit"": ""ai_note""}","{""path"": ""resource-reviews-v1/hits/snapshots/dd12bb63a72611923b53c6bd9f92d78af71ea995274eb860d1182c4c9bf3246b/reviews.json"", ""sha256"": ""dd12bb63a72611923b53c6bd9f92d78af71ea995274eb860d1182c4c9bf3246b""}"
hit:1746:demo:2445:lex-0119:sense:01:23:25,hit,,,,,,substring_mismatch,inapplicable,,,,,,explicit_user_bulk_acceptance,"{""query_fit"": ""ai_note"", ""source_fit"": ""ai_note""}","{""path"": ""resource-reviews-v1/hits/snapshots/dd12bb63a72611923b53c6bd9f92d78af71ea995274eb860d1182c4c9bf3246b/reviews.json"", ""sha256"": ""dd12bb63a72611923b53c6bd9f92d78af71ea995274eb860d1182c4c9bf3246b""}"
hit:1746:demo:6644:lex-0069:sense:01:10:12,hit,,,,,,substring_mismatch,inapplicable,,,,,,explicit_user_bulk_acceptance,"{""query_fit"": ""ai_note"", ""source_fit"": ""ai_note""}","{""path"": ""resource-reviews-v1/hits/snapshots/dd12bb63a72611923b53c6bd9f92d78af71ea995274eb860d1182c4c9bf3246b/reviews.json"", ""sha256"": ""dd12bb63a72611923b53c6bd9f92d78af71ea995274eb860d1182c4c9bf3246b""}"
hit:1746:demo:7880:lex-0532:sense:01:6:7,hit,,,,,,substring_mismatch,inapplicable,,,,,,explicit_user_bulk_acceptance,"{""query_fit"": ""ai_note"", ""source_fit"": ""ai_note""}","{""path"": ""resource-reviews-v1/hits/snapshots/dd12bb63a72611923b53c6bd9f92d78af71ea995274eb860d1182c4c9bf3246b/reviews.json"", ""sha256"": ""dd12bb63a72611923b53c6bd9f92d78af71ea995274eb860d1182c4c9bf3246b""}"
hit:1746:query:1746:lex-0453:sense:01:10:12,hit,,,,,,valid_sense,applicable,,,,,,explicit_user_bulk_acceptance,"{""query_fit"": ""ai_note"", ""source_fit"": ""ai_note""}","{""path"": ""resource-reviews-v1/hits/snapshots/dd12bb63a72611923b53c6bd9f92d78af71ea995274eb860d1182c4c9bf3246b/reviews.json"", ""sha256"": ""dd12bb63a72611923b53c6bd9f92d78af71ea995274eb860d1182c4c9bf3246b""}"
hit:1746:query:1746:lex-new-85a9a8e7d39af4a3:sense:01:18:19,hit,,,,,,valid_sense,applicable,,,,,,explicit_user_bulk_acceptance,"{""query_fit"": ""ai_note"", ""source_fit"": ""ai_note""}","{""path"": ""resource-reviews-v1/hits/snapshots/dd12bb63a72611923b53c6bd9f92d78af71ea995274eb860d1182c4c9bf3246b/reviews.json"", ""sha256"": ""dd12bb63a72611923b53c6bd9f92d78af71ea995274eb860d1182c4c9bf3246b""}"
hit:1900:demo:3619:lex-0057:sense:01:114:116,hit,,,,,,valid_sense,inapplicable,,,,,,explicit_user_bulk_acceptance,"{""query_fit"": ""ai_note"", ""source_fit"": ""ai_note""}","{""path"": ""resource-reviews-v1/hits/snapshots/dd12bb63a72611923b53c6bd9f92d78af71ea995274eb860d1182c4c9bf3246b/reviews.json"", ""sha256"": ""dd12bb63a72611923b53c6bd9f92d78af71ea995274eb860d1182c4c9bf3246b""}"
hit:1900:demo:3619:lex-0057:sense:01:142:144,hit,,,,,,valid_sense,inapplicable,,,,,,explicit_user_bulk_acceptance,"{""query_fit"": ""ai_note"", ""source_fit"": ""ai_note""}","{""path"": ""resource-reviews-v1/hits/snapshots/dd12bb63a72611923b53c6bd9f92d78af71ea995274eb860d1182c4c9bf3246b/reviews.json"", ""sha256"": ""dd12bb63a72611923b53c6bd9f92d78af71ea995274eb860d1182c4c9bf3246b""}"
hit:1900:demo:3619:lex-0117:sense:01:45:48,hit,,,,,,valid_sense,inapplicable,,,,,,explicit_user_bulk_acceptance,"{""query_fit"": ""ai_note"", ""source_fit"": ""ai_note""}","{""path"": ""resource-reviews-v1/hits/snapshots/dd12bb63a72611923b53c6bd9f92d78af71ea995274eb860d1182c4c9bf3246b/reviews.json"", ""sha256"": ""dd12bb63a72611923b53c6bd9f92d78af71ea995274eb860d1182c4c9bf3246b""}"
hit:1900:demo:3619:lex-0117:sense:01:8:11,hit,,,,,,valid_sense,inapplicable,,,,,,explicit_user_bulk_acceptance,"{""query_fit"": ""ai_note"", ""source_fit"": ""ai_note""}","{""path"": ""resource-reviews-v1/hits/snapshots/dd12bb63a72611923b53c6bd9f92d78af71ea995274eb860d1182c4c9bf3246b/reviews.json"", ""sha256"": ""dd12bb63a72611923b53c6bd9f92d78af71ea995274eb860d1182c4c9bf3246b""}"
hit:1900:demo:3749:lex-0069:sense:01:66:68,hit,,,,,,substring_mismatch,inapplicable,,,,,,explicit_user_bulk_acceptance,"{""query_fit"": ""ai_note"", ""source_fit"": ""ai_note""}","{""path"": ""resource-reviews-v1/hits/snapshots/dd12bb63a72611923b53c6bd9f92d78af71ea995274eb860d1182c4c9bf3246b/reviews.json"", ""sha256"": ""dd12bb63a72611923b53c6bd9f92d78af71ea995274eb860d1182c4c9bf3246b""}"
hit:1900:demo:3749:lex-0090:sense:01:119:121,hit,,,,,,valid_sense,inapplicable,,,,,,explicit_user_bulk_acceptance,"{""query_fit"": ""ai_note"", ""source_fit"": ""ai_note""}","{""path"": ""resource-reviews-v1/hits/snapshots/dd12bb63a72611923b53c6bd9f92d78af71ea995274eb860d1182c4c9bf3246b/reviews.json"", ""sha256"": ""dd12bb63a72611923b53c6bd9f92d78af71ea995274eb860d1182c4c9bf3246b""}"
hit:1900:demo:3749:lex-0090:sense:01:129:131,hit,,,,,,valid_sense,inapplicable,,,,,,explicit_user_bulk_acceptance,"{""query_fit"": ""ai_note"", ""source_fit"": ""ai_note""}","{""path"": ""resource-reviews-v1/hits/snapshots/dd12bb63a72611923b53c6bd9f92d78af71ea995274eb860d1182c4c9bf3246b/reviews.json"", ""sha256"": ""dd12bb63a72611923b53c6bd9f92d78af71ea995274eb860d1182c4c9bf3246b""}"
hit:1900:demo:3749:lex-0090:sense:01:15:17,hit,,,,,,valid_sense,inapplicable,,,,,,explicit_user_bulk_acceptance,"{""query_fit"": ""ai_note"", ""source_fit"": ""ai_note""}","{""path"": ""resource-reviews-v1/hits/snapshots/dd12bb63a72611923b53c6bd9f92d78af71ea995274eb860d1182c4c9bf3246b/reviews.json"", ""sha256"": ""dd12bb63a72611923b53c6bd9f92d78af71ea995274eb860d1182c4c9bf3246b""}"
hit:1900:demo:3749:lex-0090:sense:01:9:11,hit,,,,,,valid_sense,inapplicable,,,,,,explicit_user_bulk_acceptance,"{""query_fit"": ""ai_note"", ""source_fit"": ""ai_note""}","{""path"": ""resource-reviews-v1/hits/snapshots/dd12bb63a72611923b53c6bd9f92d78af71ea995274eb860d1182c4c9bf3246b/reviews.json"", ""sha256"": ""dd12bb63a72611923b53c6bd9f92d78af71ea995274eb860d1182c4c9bf3246b""}"
hit:1900:demo:3749:lex-0679:sense:01:81:83,hit,,,,,,valid_sense,inapplicable,,,,,,explicit_user_bulk_acceptance,"{""query_fit"": ""ai_note"", ""source_fit"": ""ai_note""}","{""path"": ""resource-reviews-v1/hits/snapshots/dd12bb63a72611923b53c6bd9f92d78af71ea995274eb860d1182c4c9bf3246b/reviews.json"", ""sha256"": ""dd12bb63a72611923b53c6bd9f92d78af71ea995274eb860d1182c4c9bf3246b""}"
hit:1900:demo:5135:lex-0117:sense:01:66:69,hit,,,,,,valid_sense,inapplicable,,,,,,explicit_user_bulk_acceptance,"{""query_fit"": ""ai_note"", ""source_fit"": ""ai_note""}","{""path"": ""resource-reviews-v1/hits/snapshots/dd12bb63a72611923b53c6bd9f92d78af71ea995274eb860d1182c4c9bf3246b/reviews.json"", ""sha256"": ""dd12bb63a72611923b53c6bd9f92d78af71ea995274eb860d1182c4c9bf3246b""}"
hit:1900:demo:6083:lex-0267:sense:01:53:54,hit,,,,,,substring_mismatch,inapplicable,,,,,,explicit_user_bulk_acceptance,"{""query_fit"": ""ai_note"", ""source_fit"": ""user_discussion""}","{""path"": ""resource-reviews-v1/hits/snapshots/dd12bb63a72611923b53c6bd9f92d78af71ea995274eb860d1182c4c9bf3246b/reviews.json"", ""sha256"": ""dd12bb63a72611923b53c6bd9f92d78af71ea995274eb860d1182c4c9bf3246b""}"
hit:1900:demo:6083:lex-0327:sense:01:29:31,hit,,,,,,valid_sense,inapplicable,,,,,,explicit_user_bulk_acceptance,"{""query_fit"": ""ai_note"", ""source_fit"": ""ai_note""}","{""path"": ""resource-reviews-v1/hits/snapshots/dd12bb63a72611923b53c6bd9f92d78af71ea995274eb860d1182c4c9bf3246b/reviews.json"", ""sha256"": ""dd12bb63a72611923b53c6bd9f92d78af71ea995274eb860d1182c4c9bf3246b""}"
hit:1900:demo:6083:lex-0327:sense:01:36:38,hit,,,,,,valid_sense,inapplicable,,,,,,explicit_user_bulk_acceptance,"{""query_fit"": ""ai_note"", ""source_fit"": ""ai_note""}","{""path"": ""resource-reviews-v1/hits/snapshots/dd12bb63a72611923b53c6bd9f92d78af71ea995274eb860d1182c4c9bf3246b/reviews.json"", ""sha256"": ""dd12bb63a72611923b53c6bd9f92d78af71ea995274eb860d1182c4c9bf3246b""}"
hit:1900:demo:6083:lex-0327:sense:01:59:61,hit,,,,,,valid_sense,inapplicable,,,,,,explicit_user_bulk_acceptance,"{""query_fit"": ""ai_note"", ""source_fit"": ""ai_note""}","{""path"": ""resource-reviews-v1/hits/snapshots/dd12bb63a72611923b53c6bd9f92d78af71ea995274eb860d1182c4c9bf3246b/reviews.json"", ""sha256"": ""dd12bb63a72611923b53c6bd9f92d78af71ea995274eb860d1182c4c9bf3246b""}"
hit:1900:demo:6083:lex-0506:sense:01:41:44,hit,,,,,,valid_sense,inapplicable,,,,,,explicit_user_bulk_acceptance,"{""query_fit"": ""ai_note"", ""source_fit"": ""ai_note""}","{""path"": ""resource-reviews-v1/hits/snapshots/dd12bb63a72611923b53c6bd9f92d78af71ea995274eb860d1182c4c9bf3246b/reviews.json"", ""sha256"": ""dd12bb63a72611923b53c6bd9f92d78af71ea995274eb860d1182c4c9bf3246b""}"
hit:1900:demo:7556:lex-0494:sense:01:88:90,hit,,,,,,valid_sense,inapplicable,,,,,,explicit_user_bulk_acceptance,"{""query_fit"": ""ai_note"", ""source_fit"": ""ai_note""}","{""path"": ""resource-reviews-v1/hits/snapshots/dd12bb63a72611923b53c6bd9f92d78af71ea995274eb860d1182c4c9bf3246b/reviews.json"", ""sha256"": ""dd12bb63a72611923b53c6bd9f92d78af71ea995274eb860d1182c4c9bf3246b""}"
hit:1900:demo:7694:lex-0048:sense:01:24:26,hit,,,,,,valid_sense,inapplicable,,,,,,explicit_user_bulk_acceptance,"{""query_fit"": ""ai_note"", ""source_fit"": ""ai_note""}","{""path"": ""resource-reviews-v1/hits/snapshots/dd12bb63a72611923b53c6bd9f92d78af71ea995274eb860d1182c4c9bf3246b/reviews.json"", ""sha256"": ""dd12bb63a72611923b53c6bd9f92d78af71ea995274eb860d1182c4c9bf3246b""}"
hit:1900:demo:936:lex-0008:sense:01:41:42,hit,,,,,,substring_mismatch,inapplicable,,,,,,explicit_user_bulk_acceptance,"{""query_fit"": ""ai_note"", ""source_fit"": ""ai_note""}","{""path"": ""resource-reviews-v1/hits/snapshots/dd12bb63a72611923b53c6bd9f92d78af71ea995274eb860d1182c4c9bf3246b/reviews.json"", ""sha256"": ""dd12bb63a72611923b53c6bd9f92d78af71ea995274eb860d1182c4c9bf3246b""}"
hit:1900:demo:936:lex-0334:sense:01:70:73,hit,,,,,,valid_sense,inapplicable,,,,,,explicit_user_bulk_acceptance,"{""query_fit"": ""ai_note"", ""source_fit"": ""ai_note""}","{""path"": ""resource-reviews-v1/hits/snapshots/dd12bb63a72611923b53c6bd9f92d78af71ea995274eb860d1182c4c9bf3246b/reviews.json"", ""sha256"": ""dd12bb63a72611923b53c6bd9f92d78af71ea995274eb860d1182c4c9bf3246b""}"
hit:1900:demo:936:lex-0340:sense:01:57:59,hit,,,,,,valid_sense,inapplicable,,,,,,explicit_user_bulk_acceptance,"{""query_fit"": ""ai_note"", ""source_fit"": ""ai_note""}","{""path"": ""resource-reviews-v1/hits/snapshots/dd12bb63a72611923b53c6bd9f92d78af71ea995274eb860d1182c4c9bf3246b/reviews.json"", ""sha256"": ""dd12bb63a72611923b53c6bd9f92d78af71ea995274eb860d1182c4c9bf3246b""}"
hit:1900:query:1900:lex-0624:sense:01:31:34,hit,,,,,,valid_sense,applicable,,,,,,explicit_user_bulk_acceptance,"{""query_fit"": ""ai_note"", ""source_fit"": ""ai_note""}","{""path"": ""resource-reviews-v1/hits/snapshots/dd12bb63a72611923b53c6bd9f92d78af71ea995274eb860d1182c4c9bf3246b/reviews.json"", ""sha256"": ""dd12bb63a72611923b53c6bd9f92d78af71ea995274eb860d1182c4c9bf3246b""}"
hit:2011:demo:2101:lex-0545:sense:01:39:41,hit,,,,,,valid_sense,inapplicable,,,,,,explicit_user_bulk_acceptance,"{""query_fit"": ""ai_note"", ""source_fit"": ""ai_note""}","{""path"": ""resource-reviews-v1/hits/snapshots/dd12bb63a72611923b53c6bd9f92d78af71ea995274eb860d1182c4c9bf3246b/reviews.json"", ""sha256"": ""dd12bb63a72611923b53c6bd9f92d78af71ea995274eb860d1182c4c9bf3246b""}"
hit:2011:demo:2132:lex-0383:sense:01:15:17,hit,,,,,,valid_sense,inapplicable,,,,,,explicit_user_bulk_acceptance,"{""query_fit"": ""ai_note"", ""source_fit"": ""ai_note""}","{""path"": ""resource-reviews-v1/hits/snapshots/dd12bb63a72611923b53c6bd9f92d78af71ea995274eb860d1182c4c9bf3246b/reviews.json"", ""sha256"": ""dd12bb63a72611923b53c6bd9f92d78af71ea995274eb860d1182c4c9bf3246b""}"
hit:2011:demo:2132:lex-0384:sense:01:20:22,hit,,,,,,valid_sense,inapplicable,,,,,,explicit_user_bulk_acceptance,"{""query_fit"": ""ai_note"", ""source_fit"": ""ai_note""}","{""path"": ""resource-reviews-v1/hits/snapshots/dd12bb63a72611923b53c6bd9f92d78af71ea995274eb860d1182c4c9bf3246b/reviews.json"", ""sha256"": ""dd12bb63a72611923b53c6bd9f92d78af71ea995274eb860d1182c4c9bf3246b""}"
hit:2011:demo:3463:lex-0310:sense:01:65:67,hit,,,,,,valid_sense,inapplicable,,,,,,explicit_user_bulk_acceptance,"{""query_fit"": ""ai_note"", ""source_fit"": ""ai_note""}","{""path"": ""resource-reviews-v1/hits/snapshots/dd12bb63a72611923b53c6bd9f92d78af71ea995274eb860d1182c4c9bf3246b/reviews.json"", ""sha256"": ""dd12bb63a72611923b53c6bd9f92d78af71ea995274eb860d1182c4c9bf3246b""}"
hit:2011:demo:3463:lex-0437:sense:01:248:250,hit,,,,,,valid_sense,inapplicable,,,,,,explicit_user_bulk_acceptance,"{""query_fit"": ""ai_note"", ""source_fit"": ""ai_note""}","{""path"": ""resource-reviews-v1/hits/snapshots/dd12bb63a72611923b53c6bd9f92d78af71ea995274eb860d1182c4c9bf3246b/reviews.json"", ""sha256"": ""dd12bb63a72611923b53c6bd9f92d78af71ea995274eb860d1182c4c9bf3246b""}"
hit:2011:demo:3784:lex-0068:sense:01:103:105,hit,,,,,,valid_sense,inapplicable,,,,,,explicit_user_bulk_acceptance,"{""query_fit"": ""ai_note"", ""source_fit"": ""ai_note""}","{""path"": ""resource-reviews-v1/hits/snapshots/dd12bb63a72611923b53c6bd9f92d78af71ea995274eb860d1182c4c9bf3246b/reviews.json"", ""sha256"": ""dd12bb63a72611923b53c6bd9f92d78af71ea995274eb860d1182c4c9bf3246b""}"
hit:2011:demo:3784:lex-0468:sense:01:109:112,hit,,,,,,valid_sense,inapplicable,,,,,,explicit_user_bulk_acceptance,"{""query_fit"": ""ai_note"", ""source_fit"": ""ai_note""}","{""path"": ""resource-reviews-v1/hits/snapshots/dd12bb63a72611923b53c6bd9f92d78af71ea995274eb860d1182c4c9bf3246b/reviews.json"", ""sha256"": ""dd12bb63a72611923b53c6bd9f92d78af71ea995274eb860d1182c4c9bf3246b""}"
hit:2011:demo:5734:lex-0327:sense:01:136:138,hit,,,,,,valid_sense,inapplicable,,,,,,explicit_user_bulk_acceptance,"{""query_fit"": ""ai_note"", ""source_fit"": ""ai_note""}","{""path"": ""resource-reviews-v1/hits/snapshots/dd12bb63a72611923b53c6bd9f92d78af71ea995274eb860d1182c4c9bf3246b/reviews.json"", ""sha256"": ""dd12bb63a72611923b53c6bd9f92d78af71ea995274eb860d1182c4c9bf3246b""}"
hit:2011:demo:7253:lex-0135:sense:01:5:7,hit,,,,,,valid_sense,inapplicable,,,,,,explicit_user_bulk_acceptance,"{""query_fit"": ""ai_note"", ""source_fit"": ""ai_note""}","{""path"": ""resource-reviews-v1/hits/snapshots/dd12bb63a72611923b53c6bd9f92d78af71ea995274eb860d1182c4c9bf3246b/reviews.json"", ""sha256"": ""dd12bb63a72611923b53c6bd9f92d78af71ea995274eb860d1182c4c9bf3246b""}"
hit:2297:demo:3502:lex-0343:sense:01:6:8,hit,,,,,,wrong_sense,inapplicable,,,,,,explicit_user_bulk_acceptance,"{""query_fit"": ""ai_note"", ""source_fit"": ""ai_note""}","{""path"": ""resource-reviews-v1/hits/snapshots/dd12bb63a72611923b53c6bd9f92d78af71ea995274eb860d1182c4c9bf3246b/reviews.json"", ""sha256"": ""dd12bb63a72611923b53c6bd9f92d78af71ea995274eb860d1182c4c9bf3246b""}"
hit:2297:demo:4272:lex-0082:sense:01:41:45,hit,,,,,,valid_sense,inapplicable,,,,,,explicit_user_bulk_acceptance,"{""query_fit"": ""ai_note"", ""source_fit"": ""ai_note""}","{""path"": ""resource-reviews-v1/hits/snapshots/dd12bb63a72611923b53c6bd9f92d78af71ea995274eb860d1182c4c9bf3246b/reviews.json"", ""sha256"": ""dd12bb63a72611923b53c6bd9f92d78af71ea995274eb860d1182c4c9bf3246b""}"
hit:2297:demo:4352:lex-0635:sense:01:59:60,hit,,,,,,substring_mismatch,inapplicable,,,,,,explicit_user_bulk_acceptance,"{""query_fit"": ""ai_note"", ""source_fit"": ""ai_note""}","{""path"": ""resource-reviews-v1/hits/snapshots/dd12bb63a72611923b53c6bd9f92d78af71ea995274eb860d1182c4c9bf3246b/reviews.json"", ""sha256"": ""dd12bb63a72611923b53c6bd9f92d78af71ea995274eb860d1182c4c9bf3246b""}"
hit:2297:demo:5394:lex-0073:sense:01:65:68,hit,,,,,,valid_sense,inapplicable,,,,,,explicit_user_bulk_acceptance,"{""query_fit"": ""ai_note"", ""source_fit"": ""ai_note""}","{""path"": ""resource-reviews-v1/hits/snapshots/dd12bb63a72611923b53c6bd9f92d78af71ea995274eb860d1182c4c9bf3246b/reviews.json"", ""sha256"": ""dd12bb63a72611923b53c6bd9f92d78af71ea995274eb860d1182c4c9bf3246b""}"
hit:2297:demo:5394:lex-0175:sense:01:44:46,hit,,,,,,valid_sense,inapplicable,,,,,,explicit_user_bulk_acceptance,"{""query_fit"": ""ai_note"", ""source_fit"": ""ai_note""}","{""path"": ""resource-reviews-v1/hits/snapshots/dd12bb63a72611923b53c6bd9f92d78af71ea995274eb860d1182c4c9bf3246b/reviews.json"", ""sha256"": ""dd12bb63a72611923b53c6bd9f92d78af71ea995274eb860d1182c4c9bf3246b""}"
hit:2297:demo:924:lex-0104:sense:01:55:56,hit,,,,,,substring_mismatch,inapplicable,,,,,,explicit_user_bulk_acceptance,"{""query_fit"": ""ai_note"", ""source_fit"": ""ai_note""}","{""path"": ""resource-reviews-v1/hits/snapshots/dd12bb63a72611923b53c6bd9f92d78af71ea995274eb860d1182c4c9bf3246b/reviews.json"", ""sha256"": ""dd12bb63a72611923b53c6bd9f92d78af71ea995274eb860d1182c4c9bf3246b""}"
hit:2802:demo:159:lex-0212:sense:01:6:10,hit,,,,,,valid_sense,inapplicable,,,,,,explicit_user_bulk_acceptance,"{""query_fit"": ""ai_note"", ""source_fit"": ""ai_note""}","{""path"": ""resource-reviews-v1/hits/snapshots/dd12bb63a72611923b53c6bd9f92d78af71ea995274eb860d1182c4c9bf3246b/reviews.json"", ""sha256"": ""dd12bb63a72611923b53c6bd9f92d78af71ea995274eb860d1182c4c9bf3246b""}"
hit:2802:demo:1729:lex-0108:sense:01:29:32,hit,,,,,,valid_sense,applicable,,,,,,explicit_user_bulk_acceptance,"{""query_fit"": ""ai_note"", ""source_fit"": ""ai_note""}","{""path"": ""resource-reviews-v1/hits/snapshots/dd12bb63a72611923b53c6bd9f92d78af71ea995274eb860d1182c4c9bf3246b/reviews.json"", ""sha256"": ""dd12bb63a72611923b53c6bd9f92d78af71ea995274eb860d1182c4c9bf3246b""}"
hit:2802:demo:1729:lex-0380:sense:01:10:12,hit,,,,,,valid_sense,inapplicable,,,,,,explicit_user_bulk_acceptance,"{""query_fit"": ""ai_note"", ""source_fit"": ""ai_note""}","{""path"": ""resource-reviews-v1/hits/snapshots/dd12bb63a72611923b53c6bd9f92d78af71ea995274eb860d1182c4c9bf3246b/reviews.json"", ""sha256"": ""dd12bb63a72611923b53c6bd9f92d78af71ea995274eb860d1182c4c9bf3246b""}"
hit:2802:demo:2535:lex-0073:sense:01:2:5,hit,,,,,,valid_sense,inapplicable,,,,,,explicit_user_bulk_acceptance,"{""query_fit"": ""ai_note"", ""source_fit"": ""ai_note""}","{""path"": ""resource-reviews-v1/hits/snapshots/dd12bb63a72611923b53c6bd9f92d78af71ea995274eb860d1182c4c9bf3246b/reviews.json"", ""sha256"": ""dd12bb63a72611923b53c6bd9f92d78af71ea995274eb860d1182c4c9bf3246b""}"
hit:2802:demo:3281:lex-0484:sense:01:11:14,hit,,,,,,valid_sense,inapplicable,,,,,,explicit_user_bulk_acceptance,"{""query_fit"": ""ai_note"", ""source_fit"": ""ai_note""}","{""path"": ""resource-reviews-v1/hits/snapshots/dd12bb63a72611923b53c6bd9f92d78af71ea995274eb860d1182c4c9bf3246b/reviews.json"", ""sha256"": ""dd12bb63a72611923b53c6bd9f92d78af71ea995274eb860d1182c4c9bf3246b""}"
hit:2802:demo:5425:lex-0108:sense:01:2:5,hit,,,,,,valid_sense,applicable,,,,,,explicit_user_bulk_acceptance,"{""query_fit"": ""ai_note"", ""source_fit"": ""ai_note""}","{""path"": ""resource-reviews-v1/hits/snapshots/dd12bb63a72611923b53c6bd9f92d78af71ea995274eb860d1182c4c9bf3246b/reviews.json"", ""sha256"": ""dd12bb63a72611923b53c6bd9f92d78af71ea995274eb860d1182c4c9bf3246b""}"
hit:2802:demo:6629:lex-0080:sense:01:15:18,hit,,,,,,valid_sense,inapplicable,,,,,,explicit_user_bulk_acceptance,"{""query_fit"": ""ai_note"", ""source_fit"": ""ai_note""}","{""path"": ""resource-reviews-v1/hits/snapshots/dd12bb63a72611923b53c6bd9f92d78af71ea995274eb860d1182c4c9bf3246b/reviews.json"", ""sha256"": ""dd12bb63a72611923b53c6bd9f92d78af71ea995274eb860d1182c4c9bf3246b""}"
hit:2802:demo:6629:lex-0080:sense:02:15:18,hit,,,,,,valid_sense,inapplicable,,,,,,explicit_user_bulk_acceptance,"{""query_fit"": ""ai_note"", ""source_fit"": ""ai_note""}","{""path"": ""resource-reviews-v1/hits/snapshots/dd12bb63a72611923b53c6bd9f92d78af71ea995274eb860d1182c4c9bf3246b/reviews.json"", ""sha256"": ""dd12bb63a72611923b53c6bd9f92d78af71ea995274eb860d1182c4c9bf3246b""}"
hit:2802:demo:6629:lex-0108:sense:01:20:23,hit,,,,,,valid_sense,applicable,,,,,,explicit_user_bulk_acceptance,"{""query_fit"": ""ai_note"", ""source_fit"": ""ai_note""}","{""path"": ""resource-reviews-v1/hits/snapshots/dd12bb63a72611923b53c6bd9f92d78af71ea995274eb860d1182c4c9bf3246b/reviews.json"", ""sha256"": ""dd12bb63a72611923b53c6bd9f92d78af71ea995274eb860d1182c4c9bf3246b""}"
hit:2802:demo:6629:lex-0185:sense:01:18:20,hit,,,,,,valid_sense,inapplicable,,,,,,explicit_user_bulk_acceptance,"{""query_fit"": ""ai_note"", ""source_fit"": ""ai_note""}","{""path"": ""resource-reviews-v1/hits/snapshots/dd12bb63a72611923b53c6bd9f92d78af71ea995274eb860d1182c4c9bf3246b/reviews.json"", ""sha256"": ""dd12bb63a72611923b53c6bd9f92d78af71ea995274eb860d1182c4c9bf3246b""}"
hit:2802:demo:6629:lex-0454:sense:01:35:37,hit,,,,,,valid_sense,inapplicable,,,,,,explicit_user_bulk_acceptance,"{""query_fit"": ""ai_note"", ""source_fit"": ""ai_note""}","{""path"": ""resource-reviews-v1/hits/snapshots/dd12bb63a72611923b53c6bd9f92d78af71ea995274eb860d1182c4c9bf3246b/reviews.json"", ""sha256"": ""dd12bb63a72611923b53c6bd9f92d78af71ea995274eb860d1182c4c9bf3246b""}"
hit:2802:demo:7819:lex-0191:sense:01:17:19,hit,,,,,,valid_sense,inapplicable,,,,,,explicit_user_bulk_acceptance,"{""query_fit"": ""ai_note"", ""source_fit"": ""ai_note""}","{""path"": ""resource-reviews-v1/hits/snapshots/dd12bb63a72611923b53c6bd9f92d78af71ea995274eb860d1182c4c9bf3246b/reviews.json"", ""sha256"": ""dd12bb63a72611923b53c6bd9f92d78af71ea995274eb860d1182c4c9bf3246b""}"
hit:2802:demo:7836:lex-0108:sense:01:9:12,hit,,,,,,valid_sense,applicable,,,,,,explicit_user_bulk_acceptance,"{""query_fit"": ""ai_note"", ""source_fit"": ""ai_note""}","{""path"": ""resource-reviews-v1/hits/snapshots/dd12bb63a72611923b53c6bd9f92d78af71ea995274eb860d1182c4c9bf3246b/reviews.json"", ""sha256"": ""dd12bb63a72611923b53c6bd9f92d78af71ea995274eb860d1182c4c9bf3246b""}"
hit:2802:query:2802:lex-0108:sense:01:10:13,hit,,,,,,valid_sense,applicable,,,,,,explicit_user_bulk_acceptance,"{""query_fit"": ""ai_note"", ""source_fit"": ""ai_note""}","{""path"": ""resource-reviews-v1/hits/snapshots/dd12bb63a72611923b53c6bd9f92d78af71ea995274eb860d1182c4c9bf3246b/reviews.json"", ""sha256"": ""dd12bb63a72611923b53c6bd9f92d78af71ea995274eb860d1182c4c9bf3246b""}"
hit:2802:query:2802:lex-0427:sense:01:0:3,hit,,,,,,valid_sense,applicable,,,,,,explicit_user_bulk_acceptance,"{""query_fit"": ""ai_note"", ""source_fit"": ""ai_note""}","{""path"": ""resource-reviews-v1/hits/snapshots/dd12bb63a72611923b53c6bd9f92d78af71ea995274eb860d1182c4c9bf3246b/reviews.json"", ""sha256"": ""dd12bb63a72611923b53c6bd9f92d78af71ea995274eb860d1182c4c9bf3246b""}"
hit:3169:demo:3519:lex-0104:sense:01:32:33,hit,,,,,,substring_mismatch,inapplicable,,,,,,explicit_user_bulk_acceptance,"{""query_fit"": ""ai_note"", ""source_fit"": ""ai_note""}","{""path"": ""resource-reviews-v1/hits/snapshots/dd12bb63a72611923b53c6bd9f92d78af71ea995274eb860d1182c4c9bf3246b/reviews.json"", ""sha256"": ""dd12bb63a72611923b53c6bd9f92d78af71ea995274eb860d1182c4c9bf3246b""}"
hit:3169:demo:3519:lex-0663:sense:01:16:18,hit,,,,,,valid_sense,inapplicable,,,,,,explicit_user_bulk_acceptance,"{""query_fit"": ""ai_note"", ""source_fit"": ""ai_note""}","{""path"": ""resource-reviews-v1/hits/snapshots/dd12bb63a72611923b53c6bd9f92d78af71ea995274eb860d1182c4c9bf3246b/reviews.json"", ""sha256"": ""dd12bb63a72611923b53c6bd9f92d78af71ea995274eb860d1182c4c9bf3246b""}"
hit:3169:demo:3582:lex-0493:sense:01:51:53,hit,,,,,,valid_sense,inapplicable,,,,,,explicit_user_bulk_acceptance,"{""query_fit"": ""ai_note"", ""source_fit"": ""ai_note""}","{""path"": ""resource-reviews-v1/hits/snapshots/dd12bb63a72611923b53c6bd9f92d78af71ea995274eb860d1182c4c9bf3246b/reviews.json"", ""sha256"": ""dd12bb63a72611923b53c6bd9f92d78af71ea995274eb860d1182c4c9bf3246b""}"
hit:3169:demo:3585:lex-0031:sense:01:37:39,hit,,,,,,valid_sense,inapplicable,,,,,,explicit_user_bulk_acceptance,"{""query_fit"": ""ai_note"", ""source_fit"": ""ai_note""}","{""path"": ""resource-reviews-v1/hits/snapshots/dd12bb63a72611923b53c6bd9f92d78af71ea995274eb860d1182c4c9bf3246b/reviews.json"", ""sha256"": ""dd12bb63a72611923b53c6bd9f92d78af71ea995274eb860d1182c4c9bf3246b""}"
hit:3169:demo:3660:lex-0419:sense:01:4:6,hit,,,,,,valid_sense,inapplicable,,,,,,explicit_user_bulk_acceptance,"{""query_fit"": ""ai_note"", ""source_fit"": ""ai_note""}","{""path"": ""resource-reviews-v1/hits/snapshots/dd12bb63a72611923b53c6bd9f92d78af71ea995274eb860d1182c4c9bf3246b/reviews.json"", ""sha256"": ""dd12bb63a72611923b53c6bd9f92d78af71ea995274eb860d1182c4c9bf3246b""}"
hit:3169:demo:7611:lex-0486:sense:01:21:23,hit,,,,,,valid_sense,inapplicable,,,,,,explicit_user_bulk_acceptance,"{""query_fit"": ""ai_note"", ""source_fit"": ""ai_note""}","{""path"": ""resource-reviews-v1/hits/snapshots/dd12bb63a72611923b53c6bd9f92d78af71ea995274eb860d1182c4c9bf3246b/reviews.json"", ""sha256"": ""dd12bb63a72611923b53c6bd9f92d78af71ea995274eb860d1182c4c9bf3246b""}"
hit:3169:query:3169:lex-0419:sense:01:4:6,hit,,,,,,wrong_sense,inapplicable,,,,,,explicit_user_bulk_acceptance,"{""query_fit"": ""ai_note"", ""source_fit"": ""ai_note""}","{""path"": ""resource-reviews-v1/hits/snapshots/dd12bb63a72611923b53c6bd9f92d78af71ea995274eb860d1182c4c9bf3246b/reviews.json"", ""sha256"": ""dd12bb63a72611923b53c6bd9f92d78af71ea995274eb860d1182c4c9bf3246b""}"
hit:3169:query:3169:lex-0419:sense:01:6:8,hit,,,,,,wrong_sense,inapplicable,,,,,,explicit_user_bulk_acceptance,"{""query_fit"": ""ai_note"", ""source_fit"": ""ai_note""}","{""path"": ""resource-reviews-v1/hits/snapshots/dd12bb63a72611923b53c6bd9f92d78af71ea995274eb860d1182c4c9bf3246b/reviews.json"", ""sha256"": ""dd12bb63a72611923b53c6bd9f92d78af71ea995274eb860d1182c4c9bf3246b""}"
hit:376:demo:2747:lex-0060:sense:01:74:77,hit,,,,,,valid_sense,inapplicable,,,,,,explicit_user_bulk_acceptance,"{""query_fit"": ""ai_note"", ""source_fit"": ""ai_note""}","{""path"": ""resource-reviews-v1/hits/snapshots/dd12bb63a72611923b53c6bd9f92d78af71ea995274eb860d1182c4c9bf3246b/reviews.json"", ""sha256"": ""dd12bb63a72611923b53c6bd9f92d78af71ea995274eb860d1182c4c9bf3246b""}"
hit:376:demo:5125:lex-0455:sense:01:69:72,hit,,,,,,valid_sense,inapplicable,,,,,,explicit_user_bulk_acceptance,"{""query_fit"": ""ai_note"", ""source_fit"": ""ai_note""}","{""path"": ""resource-reviews-v1/hits/snapshots/dd12bb63a72611923b53c6bd9f92d78af71ea995274eb860d1182c4c9bf3246b/reviews.json"", ""sha256"": ""dd12bb63a72611923b53c6bd9f92d78af71ea995274eb860d1182c4c9bf3246b""}"
hit:376:demo:5125:lex-0635:sense:01:50:51,hit,,,,,,substring_mismatch,inapplicable,,,,,,explicit_user_bulk_acceptance,"{""query_fit"": ""ai_note"", ""source_fit"": ""ai_note""}","{""path"": ""resource-reviews-v1/hits/snapshots/dd12bb63a72611923b53c6bd9f92d78af71ea995274eb860d1182c4c9bf3246b/reviews.json"", ""sha256"": ""dd12bb63a72611923b53c6bd9f92d78af71ea995274eb860d1182c4c9bf3246b""}"
hit:376:demo:5416:lex-0215:sense:01:24:26,hit,,,,,,valid_sense,inapplicable,,,,,,explicit_user_bulk_acceptance,"{""query_fit"": ""ai_note"", ""source_fit"": ""ai_note""}","{""path"": ""resource-reviews-v1/hits/snapshots/dd12bb63a72611923b53c6bd9f92d78af71ea995274eb860d1182c4c9bf3246b/reviews.json"", ""sha256"": ""dd12bb63a72611923b53c6bd9f92d78af71ea995274eb860d1182c4c9bf3246b""}"
hit:376:demo:5924:lex-0182:sense:01:51:53,hit,,,,,,valid_sense,inapplicable,,,,,,explicit_user_bulk_acceptance,"{""query_fit"": ""ai_note"", ""source_fit"": ""ai_note""}","{""path"": ""resource-reviews-v1/hits/snapshots/dd12bb63a72611923b53c6bd9f92d78af71ea995274eb860d1182c4c9bf3246b/reviews.json"", ""sha256"": ""dd12bb63a72611923b53c6bd9f92d78af71ea995274eb860d1182c4c9bf3246b""}"
hit:376:demo:6764:lex-0215:sense:01:39:41,hit,,,,,,valid_sense,inapplicable,,,,,,explicit_user_bulk_acceptance,"{""query_fit"": ""ai_note"", ""source_fit"": ""ai_note""}","{""path"": ""resource-reviews-v1/hits/snapshots/dd12bb63a72611923b53c6bd9f92d78af71ea995274eb860d1182c4c9bf3246b/reviews.json"", ""sha256"": ""dd12bb63a72611923b53c6bd9f92d78af71ea995274eb860d1182c4c9bf3246b""}"
hit:376:demo:7248:lex-0073:sense:01:129:132,hit,,,,,,valid_sense,inapplicable,,,,,,explicit_user_bulk_acceptance,"{""query_fit"": ""ai_note"", ""source_fit"": ""ai_note""}","{""path"": ""resource-reviews-v1/hits/snapshots/dd12bb63a72611923b53c6bd9f92d78af71ea995274eb860d1182c4c9bf3246b/reviews.json"", ""sha256"": ""dd12bb63a72611923b53c6bd9f92d78af71ea995274eb860d1182c4c9bf3246b""}"
hit:376:demo:7248:lex-0073:sense:01:15:18,hit,,,,,,valid_sense,inapplicable,,,,,,explicit_user_bulk_acceptance,"{""query_fit"": ""ai_note"", ""source_fit"": ""ai_note""}","{""path"": ""resource-reviews-v1/hits/snapshots/dd12bb63a72611923b53c6bd9f92d78af71ea995274eb860d1182c4c9bf3246b/reviews.json"", ""sha256"": ""dd12bb63a72611923b53c6bd9f92d78af71ea995274eb860d1182c4c9bf3246b""}"
hit:376:demo:7248:lex-0073:sense:01:163:166,hit,,,,,,valid_sense,inapplicable,,,,,,explicit_user_bulk_acceptance,"{""query_fit"": ""ai_note"", ""source_fit"": ""ai_note""}","{""path"": ""resource-reviews-v1/hits/snapshots/dd12bb63a72611923b53c6bd9f92d78af71ea995274eb860d1182c4c9bf3246b/reviews.json"", ""sha256"": ""dd12bb63a72611923b53c6bd9f92d78af71ea995274eb860d1182c4c9bf3246b""}"
hit:376:demo:7248:lex-0073:sense:01:28:31,hit,,,,,,valid_sense,inapplicable,,,,,,explicit_user_bulk_acceptance,"{""query_fit"": ""ai_note"", ""source_fit"": ""ai_note""}","{""path"": ""resource-reviews-v1/hits/snapshots/dd12bb63a72611923b53c6bd9f92d78af71ea995274eb860d1182c4c9bf3246b/reviews.json"", ""sha256"": ""dd12bb63a72611923b53c6bd9f92d78af71ea995274eb860d1182c4c9bf3246b""}"
hit:376:demo:7248:lex-0073:sense:01:46:49,hit,,,,,,valid_sense,inapplicable,,,,,,explicit_user_bulk_acceptance,"{""query_fit"": ""ai_note"", ""source_fit"": ""ai_note""}","{""path"": ""resource-reviews-v1/hits/snapshots/dd12bb63a72611923b53c6bd9f92d78af71ea995274eb860d1182c4c9bf3246b/reviews.json"", ""sha256"": ""dd12bb63a72611923b53c6bd9f92d78af71ea995274eb860d1182c4c9bf3246b""}"
hit:3898:demo:2785:lex-0290:sense:01:39:41,hit,,,,,,valid_sense,inapplicable,,,,,,explicit_user_bulk_acceptance,"{""query_fit"": ""ai_note"", ""source_fit"": ""ai_note""}","{""path"": ""resource-reviews-v1/hits/snapshots/dd12bb63a72611923b53c6bd9f92d78af71ea995274eb860d1182c4c9bf3246b/reviews.json"", ""sha256"": ""dd12bb63a72611923b53c6bd9f92d78af71ea995274eb860d1182c4c9bf3246b""}"
hit:3898:demo:2785:lex-0714:sense:01:11:13,hit,,,,,,valid_sense,inapplicable,,,,,,explicit_user_bulk_acceptance,"{""query_fit"": ""ai_note"", ""source_fit"": ""ai_note""}","{""path"": ""resource-reviews-v1/hits/snapshots/dd12bb63a72611923b53c6bd9f92d78af71ea995274eb860d1182c4c9bf3246b/reviews.json"", ""sha256"": ""dd12bb63a72611923b53c6bd9f92d78af71ea995274eb860d1182c4c9bf3246b""}"
hit:3898:demo:3845:lex-0069:sense:01:11:13,hit,,,,,,substring_mismatch,inapplicable,,,,,,explicit_user_bulk_acceptance,"{""query_fit"": ""ai_note"", ""source_fit"": ""ai_note""}","{""path"": ""resource-reviews-v1/hits/snapshots/dd12bb63a72611923b53c6bd9f92d78af71ea995274eb860d1182c4c9bf3246b/reviews.json"", ""sha256"": ""dd12bb63a72611923b53c6bd9f92d78af71ea995274eb860d1182c4c9bf3246b""}"
hit:3898:demo:4652:lex-0384:sense:01:36:38,hit,,,,,,valid_sense,inapplicable,,,,,,explicit_user_bulk_acceptance,"{""query_fit"": ""ai_note"", ""source_fit"": ""ai_note""}","{""path"": ""resource-reviews-v1/hits/snapshots/dd12bb63a72611923b53c6bd9f92d78af71ea995274eb860d1182c4c9bf3246b/reviews.json"", ""sha256"": ""dd12bb63a72611923b53c6bd9f92d78af71ea995274eb860d1182c4c9bf3246b""}"
hit:3898:demo:5211:lex-0069:sense:01:20:22,hit,,,,,,substring_mismatch,inapplicable,,,,,,explicit_user_bulk_acceptance,"{""query_fit"": ""ai_note"", ""source_fit"": ""ai_note""}","{""path"": ""resource-reviews-v1/hits/snapshots/dd12bb63a72611923b53c6bd9f92d78af71ea995274eb860d1182c4c9bf3246b/reviews.json"", ""sha256"": ""dd12bb63a72611923b53c6bd9f92d78af71ea995274eb860d1182c4c9bf3246b""}"
hit:3898:demo:5211:lex-0338:sense:01:44:46,hit,,,,,,substring_mismatch,inapplicable,,,,,,explicit_user_bulk_acceptance,"{""query_fit"": ""ai_note"", ""source_fit"": ""ai_note""}","{""path"": ""resource-reviews-v1/hits/snapshots/dd12bb63a72611923b53c6bd9f92d78af71ea995274eb860d1182c4c9bf3246b/reviews.json"", ""sha256"": ""dd12bb63a72611923b53c6bd9f92d78af71ea995274eb860d1182c4c9bf3246b""}"
hit:3898:demo:5211:lex-0411:sense:01:13:15,hit,,,,,,valid_sense,inapplicable,,,,,,explicit_user_bulk_acceptance,"{""query_fit"": ""ai_note"", ""source_fit"": ""ai_note""}","{""path"": ""resource-reviews-v1/hits/snapshots/dd12bb63a72611923b53c6bd9f92d78af71ea995274eb860d1182c4c9bf3246b/reviews.json"", ""sha256"": ""dd12bb63a72611923b53c6bd9f92d78af71ea995274eb860d1182c4c9bf3246b""}"
hit:3898:demo:6624:lex-0543:sense:01:12:14,hit,,,,,,valid_sense,inapplicable,,,,,,explicit_user_bulk_acceptance,"{""query_fit"": ""ai_note"", ""source_fit"": ""ai_note""}","{""path"": ""resource-reviews-v1/hits/snapshots/dd12bb63a72611923b53c6bd9f92d78af71ea995274eb860d1182c4c9bf3246b/reviews.json"", ""sha256"": ""dd12bb63a72611923b53c6bd9f92d78af71ea995274eb860d1182c4c9bf3246b""}"
hit:3898:demo:6624:lex-0744:sense:01:38:40,hit,,,,,,valid_sense,inapplicable,,,,,,explicit_user_bulk_acceptance,"{""query_fit"": ""ai_note"", ""source_fit"": ""ai_note""}","{""path"": ""resource-reviews-v1/hits/snapshots/dd12bb63a72611923b53c6bd9f92d78af71ea995274eb860d1182c4c9bf3246b/reviews.json"", ""sha256"": ""dd12bb63a72611923b53c6bd9f92d78af71ea995274eb860d1182c4c9bf3246b""}"
hit:3898:demo:7319:lex-0335:sense:01:7:9,hit,,,,,,wrong_sense,inapplicable,,,,,,explicit_user_bulk_acceptance,"{""query_fit"": ""ai_note"", ""source_fit"": ""ai_note""}","{""path"": ""resource-reviews-v1/hits/snapshots/dd12bb63a72611923b53c6bd9f92d78af71ea995274eb860d1182c4c9bf3246b/reviews.json"", ""sha256"": ""dd12bb63a72611923b53c6bd9f92d78af71ea995274eb860d1182c4c9bf3246b""}"
hit:3898:demo:7319:lex-0335:sense:02:7:9,hit,,,,,,valid_sense,applicable,,,,,,explicit_user_bulk_acceptance,"{""query_fit"": ""ai_note"", ""source_fit"": ""ai_note""}","{""path"": ""resource-reviews-v1/hits/snapshots/dd12bb63a72611923b53c6bd9f92d78af71ea995274eb860d1182c4c9bf3246b/reviews.json"", ""sha256"": ""dd12bb63a72611923b53c6bd9f92d78af71ea995274eb860d1182c4c9bf3246b""}"
hit:3898:query:3898:lex-0335:sense:01:17:19,hit,,,,,,wrong_sense,inapplicable,,,,,,explicit_user_bulk_acceptance,"{""query_fit"": ""ai_note"", ""source_fit"": ""ai_note""}","{""path"": ""resource-reviews-v1/hits/snapshots/dd12bb63a72611923b53c6bd9f92d78af71ea995274eb860d1182c4c9bf3246b/reviews.json"", ""sha256"": ""dd12bb63a72611923b53c6bd9f92d78af71ea995274eb860d1182c4c9bf3246b""}"
hit:3898:query:3898:lex-0335:sense:02:17:19,hit,,,,,,valid_sense,applicable,,,,,,explicit_user_bulk_acceptance,"{""query_fit"": ""ai_note"", ""source_fit"": ""ai_note""}","{""path"": ""resource-reviews-v1/hits/snapshots/dd12bb63a72611923b53c6bd9f92d78af71ea995274eb860d1182c4c9bf3246b/reviews.json"", ""sha256"": ""dd12bb63a72611923b53c6bd9f92d78af71ea995274eb860d1182c4c9bf3246b""}"
hit:3898:query:3898:lex-new-b5bb7feeffb85985:sense:01:40:43,hit,,,,,,uncertain,uncertain,,,,,,explicit_user_bulk_acceptance,"{""query_fit"": ""ai_note"", ""source_fit"": ""ai_note""}","{""path"": ""resource-reviews-v1/hits/snapshots/dd12bb63a72611923b53c6bd9f92d78af71ea995274eb860d1182c4c9bf3246b/reviews.json"", ""sha256"": ""dd12bb63a72611923b53c6bd9f92d78af71ea995274eb860d1182c4c9bf3246b""}"
hit:3898:query:3898:lex-new-b5bb7feeffb85985:sense:01:94:97,hit,,,,,,uncertain,uncertain,,,,,,explicit_user_bulk_acceptance,"{""query_fit"": ""ai_note"", ""source_fit"": ""ai_note""}","{""path"": ""resource-reviews-v1/hits/snapshots/dd12bb63a72611923b53c6bd9f92d78af71ea995274eb860d1182c4c9bf3246b/reviews.json"", ""sha256"": ""dd12bb63a72611923b53c6bd9f92d78af71ea995274eb860d1182c4c9bf3246b""}"
hit:3919:demo:255:lex-0235:sense:01:8:11,hit,,,,,,valid_sense,inapplicable,,,,,,explicit_user_bulk_acceptance,"{""query_fit"": ""ai_note"", ""source_fit"": ""ai_note""}","{""path"": ""resource-reviews-v1/hits/snapshots/dd12bb63a72611923b53c6bd9f92d78af71ea995274eb860d1182c4c9bf3246b/reviews.json"", ""sha256"": ""dd12bb63a72611923b53c6bd9f92d78af71ea995274eb860d1182c4c9bf3246b""}"
hit:3919:demo:255:lex-0247:sense:01:43:45,hit,,,,,,valid_sense,inapplicable,,,,,,explicit_user_bulk_acceptance,"{""query_fit"": ""ai_note"", ""source_fit"": ""ai_note""}","{""path"": ""resource-reviews-v1/hits/snapshots/dd12bb63a72611923b53c6bd9f92d78af71ea995274eb860d1182c4c9bf3246b/reviews.json"", ""sha256"": ""dd12bb63a72611923b53c6bd9f92d78af71ea995274eb860d1182c4c9bf3246b""}"
hit:3919:demo:476:lex-0758:sense:01:26:28,hit,,,,,,valid_sense,inapplicable,,,,,,explicit_user_bulk_acceptance,"{""query_fit"": ""ai_note"", ""source_fit"": ""ai_note""}","{""path"": ""resource-reviews-v1/hits/snapshots/dd12bb63a72611923b53c6bd9f92d78af71ea995274eb860d1182c4c9bf3246b/reviews.json"", ""sha256"": ""dd12bb63a72611923b53c6bd9f92d78af71ea995274eb860d1182c4c9bf3246b""}"
hit:3919:demo:4839:lex-0176:sense:01:9:11,hit,,,,,,valid_sense,inapplicable,,,,,,explicit_user_bulk_acceptance,"{""query_fit"": ""ai_note"", ""source_fit"": ""ai_note""}","{""path"": ""resource-reviews-v1/hits/snapshots/dd12bb63a72611923b53c6bd9f92d78af71ea995274eb860d1182c4c9bf3246b/reviews.json"", ""sha256"": ""dd12bb63a72611923b53c6bd9f92d78af71ea995274eb860d1182c4c9bf3246b""}"
hit:3919:query:3919:lex-0378:sense:01:51:53,hit,,,,,,uncertain,uncertain,,,,,,explicit_user_bulk_acceptance,"{""query_fit"": ""user_discussion"", ""source_fit"": ""user_discussion""}","{""path"": ""resource-reviews-v1/hits/snapshots/dd12bb63a72611923b53c6bd9f92d78af71ea995274eb860d1182c4c9bf3246b/reviews.json"", ""sha256"": ""dd12bb63a72611923b53c6bd9f92d78af71ea995274eb860d1182c4c9bf3246b""}"
hit:3919:query:3919:lex-0378:sense:02:51:53,hit,,,,,,uncertain,uncertain,,,,,,explicit_user_bulk_acceptance,"{""query_fit"": ""user_discussion"", ""source_fit"": ""user_discussion""}","{""path"": ""resource-reviews-v1/hits/snapshots/dd12bb63a72611923b53c6bd9f92d78af71ea995274eb860d1182c4c9bf3246b/reviews.json"", ""sha256"": ""dd12bb63a72611923b53c6bd9f92d78af71ea995274eb860d1182c4c9bf3246b""}"
hit:3950:demo:2101:lex-0545:sense:01:39:41,hit,,,,,,valid_sense,inapplicable,,,,,,explicit_user_bulk_acceptance,"{""query_fit"": ""ai_note"", ""source_fit"": ""ai_note""}","{""path"": ""resource-reviews-v1/hits/snapshots/dd12bb63a72611923b53c6bd9f92d78af71ea995274eb860d1182c4c9bf3246b/reviews.json"", ""sha256"": ""dd12bb63a72611923b53c6bd9f92d78af71ea995274eb860d1182c4c9bf3246b""}"
hit:3950:demo:2349:lex-0069:sense:01:23:25,hit,,,,,,substring_mismatch,inapplicable,,,,,,explicit_user_bulk_acceptance,"{""query_fit"": ""ai_note"", ""source_fit"": ""ai_note""}","{""path"": ""resource-reviews-v1/hits/snapshots/dd12bb63a72611923b53c6bd9f92d78af71ea995274eb860d1182c4c9bf3246b/reviews.json"", ""sha256"": ""dd12bb63a72611923b53c6bd9f92d78af71ea995274eb860d1182c4c9bf3246b""}"
hit:3950:demo:3749:lex-0069:sense:01:66:68,hit,,,,,,substring_mismatch,inapplicable,,,,,,explicit_user_bulk_acceptance,"{""query_fit"": ""ai_note"", ""source_fit"": ""ai_note""}","{""path"": ""resource-reviews-v1/hits/snapshots/dd12bb63a72611923b53c6bd9f92d78af71ea995274eb860d1182c4c9bf3246b/reviews.json"", ""sha256"": ""dd12bb63a72611923b53c6bd9f92d78af71ea995274eb860d1182c4c9bf3246b""}"
hit:3950:demo:3749:lex-0090:sense:01:119:121,hit,,,,,,valid_sense,inapplicable,,,,,,explicit_user_bulk_acceptance,"{""query_fit"": ""ai_note"", ""source_fit"": ""ai_note""}","{""path"": ""resource-reviews-v1/hits/snapshots/dd12bb63a72611923b53c6bd9f92d78af71ea995274eb860d1182c4c9bf3246b/reviews.json"", ""sha256"": ""dd12bb63a72611923b53c6bd9f92d78af71ea995274eb860d1182c4c9bf3246b""}"
hit:3950:demo:3749:lex-0090:sense:01:129:131,hit,,,,,,valid_sense,inapplicable,,,,,,explicit_user_bulk_acceptance,"{""query_fit"": ""ai_note"", ""source_fit"": ""ai_note""}","{""path"": ""resource-reviews-v1/hits/snapshots/dd12bb63a72611923b53c6bd9f92d78af71ea995274eb860d1182c4c9bf3246b/reviews.json"", ""sha256"": ""dd12bb63a72611923b53c6bd9f92d78af71ea995274eb860d1182c4c9bf3246b""}"
hit:3950:demo:3749:lex-0090:sense:01:15:17,hit,,,,,,valid_sense,inapplicable,,,,,,explicit_user_bulk_acceptance,"{""query_fit"": ""ai_note"", ""source_fit"": ""ai_note""}","{""path"": ""resource-reviews-v1/hits/snapshots/dd12bb63a72611923b53c6bd9f92d78af71ea995274eb860d1182c4c9bf3246b/reviews.json"", ""sha256"": ""dd12bb63a72611923b53c6bd9f92d78af71ea995274eb860d1182c4c9bf3246b""}"
hit:3950:demo:3749:lex-0090:sense:01:9:11,hit,,,,,,valid_sense,inapplicable,,,,,,explicit_user_bulk_acceptance,"{""query_fit"": ""ai_note"", ""source_fit"": ""ai_note""}","{""path"": ""resource-reviews-v1/hits/snapshots/dd12bb63a72611923b53c6bd9f92d78af71ea995274eb860d1182c4c9bf3246b/reviews.json"", ""sha256"": ""dd12bb63a72611923b53c6bd9f92d78af71ea995274eb860d1182c4c9bf3246b""}"
hit:3950:demo:3749:lex-0679:sense:01:81:83,hit,,,,,,valid_sense,inapplicable,,,,,,explicit_user_bulk_acceptance,"{""query_fit"": ""ai_note"", ""source_fit"": ""ai_note""}","{""path"": ""resource-reviews-v1/hits/snapshots/dd12bb63a72611923b53c6bd9f92d78af71ea995274eb860d1182c4c9bf3246b/reviews.json"", ""sha256"": ""dd12bb63a72611923b53c6bd9f92d78af71ea995274eb860d1182c4c9bf3246b""}"
hit:3950:demo:4443:lex-0090:sense:01:2:4,hit,,,,,,valid_sense,inapplicable,,,,,,explicit_user_bulk_acceptance,"{""query_fit"": ""ai_note"", ""source_fit"": ""ai_note""}","{""path"": ""resource-reviews-v1/hits/snapshots/dd12bb63a72611923b53c6bd9f92d78af71ea995274eb860d1182c4c9bf3246b/reviews.json"", ""sha256"": ""dd12bb63a72611923b53c6bd9f92d78af71ea995274eb860d1182c4c9bf3246b""}"
hit:3950:demo:6291:lex-0090:sense:01:46:48,hit,,,,,,valid_sense,inapplicable,,,,,,explicit_user_bulk_acceptance,"{""query_fit"": ""ai_note"", ""source_fit"": ""ai_note""}","{""path"": ""resource-reviews-v1/hits/snapshots/dd12bb63a72611923b53c6bd9f92d78af71ea995274eb860d1182c4c9bf3246b/reviews.json"", ""sha256"": ""dd12bb63a72611923b53c6bd9f92d78af71ea995274eb860d1182c4c9bf3246b""}"
hit:3950:demo:6413:lex-0090:sense:01:145:147,hit,,,,,,valid_sense,inapplicable,,,,,,explicit_user_bulk_acceptance,"{""query_fit"": ""ai_note"", ""source_fit"": ""ai_note""}","{""path"": ""resource-reviews-v1/hits/snapshots/dd12bb63a72611923b53c6bd9f92d78af71ea995274eb860d1182c4c9bf3246b/reviews.json"", ""sha256"": ""dd12bb63a72611923b53c6bd9f92d78af71ea995274eb860d1182c4c9bf3246b""}"
hit:3950:demo:6413:lex-0090:sense:01:45:47,hit,,,,,,valid_sense,inapplicable,,,,,,explicit_user_bulk_acceptance,"{""query_fit"": ""ai_note"", ""source_fit"": ""ai_note""}","{""path"": ""resource-reviews-v1/hits/snapshots/dd12bb63a72611923b53c6bd9f92d78af71ea995274eb860d1182c4c9bf3246b/reviews.json"", ""sha256"": ""dd12bb63a72611923b53c6bd9f92d78af71ea995274eb860d1182c4c9bf3246b""}"
hit:3950:demo:6413:lex-0129:sense:01:3:5,hit,,,,,,valid_sense,inapplicable,,,,,,explicit_user_bulk_acceptance,"{""query_fit"": ""ai_note"", ""source_fit"": ""ai_note""}","{""path"": ""resource-reviews-v1/hits/snapshots/dd12bb63a72611923b53c6bd9f92d78af71ea995274eb860d1182c4c9bf3246b/reviews.json"", ""sha256"": ""dd12bb63a72611923b53c6bd9f92d78af71ea995274eb860d1182c4c9bf3246b""}"
hit:3950:demo:6413:lex-0327:sense:01:167:169,hit,,,,,,valid_sense,inapplicable,,,,,,explicit_user_bulk_acceptance,"{""query_fit"": ""ai_note"", ""source_fit"": ""ai_note""}","{""path"": ""resource-reviews-v1/hits/snapshots/dd12bb63a72611923b53c6bd9f92d78af71ea995274eb860d1182c4c9bf3246b/reviews.json"", ""sha256"": ""dd12bb63a72611923b53c6bd9f92d78af71ea995274eb860d1182c4c9bf3246b""}"
hit:3950:demo:6413:lex-0327:sense:01:198:200,hit,,,,,,valid_sense,inapplicable,,,,,,explicit_user_bulk_acceptance,"{""query_fit"": ""ai_note"", ""source_fit"": ""ai_note""}","{""path"": ""resource-reviews-v1/hits/snapshots/dd12bb63a72611923b53c6bd9f92d78af71ea995274eb860d1182c4c9bf3246b/reviews.json"", ""sha256"": ""dd12bb63a72611923b53c6bd9f92d78af71ea995274eb860d1182c4c9bf3246b""}"
hit:3950:demo:6413:lex-0333:sense:01:6:9,hit,,,,,,valid_sense,inapplicable,,,,,,explicit_user_bulk_acceptance,"{""query_fit"": ""ai_note"", ""source_fit"": ""ai_note""}","{""path"": ""resource-reviews-v1/hits/snapshots/dd12bb63a72611923b53c6bd9f92d78af71ea995274eb860d1182c4c9bf3246b/reviews.json"", ""sha256"": ""dd12bb63a72611923b53c6bd9f92d78af71ea995274eb860d1182c4c9bf3246b""}"
hit:3950:demo:6413:lex-0714:sense:01:149:151,hit,,,,,,substring_mismatch,inapplicable,,,,,,explicit_user_bulk_acceptance,"{""query_fit"": ""ai_note"", ""source_fit"": ""ai_note""}","{""path"": ""resource-reviews-v1/hits/snapshots/dd12bb63a72611923b53c6bd9f92d78af71ea995274eb860d1182c4c9bf3246b/reviews.json"", ""sha256"": ""dd12bb63a72611923b53c6bd9f92d78af71ea995274eb860d1182c4c9bf3246b""}"
hit:3950:demo:6413:lex-0714:sense:01:174:176,hit,,,,,,substring_mismatch,inapplicable,,,,,,explicit_user_bulk_acceptance,"{""query_fit"": ""ai_note"", ""source_fit"": ""ai_note""}","{""path"": ""resource-reviews-v1/hits/snapshots/dd12bb63a72611923b53c6bd9f92d78af71ea995274eb860d1182c4c9bf3246b/reviews.json"", ""sha256"": ""dd12bb63a72611923b53c6bd9f92d78af71ea995274eb860d1182c4c9bf3246b""}"
hit:3950:demo:7212:lex-0176:sense:01:4:6,hit,,,,,,valid_sense,inapplicable,,,,,,explicit_user_bulk_acceptance,"{""query_fit"": ""ai_note"", ""source_fit"": ""ai_note""}","{""path"": ""resource-reviews-v1/hits/snapshots/dd12bb63a72611923b53c6bd9f92d78af71ea995274eb860d1182c4c9bf3246b/reviews.json"", ""sha256"": ""dd12bb63a72611923b53c6bd9f92d78af71ea995274eb860d1182c4c9bf3246b""}"
hit:3950:demo:7235:lex-0090:sense:01:3:5,hit,,,,,,valid_sense,inapplicable,,,,,,explicit_user_bulk_acceptance,"{""query_fit"": ""ai_note"", ""source_fit"": ""ai_note""}","{""path"": ""resource-reviews-v1/hits/snapshots/dd12bb63a72611923b53c6bd9f92d78af71ea995274eb860d1182c4c9bf3246b/reviews.json"", ""sha256"": ""dd12bb63a72611923b53c6bd9f92d78af71ea995274eb860d1182c4c9bf3246b""}"
hit:4026:demo:1242:lex-0073:sense:01:97:100,hit,,,,,,valid_sense,inapplicable,,,,,,explicit_user_bulk_acceptance,"{""query_fit"": ""ai_note"", ""source_fit"": ""ai_note""}","{""path"": ""resource-reviews-v1/hits/snapshots/dd12bb63a72611923b53c6bd9f92d78af71ea995274eb860d1182c4c9bf3246b/reviews.json"", ""sha256"": ""dd12bb63a72611923b53c6bd9f92d78af71ea995274eb860d1182c4c9bf3246b""}"
hit:4026:demo:1242:lex-0279:sense:01:67:70,hit,,,,,,valid_sense,inapplicable,,,,,,explicit_user_bulk_acceptance,"{""query_fit"": ""ai_note"", ""source_fit"": ""ai_note""}","{""path"": ""resource-reviews-v1/hits/snapshots/dd12bb63a72611923b53c6bd9f92d78af71ea995274eb860d1182c4c9bf3246b/reviews.json"", ""sha256"": ""dd12bb63a72611923b53c6bd9f92d78af71ea995274eb860d1182c4c9bf3246b""}"
hit:4026:demo:25:lex-0117:sense:01:81:84,hit,,,,,,valid_sense,applicable,,,,,,explicit_user_bulk_acceptance,"{""query_fit"": ""ai_note"", ""source_fit"": ""ai_note""}","{""path"": ""resource-reviews-v1/hits/snapshots/dd12bb63a72611923b53c6bd9f92d78af71ea995274eb860d1182c4c9bf3246b/reviews.json"", ""sha256"": ""dd12bb63a72611923b53c6bd9f92d78af71ea995274eb860d1182c4c9bf3246b""}"
hit:4026:demo:25:lex-0690:sense:01:63:65,hit,,,,,,valid_sense,inapplicable,,,,,,explicit_user_bulk_acceptance,"{""query_fit"": ""ai_note"", ""source_fit"": ""ai_note""}","{""path"": ""resource-reviews-v1/hits/snapshots/dd12bb63a72611923b53c6bd9f92d78af71ea995274eb860d1182c4c9bf3246b/reviews.json"", ""sha256"": ""dd12bb63a72611923b53c6bd9f92d78af71ea995274eb860d1182c4c9bf3246b""}"
hit:4026:demo:5135:lex-0117:sense:01:66:69,hit,,,,,,valid_sense,applicable,,,,,,explicit_user_bulk_acceptance,"{""query_fit"": ""ai_note"", ""source_fit"": ""ai_note""}","{""path"": ""resource-reviews-v1/hits/snapshots/dd12bb63a72611923b53c6bd9f92d78af71ea995274eb860d1182c4c9bf3246b/reviews.json"", ""sha256"": ""dd12bb63a72611923b53c6bd9f92d78af71ea995274eb860d1182c4c9bf3246b""}"
hit:4026:query:4026:lex-0117:sense:01:57:60,hit,,,,,,valid_sense,applicable,,,,,,explicit_user_bulk_acceptance,"{""query_fit"": ""ai_note"", ""source_fit"": ""ai_note""}","{""path"": ""resource-reviews-v1/hits/snapshots/dd12bb63a72611923b53c6bd9f92d78af71ea995274eb860d1182c4c9bf3246b/reviews.json"", ""sha256"": ""dd12bb63a72611923b53c6bd9f92d78af71ea995274eb860d1182c4c9bf3246b""}"
hit:4080:demo:5535:lex-0117:sense:01:7:10,hit,,,,,,valid_sense,inapplicable,,,,,,explicit_user_bulk_acceptance,"{""query_fit"": ""ai_note"", ""source_fit"": ""ai_note""}","{""path"": ""resource-reviews-v1/hits/snapshots/dd12bb63a72611923b53c6bd9f92d78af71ea995274eb860d1182c4c9bf3246b/reviews.json"", ""sha256"": ""dd12bb63a72611923b53c6bd9f92d78af71ea995274eb860d1182c4c9bf3246b""}"
hit:4080:demo:717:lex-0105:sense:01:19:22,hit,,,,,,valid_sense,inapplicable,,,,,,explicit_user_bulk_acceptance,"{""query_fit"": ""ai_note"", ""source_fit"": ""ai_note""}","{""path"": ""resource-reviews-v1/hits/snapshots/dd12bb63a72611923b53c6bd9f92d78af71ea995274eb860d1182c4c9bf3246b/reviews.json"", ""sha256"": ""dd12bb63a72611923b53c6bd9f92d78af71ea995274eb860d1182c4c9bf3246b""}"
hit:4080:demo:717:lex-0235:sense:01:4:7,hit,,,,,,valid_sense,inapplicable,,,,,,explicit_user_bulk_acceptance,"{""query_fit"": ""ai_note"", ""source_fit"": ""ai_note""}","{""path"": ""resource-reviews-v1/hits/snapshots/dd12bb63a72611923b53c6bd9f92d78af71ea995274eb860d1182c4c9bf3246b/reviews.json"", ""sha256"": ""dd12bb63a72611923b53c6bd9f92d78af71ea995274eb860d1182c4c9bf3246b""}"
hit:4080:demo:717:lex-0236:sense:01:14:17,hit,,,,,,valid_sense,inapplicable,,,,,,explicit_user_bulk_acceptance,"{""query_fit"": ""ai_note"", ""source_fit"": ""ai_note""}","{""path"": ""resource-reviews-v1/hits/snapshots/dd12bb63a72611923b53c6bd9f92d78af71ea995274eb860d1182c4c9bf3246b/reviews.json"", ""sha256"": ""dd12bb63a72611923b53c6bd9f92d78af71ea995274eb860d1182c4c9bf3246b""}"
hit:4080:demo:7519:lex-0543:sense:01:16:18,hit,,,,,,valid_sense,inapplicable,,,,,,explicit_user_bulk_acceptance,"{""query_fit"": ""ai_note"", ""source_fit"": ""ai_note""}","{""path"": ""resource-reviews-v1/hits/snapshots/dd12bb63a72611923b53c6bd9f92d78af71ea995274eb860d1182c4c9bf3246b/reviews.json"", ""sha256"": ""dd12bb63a72611923b53c6bd9f92d78af71ea995274eb860d1182c4c9bf3246b""}"
hit:4080:demo:7519:lex-0543:sense:01:26:28,hit,,,,,,valid_sense,inapplicable,,,,,,explicit_user_bulk_acceptance,"{""query_fit"": ""ai_note"", ""source_fit"": ""ai_note""}","{""path"": ""resource-reviews-v1/hits/snapshots/dd12bb63a72611923b53c6bd9f92d78af71ea995274eb860d1182c4c9bf3246b/reviews.json"", ""sha256"": ""dd12bb63a72611923b53c6bd9f92d78af71ea995274eb860d1182c4c9bf3246b""}"
hit:4080:demo:7519:lex-0690:sense:01:129:131,hit,,,,,,valid_sense,inapplicable,,,,,,explicit_user_bulk_acceptance,"{""query_fit"": ""ai_note"", ""source_fit"": ""ai_note""}","{""path"": ""resource-reviews-v1/hits/snapshots/dd12bb63a72611923b53c6bd9f92d78af71ea995274eb860d1182c4c9bf3246b/reviews.json"", ""sha256"": ""dd12bb63a72611923b53c6bd9f92d78af71ea995274eb860d1182c4c9bf3246b""}"
hit:4080:demo:7519:lex-0690:sense:01:97:99,hit,,,,,,valid_sense,inapplicable,,,,,,explicit_user_bulk_acceptance,"{""query_fit"": ""ai_note"", ""source_fit"": ""ai_note""}","{""path"": ""resource-reviews-v1/hits/snapshots/dd12bb63a72611923b53c6bd9f92d78af71ea995274eb860d1182c4c9bf3246b/reviews.json"", ""sha256"": ""dd12bb63a72611923b53c6bd9f92d78af71ea995274eb860d1182c4c9bf3246b""}"
hit:4137:demo:2787:lex-0731:sense:01:62:64,hit,,,,,,valid_sense,inapplicable,,,,,,explicit_user_bulk_acceptance,"{""query_fit"": ""ai_note"", ""source_fit"": ""ai_note""}","{""path"": ""resource-reviews-v1/hits/snapshots/dd12bb63a72611923b53c6bd9f92d78af71ea995274eb860d1182c4c9bf3246b/reviews.json"", ""sha256"": ""dd12bb63a72611923b53c6bd9f92d78af71ea995274eb860d1182c4c9bf3246b""}"
hit:4137:demo:467:lex-0292:sense:01:5:9,hit,,,,,,valid_sense,inapplicable,,,,,,explicit_user_bulk_acceptance,"{""query_fit"": ""ai_note"", ""source_fit"": ""ai_note""}","{""path"": ""resource-reviews-v1/hits/snapshots/dd12bb63a72611923b53c6bd9f92d78af71ea995274eb860d1182c4c9bf3246b/reviews.json"", ""sha256"": ""dd12bb63a72611923b53c6bd9f92d78af71ea995274eb860d1182c4c9bf3246b""}"
hit:4137:demo:6291:lex-0090:sense:01:46:48,hit,,,,,,valid_sense,inapplicable,,,,,,explicit_user_bulk_acceptance,"{""query_fit"": ""ai_note"", ""source_fit"": ""ai_note""}","{""path"": ""resource-reviews-v1/hits/snapshots/dd12bb63a72611923b53c6bd9f92d78af71ea995274eb860d1182c4c9bf3246b/reviews.json"", ""sha256"": ""dd12bb63a72611923b53c6bd9f92d78af71ea995274eb860d1182c4c9bf3246b""}"
hit:4137:demo:6764:lex-0215:sense:01:39:41,hit,,,,,,valid_sense,inapplicable,,,,,,explicit_user_bulk_acceptance,"{""query_fit"": ""ai_note"", ""source_fit"": ""ai_note""}","{""path"": ""resource-reviews-v1/hits/snapshots/dd12bb63a72611923b53c6bd9f92d78af71ea995274eb860d1182c4c9bf3246b/reviews.json"", ""sha256"": ""dd12bb63a72611923b53c6bd9f92d78af71ea995274eb860d1182c4c9bf3246b""}"
hit:4189:demo:1158:lex-0090:sense:01:0:2,hit,,,,,,valid_sense,applicable,,,,,,explicit_user_bulk_acceptance,"{""query_fit"": ""ai_note"", ""source_fit"": ""ai_note""}","{""path"": ""resource-reviews-v1/hits/snapshots/dd12bb63a72611923b53c6bd9f92d78af71ea995274eb860d1182c4c9bf3246b/reviews.json"", ""sha256"": ""dd12bb63a72611923b53c6bd9f92d78af71ea995274eb860d1182c4c9bf3246b""}"
hit:4189:demo:2025:lex-0092:sense:01:53:56,hit,,,,,,valid_sense,inapplicable,,,,,,explicit_user_bulk_acceptance,"{""query_fit"": ""ai_note"", ""source_fit"": ""ai_note""}","{""path"": ""resource-reviews-v1/hits/snapshots/dd12bb63a72611923b53c6bd9f92d78af71ea995274eb860d1182c4c9bf3246b/reviews.json"", ""sha256"": ""dd12bb63a72611923b53c6bd9f92d78af71ea995274eb860d1182c4c9bf3246b""}"
hit:4189:demo:2025:lex-0176:sense:01:57:59,hit,,,,,,valid_sense,inapplicable,,,,,,explicit_user_bulk_acceptance,"{""query_fit"": ""ai_note"", ""source_fit"": ""ai_note""}","{""path"": ""resource-reviews-v1/hits/snapshots/dd12bb63a72611923b53c6bd9f92d78af71ea995274eb860d1182c4c9bf3246b/reviews.json"", ""sha256"": ""dd12bb63a72611923b53c6bd9f92d78af71ea995274eb860d1182c4c9bf3246b""}"
hit:4189:demo:2075:lex-0215:sense:01:25:27,hit,,,,,,valid_sense,inapplicable,,,,,,explicit_user_bulk_acceptance,"{""query_fit"": ""ai_note"", ""source_fit"": ""ai_note""}","{""path"": ""resource-reviews-v1/hits/snapshots/dd12bb63a72611923b53c6bd9f92d78af71ea995274eb860d1182c4c9bf3246b/reviews.json"", ""sha256"": ""dd12bb63a72611923b53c6bd9f92d78af71ea995274eb860d1182c4c9bf3246b""}"
hit:4189:demo:2075:lex-0215:sense:01:53:55,hit,,,,,,valid_sense,inapplicable,,,,,,explicit_user_bulk_acceptance,"{""query_fit"": ""ai_note"", ""source_fit"": ""ai_note""}","{""path"": ""resource-reviews-v1/hits/snapshots/dd12bb63a72611923b53c6bd9f92d78af71ea995274eb860d1182c4c9bf3246b/reviews.json"", ""sha256"": ""dd12bb63a72611923b53c6bd9f92d78af71ea995274eb860d1182c4c9bf3246b""}"
hit:4189:demo:2075:lex-0215:sense:01:58:60,hit,,,,,,valid_sense,inapplicable,,,,,,explicit_user_bulk_acceptance,"{""query_fit"": ""ai_note"", ""source_fit"": ""ai_note""}","{""path"": ""resource-reviews-v1/hits/snapshots/dd12bb63a72611923b53c6bd9f92d78af71ea995274eb860d1182c4c9bf3246b/reviews.json"", ""sha256"": ""dd12bb63a72611923b53c6bd9f92d78af71ea995274eb860d1182c4c9bf3246b""}"
hit:4189:demo:2075:lex-0215:sense:01:63:65,hit,,,,,,valid_sense,inapplicable,,,,,,explicit_user_bulk_acceptance,"{""query_fit"": ""ai_note"", ""source_fit"": ""ai_note""}","{""path"": ""resource-reviews-v1/hits/snapshots/dd12bb63a72611923b53c6bd9f92d78af71ea995274eb860d1182c4c9bf3246b/reviews.json"", ""sha256"": ""dd12bb63a72611923b53c6bd9f92d78af71ea995274eb860d1182c4c9bf3246b""}"
hit:4189:demo:2075:lex-0215:sense:01:78:80,hit,,,,,,valid_sense,inapplicable,,,,,,explicit_user_bulk_acceptance,"{""query_fit"": ""ai_note"", ""source_fit"": ""ai_note""}","{""path"": ""resource-reviews-v1/hits/snapshots/dd12bb63a72611923b53c6bd9f92d78af71ea995274eb860d1182c4c9bf3246b/reviews.json"", ""sha256"": ""dd12bb63a72611923b53c6bd9f92d78af71ea995274eb860d1182c4c9bf3246b""}"
hit:4189:demo:2075:lex-0215:sense:01:86:88,hit,,,,,,valid_sense,inapplicable,,,,,,explicit_user_bulk_acceptance,"{""query_fit"": ""ai_note"", ""source_fit"": ""ai_note""}","{""path"": ""resource-reviews-v1/hits/snapshots/dd12bb63a72611923b53c6bd9f92d78af71ea995274eb860d1182c4c9bf3246b/reviews.json"", ""sha256"": ""dd12bb63a72611923b53c6bd9f92d78af71ea995274eb860d1182c4c9bf3246b""}"
hit:4189:demo:2075:lex-0215:sense:01:8:10,hit,,,,,,valid_sense,inapplicable,,,,,,explicit_user_bulk_acceptance,"{""query_fit"": ""ai_note"", ""source_fit"": ""ai_note""}","{""path"": ""resource-reviews-v1/hits/snapshots/dd12bb63a72611923b53c6bd9f92d78af71ea995274eb860d1182c4c9bf3246b/reviews.json"", ""sha256"": ""dd12bb63a72611923b53c6bd9f92d78af71ea995274eb860d1182c4c9bf3246b""}"
hit:4189:demo:2075:lex-0343:sense:01:94:96,hit,,,,,,valid_sense,inapplicable,,,,,,explicit_user_bulk_acceptance,"{""query_fit"": ""ai_note"", ""source_fit"": ""ai_note""}","{""path"": ""resource-reviews-v1/hits/snapshots/dd12bb63a72611923b53c6bd9f92d78af71ea995274eb860d1182c4c9bf3246b/reviews.json"", ""sha256"": ""dd12bb63a72611923b53c6bd9f92d78af71ea995274eb860d1182c4c9bf3246b""}"
hit:4189:demo:3212:lex-0090:sense:01:10:12,hit,,,,,,valid_sense,applicable,,,,,,explicit_user_bulk_acceptance,"{""query_fit"": ""ai_note"", ""source_fit"": ""ai_note""}","{""path"": ""resource-reviews-v1/hits/snapshots/dd12bb63a72611923b53c6bd9f92d78af71ea995274eb860d1182c4c9bf3246b/reviews.json"", ""sha256"": ""dd12bb63a72611923b53c6bd9f92d78af71ea995274eb860d1182c4c9bf3246b""}"
hit:4189:demo:3212:lex-0090:sense:01:16:18,hit,,,,,,valid_sense,applicable,,,,,,explicit_user_bulk_acceptance,"{""query_fit"": ""ai_note"", ""source_fit"": ""ai_note""}","{""path"": ""resource-reviews-v1/hits/snapshots/dd12bb63a72611923b53c6bd9f92d78af71ea995274eb860d1182c4c9bf3246b/reviews.json"", ""sha256"": ""dd12bb63a72611923b53c6bd9f92d78af71ea995274eb860d1182c4c9bf3246b""}"
hit:4189:demo:3372:lex-0090:sense:01:10:12,hit,,,,,,valid_sense,applicable,,,,,,explicit_user_bulk_acceptance,"{""query_fit"": ""ai_note"", ""source_fit"": ""ai_note""}","{""path"": ""resource-reviews-v1/hits/snapshots/dd12bb63a72611923b53c6bd9f92d78af71ea995274eb860d1182c4c9bf3246b/reviews.json"", ""sha256"": ""dd12bb63a72611923b53c6bd9f92d78af71ea995274eb860d1182c4c9bf3246b""}"
hit:4189:demo:3372:lex-0090:sense:01:4:6,hit,,,,,,valid_sense,applicable,,,,,,explicit_user_bulk_acceptance,"{""query_fit"": ""ai_note"", ""source_fit"": ""ai_note""}","{""path"": ""resource-reviews-v1/hits/snapshots/dd12bb63a72611923b53c6bd9f92d78af71ea995274eb860d1182c4c9bf3246b/reviews.json"", ""sha256"": ""dd12bb63a72611923b53c6bd9f92d78af71ea995274eb860d1182c4c9bf3246b""}"
hit:4189:demo:4443:lex-0090:sense:01:2:4,hit,,,,,,valid_sense,applicable,,,,,,explicit_user_bulk_acceptance,"{""query_fit"": ""ai_note"", ""source_fit"": ""ai_note""}","{""path"": ""resource-reviews-v1/hits/snapshots/dd12bb63a72611923b53c6bd9f92d78af71ea995274eb860d1182c4c9bf3246b/reviews.json"", ""sha256"": ""dd12bb63a72611923b53c6bd9f92d78af71ea995274eb860d1182c4c9bf3246b""}"
hit:4189:demo:4810:lex-0603:sense:01:7:10,hit,,,,,,valid_sense,inapplicable,,,,,,explicit_user_bulk_acceptance,"{""query_fit"": ""ai_note"", ""source_fit"": ""ai_note""}","{""path"": ""resource-reviews-v1/hits/snapshots/dd12bb63a72611923b53c6bd9f92d78af71ea995274eb860d1182c4c9bf3246b/reviews.json"", ""sha256"": ""dd12bb63a72611923b53c6bd9f92d78af71ea995274eb860d1182c4c9bf3246b""}"
hit:4189:demo:4810:lex-0749:sense:01:13:16,hit,,,,,,valid_sense,inapplicable,,,,,,explicit_user_bulk_acceptance,"{""query_fit"": ""ai_note"", ""source_fit"": ""ai_note""}","{""path"": ""resource-reviews-v1/hits/snapshots/dd12bb63a72611923b53c6bd9f92d78af71ea995274eb860d1182c4c9bf3246b/reviews.json"", ""sha256"": ""dd12bb63a72611923b53c6bd9f92d78af71ea995274eb860d1182c4c9bf3246b""}"
hit:4189:demo:6291:lex-0090:sense:01:46:48,hit,,,,,,valid_sense,applicable,,,,,,explicit_user_bulk_acceptance,"{""query_fit"": ""ai_note"", ""source_fit"": ""ai_note""}","{""path"": ""resource-reviews-v1/hits/snapshots/dd12bb63a72611923b53c6bd9f92d78af71ea995274eb860d1182c4c9bf3246b/reviews.json"", ""sha256"": ""dd12bb63a72611923b53c6bd9f92d78af71ea995274eb860d1182c4c9bf3246b""}"
hit:4189:demo:7235:lex-0090:sense:01:3:5,hit,,,,,,valid_sense,applicable,,,,,,explicit_user_bulk_acceptance,"{""query_fit"": ""ai_note"", ""source_fit"": ""ai_note""}","{""path"": ""resource-reviews-v1/hits/snapshots/dd12bb63a72611923b53c6bd9f92d78af71ea995274eb860d1182c4c9bf3246b/reviews.json"", ""sha256"": ""dd12bb63a72611923b53c6bd9f92d78af71ea995274eb860d1182c4c9bf3246b""}"
hit:4189:query:4189:lex-0090:sense:01:11:13,hit,,,,,,valid_sense,applicable,,,,,,explicit_user_bulk_acceptance,"{""query_fit"": ""ai_note"", ""source_fit"": ""ai_note""}","{""path"": ""resource-reviews-v1/hits/snapshots/dd12bb63a72611923b53c6bd9f92d78af71ea995274eb860d1182c4c9bf3246b/reviews.json"", ""sha256"": ""dd12bb63a72611923b53c6bd9f92d78af71ea995274eb860d1182c4c9bf3246b""}"
hit:4450:demo:1242:lex-0073:sense:01:97:100,hit,,,,,,valid_sense,inapplicable,,,,,,explicit_user_bulk_acceptance,"{""query_fit"": ""ai_note"", ""source_fit"": ""ai_note""}","{""path"": ""resource-reviews-v1/hits/snapshots/dd12bb63a72611923b53c6bd9f92d78af71ea995274eb860d1182c4c9bf3246b/reviews.json"", ""sha256"": ""dd12bb63a72611923b53c6bd9f92d78af71ea995274eb860d1182c4c9bf3246b""}"
hit:4450:demo:1242:lex-0279:sense:01:67:70,hit,,,,,,valid_sense,inapplicable,,,,,,explicit_user_bulk_acceptance,"{""query_fit"": ""ai_note"", ""source_fit"": ""ai_note""}","{""path"": ""resource-reviews-v1/hits/snapshots/dd12bb63a72611923b53c6bd9f92d78af71ea995274eb860d1182c4c9bf3246b/reviews.json"", ""sha256"": ""dd12bb63a72611923b53c6bd9f92d78af71ea995274eb860d1182c4c9bf3246b""}"
hit:4450:demo:1336:lex-0117:sense:01:91:94,hit,,,,,,valid_sense,inapplicable,,,,,,explicit_user_bulk_acceptance,"{""query_fit"": ""ai_note"", ""source_fit"": ""ai_note""}","{""path"": ""resource-reviews-v1/hits/snapshots/dd12bb63a72611923b53c6bd9f92d78af71ea995274eb860d1182c4c9bf3246b/reviews.json"", ""sha256"": ""dd12bb63a72611923b53c6bd9f92d78af71ea995274eb860d1182c4c9bf3246b""}"
hit:4450:demo:2004:lex-0463:sense:01:6:8,hit,,,,,,valid_sense,inapplicable,,,,,,explicit_user_bulk_acceptance,"{""query_fit"": ""ai_note"", ""source_fit"": ""ai_note""}","{""path"": ""resource-reviews-v1/hits/snapshots/dd12bb63a72611923b53c6bd9f92d78af71ea995274eb860d1182c4c9bf3246b/reviews.json"", ""sha256"": ""dd12bb63a72611923b53c6bd9f92d78af71ea995274eb860d1182c4c9bf3246b""}"
hit:4450:demo:3619:lex-0057:sense:01:114:116,hit,,,,,,valid_sense,inapplicable,,,,,,explicit_user_bulk_acceptance,"{""query_fit"": ""ai_note"", ""source_fit"": ""ai_note""}","{""path"": ""resource-reviews-v1/hits/snapshots/dd12bb63a72611923b53c6bd9f92d78af71ea995274eb860d1182c4c9bf3246b/reviews.json"", ""sha256"": ""dd12bb63a72611923b53c6bd9f92d78af71ea995274eb860d1182c4c9bf3246b""}"
hit:4450:demo:3619:lex-0057:sense:01:142:144,hit,,,,,,valid_sense,inapplicable,,,,,,explicit_user_bulk_acceptance,"{""query_fit"": ""ai_note"", ""source_fit"": ""ai_note""}","{""path"": ""resource-reviews-v1/hits/snapshots/dd12bb63a72611923b53c6bd9f92d78af71ea995274eb860d1182c4c9bf3246b/reviews.json"", ""sha256"": ""dd12bb63a72611923b53c6bd9f92d78af71ea995274eb860d1182c4c9bf3246b""}"
hit:4450:demo:3619:lex-0117:sense:01:45:48,hit,,,,,,valid_sense,inapplicable,,,,,,explicit_user_bulk_acceptance,"{""query_fit"": ""ai_note"", ""source_fit"": ""ai_note""}","{""path"": ""resource-reviews-v1/hits/snapshots/dd12bb63a72611923b53c6bd9f92d78af71ea995274eb860d1182c4c9bf3246b/reviews.json"", ""sha256"": ""dd12bb63a72611923b53c6bd9f92d78af71ea995274eb860d1182c4c9bf3246b""}"
hit:4450:demo:3619:lex-0117:sense:01:8:11,hit,,,,,,valid_sense,inapplicable,,,,,,explicit_user_bulk_acceptance,"{""query_fit"": ""ai_note"", ""source_fit"": ""ai_note""}","{""path"": ""resource-reviews-v1/hits/snapshots/dd12bb63a72611923b53c6bd9f92d78af71ea995274eb860d1182c4c9bf3246b/reviews.json"", ""sha256"": ""dd12bb63a72611923b53c6bd9f92d78af71ea995274eb860d1182c4c9bf3246b""}"
hit:4756:demo:3911:lex-0018:sense:01:8:9,hit,,,,,,substring_mismatch,inapplicable,,,,,,explicit_user_bulk_acceptance,"{""query_fit"": ""ai_note"", ""source_fit"": ""user_discussion""}","{""path"": ""resource-reviews-v1/hits/snapshots/dd12bb63a72611923b53c6bd9f92d78af71ea995274eb860d1182c4c9bf3246b/reviews.json"", ""sha256"": ""dd12bb63a72611923b53c6bd9f92d78af71ea995274eb860d1182c4c9bf3246b""}"
hit:4756:demo:4652:lex-0384:sense:01:36:38,hit,,,,,,valid_sense,inapplicable,,,,,,explicit_user_bulk_acceptance,"{""query_fit"": ""ai_note"", ""source_fit"": ""ai_note""}","{""path"": ""resource-reviews-v1/hits/snapshots/dd12bb63a72611923b53c6bd9f92d78af71ea995274eb860d1182c4c9bf3246b/reviews.json"", ""sha256"": ""dd12bb63a72611923b53c6bd9f92d78af71ea995274eb860d1182c4c9bf3246b""}"
hit:4756:demo:5788:lex-0590:sense:01:25:27,hit,,,,,,valid_sense,inapplicable,,,,,,explicit_user_bulk_acceptance,"{""query_fit"": ""ai_note"", ""source_fit"": ""ai_note""}","{""path"": ""resource-reviews-v1/hits/snapshots/dd12bb63a72611923b53c6bd9f92d78af71ea995274eb860d1182c4c9bf3246b/reviews.json"", ""sha256"": ""dd12bb63a72611923b53c6bd9f92d78af71ea995274eb860d1182c4c9bf3246b""}"
hit:4756:demo:5788:lex-0743:sense:01:27:29,hit,,,,,,valid_sense,inapplicable,,,,,,explicit_user_bulk_acceptance,"{""query_fit"": ""ai_note"", ""source_fit"": ""ai_note""}","{""path"": ""resource-reviews-v1/hits/snapshots/dd12bb63a72611923b53c6bd9f92d78af71ea995274eb860d1182c4c9bf3246b/reviews.json"", ""sha256"": ""dd12bb63a72611923b53c6bd9f92d78af71ea995274eb860d1182c4c9bf3246b""}"
hit:4756:demo:5919:lex-0731:sense:01:52:54,hit,,,,,,valid_sense,inapplicable,,,,,,explicit_user_bulk_acceptance,"{""query_fit"": ""ai_note"", ""source_fit"": ""ai_note""}","{""path"": ""resource-reviews-v1/hits/snapshots/dd12bb63a72611923b53c6bd9f92d78af71ea995274eb860d1182c4c9bf3246b/reviews.json"", ""sha256"": ""dd12bb63a72611923b53c6bd9f92d78af71ea995274eb860d1182c4c9bf3246b""}"
hit:4756:demo:7212:lex-0176:sense:01:4:6,hit,,,,,,valid_sense,inapplicable,,,,,,explicit_user_bulk_acceptance,"{""query_fit"": ""ai_note"", ""source_fit"": ""ai_note""}","{""path"": ""resource-reviews-v1/hits/snapshots/dd12bb63a72611923b53c6bd9f92d78af71ea995274eb860d1182c4c9bf3246b/reviews.json"", ""sha256"": ""dd12bb63a72611923b53c6bd9f92d78af71ea995274eb860d1182c4c9bf3246b""}"
hit:5086:demo:127:lex-0112:sense:01:10:12,hit,,,,,,valid_sense,applicable,,,,,,explicit_user_bulk_acceptance,"{""query_fit"": ""ai_note"", ""source_fit"": ""ai_note""}","{""path"": ""resource-reviews-v1/hits/snapshots/dd12bb63a72611923b53c6bd9f92d78af71ea995274eb860d1182c4c9bf3246b/reviews.json"", ""sha256"": ""dd12bb63a72611923b53c6bd9f92d78af71ea995274eb860d1182c4c9bf3246b""}"
hit:5086:demo:127:lex-0112:sense:01:20:22,hit,,,,,,valid_sense,applicable,,,,,,explicit_user_bulk_acceptance,"{""query_fit"": ""ai_note"", ""source_fit"": ""ai_note""}","{""path"": ""resource-reviews-v1/hits/snapshots/dd12bb63a72611923b53c6bd9f92d78af71ea995274eb860d1182c4c9bf3246b/reviews.json"", ""sha256"": ""dd12bb63a72611923b53c6bd9f92d78af71ea995274eb860d1182c4c9bf3246b""}"
hit:5086:demo:127:lex-0182:sense:01:22:24,hit,,,,,,valid_sense,applicable,,,,,,explicit_user_bulk_acceptance,"{""query_fit"": ""ai_note"", ""source_fit"": ""ai_note""}","{""path"": ""resource-reviews-v1/hits/snapshots/dd12bb63a72611923b53c6bd9f92d78af71ea995274eb860d1182c4c9bf3246b/reviews.json"", ""sha256"": ""dd12bb63a72611923b53c6bd9f92d78af71ea995274eb860d1182c4c9bf3246b""}"
hit:5086:demo:1517:lex-0187:sense:01:29:31,hit,,,,,,valid_sense,inapplicable,,,,,,explicit_user_bulk_acceptance,"{""query_fit"": ""ai_note"", ""source_fit"": ""ai_note""}","{""path"": ""resource-reviews-v1/hits/snapshots/dd12bb63a72611923b53c6bd9f92d78af71ea995274eb860d1182c4c9bf3246b/reviews.json"", ""sha256"": ""dd12bb63a72611923b53c6bd9f92d78af71ea995274eb860d1182c4c9bf3246b""}"
hit:5086:demo:1517:lex-0286:sense:01:26:28,hit,,,,,,valid_sense,inapplicable,,,,,,explicit_user_bulk_acceptance,"{""query_fit"": ""ai_note"", ""source_fit"": ""ai_note""}","{""path"": ""resource-reviews-v1/hits/snapshots/dd12bb63a72611923b53c6bd9f92d78af71ea995274eb860d1182c4c9bf3246b/reviews.json"", ""sha256"": ""dd12bb63a72611923b53c6bd9f92d78af71ea995274eb860d1182c4c9bf3246b""}"
hit:5086:demo:2120:lex-0215:sense:01:6:8,hit,,,,,,valid_sense,inapplicable,,,,,,explicit_user_bulk_acceptance,"{""query_fit"": ""ai_note"", ""source_fit"": ""ai_note""}","{""path"": ""resource-reviews-v1/hits/snapshots/dd12bb63a72611923b53c6bd9f92d78af71ea995274eb860d1182c4c9bf3246b/reviews.json"", ""sha256"": ""dd12bb63a72611923b53c6bd9f92d78af71ea995274eb860d1182c4c9bf3246b""}"
hit:5086:demo:2747:lex-0060:sense:01:74:77,hit,,,,,,valid_sense,inapplicable,,,,,,explicit_user_bulk_acceptance,"{""query_fit"": ""ai_note"", ""source_fit"": ""ai_note""}","{""path"": ""resource-reviews-v1/hits/snapshots/dd12bb63a72611923b53c6bd9f92d78af71ea995274eb860d1182c4c9bf3246b/reviews.json"", ""sha256"": ""dd12bb63a72611923b53c6bd9f92d78af71ea995274eb860d1182c4c9bf3246b""}"
hit:5086:demo:5113:lex-0286:sense:01:13:15,hit,,,,,,valid_sense,inapplicable,,,,,,explicit_user_bulk_acceptance,"{""query_fit"": ""ai_note"", ""source_fit"": ""ai_note""}","{""path"": ""resource-reviews-v1/hits/snapshots/dd12bb63a72611923b53c6bd9f92d78af71ea995274eb860d1182c4c9bf3246b/reviews.json"", ""sha256"": ""dd12bb63a72611923b53c6bd9f92d78af71ea995274eb860d1182c4c9bf3246b""}"
hit:5086:demo:5113:lex-0632:sense:01:135:138,hit,,,,,,valid_sense,inapplicable,,,,,,explicit_user_bulk_acceptance,"{""query_fit"": ""ai_note"", ""source_fit"": ""ai_note""}","{""path"": ""resource-reviews-v1/hits/snapshots/dd12bb63a72611923b53c6bd9f92d78af71ea995274eb860d1182c4c9bf3246b/reviews.json"", ""sha256"": ""dd12bb63a72611923b53c6bd9f92d78af71ea995274eb860d1182c4c9bf3246b""}"
hit:5086:demo:5416:lex-0215:sense:01:24:26,hit,,,,,,valid_sense,inapplicable,,,,,,explicit_user_bulk_acceptance,"{""query_fit"": ""ai_note"", ""source_fit"": ""ai_note""}","{""path"": ""resource-reviews-v1/hits/snapshots/dd12bb63a72611923b53c6bd9f92d78af71ea995274eb860d1182c4c9bf3246b/reviews.json"", ""sha256"": ""dd12bb63a72611923b53c6bd9f92d78af71ea995274eb860d1182c4c9bf3246b""}"
hit:5086:demo:6006:lex-0005:sense:01:44:46,hit,,,,,,valid_sense,inapplicable,,,,,,explicit_user_bulk_acceptance,"{""query_fit"": ""ai_note"", ""source_fit"": ""ai_note""}","{""path"": ""resource-reviews-v1/hits/snapshots/dd12bb63a72611923b53c6bd9f92d78af71ea995274eb860d1182c4c9bf3246b/reviews.json"", ""sha256"": ""dd12bb63a72611923b53c6bd9f92d78af71ea995274eb860d1182c4c9bf3246b""}"
hit:5086:demo:6006:lex-0381:sense:01:46:48,hit,,,,,,valid_sense,inapplicable,,,,,,explicit_user_bulk_acceptance,"{""query_fit"": ""ai_note"", ""source_fit"": ""ai_note""}","{""path"": ""resource-reviews-v1/hits/snapshots/dd12bb63a72611923b53c6bd9f92d78af71ea995274eb860d1182c4c9bf3246b/reviews.json"", ""sha256"": ""dd12bb63a72611923b53c6bd9f92d78af71ea995274eb860d1182c4c9bf3246b""}"
hit:5086:demo:6006:lex-0382:sense:01:28:30,hit,,,,,,valid_sense,inapplicable,,,,,,explicit_user_bulk_acceptance,"{""query_fit"": ""ai_note"", ""source_fit"": ""ai_note""}","{""path"": ""resource-reviews-v1/hits/snapshots/dd12bb63a72611923b53c6bd9f92d78af71ea995274eb860d1182c4c9bf3246b/reviews.json"", ""sha256"": ""dd12bb63a72611923b53c6bd9f92d78af71ea995274eb860d1182c4c9bf3246b""}"
hit:5086:demo:6006:lex-0384:sense:01:26:28,hit,,,,,,valid_sense,inapplicable,,,,,,explicit_user_bulk_acceptance,"{""query_fit"": ""ai_note"", ""source_fit"": ""user_discussion""}","{""path"": ""resource-reviews-v1/hits/snapshots/dd12bb63a72611923b53c6bd9f92d78af71ea995274eb860d1182c4c9bf3246b/reviews.json"", ""sha256"": ""dd12bb63a72611923b53c6bd9f92d78af71ea995274eb860d1182c4c9bf3246b""}"
hit:5086:demo:7248:lex-0073:sense:01:129:132,hit,,,,,,valid_sense,inapplicable,,,,,,explicit_user_bulk_acceptance,"{""query_fit"": ""ai_note"", ""source_fit"": ""ai_note""}","{""path"": ""resource-reviews-v1/hits/snapshots/dd12bb63a72611923b53c6bd9f92d78af71ea995274eb860d1182c4c9bf3246b/reviews.json"", ""sha256"": ""dd12bb63a72611923b53c6bd9f92d78af71ea995274eb860d1182c4c9bf3246b""}"
hit:5086:demo:7248:lex-0073:sense:01:15:18,hit,,,,,,valid_sense,inapplicable,,,,,,explicit_user_bulk_acceptance,"{""query_fit"": ""user_discussion"", ""source_fit"": ""ai_note""}","{""path"": ""resource-reviews-v1/hits/snapshots/dd12bb63a72611923b53c6bd9f92d78af71ea995274eb860d1182c4c9bf3246b/reviews.json"", ""sha256"": ""dd12bb63a72611923b53c6bd9f92d78af71ea995274eb860d1182c4c9bf3246b""}"
hit:5086:demo:7248:lex-0073:sense:01:163:166,hit,,,,,,valid_sense,inapplicable,,,,,,explicit_user_bulk_acceptance,"{""query_fit"": ""ai_note"", ""source_fit"": ""ai_note""}","{""path"": ""resource-reviews-v1/hits/snapshots/dd12bb63a72611923b53c6bd9f92d78af71ea995274eb860d1182c4c9bf3246b/reviews.json"", ""sha256"": ""dd12bb63a72611923b53c6bd9f92d78af71ea995274eb860d1182c4c9bf3246b""}"
hit:5086:demo:7248:lex-0073:sense:01:28:31,hit,,,,,,valid_sense,inapplicable,,,,,,explicit_user_bulk_acceptance,"{""query_fit"": ""ai_note"", ""source_fit"": ""ai_note""}","{""path"": ""resource-reviews-v1/hits/snapshots/dd12bb63a72611923b53c6bd9f92d78af71ea995274eb860d1182c4c9bf3246b/reviews.json"", ""sha256"": ""dd12bb63a72611923b53c6bd9f92d78af71ea995274eb860d1182c4c9bf3246b""}"
hit:5086:demo:7248:lex-0073:sense:01:46:49,hit,,,,,,valid_sense,inapplicable,,,,,,explicit_user_bulk_acceptance,"{""query_fit"": ""ai_note"", ""source_fit"": ""ai_note""}","{""path"": ""resource-reviews-v1/hits/snapshots/dd12bb63a72611923b53c6bd9f92d78af71ea995274eb860d1182c4c9bf3246b/reviews.json"", ""sha256"": ""dd12bb63a72611923b53c6bd9f92d78af71ea995274eb860d1182c4c9bf3246b""}"
hit:5086:demo:7464:lex-0112:sense:01:0:2,hit,,,,,,valid_sense,applicable,,,,,,explicit_user_bulk_acceptance,"{""query_fit"": ""ai_note"", ""source_fit"": ""ai_note""}","{""path"": ""resource-reviews-v1/hits/snapshots/dd12bb63a72611923b53c6bd9f92d78af71ea995274eb860d1182c4c9bf3246b/reviews.json"", ""sha256"": ""dd12bb63a72611923b53c6bd9f92d78af71ea995274eb860d1182c4c9bf3246b""}"
hit:5086:demo:7464:lex-0112:sense:01:24:26,hit,,,,,,valid_sense,applicable,,,,,,explicit_user_bulk_acceptance,"{""query_fit"": ""ai_note"", ""source_fit"": ""ai_note""}","{""path"": ""resource-reviews-v1/hits/snapshots/dd12bb63a72611923b53c6bd9f92d78af71ea995274eb860d1182c4c9bf3246b/reviews.json"", ""sha256"": ""dd12bb63a72611923b53c6bd9f92d78af71ea995274eb860d1182c4c9bf3246b""}"
hit:5086:query:5086:lex-0111:sense:01:21:22,hit,,,,,,valid_sense,applicable,,,,,,explicit_user_bulk_acceptance,"{""query_fit"": ""ai_note"", ""source_fit"": ""ai_note""}","{""path"": ""resource-reviews-v1/hits/snapshots/dd12bb63a72611923b53c6bd9f92d78af71ea995274eb860d1182c4c9bf3246b/reviews.json"", ""sha256"": ""dd12bb63a72611923b53c6bd9f92d78af71ea995274eb860d1182c4c9bf3246b""}"
hit:5086:query:5086:lex-0111:sense:01:29:30,hit,,,,,,valid_sense,applicable,,,,,,explicit_user_bulk_acceptance,"{""query_fit"": ""ai_note"", ""source_fit"": ""ai_note""}","{""path"": ""resource-reviews-v1/hits/snapshots/dd12bb63a72611923b53c6bd9f92d78af71ea995274eb860d1182c4c9bf3246b/reviews.json"", ""sha256"": ""dd12bb63a72611923b53c6bd9f92d78af71ea995274eb860d1182c4c9bf3246b""}"
hit:5086:query:5086:lex-0111:sense:01:59:60,hit,,,,,,valid_sense,applicable,,,,,,explicit_user_bulk_acceptance,"{""query_fit"": ""ai_note"", ""source_fit"": ""ai_note""}","{""path"": ""resource-reviews-v1/hits/snapshots/dd12bb63a72611923b53c6bd9f92d78af71ea995274eb860d1182c4c9bf3246b/reviews.json"", ""sha256"": ""dd12bb63a72611923b53c6bd9f92d78af71ea995274eb860d1182c4c9bf3246b""}"
hit:5086:query:5086:lex-0112:sense:01:0:2,hit,,,,,,valid_sense,applicable,,,,,,explicit_user_bulk_acceptance,"{""query_fit"": ""ai_note"", ""source_fit"": ""ai_note""}","{""path"": ""resource-reviews-v1/hits/snapshots/dd12bb63a72611923b53c6bd9f92d78af71ea995274eb860d1182c4c9bf3246b/reviews.json"", ""sha256"": ""dd12bb63a72611923b53c6bd9f92d78af71ea995274eb860d1182c4c9bf3246b""}"
hit:5086:query:5086:lex-0112:sense:01:31:33,hit,,,,,,valid_sense,applicable,,,,,,explicit_user_bulk_acceptance,"{""query_fit"": ""ai_note"", ""source_fit"": ""ai_note""}","{""path"": ""resource-reviews-v1/hits/snapshots/dd12bb63a72611923b53c6bd9f92d78af71ea995274eb860d1182c4c9bf3246b/reviews.json"", ""sha256"": ""dd12bb63a72611923b53c6bd9f92d78af71ea995274eb860d1182c4c9bf3246b""}"
hit:5086:query:5086:lex-0112:sense:01:43:45,hit,,,,,,valid_sense,applicable,,,,,,explicit_user_bulk_acceptance,"{""query_fit"": ""ai_note"", ""source_fit"": ""ai_note""}","{""path"": ""resource-reviews-v1/hits/snapshots/dd12bb63a72611923b53c6bd9f92d78af71ea995274eb860d1182c4c9bf3246b/reviews.json"", ""sha256"": ""dd12bb63a72611923b53c6bd9f92d78af71ea995274eb860d1182c4c9bf3246b""}"
hit:5086:query:5086:lex-0182:sense:01:7:9,hit,,,,,,valid_sense,applicable,,,,,,explicit_user_bulk_acceptance,"{""query_fit"": ""ai_note"", ""source_fit"": ""ai_note""}","{""path"": ""resource-reviews-v1/hits/snapshots/dd12bb63a72611923b53c6bd9f92d78af71ea995274eb860d1182c4c9bf3246b/reviews.json"", ""sha256"": ""dd12bb63a72611923b53c6bd9f92d78af71ea995274eb860d1182c4c9bf3246b""}"
hit:5423:demo:4690:lex-0562:sense:01:4:6,hit,,,,,,valid_sense,inapplicable,,,,,,explicit_user_bulk_acceptance,"{""query_fit"": ""ai_note"", ""source_fit"": ""ai_note""}","{""path"": ""resource-reviews-v1/hits/snapshots/dd12bb63a72611923b53c6bd9f92d78af71ea995274eb860d1182c4c9bf3246b/reviews.json"", ""sha256"": ""dd12bb63a72611923b53c6bd9f92d78af71ea995274eb860d1182c4c9bf3246b""}"
hit:5423:demo:5690:lex-0112:sense:01:0:2,hit,,,,,,valid_sense,inapplicable,,,,,,explicit_user_bulk_acceptance,"{""query_fit"": ""ai_note"", ""source_fit"": ""ai_note""}","{""path"": ""resource-reviews-v1/hits/snapshots/dd12bb63a72611923b53c6bd9f92d78af71ea995274eb860d1182c4c9bf3246b/reviews.json"", ""sha256"": ""dd12bb63a72611923b53c6bd9f92d78af71ea995274eb860d1182c4c9bf3246b""}"
hit:5423:demo:5819:lex-0016:sense:01:8:10,hit,,,,,,valid_sense,inapplicable,,,,,,explicit_user_bulk_acceptance,"{""query_fit"": ""ai_note"", ""source_fit"": ""ai_note""}","{""path"": ""resource-reviews-v1/hits/snapshots/dd12bb63a72611923b53c6bd9f92d78af71ea995274eb860d1182c4c9bf3246b/reviews.json"", ""sha256"": ""dd12bb63a72611923b53c6bd9f92d78af71ea995274eb860d1182c4c9bf3246b""}"
hit:5423:demo:5998:lex-0449:sense:01:13:15,hit,,,,,,valid_sense,inapplicable,,,,,,explicit_user_bulk_acceptance,"{""query_fit"": ""ai_note"", ""source_fit"": ""user_discussion""}","{""path"": ""resource-reviews-v1/hits/snapshots/dd12bb63a72611923b53c6bd9f92d78af71ea995274eb860d1182c4c9bf3246b/reviews.json"", ""sha256"": ""dd12bb63a72611923b53c6bd9f92d78af71ea995274eb860d1182c4c9bf3246b""}"
hit:5423:demo:5998:lex-0449:sense:01:2:4,hit,,,,,,valid_sense,inapplicable,,,,,,explicit_user_bulk_acceptance,"{""query_fit"": ""ai_note"", ""source_fit"": ""user_discussion""}","{""path"": ""resource-reviews-v1/hits/snapshots/dd12bb63a72611923b53c6bd9f92d78af71ea995274eb860d1182c4c9bf3246b/reviews.json"", ""sha256"": ""dd12bb63a72611923b53c6bd9f92d78af71ea995274eb860d1182c4c9bf3246b""}"
hit:5423:demo:771:lex-0008:sense:01:24:25,hit,,,,,,valid_sense,applicable,,,,,,explicit_user_bulk_acceptance,"{""query_fit"": ""ai_note"", ""source_fit"": ""ai_note""}","{""path"": ""resource-reviews-v1/hits/snapshots/dd12bb63a72611923b53c6bd9f92d78af71ea995274eb860d1182c4c9bf3246b/reviews.json"", ""sha256"": ""dd12bb63a72611923b53c6bd9f92d78af71ea995274eb860d1182c4c9bf3246b""}"
hit:5423:demo:771:lex-0008:sense:01:32:33,hit,,,,,,valid_sense,applicable,,,,,,explicit_user_bulk_acceptance,"{""query_fit"": ""ai_note"", ""source_fit"": ""ai_note""}","{""path"": ""resource-reviews-v1/hits/snapshots/dd12bb63a72611923b53c6bd9f92d78af71ea995274eb860d1182c4c9bf3246b/reviews.json"", ""sha256"": ""dd12bb63a72611923b53c6bd9f92d78af71ea995274eb860d1182c4c9bf3246b""}"
hit:5423:demo:771:lex-0325:sense:01:33:35,hit,,,,,,valid_sense,inapplicable,,,,,,explicit_user_bulk_acceptance,"{""query_fit"": ""ai_note"", ""source_fit"": ""ai_note""}","{""path"": ""resource-reviews-v1/hits/snapshots/dd12bb63a72611923b53c6bd9f92d78af71ea995274eb860d1182c4c9bf3246b/reviews.json"", ""sha256"": ""dd12bb63a72611923b53c6bd9f92d78af71ea995274eb860d1182c4c9bf3246b""}"
hit:5423:query:5423:lex-0008:sense:01:3:4,hit,,,,,,valid_sense,applicable,,,,,,explicit_user_bulk_acceptance,"{""query_fit"": ""ai_note"", ""source_fit"": ""ai_note""}","{""path"": ""resource-reviews-v1/hits/snapshots/dd12bb63a72611923b53c6bd9f92d78af71ea995274eb860d1182c4c9bf3246b/reviews.json"", ""sha256"": ""dd12bb63a72611923b53c6bd9f92d78af71ea995274eb860d1182c4c9bf3246b""}"
hit:554:demo:1242:lex-0073:sense:01:97:100,hit,,,,,,valid_sense,inapplicable,,,,,,explicit_user_bulk_acceptance,"{""query_fit"": ""ai_note"", ""source_fit"": ""ai_note""}","{""path"": ""resource-reviews-v1/hits/snapshots/dd12bb63a72611923b53c6bd9f92d78af71ea995274eb860d1182c4c9bf3246b/reviews.json"", ""sha256"": ""dd12bb63a72611923b53c6bd9f92d78af71ea995274eb860d1182c4c9bf3246b""}"
hit:554:demo:1242:lex-0279:sense:01:67:70,hit,,,,,,valid_sense,inapplicable,,,,,,explicit_user_bulk_acceptance,"{""query_fit"": ""ai_note"", ""source_fit"": ""ai_note""}","{""path"": ""resource-reviews-v1/hits/snapshots/dd12bb63a72611923b53c6bd9f92d78af71ea995274eb860d1182c4c9bf3246b/reviews.json"", ""sha256"": ""dd12bb63a72611923b53c6bd9f92d78af71ea995274eb860d1182c4c9bf3246b""}"
hit:554:demo:5535:lex-0117:sense:01:7:10,hit,,,,,,valid_sense,inapplicable,,,,,,explicit_user_bulk_acceptance,"{""query_fit"": ""ai_note"", ""source_fit"": ""ai_note""}","{""path"": ""resource-reviews-v1/hits/snapshots/dd12bb63a72611923b53c6bd9f92d78af71ea995274eb860d1182c4c9bf3246b/reviews.json"", ""sha256"": ""dd12bb63a72611923b53c6bd9f92d78af71ea995274eb860d1182c4c9bf3246b""}"
hit:6037:demo:3529:lex-0037:sense:01:20:22,hit,,,,,,valid_sense,applicable,,,,,,explicit_user_bulk_acceptance,"{""query_fit"": ""ai_note"", ""source_fit"": ""ai_note""}","{""path"": ""resource-reviews-v1/hits/snapshots/dd12bb63a72611923b53c6bd9f92d78af71ea995274eb860d1182c4c9bf3246b/reviews.json"", ""sha256"": ""dd12bb63a72611923b53c6bd9f92d78af71ea995274eb860d1182c4c9bf3246b""}"
hit:6037:demo:5230:lex-0069:sense:01:32:34,hit,,,,,,substring_mismatch,inapplicable,,,,,,explicit_user_bulk_acceptance,"{""query_fit"": ""ai_note"", ""source_fit"": ""ai_note""}","{""path"": ""resource-reviews-v1/hits/snapshots/dd12bb63a72611923b53c6bd9f92d78af71ea995274eb860d1182c4c9bf3246b/reviews.json"", ""sha256"": ""dd12bb63a72611923b53c6bd9f92d78af71ea995274eb860d1182c4c9bf3246b""}"
hit:6037:demo:528:lex-0037:sense:01:9:11,hit,,,,,,valid_sense,applicable,,,,,,explicit_user_bulk_acceptance,"{""query_fit"": ""ai_note"", ""source_fit"": ""ai_note""}","{""path"": ""resource-reviews-v1/hits/snapshots/dd12bb63a72611923b53c6bd9f92d78af71ea995274eb860d1182c4c9bf3246b/reviews.json"", ""sha256"": ""dd12bb63a72611923b53c6bd9f92d78af71ea995274eb860d1182c4c9bf3246b""}"
hit:6037:demo:528:lex-0174:sense:01:1:3,hit,,,,,,valid_sense,inapplicable,,,,,,explicit_user_bulk_acceptance,"{""query_fit"": ""ai_note"", ""source_fit"": ""ai_note""}","{""path"": ""resource-reviews-v1/hits/snapshots/dd12bb63a72611923b53c6bd9f92d78af71ea995274eb860d1182c4c9bf3246b/reviews.json"", ""sha256"": ""dd12bb63a72611923b53c6bd9f92d78af71ea995274eb860d1182c4c9bf3246b""}"
hit:6037:demo:5408:lex-0037:sense:01:0:2,hit,,,,,,valid_sense,applicable,,,,,,explicit_user_bulk_acceptance,"{""query_fit"": ""ai_note"", ""source_fit"": ""ai_note""}","{""path"": ""resource-reviews-v1/hits/snapshots/dd12bb63a72611923b53c6bd9f92d78af71ea995274eb860d1182c4c9bf3246b/reviews.json"", ""sha256"": ""dd12bb63a72611923b53c6bd9f92d78af71ea995274eb860d1182c4c9bf3246b""}"
hit:6037:demo:5507:lex-0037:sense:01:0:2,hit,,,,,,valid_sense,applicable,,,,,,explicit_user_bulk_acceptance,"{""query_fit"": ""ai_note"", ""source_fit"": ""ai_note""}","{""path"": ""resource-reviews-v1/hits/snapshots/dd12bb63a72611923b53c6bd9f92d78af71ea995274eb860d1182c4c9bf3246b/reviews.json"", ""sha256"": ""dd12bb63a72611923b53c6bd9f92d78af71ea995274eb860d1182c4c9bf3246b""}"
hit:6037:query:6037:lex-0037:sense:01:9:11,hit,,,,,,valid_sense,applicable,,,,,,explicit_user_bulk_acceptance,"{""query_fit"": ""ai_note"", ""source_fit"": ""ai_note""}","{""path"": ""resource-reviews-v1/hits/snapshots/dd12bb63a72611923b53c6bd9f92d78af71ea995274eb860d1182c4c9bf3246b/reviews.json"", ""sha256"": ""dd12bb63a72611923b53c6bd9f92d78af71ea995274eb860d1182c4c9bf3246b""}"
hit:61:demo:1294:lex-0073:sense:01:19:22,hit,,,,,,valid_sense,inapplicable,,,,,,explicit_user_bulk_acceptance,"{""query_fit"": ""ai_note"", ""source_fit"": ""ai_note""}","{""path"": ""resource-reviews-v1/hits/snapshots/dd12bb63a72611923b53c6bd9f92d78af71ea995274eb860d1182c4c9bf3246b/reviews.json"", ""sha256"": ""dd12bb63a72611923b53c6bd9f92d78af71ea995274eb860d1182c4c9bf3246b""}"
hit:61:demo:3463:lex-0310:sense:01:65:67,hit,,,,,,valid_sense,inapplicable,,,,,,explicit_user_bulk_acceptance,"{""query_fit"": ""ai_note"", ""source_fit"": ""ai_note""}","{""path"": ""resource-reviews-v1/hits/snapshots/dd12bb63a72611923b53c6bd9f92d78af71ea995274eb860d1182c4c9bf3246b/reviews.json"", ""sha256"": ""dd12bb63a72611923b53c6bd9f92d78af71ea995274eb860d1182c4c9bf3246b""}"
hit:61:demo:3463:lex-0437:sense:01:248:250,hit,,,,,,valid_sense,inapplicable,,,,,,explicit_user_bulk_acceptance,"{""query_fit"": ""ai_note"", ""source_fit"": ""ai_note""}","{""path"": ""resource-reviews-v1/hits/snapshots/dd12bb63a72611923b53c6bd9f92d78af71ea995274eb860d1182c4c9bf3246b/reviews.json"", ""sha256"": ""dd12bb63a72611923b53c6bd9f92d78af71ea995274eb860d1182c4c9bf3246b""}"
hit:61:demo:3517:lex-0327:sense:01:103:105,hit,,,,,,valid_sense,inapplicable,,,,,,explicit_user_bulk_acceptance,"{""query_fit"": ""ai_note"", ""source_fit"": ""ai_note""}","{""path"": ""resource-reviews-v1/hits/snapshots/dd12bb63a72611923b53c6bd9f92d78af71ea995274eb860d1182c4c9bf3246b/reviews.json"", ""sha256"": ""dd12bb63a72611923b53c6bd9f92d78af71ea995274eb860d1182c4c9bf3246b""}"
hit:61:demo:3517:lex-0327:sense:01:107:109,hit,,,,,,valid_sense,inapplicable,,,,,,explicit_user_bulk_acceptance,"{""query_fit"": ""ai_note"", ""source_fit"": ""ai_note""}","{""path"": ""resource-reviews-v1/hits/snapshots/dd12bb63a72611923b53c6bd9f92d78af71ea995274eb860d1182c4c9bf3246b/reviews.json"", ""sha256"": ""dd12bb63a72611923b53c6bd9f92d78af71ea995274eb860d1182c4c9bf3246b""}"
hit:61:demo:3517:lex-0327:sense:01:27:29,hit,,,,,,valid_sense,inapplicable,,,,,,explicit_user_bulk_acceptance,"{""query_fit"": ""ai_note"", ""source_fit"": ""ai_note""}","{""path"": ""resource-reviews-v1/hits/snapshots/dd12bb63a72611923b53c6bd9f92d78af71ea995274eb860d1182c4c9bf3246b/reviews.json"", ""sha256"": ""dd12bb63a72611923b53c6bd9f92d78af71ea995274eb860d1182c4c9bf3246b""}"
hit:61:demo:3517:lex-0327:sense:01:45:47,hit,,,,,,valid_sense,inapplicable,,,,,,explicit_user_bulk_acceptance,"{""query_fit"": ""ai_note"", ""source_fit"": ""ai_note""}","{""path"": ""resource-reviews-v1/hits/snapshots/dd12bb63a72611923b53c6bd9f92d78af71ea995274eb860d1182c4c9bf3246b/reviews.json"", ""sha256"": ""dd12bb63a72611923b53c6bd9f92d78af71ea995274eb860d1182c4c9bf3246b""}"
hit:61:demo:3517:lex-0327:sense:01:56:58,hit,,,,,,valid_sense,inapplicable,,,,,,explicit_user_bulk_acceptance,"{""query_fit"": ""ai_note"", ""source_fit"": ""ai_note""}","{""path"": ""resource-reviews-v1/hits/snapshots/dd12bb63a72611923b53c6bd9f92d78af71ea995274eb860d1182c4c9bf3246b/reviews.json"", ""sha256"": ""dd12bb63a72611923b53c6bd9f92d78af71ea995274eb860d1182c4c9bf3246b""}"
hit:61:demo:3517:lex-0327:sense:01:83:85,hit,,,,,,valid_sense,inapplicable,,,,,,explicit_user_bulk_acceptance,"{""query_fit"": ""ai_note"", ""source_fit"": ""ai_note""}","{""path"": ""resource-reviews-v1/hits/snapshots/dd12bb63a72611923b53c6bd9f92d78af71ea995274eb860d1182c4c9bf3246b/reviews.json"", ""sha256"": ""dd12bb63a72611923b53c6bd9f92d78af71ea995274eb860d1182c4c9bf3246b""}"
hit:61:demo:7253:lex-0135:sense:01:5:7,hit,,,,,,valid_sense,inapplicable,,,,,,explicit_user_bulk_acceptance,"{""query_fit"": ""ai_note"", ""source_fit"": ""ai_note""}","{""path"": ""resource-reviews-v1/hits/snapshots/dd12bb63a72611923b53c6bd9f92d78af71ea995274eb860d1182c4c9bf3246b/reviews.json"", ""sha256"": ""dd12bb63a72611923b53c6bd9f92d78af71ea995274eb860d1182c4c9bf3246b""}"
hit:61:demo:924:lex-0104:sense:01:55:56,hit,,,,,,substring_mismatch,inapplicable,,,,,,explicit_user_bulk_acceptance,"{""query_fit"": ""ai_note"", ""source_fit"": ""ai_note""}","{""path"": ""resource-reviews-v1/hits/snapshots/dd12bb63a72611923b53c6bd9f92d78af71ea995274eb860d1182c4c9bf3246b/reviews.json"", ""sha256"": ""dd12bb63a72611923b53c6bd9f92d78af71ea995274eb860d1182c4c9bf3246b""}"
hit:7244:demo:179:lex-0104:sense:01:7:8,hit,,,,,,valid_sense,inapplicable,,,,,,explicit_user_bulk_acceptance,"{""query_fit"": ""ai_note"", ""source_fit"": ""ai_note""}","{""path"": ""resource-reviews-v1/hits/snapshots/dd12bb63a72611923b53c6bd9f92d78af71ea995274eb860d1182c4c9bf3246b/reviews.json"", ""sha256"": ""dd12bb63a72611923b53c6bd9f92d78af71ea995274eb860d1182c4c9bf3246b""}"
hit:7244:demo:2101:lex-0545:sense:01:39:41,hit,,,,,,valid_sense,inapplicable,,,,,,explicit_user_bulk_acceptance,"{""query_fit"": ""ai_note"", ""source_fit"": ""ai_note""}","{""path"": ""resource-reviews-v1/hits/snapshots/dd12bb63a72611923b53c6bd9f92d78af71ea995274eb860d1182c4c9bf3246b/reviews.json"", ""sha256"": ""dd12bb63a72611923b53c6bd9f92d78af71ea995274eb860d1182c4c9bf3246b""}"
hit:7244:demo:4392:lex-0235:sense:01:22:25,hit,,,,,,valid_sense,inapplicable,,,,,,explicit_user_bulk_acceptance,"{""query_fit"": ""ai_note"", ""source_fit"": ""ai_note""}","{""path"": ""resource-reviews-v1/hits/snapshots/dd12bb63a72611923b53c6bd9f92d78af71ea995274eb860d1182c4c9bf3246b/reviews.json"", ""sha256"": ""dd12bb63a72611923b53c6bd9f92d78af71ea995274eb860d1182c4c9bf3246b""}"
hit:7244:demo:4392:lex-0673:sense:01:29:30,hit,,,,,,valid_sense,inapplicable,,,,,,explicit_user_bulk_acceptance,"{""query_fit"": ""ai_note"", ""source_fit"": ""ai_note""}","{""path"": ""resource-reviews-v1/hits/snapshots/dd12bb63a72611923b53c6bd9f92d78af71ea995274eb860d1182c4c9bf3246b/reviews.json"", ""sha256"": ""dd12bb63a72611923b53c6bd9f92d78af71ea995274eb860d1182c4c9bf3246b""}"
hit:7244:demo:5282:lex-0117:sense:01:5:8,hit,,,,,,valid_sense,inapplicable,,,,,,explicit_user_bulk_acceptance,"{""query_fit"": ""ai_note"", ""source_fit"": ""ai_note""}","{""path"": ""resource-reviews-v1/hits/snapshots/dd12bb63a72611923b53c6bd9f92d78af71ea995274eb860d1182c4c9bf3246b/reviews.json"", ""sha256"": ""dd12bb63a72611923b53c6bd9f92d78af71ea995274eb860d1182c4c9bf3246b""}"
hit:7244:demo:5282:lex-0473:sense:01:32:35,hit,,,,,,valid_sense,applicable,,,,,,explicit_user_bulk_acceptance,"{""query_fit"": ""ai_note"", ""source_fit"": ""ai_note""}","{""path"": ""resource-reviews-v1/hits/snapshots/dd12bb63a72611923b53c6bd9f92d78af71ea995274eb860d1182c4c9bf3246b/reviews.json"", ""sha256"": ""dd12bb63a72611923b53c6bd9f92d78af71ea995274eb860d1182c4c9bf3246b""}"
hit:7244:demo:7232:lex-0790:sense:01:3:5,hit,,,,,,valid_sense,inapplicable,,,,,,explicit_user_bulk_acceptance,"{""query_fit"": ""ai_note"", ""source_fit"": ""ai_note""}","{""path"": ""resource-reviews-v1/hits/snapshots/dd12bb63a72611923b53c6bd9f92d78af71ea995274eb860d1182c4c9bf3246b/reviews.json"", ""sha256"": ""dd12bb63a72611923b53c6bd9f92d78af71ea995274eb860d1182c4c9bf3246b""}"
hit:7244:demo:7232:lex-0791:sense:01:0:2,hit,,,,,,valid_sense,inapplicable,,,,,,explicit_user_bulk_acceptance,"{""query_fit"": ""ai_note"", ""source_fit"": ""ai_note""}","{""path"": ""resource-reviews-v1/hits/snapshots/dd12bb63a72611923b53c6bd9f92d78af71ea995274eb860d1182c4c9bf3246b/reviews.json"", ""sha256"": ""dd12bb63a72611923b53c6bd9f92d78af71ea995274eb860d1182c4c9bf3246b""}"
hit:7244:demo:7232:lex-new-85a9a8e7d39af4a3:sense:01:34:35,hit,,,,,,valid_sense,inapplicable,,,,,,explicit_user_bulk_acceptance,"{""query_fit"": ""ai_note"", ""source_fit"": ""ai_note""}","{""path"": ""resource-reviews-v1/hits/snapshots/dd12bb63a72611923b53c6bd9f92d78af71ea995274eb860d1182c4c9bf3246b/reviews.json"", ""sha256"": ""dd12bb63a72611923b53c6bd9f92d78af71ea995274eb860d1182c4c9bf3246b""}"
hit:7244:query:7244:lex-0021:sense:01:28:30,hit,,,,,,valid_sense,applicable,,,,,,explicit_user_bulk_acceptance,"{""query_fit"": ""ai_note"", ""source_fit"": ""ai_note""}","{""path"": ""resource-reviews-v1/hits/snapshots/dd12bb63a72611923b53c6bd9f92d78af71ea995274eb860d1182c4c9bf3246b/reviews.json"", ""sha256"": ""dd12bb63a72611923b53c6bd9f92d78af71ea995274eb860d1182c4c9bf3246b""}"
hit:7244:query:7244:lex-0029:sense:01:9:11,hit,,,,,,valid_sense,applicable,,,,,,explicit_user_bulk_acceptance,"{""query_fit"": ""ai_note"", ""source_fit"": ""ai_note""}","{""path"": ""resource-reviews-v1/hits/snapshots/dd12bb63a72611923b53c6bd9f92d78af71ea995274eb860d1182c4c9bf3246b/reviews.json"", ""sha256"": ""dd12bb63a72611923b53c6bd9f92d78af71ea995274eb860d1182c4c9bf3246b""}"
hit:7244:query:7244:lex-0473:sense:01:4:7,hit,,,,,,valid_sense,applicable,,,,,,explicit_user_bulk_acceptance,"{""query_fit"": ""ai_note"", ""source_fit"": ""ai_note""}","{""path"": ""resource-reviews-v1/hits/snapshots/dd12bb63a72611923b53c6bd9f92d78af71ea995274eb860d1182c4c9bf3246b/reviews.json"", ""sha256"": ""dd12bb63a72611923b53c6bd9f92d78af71ea995274eb860d1182c4c9bf3246b""}"
hit:7244:query:7244:lex-0597:sense:01:16:18,hit,,,,,,valid_sense,applicable,,,,,,explicit_user_bulk_acceptance,"{""query_fit"": ""ai_note"", ""source_fit"": ""ai_note""}","{""path"": ""resource-reviews-v1/hits/snapshots/dd12bb63a72611923b53c6bd9f92d78af71ea995274eb860d1182c4c9bf3246b/reviews.json"", ""sha256"": ""dd12bb63a72611923b53c6bd9f92d78af71ea995274eb860d1182c4c9bf3246b""}"
hit:7244:query:7244:lex-0621:sense:01:34:37,hit,,,,,,valid_sense,applicable,,,,,,explicit_user_bulk_acceptance,"{""query_fit"": ""ai_note"", ""source_fit"": ""ai_note""}","{""path"": ""resource-reviews-v1/hits/snapshots/dd12bb63a72611923b53c6bd9f92d78af71ea995274eb860d1182c4c9bf3246b/reviews.json"", ""sha256"": ""dd12bb63a72611923b53c6bd9f92d78af71ea995274eb860d1182c4c9bf3246b""}"
hit:7244:query:7244:lex-0622:sense:01:31:33,hit,,,,,,valid_sense,applicable,,,,,,explicit_user_bulk_acceptance,"{""query_fit"": ""ai_note"", ""source_fit"": ""ai_note""}","{""path"": ""resource-reviews-v1/hits/snapshots/dd12bb63a72611923b53c6bd9f92d78af71ea995274eb860d1182c4c9bf3246b/reviews.json"", ""sha256"": ""dd12bb63a72611923b53c6bd9f92d78af71ea995274eb860d1182c4c9bf3246b""}"
hit:7244:query:7244:lex-0623:sense:01:23:25,hit,,,,,,valid_sense,applicable,,,,,,explicit_user_bulk_acceptance,"{""query_fit"": ""ai_note"", ""source_fit"": ""ai_note""}","{""path"": ""resource-reviews-v1/hits/snapshots/dd12bb63a72611923b53c6bd9f92d78af71ea995274eb860d1182c4c9bf3246b/reviews.json"", ""sha256"": ""dd12bb63a72611923b53c6bd9f92d78af71ea995274eb860d1182c4c9bf3246b""}"
hit:7244:query:7244:lex-0624:sense:01:19:22,hit,,,,,,valid_sense,applicable,,,,,,explicit_user_bulk_acceptance,"{""query_fit"": ""ai_note"", ""source_fit"": ""ai_note""}","{""path"": ""resource-reviews-v1/hits/snapshots/dd12bb63a72611923b53c6bd9f92d78af71ea995274eb860d1182c4c9bf3246b/reviews.json"", ""sha256"": ""dd12bb63a72611923b53c6bd9f92d78af71ea995274eb860d1182c4c9bf3246b""}"
hit:7244:query:7244:lex-0625:sense:01:12:15,hit,,,,,,valid_sense,applicable,,,,,,explicit_user_bulk_acceptance,"{""query_fit"": ""ai_note"", ""source_fit"": ""ai_note""}","{""path"": ""resource-reviews-v1/hits/snapshots/dd12bb63a72611923b53c6bd9f92d78af71ea995274eb860d1182c4c9bf3246b/reviews.json"", ""sha256"": ""dd12bb63a72611923b53c6bd9f92d78af71ea995274eb860d1182c4c9bf3246b""}"
hit:7285:demo:4344:lex-0031:sense:01:0:2,hit,,,,,,valid_sense,inapplicable,,,,,,explicit_user_bulk_acceptance,"{""query_fit"": ""ai_note"", ""source_fit"": ""ai_note""}","{""path"": ""resource-reviews-v1/hits/snapshots/dd12bb63a72611923b53c6bd9f92d78af71ea995274eb860d1182c4c9bf3246b/reviews.json"", ""sha256"": ""dd12bb63a72611923b53c6bd9f92d78af71ea995274eb860d1182c4c9bf3246b""}"
hit:7285:demo:4344:lex-0090:sense:01:30:32,hit,,,,,,valid_sense,inapplicable,,,,,,explicit_user_bulk_acceptance,"{""query_fit"": ""ai_note"", ""source_fit"": ""ai_note""}","{""path"": ""resource-reviews-v1/hits/snapshots/dd12bb63a72611923b53c6bd9f92d78af71ea995274eb860d1182c4c9bf3246b/reviews.json"", ""sha256"": ""dd12bb63a72611923b53c6bd9f92d78af71ea995274eb860d1182c4c9bf3246b""}"
hit:7285:demo:4344:lex-0090:sense:01:7:9,hit,,,,,,valid_sense,inapplicable,,,,,,explicit_user_bulk_acceptance,"{""query_fit"": ""ai_note"", ""source_fit"": ""ai_note""}","{""path"": ""resource-reviews-v1/hits/snapshots/dd12bb63a72611923b53c6bd9f92d78af71ea995274eb860d1182c4c9bf3246b/reviews.json"", ""sha256"": ""dd12bb63a72611923b53c6bd9f92d78af71ea995274eb860d1182c4c9bf3246b""}"
hit:7646:demo:5466:lex-0037:sense:01:10:12,hit,,,,,,valid_sense,inapplicable,,,,,,explicit_user_bulk_acceptance,"{""query_fit"": ""ai_note"", ""source_fit"": ""ai_note""}","{""path"": ""resource-reviews-v1/hits/snapshots/dd12bb63a72611923b53c6bd9f92d78af71ea995274eb860d1182c4c9bf3246b/reviews.json"", ""sha256"": ""dd12bb63a72611923b53c6bd9f92d78af71ea995274eb860d1182c4c9bf3246b""}"
hit:7646:demo:5615:lex-0463:sense:01:7:9,hit,,,,,,valid_sense,inapplicable,,,,,,explicit_user_bulk_acceptance,"{""query_fit"": ""ai_note"", ""source_fit"": ""ai_note""}","{""path"": ""resource-reviews-v1/hits/snapshots/dd12bb63a72611923b53c6bd9f92d78af71ea995274eb860d1182c4c9bf3246b/reviews.json"", ""sha256"": ""dd12bb63a72611923b53c6bd9f92d78af71ea995274eb860d1182c4c9bf3246b""}"
hit:7646:demo:5666:lex-0112:sense:01:3:5,hit,,,,,,valid_sense,inapplicable,,,,,,explicit_user_bulk_acceptance,"{""query_fit"": ""ai_note"", ""source_fit"": ""ai_note""}","{""path"": ""resource-reviews-v1/hits/snapshots/dd12bb63a72611923b53c6bd9f92d78af71ea995274eb860d1182c4c9bf3246b/reviews.json"", ""sha256"": ""dd12bb63a72611923b53c6bd9f92d78af71ea995274eb860d1182c4c9bf3246b""}"
hit:7646:demo:7133:lex-new-4db860d45ffeff75:sense:01:12:14,hit,,,,,,valid_sense,inapplicable,,,,,,explicit_user_bulk_acceptance,"{""query_fit"": ""ai_note"", ""source_fit"": ""ai_note""}","{""path"": ""resource-reviews-v1/hits/snapshots/dd12bb63a72611923b53c6bd9f92d78af71ea995274eb860d1182c4c9bf3246b/reviews.json"", ""sha256"": ""dd12bb63a72611923b53c6bd9f92d78af71ea995274eb860d1182c4c9bf3246b""}"
hit:7903:demo:3366:lex-0187:sense:01:11:13,hit,,,,,,valid_sense,inapplicable,,,,,,explicit_user_bulk_acceptance,"{""query_fit"": ""ai_note"", ""source_fit"": ""ai_note""}","{""path"": ""resource-reviews-v1/hits/snapshots/dd12bb63a72611923b53c6bd9f92d78af71ea995274eb860d1182c4c9bf3246b/reviews.json"", ""sha256"": ""dd12bb63a72611923b53c6bd9f92d78af71ea995274eb860d1182c4c9bf3246b""}"
hit:7903:demo:3366:lex-0287:sense:01:14:16,hit,,,,,,valid_sense,inapplicable,,,,,,explicit_user_bulk_acceptance,"{""query_fit"": ""ai_note"", ""source_fit"": ""ai_note""}","{""path"": ""resource-reviews-v1/hits/snapshots/dd12bb63a72611923b53c6bd9f92d78af71ea995274eb860d1182c4c9bf3246b/reviews.json"", ""sha256"": ""dd12bb63a72611923b53c6bd9f92d78af71ea995274eb860d1182c4c9bf3246b""}"
hit:7903:demo:3366:lex-0441:sense:01:3:5,hit,,,,,,valid_sense,inapplicable,,,,,,explicit_user_bulk_acceptance,"{""query_fit"": ""ai_note"", ""source_fit"": ""ai_note""}","{""path"": ""resource-reviews-v1/hits/snapshots/dd12bb63a72611923b53c6bd9f92d78af71ea995274eb860d1182c4c9bf3246b/reviews.json"", ""sha256"": ""dd12bb63a72611923b53c6bd9f92d78af71ea995274eb860d1182c4c9bf3246b""}"
hit:7903:demo:4690:lex-0562:sense:01:4:6,hit,,,,,,valid_sense,inapplicable,,,,,,explicit_user_bulk_acceptance,"{""query_fit"": ""ai_note"", ""source_fit"": ""ai_note""}","{""path"": ""resource-reviews-v1/hits/snapshots/dd12bb63a72611923b53c6bd9f92d78af71ea995274eb860d1182c4c9bf3246b/reviews.json"", ""sha256"": ""dd12bb63a72611923b53c6bd9f92d78af71ea995274eb860d1182c4c9bf3246b""}"
hit:7903:demo:5997:lex-0032:sense:01:4:7,hit,,,,,,valid_sense,inapplicable,,,,,,explicit_user_bulk_acceptance,"{""query_fit"": ""ai_note"", ""source_fit"": ""ai_note""}","{""path"": ""resource-reviews-v1/hits/snapshots/dd12bb63a72611923b53c6bd9f92d78af71ea995274eb860d1182c4c9bf3246b/reviews.json"", ""sha256"": ""dd12bb63a72611923b53c6bd9f92d78af71ea995274eb860d1182c4c9bf3246b""}"
hit:7903:demo:6569:lex-0669:sense:01:1:2,hit,,,,,,wrong_sense,inapplicable,,,,,,explicit_user_bulk_acceptance,"{""query_fit"": ""ai_note"", ""source_fit"": ""ai_note""}","{""path"": ""resource-reviews-v1/hits/snapshots/dd12bb63a72611923b53c6bd9f92d78af71ea995274eb860d1182c4c9bf3246b/reviews.json"", ""sha256"": ""dd12bb63a72611923b53c6bd9f92d78af71ea995274eb860d1182c4c9bf3246b""}"
hit:7960:demo:2750:lex-0590:sense:01:112:114,hit,,,,,,valid_sense,inapplicable,,,,,,explicit_user_bulk_acceptance,"{""query_fit"": ""ai_note"", ""source_fit"": ""ai_note""}","{""path"": ""resource-reviews-v1/hits/snapshots/dd12bb63a72611923b53c6bd9f92d78af71ea995274eb860d1182c4c9bf3246b/reviews.json"", ""sha256"": ""dd12bb63a72611923b53c6bd9f92d78af71ea995274eb860d1182c4c9bf3246b""}"
hit:7960:demo:2750:lex-new-6b02c58315cc4cdf:sense:01:15:17,hit,,,,,,valid_sense,inapplicable,,,,,,explicit_user_bulk_acceptance,"{""query_fit"": ""ai_note"", ""source_fit"": ""ai_note""}","{""path"": ""resource-reviews-v1/hits/snapshots/dd12bb63a72611923b53c6bd9f92d78af71ea995274eb860d1182c4c9bf3246b/reviews.json"", ""sha256"": ""dd12bb63a72611923b53c6bd9f92d78af71ea995274eb860d1182c4c9bf3246b""}"
hit:7960:demo:2750:lex-new-6b02c58315cc4cdf:sense:01:33:35,hit,,,,,,valid_sense,inapplicable,,,,,,explicit_user_bulk_acceptance,"{""query_fit"": ""ai_note"", ""source_fit"": ""ai_note""}","{""path"": ""resource-reviews-v1/hits/snapshots/dd12bb63a72611923b53c6bd9f92d78af71ea995274eb860d1182c4c9bf3246b/reviews.json"", ""sha256"": ""dd12bb63a72611923b53c6bd9f92d78af71ea995274eb860d1182c4c9bf3246b""}"
hit:7960:demo:2750:lex-new-6b02c58315cc4cdf:sense:01:8:10,hit,,,,,,valid_sense,inapplicable,,,,,,explicit_user_bulk_acceptance,"{""query_fit"": ""ai_note"", ""source_fit"": ""ai_note""}","{""path"": ""resource-reviews-v1/hits/snapshots/dd12bb63a72611923b53c6bd9f92d78af71ea995274eb860d1182c4c9bf3246b/reviews.json"", ""sha256"": ""dd12bb63a72611923b53c6bd9f92d78af71ea995274eb860d1182c4c9bf3246b""}"
hit:7960:demo:51:lex-0067:sense:01:26:28,hit,,,,,,valid_sense,inapplicable,,,,,,explicit_user_bulk_acceptance,"{""query_fit"": ""ai_note"", ""source_fit"": ""ai_note""}","{""path"": ""resource-reviews-v1/hits/snapshots/dd12bb63a72611923b53c6bd9f92d78af71ea995274eb860d1182c4c9bf3246b/reviews.json"", ""sha256"": ""dd12bb63a72611923b53c6bd9f92d78af71ea995274eb860d1182c4c9bf3246b""}"
hit:7960:demo:51:lex-0067:sense:01:49:51,hit,,,,,,valid_sense,inapplicable,,,,,,explicit_user_bulk_acceptance,"{""query_fit"": ""ai_note"", ""source_fit"": ""ai_note""}","{""path"": ""resource-reviews-v1/hits/snapshots/dd12bb63a72611923b53c6bd9f92d78af71ea995274eb860d1182c4c9bf3246b/reviews.json"", ""sha256"": ""dd12bb63a72611923b53c6bd9f92d78af71ea995274eb860d1182c4c9bf3246b""}"
hit:7960:demo:51:lex-0215:sense:01:68:70,hit,,,,,,valid_sense,inapplicable,,,,,,explicit_user_bulk_acceptance,"{""query_fit"": ""ai_note"", ""source_fit"": ""ai_note""}","{""path"": ""resource-reviews-v1/hits/snapshots/dd12bb63a72611923b53c6bd9f92d78af71ea995274eb860d1182c4c9bf3246b/reviews.json"", ""sha256"": ""dd12bb63a72611923b53c6bd9f92d78af71ea995274eb860d1182c4c9bf3246b""}"
hit:7960:demo:5365:lex-0104:sense:01:25:26,hit,,,,,,valid_sense,inapplicable,,,,,,explicit_user_bulk_acceptance,"{""query_fit"": ""ai_note"", ""source_fit"": ""ai_note""}","{""path"": ""resource-reviews-v1/hits/snapshots/dd12bb63a72611923b53c6bd9f92d78af71ea995274eb860d1182c4c9bf3246b/reviews.json"", ""sha256"": ""dd12bb63a72611923b53c6bd9f92d78af71ea995274eb860d1182c4c9bf3246b""}"
hit:7960:demo:6224:lex-0590:sense:01:79:81,hit,,,,,,wrong_sense,inapplicable,,,,,,explicit_user_bulk_acceptance,"{""query_fit"": ""ai_note"", ""source_fit"": ""ai_note""}","{""path"": ""resource-reviews-v1/hits/snapshots/dd12bb63a72611923b53c6bd9f92d78af71ea995274eb860d1182c4c9bf3246b/reviews.json"", ""sha256"": ""dd12bb63a72611923b53c6bd9f92d78af71ea995274eb860d1182c4c9bf3246b""}"
hit:7960:demo:72:lex-0037:sense:01:58:60,hit,,,,,,valid_sense,inapplicable,,,,,,explicit_user_bulk_acceptance,"{""query_fit"": ""ai_note"", ""source_fit"": ""ai_note""}","{""path"": ""resource-reviews-v1/hits/snapshots/dd12bb63a72611923b53c6bd9f92d78af71ea995274eb860d1182c4c9bf3246b/reviews.json"", ""sha256"": ""dd12bb63a72611923b53c6bd9f92d78af71ea995274eb860d1182c4c9bf3246b""}"
hit:7960:query:7960:lex-0256:sense:01:53:54,hit,,,,,,valid_sense,applicable,,,,,,explicit_user_bulk_acceptance,"{""query_fit"": ""ai_note"", ""source_fit"": ""ai_note""}","{""path"": ""resource-reviews-v1/hits/snapshots/dd12bb63a72611923b53c6bd9f92d78af71ea995274eb860d1182c4c9bf3246b/reviews.json"", ""sha256"": ""dd12bb63a72611923b53c6bd9f92d78af71ea995274eb860d1182c4c9bf3246b""}"
query:1128,query,non-hate,[],0,,,,,,,,,,explicit_user_bulk_acceptance,"{""hate"": ""rule_mapping_from_ai_score"", ""group"": ""ai_note"", ""attack_severity"": ""ai_note""}","{""path"": ""sentence-completion-v1/snapshots/bf6acc5fbfa04d5263ec117ead04d701b4b6fc8ca45cfe3994edf0b0ff9d7d5e/current-sentences.json"", ""sha256"": ""6b12499e0320d3c93bb2ae154fc677f455240af7499ea29977dc3c5a9c96b3d4""}"
query:1160,query,non-hate,[],0,,,,,,,,,,explicit_user_bulk_acceptance,"{""hate"": ""rule_mapping_from_human_score"", ""group"": ""user_discussion"", ""attack_severity"": ""user_discussion""}","{""path"": ""sentence-completion-v1/snapshots/bf6acc5fbfa04d5263ec117ead04d701b4b6fc8ca45cfe3994edf0b0ff9d7d5e/current-sentences.json"", ""sha256"": ""6b12499e0320d3c93bb2ae154fc677f455240af7499ea29977dc3c5a9c96b3d4""}"
query:1292,query,non-hate,"[""Racism""]",0,,,,,,,,,,explicit_user_bulk_acceptance,"{""hate"": ""rule_mapping_from_human_score"", ""group"": ""user_discussion"", ""attack_severity"": ""user_discussion""}","{""path"": ""sentence-completion-v1/snapshots/bf6acc5fbfa04d5263ec117ead04d701b4b6fc8ca45cfe3994edf0b0ff9d7d5e/current-sentences.json"", ""sha256"": ""6b12499e0320d3c93bb2ae154fc677f455240af7499ea29977dc3c5a9c96b3d4""}"
query:1746,query,hate,"[""Racism"", ""Sexism"", ""others""]",2,,,,,,,,,,explicit_user_bulk_acceptance,"{""hate"": ""rule_mapping_from_ai_score"", ""group"": ""ai_note"", ""attack_severity"": ""ai_note""}","{""path"": ""sentence-completion-v1/snapshots/bf6acc5fbfa04d5263ec117ead04d701b4b6fc8ca45cfe3994edf0b0ff9d7d5e/current-sentences.json"", ""sha256"": ""6b12499e0320d3c93bb2ae154fc677f455240af7499ea29977dc3c5a9c96b3d4""}"
query:1900,query,non-hate,"[""Region""]",0,,,,,,,,,,explicit_user_bulk_acceptance,"{""hate"": ""rule_mapping_from_ai_score"", ""group"": ""ai_note"", ""attack_severity"": ""ai_note""}","{""path"": ""sentence-completion-v1/snapshots/bf6acc5fbfa04d5263ec117ead04d701b4b6fc8ca45cfe3994edf0b0ff9d7d5e/current-sentences.json"", ""sha256"": ""6b12499e0320d3c93bb2ae154fc677f455240af7499ea29977dc3c5a9c96b3d4""}"
query:2011,query,hate,"[""Racism""]",2,,,,,,,,,,explicit_user_bulk_acceptance,"{""hate"": ""rule_mapping_from_human_score"", ""group"": ""user_discussion"", ""attack_severity"": ""user_discussion""}","{""path"": ""sentence-completion-v1/snapshots/bf6acc5fbfa04d5263ec117ead04d701b4b6fc8ca45cfe3994edf0b0ff9d7d5e/current-sentences.json"", ""sha256"": ""6b12499e0320d3c93bb2ae154fc677f455240af7499ea29977dc3c5a9c96b3d4""}"
query:2297,query,hate,"[""LGBTQ""]",3,,,,,,,,,,explicit_user_bulk_acceptance,"{""hate"": ""rule_mapping_from_human_score"", ""group"": ""user_discussion"", ""attack_severity"": ""user_discussion""}","{""path"": ""sentence-completion-v1/snapshots/bf6acc5fbfa04d5263ec117ead04d701b4b6fc8ca45cfe3994edf0b0ff9d7d5e/current-sentences.json"", ""sha256"": ""6b12499e0320d3c93bb2ae154fc677f455240af7499ea29977dc3c5a9c96b3d4""}"
query:2802,query,hate,"[""Racism"", ""Sexism""]",2,,,,,,,,,,explicit_user_bulk_acceptance,"{""hate"": ""rule_mapping_from_ai_score"", ""group"": ""ai_note"", ""attack_severity"": ""ai_note""}","{""path"": ""sentence-completion-v1/snapshots/bf6acc5fbfa04d5263ec117ead04d701b4b6fc8ca45cfe3994edf0b0ff9d7d5e/current-sentences.json"", ""sha256"": ""6b12499e0320d3c93bb2ae154fc677f455240af7499ea29977dc3c5a9c96b3d4""}"
query:3169,query,non-hate,[],0,,,,,,,,,,explicit_user_bulk_acceptance,"{""hate"": ""rule_mapping_from_ai_score"", ""group"": ""ai_note"", ""attack_severity"": ""ai_note""}","{""path"": ""sentence-completion-v1/snapshots/bf6acc5fbfa04d5263ec117ead04d701b4b6fc8ca45cfe3994edf0b0ff9d7d5e/current-sentences.json"", ""sha256"": ""6b12499e0320d3c93bb2ae154fc677f455240af7499ea29977dc3c5a9c96b3d4""}"
query:376,query,hate,"[""LGBTQ""]",3,,,,,,,,,,explicit_user_bulk_acceptance,"{""hate"": ""rule_mapping_from_ai_score"", ""group"": ""ai_note"", ""attack_severity"": ""ai_note""}","{""path"": ""sentence-completion-v1/snapshots/bf6acc5fbfa04d5263ec117ead04d701b4b6fc8ca45cfe3994edf0b0ff9d7d5e/current-sentences.json"", ""sha256"": ""6b12499e0320d3c93bb2ae154fc677f455240af7499ea29977dc3c5a9c96b3d4""}"
query:3898,query,hate,"[""Racism"", ""Sexism""]",3,,,,,,,,,,explicit_user_bulk_acceptance,"{""hate"": ""rule_mapping_from_human_score"", ""group"": ""user_discussion"", ""attack_severity"": ""user_discussion""}","{""path"": ""sentence-completion-v1/snapshots/bf6acc5fbfa04d5263ec117ead04d701b4b6fc8ca45cfe3994edf0b0ff9d7d5e/current-sentences.json"", ""sha256"": ""6b12499e0320d3c93bb2ae154fc677f455240af7499ea29977dc3c5a9c96b3d4""}"
query:3919,query,non-hate,"[""others""]",0,,,,,,,,,,explicit_user_bulk_acceptance,"{""hate"": ""rule_mapping_from_ai_score"", ""group"": ""ai_note"", ""attack_severity"": ""ai_note""}","{""path"": ""sentence-completion-v1/snapshots/bf6acc5fbfa04d5263ec117ead04d701b4b6fc8ca45cfe3994edf0b0ff9d7d5e/current-sentences.json"", ""sha256"": ""6b12499e0320d3c93bb2ae154fc677f455240af7499ea29977dc3c5a9c96b3d4""}"
query:3950,query,hate,"[""Sexism"", ""others""]",2,,,,,,,,,,explicit_user_bulk_acceptance,"{""hate"": ""rule_mapping_from_ai_score"", ""group"": ""ai_note"", ""attack_severity"": ""ai_note""}","{""path"": ""sentence-completion-v1/snapshots/bf6acc5fbfa04d5263ec117ead04d701b4b6fc8ca45cfe3994edf0b0ff9d7d5e/current-sentences.json"", ""sha256"": ""6b12499e0320d3c93bb2ae154fc677f455240af7499ea29977dc3c5a9c96b3d4""}"
query:4026,query,non-hate,"[""Region""]",0,,,,,,,,,,explicit_user_bulk_acceptance,"{""hate"": ""rule_mapping_from_ai_score"", ""group"": ""ai_note"", ""attack_severity"": ""ai_note""}","{""path"": ""sentence-completion-v1/snapshots/bf6acc5fbfa04d5263ec117ead04d701b4b6fc8ca45cfe3994edf0b0ff9d7d5e/current-sentences.json"", ""sha256"": ""6b12499e0320d3c93bb2ae154fc677f455240af7499ea29977dc3c5a9c96b3d4""}"
query:4080,query,non-hate,"[""Racism"", ""Region""]",0,,,,,,,,,,explicit_user_bulk_acceptance,"{""hate"": ""rule_mapping_from_human_score"", ""group"": ""ai_note"", ""attack_severity"": ""user_discussion""}","{""path"": ""sentence-completion-v1/snapshots/bf6acc5fbfa04d5263ec117ead04d701b4b6fc8ca45cfe3994edf0b0ff9d7d5e/current-sentences.json"", ""sha256"": ""6b12499e0320d3c93bb2ae154fc677f455240af7499ea29977dc3c5a9c96b3d4""}"
query:4137,query,non-hate,"[""LGBTQ"", ""Sexism""]",0,,,,,,,,,,explicit_user_bulk_acceptance,"{""hate"": ""rule_mapping_from_human_score"", ""group"": ""ai_note"", ""attack_severity"": ""user_discussion""}","{""path"": ""sentence-completion-v1/snapshots/bf6acc5fbfa04d5263ec117ead04d701b4b6fc8ca45cfe3994edf0b0ff9d7d5e/current-sentences.json"", ""sha256"": ""6b12499e0320d3c93bb2ae154fc677f455240af7499ea29977dc3c5a9c96b3d4""}"
query:4189,query,non-hate,"[""Sexism""]",0,,,,,,,,,,explicit_user_bulk_acceptance,"{""hate"": ""rule_mapping_from_human_score"", ""group"": ""user_discussion"", ""attack_severity"": ""user_discussion""}","{""path"": ""sentence-completion-v1/snapshots/bf6acc5fbfa04d5263ec117ead04d701b4b6fc8ca45cfe3994edf0b0ff9d7d5e/current-sentences.json"", ""sha256"": ""6b12499e0320d3c93bb2ae154fc677f455240af7499ea29977dc3c5a9c96b3d4""}"
query:4450,query,hate,"[""Region""]",2,,,,,,,,,,explicit_user_bulk_acceptance,"{""hate"": ""rule_mapping_from_ai_score"", ""group"": ""ai_note"", ""attack_severity"": ""ai_note""}","{""path"": ""sentence-completion-v1/snapshots/bf6acc5fbfa04d5263ec117ead04d701b4b6fc8ca45cfe3994edf0b0ff9d7d5e/current-sentences.json"", ""sha256"": ""6b12499e0320d3c93bb2ae154fc677f455240af7499ea29977dc3c5a9c96b3d4""}"
query:4756,query,hate,"[""Racism""]",2,,,,,,,,,,explicit_user_bulk_acceptance,"{""hate"": ""rule_mapping_from_ai_score"", ""group"": ""ai_note"", ""attack_severity"": ""ai_note""}","{""path"": ""sentence-completion-v1/snapshots/bf6acc5fbfa04d5263ec117ead04d701b4b6fc8ca45cfe3994edf0b0ff9d7d5e/current-sentences.json"", ""sha256"": ""6b12499e0320d3c93bb2ae154fc677f455240af7499ea29977dc3c5a9c96b3d4""}"
query:5086,query,hate,"[""LGBTQ""]",2,,,,,,,,,,explicit_user_bulk_acceptance,"{""hate"": ""rule_mapping_from_ai_score"", ""group"": ""ai_note"", ""attack_severity"": ""ai_note""}","{""path"": ""sentence-completion-v1/snapshots/bf6acc5fbfa04d5263ec117ead04d701b4b6fc8ca45cfe3994edf0b0ff9d7d5e/current-sentences.json"", ""sha256"": ""6b12499e0320d3c93bb2ae154fc677f455240af7499ea29977dc3c5a9c96b3d4""}"
query:5423,query,hate,"[""Racism"", ""others""]",2,,,,,,,,,,explicit_user_bulk_acceptance,"{""hate"": ""rule_mapping_from_human_score"", ""group"": ""user_discussion"", ""attack_severity"": ""user_discussion""}","{""path"": ""sentence-completion-v1/snapshots/bf6acc5fbfa04d5263ec117ead04d701b4b6fc8ca45cfe3994edf0b0ff9d7d5e/current-sentences.json"", ""sha256"": ""6b12499e0320d3c93bb2ae154fc677f455240af7499ea29977dc3c5a9c96b3d4""}"
query:554,query,non-hate,"[""Racism""]",0,,,,,,,,,,explicit_user_bulk_acceptance,"{""hate"": ""rule_mapping_from_ai_score"", ""group"": ""ai_note"", ""attack_severity"": ""ai_note""}","{""path"": ""sentence-completion-v1/snapshots/bf6acc5fbfa04d5263ec117ead04d701b4b6fc8ca45cfe3994edf0b0ff9d7d5e/current-sentences.json"", ""sha256"": ""6b12499e0320d3c93bb2ae154fc677f455240af7499ea29977dc3c5a9c96b3d4""}"
query:6037,query,hate,"[""Sexism""]",2,,,,,,,,,,explicit_user_bulk_acceptance,"{""hate"": ""rule_mapping_from_ai_score"", ""group"": ""ai_note"", ""attack_severity"": ""ai_note""}","{""path"": ""sentence-completion-v1/snapshots/bf6acc5fbfa04d5263ec117ead04d701b4b6fc8ca45cfe3994edf0b0ff9d7d5e/current-sentences.json"", ""sha256"": ""6b12499e0320d3c93bb2ae154fc677f455240af7499ea29977dc3c5a9c96b3d4""}"
query:61,query,hate,"[""Sexism""]",2,,,,,,,,,,explicit_user_bulk_acceptance,"{""hate"": ""rule_mapping_from_human_score"", ""group"": ""user_discussion"", ""attack_severity"": ""user_discussion""}","{""path"": ""sentence-completion-v1/snapshots/bf6acc5fbfa04d5263ec117ead04d701b4b6fc8ca45cfe3994edf0b0ff9d7d5e/current-sentences.json"", ""sha256"": ""6b12499e0320d3c93bb2ae154fc677f455240af7499ea29977dc3c5a9c96b3d4""}"
query:7244,query,hate,"[""Region""]",1,,,,,,,,,,explicit_user_bulk_acceptance,"{""hate"": ""rule_mapping_from_human_score"", ""group"": ""ai_note"", ""attack_severity"": ""user_discussion""}","{""path"": ""sentence-completion-v1/snapshots/bf6acc5fbfa04d5263ec117ead04d701b4b6fc8ca45cfe3994edf0b0ff9d7d5e/current-sentences.json"", ""sha256"": ""6b12499e0320d3c93bb2ae154fc677f455240af7499ea29977dc3c5a9c96b3d4""}"
query:7285,query,non-hate,"[""Sexism""]",0,,,,,,,,,,explicit_user_bulk_acceptance,"{""hate"": ""rule_mapping_from_ai_score"", ""group"": ""ai_note"", ""attack_severity"": ""ai_note""}","{""path"": ""sentence-completion-v1/snapshots/bf6acc5fbfa04d5263ec117ead04d701b4b6fc8ca45cfe3994edf0b0ff9d7d5e/current-sentences.json"", ""sha256"": ""6b12499e0320d3c93bb2ae154fc677f455240af7499ea29977dc3c5a9c96b3d4""}"
query:7646,query,hate,"[""others""]",1,,,,,,,,,,explicit_user_bulk_acceptance,"{""hate"": ""rule_mapping_from_human_score"", ""group"": ""ai_note"", ""attack_severity"": ""user_discussion""}","{""path"": ""sentence-completion-v1/snapshots/bf6acc5fbfa04d5263ec117ead04d701b4b6fc8ca45cfe3994edf0b0ff9d7d5e/current-sentences.json"", ""sha256"": ""6b12499e0320d3c93bb2ae154fc677f455240af7499ea29977dc3c5a9c96b3d4""}"
query:7960,query,hate,"[""others""]",2,,,,,,,,,,explicit_user_bulk_acceptance,"{""hate"": ""rule_mapping_from_ai_score"", ""group"": ""ai_note"", ""attack_severity"": ""ai_note""}","{""path"": ""sentence-completion-v1/snapshots/bf6acc5fbfa04d5263ec117ead04d701b4b6fc8ca45cfe3994edf0b0ff9d7d5e/current-sentences.json"", ""sha256"": ""6b12499e0320d3c93bb2ae154fc677f455240af7499ea29977dc3c5a9c96b3d4""}"
relation:1128:1180,relation,,,,,,,,none,none,none,none,yes,explicit_user_bulk_acceptance,"{""topic_hate"": ""ai_note"", ""topic_group"": ""ai_note"", ""rule_hate"": ""ai_note"", ""rule_group"": ""ai_note"", ""lexicon_risk"": ""ai_note""}","{""path"": ""resource-reviews-v1/relations/snapshots/28cd3f73e884e1decd10f3a04a7425e2a90acfe024694948c735b61124ea9f6f/reviews.json"", ""sha256"": ""28cd3f73e884e1decd10f3a04a7425e2a90acfe024694948c735b61124ea9f6f""}"
relation:1128:1456,relation,,,,,,,,partial,none,direct,direct,no,explicit_user_bulk_acceptance,"{""topic_hate"": ""ai_note"", ""topic_group"": ""ai_note"", ""rule_hate"": ""ai_note"", ""rule_group"": ""ai_note"", ""lexicon_risk"": ""ai_note""}","{""path"": ""resource-reviews-v1/relations/snapshots/28cd3f73e884e1decd10f3a04a7425e2a90acfe024694948c735b61124ea9f6f/reviews.json"", ""sha256"": ""28cd3f73e884e1decd10f3a04a7425e2a90acfe024694948c735b61124ea9f6f""}"
relation:1128:1986,relation,,,,,,,,partial,none,partial,partial,no,explicit_user_bulk_acceptance,"{""topic_hate"": ""ai_note"", ""topic_group"": ""ai_note"", ""rule_hate"": ""ai_note"", ""rule_group"": ""ai_note"", ""lexicon_risk"": ""ai_note""}","{""path"": ""resource-reviews-v1/relations/snapshots/28cd3f73e884e1decd10f3a04a7425e2a90acfe024694948c735b61124ea9f6f/reviews.json"", ""sha256"": ""28cd3f73e884e1decd10f3a04a7425e2a90acfe024694948c735b61124ea9f6f""}"
relation:1128:2218,relation,,,,,,,,partial,none,partial,partial,no,explicit_user_bulk_acceptance,"{""topic_hate"": ""ai_note"", ""topic_group"": ""ai_note"", ""rule_hate"": ""ai_note"", ""rule_group"": ""ai_note"", ""lexicon_risk"": ""ai_note""}","{""path"": ""resource-reviews-v1/relations/snapshots/28cd3f73e884e1decd10f3a04a7425e2a90acfe024694948c735b61124ea9f6f/reviews.json"", ""sha256"": ""28cd3f73e884e1decd10f3a04a7425e2a90acfe024694948c735b61124ea9f6f""}"
relation:1128:2945,relation,,,,,,,,none,none,none,none,no,explicit_user_bulk_acceptance,"{""topic_hate"": ""ai_note"", ""topic_group"": ""ai_note"", ""rule_hate"": ""ai_note"", ""rule_group"": ""ai_note"", ""lexicon_risk"": ""ai_note""}","{""path"": ""resource-reviews-v1/relations/snapshots/28cd3f73e884e1decd10f3a04a7425e2a90acfe024694948c735b61124ea9f6f/reviews.json"", ""sha256"": ""28cd3f73e884e1decd10f3a04a7425e2a90acfe024694948c735b61124ea9f6f""}"
relation:1128:3081,relation,,,,,,,,direct,none,direct,direct,no,explicit_user_bulk_acceptance,"{""topic_hate"": ""user_discussion"", ""topic_group"": ""ai_note"", ""rule_hate"": ""ai_note"", ""rule_group"": ""ai_note"", ""lexicon_risk"": ""ai_note""}","{""path"": ""resource-reviews-v1/relations/snapshots/28cd3f73e884e1decd10f3a04a7425e2a90acfe024694948c735b61124ea9f6f/reviews.json"", ""sha256"": ""28cd3f73e884e1decd10f3a04a7425e2a90acfe024694948c735b61124ea9f6f""}"
relation:1128:3456,relation,,,,,,,,none,none,none,none,no,explicit_user_bulk_acceptance,"{""topic_hate"": ""ai_note"", ""topic_group"": ""ai_note"", ""rule_hate"": ""ai_note"", ""rule_group"": ""ai_note"", ""lexicon_risk"": ""ai_note""}","{""path"": ""resource-reviews-v1/relations/snapshots/28cd3f73e884e1decd10f3a04a7425e2a90acfe024694948c735b61124ea9f6f/reviews.json"", ""sha256"": ""28cd3f73e884e1decd10f3a04a7425e2a90acfe024694948c735b61124ea9f6f""}"
relation:1128:387,relation,,,,,,,,none,none,none,none,yes,explicit_user_bulk_acceptance,"{""topic_hate"": ""ai_note"", ""topic_group"": ""ai_note"", ""rule_hate"": ""ai_note"", ""rule_group"": ""ai_note"", ""lexicon_risk"": ""ai_note""}","{""path"": ""resource-reviews-v1/relations/snapshots/28cd3f73e884e1decd10f3a04a7425e2a90acfe024694948c735b61124ea9f6f/reviews.json"", ""sha256"": ""28cd3f73e884e1decd10f3a04a7425e2a90acfe024694948c735b61124ea9f6f""}"
relation:1128:6282,relation,,,,,,,,partial,none,none,none,no,explicit_user_bulk_acceptance,"{""topic_hate"": ""ai_note"", ""topic_group"": ""ai_note"", ""rule_hate"": ""ai_note"", ""rule_group"": ""ai_note"", ""lexicon_risk"": ""ai_note""}","{""path"": ""resource-reviews-v1/relations/snapshots/28cd3f73e884e1decd10f3a04a7425e2a90acfe024694948c735b61124ea9f6f/reviews.json"", ""sha256"": ""28cd3f73e884e1decd10f3a04a7425e2a90acfe024694948c735b61124ea9f6f""}"
relation:1128:7247,relation,,,,,,,,partial,none,partial,partial,no,explicit_user_bulk_acceptance,"{""topic_hate"": ""ai_note"", ""topic_group"": ""ai_note"", ""rule_hate"": ""ai_note"", ""rule_group"": ""ai_note"", ""lexicon_risk"": ""ai_note""}","{""path"": ""resource-reviews-v1/relations/snapshots/28cd3f73e884e1decd10f3a04a7425e2a90acfe024694948c735b61124ea9f6f/reviews.json"", ""sha256"": ""28cd3f73e884e1decd10f3a04a7425e2a90acfe024694948c735b61124ea9f6f""}"
relation:1160:1509,relation,,,,,,,,direct,direct,partial,partial,yes,explicit_user_bulk_acceptance,"{""topic_hate"": ""ai_note"", ""topic_group"": ""ai_note"", ""rule_hate"": ""ai_note"", ""rule_group"": ""ai_note"", ""lexicon_risk"": ""ai_note""}","{""path"": ""resource-reviews-v1/relations/snapshots/28cd3f73e884e1decd10f3a04a7425e2a90acfe024694948c735b61124ea9f6f/reviews.json"", ""sha256"": ""28cd3f73e884e1decd10f3a04a7425e2a90acfe024694948c735b61124ea9f6f""}"
relation:1160:2298,relation,,,,,,,,direct,direct,partial,partial,no,explicit_user_bulk_acceptance,"{""topic_hate"": ""ai_note"", ""topic_group"": ""ai_note"", ""rule_hate"": ""ai_note"", ""rule_group"": ""ai_note"", ""lexicon_risk"": ""ai_note""}","{""path"": ""resource-reviews-v1/relations/snapshots/28cd3f73e884e1decd10f3a04a7425e2a90acfe024694948c735b61124ea9f6f/reviews.json"", ""sha256"": ""28cd3f73e884e1decd10f3a04a7425e2a90acfe024694948c735b61124ea9f6f""}"
relation:1160:2682,relation,,,,,,,,direct,direct,partial,partial,yes,explicit_user_bulk_acceptance,"{""topic_hate"": ""ai_note"", ""topic_group"": ""ai_note"", ""rule_hate"": ""ai_note"", ""rule_group"": ""ai_note"", ""lexicon_risk"": ""ai_note""}","{""path"": ""resource-reviews-v1/relations/snapshots/28cd3f73e884e1decd10f3a04a7425e2a90acfe024694948c735b61124ea9f6f/reviews.json"", ""sha256"": ""28cd3f73e884e1decd10f3a04a7425e2a90acfe024694948c735b61124ea9f6f""}"
relation:1160:5616,relation,,,,,,,,partial,none,partial,partial,no,explicit_user_bulk_acceptance,"{""topic_hate"": ""ai_note"", ""topic_group"": ""ai_note"", ""rule_hate"": ""ai_note"", ""rule_group"": ""ai_note"", ""lexicon_risk"": ""ai_note""}","{""path"": ""resource-reviews-v1/relations/snapshots/28cd3f73e884e1decd10f3a04a7425e2a90acfe024694948c735b61124ea9f6f/reviews.json"", ""sha256"": ""28cd3f73e884e1decd10f3a04a7425e2a90acfe024694948c735b61124ea9f6f""}"
relation:1160:6114,relation,,,,,,,,direct,direct,partial,partial,yes,explicit_user_bulk_acceptance,"{""topic_hate"": ""ai_note"", ""topic_group"": ""ai_note"", ""rule_hate"": ""ai_note"", ""rule_group"": ""ai_note"", ""lexicon_risk"": ""ai_note""}","{""path"": ""resource-reviews-v1/relations/snapshots/28cd3f73e884e1decd10f3a04a7425e2a90acfe024694948c735b61124ea9f6f/reviews.json"", ""sha256"": ""28cd3f73e884e1decd10f3a04a7425e2a90acfe024694948c735b61124ea9f6f""}"
relation:1160:6658,relation,,,,,,,,direct,direct,partial,partial,no,explicit_user_bulk_acceptance,"{""topic_hate"": ""ai_note"", ""topic_group"": ""ai_note"", ""rule_hate"": ""ai_note"", ""rule_group"": ""ai_note"", ""lexicon_risk"": ""ai_note""}","{""path"": ""resource-reviews-v1/relations/snapshots/28cd3f73e884e1decd10f3a04a7425e2a90acfe024694948c735b61124ea9f6f/reviews.json"", ""sha256"": ""28cd3f73e884e1decd10f3a04a7425e2a90acfe024694948c735b61124ea9f6f""}"
relation:1160:6852,relation,,,,,,,,direct,direct,partial,partial,yes,explicit_user_bulk_acceptance,"{""topic_hate"": ""ai_note"", ""topic_group"": ""ai_note"", ""rule_hate"": ""ai_note"", ""rule_group"": ""ai_note"", ""lexicon_risk"": ""ai_note""}","{""path"": ""resource-reviews-v1/relations/snapshots/28cd3f73e884e1decd10f3a04a7425e2a90acfe024694948c735b61124ea9f6f/reviews.json"", ""sha256"": ""28cd3f73e884e1decd10f3a04a7425e2a90acfe024694948c735b61124ea9f6f""}"
relation:1160:718,relation,,,,,,,,partial,partial,partial,partial,no,explicit_user_bulk_acceptance,"{""topic_hate"": ""ai_note"", ""topic_group"": ""ai_note"", ""rule_hate"": ""ai_note"", ""rule_group"": ""ai_note"", ""lexicon_risk"": ""ai_note""}","{""path"": ""resource-reviews-v1/relations/snapshots/28cd3f73e884e1decd10f3a04a7425e2a90acfe024694948c735b61124ea9f6f/reviews.json"", ""sha256"": ""28cd3f73e884e1decd10f3a04a7425e2a90acfe024694948c735b61124ea9f6f""}"
relation:1160:7464,relation,,,,,,,,partial,none,none,none,yes,explicit_user_bulk_acceptance,"{""topic_hate"": ""ai_note"", ""topic_group"": ""ai_note"", ""rule_hate"": ""ai_note"", ""rule_group"": ""ai_note"", ""lexicon_risk"": ""ai_note""}","{""path"": ""resource-reviews-v1/relations/snapshots/28cd3f73e884e1decd10f3a04a7425e2a90acfe024694948c735b61124ea9f6f/reviews.json"", ""sha256"": ""28cd3f73e884e1decd10f3a04a7425e2a90acfe024694948c735b61124ea9f6f""}"
relation:1160:7959,relation,,,,,,,,none,none,none,none,yes,explicit_user_bulk_acceptance,"{""topic_hate"": ""ai_note"", ""topic_group"": ""ai_note"", ""rule_hate"": ""ai_note"", ""rule_group"": ""ai_note"", ""lexicon_risk"": ""ai_note""}","{""path"": ""resource-reviews-v1/relations/snapshots/28cd3f73e884e1decd10f3a04a7425e2a90acfe024694948c735b61124ea9f6f/reviews.json"", ""sha256"": ""28cd3f73e884e1decd10f3a04a7425e2a90acfe024694948c735b61124ea9f6f""}"
relation:1292:1915,relation,,,,,,,,none,none,none,none,no,explicit_user_bulk_acceptance,"{""topic_hate"": ""ai_note"", ""topic_group"": ""ai_note"", ""rule_hate"": ""ai_note"", ""rule_group"": ""ai_note"", ""lexicon_risk"": ""ai_note""}","{""path"": ""resource-reviews-v1/relations/snapshots/28cd3f73e884e1decd10f3a04a7425e2a90acfe024694948c735b61124ea9f6f/reviews.json"", ""sha256"": ""28cd3f73e884e1decd10f3a04a7425e2a90acfe024694948c735b61124ea9f6f""}"
relation:1292:2351,relation,,,,,,,,none,none,none,none,no,explicit_user_bulk_acceptance,"{""topic_hate"": ""ai_note"", ""topic_group"": ""ai_note"", ""rule_hate"": ""ai_note"", ""rule_group"": ""ai_note"", ""lexicon_risk"": ""ai_note""}","{""path"": ""resource-reviews-v1/relations/snapshots/28cd3f73e884e1decd10f3a04a7425e2a90acfe024694948c735b61124ea9f6f/reviews.json"", ""sha256"": ""28cd3f73e884e1decd10f3a04a7425e2a90acfe024694948c735b61124ea9f6f""}"
relation:1292:2554,relation,,,,,,,,direct,direct,partial,direct,yes,explicit_user_bulk_acceptance,"{""topic_hate"": ""ai_note"", ""topic_group"": ""ai_note"", ""rule_hate"": ""ai_note"", ""rule_group"": ""ai_note"", ""lexicon_risk"": ""ai_note""}","{""path"": ""resource-reviews-v1/relations/snapshots/28cd3f73e884e1decd10f3a04a7425e2a90acfe024694948c735b61124ea9f6f/reviews.json"", ""sha256"": ""28cd3f73e884e1decd10f3a04a7425e2a90acfe024694948c735b61124ea9f6f""}"
relation:1292:2701,relation,,,,,,,,direct,direct,partial,partial,no,explicit_user_bulk_acceptance,"{""topic_hate"": ""ai_note"", ""topic_group"": ""ai_note"", ""rule_hate"": ""ai_note"", ""rule_group"": ""ai_note"", ""lexicon_risk"": ""ai_note""}","{""path"": ""resource-reviews-v1/relations/snapshots/28cd3f73e884e1decd10f3a04a7425e2a90acfe024694948c735b61124ea9f6f/reviews.json"", ""sha256"": ""28cd3f73e884e1decd10f3a04a7425e2a90acfe024694948c735b61124ea9f6f""}"
relation:1292:2759,relation,,,,,,,,none,none,none,none,yes,explicit_user_bulk_acceptance,"{""topic_hate"": ""ai_note"", ""topic_group"": ""ai_note"", ""rule_hate"": ""ai_note"", ""rule_group"": ""ai_note"", ""lexicon_risk"": ""ai_note""}","{""path"": ""resource-reviews-v1/relations/snapshots/28cd3f73e884e1decd10f3a04a7425e2a90acfe024694948c735b61124ea9f6f/reviews.json"", ""sha256"": ""28cd3f73e884e1decd10f3a04a7425e2a90acfe024694948c735b61124ea9f6f""}"
relation:1292:4487,relation,,,,,,,,direct,direct,direct,direct,no,explicit_user_bulk_acceptance,"{""topic_hate"": ""ai_note"", ""topic_group"": ""ai_note"", ""rule_hate"": ""ai_note"", ""rule_group"": ""ai_note"", ""lexicon_risk"": ""ai_note""}","{""path"": ""resource-reviews-v1/relations/snapshots/28cd3f73e884e1decd10f3a04a7425e2a90acfe024694948c735b61124ea9f6f/reviews.json"", ""sha256"": ""28cd3f73e884e1decd10f3a04a7425e2a90acfe024694948c735b61124ea9f6f""}"
relation:1292:465,relation,,,,,,,,none,none,none,none,no,explicit_user_bulk_acceptance,"{""topic_hate"": ""user_discussion"", ""topic_group"": ""ai_note"", ""rule_hate"": ""ai_note"", ""rule_group"": ""ai_note"", ""lexicon_risk"": ""ai_note""}","{""path"": ""resource-reviews-v1/relations/snapshots/28cd3f73e884e1decd10f3a04a7425e2a90acfe024694948c735b61124ea9f6f/reviews.json"", ""sha256"": ""28cd3f73e884e1decd10f3a04a7425e2a90acfe024694948c735b61124ea9f6f""}"
relation:1292:5865,relation,,,,,,,,direct,direct,partial,partial,no,explicit_user_bulk_acceptance,"{""topic_hate"": ""ai_note"", ""topic_group"": ""ai_note"", ""rule_hate"": ""ai_note"", ""rule_group"": ""ai_note"", ""lexicon_risk"": ""ai_note""}","{""path"": ""resource-reviews-v1/relations/snapshots/28cd3f73e884e1decd10f3a04a7425e2a90acfe024694948c735b61124ea9f6f/reviews.json"", ""sha256"": ""28cd3f73e884e1decd10f3a04a7425e2a90acfe024694948c735b61124ea9f6f""}"
relation:1292:6554,relation,,,,,,,,direct,direct,partial,direct,no,explicit_user_bulk_acceptance,"{""topic_hate"": ""ai_note"", ""topic_group"": ""ai_note"", ""rule_hate"": ""ai_note"", ""rule_group"": ""ai_note"", ""lexicon_risk"": ""ai_note""}","{""path"": ""resource-reviews-v1/relations/snapshots/28cd3f73e884e1decd10f3a04a7425e2a90acfe024694948c735b61124ea9f6f/reviews.json"", ""sha256"": ""28cd3f73e884e1decd10f3a04a7425e2a90acfe024694948c735b61124ea9f6f""}"
relation:1292:857,relation,,,,,,,,none,none,none,none,no,explicit_user_bulk_acceptance,"{""topic_hate"": ""ai_note"", ""topic_group"": ""ai_note"", ""rule_hate"": ""ai_note"", ""rule_group"": ""ai_note"", ""lexicon_risk"": ""ai_note""}","{""path"": ""resource-reviews-v1/relations/snapshots/28cd3f73e884e1decd10f3a04a7425e2a90acfe024694948c735b61124ea9f6f/reviews.json"", ""sha256"": ""28cd3f73e884e1decd10f3a04a7425e2a90acfe024694948c735b61124ea9f6f""}"
relation:1746:1653,relation,,,,,,,,none,none,none,none,no,explicit_user_bulk_acceptance,"{""topic_hate"": ""ai_note"", ""topic_group"": ""ai_note"", ""rule_hate"": ""ai_note"", ""rule_group"": ""ai_note"", ""lexicon_risk"": ""ai_note""}","{""path"": ""resource-reviews-v1/relations/snapshots/28cd3f73e884e1decd10f3a04a7425e2a90acfe024694948c735b61124ea9f6f/reviews.json"", ""sha256"": ""28cd3f73e884e1decd10f3a04a7425e2a90acfe024694948c735b61124ea9f6f""}"
relation:1746:1859,relation,,,,,,,,partial,partial,partial,partial,yes,explicit_user_bulk_acceptance,"{""topic_hate"": ""ai_note"", ""topic_group"": ""ai_note"", ""rule_hate"": ""ai_note"", ""rule_group"": ""ai_note"", ""lexicon_risk"": ""ai_note""}","{""path"": ""resource-reviews-v1/relations/snapshots/28cd3f73e884e1decd10f3a04a7425e2a90acfe024694948c735b61124ea9f6f/reviews.json"", ""sha256"": ""28cd3f73e884e1decd10f3a04a7425e2a90acfe024694948c735b61124ea9f6f""}"
relation:1746:2445,relation,,,,,,,,partial,partial,partial,partial,yes,explicit_user_bulk_acceptance,"{""topic_hate"": ""ai_note"", ""topic_group"": ""ai_note"", ""rule_hate"": ""ai_note"", ""rule_group"": ""ai_note"", ""lexicon_risk"": ""ai_note""}","{""path"": ""resource-reviews-v1/relations/snapshots/28cd3f73e884e1decd10f3a04a7425e2a90acfe024694948c735b61124ea9f6f/reviews.json"", ""sha256"": ""28cd3f73e884e1decd10f3a04a7425e2a90acfe024694948c735b61124ea9f6f""}"
relation:1746:2840,relation,,,,,,,,direct,direct,partial,direct,no,explicit_user_bulk_acceptance,"{""topic_hate"": ""ai_note"", ""topic_group"": ""ai_note"", ""rule_hate"": ""ai_note"", ""rule_group"": ""ai_note"", ""lexicon_risk"": ""ai_note""}","{""path"": ""resource-reviews-v1/relations/snapshots/28cd3f73e884e1decd10f3a04a7425e2a90acfe024694948c735b61124ea9f6f/reviews.json"", ""sha256"": ""28cd3f73e884e1decd10f3a04a7425e2a90acfe024694948c735b61124ea9f6f""}"
relation:1746:2994,relation,,,,,,,,direct,direct,partial,direct,no,explicit_user_bulk_acceptance,"{""topic_hate"": ""ai_note"", ""topic_group"": ""ai_note"", ""rule_hate"": ""ai_note"", ""rule_group"": ""ai_note"", ""lexicon_risk"": ""ai_note""}","{""path"": ""resource-reviews-v1/relations/snapshots/28cd3f73e884e1decd10f3a04a7425e2a90acfe024694948c735b61124ea9f6f/reviews.json"", ""sha256"": ""28cd3f73e884e1decd10f3a04a7425e2a90acfe024694948c735b61124ea9f6f""}"
relation:1746:6148,relation,,,,,,,,direct,direct,direct,direct,no,explicit_user_bulk_acceptance,"{""topic_hate"": ""ai_note"", ""topic_group"": ""ai_note"", ""rule_hate"": ""ai_note"", ""rule_group"": ""ai_note"", ""lexicon_risk"": ""ai_note""}","{""path"": ""resource-reviews-v1/relations/snapshots/28cd3f73e884e1decd10f3a04a7425e2a90acfe024694948c735b61124ea9f6f/reviews.json"", ""sha256"": ""28cd3f73e884e1decd10f3a04a7425e2a90acfe024694948c735b61124ea9f6f""}"
relation:1746:6644,relation,,,,,,,,partial,partial,none,partial,yes,explicit_user_bulk_acceptance,"{""topic_hate"": ""ai_note"", ""topic_group"": ""ai_note"", ""rule_hate"": ""ai_note"", ""rule_group"": ""ai_note"", ""lexicon_risk"": ""ai_note""}","{""path"": ""resource-reviews-v1/relations/snapshots/28cd3f73e884e1decd10f3a04a7425e2a90acfe024694948c735b61124ea9f6f/reviews.json"", ""sha256"": ""28cd3f73e884e1decd10f3a04a7425e2a90acfe024694948c735b61124ea9f6f""}"
relation:1746:7880,relation,,,,,,,,direct,direct,direct,partial,yes,explicit_user_bulk_acceptance,"{""topic_hate"": ""ai_note"", ""topic_group"": ""ai_note"", ""rule_hate"": ""ai_note"", ""rule_group"": ""ai_note"", ""lexicon_risk"": ""ai_note""}","{""path"": ""resource-reviews-v1/relations/snapshots/28cd3f73e884e1decd10f3a04a7425e2a90acfe024694948c735b61124ea9f6f/reviews.json"", ""sha256"": ""28cd3f73e884e1decd10f3a04a7425e2a90acfe024694948c735b61124ea9f6f""}"
relation:1746:7927,relation,,,,,,,,direct,direct,partial,direct,no,explicit_user_bulk_acceptance,"{""topic_hate"": ""ai_note"", ""topic_group"": ""ai_note"", ""rule_hate"": ""ai_note"", ""rule_group"": ""ai_note"", ""lexicon_risk"": ""ai_note""}","{""path"": ""resource-reviews-v1/relations/snapshots/28cd3f73e884e1decd10f3a04a7425e2a90acfe024694948c735b61124ea9f6f/reviews.json"", ""sha256"": ""28cd3f73e884e1decd10f3a04a7425e2a90acfe024694948c735b61124ea9f6f""}"
relation:1746:867,relation,,,,,,,,direct,direct,direct,direct,no,explicit_user_bulk_acceptance,"{""topic_hate"": ""ai_note"", ""topic_group"": ""ai_note"", ""rule_hate"": ""ai_note"", ""rule_group"": ""user_discussion"", ""lexicon_risk"": ""ai_note""}","{""path"": ""resource-reviews-v1/relations/snapshots/28cd3f73e884e1decd10f3a04a7425e2a90acfe024694948c735b61124ea9f6f/reviews.json"", ""sha256"": ""28cd3f73e884e1decd10f3a04a7425e2a90acfe024694948c735b61124ea9f6f""}"
relation:1900:191,relation,,,,,,,,direct,direct,partial,partial,no,explicit_user_bulk_acceptance,"{""topic_hate"": ""ai_note"", ""topic_group"": ""ai_note"", ""rule_hate"": ""ai_note"", ""rule_group"": ""ai_note"", ""lexicon_risk"": ""ai_note""}","{""path"": ""resource-reviews-v1/relations/snapshots/28cd3f73e884e1decd10f3a04a7425e2a90acfe024694948c735b61124ea9f6f/reviews.json"", ""sha256"": ""28cd3f73e884e1decd10f3a04a7425e2a90acfe024694948c735b61124ea9f6f""}"
relation:1900:2416,relation,,,,,,,,direct,direct,partial,partial,no,explicit_user_bulk_acceptance,"{""topic_hate"": ""ai_note"", ""topic_group"": ""ai_note"", ""rule_hate"": ""ai_note"", ""rule_group"": ""ai_note"", ""lexicon_risk"": ""ai_note""}","{""path"": ""resource-reviews-v1/relations/snapshots/28cd3f73e884e1decd10f3a04a7425e2a90acfe024694948c735b61124ea9f6f/reviews.json"", ""sha256"": ""28cd3f73e884e1decd10f3a04a7425e2a90acfe024694948c735b61124ea9f6f""}"
relation:1900:3492,relation,,,,,,,,none,none,none,none,no,explicit_user_bulk_acceptance,"{""topic_hate"": ""ai_note"", ""topic_group"": ""ai_note"", ""rule_hate"": ""ai_note"", ""rule_group"": ""ai_note"", ""lexicon_risk"": ""ai_note""}","{""path"": ""resource-reviews-v1/relations/snapshots/28cd3f73e884e1decd10f3a04a7425e2a90acfe024694948c735b61124ea9f6f/reviews.json"", ""sha256"": ""28cd3f73e884e1decd10f3a04a7425e2a90acfe024694948c735b61124ea9f6f""}"
relation:1900:3619,relation,,,,,,,,direct,direct,partial,direct,yes,explicit_user_bulk_acceptance,"{""topic_hate"": ""ai_note"", ""topic_group"": ""ai_note"", ""rule_hate"": ""ai_note"", ""rule_group"": ""ai_note"", ""lexicon_risk"": ""ai_note""}","{""path"": ""resource-reviews-v1/relations/snapshots/28cd3f73e884e1decd10f3a04a7425e2a90acfe024694948c735b61124ea9f6f/reviews.json"", ""sha256"": ""28cd3f73e884e1decd10f3a04a7425e2a90acfe024694948c735b61124ea9f6f""}"
relation:1900:3749,relation,,,,,,,,none,none,none,none,yes,explicit_user_bulk_acceptance,"{""topic_hate"": ""ai_note"", ""topic_group"": ""ai_note"", ""rule_hate"": ""ai_note"", ""rule_group"": ""ai_note"", ""lexicon_risk"": ""ai_note""}","{""path"": ""resource-reviews-v1/relations/snapshots/28cd3f73e884e1decd10f3a04a7425e2a90acfe024694948c735b61124ea9f6f/reviews.json"", ""sha256"": ""28cd3f73e884e1decd10f3a04a7425e2a90acfe024694948c735b61124ea9f6f""}"
relation:1900:5135,relation,,,,,,,,direct,direct,partial,partial,yes,explicit_user_bulk_acceptance,"{""topic_hate"": ""ai_note"", ""topic_group"": ""ai_note"", ""rule_hate"": ""ai_note"", ""rule_group"": ""ai_note"", ""lexicon_risk"": ""ai_note""}","{""path"": ""resource-reviews-v1/relations/snapshots/28cd3f73e884e1decd10f3a04a7425e2a90acfe024694948c735b61124ea9f6f/reviews.json"", ""sha256"": ""28cd3f73e884e1decd10f3a04a7425e2a90acfe024694948c735b61124ea9f6f""}"
relation:1900:6083,relation,,,,,,,,none,none,none,none,yes,explicit_user_bulk_acceptance,"{""topic_hate"": ""ai_note"", ""topic_group"": ""ai_note"", ""rule_hate"": ""ai_note"", ""rule_group"": ""ai_note"", ""lexicon_risk"": ""ai_note""}","{""path"": ""resource-reviews-v1/relations/snapshots/28cd3f73e884e1decd10f3a04a7425e2a90acfe024694948c735b61124ea9f6f/reviews.json"", ""sha256"": ""28cd3f73e884e1decd10f3a04a7425e2a90acfe024694948c735b61124ea9f6f""}"
relation:1900:7556,relation,,,,,,,,direct,direct,partial,partial,yes,explicit_user_bulk_acceptance,"{""topic_hate"": ""ai_note"", ""topic_group"": ""ai_note"", ""rule_hate"": ""ai_note"", ""rule_group"": ""ai_note"", ""lexicon_risk"": ""ai_note""}","{""path"": ""resource-reviews-v1/relations/snapshots/28cd3f73e884e1decd10f3a04a7425e2a90acfe024694948c735b61124ea9f6f/reviews.json"", ""sha256"": ""28cd3f73e884e1decd10f3a04a7425e2a90acfe024694948c735b61124ea9f6f""}"
relation:1900:7694,relation,,,,,,,,direct,partial,partial,partial,yes,explicit_user_bulk_acceptance,"{""topic_hate"": ""ai_note"", ""topic_group"": ""ai_note"", ""rule_hate"": ""ai_note"", ""rule_group"": ""ai_note"", ""lexicon_risk"": ""ai_note""}","{""path"": ""resource-reviews-v1/relations/snapshots/28cd3f73e884e1decd10f3a04a7425e2a90acfe024694948c735b61124ea9f6f/reviews.json"", ""sha256"": ""28cd3f73e884e1decd10f3a04a7425e2a90acfe024694948c735b61124ea9f6f""}"
relation:1900:936,relation,,,,,,,,none,none,none,none,yes,explicit_user_bulk_acceptance,"{""topic_hate"": ""ai_note"", ""topic_group"": ""ai_note"", ""rule_hate"": ""ai_note"", ""rule_group"": ""ai_note"", ""lexicon_risk"": ""ai_note""}","{""path"": ""resource-reviews-v1/relations/snapshots/28cd3f73e884e1decd10f3a04a7425e2a90acfe024694948c735b61124ea9f6f/reviews.json"", ""sha256"": ""28cd3f73e884e1decd10f3a04a7425e2a90acfe024694948c735b61124ea9f6f""}"
relation:2011:2101,relation,,,,,,,,none,none,none,none,yes,explicit_user_bulk_acceptance,"{""topic_hate"": ""ai_note"", ""topic_group"": ""ai_note"", ""rule_hate"": ""ai_note"", ""rule_group"": ""ai_note"", ""lexicon_risk"": ""ai_note""}","{""path"": ""resource-reviews-v1/relations/snapshots/28cd3f73e884e1decd10f3a04a7425e2a90acfe024694948c735b61124ea9f6f/reviews.json"", ""sha256"": ""28cd3f73e884e1decd10f3a04a7425e2a90acfe024694948c735b61124ea9f6f""}"
relation:2011:2132,relation,,,,,,,,partial,partial,partial,direct,yes,explicit_user_bulk_acceptance,"{""topic_hate"": ""ai_note"", ""topic_group"": ""ai_note"", ""rule_hate"": ""ai_note"", ""rule_group"": ""ai_note"", ""lexicon_risk"": ""ai_note""}","{""path"": ""resource-reviews-v1/relations/snapshots/28cd3f73e884e1decd10f3a04a7425e2a90acfe024694948c735b61124ea9f6f/reviews.json"", ""sha256"": ""28cd3f73e884e1decd10f3a04a7425e2a90acfe024694948c735b61124ea9f6f""}"
relation:2011:3463,relation,,,,,,,,direct,direct,partial,direct,yes,explicit_user_bulk_acceptance,"{""topic_hate"": ""ai_note"", ""topic_group"": ""ai_note"", ""rule_hate"": ""ai_note"", ""rule_group"": ""ai_note"", ""lexicon_risk"": ""ai_note""}","{""path"": ""resource-reviews-v1/relations/snapshots/28cd3f73e884e1decd10f3a04a7425e2a90acfe024694948c735b61124ea9f6f/reviews.json"", ""sha256"": ""28cd3f73e884e1decd10f3a04a7425e2a90acfe024694948c735b61124ea9f6f""}"
relation:2011:3784,relation,,,,,,,,partial,partial,none,none,yes,explicit_user_bulk_acceptance,"{""topic_hate"": ""ai_note"", ""topic_group"": ""ai_note"", ""rule_hate"": ""ai_note"", ""rule_group"": ""ai_note"", ""lexicon_risk"": ""ai_note""}","{""path"": ""resource-reviews-v1/relations/snapshots/28cd3f73e884e1decd10f3a04a7425e2a90acfe024694948c735b61124ea9f6f/reviews.json"", ""sha256"": ""28cd3f73e884e1decd10f3a04a7425e2a90acfe024694948c735b61124ea9f6f""}"
relation:2011:4653,relation,,,,,,,,direct,direct,partial,direct,no,explicit_user_bulk_acceptance,"{""topic_hate"": ""ai_note"", ""topic_group"": ""ai_note"", ""rule_hate"": ""ai_note"", ""rule_group"": ""ai_note"", ""lexicon_risk"": ""ai_note""}","{""path"": ""resource-reviews-v1/relations/snapshots/28cd3f73e884e1decd10f3a04a7425e2a90acfe024694948c735b61124ea9f6f/reviews.json"", ""sha256"": ""28cd3f73e884e1decd10f3a04a7425e2a90acfe024694948c735b61124ea9f6f""}"
relation:2011:5473,relation,,,,,,,,direct,direct,partial,direct,no,explicit_user_bulk_acceptance,"{""topic_hate"": ""ai_note"", ""topic_group"": ""ai_note"", ""rule_hate"": ""ai_note"", ""rule_group"": ""ai_note"", ""lexicon_risk"": ""ai_note""}","{""path"": ""resource-reviews-v1/relations/snapshots/28cd3f73e884e1decd10f3a04a7425e2a90acfe024694948c735b61124ea9f6f/reviews.json"", ""sha256"": ""28cd3f73e884e1decd10f3a04a7425e2a90acfe024694948c735b61124ea9f6f""}"
relation:2011:5734,relation,,,,,,,,direct,direct,partial,direct,yes,explicit_user_bulk_acceptance,"{""topic_hate"": ""ai_note"", ""topic_group"": ""ai_note"", ""rule_hate"": ""ai_note"", ""rule_group"": ""ai_note"", ""lexicon_risk"": ""ai_note""}","{""path"": ""resource-reviews-v1/relations/snapshots/28cd3f73e884e1decd10f3a04a7425e2a90acfe024694948c735b61124ea9f6f/reviews.json"", ""sha256"": ""28cd3f73e884e1decd10f3a04a7425e2a90acfe024694948c735b61124ea9f6f""}"
relation:2011:5784,relation,,,,,,,,direct,direct,partial,direct,no,explicit_user_bulk_acceptance,"{""topic_hate"": ""ai_note"", ""topic_group"": ""ai_note"", ""rule_hate"": ""ai_note"", ""rule_group"": ""ai_note"", ""lexicon_risk"": ""ai_note""}","{""path"": ""resource-reviews-v1/relations/snapshots/28cd3f73e884e1decd10f3a04a7425e2a90acfe024694948c735b61124ea9f6f/reviews.json"", ""sha256"": ""28cd3f73e884e1decd10f3a04a7425e2a90acfe024694948c735b61124ea9f6f""}"
relation:2011:7253,relation,,,,,,,,direct,direct,partial,direct,yes,explicit_user_bulk_acceptance,"{""topic_hate"": ""ai_note"", ""topic_group"": ""ai_note"", ""rule_hate"": ""ai_note"", ""rule_group"": ""ai_note"", ""lexicon_risk"": ""ai_note""}","{""path"": ""resource-reviews-v1/relations/snapshots/28cd3f73e884e1decd10f3a04a7425e2a90acfe024694948c735b61124ea9f6f/reviews.json"", ""sha256"": ""28cd3f73e884e1decd10f3a04a7425e2a90acfe024694948c735b61124ea9f6f""}"
relation:2011:7545,relation,,,,,,,,direct,direct,partial,direct,no,explicit_user_bulk_acceptance,"{""topic_hate"": ""ai_note"", ""topic_group"": ""ai_note"", ""rule_hate"": ""user_discussion"", ""rule_group"": ""user_discussion"", ""lexicon_risk"": ""ai_note""}","{""path"": ""resource-reviews-v1/relations/snapshots/28cd3f73e884e1decd10f3a04a7425e2a90acfe024694948c735b61124ea9f6f/reviews.json"", ""sha256"": ""28cd3f73e884e1decd10f3a04a7425e2a90acfe024694948c735b61124ea9f6f""}"
relation:2297:2598,relation,,,,,,,,partial,none,partial,partial,no,explicit_user_bulk_acceptance,"{""topic_hate"": ""ai_note"", ""topic_group"": ""ai_note"", ""rule_hate"": ""ai_note"", ""rule_group"": ""ai_note"", ""lexicon_risk"": ""ai_note""}","{""path"": ""resource-reviews-v1/relations/snapshots/28cd3f73e884e1decd10f3a04a7425e2a90acfe024694948c735b61124ea9f6f/reviews.json"", ""sha256"": ""28cd3f73e884e1decd10f3a04a7425e2a90acfe024694948c735b61124ea9f6f""}"
relation:2297:2800,relation,,,,,,,,direct,direct,direct,direct,no,explicit_user_bulk_acceptance,"{""topic_hate"": ""ai_note"", ""topic_group"": ""ai_note"", ""rule_hate"": ""ai_note"", ""rule_group"": ""ai_note"", ""lexicon_risk"": ""ai_note""}","{""path"": ""resource-reviews-v1/relations/snapshots/28cd3f73e884e1decd10f3a04a7425e2a90acfe024694948c735b61124ea9f6f/reviews.json"", ""sha256"": ""28cd3f73e884e1decd10f3a04a7425e2a90acfe024694948c735b61124ea9f6f""}"
relation:2297:3502,relation,,,,,,,,partial,partial,partial,partial,yes,explicit_user_bulk_acceptance,"{""topic_hate"": ""ai_note"", ""topic_group"": ""ai_note"", ""rule_hate"": ""ai_note"", ""rule_group"": ""ai_note"", ""lexicon_risk"": ""ai_note""}","{""path"": ""resource-reviews-v1/relations/snapshots/28cd3f73e884e1decd10f3a04a7425e2a90acfe024694948c735b61124ea9f6f/reviews.json"", ""sha256"": ""28cd3f73e884e1decd10f3a04a7425e2a90acfe024694948c735b61124ea9f6f""}"
relation:2297:4272,relation,,,,,,,,none,none,none,none,yes,explicit_user_bulk_acceptance,"{""topic_hate"": ""ai_note"", ""topic_group"": ""ai_note"", ""rule_hate"": ""ai_note"", ""rule_group"": ""ai_note"", ""lexicon_risk"": ""ai_note""}","{""path"": ""resource-reviews-v1/relations/snapshots/28cd3f73e884e1decd10f3a04a7425e2a90acfe024694948c735b61124ea9f6f/reviews.json"", ""sha256"": ""28cd3f73e884e1decd10f3a04a7425e2a90acfe024694948c735b61124ea9f6f""}"
relation:2297:4352,relation,,,,,,,,partial,none,none,none,yes,explicit_user_bulk_acceptance,"{""topic_hate"": ""ai_note"", ""topic_group"": ""ai_note"", ""rule_hate"": ""ai_note"", ""rule_group"": ""ai_note"", ""lexicon_risk"": ""ai_note""}","{""path"": ""resource-reviews-v1/relations/snapshots/28cd3f73e884e1decd10f3a04a7425e2a90acfe024694948c735b61124ea9f6f/reviews.json"", ""sha256"": ""28cd3f73e884e1decd10f3a04a7425e2a90acfe024694948c735b61124ea9f6f""}"
relation:2297:5394,relation,,,,,,,,direct,direct,partial,direct,yes,explicit_user_bulk_acceptance,"{""topic_hate"": ""ai_note"", ""topic_group"": ""ai_note"", ""rule_hate"": ""ai_note"", ""rule_group"": ""ai_note"", ""lexicon_risk"": ""ai_note""}","{""path"": ""resource-reviews-v1/relations/snapshots/28cd3f73e884e1decd10f3a04a7425e2a90acfe024694948c735b61124ea9f6f/reviews.json"", ""sha256"": ""28cd3f73e884e1decd10f3a04a7425e2a90acfe024694948c735b61124ea9f6f""}"
relation:2297:5865,relation,,,,,,,,direct,none,partial,partial,no,explicit_user_bulk_acceptance,"{""topic_hate"": ""ai_note"", ""topic_group"": ""ai_note"", ""rule_hate"": ""ai_note"", ""rule_group"": ""ai_note"", ""lexicon_risk"": ""ai_note""}","{""path"": ""resource-reviews-v1/relations/snapshots/28cd3f73e884e1decd10f3a04a7425e2a90acfe024694948c735b61124ea9f6f/reviews.json"", ""sha256"": ""28cd3f73e884e1decd10f3a04a7425e2a90acfe024694948c735b61124ea9f6f""}"
relation:2297:7499,relation,,,,,,,,direct,direct,partial,direct,no,explicit_user_bulk_acceptance,"{""topic_hate"": ""ai_note"", ""topic_group"": ""ai_note"", ""rule_hate"": ""ai_note"", ""rule_group"": ""ai_note"", ""lexicon_risk"": ""ai_note""}","{""path"": ""resource-reviews-v1/relations/snapshots/28cd3f73e884e1decd10f3a04a7425e2a90acfe024694948c735b61124ea9f6f/reviews.json"", ""sha256"": ""28cd3f73e884e1decd10f3a04a7425e2a90acfe024694948c735b61124ea9f6f""}"
relation:2297:7823,relation,,,,,,,,none,none,none,none,no,explicit_user_bulk_acceptance,"{""topic_hate"": ""ai_note"", ""topic_group"": ""ai_note"", ""rule_hate"": ""ai_note"", ""rule_group"": ""ai_note"", ""lexicon_risk"": ""ai_note""}","{""path"": ""resource-reviews-v1/relations/snapshots/28cd3f73e884e1decd10f3a04a7425e2a90acfe024694948c735b61124ea9f6f/reviews.json"", ""sha256"": ""28cd3f73e884e1decd10f3a04a7425e2a90acfe024694948c735b61124ea9f6f""}"
relation:2297:924,relation,,,,,,,,partial,none,none,none,yes,explicit_user_bulk_acceptance,"{""topic_hate"": ""ai_note"", ""topic_group"": ""ai_note"", ""rule_hate"": ""ai_note"", ""rule_group"": ""ai_note"", ""lexicon_risk"": ""ai_note""}","{""path"": ""resource-reviews-v1/relations/snapshots/28cd3f73e884e1decd10f3a04a7425e2a90acfe024694948c735b61124ea9f6f/reviews.json"", ""sha256"": ""28cd3f73e884e1decd10f3a04a7425e2a90acfe024694948c735b61124ea9f6f""}"
relation:2802:159,relation,,,,,,,,none,none,none,none,yes,explicit_user_bulk_acceptance,"{""topic_hate"": ""ai_note"", ""topic_group"": ""ai_note"", ""rule_hate"": ""ai_note"", ""rule_group"": ""ai_note"", ""lexicon_risk"": ""ai_note""}","{""path"": ""resource-reviews-v1/relations/snapshots/28cd3f73e884e1decd10f3a04a7425e2a90acfe024694948c735b61124ea9f6f/reviews.json"", ""sha256"": ""28cd3f73e884e1decd10f3a04a7425e2a90acfe024694948c735b61124ea9f6f""}"
relation:2802:1729,relation,,,,,,,,direct,direct,direct,direct,yes,explicit_user_bulk_acceptance,"{""topic_hate"": ""ai_note"", ""topic_group"": ""ai_note"", ""rule_hate"": ""ai_note"", ""rule_group"": ""ai_note"", ""lexicon_risk"": ""ai_note""}","{""path"": ""resource-reviews-v1/relations/snapshots/28cd3f73e884e1decd10f3a04a7425e2a90acfe024694948c735b61124ea9f6f/reviews.json"", ""sha256"": ""28cd3f73e884e1decd10f3a04a7425e2a90acfe024694948c735b61124ea9f6f""}"
relation:2802:2535,relation,,,,,,,,partial,none,partial,partial,yes,explicit_user_bulk_acceptance,"{""topic_hate"": ""ai_note"", ""topic_group"": ""ai_note"", ""rule_hate"": ""ai_note"", ""rule_group"": ""ai_note"", ""lexicon_risk"": ""ai_note""}","{""path"": ""resource-reviews-v1/relations/snapshots/28cd3f73e884e1decd10f3a04a7425e2a90acfe024694948c735b61124ea9f6f/reviews.json"", ""sha256"": ""28cd3f73e884e1decd10f3a04a7425e2a90acfe024694948c735b61124ea9f6f""}"
relation:2802:3281,relation,,,,,,,,none,none,none,none,yes,explicit_user_bulk_acceptance,"{""topic_hate"": ""ai_note"", ""topic_group"": ""ai_note"", ""rule_hate"": ""ai_note"", ""rule_group"": ""ai_note"", ""lexicon_risk"": ""ai_note""}","{""path"": ""resource-reviews-v1/relations/snapshots/28cd3f73e884e1decd10f3a04a7425e2a90acfe024694948c735b61124ea9f6f/reviews.json"", ""sha256"": ""28cd3f73e884e1decd10f3a04a7425e2a90acfe024694948c735b61124ea9f6f""}"
relation:2802:3612,relation,,,,,,,,none,none,none,none,no,explicit_user_bulk_acceptance,"{""topic_hate"": ""ai_note"", ""topic_group"": ""ai_note"", ""rule_hate"": ""ai_note"", ""rule_group"": ""ai_note"", ""lexicon_risk"": ""ai_note""}","{""path"": ""resource-reviews-v1/relations/snapshots/28cd3f73e884e1decd10f3a04a7425e2a90acfe024694948c735b61124ea9f6f/reviews.json"", ""sha256"": ""28cd3f73e884e1decd10f3a04a7425e2a90acfe024694948c735b61124ea9f6f""}"
relation:2802:5425,relation,,,,,,,,direct,direct,direct,direct,no,explicit_user_bulk_acceptance,"{""topic_hate"": ""ai_note"", ""topic_group"": ""ai_note"", ""rule_hate"": ""ai_note"", ""rule_group"": ""ai_note"", ""lexicon_risk"": ""ai_note""}","{""path"": ""resource-reviews-v1/relations/snapshots/28cd3f73e884e1decd10f3a04a7425e2a90acfe024694948c735b61124ea9f6f/reviews.json"", ""sha256"": ""28cd3f73e884e1decd10f3a04a7425e2a90acfe024694948c735b61124ea9f6f""}"
relation:2802:6629,relation,,,,,,,,direct,direct,direct,direct,yes,explicit_user_bulk_acceptance,"{""topic_hate"": ""ai_note"", ""topic_group"": ""ai_note"", ""rule_hate"": ""ai_note"", ""rule_group"": ""ai_note"", ""lexicon_risk"": ""ai_note""}","{""path"": ""resource-reviews-v1/relations/snapshots/28cd3f73e884e1decd10f3a04a7425e2a90acfe024694948c735b61124ea9f6f/reviews.json"", ""sha256"": ""28cd3f73e884e1decd10f3a04a7425e2a90acfe024694948c735b61124ea9f6f""}"
relation:2802:7678,relation,,,,,,,,none,none,none,none,no,explicit_user_bulk_acceptance,"{""topic_hate"": ""ai_note"", ""topic_group"": ""ai_note"", ""rule_hate"": ""ai_note"", ""rule_group"": ""ai_note"", ""lexicon_risk"": ""ai_note""}","{""path"": ""resource-reviews-v1/relations/snapshots/28cd3f73e884e1decd10f3a04a7425e2a90acfe024694948c735b61124ea9f6f/reviews.json"", ""sha256"": ""28cd3f73e884e1decd10f3a04a7425e2a90acfe024694948c735b61124ea9f6f""}"
relation:2802:7819,relation,,,,,,,,partial,none,partial,none,yes,explicit_user_bulk_acceptance,"{""topic_hate"": ""ai_note"", ""topic_group"": ""ai_note"", ""rule_hate"": ""ai_note"", ""rule_group"": ""ai_note"", ""lexicon_risk"": ""ai_note""}","{""path"": ""resource-reviews-v1/relations/snapshots/28cd3f73e884e1decd10f3a04a7425e2a90acfe024694948c735b61124ea9f6f/reviews.json"", ""sha256"": ""28cd3f73e884e1decd10f3a04a7425e2a90acfe024694948c735b61124ea9f6f""}"
relation:2802:7836,relation,,,,,,,,direct,direct,direct,direct,no,explicit_user_bulk_acceptance,"{""topic_hate"": ""ai_note"", ""topic_group"": ""ai_note"", ""rule_hate"": ""ai_note"", ""rule_group"": ""ai_note"", ""lexicon_risk"": ""ai_note""}","{""path"": ""resource-reviews-v1/relations/snapshots/28cd3f73e884e1decd10f3a04a7425e2a90acfe024694948c735b61124ea9f6f/reviews.json"", ""sha256"": ""28cd3f73e884e1decd10f3a04a7425e2a90acfe024694948c735b61124ea9f6f""}"
relation:3169:3519,relation,,,,,,,,none,none,none,none,yes,explicit_user_bulk_acceptance,"{""topic_hate"": ""ai_note"", ""topic_group"": ""ai_note"", ""rule_hate"": ""ai_note"", ""rule_group"": ""ai_note"", ""lexicon_risk"": ""ai_note""}","{""path"": ""resource-reviews-v1/relations/snapshots/28cd3f73e884e1decd10f3a04a7425e2a90acfe024694948c735b61124ea9f6f/reviews.json"", ""sha256"": ""28cd3f73e884e1decd10f3a04a7425e2a90acfe024694948c735b61124ea9f6f""}"
relation:3169:3582,relation,,,,,,,,none,none,none,none,yes,explicit_user_bulk_acceptance,"{""topic_hate"": ""ai_note"", ""topic_group"": ""ai_note"", ""rule_hate"": ""ai_note"", ""rule_group"": ""ai_note"", ""lexicon_risk"": ""ai_note""}","{""path"": ""resource-reviews-v1/relations/snapshots/28cd3f73e884e1decd10f3a04a7425e2a90acfe024694948c735b61124ea9f6f/reviews.json"", ""sha256"": ""28cd3f73e884e1decd10f3a04a7425e2a90acfe024694948c735b61124ea9f6f""}"
relation:3169:3585,relation,,,,,,,,none,none,none,none,yes,explicit_user_bulk_acceptance,"{""topic_hate"": ""ai_note"", ""topic_group"": ""ai_note"", ""rule_hate"": ""ai_note"", ""rule_group"": ""ai_note"", ""lexicon_risk"": ""ai_note""}","{""path"": ""resource-reviews-v1/relations/snapshots/28cd3f73e884e1decd10f3a04a7425e2a90acfe024694948c735b61124ea9f6f/reviews.json"", ""sha256"": ""28cd3f73e884e1decd10f3a04a7425e2a90acfe024694948c735b61124ea9f6f""}"
relation:3169:3602,relation,,,,,,,,partial,none,partial,none,no,explicit_user_bulk_acceptance,"{""topic_hate"": ""ai_note"", ""topic_group"": ""ai_note"", ""rule_hate"": ""ai_note"", ""rule_group"": ""ai_note"", ""lexicon_risk"": ""ai_note""}","{""path"": ""resource-reviews-v1/relations/snapshots/28cd3f73e884e1decd10f3a04a7425e2a90acfe024694948c735b61124ea9f6f/reviews.json"", ""sha256"": ""28cd3f73e884e1decd10f3a04a7425e2a90acfe024694948c735b61124ea9f6f""}"
relation:3169:3660,relation,,,,,,,,none,none,partial,partial,yes,explicit_user_bulk_acceptance,"{""topic_hate"": ""user_discussion"", ""topic_group"": ""ai_note"", ""rule_hate"": ""ai_note"", ""rule_group"": ""ai_note"", ""lexicon_risk"": ""ai_note""}","{""path"": ""resource-reviews-v1/relations/snapshots/28cd3f73e884e1decd10f3a04a7425e2a90acfe024694948c735b61124ea9f6f/reviews.json"", ""sha256"": ""28cd3f73e884e1decd10f3a04a7425e2a90acfe024694948c735b61124ea9f6f""}"
relation:3169:5780,relation,,,,,,,,partial,none,partial,none,no,explicit_user_bulk_acceptance,"{""topic_hate"": ""ai_note"", ""topic_group"": ""ai_note"", ""rule_hate"": ""ai_note"", ""rule_group"": ""ai_note"", ""lexicon_risk"": ""ai_note""}","{""path"": ""resource-reviews-v1/relations/snapshots/28cd3f73e884e1decd10f3a04a7425e2a90acfe024694948c735b61124ea9f6f/reviews.json"", ""sha256"": ""28cd3f73e884e1decd10f3a04a7425e2a90acfe024694948c735b61124ea9f6f""}"
relation:3169:6035,relation,,,,,,,,partial,none,partial,none,no,explicit_user_bulk_acceptance,"{""topic_hate"": ""ai_note"", ""topic_group"": ""ai_note"", ""rule_hate"": ""ai_note"", ""rule_group"": ""ai_note"", ""lexicon_risk"": ""ai_note""}","{""path"": ""resource-reviews-v1/relations/snapshots/28cd3f73e884e1decd10f3a04a7425e2a90acfe024694948c735b61124ea9f6f/reviews.json"", ""sha256"": ""28cd3f73e884e1decd10f3a04a7425e2a90acfe024694948c735b61124ea9f6f""}"
relation:3169:6493,relation,,,,,,,,none,none,none,none,no,explicit_user_bulk_acceptance,"{""topic_hate"": ""ai_note"", ""topic_group"": ""ai_note"", ""rule_hate"": ""ai_note"", ""rule_group"": ""ai_note"", ""lexicon_risk"": ""ai_note""}","{""path"": ""resource-reviews-v1/relations/snapshots/28cd3f73e884e1decd10f3a04a7425e2a90acfe024694948c735b61124ea9f6f/reviews.json"", ""sha256"": ""28cd3f73e884e1decd10f3a04a7425e2a90acfe024694948c735b61124ea9f6f""}"
relation:3169:7611,relation,,,,,,,,partial,none,partial,partial,yes,explicit_user_bulk_acceptance,"{""topic_hate"": ""ai_note"", ""topic_group"": ""ai_note"", ""rule_hate"": ""ai_note"", ""rule_group"": ""ai_note"", ""lexicon_risk"": ""ai_note""}","{""path"": ""resource-reviews-v1/relations/snapshots/28cd3f73e884e1decd10f3a04a7425e2a90acfe024694948c735b61124ea9f6f/reviews.json"", ""sha256"": ""28cd3f73e884e1decd10f3a04a7425e2a90acfe024694948c735b61124ea9f6f""}"
relation:3169:7640,relation,,,,,,,,none,none,none,none,no,explicit_user_bulk_acceptance,"{""topic_hate"": ""ai_note"", ""topic_group"": ""ai_note"", ""rule_hate"": ""ai_note"", ""rule_group"": ""ai_note"", ""lexicon_risk"": ""ai_note""}","{""path"": ""resource-reviews-v1/relations/snapshots/28cd3f73e884e1decd10f3a04a7425e2a90acfe024694948c735b61124ea9f6f/reviews.json"", ""sha256"": ""28cd3f73e884e1decd10f3a04a7425e2a90acfe024694948c735b61124ea9f6f""}"
relation:376:2496,relation,,,,,,,,direct,direct,partial,direct,no,explicit_user_bulk_acceptance,"{""topic_hate"": ""ai_note"", ""topic_group"": ""ai_note"", ""rule_hate"": ""ai_note"", ""rule_group"": ""ai_note"", ""lexicon_risk"": ""ai_note""}","{""path"": ""resource-reviews-v1/relations/snapshots/28cd3f73e884e1decd10f3a04a7425e2a90acfe024694948c735b61124ea9f6f/reviews.json"", ""sha256"": ""28cd3f73e884e1decd10f3a04a7425e2a90acfe024694948c735b61124ea9f6f""}"
relation:376:2747,relation,,,,,,,,partial,none,partial,partial,yes,explicit_user_bulk_acceptance,"{""topic_hate"": ""ai_note"", ""topic_group"": ""ai_note"", ""rule_hate"": ""ai_note"", ""rule_group"": ""ai_note"", ""lexicon_risk"": ""ai_note""}","{""path"": ""resource-reviews-v1/relations/snapshots/28cd3f73e884e1decd10f3a04a7425e2a90acfe024694948c735b61124ea9f6f/reviews.json"", ""sha256"": ""28cd3f73e884e1decd10f3a04a7425e2a90acfe024694948c735b61124ea9f6f""}"
relation:376:4956,relation,,,,,,,,partial,direct,partial,direct,no,explicit_user_bulk_acceptance,"{""topic_hate"": ""ai_note"", ""topic_group"": ""ai_note"", ""rule_hate"": ""ai_note"", ""rule_group"": ""ai_note"", ""lexicon_risk"": ""ai_note""}","{""path"": ""resource-reviews-v1/relations/snapshots/28cd3f73e884e1decd10f3a04a7425e2a90acfe024694948c735b61124ea9f6f/reviews.json"", ""sha256"": ""28cd3f73e884e1decd10f3a04a7425e2a90acfe024694948c735b61124ea9f6f""}"
relation:376:5125,relation,,,,,,,,partial,none,partial,partial,yes,explicit_user_bulk_acceptance,"{""topic_hate"": ""ai_note"", ""topic_group"": ""ai_note"", ""rule_hate"": ""ai_note"", ""rule_group"": ""ai_note"", ""lexicon_risk"": ""ai_note""}","{""path"": ""resource-reviews-v1/relations/snapshots/28cd3f73e884e1decd10f3a04a7425e2a90acfe024694948c735b61124ea9f6f/reviews.json"", ""sha256"": ""28cd3f73e884e1decd10f3a04a7425e2a90acfe024694948c735b61124ea9f6f""}"
relation:376:5416,relation,,,,,,,,direct,direct,partial,direct,yes,explicit_user_bulk_acceptance,"{""topic_hate"": ""ai_note"", ""topic_group"": ""ai_note"", ""rule_hate"": ""ai_note"", ""rule_group"": ""ai_note"", ""lexicon_risk"": ""ai_note""}","{""path"": ""resource-reviews-v1/relations/snapshots/28cd3f73e884e1decd10f3a04a7425e2a90acfe024694948c735b61124ea9f6f/reviews.json"", ""sha256"": ""28cd3f73e884e1decd10f3a04a7425e2a90acfe024694948c735b61124ea9f6f""}"
relation:376:5924,relation,,,,,,,,direct,direct,partial,direct,yes,explicit_user_bulk_acceptance,"{""topic_hate"": ""ai_note"", ""topic_group"": ""ai_note"", ""rule_hate"": ""ai_note"", ""rule_group"": ""ai_note"", ""lexicon_risk"": ""ai_note""}","{""path"": ""resource-reviews-v1/relations/snapshots/28cd3f73e884e1decd10f3a04a7425e2a90acfe024694948c735b61124ea9f6f/reviews.json"", ""sha256"": ""28cd3f73e884e1decd10f3a04a7425e2a90acfe024694948c735b61124ea9f6f""}"
relation:376:6764,relation,,,,,,,,direct,direct,partial,direct,yes,explicit_user_bulk_acceptance,"{""topic_hate"": ""ai_note"", ""topic_group"": ""ai_note"", ""rule_hate"": ""ai_note"", ""rule_group"": ""ai_note"", ""lexicon_risk"": ""ai_note""}","{""path"": ""resource-reviews-v1/relations/snapshots/28cd3f73e884e1decd10f3a04a7425e2a90acfe024694948c735b61124ea9f6f/reviews.json"", ""sha256"": ""28cd3f73e884e1decd10f3a04a7425e2a90acfe024694948c735b61124ea9f6f""}"
relation:376:7248,relation,,,,,,,,direct,direct,partial,direct,yes,explicit_user_bulk_acceptance,"{""topic_hate"": ""ai_note"", ""topic_group"": ""ai_note"", ""rule_hate"": ""ai_note"", ""rule_group"": ""ai_note"", ""lexicon_risk"": ""ai_note""}","{""path"": ""resource-reviews-v1/relations/snapshots/28cd3f73e884e1decd10f3a04a7425e2a90acfe024694948c735b61124ea9f6f/reviews.json"", ""sha256"": ""28cd3f73e884e1decd10f3a04a7425e2a90acfe024694948c735b61124ea9f6f""}"
relation:376:7350,relation,,,,,,,,direct,direct,partial,direct,no,explicit_user_bulk_acceptance,"{""topic_hate"": ""ai_note"", ""topic_group"": ""ai_note"", ""rule_hate"": ""ai_note"", ""rule_group"": ""ai_note"", ""lexicon_risk"": ""ai_note""}","{""path"": ""resource-reviews-v1/relations/snapshots/28cd3f73e884e1decd10f3a04a7425e2a90acfe024694948c735b61124ea9f6f/reviews.json"", ""sha256"": ""28cd3f73e884e1decd10f3a04a7425e2a90acfe024694948c735b61124ea9f6f""}"
relation:376:7485,relation,,,,,,,,direct,direct,direct,direct,no,explicit_user_bulk_acceptance,"{""topic_hate"": ""ai_note"", ""topic_group"": ""ai_note"", ""rule_hate"": ""ai_note"", ""rule_group"": ""ai_note"", ""lexicon_risk"": ""ai_note""}","{""path"": ""resource-reviews-v1/relations/snapshots/28cd3f73e884e1decd10f3a04a7425e2a90acfe024694948c735b61124ea9f6f/reviews.json"", ""sha256"": ""28cd3f73e884e1decd10f3a04a7425e2a90acfe024694948c735b61124ea9f6f""}"
relation:3898:1466,relation,,,,,,,,direct,direct,partial,direct,no,explicit_user_bulk_acceptance,"{""topic_hate"": ""ai_note"", ""topic_group"": ""ai_note"", ""rule_hate"": ""ai_note"", ""rule_group"": ""ai_note"", ""lexicon_risk"": ""ai_note""}","{""path"": ""resource-reviews-v1/relations/snapshots/28cd3f73e884e1decd10f3a04a7425e2a90acfe024694948c735b61124ea9f6f/reviews.json"", ""sha256"": ""28cd3f73e884e1decd10f3a04a7425e2a90acfe024694948c735b61124ea9f6f""}"
relation:3898:2785,relation,,,,,,,,direct,direct,partial,direct,yes,explicit_user_bulk_acceptance,"{""topic_hate"": ""ai_note"", ""topic_group"": ""ai_note"", ""rule_hate"": ""ai_note"", ""rule_group"": ""ai_note"", ""lexicon_risk"": ""ai_note""}","{""path"": ""resource-reviews-v1/relations/snapshots/28cd3f73e884e1decd10f3a04a7425e2a90acfe024694948c735b61124ea9f6f/reviews.json"", ""sha256"": ""28cd3f73e884e1decd10f3a04a7425e2a90acfe024694948c735b61124ea9f6f""}"
relation:3898:3742,relation,,,,,,,,direct,direct,partial,direct,no,explicit_user_bulk_acceptance,"{""topic_hate"": ""ai_note"", ""topic_group"": ""ai_note"", ""rule_hate"": ""ai_note"", ""rule_group"": ""ai_note"", ""lexicon_risk"": ""ai_note""}","{""path"": ""resource-reviews-v1/relations/snapshots/28cd3f73e884e1decd10f3a04a7425e2a90acfe024694948c735b61124ea9f6f/reviews.json"", ""sha256"": ""28cd3f73e884e1decd10f3a04a7425e2a90acfe024694948c735b61124ea9f6f""}"
relation:3898:3845,relation,,,,,,,,direct,direct,partial,direct,yes,explicit_user_bulk_acceptance,"{""topic_hate"": ""ai_note"", ""topic_group"": ""ai_note"", ""rule_hate"": ""ai_note"", ""rule_group"": ""ai_note"", ""lexicon_risk"": ""ai_note""}","{""path"": ""resource-reviews-v1/relations/snapshots/28cd3f73e884e1decd10f3a04a7425e2a90acfe024694948c735b61124ea9f6f/reviews.json"", ""sha256"": ""28cd3f73e884e1decd10f3a04a7425e2a90acfe024694948c735b61124ea9f6f""}"
relation:3898:4652,relation,,,,,,,,partial,direct,partial,direct,yes,explicit_user_bulk_acceptance,"{""topic_hate"": ""ai_note"", ""topic_group"": ""ai_note"", ""rule_hate"": ""ai_note"", ""rule_group"": ""ai_note"", ""lexicon_risk"": ""ai_note""}","{""path"": ""resource-reviews-v1/relations/snapshots/28cd3f73e884e1decd10f3a04a7425e2a90acfe024694948c735b61124ea9f6f/reviews.json"", ""sha256"": ""28cd3f73e884e1decd10f3a04a7425e2a90acfe024694948c735b61124ea9f6f""}"
relation:3898:5211,relation,,,,,,,,direct,direct,partial,direct,yes,explicit_user_bulk_acceptance,"{""topic_hate"": ""ai_note"", ""topic_group"": ""ai_note"", ""rule_hate"": ""ai_note"", ""rule_group"": ""ai_note"", ""lexicon_risk"": ""ai_note""}","{""path"": ""resource-reviews-v1/relations/snapshots/28cd3f73e884e1decd10f3a04a7425e2a90acfe024694948c735b61124ea9f6f/reviews.json"", ""sha256"": ""28cd3f73e884e1decd10f3a04a7425e2a90acfe024694948c735b61124ea9f6f""}"
relation:3898:6183,relation,,,,,,,,partial,direct,partial,direct,no,explicit_user_bulk_acceptance,"{""topic_hate"": ""ai_note"", ""topic_group"": ""ai_note"", ""rule_hate"": ""ai_note"", ""rule_group"": ""ai_note"", ""lexicon_risk"": ""ai_note""}","{""path"": ""resource-reviews-v1/relations/snapshots/28cd3f73e884e1decd10f3a04a7425e2a90acfe024694948c735b61124ea9f6f/reviews.json"", ""sha256"": ""28cd3f73e884e1decd10f3a04a7425e2a90acfe024694948c735b61124ea9f6f""}"
relation:3898:6525,relation,,,,,,,,partial,direct,partial,direct,no,explicit_user_bulk_acceptance,"{""topic_hate"": ""ai_note"", ""topic_group"": ""ai_note"", ""rule_hate"": ""ai_note"", ""rule_group"": ""ai_note"", ""lexicon_risk"": ""ai_note""}","{""path"": ""resource-reviews-v1/relations/snapshots/28cd3f73e884e1decd10f3a04a7425e2a90acfe024694948c735b61124ea9f6f/reviews.json"", ""sha256"": ""28cd3f73e884e1decd10f3a04a7425e2a90acfe024694948c735b61124ea9f6f""}"
relation:3898:6624,relation,,,,,,,,none,none,partial,none,yes,explicit_user_bulk_acceptance,"{""topic_hate"": ""ai_note"", ""topic_group"": ""ai_note"", ""rule_hate"": ""ai_note"", ""rule_group"": ""ai_note"", ""lexicon_risk"": ""ai_note""}","{""path"": ""resource-reviews-v1/relations/snapshots/28cd3f73e884e1decd10f3a04a7425e2a90acfe024694948c735b61124ea9f6f/reviews.json"", ""sha256"": ""28cd3f73e884e1decd10f3a04a7425e2a90acfe024694948c735b61124ea9f6f""}"
relation:3898:7319,relation,,,,,,,,direct,direct,partial,direct,no,explicit_user_bulk_acceptance,"{""topic_hate"": ""ai_note"", ""topic_group"": ""ai_note"", ""rule_hate"": ""ai_note"", ""rule_group"": ""ai_note"", ""lexicon_risk"": ""user_discussion""}","{""path"": ""resource-reviews-v1/relations/snapshots/28cd3f73e884e1decd10f3a04a7425e2a90acfe024694948c735b61124ea9f6f/reviews.json"", ""sha256"": ""28cd3f73e884e1decd10f3a04a7425e2a90acfe024694948c735b61124ea9f6f""}"
relation:3919:1786,relation,,,,,,,,partial,partial,partial,partial,no,explicit_user_bulk_acceptance,"{""topic_hate"": ""ai_note"", ""topic_group"": ""ai_note"", ""rule_hate"": ""ai_note"", ""rule_group"": ""ai_note"", ""lexicon_risk"": ""ai_note""}","{""path"": ""resource-reviews-v1/relations/snapshots/28cd3f73e884e1decd10f3a04a7425e2a90acfe024694948c735b61124ea9f6f/reviews.json"", ""sha256"": ""28cd3f73e884e1decd10f3a04a7425e2a90acfe024694948c735b61124ea9f6f""}"
relation:3919:2117,relation,,,,,,,,direct,direct,direct,direct,no,explicit_user_bulk_acceptance,"{""topic_hate"": ""ai_note"", ""topic_group"": ""ai_note"", ""rule_hate"": ""ai_note"", ""rule_group"": ""ai_note"", ""lexicon_risk"": ""ai_note""}","{""path"": ""resource-reviews-v1/relations/snapshots/28cd3f73e884e1decd10f3a04a7425e2a90acfe024694948c735b61124ea9f6f/reviews.json"", ""sha256"": ""28cd3f73e884e1decd10f3a04a7425e2a90acfe024694948c735b61124ea9f6f""}"
relation:3919:255,relation,,,,,,,,none,none,none,none,yes,explicit_user_bulk_acceptance,"{""topic_hate"": ""ai_note"", ""topic_group"": ""ai_note"", ""rule_hate"": ""ai_note"", ""rule_group"": ""ai_note"", ""lexicon_risk"": ""ai_note""}","{""path"": ""resource-reviews-v1/relations/snapshots/28cd3f73e884e1decd10f3a04a7425e2a90acfe024694948c735b61124ea9f6f/reviews.json"", ""sha256"": ""28cd3f73e884e1decd10f3a04a7425e2a90acfe024694948c735b61124ea9f6f""}"
relation:3919:2593,relation,,,,,,,,partial,none,partial,partial,no,explicit_user_bulk_acceptance,"{""topic_hate"": ""ai_note"", ""topic_group"": ""ai_note"", ""rule_hate"": ""ai_note"", ""rule_group"": ""ai_note"", ""lexicon_risk"": ""ai_note""}","{""path"": ""resource-reviews-v1/relations/snapshots/28cd3f73e884e1decd10f3a04a7425e2a90acfe024694948c735b61124ea9f6f/reviews.json"", ""sha256"": ""28cd3f73e884e1decd10f3a04a7425e2a90acfe024694948c735b61124ea9f6f""}"
relation:3919:2800,relation,,,,,,,,partial,none,none,none,no,explicit_user_bulk_acceptance,"{""topic_hate"": ""ai_note"", ""topic_group"": ""ai_note"", ""rule_hate"": ""ai_note"", ""rule_group"": ""ai_note"", ""lexicon_risk"": ""ai_note""}","{""path"": ""resource-reviews-v1/relations/snapshots/28cd3f73e884e1decd10f3a04a7425e2a90acfe024694948c735b61124ea9f6f/reviews.json"", ""sha256"": ""28cd3f73e884e1decd10f3a04a7425e2a90acfe024694948c735b61124ea9f6f""}"
relation:3919:3252,relation,,,,,,,,partial,partial,partial,partial,no,explicit_user_bulk_acceptance,"{""topic_hate"": ""ai_note"", ""topic_group"": ""ai_note"", ""rule_hate"": ""ai_note"", ""rule_group"": ""ai_note"", ""lexicon_risk"": ""ai_note""}","{""path"": ""resource-reviews-v1/relations/snapshots/28cd3f73e884e1decd10f3a04a7425e2a90acfe024694948c735b61124ea9f6f/reviews.json"", ""sha256"": ""28cd3f73e884e1decd10f3a04a7425e2a90acfe024694948c735b61124ea9f6f""}"
relation:3919:3882,relation,,,,,,,,direct,direct,partial,partial,no,explicit_user_bulk_acceptance,"{""topic_hate"": ""ai_note"", ""topic_group"": ""ai_note"", ""rule_hate"": ""ai_note"", ""rule_group"": ""ai_note"", ""lexicon_risk"": ""ai_note""}","{""path"": ""resource-reviews-v1/relations/snapshots/28cd3f73e884e1decd10f3a04a7425e2a90acfe024694948c735b61124ea9f6f/reviews.json"", ""sha256"": ""28cd3f73e884e1decd10f3a04a7425e2a90acfe024694948c735b61124ea9f6f""}"
relation:3919:476,relation,,,,,,,,partial,partial,partial,partial,yes,explicit_user_bulk_acceptance,"{""topic_hate"": ""ai_note"", ""topic_group"": ""ai_note"", ""rule_hate"": ""ai_note"", ""rule_group"": ""ai_note"", ""lexicon_risk"": ""ai_note""}","{""path"": ""resource-reviews-v1/relations/snapshots/28cd3f73e884e1decd10f3a04a7425e2a90acfe024694948c735b61124ea9f6f/reviews.json"", ""sha256"": ""28cd3f73e884e1decd10f3a04a7425e2a90acfe024694948c735b61124ea9f6f""}"
relation:3919:4839,relation,,,,,,,,partial,none,partial,partial,yes,explicit_user_bulk_acceptance,"{""topic_hate"": ""ai_note"", ""topic_group"": ""ai_note"", ""rule_hate"": ""ai_note"", ""rule_group"": ""ai_note"", ""lexicon_risk"": ""ai_note""}","{""path"": ""resource-reviews-v1/relations/snapshots/28cd3f73e884e1decd10f3a04a7425e2a90acfe024694948c735b61124ea9f6f/reviews.json"", ""sha256"": ""28cd3f73e884e1decd10f3a04a7425e2a90acfe024694948c735b61124ea9f6f""}"
relation:3919:7782,relation,,,,,,,,direct,direct,partial,partial,no,explicit_user_bulk_acceptance,"{""topic_hate"": ""ai_note"", ""topic_group"": ""ai_note"", ""rule_hate"": ""ai_note"", ""rule_group"": ""ai_note"", ""lexicon_risk"": ""ai_note""}","{""path"": ""resource-reviews-v1/relations/snapshots/28cd3f73e884e1decd10f3a04a7425e2a90acfe024694948c735b61124ea9f6f/reviews.json"", ""sha256"": ""28cd3f73e884e1decd10f3a04a7425e2a90acfe024694948c735b61124ea9f6f""}"
relation:3950:2101,relation,,,,,,,,partial,partial,none,none,yes,explicit_user_bulk_acceptance,"{""topic_hate"": ""ai_note"", ""topic_group"": ""ai_note"", ""rule_hate"": ""ai_note"", ""rule_group"": ""ai_note"", ""lexicon_risk"": ""ai_note""}","{""path"": ""resource-reviews-v1/relations/snapshots/28cd3f73e884e1decd10f3a04a7425e2a90acfe024694948c735b61124ea9f6f/reviews.json"", ""sha256"": ""28cd3f73e884e1decd10f3a04a7425e2a90acfe024694948c735b61124ea9f6f""}"
relation:3950:2349,relation,,,,,,,,direct,direct,partial,direct,yes,explicit_user_bulk_acceptance,"{""topic_hate"": ""ai_note"", ""topic_group"": ""ai_note"", ""rule_hate"": ""ai_note"", ""rule_group"": ""ai_note"", ""lexicon_risk"": ""ai_note""}","{""path"": ""resource-reviews-v1/relations/snapshots/28cd3f73e884e1decd10f3a04a7425e2a90acfe024694948c735b61124ea9f6f/reviews.json"", ""sha256"": ""28cd3f73e884e1decd10f3a04a7425e2a90acfe024694948c735b61124ea9f6f""}"
relation:3950:3177,relation,,,,,,,,partial,partial,partial,partial,no,explicit_user_bulk_acceptance,"{""topic_hate"": ""ai_note"", ""topic_group"": ""ai_note"", ""rule_hate"": ""ai_note"", ""rule_group"": ""ai_note"", ""lexicon_risk"": ""ai_note""}","{""path"": ""resource-reviews-v1/relations/snapshots/28cd3f73e884e1decd10f3a04a7425e2a90acfe024694948c735b61124ea9f6f/reviews.json"", ""sha256"": ""28cd3f73e884e1decd10f3a04a7425e2a90acfe024694948c735b61124ea9f6f""}"
relation:3950:3749,relation,,,,,,,,direct,direct,partial,partial,yes,explicit_user_bulk_acceptance,"{""topic_hate"": ""ai_note"", ""topic_group"": ""ai_note"", ""rule_hate"": ""ai_note"", ""rule_group"": ""ai_note"", ""lexicon_risk"": ""ai_note""}","{""path"": ""resource-reviews-v1/relations/snapshots/28cd3f73e884e1decd10f3a04a7425e2a90acfe024694948c735b61124ea9f6f/reviews.json"", ""sha256"": ""28cd3f73e884e1decd10f3a04a7425e2a90acfe024694948c735b61124ea9f6f""}"
relation:3950:4443,relation,,,,,,,,partial,partial,partial,partial,yes,explicit_user_bulk_acceptance,"{""topic_hate"": ""ai_note"", ""topic_group"": ""ai_note"", ""rule_hate"": ""ai_note"", ""rule_group"": ""ai_note"", ""lexicon_risk"": ""ai_note""}","{""path"": ""resource-reviews-v1/relations/snapshots/28cd3f73e884e1decd10f3a04a7425e2a90acfe024694948c735b61124ea9f6f/reviews.json"", ""sha256"": ""28cd3f73e884e1decd10f3a04a7425e2a90acfe024694948c735b61124ea9f6f""}"
relation:3950:6291,relation,,,,,,,,partial,partial,partial,partial,yes,explicit_user_bulk_acceptance,"{""topic_hate"": ""ai_note"", ""topic_group"": ""ai_note"", ""rule_hate"": ""ai_note"", ""rule_group"": ""ai_note"", ""lexicon_risk"": ""ai_note""}","{""path"": ""resource-reviews-v1/relations/snapshots/28cd3f73e884e1decd10f3a04a7425e2a90acfe024694948c735b61124ea9f6f/reviews.json"", ""sha256"": ""28cd3f73e884e1decd10f3a04a7425e2a90acfe024694948c735b61124ea9f6f""}"
relation:3950:6413,relation,,,,,,,,direct,direct,partial,partial,yes,explicit_user_bulk_acceptance,"{""topic_hate"": ""ai_note"", ""topic_group"": ""ai_note"", ""rule_hate"": ""ai_note"", ""rule_group"": ""ai_note"", ""lexicon_risk"": ""ai_note""}","{""path"": ""resource-reviews-v1/relations/snapshots/28cd3f73e884e1decd10f3a04a7425e2a90acfe024694948c735b61124ea9f6f/reviews.json"", ""sha256"": ""28cd3f73e884e1decd10f3a04a7425e2a90acfe024694948c735b61124ea9f6f""}"
relation:3950:6835,relation,,,,,,,,direct,direct,direct,direct,no,explicit_user_bulk_acceptance,"{""topic_hate"": ""ai_note"", ""topic_group"": ""ai_note"", ""rule_hate"": ""ai_note"", ""rule_group"": ""ai_note"", ""lexicon_risk"": ""ai_note""}","{""path"": ""resource-reviews-v1/relations/snapshots/28cd3f73e884e1decd10f3a04a7425e2a90acfe024694948c735b61124ea9f6f/reviews.json"", ""sha256"": ""28cd3f73e884e1decd10f3a04a7425e2a90acfe024694948c735b61124ea9f6f""}"
relation:3950:7212,relation,,,,,,,,none,partial,none,none,yes,explicit_user_bulk_acceptance,"{""topic_hate"": ""ai_note"", ""topic_group"": ""ai_note"", ""rule_hate"": ""ai_note"", ""rule_group"": ""ai_note"", ""lexicon_risk"": ""ai_note""}","{""path"": ""resource-reviews-v1/relations/snapshots/28cd3f73e884e1decd10f3a04a7425e2a90acfe024694948c735b61124ea9f6f/reviews.json"", ""sha256"": ""28cd3f73e884e1decd10f3a04a7425e2a90acfe024694948c735b61124ea9f6f""}"
relation:3950:7235,relation,,,,,,,,partial,partial,none,none,yes,explicit_user_bulk_acceptance,"{""topic_hate"": ""ai_note"", ""topic_group"": ""ai_note"", ""rule_hate"": ""ai_note"", ""rule_group"": ""ai_note"", ""lexicon_risk"": ""ai_note""}","{""path"": ""resource-reviews-v1/relations/snapshots/28cd3f73e884e1decd10f3a04a7425e2a90acfe024694948c735b61124ea9f6f/reviews.json"", ""sha256"": ""28cd3f73e884e1decd10f3a04a7425e2a90acfe024694948c735b61124ea9f6f""}"
relation:4026:1242,relation,,,,,,,,direct,direct,partial,partial,yes,explicit_user_bulk_acceptance,"{""topic_hate"": ""ai_note"", ""topic_group"": ""ai_note"", ""rule_hate"": ""ai_note"", ""rule_group"": ""ai_note"", ""lexicon_risk"": ""ai_note""}","{""path"": ""resource-reviews-v1/relations/snapshots/28cd3f73e884e1decd10f3a04a7425e2a90acfe024694948c735b61124ea9f6f/reviews.json"", ""sha256"": ""28cd3f73e884e1decd10f3a04a7425e2a90acfe024694948c735b61124ea9f6f""}"
relation:4026:25,relation,,,,,,,,direct,direct,partial,direct,yes,explicit_user_bulk_acceptance,"{""topic_hate"": ""ai_note"", ""topic_group"": ""ai_note"", ""rule_hate"": ""ai_note"", ""rule_group"": ""ai_note"", ""lexicon_risk"": ""ai_note""}","{""path"": ""resource-reviews-v1/relations/snapshots/28cd3f73e884e1decd10f3a04a7425e2a90acfe024694948c735b61124ea9f6f/reviews.json"", ""sha256"": ""28cd3f73e884e1decd10f3a04a7425e2a90acfe024694948c735b61124ea9f6f""}"
relation:4026:2792,relation,,,,,,,,direct,direct,partial,direct,no,explicit_user_bulk_acceptance,"{""topic_hate"": ""ai_note"", ""topic_group"": ""ai_note"", ""rule_hate"": ""ai_note"", ""rule_group"": ""ai_note"", ""lexicon_risk"": ""ai_note""}","{""path"": ""resource-reviews-v1/relations/snapshots/28cd3f73e884e1decd10f3a04a7425e2a90acfe024694948c735b61124ea9f6f/reviews.json"", ""sha256"": ""28cd3f73e884e1decd10f3a04a7425e2a90acfe024694948c735b61124ea9f6f""}"
relation:4026:3168,relation,,,,,,,,partial,none,partial,partial,no,explicit_user_bulk_acceptance,"{""topic_hate"": ""ai_note"", ""topic_group"": ""ai_note"", ""rule_hate"": ""ai_note"", ""rule_group"": ""ai_note"", ""lexicon_risk"": ""ai_note""}","{""path"": ""resource-reviews-v1/relations/snapshots/28cd3f73e884e1decd10f3a04a7425e2a90acfe024694948c735b61124ea9f6f/reviews.json"", ""sha256"": ""28cd3f73e884e1decd10f3a04a7425e2a90acfe024694948c735b61124ea9f6f""}"
relation:4026:4448,relation,,,,,,,,direct,direct,partial,direct,no,explicit_user_bulk_acceptance,"{""topic_hate"": ""ai_note"", ""topic_group"": ""ai_note"", ""rule_hate"": ""ai_note"", ""rule_group"": ""ai_note"", ""lexicon_risk"": ""ai_note""}","{""path"": ""resource-reviews-v1/relations/snapshots/28cd3f73e884e1decd10f3a04a7425e2a90acfe024694948c735b61124ea9f6f/reviews.json"", ""sha256"": ""28cd3f73e884e1decd10f3a04a7425e2a90acfe024694948c735b61124ea9f6f""}"
relation:4026:5135,relation,,,,,,,,direct,direct,direct,direct,no,explicit_user_bulk_acceptance,"{""topic_hate"": ""ai_note"", ""topic_group"": ""ai_note"", ""rule_hate"": ""ai_note"", ""rule_group"": ""ai_note"", ""lexicon_risk"": ""ai_note""}","{""path"": ""resource-reviews-v1/relations/snapshots/28cd3f73e884e1decd10f3a04a7425e2a90acfe024694948c735b61124ea9f6f/reviews.json"", ""sha256"": ""28cd3f73e884e1decd10f3a04a7425e2a90acfe024694948c735b61124ea9f6f""}"
relation:4026:5297,relation,,,,,,,,direct,direct,direct,direct,no,explicit_user_bulk_acceptance,"{""topic_hate"": ""ai_note"", ""topic_group"": ""ai_note"", ""rule_hate"": ""ai_note"", ""rule_group"": ""ai_note"", ""lexicon_risk"": ""ai_note""}","{""path"": ""resource-reviews-v1/relations/snapshots/28cd3f73e884e1decd10f3a04a7425e2a90acfe024694948c735b61124ea9f6f/reviews.json"", ""sha256"": ""28cd3f73e884e1decd10f3a04a7425e2a90acfe024694948c735b61124ea9f6f""}"
relation:4026:5855,relation,,,,,,,,none,none,none,none,no,explicit_user_bulk_acceptance,"{""topic_hate"": ""ai_note"", ""topic_group"": ""ai_note"", ""rule_hate"": ""ai_note"", ""rule_group"": ""ai_note"", ""lexicon_risk"": ""ai_note""}","{""path"": ""resource-reviews-v1/relations/snapshots/28cd3f73e884e1decd10f3a04a7425e2a90acfe024694948c735b61124ea9f6f/reviews.json"", ""sha256"": ""28cd3f73e884e1decd10f3a04a7425e2a90acfe024694948c735b61124ea9f6f""}"
relation:4026:6307,relation,,,,,,,,direct,direct,direct,direct,no,explicit_user_bulk_acceptance,"{""topic_hate"": ""ai_note"", ""topic_group"": ""ai_note"", ""rule_hate"": ""ai_note"", ""rule_group"": ""ai_note"", ""lexicon_risk"": ""ai_note""}","{""path"": ""resource-reviews-v1/relations/snapshots/28cd3f73e884e1decd10f3a04a7425e2a90acfe024694948c735b61124ea9f6f/reviews.json"", ""sha256"": ""28cd3f73e884e1decd10f3a04a7425e2a90acfe024694948c735b61124ea9f6f""}"
relation:4026:6334,relation,,,,,,,,none,none,none,none,no,explicit_user_bulk_acceptance,"{""topic_hate"": ""ai_note"", ""topic_group"": ""ai_note"", ""rule_hate"": ""ai_note"", ""rule_group"": ""ai_note"", ""lexicon_risk"": ""ai_note""}","{""path"": ""resource-reviews-v1/relations/snapshots/28cd3f73e884e1decd10f3a04a7425e2a90acfe024694948c735b61124ea9f6f/reviews.json"", ""sha256"": ""28cd3f73e884e1decd10f3a04a7425e2a90acfe024694948c735b61124ea9f6f""}"
relation:4080:2824,relation,,,,,,,,partial,direct,partial,direct,no,explicit_user_bulk_acceptance,"{""topic_hate"": ""ai_note"", ""topic_group"": ""ai_note"", ""rule_hate"": ""ai_note"", ""rule_group"": ""ai_note"", ""lexicon_risk"": ""ai_note""}","{""path"": ""resource-reviews-v1/relations/snapshots/28cd3f73e884e1decd10f3a04a7425e2a90acfe024694948c735b61124ea9f6f/reviews.json"", ""sha256"": ""28cd3f73e884e1decd10f3a04a7425e2a90acfe024694948c735b61124ea9f6f""}"
relation:4080:4351,relation,,,,,,,,direct,direct,direct,direct,no,explicit_user_bulk_acceptance,"{""topic_hate"": ""ai_note"", ""topic_group"": ""ai_note"", ""rule_hate"": ""ai_note"", ""rule_group"": ""ai_note"", ""lexicon_risk"": ""ai_note""}","{""path"": ""resource-reviews-v1/relations/snapshots/28cd3f73e884e1decd10f3a04a7425e2a90acfe024694948c735b61124ea9f6f/reviews.json"", ""sha256"": ""28cd3f73e884e1decd10f3a04a7425e2a90acfe024694948c735b61124ea9f6f""}"
relation:4080:4891,relation,,,,,,,,partial,none,none,none,no,explicit_user_bulk_acceptance,"{""topic_hate"": ""ai_note"", ""topic_group"": ""ai_note"", ""rule_hate"": ""ai_note"", ""rule_group"": ""ai_note"", ""lexicon_risk"": ""ai_note""}","{""path"": ""resource-reviews-v1/relations/snapshots/28cd3f73e884e1decd10f3a04a7425e2a90acfe024694948c735b61124ea9f6f/reviews.json"", ""sha256"": ""28cd3f73e884e1decd10f3a04a7425e2a90acfe024694948c735b61124ea9f6f""}"
relation:4080:5535,relation,,,,,,,,direct,direct,partial,direct,yes,explicit_user_bulk_acceptance,"{""topic_hate"": ""ai_note"", ""topic_group"": ""ai_note"", ""rule_hate"": ""ai_note"", ""rule_group"": ""ai_note"", ""lexicon_risk"": ""ai_note""}","{""path"": ""resource-reviews-v1/relations/snapshots/28cd3f73e884e1decd10f3a04a7425e2a90acfe024694948c735b61124ea9f6f/reviews.json"", ""sha256"": ""28cd3f73e884e1decd10f3a04a7425e2a90acfe024694948c735b61124ea9f6f""}"
relation:4080:6458,relation,,,,,,,,direct,direct,partial,direct,no,explicit_user_bulk_acceptance,"{""topic_hate"": ""ai_note"", ""topic_group"": ""ai_note"", ""rule_hate"": ""ai_note"", ""rule_group"": ""ai_note"", ""lexicon_risk"": ""ai_note""}","{""path"": ""resource-reviews-v1/relations/snapshots/28cd3f73e884e1decd10f3a04a7425e2a90acfe024694948c735b61124ea9f6f/reviews.json"", ""sha256"": ""28cd3f73e884e1decd10f3a04a7425e2a90acfe024694948c735b61124ea9f6f""}"
relation:4080:6631,relation,,,,,,,,direct,direct,partial,partial,no,explicit_user_bulk_acceptance,"{""topic_hate"": ""ai_note"", ""topic_group"": ""ai_note"", ""rule_hate"": ""ai_note"", ""rule_group"": ""ai_note"", ""lexicon_risk"": ""ai_note""}","{""path"": ""resource-reviews-v1/relations/snapshots/28cd3f73e884e1decd10f3a04a7425e2a90acfe024694948c735b61124ea9f6f/reviews.json"", ""sha256"": ""28cd3f73e884e1decd10f3a04a7425e2a90acfe024694948c735b61124ea9f6f""}"
relation:4080:6989,relation,,,,,,,,partial,partial,partial,partial,no,explicit_user_bulk_acceptance,"{""topic_hate"": ""ai_note"", ""topic_group"": ""ai_note"", ""rule_hate"": ""ai_note"", ""rule_group"": ""ai_note"", ""lexicon_risk"": ""ai_note""}","{""path"": ""resource-reviews-v1/relations/snapshots/28cd3f73e884e1decd10f3a04a7425e2a90acfe024694948c735b61124ea9f6f/reviews.json"", ""sha256"": ""28cd3f73e884e1decd10f3a04a7425e2a90acfe024694948c735b61124ea9f6f""}"
relation:4080:717,relation,,,,,,,,none,none,none,none,yes,explicit_user_bulk_acceptance,"{""topic_hate"": ""ai_note"", ""topic_group"": ""ai_note"", ""rule_hate"": ""ai_note"", ""rule_group"": ""ai_note"", ""lexicon_risk"": ""ai_note""}","{""path"": ""resource-reviews-v1/relations/snapshots/28cd3f73e884e1decd10f3a04a7425e2a90acfe024694948c735b61124ea9f6f/reviews.json"", ""sha256"": ""28cd3f73e884e1decd10f3a04a7425e2a90acfe024694948c735b61124ea9f6f""}"
relation:4080:7519,relation,,,,,,,,partial,none,none,none,yes,explicit_user_bulk_acceptance,"{""topic_hate"": ""ai_note"", ""topic_group"": ""ai_note"", ""rule_hate"": ""ai_note"", ""rule_group"": ""ai_note"", ""lexicon_risk"": ""ai_note""}","{""path"": ""resource-reviews-v1/relations/snapshots/28cd3f73e884e1decd10f3a04a7425e2a90acfe024694948c735b61124ea9f6f/reviews.json"", ""sha256"": ""28cd3f73e884e1decd10f3a04a7425e2a90acfe024694948c735b61124ea9f6f""}"
relation:4080:796,relation,,,,,,,,direct,direct,direct,direct,no,explicit_user_bulk_acceptance,"{""topic_hate"": ""ai_note"", ""topic_group"": ""ai_note"", ""rule_hate"": ""ai_note"", ""rule_group"": ""ai_note"", ""lexicon_risk"": ""ai_note""}","{""path"": ""resource-reviews-v1/relations/snapshots/28cd3f73e884e1decd10f3a04a7425e2a90acfe024694948c735b61124ea9f6f/reviews.json"", ""sha256"": ""28cd3f73e884e1decd10f3a04a7425e2a90acfe024694948c735b61124ea9f6f""}"
relation:4137:2787,relation,,,,,,,,direct,direct,partial,direct,yes,explicit_user_bulk_acceptance,"{""topic_hate"": ""ai_note"", ""topic_group"": ""ai_note"", ""rule_hate"": ""ai_note"", ""rule_group"": ""ai_note"", ""lexicon_risk"": ""ai_note""}","{""path"": ""resource-reviews-v1/relations/snapshots/28cd3f73e884e1decd10f3a04a7425e2a90acfe024694948c735b61124ea9f6f/reviews.json"", ""sha256"": ""28cd3f73e884e1decd10f3a04a7425e2a90acfe024694948c735b61124ea9f6f""}"
relation:4137:3680,relation,,,,,,,,direct,direct,partial,direct,no,explicit_user_bulk_acceptance,"{""topic_hate"": ""ai_note"", ""topic_group"": ""ai_note"", ""rule_hate"": ""ai_note"", ""rule_group"": ""ai_note"", ""lexicon_risk"": ""ai_note""}","{""path"": ""resource-reviews-v1/relations/snapshots/28cd3f73e884e1decd10f3a04a7425e2a90acfe024694948c735b61124ea9f6f/reviews.json"", ""sha256"": ""28cd3f73e884e1decd10f3a04a7425e2a90acfe024694948c735b61124ea9f6f""}"
relation:4137:4299,relation,,,,,,,,partial,partial,partial,partial,no,explicit_user_bulk_acceptance,"{""topic_hate"": ""ai_note"", ""topic_group"": ""ai_note"", ""rule_hate"": ""ai_note"", ""rule_group"": ""ai_note"", ""lexicon_risk"": ""ai_note""}","{""path"": ""resource-reviews-v1/relations/snapshots/28cd3f73e884e1decd10f3a04a7425e2a90acfe024694948c735b61124ea9f6f/reviews.json"", ""sha256"": ""28cd3f73e884e1decd10f3a04a7425e2a90acfe024694948c735b61124ea9f6f""}"
relation:4137:467,relation,,,,,,,,partial,direct,partial,direct,yes,explicit_user_bulk_acceptance,"{""topic_hate"": ""ai_note"", ""topic_group"": ""ai_note"", ""rule_hate"": ""ai_note"", ""rule_group"": ""ai_note"", ""lexicon_risk"": ""ai_note""}","{""path"": ""resource-reviews-v1/relations/snapshots/28cd3f73e884e1decd10f3a04a7425e2a90acfe024694948c735b61124ea9f6f/reviews.json"", ""sha256"": ""28cd3f73e884e1decd10f3a04a7425e2a90acfe024694948c735b61124ea9f6f""}"
relation:4137:5330,relation,,,,,,,,partial,partial,none,none,no,explicit_user_bulk_acceptance,"{""topic_hate"": ""ai_note"", ""topic_group"": ""ai_note"", ""rule_hate"": ""ai_note"", ""rule_group"": ""ai_note"", ""lexicon_risk"": ""ai_note""}","{""path"": ""resource-reviews-v1/relations/snapshots/28cd3f73e884e1decd10f3a04a7425e2a90acfe024694948c735b61124ea9f6f/reviews.json"", ""sha256"": ""28cd3f73e884e1decd10f3a04a7425e2a90acfe024694948c735b61124ea9f6f""}"
relation:4137:6291,relation,,,,,,,,direct,partial,partial,direct,yes,explicit_user_bulk_acceptance,"{""topic_hate"": ""ai_note"", ""topic_group"": ""user_discussion"", ""rule_hate"": ""ai_note"", ""rule_group"": ""ai_note"", ""lexicon_risk"": ""ai_note""}","{""path"": ""resource-reviews-v1/relations/snapshots/28cd3f73e884e1decd10f3a04a7425e2a90acfe024694948c735b61124ea9f6f/reviews.json"", ""sha256"": ""28cd3f73e884e1decd10f3a04a7425e2a90acfe024694948c735b61124ea9f6f""}"
relation:4137:6764,relation,,,,,,,,direct,direct,partial,direct,yes,explicit_user_bulk_acceptance,"{""topic_hate"": ""ai_note"", ""topic_group"": ""ai_note"", ""rule_hate"": ""ai_note"", ""rule_group"": ""ai_note"", ""lexicon_risk"": ""ai_note""}","{""path"": ""resource-reviews-v1/relations/snapshots/28cd3f73e884e1decd10f3a04a7425e2a90acfe024694948c735b61124ea9f6f/reviews.json"", ""sha256"": ""28cd3f73e884e1decd10f3a04a7425e2a90acfe024694948c735b61124ea9f6f""}"
relation:4137:7189,relation,,,,,,,,partial,direct,partial,partial,no,explicit_user_bulk_acceptance,"{""topic_hate"": ""ai_note"", ""topic_group"": ""ai_note"", ""rule_hate"": ""ai_note"", ""rule_group"": ""ai_note"", ""lexicon_risk"": ""ai_note""}","{""path"": ""resource-reviews-v1/relations/snapshots/28cd3f73e884e1decd10f3a04a7425e2a90acfe024694948c735b61124ea9f6f/reviews.json"", ""sha256"": ""28cd3f73e884e1decd10f3a04a7425e2a90acfe024694948c735b61124ea9f6f""}"
relation:4137:7394,relation,,,,,,,,partial,direct,partial,direct,no,explicit_user_bulk_acceptance,"{""topic_hate"": ""ai_note"", ""topic_group"": ""ai_note"", ""rule_hate"": ""ai_note"", ""rule_group"": ""ai_note"", ""lexicon_risk"": ""ai_note""}","{""path"": ""resource-reviews-v1/relations/snapshots/28cd3f73e884e1decd10f3a04a7425e2a90acfe024694948c735b61124ea9f6f/reviews.json"", ""sha256"": ""28cd3f73e884e1decd10f3a04a7425e2a90acfe024694948c735b61124ea9f6f""}"
relation:4137:7661,relation,,,,,,,,partial,partial,partial,partial,no,explicit_user_bulk_acceptance,"{""topic_hate"": ""ai_note"", ""topic_group"": ""ai_note"", ""rule_hate"": ""ai_note"", ""rule_group"": ""ai_note"", ""lexicon_risk"": ""ai_note""}","{""path"": ""resource-reviews-v1/relations/snapshots/28cd3f73e884e1decd10f3a04a7425e2a90acfe024694948c735b61124ea9f6f/reviews.json"", ""sha256"": ""28cd3f73e884e1decd10f3a04a7425e2a90acfe024694948c735b61124ea9f6f""}"
relation:4189:1158,relation,,,,,,,,direct,direct,partial,direct,no,explicit_user_bulk_acceptance,"{""topic_hate"": ""ai_note"", ""topic_group"": ""ai_note"", ""rule_hate"": ""ai_note"", ""rule_group"": ""ai_note"", ""lexicon_risk"": ""ai_note""}","{""path"": ""resource-reviews-v1/relations/snapshots/28cd3f73e884e1decd10f3a04a7425e2a90acfe024694948c735b61124ea9f6f/reviews.json"", ""sha256"": ""28cd3f73e884e1decd10f3a04a7425e2a90acfe024694948c735b61124ea9f6f""}"
relation:4189:2025,relation,,,,,,,,direct,direct,partial,direct,yes,explicit_user_bulk_acceptance,"{""topic_hate"": ""ai_note"", ""topic_group"": ""ai_note"", ""rule_hate"": ""ai_note"", ""rule_group"": ""ai_note"", ""lexicon_risk"": ""ai_note""}","{""path"": ""resource-reviews-v1/relations/snapshots/28cd3f73e884e1decd10f3a04a7425e2a90acfe024694948c735b61124ea9f6f/reviews.json"", ""sha256"": ""28cd3f73e884e1decd10f3a04a7425e2a90acfe024694948c735b61124ea9f6f""}"
relation:4189:2075,relation,,,,,,,,partial,partial,partial,partial,yes,explicit_user_bulk_acceptance,"{""topic_hate"": ""ai_note"", ""topic_group"": ""ai_note"", ""rule_hate"": ""ai_note"", ""rule_group"": ""ai_note"", ""lexicon_risk"": ""ai_note""}","{""path"": ""resource-reviews-v1/relations/snapshots/28cd3f73e884e1decd10f3a04a7425e2a90acfe024694948c735b61124ea9f6f/reviews.json"", ""sha256"": ""28cd3f73e884e1decd10f3a04a7425e2a90acfe024694948c735b61124ea9f6f""}"
relation:4189:2685,relation,,,,,,,,partial,partial,partial,partial,no,explicit_user_bulk_acceptance,"{""topic_hate"": ""ai_note"", ""topic_group"": ""ai_note"", ""rule_hate"": ""ai_note"", ""rule_group"": ""ai_note"", ""lexicon_risk"": ""ai_note""}","{""path"": ""resource-reviews-v1/relations/snapshots/28cd3f73e884e1decd10f3a04a7425e2a90acfe024694948c735b61124ea9f6f/reviews.json"", ""sha256"": ""28cd3f73e884e1decd10f3a04a7425e2a90acfe024694948c735b61124ea9f6f""}"
relation:4189:3212,relation,,,,,,,,direct,direct,partial,direct,no,explicit_user_bulk_acceptance,"{""topic_hate"": ""ai_note"", ""topic_group"": ""ai_note"", ""rule_hate"": ""ai_note"", ""rule_group"": ""ai_note"", ""lexicon_risk"": ""ai_note""}","{""path"": ""resource-reviews-v1/relations/snapshots/28cd3f73e884e1decd10f3a04a7425e2a90acfe024694948c735b61124ea9f6f/reviews.json"", ""sha256"": ""28cd3f73e884e1decd10f3a04a7425e2a90acfe024694948c735b61124ea9f6f""}"
relation:4189:3372,relation,,,,,,,,direct,direct,direct,direct,no,explicit_user_bulk_acceptance,"{""topic_hate"": ""ai_note"", ""topic_group"": ""ai_note"", ""rule_hate"": ""ai_note"", ""rule_group"": ""ai_note"", ""lexicon_risk"": ""ai_note""}","{""path"": ""resource-reviews-v1/relations/snapshots/28cd3f73e884e1decd10f3a04a7425e2a90acfe024694948c735b61124ea9f6f/reviews.json"", ""sha256"": ""28cd3f73e884e1decd10f3a04a7425e2a90acfe024694948c735b61124ea9f6f""}"
relation:4189:4443,relation,,,,,,,,direct,direct,partial,direct,no,explicit_user_bulk_acceptance,"{""topic_hate"": ""ai_note"", ""topic_group"": ""ai_note"", ""rule_hate"": ""ai_note"", ""rule_group"": ""ai_note"", ""lexicon_risk"": ""ai_note""}","{""path"": ""resource-reviews-v1/relations/snapshots/28cd3f73e884e1decd10f3a04a7425e2a90acfe024694948c735b61124ea9f6f/reviews.json"", ""sha256"": ""28cd3f73e884e1decd10f3a04a7425e2a90acfe024694948c735b61124ea9f6f""}"
relation:4189:4810,relation,,,,,,,,direct,direct,partial,direct,yes,explicit_user_bulk_acceptance,"{""topic_hate"": ""ai_note"", ""topic_group"": ""ai_note"", ""rule_hate"": ""ai_note"", ""rule_group"": ""ai_note"", ""lexicon_risk"": ""ai_note""}","{""path"": ""resource-reviews-v1/relations/snapshots/28cd3f73e884e1decd10f3a04a7425e2a90acfe024694948c735b61124ea9f6f/reviews.json"", ""sha256"": ""28cd3f73e884e1decd10f3a04a7425e2a90acfe024694948c735b61124ea9f6f""}"
relation:4189:6291,relation,,,,,,,,direct,direct,direct,direct,no,explicit_user_bulk_acceptance,"{""topic_hate"": ""ai_note"", ""topic_group"": ""ai_note"", ""rule_hate"": ""ai_note"", ""rule_group"": ""ai_note"", ""lexicon_risk"": ""ai_note""}","{""path"": ""resource-reviews-v1/relations/snapshots/28cd3f73e884e1decd10f3a04a7425e2a90acfe024694948c735b61124ea9f6f/reviews.json"", ""sha256"": ""28cd3f73e884e1decd10f3a04a7425e2a90acfe024694948c735b61124ea9f6f""}"
relation:4189:7235,relation,,,,,,,,direct,direct,partial,direct,no,explicit_user_bulk_acceptance,"{""topic_hate"": ""ai_note"", ""topic_group"": ""ai_note"", ""rule_hate"": ""ai_note"", ""rule_group"": ""ai_note"", ""lexicon_risk"": ""ai_note""}","{""path"": ""resource-reviews-v1/relations/snapshots/28cd3f73e884e1decd10f3a04a7425e2a90acfe024694948c735b61124ea9f6f/reviews.json"", ""sha256"": ""28cd3f73e884e1decd10f3a04a7425e2a90acfe024694948c735b61124ea9f6f""}"
relation:4450:1242,relation,,,,,,,,direct,direct,partial,partial,yes,explicit_user_bulk_acceptance,"{""topic_hate"": ""ai_note"", ""topic_group"": ""ai_note"", ""rule_hate"": ""ai_note"", ""rule_group"": ""ai_note"", ""lexicon_risk"": ""ai_note""}","{""path"": ""resource-reviews-v1/relations/snapshots/28cd3f73e884e1decd10f3a04a7425e2a90acfe024694948c735b61124ea9f6f/reviews.json"", ""sha256"": ""28cd3f73e884e1decd10f3a04a7425e2a90acfe024694948c735b61124ea9f6f""}"
relation:4450:1336,relation,,,,,,,,direct,direct,partial,direct,yes,explicit_user_bulk_acceptance,"{""topic_hate"": ""ai_note"", ""topic_group"": ""ai_note"", ""rule_hate"": ""ai_note"", ""rule_group"": ""ai_note"", ""lexicon_risk"": ""ai_note""}","{""path"": ""resource-reviews-v1/relations/snapshots/28cd3f73e884e1decd10f3a04a7425e2a90acfe024694948c735b61124ea9f6f/reviews.json"", ""sha256"": ""28cd3f73e884e1decd10f3a04a7425e2a90acfe024694948c735b61124ea9f6f""}"
relation:4450:2004,relation,,,,,,,,direct,direct,partial,direct,yes,explicit_user_bulk_acceptance,"{""topic_hate"": ""ai_note"", ""topic_group"": ""ai_note"", ""rule_hate"": ""ai_note"", ""rule_group"": ""ai_note"", ""lexicon_risk"": ""ai_note""}","{""path"": ""resource-reviews-v1/relations/snapshots/28cd3f73e884e1decd10f3a04a7425e2a90acfe024694948c735b61124ea9f6f/reviews.json"", ""sha256"": ""28cd3f73e884e1decd10f3a04a7425e2a90acfe024694948c735b61124ea9f6f""}"
relation:4450:235,relation,,,,,,,,direct,direct,partial,direct,no,explicit_user_bulk_acceptance,"{""topic_hate"": ""ai_note"", ""topic_group"": ""ai_note"", ""rule_hate"": ""ai_note"", ""rule_group"": ""ai_note"", ""lexicon_risk"": ""ai_note""}","{""path"": ""resource-reviews-v1/relations/snapshots/28cd3f73e884e1decd10f3a04a7425e2a90acfe024694948c735b61124ea9f6f/reviews.json"", ""sha256"": ""28cd3f73e884e1decd10f3a04a7425e2a90acfe024694948c735b61124ea9f6f""}"
relation:4450:2416,relation,,,,,,,,direct,direct,partial,direct,no,explicit_user_bulk_acceptance,"{""topic_hate"": ""ai_note"", ""topic_group"": ""ai_note"", ""rule_hate"": ""ai_note"", ""rule_group"": ""ai_note"", ""lexicon_risk"": ""ai_note""}","{""path"": ""resource-reviews-v1/relations/snapshots/28cd3f73e884e1decd10f3a04a7425e2a90acfe024694948c735b61124ea9f6f/reviews.json"", ""sha256"": ""28cd3f73e884e1decd10f3a04a7425e2a90acfe024694948c735b61124ea9f6f""}"
relation:4450:3619,relation,,,,,,,,direct,direct,partial,direct,yes,explicit_user_bulk_acceptance,"{""topic_hate"": ""ai_note"", ""topic_group"": ""ai_note"", ""rule_hate"": ""ai_note"", ""rule_group"": ""ai_note"", ""lexicon_risk"": ""ai_note""}","{""path"": ""resource-reviews-v1/relations/snapshots/28cd3f73e884e1decd10f3a04a7425e2a90acfe024694948c735b61124ea9f6f/reviews.json"", ""sha256"": ""28cd3f73e884e1decd10f3a04a7425e2a90acfe024694948c735b61124ea9f6f""}"
relation:4450:3701,relation,,,,,,,,none,none,none,none,no,explicit_user_bulk_acceptance,"{""topic_hate"": ""ai_note"", ""topic_group"": ""ai_note"", ""rule_hate"": ""user_discussion"", ""rule_group"": ""ai_note"", ""lexicon_risk"": ""ai_note""}","{""path"": ""resource-reviews-v1/relations/snapshots/28cd3f73e884e1decd10f3a04a7425e2a90acfe024694948c735b61124ea9f6f/reviews.json"", ""sha256"": ""28cd3f73e884e1decd10f3a04a7425e2a90acfe024694948c735b61124ea9f6f""}"
relation:4450:5868,relation,,,,,,,,direct,direct,partial,direct,no,explicit_user_bulk_acceptance,"{""topic_hate"": ""ai_note"", ""topic_group"": ""ai_note"", ""rule_hate"": ""ai_note"", ""rule_group"": ""ai_note"", ""lexicon_risk"": ""ai_note""}","{""path"": ""resource-reviews-v1/relations/snapshots/28cd3f73e884e1decd10f3a04a7425e2a90acfe024694948c735b61124ea9f6f/reviews.json"", ""sha256"": ""28cd3f73e884e1decd10f3a04a7425e2a90acfe024694948c735b61124ea9f6f""}"
relation:4450:6334,relation,,,,,,,,none,none,none,none,no,explicit_user_bulk_acceptance,"{""topic_hate"": ""ai_note"", ""topic_group"": ""ai_note"", ""rule_hate"": ""user_discussion"", ""rule_group"": ""user_discussion"", ""lexicon_risk"": ""ai_note""}","{""path"": ""resource-reviews-v1/relations/snapshots/28cd3f73e884e1decd10f3a04a7425e2a90acfe024694948c735b61124ea9f6f/reviews.json"", ""sha256"": ""28cd3f73e884e1decd10f3a04a7425e2a90acfe024694948c735b61124ea9f6f""}"
relation:4450:986,relation,,,,,,,,partial,partial,none,none,no,explicit_user_bulk_acceptance,"{""topic_hate"": ""ai_note"", ""topic_group"": ""ai_note"", ""rule_hate"": ""ai_note"", ""rule_group"": ""ai_note"", ""lexicon_risk"": ""ai_note""}","{""path"": ""resource-reviews-v1/relations/snapshots/28cd3f73e884e1decd10f3a04a7425e2a90acfe024694948c735b61124ea9f6f/reviews.json"", ""sha256"": ""28cd3f73e884e1decd10f3a04a7425e2a90acfe024694948c735b61124ea9f6f""}"
relation:4756:1833,relation,,,,,,,,partial,direct,none,direct,no,explicit_user_bulk_acceptance,"{""topic_hate"": ""ai_note"", ""topic_group"": ""ai_note"", ""rule_hate"": ""ai_note"", ""rule_group"": ""ai_note"", ""lexicon_risk"": ""ai_note""}","{""path"": ""resource-reviews-v1/relations/snapshots/28cd3f73e884e1decd10f3a04a7425e2a90acfe024694948c735b61124ea9f6f/reviews.json"", ""sha256"": ""28cd3f73e884e1decd10f3a04a7425e2a90acfe024694948c735b61124ea9f6f""}"
relation:4756:3911,relation,,,,,,,,direct,direct,direct,direct,yes,explicit_user_bulk_acceptance,"{""topic_hate"": ""ai_note"", ""topic_group"": ""ai_note"", ""rule_hate"": ""ai_note"", ""rule_group"": ""ai_note"", ""lexicon_risk"": ""ai_note""}","{""path"": ""resource-reviews-v1/relations/snapshots/28cd3f73e884e1decd10f3a04a7425e2a90acfe024694948c735b61124ea9f6f/reviews.json"", ""sha256"": ""28cd3f73e884e1decd10f3a04a7425e2a90acfe024694948c735b61124ea9f6f""}"
relation:4756:4374,relation,,,,,,,,direct,direct,partial,direct,no,explicit_user_bulk_acceptance,"{""topic_hate"": ""ai_note"", ""topic_group"": ""ai_note"", ""rule_hate"": ""ai_note"", ""rule_group"": ""ai_note"", ""lexicon_risk"": ""ai_note""}","{""path"": ""resource-reviews-v1/relations/snapshots/28cd3f73e884e1decd10f3a04a7425e2a90acfe024694948c735b61124ea9f6f/reviews.json"", ""sha256"": ""28cd3f73e884e1decd10f3a04a7425e2a90acfe024694948c735b61124ea9f6f""}"
relation:4756:4652,relation,,,,,,,,partial,direct,partial,direct,yes,explicit_user_bulk_acceptance,"{""topic_hate"": ""ai_note"", ""topic_group"": ""ai_note"", ""rule_hate"": ""ai_note"", ""rule_group"": ""ai_note"", ""lexicon_risk"": ""ai_note""}","{""path"": ""resource-reviews-v1/relations/snapshots/28cd3f73e884e1decd10f3a04a7425e2a90acfe024694948c735b61124ea9f6f/reviews.json"", ""sha256"": ""28cd3f73e884e1decd10f3a04a7425e2a90acfe024694948c735b61124ea9f6f""}"
relation:4756:5788,relation,,,,,,,,partial,direct,none,direct,yes,explicit_user_bulk_acceptance,"{""topic_hate"": ""ai_note"", ""topic_group"": ""ai_note"", ""rule_hate"": ""ai_note"", ""rule_group"": ""ai_note"", ""lexicon_risk"": ""ai_note""}","{""path"": ""resource-reviews-v1/relations/snapshots/28cd3f73e884e1decd10f3a04a7425e2a90acfe024694948c735b61124ea9f6f/reviews.json"", ""sha256"": ""28cd3f73e884e1decd10f3a04a7425e2a90acfe024694948c735b61124ea9f6f""}"
relation:4756:5919,relation,,,,,,,,partial,none,partial,partial,yes,explicit_user_bulk_acceptance,"{""topic_hate"": ""ai_note"", ""topic_group"": ""ai_note"", ""rule_hate"": ""ai_note"", ""rule_group"": ""ai_note"", ""lexicon_risk"": ""ai_note""}","{""path"": ""resource-reviews-v1/relations/snapshots/28cd3f73e884e1decd10f3a04a7425e2a90acfe024694948c735b61124ea9f6f/reviews.json"", ""sha256"": ""28cd3f73e884e1decd10f3a04a7425e2a90acfe024694948c735b61124ea9f6f""}"
relation:4756:6525,relation,,,,,,,,partial,direct,none,direct,no,explicit_user_bulk_acceptance,"{""topic_hate"": ""ai_note"", ""topic_group"": ""ai_note"", ""rule_hate"": ""ai_note"", ""rule_group"": ""ai_note"", ""lexicon_risk"": ""ai_note""}","{""path"": ""resource-reviews-v1/relations/snapshots/28cd3f73e884e1decd10f3a04a7425e2a90acfe024694948c735b61124ea9f6f/reviews.json"", ""sha256"": ""28cd3f73e884e1decd10f3a04a7425e2a90acfe024694948c735b61124ea9f6f""}"
relation:4756:7188,relation,,,,,,,,direct,direct,partial,direct,no,explicit_user_bulk_acceptance,"{""topic_hate"": ""ai_note"", ""topic_group"": ""ai_note"", ""rule_hate"": ""ai_note"", ""rule_group"": ""ai_note"", ""lexicon_risk"": ""ai_note""}","{""path"": ""resource-reviews-v1/relations/snapshots/28cd3f73e884e1decd10f3a04a7425e2a90acfe024694948c735b61124ea9f6f/reviews.json"", ""sha256"": ""28cd3f73e884e1decd10f3a04a7425e2a90acfe024694948c735b61124ea9f6f""}"
relation:4756:7212,relation,,,,,,,,partial,direct,none,direct,yes,explicit_user_bulk_acceptance,"{""topic_hate"": ""ai_note"", ""topic_group"": ""ai_note"", ""rule_hate"": ""ai_note"", ""rule_group"": ""ai_note"", ""lexicon_risk"": ""ai_note""}","{""path"": ""resource-reviews-v1/relations/snapshots/28cd3f73e884e1decd10f3a04a7425e2a90acfe024694948c735b61124ea9f6f/reviews.json"", ""sha256"": ""28cd3f73e884e1decd10f3a04a7425e2a90acfe024694948c735b61124ea9f6f""}"
relation:4756:7633,relation,,,,,,,,partial,none,partial,partial,no,explicit_user_bulk_acceptance,"{""topic_hate"": ""ai_note"", ""topic_group"": ""ai_note"", ""rule_hate"": ""ai_note"", ""rule_group"": ""ai_note"", ""lexicon_risk"": ""ai_note""}","{""path"": ""resource-reviews-v1/relations/snapshots/28cd3f73e884e1decd10f3a04a7425e2a90acfe024694948c735b61124ea9f6f/reviews.json"", ""sha256"": ""28cd3f73e884e1decd10f3a04a7425e2a90acfe024694948c735b61124ea9f6f""}"
relation:5086:127,relation,,,,,,,,direct,direct,partial,direct,no,explicit_user_bulk_acceptance,"{""topic_hate"": ""user_discussion"", ""topic_group"": ""user_discussion"", ""rule_hate"": ""user_discussion"", ""rule_group"": ""user_discussion"", ""lexicon_risk"": ""user_discussion""}","{""path"": ""resource-reviews-v1/relations/snapshots/28cd3f73e884e1decd10f3a04a7425e2a90acfe024694948c735b61124ea9f6f/reviews.json"", ""sha256"": ""28cd3f73e884e1decd10f3a04a7425e2a90acfe024694948c735b61124ea9f6f""}"
relation:5086:1517,relation,,,,,,,,partial,partial,partial,direct,yes,explicit_user_bulk_acceptance,"{""topic_hate"": ""ai_note"", ""topic_group"": ""ai_note"", ""rule_hate"": ""ai_note"", ""rule_group"": ""ai_note"", ""lexicon_risk"": ""ai_note""}","{""path"": ""resource-reviews-v1/relations/snapshots/28cd3f73e884e1decd10f3a04a7425e2a90acfe024694948c735b61124ea9f6f/reviews.json"", ""sha256"": ""28cd3f73e884e1decd10f3a04a7425e2a90acfe024694948c735b61124ea9f6f""}"
relation:5086:2120,relation,,,,,,,,direct,direct,partial,direct,yes,explicit_user_bulk_acceptance,"{""topic_hate"": ""ai_note"", ""topic_group"": ""ai_note"", ""rule_hate"": ""ai_note"", ""rule_group"": ""ai_note"", ""lexicon_risk"": ""ai_note""}","{""path"": ""resource-reviews-v1/relations/snapshots/28cd3f73e884e1decd10f3a04a7425e2a90acfe024694948c735b61124ea9f6f/reviews.json"", ""sha256"": ""28cd3f73e884e1decd10f3a04a7425e2a90acfe024694948c735b61124ea9f6f""}"
relation:5086:243,relation,,,,,,,,partial,direct,partial,direct,no,explicit_user_bulk_acceptance,"{""topic_hate"": ""ai_note"", ""topic_group"": ""ai_note"", ""rule_hate"": ""ai_note"", ""rule_group"": ""ai_note"", ""lexicon_risk"": ""ai_note""}","{""path"": ""resource-reviews-v1/relations/snapshots/28cd3f73e884e1decd10f3a04a7425e2a90acfe024694948c735b61124ea9f6f/reviews.json"", ""sha256"": ""28cd3f73e884e1decd10f3a04a7425e2a90acfe024694948c735b61124ea9f6f""}"
relation:5086:2747,relation,,,,,,,,partial,none,partial,partial,yes,explicit_user_bulk_acceptance,"{""topic_hate"": ""ai_note"", ""topic_group"": ""ai_note"", ""rule_hate"": ""ai_note"", ""rule_group"": ""ai_note"", ""lexicon_risk"": ""ai_note""}","{""path"": ""resource-reviews-v1/relations/snapshots/28cd3f73e884e1decd10f3a04a7425e2a90acfe024694948c735b61124ea9f6f/reviews.json"", ""sha256"": ""28cd3f73e884e1decd10f3a04a7425e2a90acfe024694948c735b61124ea9f6f""}"
relation:5086:5113,relation,,,,,,,,partial,partial,none,direct,yes,explicit_user_bulk_acceptance,"{""topic_hate"": ""ai_note"", ""topic_group"": ""ai_note"", ""rule_hate"": ""ai_note"", ""rule_group"": ""ai_note"", ""lexicon_risk"": ""ai_note""}","{""path"": ""resource-reviews-v1/relations/snapshots/28cd3f73e884e1decd10f3a04a7425e2a90acfe024694948c735b61124ea9f6f/reviews.json"", ""sha256"": ""28cd3f73e884e1decd10f3a04a7425e2a90acfe024694948c735b61124ea9f6f""}"
relation:5086:5416,relation,,,,,,,,direct,direct,partial,direct,yes,explicit_user_bulk_acceptance,"{""topic_hate"": ""ai_note"", ""topic_group"": ""ai_note"", ""rule_hate"": ""ai_note"", ""rule_group"": ""ai_note"", ""lexicon_risk"": ""ai_note""}","{""path"": ""resource-reviews-v1/relations/snapshots/28cd3f73e884e1decd10f3a04a7425e2a90acfe024694948c735b61124ea9f6f/reviews.json"", ""sha256"": ""28cd3f73e884e1decd10f3a04a7425e2a90acfe024694948c735b61124ea9f6f""}"
relation:5086:6006,relation,,,,,,,,partial,none,partial,partial,yes,explicit_user_bulk_acceptance,"{""topic_hate"": ""ai_note"", ""topic_group"": ""ai_note"", ""rule_hate"": ""ai_note"", ""rule_group"": ""ai_note"", ""lexicon_risk"": ""ai_note""}","{""path"": ""resource-reviews-v1/relations/snapshots/28cd3f73e884e1decd10f3a04a7425e2a90acfe024694948c735b61124ea9f6f/reviews.json"", ""sha256"": ""28cd3f73e884e1decd10f3a04a7425e2a90acfe024694948c735b61124ea9f6f""}"
relation:5086:7248,relation,,,,,,,,direct,direct,partial,direct,yes,explicit_user_bulk_acceptance,"{""topic_hate"": ""user_discussion"", ""topic_group"": ""user_discussion"", ""rule_hate"": ""ai_note"", ""rule_group"": ""ai_note"", ""lexicon_risk"": ""user_discussion""}","{""path"": ""resource-reviews-v1/relations/snapshots/28cd3f73e884e1decd10f3a04a7425e2a90acfe024694948c735b61124ea9f6f/reviews.json"", ""sha256"": ""28cd3f73e884e1decd10f3a04a7425e2a90acfe024694948c735b61124ea9f6f""}"
relation:5086:7464,relation,,,,,,,,direct,direct,direct,direct,no,explicit_user_bulk_acceptance,"{""topic_hate"": ""ai_note"", ""topic_group"": ""ai_note"", ""rule_hate"": ""ai_note"", ""rule_group"": ""ai_note"", ""lexicon_risk"": ""ai_note""}","{""path"": ""resource-reviews-v1/relations/snapshots/28cd3f73e884e1decd10f3a04a7425e2a90acfe024694948c735b61124ea9f6f/reviews.json"", ""sha256"": ""28cd3f73e884e1decd10f3a04a7425e2a90acfe024694948c735b61124ea9f6f""}"
relation:5423:1376,relation,,,,,,,,partial,none,partial,none,no,explicit_user_bulk_acceptance,"{""topic_hate"": ""ai_note"", ""topic_group"": ""ai_note"", ""rule_hate"": ""ai_note"", ""rule_group"": ""ai_note"", ""lexicon_risk"": ""ai_note""}","{""path"": ""resource-reviews-v1/relations/snapshots/28cd3f73e884e1decd10f3a04a7425e2a90acfe024694948c735b61124ea9f6f/reviews.json"", ""sha256"": ""28cd3f73e884e1decd10f3a04a7425e2a90acfe024694948c735b61124ea9f6f""}"
relation:5423:229,relation,,,,,,,,direct,partial,partial,partial,no,explicit_user_bulk_acceptance,"{""topic_hate"": ""ai_note"", ""topic_group"": ""ai_note"", ""rule_hate"": ""ai_note"", ""rule_group"": ""ai_note"", ""lexicon_risk"": ""ai_note""}","{""path"": ""resource-reviews-v1/relations/snapshots/28cd3f73e884e1decd10f3a04a7425e2a90acfe024694948c735b61124ea9f6f/reviews.json"", ""sha256"": ""28cd3f73e884e1decd10f3a04a7425e2a90acfe024694948c735b61124ea9f6f""}"
relation:5423:2531,relation,,,,,,,,partial,direct,none,direct,no,explicit_user_bulk_acceptance,"{""topic_hate"": ""ai_note"", ""topic_group"": ""ai_note"", ""rule_hate"": ""ai_note"", ""rule_group"": ""ai_note"", ""lexicon_risk"": ""ai_note""}","{""path"": ""resource-reviews-v1/relations/snapshots/28cd3f73e884e1decd10f3a04a7425e2a90acfe024694948c735b61124ea9f6f/reviews.json"", ""sha256"": ""28cd3f73e884e1decd10f3a04a7425e2a90acfe024694948c735b61124ea9f6f""}"
relation:5423:3448,relation,,,,,,,,direct,partial,partial,partial,no,explicit_user_bulk_acceptance,"{""topic_hate"": ""ai_note"", ""topic_group"": ""ai_note"", ""rule_hate"": ""ai_note"", ""rule_group"": ""ai_note"", ""lexicon_risk"": ""ai_note""}","{""path"": ""resource-reviews-v1/relations/snapshots/28cd3f73e884e1decd10f3a04a7425e2a90acfe024694948c735b61124ea9f6f/reviews.json"", ""sha256"": ""28cd3f73e884e1decd10f3a04a7425e2a90acfe024694948c735b61124ea9f6f""}"
relation:5423:4690,relation,,,,,,,,none,none,none,none,yes,explicit_user_bulk_acceptance,"{""topic_hate"": ""ai_note"", ""topic_group"": ""ai_note"", ""rule_hate"": ""ai_note"", ""rule_group"": ""ai_note"", ""lexicon_risk"": ""ai_note""}","{""path"": ""resource-reviews-v1/relations/snapshots/28cd3f73e884e1decd10f3a04a7425e2a90acfe024694948c735b61124ea9f6f/reviews.json"", ""sha256"": ""28cd3f73e884e1decd10f3a04a7425e2a90acfe024694948c735b61124ea9f6f""}"
relation:5423:5676,relation,,,,,,,,direct,partial,partial,partial,no,explicit_user_bulk_acceptance,"{""topic_hate"": ""ai_note"", ""topic_group"": ""ai_note"", ""rule_hate"": ""ai_note"", ""rule_group"": ""ai_note"", ""lexicon_risk"": ""ai_note""}","{""path"": ""resource-reviews-v1/relations/snapshots/28cd3f73e884e1decd10f3a04a7425e2a90acfe024694948c735b61124ea9f6f/reviews.json"", ""sha256"": ""28cd3f73e884e1decd10f3a04a7425e2a90acfe024694948c735b61124ea9f6f""}"
relation:5423:5690,relation,,,,,,,,direct,direct,direct,partial,yes,explicit_user_bulk_acceptance,"{""topic_hate"": ""ai_note"", ""topic_group"": ""ai_note"", ""rule_hate"": ""ai_note"", ""rule_group"": ""ai_note"", ""lexicon_risk"": ""ai_note""}","{""path"": ""resource-reviews-v1/relations/snapshots/28cd3f73e884e1decd10f3a04a7425e2a90acfe024694948c735b61124ea9f6f/reviews.json"", ""sha256"": ""28cd3f73e884e1decd10f3a04a7425e2a90acfe024694948c735b61124ea9f6f""}"
relation:5423:5819,relation,,,,,,,,direct,direct,partial,direct,yes,explicit_user_bulk_acceptance,"{""topic_hate"": ""ai_note"", ""topic_group"": ""ai_note"", ""rule_hate"": ""ai_note"", ""rule_group"": ""ai_note"", ""lexicon_risk"": ""ai_note""}","{""path"": ""resource-reviews-v1/relations/snapshots/28cd3f73e884e1decd10f3a04a7425e2a90acfe024694948c735b61124ea9f6f/reviews.json"", ""sha256"": ""28cd3f73e884e1decd10f3a04a7425e2a90acfe024694948c735b61124ea9f6f""}"
relation:5423:5998,relation,,,,,,,,partial,partial,partial,partial,yes,explicit_user_bulk_acceptance,"{""topic_hate"": ""ai_note"", ""topic_group"": ""ai_note"", ""rule_hate"": ""ai_note"", ""rule_group"": ""ai_note"", ""lexicon_risk"": ""ai_note""}","{""path"": ""resource-reviews-v1/relations/snapshots/28cd3f73e884e1decd10f3a04a7425e2a90acfe024694948c735b61124ea9f6f/reviews.json"", ""sha256"": ""28cd3f73e884e1decd10f3a04a7425e2a90acfe024694948c735b61124ea9f6f""}"
relation:5423:771,relation,,,,,,,,direct,direct,partial,direct,yes,explicit_user_bulk_acceptance,"{""topic_hate"": ""ai_note"", ""topic_group"": ""ai_note"", ""rule_hate"": ""ai_note"", ""rule_group"": ""ai_note"", ""lexicon_risk"": ""ai_note""}","{""path"": ""resource-reviews-v1/relations/snapshots/28cd3f73e884e1decd10f3a04a7425e2a90acfe024694948c735b61124ea9f6f/reviews.json"", ""sha256"": ""28cd3f73e884e1decd10f3a04a7425e2a90acfe024694948c735b61124ea9f6f""}"
relation:554:1242,relation,,,,,,,,partial,partial,partial,partial,yes,explicit_user_bulk_acceptance,"{""topic_hate"": ""ai_note"", ""topic_group"": ""ai_note"", ""rule_hate"": ""ai_note"", ""rule_group"": ""ai_note"", ""lexicon_risk"": ""ai_note""}","{""path"": ""resource-reviews-v1/relations/snapshots/28cd3f73e884e1decd10f3a04a7425e2a90acfe024694948c735b61124ea9f6f/reviews.json"", ""sha256"": ""28cd3f73e884e1decd10f3a04a7425e2a90acfe024694948c735b61124ea9f6f""}"
relation:554:1289,relation,,,,,,,,partial,direct,partial,none,no,explicit_user_bulk_acceptance,"{""topic_hate"": ""ai_note"", ""topic_group"": ""ai_note"", ""rule_hate"": ""ai_note"", ""rule_group"": ""ai_note"", ""lexicon_risk"": ""ai_note""}","{""path"": ""resource-reviews-v1/relations/snapshots/28cd3f73e884e1decd10f3a04a7425e2a90acfe024694948c735b61124ea9f6f/reviews.json"", ""sha256"": ""28cd3f73e884e1decd10f3a04a7425e2a90acfe024694948c735b61124ea9f6f""}"
relation:554:2773,relation,,,,,,,,partial,partial,partial,partial,no,explicit_user_bulk_acceptance,"{""topic_hate"": ""ai_note"", ""topic_group"": ""ai_note"", ""rule_hate"": ""ai_note"", ""rule_group"": ""ai_note"", ""lexicon_risk"": ""ai_note""}","{""path"": ""resource-reviews-v1/relations/snapshots/28cd3f73e884e1decd10f3a04a7425e2a90acfe024694948c735b61124ea9f6f/reviews.json"", ""sha256"": ""28cd3f73e884e1decd10f3a04a7425e2a90acfe024694948c735b61124ea9f6f""}"
relation:554:3652,relation,,,,,,,,partial,partial,partial,none,no,explicit_user_bulk_acceptance,"{""topic_hate"": ""ai_note"", ""topic_group"": ""ai_note"", ""rule_hate"": ""ai_note"", ""rule_group"": ""ai_note"", ""lexicon_risk"": ""ai_note""}","{""path"": ""resource-reviews-v1/relations/snapshots/28cd3f73e884e1decd10f3a04a7425e2a90acfe024694948c735b61124ea9f6f/reviews.json"", ""sha256"": ""28cd3f73e884e1decd10f3a04a7425e2a90acfe024694948c735b61124ea9f6f""}"
relation:554:4744,relation,,,,,,,,partial,none,partial,partial,no,explicit_user_bulk_acceptance,"{""topic_hate"": ""ai_note"", ""topic_group"": ""ai_note"", ""rule_hate"": ""ai_note"", ""rule_group"": ""ai_note"", ""lexicon_risk"": ""ai_note""}","{""path"": ""resource-reviews-v1/relations/snapshots/28cd3f73e884e1decd10f3a04a7425e2a90acfe024694948c735b61124ea9f6f/reviews.json"", ""sha256"": ""28cd3f73e884e1decd10f3a04a7425e2a90acfe024694948c735b61124ea9f6f""}"
relation:554:5535,relation,,,,,,,,direct,direct,partial,direct,yes,explicit_user_bulk_acceptance,"{""topic_hate"": ""ai_note"", ""topic_group"": ""ai_note"", ""rule_hate"": ""ai_note"", ""rule_group"": ""ai_note"", ""lexicon_risk"": ""ai_note""}","{""path"": ""resource-reviews-v1/relations/snapshots/28cd3f73e884e1decd10f3a04a7425e2a90acfe024694948c735b61124ea9f6f/reviews.json"", ""sha256"": ""28cd3f73e884e1decd10f3a04a7425e2a90acfe024694948c735b61124ea9f6f""}"
relation:554:5868,relation,,,,,,,,partial,partial,partial,partial,no,explicit_user_bulk_acceptance,"{""topic_hate"": ""ai_note"", ""topic_group"": ""ai_note"", ""rule_hate"": ""ai_note"", ""rule_group"": ""ai_note"", ""lexicon_risk"": ""ai_note""}","{""path"": ""resource-reviews-v1/relations/snapshots/28cd3f73e884e1decd10f3a04a7425e2a90acfe024694948c735b61124ea9f6f/reviews.json"", ""sha256"": ""28cd3f73e884e1decd10f3a04a7425e2a90acfe024694948c735b61124ea9f6f""}"
relation:554:649,relation,,,,,,,,direct,direct,partial,direct,no,explicit_user_bulk_acceptance,"{""topic_hate"": ""ai_note"", ""topic_group"": ""ai_note"", ""rule_hate"": ""ai_note"", ""rule_group"": ""ai_note"", ""lexicon_risk"": ""ai_note""}","{""path"": ""resource-reviews-v1/relations/snapshots/28cd3f73e884e1decd10f3a04a7425e2a90acfe024694948c735b61124ea9f6f/reviews.json"", ""sha256"": ""28cd3f73e884e1decd10f3a04a7425e2a90acfe024694948c735b61124ea9f6f""}"
relation:554:6553,relation,,,,,,,,partial,partial,none,none,no,explicit_user_bulk_acceptance,"{""topic_hate"": ""ai_note"", ""topic_group"": ""ai_note"", ""rule_hate"": ""ai_note"", ""rule_group"": ""ai_note"", ""lexicon_risk"": ""ai_note""}","{""path"": ""resource-reviews-v1/relations/snapshots/28cd3f73e884e1decd10f3a04a7425e2a90acfe024694948c735b61124ea9f6f/reviews.json"", ""sha256"": ""28cd3f73e884e1decd10f3a04a7425e2a90acfe024694948c735b61124ea9f6f""}"
relation:554:796,relation,,,,,,,,direct,direct,partial,direct,no,explicit_user_bulk_acceptance,"{""topic_hate"": ""ai_note"", ""topic_group"": ""ai_note"", ""rule_hate"": ""ai_note"", ""rule_group"": ""ai_note"", ""lexicon_risk"": ""ai_note""}","{""path"": ""resource-reviews-v1/relations/snapshots/28cd3f73e884e1decd10f3a04a7425e2a90acfe024694948c735b61124ea9f6f/reviews.json"", ""sha256"": ""28cd3f73e884e1decd10f3a04a7425e2a90acfe024694948c735b61124ea9f6f""}"
relation:6037:2655,relation,,,,,,,,none,none,none,none,no,explicit_user_bulk_acceptance,"{""topic_hate"": ""ai_note"", ""topic_group"": ""ai_note"", ""rule_hate"": ""ai_note"", ""rule_group"": ""ai_note"", ""lexicon_risk"": ""ai_note""}","{""path"": ""resource-reviews-v1/relations/snapshots/28cd3f73e884e1decd10f3a04a7425e2a90acfe024694948c735b61124ea9f6f/reviews.json"", ""sha256"": ""28cd3f73e884e1decd10f3a04a7425e2a90acfe024694948c735b61124ea9f6f""}"
relation:6037:3194,relation,,,,,,,,none,none,none,none,no,explicit_user_bulk_acceptance,"{""topic_hate"": ""user_discussion"", ""topic_group"": ""ai_note"", ""rule_hate"": ""ai_note"", ""rule_group"": ""ai_note"", ""lexicon_risk"": ""ai_note""}","{""path"": ""resource-reviews-v1/relations/snapshots/28cd3f73e884e1decd10f3a04a7425e2a90acfe024694948c735b61124ea9f6f/reviews.json"", ""sha256"": ""28cd3f73e884e1decd10f3a04a7425e2a90acfe024694948c735b61124ea9f6f""}"
relation:6037:3529,relation,,,,,,,,direct,direct,partial,direct,no,explicit_user_bulk_acceptance,"{""topic_hate"": ""ai_note"", ""topic_group"": ""ai_note"", ""rule_hate"": ""ai_note"", ""rule_group"": ""ai_note"", ""lexicon_risk"": ""ai_note""}","{""path"": ""resource-reviews-v1/relations/snapshots/28cd3f73e884e1decd10f3a04a7425e2a90acfe024694948c735b61124ea9f6f/reviews.json"", ""sha256"": ""28cd3f73e884e1decd10f3a04a7425e2a90acfe024694948c735b61124ea9f6f""}"
relation:6037:478,relation,,,,,,,,direct,direct,partial,direct,no,explicit_user_bulk_acceptance,"{""topic_hate"": ""ai_note"", ""topic_group"": ""ai_note"", ""rule_hate"": ""ai_note"", ""rule_group"": ""ai_note"", ""lexicon_risk"": ""ai_note""}","{""path"": ""resource-reviews-v1/relations/snapshots/28cd3f73e884e1decd10f3a04a7425e2a90acfe024694948c735b61124ea9f6f/reviews.json"", ""sha256"": ""28cd3f73e884e1decd10f3a04a7425e2a90acfe024694948c735b61124ea9f6f""}"
relation:6037:5230,relation,,,,,,,,none,none,none,none,yes,explicit_user_bulk_acceptance,"{""topic_hate"": ""ai_note"", ""topic_group"": ""ai_note"", ""rule_hate"": ""ai_note"", ""rule_group"": ""ai_note"", ""lexicon_risk"": ""ai_note""}","{""path"": ""resource-reviews-v1/relations/snapshots/28cd3f73e884e1decd10f3a04a7425e2a90acfe024694948c735b61124ea9f6f/reviews.json"", ""sha256"": ""28cd3f73e884e1decd10f3a04a7425e2a90acfe024694948c735b61124ea9f6f""}"
relation:6037:528,relation,,,,,,,,direct,direct,partial,direct,yes,explicit_user_bulk_acceptance,"{""topic_hate"": ""ai_note"", ""topic_group"": ""ai_note"", ""rule_hate"": ""ai_note"", ""rule_group"": ""ai_note"", ""lexicon_risk"": ""ai_note""}","{""path"": ""resource-reviews-v1/relations/snapshots/28cd3f73e884e1decd10f3a04a7425e2a90acfe024694948c735b61124ea9f6f/reviews.json"", ""sha256"": ""28cd3f73e884e1decd10f3a04a7425e2a90acfe024694948c735b61124ea9f6f""}"
relation:6037:5408,relation,,,,,,,,direct,direct,direct,direct,no,explicit_user_bulk_acceptance,"{""topic_hate"": ""ai_note"", ""topic_group"": ""ai_note"", ""rule_hate"": ""ai_note"", ""rule_group"": ""ai_note"", ""lexicon_risk"": ""ai_note""}","{""path"": ""resource-reviews-v1/relations/snapshots/28cd3f73e884e1decd10f3a04a7425e2a90acfe024694948c735b61124ea9f6f/reviews.json"", ""sha256"": ""28cd3f73e884e1decd10f3a04a7425e2a90acfe024694948c735b61124ea9f6f""}"
relation:6037:5507,relation,,,,,,,,direct,direct,direct,direct,no,explicit_user_bulk_acceptance,"{""topic_hate"": ""ai_note"", ""topic_group"": ""ai_note"", ""rule_hate"": ""ai_note"", ""rule_group"": ""ai_note"", ""lexicon_risk"": ""ai_note""}","{""path"": ""resource-reviews-v1/relations/snapshots/28cd3f73e884e1decd10f3a04a7425e2a90acfe024694948c735b61124ea9f6f/reviews.json"", ""sha256"": ""28cd3f73e884e1decd10f3a04a7425e2a90acfe024694948c735b61124ea9f6f""}"
relation:6037:6469,relation,,,,,,,,none,none,none,none,no,explicit_user_bulk_acceptance,"{""topic_hate"": ""ai_note"", ""topic_group"": ""ai_note"", ""rule_hate"": ""ai_note"", ""rule_group"": ""ai_note"", ""lexicon_risk"": ""ai_note""}","{""path"": ""resource-reviews-v1/relations/snapshots/28cd3f73e884e1decd10f3a04a7425e2a90acfe024694948c735b61124ea9f6f/reviews.json"", ""sha256"": ""28cd3f73e884e1decd10f3a04a7425e2a90acfe024694948c735b61124ea9f6f""}"
relation:6037:877,relation,,,,,,,,partial,none,partial,none,no,explicit_user_bulk_acceptance,"{""topic_hate"": ""ai_note"", ""topic_group"": ""ai_note"", ""rule_hate"": ""ai_note"", ""rule_group"": ""ai_note"", ""lexicon_risk"": ""ai_note""}","{""path"": ""resource-reviews-v1/relations/snapshots/28cd3f73e884e1decd10f3a04a7425e2a90acfe024694948c735b61124ea9f6f/reviews.json"", ""sha256"": ""28cd3f73e884e1decd10f3a04a7425e2a90acfe024694948c735b61124ea9f6f""}"
relation:61:1294,relation,,,,,,,,none,none,none,none,yes,explicit_user_bulk_acceptance,"{""topic_hate"": ""ai_note"", ""topic_group"": ""ai_note"", ""rule_hate"": ""ai_note"", ""rule_group"": ""ai_note"", ""lexicon_risk"": ""ai_note""}","{""path"": ""resource-reviews-v1/relations/snapshots/28cd3f73e884e1decd10f3a04a7425e2a90acfe024694948c735b61124ea9f6f/reviews.json"", ""sha256"": ""28cd3f73e884e1decd10f3a04a7425e2a90acfe024694948c735b61124ea9f6f""}"
relation:61:1815,relation,,,,,,,,direct,direct,direct,direct,no,explicit_user_bulk_acceptance,"{""topic_hate"": ""ai_note"", ""topic_group"": ""ai_note"", ""rule_hate"": ""ai_note"", ""rule_group"": ""ai_note"", ""lexicon_risk"": ""ai_note""}","{""path"": ""resource-reviews-v1/relations/snapshots/28cd3f73e884e1decd10f3a04a7425e2a90acfe024694948c735b61124ea9f6f/reviews.json"", ""sha256"": ""28cd3f73e884e1decd10f3a04a7425e2a90acfe024694948c735b61124ea9f6f""}"
relation:61:3463,relation,,,,,,,,partial,none,partial,none,yes,explicit_user_bulk_acceptance,"{""topic_hate"": ""ai_note"", ""topic_group"": ""ai_note"", ""rule_hate"": ""ai_note"", ""rule_group"": ""ai_note"", ""lexicon_risk"": ""ai_note""}","{""path"": ""resource-reviews-v1/relations/snapshots/28cd3f73e884e1decd10f3a04a7425e2a90acfe024694948c735b61124ea9f6f/reviews.json"", ""sha256"": ""28cd3f73e884e1decd10f3a04a7425e2a90acfe024694948c735b61124ea9f6f""}"
relation:61:3517,relation,,,,,,,,none,none,none,none,yes,explicit_user_bulk_acceptance,"{""topic_hate"": ""ai_note"", ""topic_group"": ""ai_note"", ""rule_hate"": ""ai_note"", ""rule_group"": ""ai_note"", ""lexicon_risk"": ""ai_note""}","{""path"": ""resource-reviews-v1/relations/snapshots/28cd3f73e884e1decd10f3a04a7425e2a90acfe024694948c735b61124ea9f6f/reviews.json"", ""sha256"": ""28cd3f73e884e1decd10f3a04a7425e2a90acfe024694948c735b61124ea9f6f""}"
relation:61:5713,relation,,,,,,,,none,none,none,none,no,explicit_user_bulk_acceptance,"{""topic_hate"": ""ai_note"", ""topic_group"": ""ai_note"", ""rule_hate"": ""ai_note"", ""rule_group"": ""ai_note"", ""lexicon_risk"": ""ai_note""}","{""path"": ""resource-reviews-v1/relations/snapshots/28cd3f73e884e1decd10f3a04a7425e2a90acfe024694948c735b61124ea9f6f/reviews.json"", ""sha256"": ""28cd3f73e884e1decd10f3a04a7425e2a90acfe024694948c735b61124ea9f6f""}"
relation:61:5900,relation,,,,,,,,none,none,none,none,no,explicit_user_bulk_acceptance,"{""topic_hate"": ""ai_note"", ""topic_group"": ""ai_note"", ""rule_hate"": ""ai_note"", ""rule_group"": ""ai_note"", ""lexicon_risk"": ""ai_note""}","{""path"": ""resource-reviews-v1/relations/snapshots/28cd3f73e884e1decd10f3a04a7425e2a90acfe024694948c735b61124ea9f6f/reviews.json"", ""sha256"": ""28cd3f73e884e1decd10f3a04a7425e2a90acfe024694948c735b61124ea9f6f""}"
relation:61:7253,relation,,,,,,,,partial,none,none,none,yes,explicit_user_bulk_acceptance,"{""topic_hate"": ""ai_note"", ""topic_group"": ""ai_note"", ""rule_hate"": ""ai_note"", ""rule_group"": ""ai_note"", ""lexicon_risk"": ""ai_note""}","{""path"": ""resource-reviews-v1/relations/snapshots/28cd3f73e884e1decd10f3a04a7425e2a90acfe024694948c735b61124ea9f6f/reviews.json"", ""sha256"": ""28cd3f73e884e1decd10f3a04a7425e2a90acfe024694948c735b61124ea9f6f""}"
relation:61:7910,relation,,,,,,,,none,none,none,none,no,explicit_user_bulk_acceptance,"{""topic_hate"": ""ai_note"", ""topic_group"": ""ai_note"", ""rule_hate"": ""ai_note"", ""rule_group"": ""ai_note"", ""lexicon_risk"": ""ai_note""}","{""path"": ""resource-reviews-v1/relations/snapshots/28cd3f73e884e1decd10f3a04a7425e2a90acfe024694948c735b61124ea9f6f/reviews.json"", ""sha256"": ""28cd3f73e884e1decd10f3a04a7425e2a90acfe024694948c735b61124ea9f6f""}"
relation:61:924,relation,,,,,,,,direct,direct,partial,direct,yes,explicit_user_bulk_acceptance,"{""topic_hate"": ""ai_note"", ""topic_group"": ""ai_note"", ""rule_hate"": ""ai_note"", ""rule_group"": ""ai_note"", ""lexicon_risk"": ""ai_note""}","{""path"": ""resource-reviews-v1/relations/snapshots/28cd3f73e884e1decd10f3a04a7425e2a90acfe024694948c735b61124ea9f6f/reviews.json"", ""sha256"": ""28cd3f73e884e1decd10f3a04a7425e2a90acfe024694948c735b61124ea9f6f""}"
relation:61:996,relation,,,,,,,,direct,direct,partial,direct,no,explicit_user_bulk_acceptance,"{""topic_hate"": ""ai_note"", ""topic_group"": ""ai_note"", ""rule_hate"": ""ai_note"", ""rule_group"": ""ai_note"", ""lexicon_risk"": ""ai_note""}","{""path"": ""resource-reviews-v1/relations/snapshots/28cd3f73e884e1decd10f3a04a7425e2a90acfe024694948c735b61124ea9f6f/reviews.json"", ""sha256"": ""28cd3f73e884e1decd10f3a04a7425e2a90acfe024694948c735b61124ea9f6f""}"
relation:7244:179,relation,,,,,,,,none,none,partial,none,yes,explicit_user_bulk_acceptance,"{""topic_hate"": ""ai_note"", ""topic_group"": ""ai_note"", ""rule_hate"": ""ai_note"", ""rule_group"": ""ai_note"", ""lexicon_risk"": ""ai_note""}","{""path"": ""resource-reviews-v1/relations/snapshots/28cd3f73e884e1decd10f3a04a7425e2a90acfe024694948c735b61124ea9f6f/reviews.json"", ""sha256"": ""28cd3f73e884e1decd10f3a04a7425e2a90acfe024694948c735b61124ea9f6f""}"
relation:7244:2054,relation,,,,,,,,none,none,none,none,no,explicit_user_bulk_acceptance,"{""topic_hate"": ""ai_note"", ""topic_group"": ""ai_note"", ""rule_hate"": ""ai_note"", ""rule_group"": ""ai_note"", ""lexicon_risk"": ""ai_note""}","{""path"": ""resource-reviews-v1/relations/snapshots/28cd3f73e884e1decd10f3a04a7425e2a90acfe024694948c735b61124ea9f6f/reviews.json"", ""sha256"": ""28cd3f73e884e1decd10f3a04a7425e2a90acfe024694948c735b61124ea9f6f""}"
relation:7244:2101,relation,,,,,,,,none,none,none,none,yes,explicit_user_bulk_acceptance,"{""topic_hate"": ""ai_note"", ""topic_group"": ""ai_note"", ""rule_hate"": ""ai_note"", ""rule_group"": ""ai_note"", ""lexicon_risk"": ""ai_note""}","{""path"": ""resource-reviews-v1/relations/snapshots/28cd3f73e884e1decd10f3a04a7425e2a90acfe024694948c735b61124ea9f6f/reviews.json"", ""sha256"": ""28cd3f73e884e1decd10f3a04a7425e2a90acfe024694948c735b61124ea9f6f""}"
relation:7244:309,relation,,,,,,,,none,none,none,none,no,explicit_user_bulk_acceptance,"{""topic_hate"": ""ai_note"", ""topic_group"": ""ai_note"", ""rule_hate"": ""ai_note"", ""rule_group"": ""ai_note"", ""lexicon_risk"": ""ai_note""}","{""path"": ""resource-reviews-v1/relations/snapshots/28cd3f73e884e1decd10f3a04a7425e2a90acfe024694948c735b61124ea9f6f/reviews.json"", ""sha256"": ""28cd3f73e884e1decd10f3a04a7425e2a90acfe024694948c735b61124ea9f6f""}"
relation:7244:4392,relation,,,,,,,,partial,none,partial,partial,yes,explicit_user_bulk_acceptance,"{""topic_hate"": ""ai_note"", ""topic_group"": ""ai_note"", ""rule_hate"": ""ai_note"", ""rule_group"": ""ai_note"", ""lexicon_risk"": ""ai_note""}","{""path"": ""resource-reviews-v1/relations/snapshots/28cd3f73e884e1decd10f3a04a7425e2a90acfe024694948c735b61124ea9f6f/reviews.json"", ""sha256"": ""28cd3f73e884e1decd10f3a04a7425e2a90acfe024694948c735b61124ea9f6f""}"
relation:7244:5282,relation,,,,,,,,direct,direct,partial,direct,yes,explicit_user_bulk_acceptance,"{""topic_hate"": ""ai_note"", ""topic_group"": ""ai_note"", ""rule_hate"": ""ai_note"", ""rule_group"": ""ai_note"", ""lexicon_risk"": ""ai_note""}","{""path"": ""resource-reviews-v1/relations/snapshots/28cd3f73e884e1decd10f3a04a7425e2a90acfe024694948c735b61124ea9f6f/reviews.json"", ""sha256"": ""28cd3f73e884e1decd10f3a04a7425e2a90acfe024694948c735b61124ea9f6f""}"
relation:7244:6263,relation,,,,,,,,none,none,none,none,no,explicit_user_bulk_acceptance,"{""topic_hate"": ""ai_note"", ""topic_group"": ""ai_note"", ""rule_hate"": ""ai_note"", ""rule_group"": ""ai_note"", ""lexicon_risk"": ""ai_note""}","{""path"": ""resource-reviews-v1/relations/snapshots/28cd3f73e884e1decd10f3a04a7425e2a90acfe024694948c735b61124ea9f6f/reviews.json"", ""sha256"": ""28cd3f73e884e1decd10f3a04a7425e2a90acfe024694948c735b61124ea9f6f""}"
relation:7244:6931,relation,,,,,,,,direct,direct,partial,partial,no,explicit_user_bulk_acceptance,"{""topic_hate"": ""ai_note"", ""topic_group"": ""ai_note"", ""rule_hate"": ""ai_note"", ""rule_group"": ""ai_note"", ""lexicon_risk"": ""ai_note""}","{""path"": ""resource-reviews-v1/relations/snapshots/28cd3f73e884e1decd10f3a04a7425e2a90acfe024694948c735b61124ea9f6f/reviews.json"", ""sha256"": ""28cd3f73e884e1decd10f3a04a7425e2a90acfe024694948c735b61124ea9f6f""}"
relation:7244:7232,relation,,,,,,,,direct,direct,partial,direct,yes,explicit_user_bulk_acceptance,"{""topic_hate"": ""ai_note"", ""topic_group"": ""ai_note"", ""rule_hate"": ""ai_note"", ""rule_group"": ""ai_note"", ""lexicon_risk"": ""ai_note""}","{""path"": ""resource-reviews-v1/relations/snapshots/28cd3f73e884e1decd10f3a04a7425e2a90acfe024694948c735b61124ea9f6f/reviews.json"", ""sha256"": ""28cd3f73e884e1decd10f3a04a7425e2a90acfe024694948c735b61124ea9f6f""}"
relation:7244:7434,relation,,,,,,,,partial,none,partial,partial,no,explicit_user_bulk_acceptance,"{""topic_hate"": ""ai_note"", ""topic_group"": ""ai_note"", ""rule_hate"": ""ai_note"", ""rule_group"": ""ai_note"", ""lexicon_risk"": ""ai_note""}","{""path"": ""resource-reviews-v1/relations/snapshots/28cd3f73e884e1decd10f3a04a7425e2a90acfe024694948c735b61124ea9f6f/reviews.json"", ""sha256"": ""28cd3f73e884e1decd10f3a04a7425e2a90acfe024694948c735b61124ea9f6f""}"
relation:7285:100,relation,,,,,,,,partial,partial,partial,partial,no,explicit_user_bulk_acceptance,"{""topic_hate"": ""ai_note"", ""topic_group"": ""ai_note"", ""rule_hate"": ""ai_note"", ""rule_group"": ""ai_note"", ""lexicon_risk"": ""ai_note""}","{""path"": ""resource-reviews-v1/relations/snapshots/28cd3f73e884e1decd10f3a04a7425e2a90acfe024694948c735b61124ea9f6f/reviews.json"", ""sha256"": ""28cd3f73e884e1decd10f3a04a7425e2a90acfe024694948c735b61124ea9f6f""}"
relation:7285:1035,relation,,,,,,,,partial,direct,direct,direct,no,explicit_user_bulk_acceptance,"{""topic_hate"": ""ai_note"", ""topic_group"": ""ai_note"", ""rule_hate"": ""ai_note"", ""rule_group"": ""ai_note"", ""lexicon_risk"": ""ai_note""}","{""path"": ""resource-reviews-v1/relations/snapshots/28cd3f73e884e1decd10f3a04a7425e2a90acfe024694948c735b61124ea9f6f/reviews.json"", ""sha256"": ""28cd3f73e884e1decd10f3a04a7425e2a90acfe024694948c735b61124ea9f6f""}"
relation:7285:1660,relation,,,,,,,,partial,partial,partial,direct,no,explicit_user_bulk_acceptance,"{""topic_hate"": ""ai_note"", ""topic_group"": ""ai_note"", ""rule_hate"": ""ai_note"", ""rule_group"": ""ai_note"", ""lexicon_risk"": ""ai_note""}","{""path"": ""resource-reviews-v1/relations/snapshots/28cd3f73e884e1decd10f3a04a7425e2a90acfe024694948c735b61124ea9f6f/reviews.json"", ""sha256"": ""28cd3f73e884e1decd10f3a04a7425e2a90acfe024694948c735b61124ea9f6f""}"
relation:7285:2091,relation,,,,,,,,partial,direct,partial,direct,no,explicit_user_bulk_acceptance,"{""topic_hate"": ""ai_note"", ""topic_group"": ""ai_note"", ""rule_hate"": ""ai_note"", ""rule_group"": ""ai_note"", ""lexicon_risk"": ""ai_note""}","{""path"": ""resource-reviews-v1/relations/snapshots/28cd3f73e884e1decd10f3a04a7425e2a90acfe024694948c735b61124ea9f6f/reviews.json"", ""sha256"": ""28cd3f73e884e1decd10f3a04a7425e2a90acfe024694948c735b61124ea9f6f""}"
relation:7285:2180,relation,,,,,,,,direct,direct,partial,direct,no,explicit_user_bulk_acceptance,"{""topic_hate"": ""ai_note"", ""topic_group"": ""ai_note"", ""rule_hate"": ""ai_note"", ""rule_group"": ""ai_note"", ""lexicon_risk"": ""ai_note""}","{""path"": ""resource-reviews-v1/relations/snapshots/28cd3f73e884e1decd10f3a04a7425e2a90acfe024694948c735b61124ea9f6f/reviews.json"", ""sha256"": ""28cd3f73e884e1decd10f3a04a7425e2a90acfe024694948c735b61124ea9f6f""}"
relation:7285:2517,relation,,,,,,,,partial,none,partial,partial,no,explicit_user_bulk_acceptance,"{""topic_hate"": ""ai_note"", ""topic_group"": ""ai_note"", ""rule_hate"": ""ai_note"", ""rule_group"": ""ai_note"", ""lexicon_risk"": ""ai_note""}","{""path"": ""resource-reviews-v1/relations/snapshots/28cd3f73e884e1decd10f3a04a7425e2a90acfe024694948c735b61124ea9f6f/reviews.json"", ""sha256"": ""28cd3f73e884e1decd10f3a04a7425e2a90acfe024694948c735b61124ea9f6f""}"
relation:7285:2994,relation,,,,,,,,partial,partial,partial,direct,no,explicit_user_bulk_acceptance,"{""topic_hate"": ""ai_note"", ""topic_group"": ""ai_note"", ""rule_hate"": ""ai_note"", ""rule_group"": ""ai_note"", ""lexicon_risk"": ""ai_note""}","{""path"": ""resource-reviews-v1/relations/snapshots/28cd3f73e884e1decd10f3a04a7425e2a90acfe024694948c735b61124ea9f6f/reviews.json"", ""sha256"": ""28cd3f73e884e1decd10f3a04a7425e2a90acfe024694948c735b61124ea9f6f""}"
relation:7285:4344,relation,,,,,,,,direct,direct,partial,direct,yes,explicit_user_bulk_acceptance,"{""topic_hate"": ""ai_note"", ""topic_group"": ""ai_note"", ""rule_hate"": ""ai_note"", ""rule_group"": ""ai_note"", ""lexicon_risk"": ""ai_note""}","{""path"": ""resource-reviews-v1/relations/snapshots/28cd3f73e884e1decd10f3a04a7425e2a90acfe024694948c735b61124ea9f6f/reviews.json"", ""sha256"": ""28cd3f73e884e1decd10f3a04a7425e2a90acfe024694948c735b61124ea9f6f""}"
relation:7285:6074,relation,,,,,,,,partial,partial,partial,partial,no,explicit_user_bulk_acceptance,"{""topic_hate"": ""ai_note"", ""topic_group"": ""ai_note"", ""rule_hate"": ""ai_note"", ""rule_group"": ""ai_note"", ""lexicon_risk"": ""ai_note""}","{""path"": ""resource-reviews-v1/relations/snapshots/28cd3f73e884e1decd10f3a04a7425e2a90acfe024694948c735b61124ea9f6f/reviews.json"", ""sha256"": ""28cd3f73e884e1decd10f3a04a7425e2a90acfe024694948c735b61124ea9f6f""}"
relation:7285:6442,relation,,,,,,,,direct,direct,partial,direct,no,explicit_user_bulk_acceptance,"{""topic_hate"": ""ai_note"", ""topic_group"": ""ai_note"", ""rule_hate"": ""ai_note"", ""rule_group"": ""ai_note"", ""lexicon_risk"": ""ai_note""}","{""path"": ""resource-reviews-v1/relations/snapshots/28cd3f73e884e1decd10f3a04a7425e2a90acfe024694948c735b61124ea9f6f/reviews.json"", ""sha256"": ""28cd3f73e884e1decd10f3a04a7425e2a90acfe024694948c735b61124ea9f6f""}"
relation:7646:1240,relation,,,,,,,,direct,direct,direct,direct,no,explicit_user_bulk_acceptance,"{""topic_hate"": ""ai_note"", ""topic_group"": ""ai_note"", ""rule_hate"": ""ai_note"", ""rule_group"": ""ai_note"", ""lexicon_risk"": ""ai_note""}","{""path"": ""resource-reviews-v1/relations/snapshots/28cd3f73e884e1decd10f3a04a7425e2a90acfe024694948c735b61124ea9f6f/reviews.json"", ""sha256"": ""28cd3f73e884e1decd10f3a04a7425e2a90acfe024694948c735b61124ea9f6f""}"
relation:7646:43,relation,,,,,,,,none,none,none,none,no,explicit_user_bulk_acceptance,"{""topic_hate"": ""ai_note"", ""topic_group"": ""ai_note"", ""rule_hate"": ""ai_note"", ""rule_group"": ""ai_note"", ""lexicon_risk"": ""ai_note""}","{""path"": ""resource-reviews-v1/relations/snapshots/28cd3f73e884e1decd10f3a04a7425e2a90acfe024694948c735b61124ea9f6f/reviews.json"", ""sha256"": ""28cd3f73e884e1decd10f3a04a7425e2a90acfe024694948c735b61124ea9f6f""}"
relation:7646:4496,relation,,,,,,,,direct,partial,partial,partial,no,explicit_user_bulk_acceptance,"{""topic_hate"": ""ai_note"", ""topic_group"": ""ai_note"", ""rule_hate"": ""ai_note"", ""rule_group"": ""ai_note"", ""lexicon_risk"": ""ai_note""}","{""path"": ""resource-reviews-v1/relations/snapshots/28cd3f73e884e1decd10f3a04a7425e2a90acfe024694948c735b61124ea9f6f/reviews.json"", ""sha256"": ""28cd3f73e884e1decd10f3a04a7425e2a90acfe024694948c735b61124ea9f6f""}"
relation:7646:4939,relation,,,,,,,,direct,partial,partial,partial,no,explicit_user_bulk_acceptance,"{""topic_hate"": ""ai_note"", ""topic_group"": ""ai_note"", ""rule_hate"": ""ai_note"", ""rule_group"": ""ai_note"", ""lexicon_risk"": ""ai_note""}","{""path"": ""resource-reviews-v1/relations/snapshots/28cd3f73e884e1decd10f3a04a7425e2a90acfe024694948c735b61124ea9f6f/reviews.json"", ""sha256"": ""28cd3f73e884e1decd10f3a04a7425e2a90acfe024694948c735b61124ea9f6f""}"
relation:7646:5466,relation,,,,,,,,direct,direct,direct,partial,yes,explicit_user_bulk_acceptance,"{""topic_hate"": ""ai_note"", ""topic_group"": ""ai_note"", ""rule_hate"": ""ai_note"", ""rule_group"": ""ai_note"", ""lexicon_risk"": ""ai_note""}","{""path"": ""resource-reviews-v1/relations/snapshots/28cd3f73e884e1decd10f3a04a7425e2a90acfe024694948c735b61124ea9f6f/reviews.json"", ""sha256"": ""28cd3f73e884e1decd10f3a04a7425e2a90acfe024694948c735b61124ea9f6f""}"
relation:7646:5615,relation,,,,,,,,direct,direct,direct,partial,yes,explicit_user_bulk_acceptance,"{""topic_hate"": ""ai_note"", ""topic_group"": ""ai_note"", ""rule_hate"": ""ai_note"", ""rule_group"": ""ai_note"", ""lexicon_risk"": ""ai_note""}","{""path"": ""resource-reviews-v1/relations/snapshots/28cd3f73e884e1decd10f3a04a7425e2a90acfe024694948c735b61124ea9f6f/reviews.json"", ""sha256"": ""28cd3f73e884e1decd10f3a04a7425e2a90acfe024694948c735b61124ea9f6f""}"
relation:7646:5666,relation,,,,,,,,direct,direct,partial,partial,yes,explicit_user_bulk_acceptance,"{""topic_hate"": ""ai_note"", ""topic_group"": ""ai_note"", ""rule_hate"": ""ai_note"", ""rule_group"": ""ai_note"", ""lexicon_risk"": ""ai_note""}","{""path"": ""resource-reviews-v1/relations/snapshots/28cd3f73e884e1decd10f3a04a7425e2a90acfe024694948c735b61124ea9f6f/reviews.json"", ""sha256"": ""28cd3f73e884e1decd10f3a04a7425e2a90acfe024694948c735b61124ea9f6f""}"
relation:7646:615,relation,,,,,,,,direct,partial,partial,partial,no,explicit_user_bulk_acceptance,"{""topic_hate"": ""ai_note"", ""topic_group"": ""ai_note"", ""rule_hate"": ""ai_note"", ""rule_group"": ""ai_note"", ""lexicon_risk"": ""ai_note""}","{""path"": ""resource-reviews-v1/relations/snapshots/28cd3f73e884e1decd10f3a04a7425e2a90acfe024694948c735b61124ea9f6f/reviews.json"", ""sha256"": ""28cd3f73e884e1decd10f3a04a7425e2a90acfe024694948c735b61124ea9f6f""}"
relation:7646:7133,relation,,,,,,,,direct,direct,direct,partial,yes,explicit_user_bulk_acceptance,"{""topic_hate"": ""ai_note"", ""topic_group"": ""ai_note"", ""rule_hate"": ""ai_note"", ""rule_group"": ""ai_note"", ""lexicon_risk"": ""ai_note""}","{""path"": ""resource-reviews-v1/relations/snapshots/28cd3f73e884e1decd10f3a04a7425e2a90acfe024694948c735b61124ea9f6f/reviews.json"", ""sha256"": ""28cd3f73e884e1decd10f3a04a7425e2a90acfe024694948c735b61124ea9f6f""}"
relation:7646:7161,relation,,,,,,,,direct,direct,direct,partial,no,explicit_user_bulk_acceptance,"{""topic_hate"": ""ai_note"", ""topic_group"": ""ai_note"", ""rule_hate"": ""ai_note"", ""rule_group"": ""ai_note"", ""lexicon_risk"": ""ai_note""}","{""path"": ""resource-reviews-v1/relations/snapshots/28cd3f73e884e1decd10f3a04a7425e2a90acfe024694948c735b61124ea9f6f/reviews.json"", ""sha256"": ""28cd3f73e884e1decd10f3a04a7425e2a90acfe024694948c735b61124ea9f6f""}"
relation:7903:4690,relation,,,,,,,,none,none,none,none,yes,explicit_user_bulk_acceptance,"{""topic_hate"": ""ai_note"", ""topic_group"": ""ai_note"", ""rule_hate"": ""ai_note"", ""rule_group"": ""ai_note"", ""lexicon_risk"": ""ai_note""}","{""path"": ""resource-reviews-v1/relations/snapshots/28cd3f73e884e1decd10f3a04a7425e2a90acfe024694948c735b61124ea9f6f/reviews.json"", ""sha256"": ""28cd3f73e884e1decd10f3a04a7425e2a90acfe024694948c735b61124ea9f6f""}"
relation:7903:5708,relation,,,,,,,,none,none,none,none,no,explicit_user_bulk_acceptance,"{""topic_hate"": ""ai_note"", ""topic_group"": ""ai_note"", ""rule_hate"": ""ai_note"", ""rule_group"": ""ai_note"", ""lexicon_risk"": ""ai_note""}","{""path"": ""resource-reviews-v1/relations/snapshots/28cd3f73e884e1decd10f3a04a7425e2a90acfe024694948c735b61124ea9f6f/reviews.json"", ""sha256"": ""28cd3f73e884e1decd10f3a04a7425e2a90acfe024694948c735b61124ea9f6f""}"
relation:7903:966,relation,,,,,,,,partial,partial,none,partial,no,explicit_user_bulk_acceptance,"{""topic_hate"": ""ai_note"", ""topic_group"": ""ai_note"", ""rule_hate"": ""ai_note"", ""rule_group"": ""ai_note"", ""lexicon_risk"": ""ai_note""}","{""path"": ""resource-reviews-v1/relations/snapshots/28cd3f73e884e1decd10f3a04a7425e2a90acfe024694948c735b61124ea9f6f/reviews.json"", ""sha256"": ""28cd3f73e884e1decd10f3a04a7425e2a90acfe024694948c735b61124ea9f6f""}"
relation:7960:1224,relation,,,,,,,,partial,partial,partial,partial,no,explicit_user_bulk_acceptance,"{""topic_hate"": ""ai_note"", ""topic_group"": ""ai_note"", ""rule_hate"": ""ai_note"", ""rule_group"": ""ai_note"", ""lexicon_risk"": ""ai_note""}","{""path"": ""resource-reviews-v1/relations/snapshots/28cd3f73e884e1decd10f3a04a7425e2a90acfe024694948c735b61124ea9f6f/reviews.json"", ""sha256"": ""28cd3f73e884e1decd10f3a04a7425e2a90acfe024694948c735b61124ea9f6f""}"
relation:7960:2750,relation,,,,,,,,partial,partial,partial,partial,yes,explicit_user_bulk_acceptance,"{""topic_hate"": ""ai_note"", ""topic_group"": ""ai_note"", ""rule_hate"": ""ai_note"", ""rule_group"": ""ai_note"", ""lexicon_risk"": ""ai_note""}","{""path"": ""resource-reviews-v1/relations/snapshots/28cd3f73e884e1decd10f3a04a7425e2a90acfe024694948c735b61124ea9f6f/reviews.json"", ""sha256"": ""28cd3f73e884e1decd10f3a04a7425e2a90acfe024694948c735b61124ea9f6f""}"
relation:7960:51,relation,,,,,,,,none,none,none,none,yes,explicit_user_bulk_acceptance,"{""topic_hate"": ""ai_note"", ""topic_group"": ""ai_note"", ""rule_hate"": ""ai_note"", ""rule_group"": ""ai_note"", ""lexicon_risk"": ""ai_note""}","{""path"": ""resource-reviews-v1/relations/snapshots/28cd3f73e884e1decd10f3a04a7425e2a90acfe024694948c735b61124ea9f6f/reviews.json"", ""sha256"": ""28cd3f73e884e1decd10f3a04a7425e2a90acfe024694948c735b61124ea9f6f""}"
relation:7960:5365,relation,,,,,,,,none,none,none,none,yes,explicit_user_bulk_acceptance,"{""topic_hate"": ""ai_note"", ""topic_group"": ""ai_note"", ""rule_hate"": ""ai_note"", ""rule_group"": ""ai_note"", ""lexicon_risk"": ""ai_note""}","{""path"": ""resource-reviews-v1/relations/snapshots/28cd3f73e884e1decd10f3a04a7425e2a90acfe024694948c735b61124ea9f6f/reviews.json"", ""sha256"": ""28cd3f73e884e1decd10f3a04a7425e2a90acfe024694948c735b61124ea9f6f""}"
relation:7960:5532,relation,,,,,,,,partial,partial,partial,partial,no,explicit_user_bulk_acceptance,"{""topic_hate"": ""ai_note"", ""topic_group"": ""ai_note"", ""rule_hate"": ""ai_note"", ""rule_group"": ""ai_note"", ""lexicon_risk"": ""ai_note""}","{""path"": ""resource-reviews-v1/relations/snapshots/28cd3f73e884e1decd10f3a04a7425e2a90acfe024694948c735b61124ea9f6f/reviews.json"", ""sha256"": ""28cd3f73e884e1decd10f3a04a7425e2a90acfe024694948c735b61124ea9f6f""}"
relation:7960:6224,relation,,,,,,,,direct,direct,partial,partial,yes,explicit_user_bulk_acceptance,"{""topic_hate"": ""ai_note"", ""topic_group"": ""ai_note"", ""rule_hate"": ""ai_note"", ""rule_group"": ""ai_note"", ""lexicon_risk"": ""ai_note""}","{""path"": ""resource-reviews-v1/relations/snapshots/28cd3f73e884e1decd10f3a04a7425e2a90acfe024694948c735b61124ea9f6f/reviews.json"", ""sha256"": ""28cd3f73e884e1decd10f3a04a7425e2a90acfe024694948c735b61124ea9f6f""}"
relation:7960:72,relation,,,,,,,,partial,partial,partial,partial,yes,explicit_user_bulk_acceptance,"{""topic_hate"": ""ai_note"", ""topic_group"": ""ai_note"", ""rule_hate"": ""ai_note"", ""rule_group"": ""ai_note"", ""lexicon_risk"": ""ai_note""}","{""path"": ""resource-reviews-v1/relations/snapshots/28cd3f73e884e1decd10f3a04a7425e2a90acfe024694948c735b61124ea9f6f/reviews.json"", ""sha256"": ""28cd3f73e884e1decd10f3a04a7425e2a90acfe024694948c735b61124ea9f6f""}"
relation:7960:7641,relation,,,,,,,,direct,direct,direct,direct,no,explicit_user_bulk_acceptance,"{""topic_hate"": ""ai_note"", ""topic_group"": ""ai_note"", ""rule_hate"": ""ai_note"", ""rule_group"": ""ai_note"", ""lexicon_risk"": ""ai_note""}","{""path"": ""resource-reviews-v1/relations/snapshots/28cd3f73e884e1decd10f3a04a7425e2a90acfe024694948c735b61124ea9f6f/reviews.json"", ""sha256"": ""28cd3f73e884e1decd10f3a04a7425e2a90acfe024694948c735b61124ea9f6f""}"
relation:7960:7823,relation,,,,,,,,direct,direct,direct,direct,no,explicit_user_bulk_acceptance,"{""topic_hate"": ""ai_note"", ""topic_group"": ""ai_note"", ""rule_hate"": ""ai_note"", ""rule_group"": ""ai_note"", ""lexicon_risk"": ""ai_note""}","{""path"": ""resource-reviews-v1/relations/snapshots/28cd3f73e884e1decd10f3a04a7425e2a90acfe024694948c735b61124ea9f6f/reviews.json"", ""sha256"": ""28cd3f73e884e1decd10f3a04a7425e2a90acfe024694948c735b61124ea9f6f""}"
relation:7960:7852,relation,,,,,,,,direct,direct,direct,direct,no,explicit_user_bulk_acceptance,"{""topic_hate"": ""ai_note"", ""topic_group"": ""ai_note"", ""rule_hate"": ""ai_note"", ""rule_group"": ""ai_note"", ""lexicon_risk"": ""ai_note""}","{""path"": ""resource-reviews-v1/relations/snapshots/28cd3f73e884e1decd10f3a04a7425e2a90acfe024694948c735b61124ea9f6f/reviews.json"", ""sha256"": ""28cd3f73e884e1decd10f3a04a7425e2a90acfe024694948c735b61124ea9f6f""}"
