{
  "best_global_step": 200,
  "best_metric": 0.7910869251197263,
  "best_model_checkpoint": "/workspace/two_step/step2/classfication/is_hate_model/2/checkpoint-200",
  "epoch": 1.1111111111111112,
  "eval_steps": 100,
  "global_step": 200,
  "is_hyper_param_search": false,
  "is_local_process_zero": true,
  "is_world_process_zero": true,
  "log_history": [
    {
      "epoch": 0.5555555555555556,
      "grad_norm": 7.30061674118042,
      "learning_rate": 1.8900000000000002e-05,
      "loss": 0.6077,
      "step": 100
    },
    {
      "epoch": 0.5555555555555556,
      "eval_accuracy": 0.75,
      "eval_f1": 0.7498398981833512,
      "eval_loss": 0.5173894166946411,
      "eval_runtime": 21.0039,
      "eval_samples_per_second": 34.279,
      "eval_steps_per_second": 8.57,
      "step": 100
    },
    {
      "epoch": 1.1111111111111112,
      "grad_norm": 6.536167621612549,
      "learning_rate": 1.778888888888889e-05,
      "loss": 0.4878,
      "step": 200
    },
    {
      "epoch": 1.1111111111111112,
      "eval_accuracy": 0.7944444444444444,
      "eval_f1": 0.7910869251197263,
      "eval_loss": 0.5099511742591858,
      "eval_runtime": 21.0135,
      "eval_samples_per_second": 34.264,
      "eval_steps_per_second": 8.566,
      "step": 200
    }
  ],
  "logging_steps": 100,
  "max_steps": 1800,
  "num_input_tokens_seen": 0,
  "num_train_epochs": 10,
  "save_steps": 100,
  "stateful_callbacks": {
    "TrainerControl": {
      "args": {
        "should_epoch_stop": false,
        "should_evaluate": false,
        "should_log": false,
        "should_save": true,
        "should_training_stop": false
      },
      "attributes": {}
    }
  },
  "total_flos": 1491090181324800.0,
  "train_batch_size": 16,
  "trial_name": null,
  "trial_params": null
}
