{
  "info": {
    "model": "qwen-turbo-0624",
    "shot_num": 10,
    "seed": 23333333,
    "prompt_version": "v1",
    "usage": {
      "completion_tokens": 31722,
      "prompt_tokens": 587407,
      "total_tokens": 619129
    }
  },
  "metrics": {
    "f1_hard": 0.010677966101694915,
    "f1_soft": 0.08796610169491523,
    "f1_avg": 0.04932203389830507
  }
}