{
  "info": {
    "model": "qwen2.5-7b-instruct",
    "shot_num": 15,
    "seed": 23333333,
    "usage": {
      "completion_tokens": 19895,
      "prompt_tokens": 624937,
      "total_tokens": 644832
    }
  },
  "metrics": {
    "f1_hard": 0.04605206999573196,
    "f1_soft": 0.1289785175700668,
    "f1_avg": 0.08751529378289938,
    "success": 355,
    "total": 400,
    "success_rate": 0.8875
  }
}