{
  "info": {
    "model": "qwen-max",
    "shot_num": 15,
    "seed": 23333333,
    "usage": {
      "completion_tokens": 10468,
      "prompt_tokens": 432603,
      "total_tokens": 443071
    }
  },
  "metrics": {
    "f1_hard": 0.0726388888888889,
    "f1_soft": 0.2015555555555556,
    "f1_avg": 0.13709722222222223,
    "success": 400,
    "total": 400,
    "success_rate": 1.0
  }
}