{
  "info": {
    "model": "qwen-max",
    "shot_num": 10,
    "seed": 23333333,
    "usage": {
      "completion_tokens": 10535,
      "prompt_tokens": 335803,
      "total_tokens": 346338
    }
  },
  "metrics": {
    "f1_hard": 0.08722222222222221,
    "f1_soft": 0.21163888888888896,
    "f1_avg": 0.1494305555555556,
    "success": 400,
    "total": 400,
    "success_rate": 1.0
  }
}