{
  "info": {
    "model": "qwen2.5-7b-instruct",
    "shot_num": 20,
    "seed": 23333333,
    "prompt_version": "v1",
    "usage": {
      "completion_tokens": 22280,
      "prompt_tokens": 758509,
      "total_tokens": 780789
    }
  },
  "metrics": {
    "f1_hard": 0.049497716894977166,
    "f1_soft": 0.13161121983039792,
    "f1_avg": 0.09055446836268753
  }
}