{
  "info": {
    "model": "deepseek-r1-distill-qwen-7b",
    "shot_num": 20,
    "seed": 23333333,
    "prompt_version": "v1",
    "usage": {
      "completion_tokens": 256299,
      "prompt_tokens": 588845,
      "total_tokens": 845144
    }
  },
  "metrics": {
    "f1_hard": 0.014333333333333332,
    "f1_soft": 0.08694309038646297,
    "f1_avg": 0.050638211859898155
  }
}