{
  "info": {
    "model": "qwen-max",
    "shot_num": 20,
    "seed": 23333333,
    "usage": {
      "completion_tokens": 10469,
      "prompt_tokens": 522603,
      "total_tokens": 533072
    }
  },
  "metrics": {
    "f1_hard": 0.07722222222222223,
    "f1_soft": 0.19938888888888887,
    "f1_avg": 0.13830555555555557,
    "success": 400,
    "total": 400,
    "success_rate": 1.0
  }
}