{
  "info": {
    "model": "deepseek-r1-distill-qwen-7b",
    "shot_num": 10,
    "seed": 23333333,
    "prompt_version": "v1",
    "usage": {
      "completion_tokens": 161568,
      "prompt_tokens": 351889,
      "total_tokens": 513457
    }
  },
  "metrics": {
    "f1_hard": 0.016152625152625152,
    "f1_soft": 0.11256014818514816,
    "f1_avg": 0.06435638666888666
  }
}