{
  "info": {
    "model": "deepseek-v3",
    "shot_num": 5,
    "seed": 23333333,
    "usage": {
      "completion_tokens": 8843,
      "prompt_tokens": 150858,
      "total_tokens": 159701
    }
  },
  "metrics": {
    "f1_hard": 0.059750000000000004,
    "f1_soft": 0.1784166666666666,
    "f1_avg": 0.11908333333333332
  }
}