{
  "info": {
    "model": "qwen-max",
    "shot_num": 5,
    "seed": 23333333,
    "prompt_version": "v1",
    "usage": {
      "completion_tokens": 14223,
      "prompt_tokens": 163725,
      "total_tokens": 177948
    }
  },
  "metrics": {
    "f1_hard": 0.06266666666666669,
    "f1_soft": 0.18421428571428566,
    "f1_avg": 0.12344047619047618
  }
}