{
  "info": {
    "model": "deepseek-r1-distill-qwen-7b",
    "shot_num": 15,
    "seed": 23333333,
    "usage": {
      "completion_tokens": 207227,
      "prompt_tokens": 466164,
      "total_tokens": 673391
    }
  },
  "metrics": {
    "f1_hard": 0.010442773600668335,
    "f1_soft": 0.047619047619047616,
    "f1_avg": 0.029030910609857977,
    "success": 399,
    "total": 400,
    "success_rate": 0.9975
  }
}