{
  "info": {
    "model": "deepseek-r1-distill-llama-8b",
    "shot_num": 5,
    "seed": 23333333,
    "prompt_version": "v1",
    "usage": {
      "completion_tokens": 214795,
      "prompt_tokens": 268455,
      "total_tokens": 483250
    }
  },
  "metrics": {
    "f1_hard": 0.036531986531986534,
    "f1_soft": 0.12087542087542087,
    "f1_avg": 0.0787037037037037
  }
}