{
  "info": {
    "model": "deepseek-r1-distill-llama-8b",
    "shot_num": 10,
    "seed": 23333333,
    "prompt_version": "v1",
    "usage": {
      "completion_tokens": 198861,
      "prompt_tokens": 456398,
      "total_tokens": 655259
    }
  },
  "metrics": {
    "f1_hard": 0.03984962406015037,
    "f1_soft": 0.11687552213868004,
    "f1_avg": 0.0783625730994152
  }
}