{
  "info": {
    "model": "deepseek-v3",
    "shot_num": 10,
    "seed": 23333333,
    "usage": {
      "completion_tokens": 10227,
      "prompt_tokens": 306903,
      "total_tokens": 317130
    }
  },
  "metrics": {
    "f1_hard": 0.07308333333333333,
    "f1_soft": 0.2055753968253968,
    "f1_avg": 0.13932936507936508,
    "success": 400,
    "total": 400,
    "success_rate": 1.0
  }
}