{
  "info": {
    "model": "qwen2.5-7b-instruct",
    "shot_num": 5,
    "seed": 23333333,
    "prompt_version": "v1",
    "usage": {
      "completion_tokens": 10773,
      "prompt_tokens": 191959,
      "total_tokens": 202732
    }
  },
  "metrics": {
    "f1_hard": 0.03385281385281385,
    "f1_soft": 0.1362832405689548,
    "f1_avg": 0.08506802721088433
  }
}