{
  "info": {
    "model": "deepseek-r1-distill-qwen-7b",
    "shot_num": 15,
    "seed": 23333333,
    "prompt_version": "v1",
    "usage": {
      "completion_tokens": 207227,
      "prompt_tokens": 466164,
      "total_tokens": 673391
    }
  },
  "metrics": {
    "f1_hard": 0.013533834586466167,
    "f1_soft": 0.08447713481990353,
    "f1_avg": 0.049005484703184846
  }
}