{
  "info": {
    "model": "qwen2.5-7b-instruct-ft-202504180934-6766",
    "shot_num": 5,
    "seed": 23333333,
    "prompt_version": "v1",
    "usage": {
      "completion_tokens": 9307,
      "prompt_tokens": 230892,
      "total_tokens": 240199
    }
  },
  "metrics": {
    "f1_hard": 0.08701657458563536,
    "f1_soft": 0.18646408839779005,
    "f1_avg": 0.13674033149171272
  }
}