{
  "info": {
    "model": "qwen2.5-7b-instruct",
    "shot_num": 10,
    "seed": 23333333,
    "prompt_version": "v1",
    "usage": {
      "completion_tokens": 18423,
      "prompt_tokens": 492976,
      "total_tokens": 511399
    }
  },
  "metrics": {
    "f1_hard": 0.05616045845272206,
    "f1_soft": 0.14608404966571148,
    "f1_avg": 0.10112225405921677
  }
}