{
  "info": {
    "model": "deepseek-r1-distill-llama-8b",
    "shot_num": 5,
    "seed": 23333333,
    "usage": {
      "completion_tokens": 214795,
      "prompt_tokens": 268455,
      "total_tokens": 483250
    }
  },
  "metrics": {
    "f1_hard": 0.010101010101010102,
    "f1_soft": 0.03956228956228956,
    "f1_avg": 0.02483164983164983,
    "success": 396,
    "total": 400,
    "success_rate": 0.99
  }
}