{
  "info": {
    "model": "deepseek-v3",
    "shot_num": 20,
    "seed": 233,
    "usage": {
      "completion_tokens": 9809,
      "prompt_tokens": 438503,
      "total_tokens": 448312
    }
  },
  "metrics": {
    "f1_hard": 0.07616666666666667,
    "f1_soft": 0.20988888888888887,
    "f1_avg": 0.14302777777777778,
    "success": 400,
    "total": 400,
    "success_rate": 1.0
  }
}