{
  "info": {
    "model": "qwen2.5-7b-instruct",
    "shot_num": 0,
    "seed": 23333333,
    "prompt_version": "v1",
    "usage": {
      "completion_tokens": 15258,
      "prompt_tokens": 181768,
      "total_tokens": 197026
    }
  },
  "metrics": {
    "f1_hard": 0.022058823529411766,
    "f1_soft": 0.10232843137254906,
    "f1_avg": 0.06219362745098041
  }
}