{
  "info": {
    "model": "deepseek-r1-distill-llama-8b",
    "shot_num": 10,
    "seed": 23333333,
    "usage": {
      "completion_tokens": 198861,
      "prompt_tokens": 456398,
      "total_tokens": 655259
    }
  },
  "metrics": {
    "f1_hard": 0.011027568922305763,
    "f1_soft": 0.03734335839598997,
    "f1_avg": 0.024185463659147866,
    "success": 399,
    "total": 400,
    "success_rate": 0.9975
  }
}