{
  "info": {
    "model": "deepseek-r1-distill-qwen-7b",
    "shot_num": 20,
    "seed": 23333333,
    "usage": {
      "completion_tokens": 256299,
      "prompt_tokens": 588845,
      "total_tokens": 845144
    }
  },
  "metrics": {
    "f1_hard": 0.010416666666666664,
    "f1_soft": 0.05861640810170221,
    "f1_avg": 0.03451653738418444,
    "success": 400,
    "total": 400,
    "success_rate": 1.0
  }
}