{
  "info": {
    "model": "deepseek-r1-distill-qwen-7b",
    "shot_num": 10,
    "seed": 23333333,
    "usage": {
      "completion_tokens": 161568,
      "prompt_tokens": 351889,
      "total_tokens": 513457
    }
  },
  "metrics": {
    "f1_hard": 0.004166666666666667,
    "f1_soft": 0.053880952380952384,
    "f1_avg": 0.029023809523809528,
    "success": 400,
    "total": 400,
    "success_rate": 1.0
  }
}