{
  "info": {
    "model": "deepseek-r1-distill-llama-8b",
    "shot_num": 15,
    "seed": 23333333,
    "prompt_version": "v1",
    "usage": {
      "completion_tokens": 217041,
      "prompt_tokens": 612317,
      "total_tokens": 829358
    }
  },
  "metrics": {
    "f1_hard": 0.04120603015075377,
    "f1_soft": 0.1488833054159687,
    "f1_avg": 0.09504466778336122
  }
}