{
  "info": {
    "model": "qwen2.5-7b-instruct",
    "shot_num": 10,
    "seed": 23333333,
    "usage": {
      "completion_tokens": 18423,
      "prompt_tokens": 492976,
      "total_tokens": 511399
    }
  },
  "metrics": {
    "f1_hard": 0.05530085959885387,
    "f1_soft": 0.13723336517032786,
    "f1_avg": 0.09626711238459087,
    "success": 349,
    "total": 400,
    "success_rate": 0.8725
  }
}