{
  "info": {
    "model": "deepseek-v3",
    "shot_num": 15,
    "seed": 23333333,
    "usage": {
      "completion_tokens": 10429,
      "prompt_tokens": 393703,
      "total_tokens": 404132
    }
  },
  "metrics": {
    "f1_hard": 0.07666666666666667,
    "f1_soft": 0.20351388888888886,
    "f1_avg": 0.14009027777777777,
    "success": 400,
    "total": 400,
    "success_rate": 1.0
  }
}