{
  "info": {
    "model": "qwen2.5-7b-instruct-ft-202504180934-6766",
    "shot_num": 0,
    "seed": 23333333,
    "usage": {
      "completion_tokens": 6865,
      "prompt_tokens": 99110,
      "total_tokens": 105975
    }
  },
  "metrics": {
    "f1_hard": 0.10083333333333334,
    "f1_soft": 0.17958333333333332,
    "f1_avg": 0.14020833333333332,
    "success": 400,
    "total": 400,
    "success_rate": 1.0
  }
}