{
  "info": {
    "model": "qwen2.5-7b-instruct",
    "shot_num": 5,
    "seed": 23333333,
    "usage": {
      "completion_tokens": 10773,
      "prompt_tokens": 191959,
      "total_tokens": 202732
    }
  },
  "metrics": {
    "f1_hard": 0.030389610389610387,
    "f1_soft": 0.12428571428571425,
    "f1_avg": 0.07733766233766232,
    "success": 385,
    "total": 400,
    "success_rate": 0.9625
  }
}