{
  "info": {
    "model": "deepseek-r1-distill-llama-8b",
    "shot_num": 20,
    "seed": 23333333,
    "usage": {
      "completion_tokens": 191514,
      "prompt_tokens": 706202,
      "total_tokens": 897716
    }
  },
  "metrics": {
    "f1_hard": 0.024644945697577275,
    "f1_soft": 0.08166845685642679,
    "f1_avg": 0.053156701277002026,
    "success": 399,
    "total": 400,
    "success_rate": 0.9975
  }
}