{
  "info": {
    "model": "deepseek-r1-distill-llama-8b",
    "shot_num": 20,
    "seed": 23333333,
    "prompt_version": "v1",
    "usage": {
      "completion_tokens": 191514,
      "prompt_tokens": 706202,
      "total_tokens": 897716
    }
  },
  "metrics": {
    "f1_hard": 0.05513784461152882,
    "f1_soft": 0.17272944265425463,
    "f1_avg": 0.11393364363289174
  }
}