{
  "info": {
    "model": "deepseek-r1-distill-qwen-7b",
    "shot_num": 5,
    "seed": 23333333,
    "prompt_version": "v1",
    "usage": {
      "completion_tokens": 205843,
      "prompt_tokens": 259600,
      "total_tokens": 465443
    }
  },
  "metrics": {
    "f1_hard": 0.005509641873278237,
    "f1_soft": 0.09100091827364558,
    "f1_avg": 0.04825528007346191
  }
}