{
  "info": {
    "model": "qwen2.5-7b-instruct",
    "shot_num": 15,
    "seed": 23333333,
    "prompt_version": "v1",
    "usage": {
      "completion_tokens": 19895,
      "prompt_tokens": 624937,
      "total_tokens": 644832
    }
  },
  "metrics": {
    "f1_hard": 0.04764831412718736,
    "f1_soft": 0.13893156921325933,
    "f1_avg": 0.09328994167022335
  }
}