{
  "info": {
    "model": "deepseek-r1-distill-llama-8b",
    "shot_num": 15,
    "seed": 23333333,
    "usage": {
      "completion_tokens": 217041,
      "prompt_tokens": 612317,
      "total_tokens": 829358
    }
  },
  "metrics": {
    "f1_hard": 0.009631490787269681,
    "f1_soft": 0.05851479620323842,
    "f1_avg": 0.034073143495254046,
    "success": 398,
    "total": 400,
    "success_rate": 0.995
  }
}