{
  "info": {
    "model": "qwen2.5-7b-instruct",
    "shot_num": 0,
    "seed": 23333333,
    "usage": {
      "completion_tokens": 15318,
      "prompt_tokens": 189316,
      "total_tokens": 204634
    }
  },
  "metrics": {
    "f1_hard": 0.008727272727272728,
    "f1_soft": 0.10709090909090911,
    "f1_avg": 0.05790909090909092,
    "success": 275,
    "total": 400,
    "success_rate": 0.6875
  }
}