{
  "info": {
    "model": "qwen2.5-7b-instruct-ft-202504180934-6766",
    "shot_num": 10,
    "seed": 23333333,
    "usage": {
      "completion_tokens": 7513,
      "prompt_tokens": 337332,
      "total_tokens": 344845
    }
  },
  "metrics": {
    "f1_hard": 0.08969849246231154,
    "f1_soft": 0.18450586264656618,
    "f1_avg": 0.13710217755443885,
    "success": 398,
    "total": 400,
    "success_rate": 0.995
  }
}