{
  "info": {
    "model": "qwen3-8b",
    "shot_num": 0,
    "seed": 23333333,
    "usage": {
      "completion_tokens": 132137,
      "prompt_tokens": 762935,
      "total_tokens": 895072
    }
  },
  "metrics": {
    "f1_hard": 0.004850444624090542,
    "f1_soft": 0.019267043923470766,
    "f1_avg": 0.012058744273780652,
    "success": 1237,
    "total": 1605,
    "success_rate": 0.7707165109034267
  }
}